+ python --version
Python 3.11.15
+ df -h / /data2
Filesystem      Size  Used Avail Use% Mounted on
/dev/sda3       434G   99G  313G  25% /
/dev/nvme1n1p1  7.0T  150G  6.5T   3% /data2
+ free -h
               total        used        free      shared  buff/cache   available
Mem:           125Gi       2.2Gi        83Gi       229Mi        39Gi       121Gi
Swap:          8.0Gi       120Mi       7.9Gi
+ nvidia-smi
Mon Jul  6 06:35:22 2026       
+-----------------------------------------------------------------------------------------+
| NVIDIA-SMI 580.95.05              Driver Version: 580.95.05      CUDA Version: 13.0     |
+-----------------------------------------+------------------------+----------------------+
| GPU  Name                 Persistence-M | Bus-Id          Disp.A | Volatile Uncorr. ECC |
| Fan  Temp   Perf          Pwr:Usage/Cap |           Memory-Usage | GPU-Util  Compute M. |
|                                         |                        |               MIG M. |
|=========================================+========================+======================|
|   0  NVIDIA H200                    Off |   00000000:C0:00.0 Off |                    0 |
| N/A   42C    P0            205W /  700W |       0MiB / 143771MiB |      0%      Default |
|                                         |                        |             Disabled |
+-----------------------------------------+------------------------+----------------------+

+-----------------------------------------------------------------------------------------+
| Processes:                                                                              |
|  GPU   GI   CI              PID   Type   Process name                        GPU Memory |
|        ID   ID                                                               Usage      |
|=========================================================================================|
|  No running processes found                                                             |
+-----------------------------------------------------------------------------------------+
+ ls -lh /data2/hjk/projects/AI-HiddenState-ER/rl_data/mathverse_qwen3vl_stage3_pilot200_128/mathverse_grpo_train.parquet /data2/hjk/projects/AI-HiddenState-ER/rl_data/mathverse_qwen3vl_stage3_pilot200_128/mathverse_grpo_val.parquet /data2/hjk/projects/AI-HiddenState-ER/scripts/mathverse_qwen3vl_option_gain_reward.py /data2/hjk/projects/AI-HiddenState-ER/scripts/qwen3vl_c2_zscore_reward_manager.py
-rw-rw-r-- 1 hjk hjk 26K Jul  6 03:29 /data2/hjk/projects/AI-HiddenState-ER/rl_data/mathverse_qwen3vl_stage3_pilot200_128/mathverse_grpo_train.parquet
-rw-rw-r-- 1 hjk hjk 21K Jul  6 03:29 /data2/hjk/projects/AI-HiddenState-ER/rl_data/mathverse_qwen3vl_stage3_pilot200_128/mathverse_grpo_val.parquet
-rwxrwxr-x 1 hjk hjk 13K Jul  6 02:56 /data2/hjk/projects/AI-HiddenState-ER/scripts/mathverse_qwen3vl_option_gain_reward.py
-rwxrwxr-x 1 hjk hjk 12K Jul  6 03:12 /data2/hjk/projects/AI-HiddenState-ER/scripts/qwen3vl_c2_zscore_reward_manager.py
+ echo RUN_NAME=qwen3vl8b_stage3_c2_zscore_pilot_trainonly_prompt4096_gpu040_seed42
RUN_NAME=qwen3vl8b_stage3_c2_zscore_pilot_trainonly_prompt4096_gpu040_seed42
+ echo SEED=42
SEED=42
+ echo MAX_RESPONSE_LENGTH=16384
MAX_RESPONSE_LENGTH=16384
+ echo ROLLOUT_N=2
ROLLOUT_N=2
+ echo TRAIN_BATCH_SIZE=1
TRAIN_BATCH_SIZE=1
+ echo TOTAL_STEPS=50
TOTAL_STEPS=50
+ echo OPTION_GAIN_LAMBDA=0.2
OPTION_GAIN_LAMBDA=0.2
+ echo OPTION_GAIN_RESPONSE_FRACS=0.0,0.25,0.50,0.90
OPTION_GAIN_RESPONSE_FRACS=0.0,0.25,0.50,0.90
+ echo OPTION_GAIN_MAX_RESPONSE_CHARS=4096
OPTION_GAIN_MAX_RESPONSE_CHARS=4096
+ echo VALIDATION_DATA_DIR=/data2/hjk/projects/AI-HiddenState-ER/rl_audit/qwen3vl8b_stage3_c2_zscore_pilot_trainonly_prompt4096_gpu040_seed42/validation_generations
VALIDATION_DATA_DIR=/data2/hjk/projects/AI-HiddenState-ER/rl_audit/qwen3vl8b_stage3_c2_zscore_pilot_trainonly_prompt4096_gpu040_seed42/validation_generations
+ cd /data2/hjk/projects/verl
+ MAX_MODEL_LEN=20480
+ ROLLOUT_MAX_NUM_BATCHED_TOKENS=20480
+ DEVICE=gpu
+ MODEL_PATH=/data2/hjk/models/huggingface/hub/models--Qwen--Qwen3-VL-8B-Thinking/snapshots/92f3c4b4feadd3a016ef468d103bb5f58b2a2c6b
+ TRAIN_FILE=/data2/hjk/projects/AI-HiddenState-ER/rl_data/mathverse_qwen3vl_stage3_pilot200_128/mathverse_grpo_train.parquet
+ TEST_FILE=/data2/hjk/projects/AI-HiddenState-ER/rl_data/mathverse_qwen3vl_stage3_pilot200_128/mathverse_grpo_val.parquet
+ NDEVICES_PER_NODE=1
+ NNODES=1
+ TRAIN_BATCH_SIZE=1
+ PPO_MINI_BATCH_SIZE=2
+ MAX_PROMPT_LENGTH=4096
+ MAX_RESPONSE_LENGTH=16384
+ PPO_MAX_TOKEN_LEN_PER_GPU=65536
+ ROLLOUT_TP=1
+ ROLLOUT_N=2
+ ROLLOUT_GPU_MEM_UTIL=0.40
+ TOTAL_EPOCHS=1
+ SAVE_FREQ=-1
+ TEST_FREQ=-1
+ PROJECT_NAME=qwen3vl_stage3_pilot
+ EXPERIMENT_NAME=qwen3vl8b_stage3_c2_zscore_pilot_trainonly_prompt4096_gpu040_seed42
+ bash examples/grpo_trainer/run_qwen3_vl_8b_fsdp.sh 'trainer.logger=["console"]' trainer.total_training_steps=50 trainer.val_before_train=False trainer.default_local_dir=/data2/hjk/checkpoints/verl_qwen3vl/qwen3vl8b_stage3_c2_zscore_pilot_trainonly_prompt4096_gpu040_seed42 trainer.log_val_generations=16 trainer.validation_data_dir=/data2/hjk/projects/AI-HiddenState-ER/rl_audit/qwen3vl8b_stage3_c2_zscore_pilot_trainonly_prompt4096_gpu040_seed42/validation_generations reward.num_workers=1 reward.custom_reward_function.path=/data2/hjk/projects/AI-HiddenState-ER/scripts/mathverse_qwen3vl_option_gain_reward.py reward.custom_reward_function.name=compute_score reward.reward_manager.source=importlib reward.reward_manager.module.path=/data2/hjk/projects/AI-HiddenState-ER/scripts/qwen3vl_c2_zscore_reward_manager.py reward.reward_manager.name=Qwen3VLC2ZscoreRewardManager actor_rollout_ref.model.use_fused_kernels=False +actor_rollout_ref.model.override_config.attn_implementation=sdpa actor_rollout_ref.model.lora_rank=8 actor_rollout_ref.model.lora_alpha=16 actor_rollout_ref.model.lora.merge=True 'actor_rollout_ref.model.target_modules=["q_proj","k_proj","v_proj","o_proj","gate_proj","up_proj","down_proj"]' actor_rollout_ref.rollout.temperature=1.0 actor_rollout_ref.rollout.top_p=1.0 actor_rollout_ref.rollout.top_k=-1 actor_rollout_ref.rollout.do_sample=True actor_rollout_ref.rollout.seed=42 actor_rollout_ref.actor.data_loader_seed=42 actor_rollout_ref.actor.fsdp_config.seed=42 actor_rollout_ref.ref.fsdp_config.seed=42 algorithm.use_kl_in_reward=False actor_rollout_ref.actor.use_kl_loss=False actor_rollout_ref.actor.fsdp_config.param_offload=False actor_rollout_ref.actor.fsdp_config.optimizer_offload=False actor_rollout_ref.ref.fsdp_config.param_offload=True actor_rollout_ref.rollout.gpu_memory_utilization=0.40 actor_rollout_ref.rollout.max_model_len=20480 actor_rollout_ref.rollout.max_num_seqs=4 actor_rollout_ref.rollout.max_num_batched_tokens=20480 actor_rollout_ref.rollout.enable_chunked_prefill=False data.image_key=images data.dataloader_num_workers=0 data.shuffle=True data.seed=42 data.filter_overlong_prompts=True data.truncation=error
+ DEVICE=gpu
+ MODEL_PATH=/data2/hjk/models/huggingface/hub/models--Qwen--Qwen3-VL-8B-Thinking/snapshots/92f3c4b4feadd3a016ef468d103bb5f58b2a2c6b
+ NNODES=1
+ NDEVICES_PER_NODE=1
+ TRAIN_BATCH_SIZE=1
+ PPO_MINI_BATCH_SIZE=2
+ MAX_PROMPT_LENGTH=4096
+ MAX_RESPONSE_LENGTH=16384
+ PPO_MAX_TOKEN_LEN_PER_GPU=65536
+ ACTOR_LR=1e-6
+ KL_LOSS_COEF=0.01
+ ENTROPY_COEFF=0
+ ROLLOUT_TP=1
+ ROLLOUT_GPU_MEM_UTIL=0.40
+ ROLLOUT_N=2
+ SP_SIZE=1
+ TOTAL_EPOCHS=1
+ SAVE_FREQ=-1
+ TEST_FREQ=-1
+ PROJECT_NAME=qwen3vl_stage3_pilot
+ EXPERIMENT_NAME=qwen3vl8b_stage3_c2_zscore_pilot_trainonly_prompt4096_gpu040_seed42
+ TRAIN_FILE=/data2/hjk/projects/AI-HiddenState-ER/rl_data/mathverse_qwen3vl_stage3_pilot200_128/mathverse_grpo_train.parquet
+ TEST_FILE=/data2/hjk/projects/AI-HiddenState-ER/rl_data/mathverse_qwen3vl_stage3_pilot200_128/mathverse_grpo_val.parquet
+ n_devices_per_node=1
+ case "${DEVICE}" in
+ rollout_gpu_mem_util=0.40
+ DATA=(algorithm.adv_estimator=grpo algorithm.use_kl_in_reward=False data.train_files=${TRAIN_FILE} data.val_files=${TEST_FILE} data.image_key=images data.train_batch_size=${TRAIN_BATCH_SIZE} data.max_prompt_length=${MAX_PROMPT_LENGTH} data.max_response_length=${MAX_RESPONSE_LENGTH} data.filter_overlong_prompts=True data.truncation='error')
+ MODEL=(actor_rollout_ref.model.path="$MODEL_PATH" actor_rollout_ref.model.use_remove_padding=True actor_rollout_ref.model.enable_gradient_checkpointing=True)
+ ACTOR=(actor_rollout_ref.actor.strategy=fsdp2 actor_rollout_ref.actor.optim.lr=${ACTOR_LR} actor_rollout_ref.actor.ppo_mini_batch_size=${PPO_MINI_BATCH_SIZE} actor_rollout_ref.actor.use_dynamic_bsz=True actor_rollout_ref.actor.ppo_max_token_len_per_gpu=${PPO_MAX_TOKEN_LEN_PER_GPU} actor_rollout_ref.actor.use_kl_loss=True actor_rollout_ref.actor.kl_loss_coef=${KL_LOSS_COEF} actor_rollout_ref.actor.kl_loss_type=low_var_kl actor_rollout_ref.actor.entropy_coeff=${ENTROPY_COEFF})
+ ROLLOUT=(actor_rollout_ref.rollout.name=vllm actor_rollout_ref.rollout.tensor_model_parallel_size=${ROLLOUT_TP} actor_rollout_ref.rollout.gpu_memory_utilization=${rollout_gpu_mem_util} actor_rollout_ref.rollout.enable_chunked_prefill=False actor_rollout_ref.rollout.n=${ROLLOUT_N} actor_rollout_ref.rollout.log_prob_use_dynamic_bsz=True actor_rollout_ref.rollout.log_prob_max_token_len_per_gpu=${PPO_MAX_TOKEN_LEN_PER_GPU})
+ REF=(actor_rollout_ref.ref.log_prob_use_dynamic_bsz=True actor_rollout_ref.ref.log_prob_max_token_len_per_gpu=${PPO_MAX_TOKEN_LEN_PER_GPU} actor_rollout_ref.ref.fsdp_config.param_offload=True)
+ TRAINER=(trainer.balance_batch=True trainer.logger='["console","wandb"]' trainer.project_name=${PROJECT_NAME} trainer.experiment_name=${EXPERIMENT_NAME} trainer.n_gpus_per_node=${n_devices_per_node} trainer.nnodes=${NNODES} trainer.save_freq=${SAVE_FREQ} trainer.test_freq=${TEST_FREQ} trainer.total_epochs=${TOTAL_EPOCHS})
+ '[' gpu = npu ']'
+ EXTRA=(actor_rollout_ref.model.use_fused_kernels=True actor_rollout_ref.actor.fsdp_config.param_offload=False actor_rollout_ref.actor.fsdp_config.optimizer_offload=False actor_rollout_ref.rollout.enforce_eager=False actor_rollout_ref.rollout.free_cache_engine=True)
+ python3 -m verl.trainer.main_ppo algorithm.adv_estimator=grpo algorithm.use_kl_in_reward=False data.train_files=/data2/hjk/projects/AI-HiddenState-ER/rl_data/mathverse_qwen3vl_stage3_pilot200_128/mathverse_grpo_train.parquet data.val_files=/data2/hjk/projects/AI-HiddenState-ER/rl_data/mathverse_qwen3vl_stage3_pilot200_128/mathverse_grpo_val.parquet data.image_key=images data.train_batch_size=1 data.max_prompt_length=4096 data.max_response_length=16384 data.filter_overlong_prompts=True data.truncation=error actor_rollout_ref.model.path=/data2/hjk/models/huggingface/hub/models--Qwen--Qwen3-VL-8B-Thinking/snapshots/92f3c4b4feadd3a016ef468d103bb5f58b2a2c6b actor_rollout_ref.model.use_remove_padding=True actor_rollout_ref.model.enable_gradient_checkpointing=True actor_rollout_ref.actor.strategy=fsdp2 actor_rollout_ref.actor.optim.lr=1e-6 actor_rollout_ref.actor.ppo_mini_batch_size=2 actor_rollout_ref.actor.use_dynamic_bsz=True actor_rollout_ref.actor.ppo_max_token_len_per_gpu=65536 actor_rollout_ref.actor.use_kl_loss=True actor_rollout_ref.actor.kl_loss_coef=0.01 actor_rollout_ref.actor.kl_loss_type=low_var_kl actor_rollout_ref.actor.entropy_coeff=0 actor_rollout_ref.rollout.name=vllm actor_rollout_ref.rollout.tensor_model_parallel_size=1 actor_rollout_ref.rollout.gpu_memory_utilization=0.40 actor_rollout_ref.rollout.enable_chunked_prefill=False actor_rollout_ref.rollout.n=2 actor_rollout_ref.rollout.log_prob_use_dynamic_bsz=True actor_rollout_ref.rollout.log_prob_max_token_len_per_gpu=65536 actor_rollout_ref.ref.log_prob_use_dynamic_bsz=True actor_rollout_ref.ref.log_prob_max_token_len_per_gpu=65536 actor_rollout_ref.ref.fsdp_config.param_offload=True trainer.balance_batch=True 'trainer.logger=["console","wandb"]' trainer.project_name=qwen3vl_stage3_pilot trainer.experiment_name=qwen3vl8b_stage3_c2_zscore_pilot_trainonly_prompt4096_gpu040_seed42 trainer.n_gpus_per_node=1 trainer.nnodes=1 trainer.save_freq=-1 trainer.test_freq=-1 trainer.total_epochs=1 actor_rollout_ref.model.use_fused_kernels=True actor_rollout_ref.actor.fsdp_config.param_offload=False actor_rollout_ref.actor.fsdp_config.optimizer_offload=False actor_rollout_ref.rollout.enforce_eager=False actor_rollout_ref.rollout.free_cache_engine=True 'trainer.logger=["console"]' trainer.total_training_steps=50 trainer.val_before_train=False trainer.default_local_dir=/data2/hjk/checkpoints/verl_qwen3vl/qwen3vl8b_stage3_c2_zscore_pilot_trainonly_prompt4096_gpu040_seed42 trainer.log_val_generations=16 trainer.validation_data_dir=/data2/hjk/projects/AI-HiddenState-ER/rl_audit/qwen3vl8b_stage3_c2_zscore_pilot_trainonly_prompt4096_gpu040_seed42/validation_generations reward.num_workers=1 reward.custom_reward_function.path=/data2/hjk/projects/AI-HiddenState-ER/scripts/mathverse_qwen3vl_option_gain_reward.py reward.custom_reward_function.name=compute_score reward.reward_manager.source=importlib reward.reward_manager.module.path=/data2/hjk/projects/AI-HiddenState-ER/scripts/qwen3vl_c2_zscore_reward_manager.py reward.reward_manager.name=Qwen3VLC2ZscoreRewardManager actor_rollout_ref.model.use_fused_kernels=False +actor_rollout_ref.model.override_config.attn_implementation=sdpa actor_rollout_ref.model.lora_rank=8 actor_rollout_ref.model.lora_alpha=16 actor_rollout_ref.model.lora.merge=True 'actor_rollout_ref.model.target_modules=["q_proj","k_proj","v_proj","o_proj","gate_proj","up_proj","down_proj"]' actor_rollout_ref.rollout.temperature=1.0 actor_rollout_ref.rollout.top_p=1.0 actor_rollout_ref.rollout.top_k=-1 actor_rollout_ref.rollout.do_sample=True actor_rollout_ref.rollout.seed=42 actor_rollout_ref.actor.data_loader_seed=42 actor_rollout_ref.actor.fsdp_config.seed=42 actor_rollout_ref.ref.fsdp_config.seed=42 algorithm.use_kl_in_reward=False actor_rollout_ref.actor.use_kl_loss=False actor_rollout_ref.actor.fsdp_config.param_offload=False actor_rollout_ref.actor.fsdp_config.optimizer_offload=False actor_rollout_ref.ref.fsdp_config.param_offload=True actor_rollout_ref.rollout.gpu_memory_utilization=0.40 actor_rollout_ref.rollout.max_model_len=20480 actor_rollout_ref.rollout.max_num_seqs=4 actor_rollout_ref.rollout.max_num_batched_tokens=20480 actor_rollout_ref.rollout.enable_chunked_prefill=False data.image_key=images data.dataloader_num_workers=0 data.shuffle=True data.seed=42 data.filter_overlong_prompts=True data.truncation=error
/data2/hjk/envs/verl_qwen3vl_py311/lib/python3.11/site-packages/transformers/utils/hub.py:110: FutureWarning: Using `TRANSFORMERS_CACHE` is deprecated and will be removed in v5 of Transformers. Use `HF_HOME` instead.
  warnings.warn(
/data2/hjk/projects/verl/verl/trainer/main_ppo.py:167: UserWarning: Disabled critic as algorithm.adv_estimator != gae. If it is not intended, please set critic.enable=True
  use_critic=need_critic(config),
2026-07-06 06:35:34,915	INFO worker.py:2015 -- Started a local Ray instance. View the dashboard at [1m[32mhttp://127.0.0.1:8265 [39m[22m
[36m(pid=1386985)[0m /data2/hjk/envs/verl_qwen3vl_py311/lib/python3.11/site-packages/transformers/utils/hub.py:110: FutureWarning: Using `TRANSFORMERS_CACHE` is deprecated and will be removed in v5 of Transformers. Use `HF_HOME` instead.
[36m(pid=1386985)[0m   warnings.warn(
[36m(TaskRunnerV1 pid=1386985)[0m /data2/hjk/projects/verl/verl/workers/engine/mindspeed/transformer_impl.py:24: UserWarning: NPU not support router replay for now.
[36m(TaskRunnerV1 pid=1386985)[0m   from verl.utils.megatron.router_replay_patch import RouterReplay
[validate_config] All configuration checks passed successfully!
ray init kwargs: {'num_cpus': None, 'runtime_env': {'env_vars': {'NCCL_DEBUG': 'WARN', 'VLLM_LOGGING_LEVEL': 'WARN', 'VLLM_ALLOW_RUNTIME_LORA_UPDATING': 'true', 'CUDA_DEVICE_MAX_CONNECTIONS': '1', 'VLLM_DISABLE_COMPILE_CACHE': '1', 'HCCL_HOST_SOCKET_PORT_RANGE': 'auto', 'HCCL_NPU_SOCKET_PORT_RANGE': 'auto', 'HSA_NO_SCRATCH_RECLAIM': '1', 'PYTHONHASHSEED': '0', 'VERL_FULL_DETERMINISM': '0', 'VLLM_BATCH_INVARIANT': '0'}, 'working_dir': None}}
[36m(TaskRunnerV1 pid=1386985)[0m {'actor_rollout_ref': {'actor': {'_target_': 'verl.workers.config.FSDPActorConfig',
[36m(TaskRunnerV1 pid=1386985)[0m                                  'calculate_entropy': False,
[36m(TaskRunnerV1 pid=1386985)[0m                                  'calculate_sum_pi_squared': False,
[36m(TaskRunnerV1 pid=1386985)[0m                                  'checkpoint': {'_target_': 'verl.trainer.config.CheckpointConfig',
[36m(TaskRunnerV1 pid=1386985)[0m                                                 'async_save': False,
[36m(TaskRunnerV1 pid=1386985)[0m                                                 'load_contents': ['model',
[36m(TaskRunnerV1 pid=1386985)[0m                                                                   'optimizer',
[36m(TaskRunnerV1 pid=1386985)[0m                                                                   'extra'],
[36m(TaskRunnerV1 pid=1386985)[0m                                                 'save_contents': ['model',
[36m(TaskRunnerV1 pid=1386985)[0m                                                                   'optimizer',
[36m(TaskRunnerV1 pid=1386985)[0m                                                                   'extra'],
[36m(TaskRunnerV1 pid=1386985)[0m                                                 'strict': True},
[36m(TaskRunnerV1 pid=1386985)[0m                                  'clip_ratio': 0.2,
[36m(TaskRunnerV1 pid=1386985)[0m                                  'clip_ratio_c': 3.0,
[36m(TaskRunnerV1 pid=1386985)[0m                                  'clip_ratio_high': 0.2,
[36m(TaskRunnerV1 pid=1386985)[0m                                  'clip_ratio_low': 0.2,
[36m(TaskRunnerV1 pid=1386985)[0m                                  'data_loader_seed': 42,
[36m(TaskRunnerV1 pid=1386985)[0m                                  'entropy_checkpointing': False,
[36m(TaskRunnerV1 pid=1386985)[0m                                  'entropy_coeff': 0,
[36m(TaskRunnerV1 pid=1386985)[0m                                  'entropy_from_logits_chunk_size': 2048,
[36m(TaskRunnerV1 pid=1386985)[0m                                  'entropy_from_logits_with_chunking': False,
[36m(TaskRunnerV1 pid=1386985)[0m                                  'freeze_vision_tower': False,
[36m(TaskRunnerV1 pid=1386985)[0m                                  'fsdp_config': {'_target_': 'verl.workers.config.FSDPEngineConfig',
[36m(TaskRunnerV1 pid=1386985)[0m                                                  'dtype': 'bfloat16',
[36m(TaskRunnerV1 pid=1386985)[0m                                                  'entropy_checkpointing': False,
[36m(TaskRunnerV1 pid=1386985)[0m                                                  'entropy_from_logits_chunk_size': 2048,
[36m(TaskRunnerV1 pid=1386985)[0m                                                  'entropy_from_logits_with_chunking': False,
[36m(TaskRunnerV1 pid=1386985)[0m                                                  'forward_only': False,
[36m(TaskRunnerV1 pid=1386985)[0m                                                  'forward_prefetch': False,
[36m(TaskRunnerV1 pid=1386985)[0m                                                  'fsdp_size': -1,
[36m(TaskRunnerV1 pid=1386985)[0m                                                  'full_determinism': False,
[36m(TaskRunnerV1 pid=1386985)[0m                                                  'model_dtype': 'fp32',
[36m(TaskRunnerV1 pid=1386985)[0m                                                  'offload_policy': False,
[36m(TaskRunnerV1 pid=1386985)[0m                                                  'optimizer_offload': False,
[36m(TaskRunnerV1 pid=1386985)[0m                                                  'param_offload': False,
[36m(TaskRunnerV1 pid=1386985)[0m                                                  'qat': {'_target_': 'verl.workers.config.QATEngineConfig',
[36m(TaskRunnerV1 pid=1386985)[0m                                                          'activation_observer': 'static_minmax',
[36m(TaskRunnerV1 pid=1386985)[0m                                                          'enable': False,
[36m(TaskRunnerV1 pid=1386985)[0m                                                          'group_size': 16,
[36m(TaskRunnerV1 pid=1386985)[0m                                                          'ignore_patterns': ['lm_head',
[36m(TaskRunnerV1 pid=1386985)[0m                                                                              'embed_tokens',
[36m(TaskRunnerV1 pid=1386985)[0m                                                                              're:.*mlp.gate$'],
[36m(TaskRunnerV1 pid=1386985)[0m                                                          'mode': 'w4a16',
[36m(TaskRunnerV1 pid=1386985)[0m                                                          'quantization_config_path': None},
[36m(TaskRunnerV1 pid=1386985)[0m                                                  'reshard_after_forward': True,
[36m(TaskRunnerV1 pid=1386985)[0m                                                  'seed': 42,
[36m(TaskRunnerV1 pid=1386985)[0m                                                  'strategy': 'fsdp',
[36m(TaskRunnerV1 pid=1386985)[0m                                                  'ulysses_sequence_parallel_size': 1,
[36m(TaskRunnerV1 pid=1386985)[0m                                                  'use_orig_params': False,
[36m(TaskRunnerV1 pid=1386985)[0m                                                  'use_torch_compile': True,
[36m(TaskRunnerV1 pid=1386985)[0m                                                  'wrap_policy': {'min_num_params': 0}},
[36m(TaskRunnerV1 pid=1386985)[0m                                  'grad_clip': 1.0,
[36m(TaskRunnerV1 pid=1386985)[0m                                  'kl_loss_coef': 0.01,
[36m(TaskRunnerV1 pid=1386985)[0m                                  'kl_loss_type': 'low_var_kl',
[36m(TaskRunnerV1 pid=1386985)[0m                                  'loss_agg_mode': 'token-mean',
[36m(TaskRunnerV1 pid=1386985)[0m                                  'loss_scale_factor': None,
[36m(TaskRunnerV1 pid=1386985)[0m                                  'optim': {'_target_': 'verl.workers.config.FSDPOptimizerConfig',
[36m(TaskRunnerV1 pid=1386985)[0m                                            'betas': [0.9, 0.999],
[36m(TaskRunnerV1 pid=1386985)[0m                                            'clip_grad': 1.0,
[36m(TaskRunnerV1 pid=1386985)[0m                                            'lr': 1e-06,
[36m(TaskRunnerV1 pid=1386985)[0m                                            'lr_scheduler_type': 'constant',
[36m(TaskRunnerV1 pid=1386985)[0m                                            'lr_warmup_steps': -1,
[36m(TaskRunnerV1 pid=1386985)[0m                                            'lr_warmup_steps_ratio': 0.0,
[36m(TaskRunnerV1 pid=1386985)[0m                                            'min_lr_ratio': 0.0,
[36m(TaskRunnerV1 pid=1386985)[0m                                            'num_cycles': 0.5,
[36m(TaskRunnerV1 pid=1386985)[0m                                            'optimizer': 'AdamW',
[36m(TaskRunnerV1 pid=1386985)[0m                                            'optimizer_impl': 'torch.optim',
[36m(TaskRunnerV1 pid=1386985)[0m                                            'override_optimizer_config': None,
[36m(TaskRunnerV1 pid=1386985)[0m                                            'total_training_steps': -1,
[36m(TaskRunnerV1 pid=1386985)[0m                                            'warmup_style': None,
[36m(TaskRunnerV1 pid=1386985)[0m                                            'weight_decay': 0.01,
[36m(TaskRunnerV1 pid=1386985)[0m                                            'zero_indexed_step': True},
[36m(TaskRunnerV1 pid=1386985)[0m                                  'policy_loss': {'_target_': 'verl.workers.config.PolicyLossConfig',
[36m(TaskRunnerV1 pid=1386985)[0m                                                  'clip_cov_lb': 1.0,
[36m(TaskRunnerV1 pid=1386985)[0m                                                  'clip_cov_ratio': 0.0002,
[36m(TaskRunnerV1 pid=1386985)[0m                                                  'clip_cov_ub': 5.0,
[36m(TaskRunnerV1 pid=1386985)[0m                                                  'kl_cov_ratio': 0.0002,
[36m(TaskRunnerV1 pid=1386985)[0m                                                  'loss_mode': 'vanilla',
[36m(TaskRunnerV1 pid=1386985)[0m                                                  'ppo_kl_coef': 0.1},
[36m(TaskRunnerV1 pid=1386985)[0m                                  'ppo_epochs': 1,
[36m(TaskRunnerV1 pid=1386985)[0m                                  'ppo_max_token_len_per_gpu': 65536,
[36m(TaskRunnerV1 pid=1386985)[0m                                  'ppo_micro_batch_size': None,
[36m(TaskRunnerV1 pid=1386985)[0m                                  'ppo_micro_batch_size_per_gpu': None,
[36m(TaskRunnerV1 pid=1386985)[0m                                  'ppo_mini_batch_size': 2,
[36m(TaskRunnerV1 pid=1386985)[0m                                  'profiler': {'_target_': 'verl.utils.profiler.ProfilerConfig',
[36m(TaskRunnerV1 pid=1386985)[0m                                               'all_ranks': False,
[36m(TaskRunnerV1 pid=1386985)[0m                                               'enable': False,
[36m(TaskRunnerV1 pid=1386985)[0m                                               'ranks': [],
[36m(TaskRunnerV1 pid=1386985)[0m                                               'save_path': 'outputs/profile',
[36m(TaskRunnerV1 pid=1386985)[0m                                               'tool': None,
[36m(TaskRunnerV1 pid=1386985)[0m                                               'tool_config': {'npu': {'_target_': 'verl.utils.profiler.config.NPUToolConfig',
[36m(TaskRunnerV1 pid=1386985)[0m                                                                       'analysis': True,
[36m(TaskRunnerV1 pid=1386985)[0m                                                                       'contents': [],
[36m(TaskRunnerV1 pid=1386985)[0m                                                                       'discrete': False,
[36m(TaskRunnerV1 pid=1386985)[0m                                                                       'level': 'level0'},
[36m(TaskRunnerV1 pid=1386985)[0m                                                               'nsys': {'_target_': 'verl.utils.profiler.config.NsightToolConfig',
[36m(TaskRunnerV1 pid=1386985)[0m                                                                        'discrete': False},
[36m(TaskRunnerV1 pid=1386985)[0m                                                               'precision_debugger': {'_target_': 'verl.utils.profiler.config.PrecisionDebuggerToolConfig',
[36m(TaskRunnerV1 pid=1386985)[0m                                                                                      'config_path': None,
[36m(TaskRunnerV1 pid=1386985)[0m                                                                                      'stages': None,
[36m(TaskRunnerV1 pid=1386985)[0m                                                                                      'steps': None,
[36m(TaskRunnerV1 pid=1386985)[0m                                                                                      'strict': False},
[36m(TaskRunnerV1 pid=1386985)[0m                                                               'torch': {'_target_': 'verl.utils.profiler.config.TorchProfilerToolConfig',
[36m(TaskRunnerV1 pid=1386985)[0m                                                                         'contents': [],
[36m(TaskRunnerV1 pid=1386985)[0m                                                                         'discrete': False},
[36m(TaskRunnerV1 pid=1386985)[0m                                                               'torch_memory': {'_target_': 'verl.utils.profiler.config.TorchMemoryToolConfig',
[36m(TaskRunnerV1 pid=1386985)[0m                                                                                'stack_depth': 32,
[36m(TaskRunnerV1 pid=1386985)[0m                                                                                'trace_alloc_max_entries': 100000}}},
[36m(TaskRunnerV1 pid=1386985)[0m                                  'qat': {'activation_observer': 'static_minmax',
[36m(TaskRunnerV1 pid=1386985)[0m                                          'enable': False,
[36m(TaskRunnerV1 pid=1386985)[0m                                          'group_size': 16,
[36m(TaskRunnerV1 pid=1386985)[0m                                          'ignore_patterns': ['lm_head',
[36m(TaskRunnerV1 pid=1386985)[0m                                                              'embed_tokens',
[36m(TaskRunnerV1 pid=1386985)[0m                                                              're:.*mlp.gate$'],
[36m(TaskRunnerV1 pid=1386985)[0m                                          'mode': 'w4a16',
[36m(TaskRunnerV1 pid=1386985)[0m                                          'quantization_config_path': None},
[36m(TaskRunnerV1 pid=1386985)[0m                                  'rollout_n': 2,
[36m(TaskRunnerV1 pid=1386985)[0m                                  'router_replay': {'_target_': 'verl.workers.config.RouterReplayConfig',
[36m(TaskRunnerV1 pid=1386985)[0m                                                    'mode': 'disabled',
[36m(TaskRunnerV1 pid=1386985)[0m                                                    'record_file': None,
[36m(TaskRunnerV1 pid=1386985)[0m                                                    'replay_file': None},
[36m(TaskRunnerV1 pid=1386985)[0m                                  'shuffle': False,
[36m(TaskRunnerV1 pid=1386985)[0m                                  'strategy': 'fsdp2',
[36m(TaskRunnerV1 pid=1386985)[0m                                  'tau_neg': 1.05,
[36m(TaskRunnerV1 pid=1386985)[0m                                  'tau_pos': 1.0,
[36m(TaskRunnerV1 pid=1386985)[0m                                  'ulysses_sequence_parallel_size': 1,
[36m(TaskRunnerV1 pid=1386985)[0m                                  'use_dynamic_bsz': True,
[36m(TaskRunnerV1 pid=1386985)[0m                                  'use_fused_kernels': False,
[36m(TaskRunnerV1 pid=1386985)[0m                                  'use_kl_loss': False,
[36m(TaskRunnerV1 pid=1386985)[0m                                  'use_prefix_grouper': False,
[36m(TaskRunnerV1 pid=1386985)[0m                                  'use_remove_padding': True,
[36m(TaskRunnerV1 pid=1386985)[0m                                  'use_torch_compile': True},
[36m(TaskRunnerV1 pid=1386985)[0m                        'hybrid_engine': True,
[36m(TaskRunnerV1 pid=1386985)[0m                        'model': {'_target_': 'verl.workers.config.HFModelConfig',
[36m(TaskRunnerV1 pid=1386985)[0m                                  'custom_chat_template': None,
[36m(TaskRunnerV1 pid=1386985)[0m                                  'enable_activation_offload': False,
[36m(TaskRunnerV1 pid=1386985)[0m                                  'enable_gradient_checkpointing': True,
[36m(TaskRunnerV1 pid=1386985)[0m                                  'exclude_modules': None,
[36m(TaskRunnerV1 pid=1386985)[0m                                  'external_lib': None,
[36m(TaskRunnerV1 pid=1386985)[0m                                  'fused_kernel_options': {'impl_backend': 'torch'},
[36m(TaskRunnerV1 pid=1386985)[0m                                  'hf_config_path': None,
[36m(TaskRunnerV1 pid=1386985)[0m                                  'lora': {'a2a_experimental': False,
[36m(TaskRunnerV1 pid=1386985)[0m                                           'adapter_path': None,
[36m(TaskRunnerV1 pid=1386985)[0m                                           'alpha': 32,
[36m(TaskRunnerV1 pid=1386985)[0m                                           'dropout': 0.0,
[36m(TaskRunnerV1 pid=1386985)[0m                                           'dropout_position': 'pre',
[36m(TaskRunnerV1 pid=1386985)[0m                                           'dtype': None,
[36m(TaskRunnerV1 pid=1386985)[0m                                           'exclude_modules': [],
[36m(TaskRunnerV1 pid=1386985)[0m                                           'freeze_language_model': True,
[36m(TaskRunnerV1 pid=1386985)[0m                                           'freeze_vision_model': True,
[36m(TaskRunnerV1 pid=1386985)[0m                                           'freeze_vision_projection': True,
[36m(TaskRunnerV1 pid=1386985)[0m                                           'lora_A_init_method': 'xavier',
[36m(TaskRunnerV1 pid=1386985)[0m                                           'lora_B_init_method': 'zero',
[36m(TaskRunnerV1 pid=1386985)[0m                                           'merge': True,
[36m(TaskRunnerV1 pid=1386985)[0m                                           'rank': 0,
[36m(TaskRunnerV1 pid=1386985)[0m                                           'target_modules': ['linear_qkv',
[36m(TaskRunnerV1 pid=1386985)[0m                                                              'linear_proj',
[36m(TaskRunnerV1 pid=1386985)[0m                                                              'linear_fc1',
[36m(TaskRunnerV1 pid=1386985)[0m                                                              'linear_fc2'],
[36m(TaskRunnerV1 pid=1386985)[0m                                           'type': 'lora'},
[36m(TaskRunnerV1 pid=1386985)[0m                                  'lora_adapter_path': None,
[36m(TaskRunnerV1 pid=1386985)[0m                                  'lora_alpha': 16,
[36m(TaskRunnerV1 pid=1386985)[0m                                  'lora_rank': 8,
[36m(TaskRunnerV1 pid=1386985)[0m                                  'mtp': {'_target_': 'verl.workers.config.MtpConfig',
[36m(TaskRunnerV1 pid=1386985)[0m                                          'detach_encoder': False,
[36m(TaskRunnerV1 pid=1386985)[0m                                          'enable': False,
[36m(TaskRunnerV1 pid=1386985)[0m                                          'enable_rollout': False,
[36m(TaskRunnerV1 pid=1386985)[0m                                          'enable_train': False,
[36m(TaskRunnerV1 pid=1386985)[0m                                          'method': 'mtp',
[36m(TaskRunnerV1 pid=1386985)[0m                                          'mtp_loss_scaling_factor': 0.1,
[36m(TaskRunnerV1 pid=1386985)[0m                                          'num_speculative_tokens': 1,
[36m(TaskRunnerV1 pid=1386985)[0m                                          'speculative_algorithm': 'EAGLE',
[36m(TaskRunnerV1 pid=1386985)[0m                                          'speculative_eagle_topk': 1,
[36m(TaskRunnerV1 pid=1386985)[0m                                          'speculative_num_draft_tokens': 4,
[36m(TaskRunnerV1 pid=1386985)[0m                                          'speculative_num_steps': 3},
[36m(TaskRunnerV1 pid=1386985)[0m                                  'override_config': {'attn_implementation': 'sdpa'},
[36m(TaskRunnerV1 pid=1386985)[0m                                  'path': '/data2/hjk/models/huggingface/hub/models--Qwen--Qwen3-VL-8B-Thinking/snapshots/92f3c4b4feadd3a016ef468d103bb5f58b2a2c6b',
[36m(TaskRunnerV1 pid=1386985)[0m                                  'target_modules': ['q_proj',
[36m(TaskRunnerV1 pid=1386985)[0m                                                     'k_proj',
[36m(TaskRunnerV1 pid=1386985)[0m                                                     'v_proj',
[36m(TaskRunnerV1 pid=1386985)[0m                                                     'o_proj',
[36m(TaskRunnerV1 pid=1386985)[0m                                                     'gate_proj',
[36m(TaskRunnerV1 pid=1386985)[0m                                                     'up_proj',
[36m(TaskRunnerV1 pid=1386985)[0m                                                     'down_proj'],
[36m(TaskRunnerV1 pid=1386985)[0m                                  'tiled_mlp': {'enabled': False,
[36m(TaskRunnerV1 pid=1386985)[0m                                                'num_shards': 4},
[36m(TaskRunnerV1 pid=1386985)[0m                                  'tokenizer_path': None,
[36m(TaskRunnerV1 pid=1386985)[0m                                  'trust_remote_code': False,
[36m(TaskRunnerV1 pid=1386985)[0m                                  'use_fused_kernels': False,
[36m(TaskRunnerV1 pid=1386985)[0m                                  'use_liger': False,
[36m(TaskRunnerV1 pid=1386985)[0m                                  'use_remove_padding': True,
[36m(TaskRunnerV1 pid=1386985)[0m                                  'use_shm': False},
[36m(TaskRunnerV1 pid=1386985)[0m                        'nccl_timeout': 600,
[36m(TaskRunnerV1 pid=1386985)[0m                        'ref': {'_target_': 'verl.workers.config.FSDPActorConfig',
[36m(TaskRunnerV1 pid=1386985)[0m                                'entropy_checkpointing': False,
[36m(TaskRunnerV1 pid=1386985)[0m                                'entropy_from_logits_chunk_size': 2048,
[36m(TaskRunnerV1 pid=1386985)[0m                                'entropy_from_logits_with_chunking': False,
[36m(TaskRunnerV1 pid=1386985)[0m                                'fsdp_config': {'_target_': 'verl.workers.config.FSDPEngineConfig',
[36m(TaskRunnerV1 pid=1386985)[0m                                                'dtype': 'bfloat16',
[36m(TaskRunnerV1 pid=1386985)[0m                                                'entropy_checkpointing': False,
[36m(TaskRunnerV1 pid=1386985)[0m                                                'entropy_from_logits_chunk_size': 2048,
[36m(TaskRunnerV1 pid=1386985)[0m                                                'entropy_from_logits_with_chunking': False,
[36m(TaskRunnerV1 pid=1386985)[0m                                                'forward_only': True,
[36m(TaskRunnerV1 pid=1386985)[0m                                                'forward_prefetch': False,
[36m(TaskRunnerV1 pid=1386985)[0m                                                'fsdp_size': -1,
[36m(TaskRunnerV1 pid=1386985)[0m                                                'full_determinism': False,
[36m(TaskRunnerV1 pid=1386985)[0m                                                'model_dtype': 'fp32',
[36m(TaskRunnerV1 pid=1386985)[0m                                                'offload_policy': False,
[36m(TaskRunnerV1 pid=1386985)[0m                                                'optimizer_offload': False,
[36m(TaskRunnerV1 pid=1386985)[0m                                                'param_offload': True,
[36m(TaskRunnerV1 pid=1386985)[0m                                                'qat': {'_target_': 'verl.workers.config.QATEngineConfig',
[36m(TaskRunnerV1 pid=1386985)[0m                                                        'activation_observer': 'static_minmax',
[36m(TaskRunnerV1 pid=1386985)[0m                                                        'enable': False,
[36m(TaskRunnerV1 pid=1386985)[0m                                                        'group_size': 16,
[36m(TaskRunnerV1 pid=1386985)[0m                                                        'ignore_patterns': ['lm_head',
[36m(TaskRunnerV1 pid=1386985)[0m                                                                            'embed_tokens',
[36m(TaskRunnerV1 pid=1386985)[0m                                                                            're:.*mlp.gate$'],
[36m(TaskRunnerV1 pid=1386985)[0m                                                        'mode': 'w4a16',
[36m(TaskRunnerV1 pid=1386985)[0m                                                        'quantization_config_path': None},
[36m(TaskRunnerV1 pid=1386985)[0m                                                'reshard_after_forward': True,
[36m(TaskRunnerV1 pid=1386985)[0m                                                'seed': 42,
[36m(TaskRunnerV1 pid=1386985)[0m                                                'strategy': 'fsdp',
[36m(TaskRunnerV1 pid=1386985)[0m                                                'ulysses_sequence_parallel_size': 1,
[36m(TaskRunnerV1 pid=1386985)[0m                                                'use_orig_params': False,
[36m(TaskRunnerV1 pid=1386985)[0m                                                'use_torch_compile': True,
[36m(TaskRunnerV1 pid=1386985)[0m                                                'wrap_policy': {'min_num_params': 0}},
[36m(TaskRunnerV1 pid=1386985)[0m                                'log_prob_max_token_len_per_gpu': 65536,
[36m(TaskRunnerV1 pid=1386985)[0m                                'log_prob_micro_batch_size': None,
[36m(TaskRunnerV1 pid=1386985)[0m                                'log_prob_micro_batch_size_per_gpu': None,
[36m(TaskRunnerV1 pid=1386985)[0m                                'log_prob_use_dynamic_bsz': True,
[36m(TaskRunnerV1 pid=1386985)[0m                                'profiler': {'_target_': 'verl.utils.profiler.ProfilerConfig',
[36m(TaskRunnerV1 pid=1386985)[0m                                             'all_ranks': False,
[36m(TaskRunnerV1 pid=1386985)[0m                                             'enable': False,
[36m(TaskRunnerV1 pid=1386985)[0m                                             'ranks': [],
[36m(TaskRunnerV1 pid=1386985)[0m                                             'save_path': 'outputs/profile',
[36m(TaskRunnerV1 pid=1386985)[0m                                             'tool': None,
[36m(TaskRunnerV1 pid=1386985)[0m                                             'tool_config': {'npu': {'_target_': 'verl.utils.profiler.config.NPUToolConfig',
[36m(TaskRunnerV1 pid=1386985)[0m                                                                     'analysis': True,
[36m(TaskRunnerV1 pid=1386985)[0m                                                                     'contents': [],
[36m(TaskRunnerV1 pid=1386985)[0m                                                                     'discrete': False,
[36m(TaskRunnerV1 pid=1386985)[0m                                                                     'level': 'level0'},
[36m(TaskRunnerV1 pid=1386985)[0m                                                             'nsys': {'_target_': 'verl.utils.profiler.config.NsightToolConfig',
[36m(TaskRunnerV1 pid=1386985)[0m                                                                      'discrete': False},
[36m(TaskRunnerV1 pid=1386985)[0m                                                             'precision_debugger': {'_target_': 'verl.utils.profiler.config.PrecisionDebuggerToolConfig',
[36m(TaskRunnerV1 pid=1386985)[0m                                                                                    'config_path': None,
[36m(TaskRunnerV1 pid=1386985)[0m                                                                                    'stages': None,
[36m(TaskRunnerV1 pid=1386985)[0m                                                                                    'steps': None,
[36m(TaskRunnerV1 pid=1386985)[0m                                                                                    'strict': False},
[36m(TaskRunnerV1 pid=1386985)[0m                                                             'torch': {'_target_': 'verl.utils.profiler.config.TorchProfilerToolConfig',
[36m(TaskRunnerV1 pid=1386985)[0m                                                                       'contents': [],
[36m(TaskRunnerV1 pid=1386985)[0m                                                                       'discrete': False},
[36m(TaskRunnerV1 pid=1386985)[0m                                                             'torch_memory': {'_target_': 'verl.utils.profiler.config.TorchMemoryToolConfig',
[36m(TaskRunnerV1 pid=1386985)[0m                                                                              'stack_depth': 32,
[36m(TaskRunnerV1 pid=1386985)[0m                                                                              'trace_alloc_max_entries': 100000}}},
[36m(TaskRunnerV1 pid=1386985)[0m                                'rollout_n': 2,
[36m(TaskRunnerV1 pid=1386985)[0m                                'router_replay': {'_target_': 'verl.workers.config.RouterReplayConfig',
[36m(TaskRunnerV1 pid=1386985)[0m                                                  'mode': 'disabled',
[36m(TaskRunnerV1 pid=1386985)[0m                                                  'record_file': None,
[36m(TaskRunnerV1 pid=1386985)[0m                                                  'replay_file': None},
[36m(TaskRunnerV1 pid=1386985)[0m                                'strategy': 'fsdp2',
[36m(TaskRunnerV1 pid=1386985)[0m                                'ulysses_sequence_parallel_size': 1,
[36m(TaskRunnerV1 pid=1386985)[0m                                'use_torch_compile': True},
[36m(TaskRunnerV1 pid=1386985)[0m                        'rollout': {'_target_': 'verl.workers.config.RolloutConfig',
[36m(TaskRunnerV1 pid=1386985)[0m                                    'agent': {'_target_': 'verl.workers.config.AgentLoopConfig',
[36m(TaskRunnerV1 pid=1386985)[0m                                              'agent_loop_config_path': None,
[36m(TaskRunnerV1 pid=1386985)[0m                                              'custom_async_server': {'_target_': 'verl.workers.config.CustomAsyncServerConfig',
[36m(TaskRunnerV1 pid=1386985)[0m                                                                      'name': None,
[36m(TaskRunnerV1 pid=1386985)[0m                                                                      'path': None},
[36m(TaskRunnerV1 pid=1386985)[0m                                              'default_agent_loop': 'single_turn_agent',
[36m(TaskRunnerV1 pid=1386985)[0m                                              'num_workers': 8},
[36m(TaskRunnerV1 pid=1386985)[0m                                    'calculate_log_probs': True,
[36m(TaskRunnerV1 pid=1386985)[0m                                    'checkpoint_engine': {'_target_': 'verl.workers.config.CheckpointEngineConfig',
[36m(TaskRunnerV1 pid=1386985)[0m                                                          'backend': 'naive',
[36m(TaskRunnerV1 pid=1386985)[0m                                                          'custom_backend_module': None,
[36m(TaskRunnerV1 pid=1386985)[0m                                                          'engine_kwargs': {},
[36m(TaskRunnerV1 pid=1386985)[0m                                                          'update_weights_bucket_megabytes': 2048},
[36m(TaskRunnerV1 pid=1386985)[0m                                    'cudagraph_capture_sizes': None,
[36m(TaskRunnerV1 pid=1386985)[0m                                    'data_parallel_size': 1,
[36m(TaskRunnerV1 pid=1386985)[0m                                    'disable_log_stats': True,
[36m(TaskRunnerV1 pid=1386985)[0m                                    'disaggregation': {'bootstrap_port': None,
[36m(TaskRunnerV1 pid=1386985)[0m                                                       'decode_replicas': 1,
[36m(TaskRunnerV1 pid=1386985)[0m                                                       'decode_tensor_model_parallel_size': None,
[36m(TaskRunnerV1 pid=1386985)[0m                                                       'enabled': False,
[36m(TaskRunnerV1 pid=1386985)[0m                                                       'ib_device': None,
[36m(TaskRunnerV1 pid=1386985)[0m                                                       'prefill_replicas': 1,
[36m(TaskRunnerV1 pid=1386985)[0m                                                       'transfer_backend': 'nixl'},
[36m(TaskRunnerV1 pid=1386985)[0m                                    'do_sample': True,
[36m(TaskRunnerV1 pid=1386985)[0m                                    'dtype': 'bfloat16',
[36m(TaskRunnerV1 pid=1386985)[0m                                    'enable_chunked_prefill': False,
[36m(TaskRunnerV1 pid=1386985)[0m                                    'enable_prefix_caching': True,
[36m(TaskRunnerV1 pid=1386985)[0m                                    'enable_rollout_routing_replay': False,
[36m(TaskRunnerV1 pid=1386985)[0m                                    'enforce_eager': False,
[36m(TaskRunnerV1 pid=1386985)[0m                                    'engine_kwargs': {'sglang': {},
[36m(TaskRunnerV1 pid=1386985)[0m                                                      'trtllm': {},
[36m(TaskRunnerV1 pid=1386985)[0m                                                      'vllm': {}},
[36m(TaskRunnerV1 pid=1386985)[0m                                    'expert_parallel_size': 1,
[36m(TaskRunnerV1 pid=1386985)[0m                                    'free_cache_engine': True,
[36m(TaskRunnerV1 pid=1386985)[0m                                    'full_determinism': False,
[36m(TaskRunnerV1 pid=1386985)[0m                                    'gpu_memory_utilization': 0.4,
[36m(TaskRunnerV1 pid=1386985)[0m                                    'ignore_eos': False,
[36m(TaskRunnerV1 pid=1386985)[0m                                    'layered_summon': False,
[36m(TaskRunnerV1 pid=1386985)[0m                                    'load_format': 'dummy',
[36m(TaskRunnerV1 pid=1386985)[0m                                    'log_prob_max_token_len_per_gpu': 65536,
[36m(TaskRunnerV1 pid=1386985)[0m                                    'log_prob_micro_batch_size': None,
[36m(TaskRunnerV1 pid=1386985)[0m                                    'log_prob_micro_batch_size_per_gpu': None,
[36m(TaskRunnerV1 pid=1386985)[0m                                    'log_prob_use_dynamic_bsz': True,
[36m(TaskRunnerV1 pid=1386985)[0m                                    'logprobs_mode': 'processed_logprobs',
[36m(TaskRunnerV1 pid=1386985)[0m                                    'max_model_len': 20480,
[36m(TaskRunnerV1 pid=1386985)[0m                                    'max_num_batched_tokens': 20480,
[36m(TaskRunnerV1 pid=1386985)[0m                                    'max_num_seqs': 4,
[36m(TaskRunnerV1 pid=1386985)[0m                                    'mode': 'async',
[36m(TaskRunnerV1 pid=1386985)[0m                                    'moe_load_balance_metrics_interval': 0,
[36m(TaskRunnerV1 pid=1386985)[0m                                    'mtp': {'_target_': 'verl.workers.config.MtpConfig',
[36m(TaskRunnerV1 pid=1386985)[0m                                            'detach_encoder': False,
[36m(TaskRunnerV1 pid=1386985)[0m                                            'enable': False,
[36m(TaskRunnerV1 pid=1386985)[0m                                            'enable_rollout': False,
[36m(TaskRunnerV1 pid=1386985)[0m                                            'enable_train': False,
[36m(TaskRunnerV1 pid=1386985)[0m                                            'method': 'mtp',
[36m(TaskRunnerV1 pid=1386985)[0m                                            'mtp_loss_scaling_factor': 0.1,
[36m(TaskRunnerV1 pid=1386985)[0m                                            'num_speculative_tokens': 1,
[36m(TaskRunnerV1 pid=1386985)[0m                                            'speculative_algorithm': 'EAGLE',
[36m(TaskRunnerV1 pid=1386985)[0m                                            'speculative_eagle_topk': 1,
[36m(TaskRunnerV1 pid=1386985)[0m                                            'speculative_num_draft_tokens': 4,
[36m(TaskRunnerV1 pid=1386985)[0m                                            'speculative_num_steps': 3},
[36m(TaskRunnerV1 pid=1386985)[0m                                    'multi_stage_wake_up': False,
[36m(TaskRunnerV1 pid=1386985)[0m                                    'multi_turn': {'_target_': 'verl.workers.config.MultiTurnConfig',
[36m(TaskRunnerV1 pid=1386985)[0m                                                   'enable': False,
[36m(TaskRunnerV1 pid=1386985)[0m                                                   'format': 'hermes',
[36m(TaskRunnerV1 pid=1386985)[0m                                                   'function_tool_path': None,
[36m(TaskRunnerV1 pid=1386985)[0m                                                   'max_assistant_turns': None,
[36m(TaskRunnerV1 pid=1386985)[0m                                                   'max_parallel_calls': 1,
[36m(TaskRunnerV1 pid=1386985)[0m                                                   'max_tool_response_length': 256,
[36m(TaskRunnerV1 pid=1386985)[0m                                                   'max_user_turns': None,
[36m(TaskRunnerV1 pid=1386985)[0m                                                   'num_repeat_rollouts': None,
[36m(TaskRunnerV1 pid=1386985)[0m                                                   'tokenization_sanity_check_mode': 'strict',
[36m(TaskRunnerV1 pid=1386985)[0m                                                   'tool_config_path': None,
[36m(TaskRunnerV1 pid=1386985)[0m                                                   'tool_response_truncate_side': 'middle',
[36m(TaskRunnerV1 pid=1386985)[0m                                                   'use_inference_chat_template': False},
[36m(TaskRunnerV1 pid=1386985)[0m                                    'n': 2,
[36m(TaskRunnerV1 pid=1386985)[0m                                    'n_gpus_per_node': 1,
[36m(TaskRunnerV1 pid=1386985)[0m                                    'name': 'vllm',
[36m(TaskRunnerV1 pid=1386985)[0m                                    'nnodes': 0,
[36m(TaskRunnerV1 pid=1386985)[0m                                    'over_sample_rate': 0,
[36m(TaskRunnerV1 pid=1386985)[0m                                    'pipeline_model_parallel_size': 1,
[36m(TaskRunnerV1 pid=1386985)[0m                                    'profiler': {'_target_': 'verl.utils.profiler.ProfilerConfig',
[36m(TaskRunnerV1 pid=1386985)[0m                                                 'all_ranks': False,
[36m(TaskRunnerV1 pid=1386985)[0m                                                 'enable': False,
[36m(TaskRunnerV1 pid=1386985)[0m                                                 'ranks': [],
[36m(TaskRunnerV1 pid=1386985)[0m                                                 'save_path': 'outputs/profile',
[36m(TaskRunnerV1 pid=1386985)[0m                                                 'tool': None,
[36m(TaskRunnerV1 pid=1386985)[0m                                                 'tool_config': {'npu': {'_target_': 'verl.utils.profiler.config.NPUToolConfig',
[36m(TaskRunnerV1 pid=1386985)[0m                                                                         'analysis': True,
[36m(TaskRunnerV1 pid=1386985)[0m                                                                         'contents': [],
[36m(TaskRunnerV1 pid=1386985)[0m                                                                         'discrete': False,
[36m(TaskRunnerV1 pid=1386985)[0m                                                                         'level': 'level0',
[36m(TaskRunnerV1 pid=1386985)[0m                                                                         'profile_token_end': None,
[36m(TaskRunnerV1 pid=1386985)[0m                                                                         'profile_token_start': None},
[36m(TaskRunnerV1 pid=1386985)[0m                                                                 'precision_debugger': {'_target_': 'verl.utils.profiler.config.PrecisionDebuggerToolConfig',
[36m(TaskRunnerV1 pid=1386985)[0m                                                                                        'config_path': None,
[36m(TaskRunnerV1 pid=1386985)[0m                                                                                        'stages': None,
[36m(TaskRunnerV1 pid=1386985)[0m                                                                                        'steps': None,
[36m(TaskRunnerV1 pid=1386985)[0m                                                                                        'strict': False},
[36m(TaskRunnerV1 pid=1386985)[0m                                                                 'torch': {'_target_': 'verl.utils.profiler.config.TorchProfilerToolConfig',
[36m(TaskRunnerV1 pid=1386985)[0m                                                                           'contents': [],
[36m(TaskRunnerV1 pid=1386985)[0m                                                                           'discrete': False,
[36m(TaskRunnerV1 pid=1386985)[0m                                                                           'profile_token_end': None,
[36m(TaskRunnerV1 pid=1386985)[0m                                                                           'profile_token_start': None}}},
[36m(TaskRunnerV1 pid=1386985)[0m                                    'prometheus': {'_target_': 'verl.workers.config.PrometheusConfig',
[36m(TaskRunnerV1 pid=1386985)[0m                                                   'enable': False,
[36m(TaskRunnerV1 pid=1386985)[0m                                                   'file': '/tmp/ray/session_latest/metrics/prometheus/prometheus.yml',
[36m(TaskRunnerV1 pid=1386985)[0m                                                   'port': 9090,
[36m(TaskRunnerV1 pid=1386985)[0m                                                   'served_model_name': '/data2/hjk/models/huggingface/hub/models--Qwen--Qwen3-VL-8B-Thinking/snapshots/92f3c4b4feadd3a016ef468d103bb5f58b2a2c6b'},
[36m(TaskRunnerV1 pid=1386985)[0m                                    'prompt_length': 4096,
[36m(TaskRunnerV1 pid=1386985)[0m                                    'qat': {'_target_': 'verl.workers.config.QATEngineConfig',
[36m(TaskRunnerV1 pid=1386985)[0m                                            'activation_observer': 'static_minmax',
[36m(TaskRunnerV1 pid=1386985)[0m                                            'enable': False,
[36m(TaskRunnerV1 pid=1386985)[0m                                            'group_size': 16,
[36m(TaskRunnerV1 pid=1386985)[0m                                            'ignore_patterns': ['lm_head',
[36m(TaskRunnerV1 pid=1386985)[0m                                                                'embed_tokens',
[36m(TaskRunnerV1 pid=1386985)[0m                                                                're:.*mlp.gate$'],
[36m(TaskRunnerV1 pid=1386985)[0m                                            'mode': 'w4a16',
[36m(TaskRunnerV1 pid=1386985)[0m                                            'quantization_config_path': None},
[36m(TaskRunnerV1 pid=1386985)[0m                                    'quantization': None,
[36m(TaskRunnerV1 pid=1386985)[0m                                    'quantization_config_file': None,
[36m(TaskRunnerV1 pid=1386985)[0m                                    'response_length': 16384,
[36m(TaskRunnerV1 pid=1386985)[0m                                    'scheduling_policy': 'fcfs',
[36m(TaskRunnerV1 pid=1386985)[0m                                    'seed': 42,
[36m(TaskRunnerV1 pid=1386985)[0m                                    'skip_tokenizer_init': True,
[36m(TaskRunnerV1 pid=1386985)[0m                                    'temperature': 1.0,
[36m(TaskRunnerV1 pid=1386985)[0m                                    'tensor_model_parallel_size': 1,
[36m(TaskRunnerV1 pid=1386985)[0m                                    'top_k': -1,
[36m(TaskRunnerV1 pid=1386985)[0m                                    'top_p': 1.0,
[36m(TaskRunnerV1 pid=1386985)[0m                                    'trace': {'_target_': 'verl.workers.config.TraceConfig',
[36m(TaskRunnerV1 pid=1386985)[0m                                              'backend': None,
[36m(TaskRunnerV1 pid=1386985)[0m                                              'experiment_name': 'qwen3vl8b_stage3_c2_zscore_pilot_trainonly_prompt4096_gpu040_seed42',
[36m(TaskRunnerV1 pid=1386985)[0m                                              'max_samples_per_step_per_worker': None,
[36m(TaskRunnerV1 pid=1386985)[0m                                              'project_name': 'qwen3vl_stage3_pilot',
[36m(TaskRunnerV1 pid=1386985)[0m                                              'token2text': False},
[36m(TaskRunnerV1 pid=1386985)[0m                                    'val_kwargs': {'_target_': 'verl.workers.config.SamplingConfig',
[36m(TaskRunnerV1 pid=1386985)[0m                                                   'do_sample': False,
[36m(TaskRunnerV1 pid=1386985)[0m                                                   'n': 1,
[36m(TaskRunnerV1 pid=1386985)[0m                                                   'temperature': 0,
[36m(TaskRunnerV1 pid=1386985)[0m                                                   'top_k': -1,
[36m(TaskRunnerV1 pid=1386985)[0m                                                   'top_p': 1.0}}},
[36m(TaskRunnerV1 pid=1386985)[0m  'algorithm': {'_target_': 'verl.trainer.config.AlgoConfig',
[36m(TaskRunnerV1 pid=1386985)[0m                'adv_estimator': 'grpo',
[36m(TaskRunnerV1 pid=1386985)[0m                'gamma': 1.0,
[36m(TaskRunnerV1 pid=1386985)[0m                'kl_ctrl': {'_target_': 'verl.trainer.config.KLControlConfig',
[36m(TaskRunnerV1 pid=1386985)[0m                            'horizon': 10000,
[36m(TaskRunnerV1 pid=1386985)[0m                            'kl_coef': 0.001,
[36m(TaskRunnerV1 pid=1386985)[0m                            'target_kl': 0.1,
[36m(TaskRunnerV1 pid=1386985)[0m                            'type': 'fixed'},
[36m(TaskRunnerV1 pid=1386985)[0m                'kl_penalty': 'kl',
[36m(TaskRunnerV1 pid=1386985)[0m                'lam': 1.0,
[36m(TaskRunnerV1 pid=1386985)[0m                'norm_adv_by_std_in_grpo': True,
[36m(TaskRunnerV1 pid=1386985)[0m                'pf_ppo': {'reweight_method': 'pow', 'weight_pow': 2.0},
[36m(TaskRunnerV1 pid=1386985)[0m                'rollout_correction': {'bypass_mode': False,
[36m(TaskRunnerV1 pid=1386985)[0m                                       'loss_type': 'ppo_clip',
[36m(TaskRunnerV1 pid=1386985)[0m                                       'rollout_is': None,
[36m(TaskRunnerV1 pid=1386985)[0m                                       'rollout_is_batch_normalize': False,
[36m(TaskRunnerV1 pid=1386985)[0m                                       'rollout_is_threshold': 2.0,
[36m(TaskRunnerV1 pid=1386985)[0m                                       'rollout_rs': None,
[36m(TaskRunnerV1 pid=1386985)[0m                                       'rollout_rs_threshold': None},
[36m(TaskRunnerV1 pid=1386985)[0m                'use_kl_in_reward': False,
[36m(TaskRunnerV1 pid=1386985)[0m                'use_pf_ppo': False},
[36m(TaskRunnerV1 pid=1386985)[0m  'critic': {'_target_': 'verl.workers.config.FSDPCriticConfig',
[36m(TaskRunnerV1 pid=1386985)[0m             'checkpoint': {'_target_': 'verl.trainer.config.CheckpointConfig',
[36m(TaskRunnerV1 pid=1386985)[0m                            'async_save': False,
[36m(TaskRunnerV1 pid=1386985)[0m                            'load_contents': ['model', 'optimizer', 'extra'],
[36m(TaskRunnerV1 pid=1386985)[0m                            'save_contents': ['model', 'optimizer', 'extra']},
[36m(TaskRunnerV1 pid=1386985)[0m             'cliprange_value': 0.5,
[36m(TaskRunnerV1 pid=1386985)[0m             'data_loader_seed': 42,
[36m(TaskRunnerV1 pid=1386985)[0m             'enable': None,
[36m(TaskRunnerV1 pid=1386985)[0m             'forward_max_token_len_per_gpu': 32768,
[36m(TaskRunnerV1 pid=1386985)[0m             'forward_micro_batch_size': None,
[36m(TaskRunnerV1 pid=1386985)[0m             'forward_micro_batch_size_per_gpu': None,
[36m(TaskRunnerV1 pid=1386985)[0m             'fsdp': {'_target_': 'verl.workers.config.FSDPEngineConfig',
[36m(TaskRunnerV1 pid=1386985)[0m                      'dtype': 'bfloat16',
[36m(TaskRunnerV1 pid=1386985)[0m                      'entropy_checkpointing': False,
[36m(TaskRunnerV1 pid=1386985)[0m                      'entropy_from_logits_chunk_size': 2048,
[36m(TaskRunnerV1 pid=1386985)[0m                      'entropy_from_logits_with_chunking': False,
[36m(TaskRunnerV1 pid=1386985)[0m                      'forward_only': False,
[36m(TaskRunnerV1 pid=1386985)[0m                      'forward_prefetch': False,
[36m(TaskRunnerV1 pid=1386985)[0m                      'fsdp_size': -1,
[36m(TaskRunnerV1 pid=1386985)[0m                      'full_determinism': False,
[36m(TaskRunnerV1 pid=1386985)[0m                      'model_dtype': 'fp32',
[36m(TaskRunnerV1 pid=1386985)[0m                      'offload_policy': False,
[36m(TaskRunnerV1 pid=1386985)[0m                      'optimizer_offload': False,
[36m(TaskRunnerV1 pid=1386985)[0m                      'param_offload': False,
[36m(TaskRunnerV1 pid=1386985)[0m                      'qat': {'_target_': 'verl.workers.config.QATEngineConfig',
[36m(TaskRunnerV1 pid=1386985)[0m                              'activation_observer': 'static_minmax',
[36m(TaskRunnerV1 pid=1386985)[0m                              'enable': False,
[36m(TaskRunnerV1 pid=1386985)[0m                              'group_size': 16,
[36m(TaskRunnerV1 pid=1386985)[0m                              'ignore_patterns': ['lm_head',
[36m(TaskRunnerV1 pid=1386985)[0m                                                  'embed_tokens',
[36m(TaskRunnerV1 pid=1386985)[0m                                                  're:.*mlp.gate$'],
[36m(TaskRunnerV1 pid=1386985)[0m                              'mode': 'w4a16',
[36m(TaskRunnerV1 pid=1386985)[0m                              'quantization_config_path': None},
[36m(TaskRunnerV1 pid=1386985)[0m                      'reshard_after_forward': True,
[36m(TaskRunnerV1 pid=1386985)[0m                      'seed': 42,
[36m(TaskRunnerV1 pid=1386985)[0m                      'strategy': 'fsdp',
[36m(TaskRunnerV1 pid=1386985)[0m                      'ulysses_sequence_parallel_size': 1,
[36m(TaskRunnerV1 pid=1386985)[0m                      'use_orig_params': False,
[36m(TaskRunnerV1 pid=1386985)[0m                      'use_torch_compile': True,
[36m(TaskRunnerV1 pid=1386985)[0m                      'wrap_policy': {'min_num_params': 0}},
[36m(TaskRunnerV1 pid=1386985)[0m             'grad_clip': 1.0,
[36m(TaskRunnerV1 pid=1386985)[0m             'loss_agg_mode': 'token-mean',
[36m(TaskRunnerV1 pid=1386985)[0m             'model': {'_target_': 'verl.workers.config.HFModelConfig',
[36m(TaskRunnerV1 pid=1386985)[0m                       'custom_chat_template': None,
[36m(TaskRunnerV1 pid=1386985)[0m                       'enable_activation_offload': False,
[36m(TaskRunnerV1 pid=1386985)[0m                       'enable_gradient_checkpointing': True,
[36m(TaskRunnerV1 pid=1386985)[0m                       'exclude_modules': None,
[36m(TaskRunnerV1 pid=1386985)[0m                       'external_lib': None,
[36m(TaskRunnerV1 pid=1386985)[0m                       'fused_kernel_options': {'impl_backend': 'torch'},
[36m(TaskRunnerV1 pid=1386985)[0m                       'hf_config_path': None,
[36m(TaskRunnerV1 pid=1386985)[0m                       'lora': {'a2a_experimental': False,
[36m(TaskRunnerV1 pid=1386985)[0m                                'adapter_path': None,
[36m(TaskRunnerV1 pid=1386985)[0m                                'alpha': 32,
[36m(TaskRunnerV1 pid=1386985)[0m                                'dropout': 0.0,
[36m(TaskRunnerV1 pid=1386985)[0m                                'dropout_position': 'pre',
[36m(TaskRunnerV1 pid=1386985)[0m                                'dtype': None,
[36m(TaskRunnerV1 pid=1386985)[0m                                'exclude_modules': [],
[36m(TaskRunnerV1 pid=1386985)[0m                                'freeze_language_model': True,
[36m(TaskRunnerV1 pid=1386985)[0m                                'freeze_vision_model': True,
[36m(TaskRunnerV1 pid=1386985)[0m                                'freeze_vision_projection': True,
[36m(TaskRunnerV1 pid=1386985)[0m                                'lora_A_init_method': 'xavier',
[36m(TaskRunnerV1 pid=1386985)[0m                                'lora_B_init_method': 'zero',
[36m(TaskRunnerV1 pid=1386985)[0m                                'merge': False,
[36m(TaskRunnerV1 pid=1386985)[0m                                'rank': 0,
[36m(TaskRunnerV1 pid=1386985)[0m                                'target_modules': ['linear_qkv',
[36m(TaskRunnerV1 pid=1386985)[0m                                                   'linear_proj',
[36m(TaskRunnerV1 pid=1386985)[0m                                                   'linear_fc1',
[36m(TaskRunnerV1 pid=1386985)[0m                                                   'linear_fc2'],
[36m(TaskRunnerV1 pid=1386985)[0m                                'type': 'lora'},
[36m(TaskRunnerV1 pid=1386985)[0m                       'lora_adapter_path': None,
[36m(TaskRunnerV1 pid=1386985)[0m                       'lora_alpha': 16,
[36m(TaskRunnerV1 pid=1386985)[0m                       'lora_rank': 0,
[36m(TaskRunnerV1 pid=1386985)[0m                       'mtp': {'_target_': 'verl.workers.config.MtpConfig',
[36m(TaskRunnerV1 pid=1386985)[0m                               'detach_encoder': False,
[36m(TaskRunnerV1 pid=1386985)[0m                               'enable': False,
[36m(TaskRunnerV1 pid=1386985)[0m                               'enable_rollout': False,
[36m(TaskRunnerV1 pid=1386985)[0m                               'enable_train': False,
[36m(TaskRunnerV1 pid=1386985)[0m                               'method': 'mtp',
[36m(TaskRunnerV1 pid=1386985)[0m                               'mtp_loss_scaling_factor': 0.1,
[36m(TaskRunnerV1 pid=1386985)[0m                               'num_speculative_tokens': 1,
[36m(TaskRunnerV1 pid=1386985)[0m                               'speculative_algorithm': 'EAGLE',
[36m(TaskRunnerV1 pid=1386985)[0m                               'speculative_eagle_topk': 1,
[36m(TaskRunnerV1 pid=1386985)[0m                               'speculative_num_draft_tokens': 4,
[36m(TaskRunnerV1 pid=1386985)[0m                               'speculative_num_steps': 3},
[36m(TaskRunnerV1 pid=1386985)[0m                       'override_config': {},
[36m(TaskRunnerV1 pid=1386985)[0m                       'path': '~/models/deepseek-llm-7b-chat',
[36m(TaskRunnerV1 pid=1386985)[0m                       'target_modules': 'all-linear',
[36m(TaskRunnerV1 pid=1386985)[0m                       'tiled_mlp': {'enabled': False, 'num_shards': 4},
[36m(TaskRunnerV1 pid=1386985)[0m                       'tokenizer_path': None,
[36m(TaskRunnerV1 pid=1386985)[0m                       'trust_remote_code': False,
[36m(TaskRunnerV1 pid=1386985)[0m                       'use_fused_kernels': False,
[36m(TaskRunnerV1 pid=1386985)[0m                       'use_liger': False,
[36m(TaskRunnerV1 pid=1386985)[0m                       'use_remove_padding': True,
[36m(TaskRunnerV1 pid=1386985)[0m                       'use_shm': False},
[36m(TaskRunnerV1 pid=1386985)[0m             'optim': {'_target_': 'verl.workers.config.FSDPOptimizerConfig',
[36m(TaskRunnerV1 pid=1386985)[0m                       'betas': [0.9, 0.999],
[36m(TaskRunnerV1 pid=1386985)[0m                       'clip_grad': 1.0,
[36m(TaskRunnerV1 pid=1386985)[0m                       'lr': 1e-05,
[36m(TaskRunnerV1 pid=1386985)[0m                       'lr_scheduler_type': 'constant',
[36m(TaskRunnerV1 pid=1386985)[0m                       'lr_warmup_steps': -1,
[36m(TaskRunnerV1 pid=1386985)[0m                       'lr_warmup_steps_ratio': 0.0,
[36m(TaskRunnerV1 pid=1386985)[0m                       'min_lr_ratio': 0.0,
[36m(TaskRunnerV1 pid=1386985)[0m                       'num_cycles': 0.5,
[36m(TaskRunnerV1 pid=1386985)[0m                       'optimizer': 'AdamW',
[36m(TaskRunnerV1 pid=1386985)[0m                       'optimizer_impl': 'torch.optim',
[36m(TaskRunnerV1 pid=1386985)[0m                       'override_optimizer_config': None,
[36m(TaskRunnerV1 pid=1386985)[0m                       'total_training_steps': -1,
[36m(TaskRunnerV1 pid=1386985)[0m                       'warmup_style': None,
[36m(TaskRunnerV1 pid=1386985)[0m                       'weight_decay': 0.01,
[36m(TaskRunnerV1 pid=1386985)[0m                       'zero_indexed_step': True},
[36m(TaskRunnerV1 pid=1386985)[0m             'ppo_epochs': 1,
[36m(TaskRunnerV1 pid=1386985)[0m             'ppo_max_token_len_per_gpu': 32768,
[36m(TaskRunnerV1 pid=1386985)[0m             'ppo_micro_batch_size': None,
[36m(TaskRunnerV1 pid=1386985)[0m             'ppo_micro_batch_size_per_gpu': None,
[36m(TaskRunnerV1 pid=1386985)[0m             'ppo_mini_batch_size': 2,
[36m(TaskRunnerV1 pid=1386985)[0m             'profiler': {'_target_': 'verl.utils.profiler.ProfilerConfig',
[36m(TaskRunnerV1 pid=1386985)[0m                          'all_ranks': False,
[36m(TaskRunnerV1 pid=1386985)[0m                          'enable': False,
[36m(TaskRunnerV1 pid=1386985)[0m                          'ranks': [],
[36m(TaskRunnerV1 pid=1386985)[0m                          'save_path': 'outputs/profile',
[36m(TaskRunnerV1 pid=1386985)[0m                          'tool': None,
[36m(TaskRunnerV1 pid=1386985)[0m                          'tool_config': {'npu': {'_target_': 'verl.utils.profiler.config.NPUToolConfig',
[36m(TaskRunnerV1 pid=1386985)[0m                                                  'analysis': True,
[36m(TaskRunnerV1 pid=1386985)[0m                                                  'contents': [],
[36m(TaskRunnerV1 pid=1386985)[0m                                                  'discrete': False,
[36m(TaskRunnerV1 pid=1386985)[0m                                                  'level': 'level0'},
[36m(TaskRunnerV1 pid=1386985)[0m                                          'nsys': {'_target_': 'verl.utils.profiler.config.NsightToolConfig',
[36m(TaskRunnerV1 pid=1386985)[0m                                                   'discrete': False},
[36m(TaskRunnerV1 pid=1386985)[0m                                          'precision_debugger': {'_target_': 'verl.utils.profiler.config.PrecisionDebuggerToolConfig',
[36m(TaskRunnerV1 pid=1386985)[0m                                                                 'config_path': None,
[36m(TaskRunnerV1 pid=1386985)[0m                                                                 'stages': None,
[36m(TaskRunnerV1 pid=1386985)[0m                                                                 'steps': None,
[36m(TaskRunnerV1 pid=1386985)[0m                                                                 'strict': False},
[36m(TaskRunnerV1 pid=1386985)[0m                                          'torch': {'_target_': 'verl.utils.profiler.config.TorchProfilerToolConfig',
[36m(TaskRunnerV1 pid=1386985)[0m                                                    'contents': [],
[36m(TaskRunnerV1 pid=1386985)[0m                                                    'discrete': False},
[36m(TaskRunnerV1 pid=1386985)[0m                                          'torch_memory': {'_target_': 'verl.utils.profiler.config.TorchMemoryToolConfig',
[36m(TaskRunnerV1 pid=1386985)[0m                                                           'stack_depth': 32,
[36m(TaskRunnerV1 pid=1386985)[0m                                                           'trace_alloc_max_entries': 100000}}},
[36m(TaskRunnerV1 pid=1386985)[0m             'rollout_n': 2,
[36m(TaskRunnerV1 pid=1386985)[0m             'shuffle': False,
[36m(TaskRunnerV1 pid=1386985)[0m             'strategy': 'fsdp',
[36m(TaskRunnerV1 pid=1386985)[0m             'ulysses_sequence_parallel_size': 1,
[36m(TaskRunnerV1 pid=1386985)[0m             'use_dynamic_bsz': True},
[36m(TaskRunnerV1 pid=1386985)[0m  'custom_reward_function': {'name': None, 'path': None},
[36m(TaskRunnerV1 pid=1386985)[0m  'data': {'apply_chat_template_kwargs': {},
[36m(TaskRunnerV1 pid=1386985)[0m           'audio_key': 'audios',
[36m(TaskRunnerV1 pid=1386985)[0m           'continuous_token': {'enable': False, 'model_family': 'auto'},
[36m(TaskRunnerV1 pid=1386985)[0m           'custom_cls': {'name': None, 'path': None},
[36m(TaskRunnerV1 pid=1386985)[0m           'dataloader_num_workers': 0,
[36m(TaskRunnerV1 pid=1386985)[0m           'filter_overlong_prompts': True,
[36m(TaskRunnerV1 pid=1386985)[0m           'filter_overlong_prompts_workers': 1,
[36m(TaskRunnerV1 pid=1386985)[0m           'function_tool_path': None,
[36m(TaskRunnerV1 pid=1386985)[0m           'image_key': 'images',
[36m(TaskRunnerV1 pid=1386985)[0m           'image_patch_size': 14,
[36m(TaskRunnerV1 pid=1386985)[0m           'max_prompt_length': 4096,
[36m(TaskRunnerV1 pid=1386985)[0m           'max_response_length': 16384,
[36m(TaskRunnerV1 pid=1386985)[0m           'mm_processor_kwargs': {},
[36m(TaskRunnerV1 pid=1386985)[0m           'prompt_key': 'prompt',
[36m(TaskRunnerV1 pid=1386985)[0m           'return_full_prompt': False,
[36m(TaskRunnerV1 pid=1386985)[0m           'return_multi_modal_inputs': True,
[36m(TaskRunnerV1 pid=1386985)[0m           'return_raw_chat': True,
[36m(TaskRunnerV1 pid=1386985)[0m           'return_raw_input_ids': False,
[36m(TaskRunnerV1 pid=1386985)[0m           'reward_fn_key': 'data_source',
[36m(TaskRunnerV1 pid=1386985)[0m           'seed': 42,
[36m(TaskRunnerV1 pid=1386985)[0m           'shuffle': True,
[36m(TaskRunnerV1 pid=1386985)[0m           'tokenizer': None,
[36m(TaskRunnerV1 pid=1386985)[0m           'tool_config_path': None,
[36m(TaskRunnerV1 pid=1386985)[0m           'train_batch_size': 1,
[36m(TaskRunnerV1 pid=1386985)[0m           'train_files': '/data2/hjk/projects/AI-HiddenState-ER/rl_data/mathverse_qwen3vl_stage3_pilot200_128/mathverse_grpo_train.parquet',
[36m(TaskRunnerV1 pid=1386985)[0m           'train_max_samples': -1,
[36m(TaskRunnerV1 pid=1386985)[0m           'truncation': 'error',
[36m(TaskRunnerV1 pid=1386985)[0m           'trust_remote_code': False,
[36m(TaskRunnerV1 pid=1386985)[0m           'use_shm': False,
[36m(TaskRunnerV1 pid=1386985)[0m           'val_batch_size': None,
[36m(TaskRunnerV1 pid=1386985)[0m           'val_files': '/data2/hjk/projects/AI-HiddenState-ER/rl_data/mathverse_qwen3vl_stage3_pilot200_128/mathverse_grpo_val.parquet',
[36m(TaskRunnerV1 pid=1386985)[0m           'val_max_samples': -1,
[36m(TaskRunnerV1 pid=1386985)[0m           'validation_shuffle': False,
[36m(TaskRunnerV1 pid=1386985)[0m           'video_key': 'videos'},
[36m(TaskRunnerV1 pid=1386985)[0m  'distillation': {'_target_': 'verl.workers.config.DistillationConfig',
[36m(TaskRunnerV1 pid=1386985)[0m                   'distillation_loss': {'_target_': 'verl.workers.config.DistillationLossConfig',
[36m(TaskRunnerV1 pid=1386985)[0m                                         'clip_ratio': 0.2,
[36m(TaskRunnerV1 pid=1386985)[0m                                         'clip_ratio_high': 0.2,
[36m(TaskRunnerV1 pid=1386985)[0m                                         'clip_ratio_low': 0.2,
[36m(TaskRunnerV1 pid=1386985)[0m                                         'distillation_loss_coef': 1.0,
[36m(TaskRunnerV1 pid=1386985)[0m                                         'log_prob_min_clamp': None,
[36m(TaskRunnerV1 pid=1386985)[0m                                         'loss_max_clamp': None,
[36m(TaskRunnerV1 pid=1386985)[0m                                         'loss_mode': 'k3',
[36m(TaskRunnerV1 pid=1386985)[0m                                         'policy_loss_mode': 'vanilla',
[36m(TaskRunnerV1 pid=1386985)[0m                                         'topk': 32,
[36m(TaskRunnerV1 pid=1386985)[0m                                         'use_policy_gradient': False,
[36m(TaskRunnerV1 pid=1386985)[0m                                         'use_task_rewards': True},
[36m(TaskRunnerV1 pid=1386985)[0m                   'enabled': False,
[36m(TaskRunnerV1 pid=1386985)[0m                   'n_gpus_per_node': 8,
[36m(TaskRunnerV1 pid=1386985)[0m                   'nnodes': 0,
[36m(TaskRunnerV1 pid=1386985)[0m                   'teacher_key': 'data_source',
[36m(TaskRunnerV1 pid=1386985)[0m                   'teacher_models': {'teacher_model': {'_target_': 'verl.workers.config.DistillationTeacherModelConfig',
[36m(TaskRunnerV1 pid=1386985)[0m                                                        'inference': {'_target_': 'verl.workers.config.RolloutConfig',
[36m(TaskRunnerV1 pid=1386985)[0m                                                                      'cudagraph_capture_sizes': None,
[36m(TaskRunnerV1 pid=1386985)[0m                                                                      'data_parallel_size': 1,
[36m(TaskRunnerV1 pid=1386985)[0m                                                                      'disable_log_stats': True,
[36m(TaskRunnerV1 pid=1386985)[0m                                                                      'dtype': 'bfloat16',
[36m(TaskRunnerV1 pid=1386985)[0m                                                                      'enable_chunked_prefill': True,
[36m(TaskRunnerV1 pid=1386985)[0m                                                                      'enable_prefix_caching': True,
[36m(TaskRunnerV1 pid=1386985)[0m                                                                      'enforce_eager': True,
[36m(TaskRunnerV1 pid=1386985)[0m                                                                      'engine_kwargs': {},
[36m(TaskRunnerV1 pid=1386985)[0m                                                                      'expert_parallel_size': 1,
[36m(TaskRunnerV1 pid=1386985)[0m                                                                      'free_cache_engine': True,
[36m(TaskRunnerV1 pid=1386985)[0m                                                                      'gpu_memory_utilization': 0.5,
[36m(TaskRunnerV1 pid=1386985)[0m                                                                      'limit_images': None,
[36m(TaskRunnerV1 pid=1386985)[0m                                                                      'load_format': 'auto',
[36m(TaskRunnerV1 pid=1386985)[0m                                                                      'max_model_len': None,
[36m(TaskRunnerV1 pid=1386985)[0m                                                                      'max_num_batched_tokens': 8192,
[36m(TaskRunnerV1 pid=1386985)[0m                                                                      'max_num_seqs': 1024,
[36m(TaskRunnerV1 pid=1386985)[0m                                                                      'name': 'vllm',
[36m(TaskRunnerV1 pid=1386985)[0m                                                                      'prompt_length': 4096,
[36m(TaskRunnerV1 pid=1386985)[0m                                                                      'response_length': 16384,
[36m(TaskRunnerV1 pid=1386985)[0m                                                                      'skip_tokenizer_init': True,
[36m(TaskRunnerV1 pid=1386985)[0m                                                                      'temperature': 1.0,
[36m(TaskRunnerV1 pid=1386985)[0m                                                                      'tensor_model_parallel_size': 2},
[36m(TaskRunnerV1 pid=1386985)[0m                                                        'key': None,
[36m(TaskRunnerV1 pid=1386985)[0m                                                        'model_path': None,
[36m(TaskRunnerV1 pid=1386985)[0m                                                        'num_replicas': 0}}},
[36m(TaskRunnerV1 pid=1386985)[0m  'global_profiler': {'_target_': 'verl.utils.profiler.ProfilerConfig',
[36m(TaskRunnerV1 pid=1386985)[0m                      'global_tool_config': {'nsys': {'_target_': 'verl.utils.profiler.config.NsightToolConfig',
[36m(TaskRunnerV1 pid=1386985)[0m                                                      'controller_nsight_options': {'cuda-graph-trace': 'graph',
[36m(TaskRunnerV1 pid=1386985)[0m                                                                                    'cuda-memory-usage': 'true',
[36m(TaskRunnerV1 pid=1386985)[0m                                                                                    'trace': 'cuda,nvtx,cublas,ucx'},
[36m(TaskRunnerV1 pid=1386985)[0m                                                      'discrete': False,
[36m(TaskRunnerV1 pid=1386985)[0m                                                      'worker_nsight_options': {'capture-range': 'cudaProfilerApi',
[36m(TaskRunnerV1 pid=1386985)[0m                                                                                'capture-range-end': None,
[36m(TaskRunnerV1 pid=1386985)[0m                                                                                'cuda-graph-trace': 'graph',
[36m(TaskRunnerV1 pid=1386985)[0m                                                                                'cuda-memory-usage': 'true',
[36m(TaskRunnerV1 pid=1386985)[0m                                                                                'kill': 'none',
[36m(TaskRunnerV1 pid=1386985)[0m                                                                                'trace': 'cuda,nvtx,cublas,ucx'}},
[36m(TaskRunnerV1 pid=1386985)[0m                                             'precision_debugger': {'_target_': 'verl.utils.profiler.config.PrecisionDebuggerToolConfig',
[36m(TaskRunnerV1 pid=1386985)[0m                                                                    'config_path': None,
[36m(TaskRunnerV1 pid=1386985)[0m                                                                    'stages': None,
[36m(TaskRunnerV1 pid=1386985)[0m                                                                    'steps': None,
[36m(TaskRunnerV1 pid=1386985)[0m                                                                    'strict': False},
[36m(TaskRunnerV1 pid=1386985)[0m                                             'torch_memory': {'context': 'all',
[36m(TaskRunnerV1 pid=1386985)[0m                                                              'kw_args': {},
[36m(TaskRunnerV1 pid=1386985)[0m                                                              'stack_depth': 32,
[36m(TaskRunnerV1 pid=1386985)[0m                                                              'stacks': 'all',
[36m(TaskRunnerV1 pid=1386985)[0m                                                              'trace_alloc_max_entries': 100000}},
[36m(TaskRunnerV1 pid=1386985)[0m                      'profile_continuous_steps': False,
[36m(TaskRunnerV1 pid=1386985)[0m                      'save_path': 'outputs/profile',
[36m(TaskRunnerV1 pid=1386985)[0m                      'steps': None,
[36m(TaskRunnerV1 pid=1386985)[0m                      'tool': None},
[36m(TaskRunnerV1 pid=1386985)[0m  'model_engine': 'dp',
[36m(TaskRunnerV1 pid=1386985)[0m  'ray_kwargs': {'ray_init': {'num_cpus': None}, 'timeline_json_file': None},
[36m(TaskRunnerV1 pid=1386985)[0m  'reward': {'_target_': 'verl.workers.config.RewardConfig',
[36m(TaskRunnerV1 pid=1386985)[0m             'custom_reward_function': {'name': 'compute_score',
[36m(TaskRunnerV1 pid=1386985)[0m                                        'path': '/data2/hjk/projects/AI-HiddenState-ER/scripts/mathverse_qwen3vl_option_gain_reward.py'},
[36m(TaskRunnerV1 pid=1386985)[0m             'num_workers': 1,
[36m(TaskRunnerV1 pid=1386985)[0m             'reward_manager': {'_target_': 'verl.workers.config.reward.RewardManagerConfig',
[36m(TaskRunnerV1 pid=1386985)[0m                                'module': {'_target_': 'verl.trainer.config.config.ModuleConfig',
[36m(TaskRunnerV1 pid=1386985)[0m                                           'name': 'custom_reward_manager',
[36m(TaskRunnerV1 pid=1386985)[0m                                           'path': '/data2/hjk/projects/AI-HiddenState-ER/scripts/qwen3vl_c2_zscore_reward_manager.py'},
[36m(TaskRunnerV1 pid=1386985)[0m                                'name': 'Qwen3VLC2ZscoreRewardManager',
[36m(TaskRunnerV1 pid=1386985)[0m                                'source': 'importlib'},
[36m(TaskRunnerV1 pid=1386985)[0m             'reward_model': {'_target_': 'verl.workers.config.RewardModelConfig',
[36m(TaskRunnerV1 pid=1386985)[0m                              'enable': False,
[36m(TaskRunnerV1 pid=1386985)[0m                              'enable_resource_pool': False,
[36m(TaskRunnerV1 pid=1386985)[0m                              'model_path': None,
[36m(TaskRunnerV1 pid=1386985)[0m                              'n_gpus_per_node': 8,
[36m(TaskRunnerV1 pid=1386985)[0m                              'nnodes': 0,
[36m(TaskRunnerV1 pid=1386985)[0m                              'rollout': {'_target_': 'verl.workers.config.RolloutConfig',
[36m(TaskRunnerV1 pid=1386985)[0m                                          'cudagraph_capture_sizes': None,
[36m(TaskRunnerV1 pid=1386985)[0m                                          'data_parallel_size': 1,
[36m(TaskRunnerV1 pid=1386985)[0m                                          'disable_log_stats': True,
[36m(TaskRunnerV1 pid=1386985)[0m                                          'disaggregation': {'bootstrap_port': None,
[36m(TaskRunnerV1 pid=1386985)[0m                                                             'decode_replicas': 1,
[36m(TaskRunnerV1 pid=1386985)[0m                                                             'decode_tensor_model_parallel_size': None,
[36m(TaskRunnerV1 pid=1386985)[0m                                                             'enabled': False,
[36m(TaskRunnerV1 pid=1386985)[0m                                                             'ib_device': None,
[36m(TaskRunnerV1 pid=1386985)[0m                                                             'prefill_replicas': 1,
[36m(TaskRunnerV1 pid=1386985)[0m                                                             'transfer_backend': 'nixl'},
[36m(TaskRunnerV1 pid=1386985)[0m                                          'do_sample': True,
[36m(TaskRunnerV1 pid=1386985)[0m                                          'dtype': 'bfloat16',
[36m(TaskRunnerV1 pid=1386985)[0m                                          'enable_chunked_prefill': True,
[36m(TaskRunnerV1 pid=1386985)[0m                                          'enable_prefix_caching': True,
[36m(TaskRunnerV1 pid=1386985)[0m                                          'enforce_eager': True,
[36m(TaskRunnerV1 pid=1386985)[0m                                          'engine_kwargs': {},
[36m(TaskRunnerV1 pid=1386985)[0m                                          'expert_parallel_size': 1,
[36m(TaskRunnerV1 pid=1386985)[0m                                          'free_cache_engine': True,
[36m(TaskRunnerV1 pid=1386985)[0m                                          'full_determinism': False,
[36m(TaskRunnerV1 pid=1386985)[0m                                          'gpu_memory_utilization': 0.5,
[36m(TaskRunnerV1 pid=1386985)[0m                                          'ignore_eos': False,
[36m(TaskRunnerV1 pid=1386985)[0m                                          'layered_summon': False,
[36m(TaskRunnerV1 pid=1386985)[0m                                          'limit_images': None,
[36m(TaskRunnerV1 pid=1386985)[0m                                          'load_format': 'auto',
[36m(TaskRunnerV1 pid=1386985)[0m                                          'max_model_len': None,
[36m(TaskRunnerV1 pid=1386985)[0m                                          'max_num_batched_tokens': 8192,
[36m(TaskRunnerV1 pid=1386985)[0m                                          'max_num_seqs': 1024,
[36m(TaskRunnerV1 pid=1386985)[0m                                          'mtp': None,
[36m(TaskRunnerV1 pid=1386985)[0m                                          'multi_stage_wake_up': False,
[36m(TaskRunnerV1 pid=1386985)[0m                                          'n': 1,
[36m(TaskRunnerV1 pid=1386985)[0m                                          'name': '???',
[36m(TaskRunnerV1 pid=1386985)[0m                                          'pipeline_model_parallel_size': 1,
[36m(TaskRunnerV1 pid=1386985)[0m                                          'prompt_length': 2048,
[36m(TaskRunnerV1 pid=1386985)[0m                                          'quantization': None,
[36m(TaskRunnerV1 pid=1386985)[0m                                          'quantization_config_file': None,
[36m(TaskRunnerV1 pid=1386985)[0m                                          'response_length': 2048,
[36m(TaskRunnerV1 pid=1386985)[0m                                          'scheduling_policy': 'fcfs',
[36m(TaskRunnerV1 pid=1386985)[0m                                          'seed': 42,
[36m(TaskRunnerV1 pid=1386985)[0m                                          'skip_tokenizer_init': False,
[36m(TaskRunnerV1 pid=1386985)[0m                                          'temperature': 1.0,
[36m(TaskRunnerV1 pid=1386985)[0m                                          'tensor_model_parallel_size': 2,
[36m(TaskRunnerV1 pid=1386985)[0m                                          'top_k': -1,
[36m(TaskRunnerV1 pid=1386985)[0m                                          'top_p': 1}},
[36m(TaskRunnerV1 pid=1386985)[0m             'sandbox_fusion': {'_target_': 'verl.workers.config.SandboxFusionConfig',
[36m(TaskRunnerV1 pid=1386985)[0m                                'max_concurrent': 64,
[36m(TaskRunnerV1 pid=1386985)[0m                                'memory_limit_mb': 1024,
[36m(TaskRunnerV1 pid=1386985)[0m                                'url': None}},
[36m(TaskRunnerV1 pid=1386985)[0m  'reward_model': {'enable': None,
[36m(TaskRunnerV1 pid=1386985)[0m                   'enable_resource_pool': None,
[36m(TaskRunnerV1 pid=1386985)[0m                   'model': {'external_lib': None,
[36m(TaskRunnerV1 pid=1386985)[0m                             'path': None,
[36m(TaskRunnerV1 pid=1386985)[0m                             'trust_remote_code': None},
[36m(TaskRunnerV1 pid=1386985)[0m                   'n_gpus_per_node': None,
[36m(TaskRunnerV1 pid=1386985)[0m                   'nnodes': None,
[36m(TaskRunnerV1 pid=1386985)[0m                   'num_workers': None,
[36m(TaskRunnerV1 pid=1386985)[0m                   'reward_loop_class_name': None,
[36m(TaskRunnerV1 pid=1386985)[0m                   'reward_loop_module_path': None,
[36m(TaskRunnerV1 pid=1386985)[0m                   'reward_loop_source': None,
[36m(TaskRunnerV1 pid=1386985)[0m                   'reward_manager': None,
[36m(TaskRunnerV1 pid=1386985)[0m                   'rollout': {'cudagraph_capture_sizes': None,
[36m(TaskRunnerV1 pid=1386985)[0m                               'data_parallel_size': None,
[36m(TaskRunnerV1 pid=1386985)[0m                               'disable_log_stats': None,
[36m(TaskRunnerV1 pid=1386985)[0m                               'dtype': None,
[36m(TaskRunnerV1 pid=1386985)[0m                               'enable_chunked_prefill': None,
[36m(TaskRunnerV1 pid=1386985)[0m                               'enable_prefix_caching': None,
[36m(TaskRunnerV1 pid=1386985)[0m                               'enforce_eager': None,
[36m(TaskRunnerV1 pid=1386985)[0m                               'engine_kwargs': None,
[36m(TaskRunnerV1 pid=1386985)[0m                               'expert_parallel_size': None,
[36m(TaskRunnerV1 pid=1386985)[0m                               'free_cache_engine': None,
[36m(TaskRunnerV1 pid=1386985)[0m                               'gpu_memory_utilization': None,
[36m(TaskRunnerV1 pid=1386985)[0m                               'limit_images': None,
[36m(TaskRunnerV1 pid=1386985)[0m                               'load_format': None,
[36m(TaskRunnerV1 pid=1386985)[0m                               'max_model_len': None,
[36m(TaskRunnerV1 pid=1386985)[0m                               'max_num_batched_tokens': None,
[36m(TaskRunnerV1 pid=1386985)[0m                               'max_num_seqs': None,
[36m(TaskRunnerV1 pid=1386985)[0m                               'name': None,
[36m(TaskRunnerV1 pid=1386985)[0m                               'prompt_length': None,
[36m(TaskRunnerV1 pid=1386985)[0m                               'response_length': None,
[36m(TaskRunnerV1 pid=1386985)[0m                               'skip_tokenizer_init': None,
[36m(TaskRunnerV1 pid=1386985)[0m                               'tensor_model_parallel_size': None}},
[36m(TaskRunnerV1 pid=1386985)[0m  'sandbox_fusion': {'max_concurrent': None,
[36m(TaskRunnerV1 pid=1386985)[0m                     'memory_limit_mb': None,
[36m(TaskRunnerV1 pid=1386985)[0m                     'url': None},
[36m(TaskRunnerV1 pid=1386985)[0m  'skip': {'_target_': 'verl.utils.skip.SkipManagerConfig',[36m(TaskRunnerV1 pid=1386985)[0m /data2/hjk/projects/verl/verl/trainer/ppo/v1/trainer_base.py:114: UserWarning: Disabled critic as algorithm.adv_estimator != gae. If it is not intended, please set critic.enable=True
[36m(TaskRunnerV1 pid=1386985)[0m   self.use_critic = need_critic(self.config)
[36m(TaskRunnerV1 pid=1386985)[0m Filtering prompts longer than 4096 tokens (num_proc=1):   0%|          | 0/200 [00:00<?, ? examples/s]
[36m(TaskRunnerV1 pid=1386985)[0m Filtering prompts longer than 4096 tokens (num_proc=1): 100%|██████████| 200/200 [00:06<00:00, 32.42 examples/s]
[36m(TaskRunnerV1 pid=1386985)[0m Filtering prompts longer than 4096 tokens (num_proc=1): 100%|██████████| 200/200 [00:06<00:00, 31.69 examples/s]
[36m(TaskRunnerV1 pid=1386985)[0m Filtering prompts longer than 4096 tokens (num_proc=1):   0%|          | 0/128 [00:00<?, ? examples/s]
[36m(TaskRunnerV1 pid=1386985)[0m Filtering prompts longer than 4096 tokens (num_proc=1): 100%|██████████| 128/128 [00:02<00:00, 46.44 examples/s]
[36m(TaskRunnerV1 pid=1386985)[0m Filtering prompts longer than 4096 tokens (num_proc=1): 100%|██████████| 128/128 [00:02<00:00, 44.00 examples/s]
[36m(TaskRunnerV1 pid=1386985)[0m INFO:2026-07-06 06:36:01,147:train and validate dataloader initialized, train dataset size: 198, val dataset size: 128
[36m(TaskRunnerV1 pid=1386985)[0m INFO:2026-07-06 06:36:01,147:Total training steps: 50
[36m(TaskRunnerV1 pid=1386985)[0m /data2/hjk/projects/verl/verl/trainer/ppo/v1/trainer_base.py:597: UserWarning: Disabled critic as algorithm.adv_estimator != gae. If it is not intended, please set critic.enable=True
[36m(TaskRunnerV1 pid=1386985)[0m   if need_critic(config):
[36m(TaskRunnerV1 pid=1386985)[0m INFO:2026-07-06 06:36:01,161:worker group kwargs: {'device_name': 'cuda'}
[36m(TaskRunnerV1 pid=1386985)[0m INFO:2026-07-06 06:36:02,177:create worker group dict_keys(['actor_rollout'])
[36m(pid=1388437)[0m /data2/hjk/envs/verl_qwen3vl_py311/lib/python3.11/site-packages/transformers/utils/hub.py:110: FutureWarning: Using `TRANSFORMERS_CACHE` is deprecated and will be removed in v5 of Transformers. Use `HF_HOME` instead.
[36m(pid=1388437)[0m   warnings.warn(
[36m(WorkerDict pid=1388437)[0m /data2/hjk/projects/verl/verl/workers/engine/mindspeed/transformer_impl.py:24: UserWarning: NPU not support router replay for now.
[36m(WorkerDict pid=1388437)[0m   from verl.utils.megatron.router_replay_patch import RouterReplay
[36m(WorkerDict pid=1388437)[0m `torch_dtype` is deprecated! Use `dtype` instead!
[36m(WorkerDict pid=1388437)[0m Loading checkpoint shards:   0%|          | 0/4 [00:00<?, ?it/s]
[36m(WorkerDict pid=1388437)[0m Loading checkpoint shards:  25%|██▌       | 1/4 [00:04<00:13,  4.66s/it]
[36m(WorkerDict pid=1388437)[0m Loading checkpoint shards:  50%|█████     | 2/4 [00:08<00:08,  4.20s/it]
[36m(WorkerDict pid=1388437)[0m Loading checkpoint shards:  75%|███████▌  | 3/4 [00:12<00:04,  4.21s/it]
[36m(WorkerDict pid=1388437)[0m Loading checkpoint shards: 100%|██████████| 4/4 [00:15<00:00,  3.44s/it]Loading checkpoint shards: 100%|██████████| 4/4 [00:15<00:00,  3.75s/it]
[36m(TaskRunnerV1 pid=1386985)[0m INFO:2026-07-06 06:36:46,214:actor and ref model engine initialized
[36m(TaskRunnerV1 pid=1386985)[0m INFO:2026-07-06 06:36:46,288:reward loop manager initialized
[36m(pid=1389304)[0m /data2/hjk/envs/verl_qwen3vl_py311/lib/python3.11/site-packages/transformers/utils/hub.py:110: FutureWarning: Using `TRANSFORMERS_CACHE` is deprecated and will be removed in v5 of Transformers. Use `HF_HOME` instead.
[36m(pid=1389304)[0m   warnings.warn(
[36m(pid=1389423)[0m /data2/hjk/envs/verl_qwen3vl_py311/lib/python3.11/site-packages/transformers/utils/hub.py:110: FutureWarning: Using `TRANSFORMERS_CACHE` is deprecated and will be removed in v5 of Transformers. Use `HF_HOME` instead.
[36m(pid=1389423)[0m   warnings.warn(
[36m(vLLMHttpServer pid=1389423)[0m WARNING:2026-07-06 06:36:57,952:agent loop only support torch and npu profiler, got None
[36m(vLLMHttpServer pid=1389423)[0m INFO:2026-07-06 06:36:57,953:vLLMHttpServer, replica_rank: 0, node_rank: 0, CUDA_VISIBLE_DEVICES: 0, master_address: 202.120.39.159, master_port: 38487, data_parallel_rpc_port: 39055, data_parallel_master_port: 46263
[36m(vLLMHttpServer pid=1389423)[0m INFO:2026-07-06 06:36:57,962:override_generation_config: {'temperature': 1.0, 'top_k': -1, 'top_p': 1.0, 'repetition_penalty': 1.0, 'max_new_tokens': 16384}
[36m(vLLMHttpServer pid=1389423)[0m INFO:2026-07-06 06:36:57,962:enable_sleep_mode: True
[36m(vLLMHttpServer pid=1389423)[0m `torch_dtype` is deprecated! Use `dtype` instead!

[36m(TaskRunnerV1 pid=1386985)[0m           'async_rollout': {'action': 'cache',
[36m(TaskRunnerV1 pid=1386985)[0m                             'dump_dir': '~/.verl/rollout_dump',
[36m(TaskRunnerV1 pid=1386985)[0m                             'enable': False,
[36m(TaskRunnerV1 pid=1386985)[0m                             'steps': []},
[36m(TaskRunnerV1 pid=1386985)[0m           'rollout': {'action': 'cache',
[36m(TaskRunnerV1 pid=1386985)[0m                       'dump_dir': '~/.verl/rollout_dump',
[36m(TaskRunnerV1 pid=1386985)[0m                       'enable': False,
[36m(TaskRunnerV1 pid=1386985)[0m                       'steps': []}},
[36m(TaskRunnerV1 pid=1386985)[0m  'trainer': {'balance_batch': True,
[36m(TaskRunnerV1 pid=1386985)[0m              'critic_warmup': 0,
[36m(TaskRunnerV1 pid=1386985)[0m              'default_hdfs_dir': None,
[36m(TaskRunnerV1 pid=1386985)[0m              'default_local_dir': '/data2/hjk/checkpoints/verl_qwen3vl/qwen3vl8b_stage3_c2_zscore_pilot_trainonly_prompt4096_gpu040_seed42',
[36m(TaskRunnerV1 pid=1386985)[0m              'del_local_ckpt_after_load': False,
[36m(TaskRunnerV1 pid=1386985)[0m              'device': 'cuda',
[36m(TaskRunnerV1 pid=1386985)[0m              'esi_redundant_time': 0,
[36m(TaskRunnerV1 pid=1386985)[0m              'experiment_name': 'qwen3vl8b_stage3_c2_zscore_pilot_trainonly_prompt4096_gpu040_seed42',
[36m(TaskRunnerV1 pid=1386985)[0m              'log_val_generations': 16,
[36m(TaskRunnerV1 pid=1386985)[0m              'logger': ['console'],
[36m(TaskRunnerV1 pid=1386985)[0m              'max_actor_ckpt_to_keep': None,
[36m(TaskRunnerV1 pid=1386985)[0m              'max_critic_ckpt_to_keep': None,
[36m(TaskRunnerV1 pid=1386985)[0m              'n_gpus_per_node': 1,
[36m(TaskRunnerV1 pid=1386985)[0m              'nnodes': 1,
[36m(TaskRunnerV1 pid=1386985)[0m              'project_name': 'qwen3vl_stage3_pilot',
[36m(TaskRunnerV1 pid=1386985)[0m              'ray_wait_register_center_timeout': 300,
[36m(TaskRunnerV1 pid=1386985)[0m              'resume_from_path': None,
[36m(TaskRunnerV1 pid=1386985)[0m              'resume_mode': 'auto',
[36m(TaskRunnerV1 pid=1386985)[0m              'rollout_data_dir': None,
[36m(TaskRunnerV1 pid=1386985)[0m              'save_freq': -1,
[36m(TaskRunnerV1 pid=1386985)[0m              'test_freq': -1,
[36m(TaskRunnerV1 pid=1386985)[0m              'total_epochs': 1,
[36m(TaskRunnerV1 pid=1386985)[0m              'total_training_steps': 50,
[36m(TaskRunnerV1 pid=1386985)[0m              'use_v1': True,
[36m(TaskRunnerV1 pid=1386985)[0m              'v1': {'colocate_async': {'num_warmup_batches': 1},
[36m(TaskRunnerV1 pid=1386985)[0m                     'sampler': {'custom_sampler': {'name': None, 'path': None},
[36m(TaskRunnerV1 pid=1386985)[0m                                 'max_off_policy_strategy': 'drop',
[36m(TaskRunnerV1 pid=1386985)[0m                                 'max_off_policy_threshold': 8,
[36m(TaskRunnerV1 pid=1386985)[0m                                 'sampler_kwargs': {}},
[36m(TaskRunnerV1 pid=1386985)[0m                     'separate_async': {'num_warmup_batches': 4,
[36m(TaskRunnerV1 pid=1386985)[0m                                        'parameter_sync_step': 4},
[36m(TaskRunnerV1 pid=1386985)[0m                     'sync': {},
[36m(TaskRunnerV1 pid=1386985)[0m                     'trainer_mode': 'sync'},
[36m(TaskRunnerV1 pid=1386985)[0m              'val_before_train': False,
[36m(TaskRunnerV1 pid=1386985)[0m              'val_only': False,
[36m(TaskRunnerV1 pid=1386985)[0m              'validation_data_dir': '/data2/hjk/projects/AI-HiddenState-ER/rl_audit/qwen3vl8b_stage3_c2_zscore_pilot_trainonly_prompt4096_gpu040_seed42/validation_generations'},
[36m(TaskRunnerV1 pid=1386985)[0m  'transfer_queue': {'backend': {'MooncakeStore': {'auto_init': False,
[36m(TaskRunnerV1 pid=1386985)[0m                                                   'device_name': '',
[36m(TaskRunnerV1 pid=1386985)[0m                                                   'global_segment_size': 4294967296,
[36m(TaskRunnerV1 pid=1386985)[0m                                                   'local_buffer_size': 1073741824,
[36m(TaskRunnerV1 pid=1386985)[0m                                                   'local_hostname': 'localhost',
[36m(TaskRunnerV1 pid=1386985)[0m                                                   'master_server_address': 'localhost:50124',
[36m(TaskRunnerV1 pid=1386985)[0m                                                   'metadata_server': 'localhost:50123',
[36m(TaskRunnerV1 pid=1386985)[0m                                                   'protocol': 'tcp'},
[36m(TaskRunnerV1 pid=1386985)[0m                                 'SimpleStorage': {'num_data_storage_units': 8,
[36m(TaskRunnerV1 pid=1386985)[0m                                                   'total_storage_size': 100000},
[36m(TaskRunnerV1 pid=1386985)[0m                                 'storage_backend': 'SimpleStorage'},
[36m(TaskRunnerV1 pid=1386985)[0m                     'enable': True,
[36m(TaskRunnerV1 pid=1386985)[0m                     'metrics': {'enabled': False, 'port': 0}}}
[36m(TaskRunnerV1 pid=1386985)[0m Using dataset class: RLHFDataset
[36m(TaskRunnerV1 pid=1386985)[0m dataset len: 200
[36m(TaskRunnerV1 pid=1386985)[0m filter dataset len: 198
[36m(TaskRunnerV1 pid=1386985)[0m Using dataset class: RLHFDataset
[36m(TaskRunnerV1 pid=1386985)[0m dataset len: 128
[36m(TaskRunnerV1 pid=1386985)[0m filter dataset len: 128
[36m(TaskRunnerV1 pid=1386985)[0m colocated worker base class <class 'verl.single_controller.base.worker.Worker'>
[36m(WorkerDict pid=1388437)[0m [Gloo] Rank 0 is connected to 0 peer ranks. Expected number of connected peer ranks is : 0
[36m(WorkerDict pid=1388437)[0m Warning: Failed to set NUMA affinity: libnuma.so: cannot open shared object file: No such file or directory
[36m(WorkerDict pid=1388437)[0m Monkey patch Qwen3VLForConditionalGeneration model forward
[36m(WorkerDict pid=1388437)[0m Monkey patch _flash_attention_forward in transformers.integrations.flash_attention
[36m(WorkerDict pid=1388437)[0m Skipping monkey patch for Qwen3VLForConditionalGeneration as use_fused_kernels is False or fused_kernels_backend is torch
[36m(WorkerDict pid=1388437)[0m PeftModelForCausalLM contains 8.79B parameters
[36m(WorkerDict pid=1388437)[0m Before FSDP, memory allocated (GB): 0.00, memory reserved (GB): 0.00, device memory used/total (GB): 0.51/139.80
[36m(WorkerDict pid=1388437)[0m After FSDP, memory allocated (GB): 32.76, memory reserved (GB): 37.64, device memory used/total (GB): 38.79/139.80
[36m(WorkerDict pid=1388437)[0m Total steps: 50, num_warmup_steps: 0
[36m(WorkerDict pid=1388437)[0m NCCL version 2.27.3+cuda12.9
[36m(WorkerDict pid=1388437)[0m [Gloo] Rank 0 is connected to 0 peer ranks. Expected number of connected peer ranks is : 0
[36m(WorkerDict pid=1388437)[0m [Gloo] Rank 0 is connected to 0 peer ranks. Expected number of connected peer ranks is : 0
[36m(WorkerDict pid=1388437)[0m [Gloo] Rank 0 is connected to 0 peer ranks. Expected number of connected peer ranks is : 0
[36m(TaskRunnerV1 pid=1386985)[0m WARNING 07-06 06:36:48 [api_server.py:1213] LoRA dynamic loading & unloading is enabled in the API server. This should ONLY be used for local development!
[36m(pid=1389423)[0m WARNING 07-06 06:36:56 [api_server.py:1213] LoRA dynamic loading & unloading is enabled in the API server. This should ONLY be used for local development!
[36m(vLLMHttpServer pid=1389423)[0m ['serve',
[36m(vLLMHttpServer pid=1389423)[0m  '/data2/hjk/models/huggingface/hub/models--Qwen--Qwen3-VL-8B-Thinking/snapshots/92f3c4b4feadd3a016ef468d103bb5f58b2a2c6b',
[36m(vLLMHttpServer pid=1389423)[0m  '--dtype',
[36m(vLLMHttpServer pid=1389423)[0m  'bfloat16',
[36m(vLLMHttpServer pid=1389423)[0m  '--load_format',
[36m(vLLMHttpServer pid=1389423)[0m  'dummy',
[36m(vLLMHttpServer pid=1389423)[0m  '--distributed_executor_backend',
[36m(vLLMHttpServer pid=1389423)[0m  'mp',
[36m(vLLMHttpServer pid=1389423)[0m  '--worker_extension_cls',[36m(vLLMHttpServer pid=1389423)[0m /data2/hjk/envs/verl_qwen3vl_py311/lib/python3.11/site-packages/transformers/utils/hub.py:110: FutureWarning: Using `TRANSFORMERS_CACHE` is deprecated and will be removed in v5 of Transformers. Use `HF_HOME` instead.
[36m(vLLMHttpServer pid=1389423)[0m   warnings.warn(
[36m(vLLMHttpServer pid=1389423)[0m /data2/hjk/envs/verl_qwen3vl_py311/lib/python3.11/site-packages/transformers/utils/hub.py:110: FutureWarning: Using `TRANSFORMERS_CACHE` is deprecated and will be removed in v5 of Transformers. Use `HF_HOME` instead.
[36m(vLLMHttpServer pid=1389423)[0m   warnings.warn(
[36m(vLLMHttpServer pid=1389423)[0m [1;36m(Worker pid=1389652)[0;0m Capturing CUDA graphs (mixed prefill-decode, PIECEWISE):   0%|          | 0/4 [00:00<?, ?it/s]
[36m(vLLMHttpServer pid=1389423)[0m Capturing CUDA graphs (mixed prefill-decode, PIECEWISE):  75%|███████▌  | 3/4 [00:00<00:00, 22.93it/s]Capturing CUDA graphs (mixed prefill-decode, PIECEWISE): 100%|██████████| 4/4 [00:00<00:00, 22.15it/s]
[36m(vLLMHttpServer pid=1389423)[0m [1;36m(Worker pid=1389652)[0;0m Capturing CUDA graphs (decode, FULL):   0%|          | 0/3 [00:00<?, ?it/s]
[36m(vLLMHttpServer pid=1389423)[0m Capturing CUDA graphs (decode, FULL): 100%|██████████| 3/3 [00:00<00:00, 30.68it/s]
[36m(vLLMHttpServer pid=1389423)[0m INFO:2026-07-06 06:37:59,854:Initializing a V1 LLM engine with config: model='/data2/hjk/models/huggingface/hub/models--Qwen--Qwen3-VL-8B-Thinking/snapshots/92f3c4b4feadd3a016ef468d103bb5f58b2a2c6b', speculative_config=None, tokenizer='/data2/hjk/models/huggingface/hub/models--Qwen--Qwen3-VL-8B-Thinking/snapshots/92f3c4b4feadd3a016ef468d103bb5f58b2a2c6b', skip_tokenizer_init=False, tokenizer_mode=auto, revision=None, tokenizer_revision=None, trust_remote_code=False, dtype=torch.bfloat16, max_seq_len=20480, download_dir=None, load_format=dummy, tensor_parallel_size=1, pipeline_parallel_size=1, data_parallel_size=1, disable_custom_all_reduce=False, quantization=None, enforce_eager=False, kv_cache_dtype=auto, device_config=cuda, structured_outputs_config=StructuredOutputsConfig(backend='auto', disable_fallback=False, disable_any_whitespace=False, disable_additional_properties=False, reasoning_parser=''), observability_config=ObservabilityConfig(show_hidden_metrics_for_version=None, otlp_traces_endpoint=None, collect_detailed_traces=None), seed=42, served_model_name=/data2/hjk/models/huggingface/hub/models--Qwen--Qwen3-VL-8B-Thinking/snapshots/92f3c4b4feadd3a016ef468d103bb5f58b2a2c6b, enable_prefix_caching=True, chunked_prefill_enabled=True, pooler_config=None, compilation_config={"level":3,"debug_dump_path":"","cache_dir":"","backend":"","custom_ops":[],"splitting_ops":["vllm.unified_attention","vllm.unified_attention_with_output","vllm.mamba_mixer2","vllm.mamba_mixer","vllm.short_conv","vllm.linear_attention","vllm.plamo2_mamba_mixer","vllm.gdn_attention","vllm.sparse_attn_indexer"],"use_inductor":true,"compile_sizes":[],"inductor_compile_config":{"enable_auto_functionalized_v2":false},"inductor_passes":{},"cudagraph_mode":[2,1],"use_cudagraph":true,"cudagraph_num_of_warmups":1,"cudagraph_capture_sizes":[8,4,2,1],"cudagraph_copy_inputs":false,"full_cuda_graph":false,"use_inductor_graph_partition":false,"pass_config":{},"max_capture_size":8,"local_cache_dir":null}
[36m(TaskRunnerV1 pid=1386985)[0m INFO:2026-07-06 06:38:00,268:checkpoint engine manager initialized
[36m(TaskRunnerV1 pid=1386985)[0m INFO:2026-07-06 06:38:00,851:Training from scratch
[36m(TaskRunnerV1 pid=1386985)[0m INFO:2026-07-06 06:38:00,851:all initialize finished, ready to fit
[36m(GlobalRequestLoadBalancer pid=1390530)[0m /data2/hjk/envs/verl_qwen3vl_py311/lib/python3.11/site-packages/transformers/utils/hub.py:110: FutureWarning: Using `TRANSFORMERS_CACHE` is deprecated and will be removed in v5 of Transformers. Use `HF_HOME` instead.
[36m(GlobalRequestLoadBalancer pid=1390530)[0m   warnings.warn(
[36m(WorkerDict pid=1388437)[0m INFO:2026-07-06 06:38:29,669:update_weights done, time cost: 1.00s
[36m(TaskRunnerV1 pid=1386985)[0m Training Progress:   0%|          | 0/50 [00:00<?, ?it/s]
[36m(pid=1391010)[0m /data2/hjk/envs/verl_qwen3vl_py311/lib/python3.11/site-packages/transformers/utils/hub.py:110: FutureWarning: Using `TRANSFORMERS_CACHE` is deprecated and will be removed in v5 of Transformers. Use `HF_HOME` instead.
[36m(pid=1391010)[0m   warnings.warn(
[36m(pid=1391012)[0m /data2/hjk/envs/verl_qwen3vl_py311/lib/python3.11/site-packages/transformers/utils/hub.py:110: FutureWarning: Using `TRANSFORMERS_CACHE` is deprecated and will be removed in v5 of Transformers. Use `HF_HOME` instead.
[36m(pid=1391012)[0m   warnings.warn(
[36m(pid=1391015)[0m /data2/hjk/envs/verl_qwen3vl_py311/lib/python3.11/site-packages/transformers/utils/hub.py:110: FutureWarning: Using `TRANSFORMERS_CACHE` is deprecated and will be removed in v5 of Transformers. Use `HF_HOME` instead.
[36m(pid=1391015)[0m   warnings.warn(
[36m(pid=1391016)[0m /data2/hjk/envs/verl_qwen3vl_py311/lib/python3.11/site-packages/transformers/utils/hub.py:110: FutureWarning: Using `TRANSFORMERS_CACHE` is deprecated and will be removed in v5 of Transformers. Use `HF_HOME` instead.
[36m(pid=1391016)[0m   warnings.warn(
[36m(pid=1391013)[0m /data2/hjk/envs/verl_qwen3vl_py311/lib/python3.11/site-packages/transformers/utils/hub.py:110: FutureWarning: Using `TRANSFORMERS_CACHE` is deprecated and will be removed in v5 of Transformers. Use `HF_HOME` instead.
[36m(pid=1391013)[0m   warnings.warn(
[36m(pid=1391011)[0m /data2/hjk/envs/verl_qwen3vl_py311/lib/python3.11/site-packages/transformers/utils/hub.py:110: FutureWarning: Using `TRANSFORMERS_CACHE` is deprecated and will be removed in v5 of Transformers. Use `HF_HOME` instead.
[36m(pid=1391011)[0m   warnings.warn(
[36m(pid=1391017)[0m /data2/hjk/envs/verl_qwen3vl_py311/lib/python3.11/site-packages/transformers/utils/hub.py:110: FutureWarning: Using `TRANSFORMERS_CACHE` is deprecated and will be removed in v5 of Transformers. Use `HF_HOME` instead.
[36m(pid=1391017)[0m   warnings.warn(
[36m(pid=1391014)[0m /data2/hjk/envs/verl_qwen3vl_py311/lib/python3.11/site-packages/transformers/utils/hub.py:110: FutureWarning: Using `TRANSFORMERS_CACHE` is deprecated and will be removed in v5 of Transformers. Use `HF_HOME` instead.
[36m(pid=1391014)[0m   warnings.warn(
[36m(pid=1391016)[0m /data2/hjk/projects/verl/verl/workers/engine/mindspeed/transformer_impl.py:24: UserWarning: NPU not support router replay for now.
[36m(pid=1391016)[0m   from verl.utils.megatron.router_replay_patch import RouterReplay
[36m(pid=1391015)[0m /data2/hjk/projects/verl/verl/workers/engine/mindspeed/transformer_impl.py:24: UserWarning: NPU not support router replay for now.
[36m(pid=1391015)[0m   from verl.utils.megatron.router_replay_patch import RouterReplay
[36m(pid=1391013)[0m /data2/hjk/projects/verl/verl/workers/engine/mindspeed/transformer_impl.py:24: UserWarning: NPU not support router replay for now.
[36m(pid=1391013)[0m   from verl.utils.megatron.router_replay_patch import RouterReplay
[36m(pid=1391010)[0m /data2/hjk/projects/verl/verl/workers/engine/mindspeed/transformer_impl.py:24: UserWarning: NPU not support router replay for now.
[36m(pid=1391010)[0m   from verl.utils.megatron.router_replay_patch import RouterReplay
[36m(pid=1391011)[0m /data2/hjk/projects/verl/verl/workers/engine/mindspeed/transformer_impl.py:24: UserWarning: NPU not support router replay for now.
[36m(pid=1391011)[0m   from verl.utils.megatron.router_replay_patch import RouterReplay
[36m(pid=1391012)[0m /data2/hjk/projects/verl/verl/workers/engine/mindspeed/transformer_impl.py:24: UserWarning: NPU not support router replay for now.
[36m(pid=1391012)[0m   from verl.utils.megatron.router_replay_patch import RouterReplay
[36m(pid=1391017)[0m /data2/hjk/projects/verl/verl/workers/engine/mindspeed/transformer_impl.py:24: UserWarning: NPU not support router replay for now.
[36m(pid=1391017)[0m   from verl.utils.megatron.router_replay_patch import RouterReplay
[36m(pid=1391014)[0m /data2/hjk/projects/verl/verl/workers/engine/mindspeed/transformer_impl.py:24: UserWarning: NPU not support router replay for now.
[36m(pid=1391014)[0m   from verl.utils.megatron.router_replay_patch import RouterReplay
[36m(AgentLoopWorkerTQ pid=1391016)[0m Using blocking ray.get inside async actor. This blocks the event loop. Please use `await` on object ref with asyncio.gather if you want to yield execution to the event loop instead.
[36m(AgentLoopWorkerTQ pid=1391015)[0m Using blocking ray.get inside async actor. This blocks the event loop. Please use `await` on object ref with asyncio.gather if you want to yield execution to the event loop instead.
[36m(AgentLoopWorkerTQ pid=1391013)[0m Using blocking ray.get inside async actor. This blocks the event loop. Please use `await` on object ref with asyncio.gather if you want to yield execution to the event loop instead.
[36m(AgentLoopWorkerTQ pid=1391017)[0m Using blocking ray.get inside async actor. This blocks the event loop. Please use `await` on object ref with asyncio.gather if you want to yield execution to the event loop instead.
[36m(AgentLoopWorkerTQ pid=1391014)[0m Using blocking ray.get inside async actor. This blocks the event loop. Please use `await` on object ref with asyncio.gather if you want to yield execution to the event loop instead.
[36m(AgentLoopWorkerTQ pid=1391010)[0m Using blocking ray.get inside async actor. This blocks the event loop. Please use `await` on object ref with asyncio.gather if you want to yield execution to the event loop instead.
[36m(AgentLoopWorkerTQ pid=1391011)[0m Using blocking ray.get inside async actor. This blocks the event loop. Please use `await` on object ref with asyncio.gather if you want to yield execution to the event loop instead.
[36m(AgentLoopWorkerTQ pid=1391012)[0m Using blocking ray.get inside async actor. This blocks the event loop. Please use `await` on object ref with asyncio.gather if you want to yield execution to the event loop instead.
[36m(RewardLoopWorker pid=1389304)[0m `torch_dtype` is deprecated! Use `dtype` instead!
[36m(RewardLoopWorker pid=1389304)[0m Loading checkpoint shards:   0%|          | 0/4 [00:00<?, ?it/s]Loading checkpoint shards: 100%|██████████| 4/4 [00:00<00:00, 67.98it/s]
[36m(WorkerDict pid=1388437)[0m Using blocking ray.get inside async actor. This blocks the event loop. Please use `await` on object ref with asyncio.gather if you want to yield execution to the event loop instead.
[36m(WorkerDict pid=1388437)[0m INFO:2026-07-06 06:40:11,556:update_weights done, time cost: 0.99s
[36m(TaskRunnerV1 pid=1386985)[0m Training Progress:   2%|▏         | 1/50 [01:41<1:23:01, 101.66s/it]

[36m(vLLMHttpServer pid=1389423)[0m  'verl.workers.rollout.vllm_rollout.utils.vLLMColocateWorkerExtension',
[36m(vLLMHttpServer pid=1389423)[0m  '--max_model_len',
[36m(vLLMHttpServer pid=1389423)[0m  '20480',
[36m(vLLMHttpServer pid=1389423)[0m  '--max_num_seqs',
[36m(vLLMHttpServer pid=1389423)[0m  '4',
[36m(vLLMHttpServer pid=1389423)[0m  '--max_num_batched_tokens',
[36m(vLLMHttpServer pid=1389423)[0m  '20480',
[36m(vLLMHttpServer pid=1389423)[0m  '--enable_prefix_caching',
[36m(vLLMHttpServer pid=1389423)[0m  '--enable_sleep_mode',
[36m(vLLMHttpServer pid=1389423)[0m  '--logprobs_mode',
[36m(vLLMHttpServer pid=1389423)[0m  'processed_logprobs',
[36m(vLLMHttpServer pid=1389423)[0m  '--gpu_memory_utilization',
[36m(vLLMHttpServer pid=1389423)[0m  '0.4',
[36m(vLLMHttpServer pid=1389423)[0m  '--disable_log_stats',
[36m(vLLMHttpServer pid=1389423)[0m  '--tensor_parallel_size',
[36m(vLLMHttpServer pid=1389423)[0m  '1',
[36m(vLLMHttpServer pid=1389423)[0m  '--seed',
[36m(vLLMHttpServer pid=1389423)[0m  '42',
[36m(vLLMHttpServer pid=1389423)[0m  '--override_generation_config',
[36m(vLLMHttpServer pid=1389423)[0m  '{"temperature": 1.0, "top_k": -1, "top_p": 1.0, "repetition_penalty": 1.0, '
[36m(vLLMHttpServer pid=1389423)[0m  '"max_new_tokens": 16384}',
[36m(vLLMHttpServer pid=1389423)[0m  '--hf_overrides',
[36m(vLLMHttpServer pid=1389423)[0m  '{}',
[36m(vLLMHttpServer pid=1389423)[0m  '--scheduling_policy',
[36m(vLLMHttpServer pid=1389423)[0m  'fcfs',
[36m(vLLMHttpServer pid=1389423)[0m  '--compilation_config',
[36m(vLLMHttpServer pid=1389423)[0m  '{"cudagraph_mode": "FULL_AND_PIECEWISE"}']
[36m(vLLMHttpServer pid=1389423)[0m WARNING 07-06 06:36:58 [__init__.py:3036] We must use the `spawn` multiprocessing start method. Overriding VLLM_WORKER_MULTIPROC_METHOD to 'spawn'. See https://docs.vllm.ai/en/latest/usage/troubleshooting.html#python-multiprocessing for more information. Reasons: In a Ray actor and can only be spawned; CUDA is initialized
[36m(vLLMHttpServer pid=1389423)[0m [Gloo] Rank 0 is connected to 0 peer ranks. Expected number of connected peer ranks is : 0
[36m(vLLMHttpServer pid=1389423)[0m [Gloo] Rank 0 is connected to 0 peer ranks. Expected number of connected peer ranks is : 0
[36m(vLLMHttpServer pid=1389423)[0m [Gloo] Rank 0 is connected to 0 peer ranks. Expected number of connected peer ranks is : 0
[36m(vLLMHttpServer pid=1389423)[0m [Gloo] Rank 0 is connected to 0 peer ranks. Expected number of connected peer ranks is : 0
[36m(vLLMHttpServer pid=1389423)[0m [Gloo] Rank 0 is connected to 0 peer ranks. Expected number of connected peer ranks is : 0
[36m(vLLMHttpServer pid=1389423)[0m [Gloo] Rank 0 is connected to 0 peer ranks. Expected number of connected peer ranks is : 0
[36m(vLLMHttpServer pid=1389423)[0m WARNING 07-06 06:37:59 [model.py:1389] Default sampling parameters have been overridden by the model's Hugging Face generation config recommended from the model creator. If this is not intended, please relaunch vLLM instance with `--generation-config vllm`.
[36m(TaskRunnerV1 pid=1386985)[0m LLMServerManager: ['202.120.39.159:46313']
[36m(TaskRunnerV1 pid=1386985)[0m Checkpoint tracker file does not exist: /data2/hjk/checkpoints/verl_qwen3vl/qwen3vl8b_stage3_c2_zscore_pilot_trainonly_prompt4096_gpu040_seed42/latest_checkpointed_iteration.txt
[36m(WorkerDict pid=1388437)[0m WARNING 07-06 06:38:01 [api_server.py:1213] LoRA dynamic loading & unloading is enabled in the API server. This should ONLY be used for local development!
[36m(GlobalRequestLoadBalancer pid=1390530)[0m WARNING 07-06 06:38:08 [api_server.py:1213] LoRA dynamic loading & unloading is enabled in the API server. This should ONLY be used for local development!
[36m(AgentLoopWorkerTQ pid=1391016)[0m Using dataset class: RLHFDataset
[36m(AgentLoopWorkerTQ pid=1391015)[0m Using dataset class: RLHFDataset
[36m(AgentLoopWorkerTQ pid=1391013)[0m Using dataset class: RLHFDataset
[36m(AgentLoopWorkerTQ pid=1391017)[0m Using dataset class: RLHFDataset
[36m(AgentLoopWorkerTQ pid=1391014)[0m Using dataset class: RLHFDataset
[36m(AgentLoopWorkerTQ pid=1391010)[0m Using dataset class: RLHFDataset
[36m(AgentLoopWorkerTQ pid=1391011)[0m Using dataset class: RLHFDataset
[36m(AgentLoopWorkerTQ pid=1391012)[0m Using dataset class: RLHFDataset
[36m(AgentLoopWorkerTQ pid=1391010)[0m WARNING 07-06 06:38:39 [api_server.py:1213] LoRA dynamic loading & unloading is enabled in the API server. This should ONLY be used for local development!
[36m(RewardLoopWorker pid=1389304)[0m [qwen3vl_option_gain_reward] loaded probe model path=/data2/hjk/models/huggingface/hub/models--Qwen--Qwen3-VL-8B-Thinking/snapshots/92f3c4b4feadd3a016ef468d103bb5f58b2a2c6b device=cuda dtype=torch.bfloat16 label_token_ids={'A': 32, 'B': 33, 'C': 34, 'D': 35}
[36m(TaskRunnerV1 pid=1386985)[0m [qwen3vl_c2_zscore_v1] diagnostics {'c2_groups_total': 2.0, 'c2_groups_with_nonzero_b_gain_std': 0.0, 'c2_frac_groups_with_nonzero_b_gain_std': 0.0, 'c2_groups_where_b_gain_changes_ranking': 0.0, 'c2_frac_groups_where_b_gain_changes_ranking': 0.0, 'c2_all_same_answer_groups': 2.0, 'c2_all_same_answer_groups_with_b_gain_ranking': 0.0, 'c2_frac_all_same_answer_groups_with_b_gain_ranking': 0.0, 'c2_within_group_corr_answer_b_gain_mean': 0.0}
[36m(TaskRunnerV1 pid=1386985)[0m step:1 - global_seqlen/min:8677 - global_seqlen/max:8677 - global_seqlen/minmax_diff:0 - global_seqlen/balanced_min:8677 - global_seqlen/balanced_max:8677 - global_seqlen/mean:8677.0 - actor/entropy:0.40758752822875977 - training/rollout_probs_diff_valid:1 - training/rollout_probs_diff_max:0.08685433864593506 - training/rollout_probs_diff_mean:0.004077241290360689 - training/rollout_probs_diff_std:0.008524519391357899 - training/rollout_actor_probs_pearson_corr:0.9995063543319702 - c2_groups_total:2.0 - c2_groups_with_nonzero_b_gain_std:0.0 - c2_frac_groups_with_nonzero_b_gain_std:0.0 - c2_groups_where_b_gain_changes_ranking:0.0 - c2_frac_groups_where_b_gain_changes_ranking:0.0 - c2_all_same_answer_groups:2.0 - c2_all_same_answer_groups_with_b_gain_ranking:0.0 - c2_frac_all_same_answer_groups_with_b_gain_ranking:0.0 - c2_within_group_corr_answer_b_gain_mean:0.0 - rollout_corr/training_ppl:1.232717514038086 - rollout_corr/training_log_ppl:0.19013731181621552 - rollout_corr/kl:0.00030822763801552355 - rollout_corr/k3_kl:0.00043735976214520633 - rollout_corr/rollout_ppl:1.232516884803772 - rollout_corr/rollout_log_ppl:0.19000226259231567 - rollout_corr/log_ppl_diff:0.00013504177331924438 - rollout_corr/log_ppl_abs_diff:0.00013504177331924438 - rollout_corr/log_ppl_diff_max:0.00032955408096313477 - rollout_corr/log_ppl_diff_min:0.0 - rollout_corr/ppl_ratio:1.000135064125061 - rollout_corr/chi2_token:0.001136183738708496 - rollout_corr/chi2_seq:-0.36361557245254517 - actor/pg_clipfrac:np.float64(0.0) - actor/ppo_kl:np.float64(0.0) - actor/pg_clipfrac_lower:np.float64(0.0) - actor/pg_loss:np.float64(0.0) - actor/loss:np.float64(0.0) - actor/grad_norm:np.float64(0.0) - actor/lr:np.float64(1e-06) - actor/perf/max_memory_allocated_gb:np.float64(45.273006439208984) - actor/perf/max_memory_reserved_gb:np.float64(54.560546875) - actor/perf/cpu_memory_used_gb:np.float64(32.079776763916016) - perf/mfu/actor:np.float64(0.07690137120221079) - training/global_step:1 - training/epoch:0 - critic/score/mean:1.0 - critic/score/max:1.0 - critic/score/min:1.0 - critic/rewards/mean:1.0 - critic/rewards/max:1.0 - critic/rewards/min:1.0 - critic/advantages/mean:0.0 - critic/advantages/max:0.0 - critic/advantages/min:0.0 - critic/returns/mean:0.0 - critic/returns/max:0.0 - critic/returns/min:0.0 - response_length/mean:4151.5 - response_length/max:6815.0 - response_length/min:1488.0 - response_length/clip_ratio:0.5 - response_length_non_aborted/mean:4151.5 - response_length_non_aborted/max:6815.0 - response_length_non_aborted/min:1488.0 - response_length_non_aborted/clip_ratio:0.5 - response/aborted_ratio:0.0 - prompt_length/mean:185.0 - prompt_length/max:185.0 - prompt_length/min:185.0 - prompt_length/clip_ratio:1.0 - timing_s/gen:56.7968284249655 - timing_s/old_log_prob:2.770287830964662 - timing_s/adv:0.13002932001836598 - timing_s/update_actor:6.348028847016394 - timing_s/update_weights:28.049907961976714 - timing_s/step:101.59132327896077 - timing_per_token_ms/adv:0.014985515733360145 - timing_per_token_ms/update_actor:0.7315925834984895 - timing_per_token_ms/gen:6.838871574348645 - perf/total_num_tokens:8677 - perf/time_per_step:101.59132327896077 - perf/throughput:85.41083746073203 - training/num_turns/mean:np.float64(2.0) - training/num_turns/max:np.int64(2) - training/num_turns/min:np.int64(2) - training/off_policy/trajectory_spans/mean:np.float64(1.0) - training/off_policy/trajectory_spans/max:np.float64(1.0) - training/off_policy/trajectory_spans/min:np.float64(1.0) - training/off_policy/trajectory_staleness/mean:np.float64(0.0) - training/off_policy/trajectory_staleness/max:np.float64(0.0) - training/off_policy/trajectory_staleness/min:np.float64(0.0) - training/off_policy/trajectory_staleness_worst/mean:np.float64(0.0) - training/off_policy/trajectory_staleness_worst/max:np.float64(0.0) - training/off_policy/trajectory_staleness_worst/min:np.float64(0.0)[36m(WorkerDict pid=1388437)[0m INFO:2026-07-06 06:40:53,558:update_weights done, time cost: 0.89s
[36m(TaskRunnerV1 pid=1386985)[0m Training Progress:   4%|▍         | 2/50 [02:23<53:14, 66.55s/it]   
[36m(TransferQueueController pid=1387192)[0m 2026-07-06 06:40:53,757 - INFO - transfer_queue.utils.perf_utils - TQ_CONTROLLER_8b736cbe: [Performance] Total success requests: 108, Total req/min: 20.99, Total avg process time: 0.0005s; 
[36m(TransferQueueController pid=1387192)[0m Time range: last 5.14 minutes; 
[36m(TransferQueueController pid=1387192)[0m Per-operation statistics: KV_RETRIEVE_META: req_count=33, req/min=6.41, avg_time=0.001172s, max_time=0.002170s, min_time=0.000428s; SET_CUSTOM_META: req_count=20, req/min=3.89, avg_time=0.000054s, max_time=0.000093s, min_time=0.000036s; KV_LIST: req_count=36, req/min=7.00, avg_time=0.000073s, max_time=0.000120s, min_time=0.000043s; NOTIFY_DATA_UPDATE: req_count=14, req/min=2.72, avg_time=0.000475s, max_time=0.000778s, min_time=0.000352s; CLEAR_META: req_count=3, req/min=0.58, avg_time=0.000354s, max_time=0.000408s, min_time=0.000275s; KV_RETRIEVE_KEYS: req_count=2, req/min=0.39, avg_time=0.000098s, max_time=0.000118s, min_time=0.000077s
[36m(SimpleStorageUnit pid=1387266)[0m 2026-07-06 06:40:53,780 - INFO - transfer_queue.utils.perf_utils - TQ_STORAGE_UNIT_291d8320: [Performance] Total success requests: 21, Total req/min: 4.12, Total avg process time: 0.0083s; 
[36m(SimpleStorageUnit pid=1387266)[0m Time range: last 5.09 minutes; 
[36m(SimpleStorageUnit pid=1387266)[0m Per-operation statistics: PUT_DATA: req_count=10, req/min=1.96, avg_time=0.008148s, max_time=0.008669s, min_time=0.007472s; GET_DATA: req_count=10, req/min=1.96, avg_time=0.008410s, max_time=0.009350s, min_time=0.007871s; CLEAR_DATA: req_count=1, req/min=0.20, avg_time=0.008514s, max_time=0.008514s, min_time=0.008514s
[36m(SimpleStorageUnit pid=1387263)[0m 2026-07-06 06:40:53,778 - INFO - transfer_queue.utils.perf_utils - TQ_STORAGE_UNIT_ff5732e4: [Performance] Total success requests: 22, Total req/min: 4.32, Total avg process time: 0.0082s; 
[36m(SimpleStorageUnit pid=1387263)[0m Time range: last 5.09 minutes; 
[36m(SimpleStorageUnit pid=1387263)[0m Per-operation statistics: PUT_DATA: req_count=10, req/min=1.96, avg_time=0.008136s, max_time=0.008625s, min_time=0.007236s; GET_DATA: req_count=11, req/min=2.16, avg_time=0.008232s, max_time=0.008957s, min_time=0.007105s; CLEAR_DATA: req_count=1, req/min=0.20, avg_time=0.008499s, max_time=0.008499s, min_time=0.008499s
[36m(SimpleStorageUnit pid=1387260)[0m 2026-07-06 06:40:53,781 - INFO - transfer_queue.utils.perf_utils - TQ_STORAGE_UNIT_7f1a0dab: [Performance] Total success requests: 23, Total req/min: 4.51, Total avg process time: 0.0085s; 
[36m(SimpleStorageUnit pid=1387260)[0m Time range: last 5.09 minutes; 
[36m(SimpleStorageUnit pid=1387260)[0m Per-operation statistics: PUT_DATA: req_count=10, req/min=1.96, avg_time=0.008482s, max_time=0.008768s, min_time=0.008041s; GET_DATA: req_count=11, req/min=2.16, avg_time=0.008532s, max_time=0.009087s, min_time=0.007294s; CLEAR_DATA: req_count=2, req/min=0.39, avg_time=0.008272s, max_time=0.008921s, min_time=0.007624s
[36m(SimpleStorageUnit pid=1387261)[0m 2026-07-06 06:40:53,779 - INFO - transfer_queue.utils.perf_utils - TQ_STORAGE_UNIT_653f7186: [Performance] Total success requests: 22, Total req/min: 4.32, Total avg process time: 0.0079s; 
[36m(SimpleStorageUnit pid=1387261)[0m Time range: last 5.10 minutes; 
[36m(SimpleStorageUnit pid=1387261)[0m Per-operation statistics: CLEAR_DATA: req_count=2, req/min=0.39, avg_time=0.008235s, max_time=0.008486s, min_time=0.007984s; PUT_DATA: req_count=10, req/min=1.96, avg_time=0.007514s, max_time=0.008426s, min_time=0.003019s; GET_DATA: req_count=10, req/min=1.96, avg_time=0.008139s, max_time=0.008794s, min_time=0.005988s
[36m(WorkerDict pid=1388437)[0m INFO:2026-07-06 06:42:17,748:update_weights done, time cost: 1.07s
[36m(TaskRunnerV1 pid=1386985)[0m Training Progress:   6%|▌         | 3/50 [03:47<58:26, 74.61s/it]

[36m(TaskRunnerV1 pid=1386985)[0m [qwen3vl_c2_zscore_v1] diagnostics {'c2_groups_total': 2.0, 'c2_groups_with_nonzero_b_gain_std': 1.0, 'c2_frac_groups_with_nonzero_b_gain_std': 0.5, 'c2_groups_where_b_gain_changes_ranking': 1.0, 'c2_frac_groups_where_b_gain_changes_ranking': 0.5, 'c2_all_same_answer_groups': 2.0, 'c2_all_same_answer_groups_with_b_gain_ranking': 1.0, 'c2_frac_all_same_answer_groups_with_b_gain_ranking': 0.5, 'c2_within_group_corr_answer_b_gain_mean': 0.0}
[36m(TaskRunnerV1 pid=1386985)[0m step:2 - global_seqlen/min:3047 - global_seqlen/max:3047 - global_seqlen/minmax_diff:0 - global_seqlen/balanced_min:3047 - global_seqlen/balanced_max:3047 - global_seqlen/mean:3047.0 - actor/entropy:0.215616375207901 - training/rollout_probs_diff_valid:1 - training/rollout_probs_diff_max:0.06217682361602783 - training/rollout_probs_diff_mean:0.003365733427926898 - training/rollout_probs_diff_std:0.00868645217269659 - training/rollout_actor_probs_pearson_corr:0.9992672204971313 - c2_groups_total:2.0 - c2_groups_with_nonzero_b_gain_std:1.0 - c2_frac_groups_with_nonzero_b_gain_std:0.5 - c2_groups_where_b_gain_changes_ranking:1.0 - c2_frac_groups_where_b_gain_changes_ranking:0.5 - c2_all_same_answer_groups:2.0 - c2_all_same_answer_groups_with_b_gain_ranking:1.0 - c2_frac_all_same_answer_groups_with_b_gain_ranking:0.5 - c2_within_group_corr_answer_b_gain_mean:0.0 - rollout_corr/training_ppl:1.1348986625671387 - rollout_corr/training_log_ppl:0.11941421031951904 - rollout_corr/kl:0.0001723219029372558 - rollout_corr/k3_kl:0.0004142490215599537 - rollout_corr/rollout_ppl:1.1348116397857666 - rollout_corr/rollout_log_ppl:0.11934833228588104 - rollout_corr/log_ppl_diff:6.588175892829895e-05 - rollout_corr/log_ppl_abs_diff:0.00036736950278282166 - rollout_corr/log_ppl_diff_max:0.0008665025234222412 - rollout_corr/log_ppl_diff_min:-0.0006029754877090454 - rollout_corr/ppl_ratio:1.0000660419464111 - rollout_corr/chi2_token:0.0013282299041748047 - rollout_corr/chi2_seq:0.6616296768188477 - actor/pg_clipfrac:np.float64(0.0) - actor/ppo_kl:np.float64(0.0) - actor/pg_clipfrac_lower:np.float64(0.0) - actor/pg_loss:np.float64(0.039032675325870514) - actor/loss:np.float64(0.039032675325870514) - actor/grad_norm:np.float64(0.07641896605491638) - actor/lr:np.float64(1e-06) - actor/perf/max_memory_allocated_gb:np.float64(45.273006439208984) - actor/perf/max_memory_reserved_gb:np.float64(59.19921875) - actor/perf/cpu_memory_used_gb:np.float64(32.24441146850586) - perf/mfu/actor:np.float64(0.10199259002974076) - training/global_step:2 - training/epoch:0 - critic/score/mean:1.0 - critic/score/max:1.2000000476837158 - critic/score/min:0.800000011920929 - critic/rewards/mean:1.0 - critic/rewards/max:1.2000000476837158 - critic/rewards/min:0.800000011920929 - critic/advantages/mean:-0.03903263062238693 - critic/advantages/max:0.7071043848991394 - critic/advantages/min:-0.7071041464805603 - critic/returns/mean:-0.03903263062238693 - critic/returns/max:0.7071043848991394 - critic/returns/min:-0.7071041464805603 - response_length/mean:1331.5 - response_length/max:1405.0 - response_length/min:1258.0 - response_length/clip_ratio:0.5 - response_length_non_aborted/mean:1331.5 - response_length_non_aborted/max:1405.0 - response_length_non_aborted/min:1258.0 - response_length_non_aborted/clip_ratio:0.5 - response/aborted_ratio:0.0 - prompt_length/mean:190.0 - prompt_length/max:190.0 - prompt_length/min:190.0 - prompt_length/clip_ratio:1.0 - timing_s/gen:12.608823910006322 - timing_s/old_log_prob:0.8024165339884348 - timing_s/adv:0.12865908397361636 - timing_s/update_actor:1.665208786027506 - timing_s/update_weights:26.597149858018383 - timing_s/step:41.91131535399472 - timing_per_token_ms/adv:0.04222483884923412 - timing_per_token_ms/update_actor:0.5465076422801135 - timing_per_token_ms/gen:4.731266007507062 - perf/total_num_tokens:3047 - perf/time_per_step:41.91131535399472 - perf/throughput:72.70113033351933 - training/num_turns/mean:np.float64(2.0) - training/num_turns/max:np.int64(2) - training/num_turns/min:np.int64(2) - training/off_policy/trajectory_spans/mean:np.float64(1.0) - training/off_policy/trajectory_spans/max:np.float64(1.0) - training/off_policy/trajectory_spans/min:np.float64(1.0) - training/off_policy/trajectory_staleness/mean:np.float64(0.0) - training/off_policy/trajectory_staleness/max:np.float64(0.0) - training/off_policy/trajectory_staleness/min:np.float64(0.0) - training/off_policy/trajectory_staleness_worst/mean:np.float64(0.0) - training/off_policy/trajectory_staleness_worst/max:np.float64(0.0) - training/off_policy/trajectory_staleness_worst/min:np.float64(0.0)
[36m(TaskRunnerV1 pid=1386985)[0m [qwen3vl_c2_zscore_v1] diagnostics {'c2_groups_total': 2.0, 'c2_groups_with_nonzero_b_gain_std': 1.0, 'c2_frac_groups_with_nonzero_b_gain_std': 0.5, 'c2_groups_where_b_gain_changes_ranking': 0.0, 'c2_frac_groups_where_b_gain_changes_ranking': 0.0, 'c2_all_same_answer_groups': 2.0, 'c2_all_same_answer_groups_with_b_gain_ranking': 1.0, 'c2_frac_all_same_answer_groups_with_b_gain_ranking': 0.5, 'c2_within_group_corr_answer_b_gain_mean': 0.0}
[36m(TaskRunnerV1 pid=1386985)[0m step:3 - global_seqlen/min:10281 - global_seqlen/max:10281 - global_seqlen/minmax_diff:0 - global_seqlen/balanced_min:10281 - global_seqlen/balanced_max:10281 - global_seqlen/mean:10281.0 - actor/entropy:0.4341467320919037 - training/rollout_probs_diff_valid:1 - training/rollout_probs_diff_max:0.07151204347610474 - training/rollout_probs_diff_mean:0.004792848136276007 - training/rollout_probs_diff_std:0.008989117108285427 - training/rollout_actor_probs_pearson_corr:0.9994199872016907 - c2_groups_total:2.0 - c2_groups_with_nonzero_b_gain_std:1.0 - c2_frac_groups_with_nonzero_b_gain_std:0.5 - c2_groups_where_b_gain_changes_ranking:0.0 - c2_frac_groups_where_b_gain_changes_ranking:0.0 - c2_all_same_answer_groups:2.0 - c2_all_same_answer_groups_with_b_gain_ranking:1.0 - c2_frac_all_same_answer_groups_with_b_gain_ranking:0.5 - c2_within_group_corr_answer_b_gain_mean:0.0 - rollout_corr/training_ppl:1.2742445468902588 - rollout_corr/training_log_ppl:0.21863776445388794 - rollout_corr/kl:3.146188464597799e-05 - rollout_corr/k3_kl:0.0004712606023531407 - rollout_corr/rollout_ppl:1.2741519212722778 - rollout_corr/rollout_log_ppl:0.21857842803001404 - rollout_corr/log_ppl_diff:5.933642387390137e-05 - rollout_corr/log_ppl_abs_diff:0.00017753243446350098 - rollout_corr/log_ppl_diff_max:0.0004737377166748047 - rollout_corr/log_ppl_diff_min:-0.00023639202117919922 - rollout_corr/ppl_ratio:1.0000593662261963 - rollout_corr/chi2_token:0.0018335580825805664 - rollout_corr/chi2_seq:4.191915035247803 - actor/pg_clipfrac:np.float64(0.0) - actor/ppo_kl:np.float64(0.0) - actor/pg_clipfrac_lower:np.float64(0.0) - actor/pg_loss:np.float64(-0.17370352149009705) - actor/loss:np.float64(-0.17370352149009705) - actor/grad_norm:np.float64(0.0407295823097229) - actor/lr:np.float64(1e-06) - actor/perf/max_memory_allocated_gb:np.float64(47.78902721405029) - actor/perf/max_memory_reserved_gb:np.float64(59.19921875) - actor/perf/cpu_memory_used_gb:np.float64(32.0373649597168) - perf/mfu/actor:np.float64(0.08390723742766878) - training/global_step:3 - training/epoch:0 - critic/score/mean:1.0 - critic/score/max:1.2000000476837158 - critic/score/min:0.800000011920929 - critic/rewards/mean:1.0 - critic/rewards/max:1.2000000476837158 - critic/rewards/min:0.800000011920929 - critic/advantages/mean:0.17370358109474182 - critic/advantages/max:0.7071043848991394 - critic/advantages/min:-0.7071041464805603 - critic/returns/mean:0.17370358109474182 - critic/returns/max:0.7071043848991394 - critic/returns/min:-0.7071041464805603 - response_length/mean:4976.5 - response_length/max:6199.0 - response_length/min:3754.0 - response_length/clip_ratio:0.5 - response_length_non_aborted/mean:4976.5 - response_length_non_aborted/max:6199.0 - response_length_non_aborted/min:3754.0 - response_length_non_aborted/clip_ratio:0.5 - response/aborted_ratio:0.0 - prompt_length/mean:162.0 - prompt_length/max:162.0 - prompt_length/min:162.0 - prompt_length/clip_ratio:1.0 - timing_s/gen:48.77138500503497 - timing_s/old_log_prob:2.1291540599777363 - timing_s/adv:0.13142132404027507 - timing_s/update_actor:6.824269578966778 - timing_s/update_weights:26.167739614029415 - timing_s/step:84.12931477598613 - timing_per_token_ms/adv:0.012782932014422242 - timing_per_token_ms/update_actor:0.6637748836656724 - timing_per_token_ms/gen:4.899184832248616 - perf/total_num_tokens:10281 - perf/time_per_step:84.12931477598613 - perf/throughput:122.2047276549863 - training/num_turns/mean:np.float64(2.0) - training/num_turns/max:np.int64(2) - training/num_turns/min:np.int64(2) - training/off_policy/trajectory_spans/mean:np.float64(1.0) - training/off_policy/trajectory_spans/max:np.float64(1.0) - training/off_policy/trajectory_spans/min:np.float64(1.0) - training/off_policy/trajectory_staleness/mean:np.float64(0.0) - training/off_policy/trajectory_staleness/max:np.float64(0.0) - training/off_policy/trajectory_staleness/min:np.float64(0.0) - training/off_policy/trajectory_staleness_worst/mean:np.float64(0.0) - training/off_policy/trajectory_staleness_worst/max:np.float64(0.0) - training/off_policy/trajectory_staleness_worst/min:np.float64(0.0)[36m(TaskRunnerV1 pid=1386985)[0m INFO:2026-07-06 06:43:18,127:pending: 0, running: 1, finished: 0, failure: 0
[36m(TaskRunnerV1 pid=1386985)[0m INFO:2026-07-06 06:44:18,219:pending: 0, running: 0, finished: 1, failure: 0
[36m(WorkerDict pid=1388437)[0m INFO:2026-07-06 06:45:17,043:update_weights done, time cost: 1.23s
[36m(TaskRunnerV1 pid=1386985)[0m Training Progress:   8%|▊         | 4/50 [06:47<1:28:53, 115.94s/it]
[36m(WorkerDict pid=1388437)[0m INFO:2026-07-06 06:46:00,379:update_weights done, time cost: 0.90s
[36m(TransferQueueController pid=1387192)[0m 2026-07-06 06:46:00,591 - INFO - transfer_queue.utils.perf_utils - TQ_CONTROLLER_8b736cbe: [Performance] Total success requests: 205, Total req/min: 40.09, Total avg process time: 0.0004s; 
[36m(TransferQueueController pid=1387192)[0m Time range: last 5.11 minutes; 
[36m(TransferQueueController pid=1387192)[0m Per-operation statistics: KV_RETRIEVE_META: req_count=51, req/min=9.97, avg_time=0.001089s, max_time=0.001623s, min_time=0.000640s; CLEAR_META: req_count=6, req/min=1.17, avg_time=0.000306s, max_time=0.000352s, min_time=0.000275s; SET_CUSTOM_META: req_count=30, req/min=5.87, avg_time=0.000046s, max_time=0.000077s, min_time=0.000036s; KV_LIST: req_count=94, req/min=18.38, avg_time=0.000070s, max_time=0.000137s, min_time=0.000041s; NOTIFY_DATA_UPDATE: req_count=21, req/min=4.11, avg_time=0.000401s, max_time=0.000504s, min_time=0.000296s; KV_RETRIEVE_KEYS: req_count=3, req/min=0.59, avg_time=0.000071s, max_time=0.000076s, min_time=0.000062s
[36m(SimpleStorageUnit pid=1387266)[0m 2026-07-06 06:46:00,613 - INFO - transfer_queue.utils.perf_utils - TQ_STORAGE_UNIT_291d8320: [Performance] Total success requests: 35, Total req/min: 6.84, Total avg process time: 0.0080s; 
[36m(SimpleStorageUnit pid=1387266)[0m Time range: last 5.11 minutes; 
[36m(SimpleStorageUnit pid=1387266)[0m Per-operation statistics: CLEAR_DATA: req_count=4, req/min=0.78, avg_time=0.008090s, max_time=0.008668s, min_time=0.006791s; PUT_DATA: req_count=15, req/min=2.93, avg_time=0.007869s, max_time=0.008551s, min_time=0.006642s; GET_DATA: req_count=16, req/min=3.13, avg_time=0.008117s, max_time=0.008621s, min_time=0.006833s
[36m(SimpleStorageUnit pid=1387263)[0m 2026-07-06 06:46:00,612 - INFO - transfer_queue.utils.perf_utils - TQ_STORAGE_UNIT_ff5732e4: [Performance] Total success requests: 34, Total req/min: 6.65, Total avg process time: 0.0082s; 
[36m(SimpleStorageUnit pid=1387263)[0m Time range: last 5.11 minutes; 
[36m(SimpleStorageUnit pid=1387263)[0m Per-operation statistics: CLEAR_DATA: req_count=4, req/min=0.78, avg_time=0.008141s, max_time=0.008755s, min_time=0.006997s; PUT_DATA: req_count=15, req/min=2.93, avg_time=0.007864s, max_time=0.008546s, min_time=0.004421s; GET_DATA: req_count=15, req/min=2.93, avg_time=0.008582s, max_time=0.010301s, min_time=0.007774s
[36m(SimpleStorageUnit pid=1387260)[0m 2026-07-06 06:46:00,606 - INFO - transfer_queue.utils.perf_utils - TQ_STORAGE_UNIT_7f1a0dab: [Performance] Total success requests: 34, Total req/min: 6.65, Total avg process time: 0.0084s; 
[36m(SimpleStorageUnit pid=1387260)[0m Time range: last 5.11 minutes; 
[36m(SimpleStorageUnit pid=1387260)[0m Per-operation statistics: CLEAR_DATA: req_count=3, req/min=0.59, avg_time=0.008848s, max_time=0.009032s, min_time=0.008700s; PUT_DATA: req_count=15, req/min=2.93, avg_time=0.008383s, max_time=0.009200s, min_time=0.007075s; GET_DATA: req_count=16, req/min=3.13, avg_time=0.008390s, max_time=0.009476s, min_time=0.003405s
[36m(SimpleStorageUnit pid=1387261)[0m 2026-07-06 06:46:00,613 - INFO - transfer_queue.utils.perf_utils - TQ_STORAGE_UNIT_653f7186: [Performance] Total success requests: 35, Total req/min: 6.84, Total avg process time: 0.0080s; 
[36m(SimpleStorageUnit pid=1387261)[0m Time range: last 5.11 minutes; 
[36m(SimpleStorageUnit pid=1387261)[0m Per-operation statistics: CLEAR_DATA: req_count=4, req/min=0.78, avg_time=0.008179s, max_time=0.008810s, min_time=0.007505s; PUT_DATA: req_count=15, req/min=2.93, avg_time=0.007876s, max_time=0.008348s, min_time=0.007012s; GET_DATA: req_count=16, req/min=3.13, avg_time=0.008099s, max_time=0.008562s, min_time=0.006829s
[36m(TaskRunnerV1 pid=1386985)[0m Training Progress:  10%|█         | 5/50 [07:30<1:07:19, 89.76s/it] 

[36m(TaskRunnerV1 pid=1386985)[0m [qwen3vl_c2_zscore_v1] diagnostics {'c2_groups_total': 2.0, 'c2_groups_with_nonzero_b_gain_std': 1.0, 'c2_frac_groups_with_nonzero_b_gain_std': 0.5, 'c2_groups_where_b_gain_changes_ranking': 0.0, 'c2_frac_groups_where_b_gain_changes_ranking': 0.0, 'c2_all_same_answer_groups': 1.0, 'c2_all_same_answer_groups_with_b_gain_ranking': 0.0, 'c2_frac_all_same_answer_groups_with_b_gain_ranking': 0.0, 'c2_within_group_corr_answer_b_gain_mean': -1.0}
[36m(TaskRunnerV1 pid=1386985)[0m step:4 - global_seqlen/min:23764 - global_seqlen/max:23764 - global_seqlen/minmax_diff:0 - global_seqlen/balanced_min:23764 - global_seqlen/balanced_max:23764 - global_seqlen/mean:23764.0 - actor/entropy:0.381082147359848 - training/rollout_probs_diff_valid:1 - training/rollout_probs_diff_max:0.0704393982887268 - training/rollout_probs_diff_mean:0.0038833017461001873 - training/rollout_probs_diff_std:0.008095400407910347 - training/rollout_actor_probs_pearson_corr:0.999524712562561 - c2_groups_total:2.0 - c2_groups_with_nonzero_b_gain_std:1.0 - c2_frac_groups_with_nonzero_b_gain_std:0.5 - c2_groups_where_b_gain_changes_ranking:0.0 - c2_frac_groups_where_b_gain_changes_ranking:0.0 - c2_all_same_answer_groups:1.0 - c2_all_same_answer_groups_with_b_gain_ranking:0.0 - c2_frac_all_same_answer_groups_with_b_gain_ranking:0.0 - c2_within_group_corr_answer_b_gain_mean:-1.0 - rollout_corr/training_ppl:1.2706609964370728 - rollout_corr/training_log_ppl:0.21154966950416565 - rollout_corr/kl:0.0004902278888039291 - rollout_corr/k3_kl:0.0003940626047551632 - rollout_corr/rollout_ppl:1.2702537775039673 - rollout_corr/rollout_log_ppl:0.21129131317138672 - rollout_corr/log_ppl_diff:0.0002583414316177368 - rollout_corr/log_ppl_abs_diff:0.0002583414316177368 - rollout_corr/log_ppl_diff_max:0.0006024837493896484 - rollout_corr/log_ppl_diff_min:0.0 - rollout_corr/ppl_ratio:1.000258445739746 - rollout_corr/chi2_token:0.0005968809127807617 - rollout_corr/chi2_seq:-0.49998509883880615 - actor/pg_clipfrac:np.float64(0.0) - actor/ppo_kl:np.float64(0.0) - actor/pg_clipfrac_lower:np.float64(0.0) - actor/pg_loss:np.float64(0.21780313551425934) - actor/loss:np.float64(0.21780313551425934) - actor/grad_norm:np.float64(0.024830395355820656) - actor/lr:np.float64(1e-06) - actor/perf/max_memory_allocated_gb:np.float64(67.4983263015747) - actor/perf/max_memory_reserved_gb:np.float64(86.044921875) - actor/perf/cpu_memory_used_gb:np.float64(32.074405670166016) - perf/mfu/actor:np.float64(0.057068884124292785) - training/global_step:4 - training/epoch:0 - critic/score/mean:0.5 - critic/score/max:0.800000011920929 - critic/score/min:0.20000000298023224 - critic/rewards/mean:0.5 - critic/rewards/max:0.800000011920929 - critic/rewards/min:0.20000000298023224 - critic/advantages/mean:-0.21780307590961456 - critic/advantages/max:0.7071051001548767 - critic/advantages/min:-0.7071051001548767 - critic/returns/mean:-0.21780307590961456 - critic/returns/max:0.7071051001548767 - critic/returns/min:-0.7071051001548767 - response_length/mean:11707.0 - response_length/max:15313.0 - response_length/min:8101.0 - response_length/clip_ratio:0.5 - response_length_non_aborted/mean:11707.0 - response_length_non_aborted/max:15313.0 - response_length_non_aborted/min:8101.0 - response_length_non_aborted/clip_ratio:0.5 - response/aborted_ratio:0.0 - prompt_length/mean:173.0 - prompt_length/max:173.0 - prompt_length/min:173.0 - prompt_length/clip_ratio:1.0 - timing_s/gen:120.88300067698583 - timing_s/old_log_prob:6.679674122016877 - timing_s/adv:0.12505798501661047 - timing_s/update_actor:25.663585522037465 - timing_s/update_weights:25.785038667032495 - timing_s/step:179.24290615599602 - timing_per_token_ms/adv:0.0052624972654692175 - timing_per_token_ms/update_actor:1.0799354284647982 - timing_per_token_ms/gen:5.162410346642716 - perf/total_num_tokens:23764 - perf/time_per_step:179.24290615599602 - perf/throughput:132.57986332423147 - training/num_turns/mean:np.float64(2.0) - training/num_turns/max:np.int64(2) - training/num_turns/min:np.int64(2) - training/off_policy/trajectory_spans/mean:np.float64(1.0) - training/off_policy/trajectory_spans/max:np.float64(1.0) - training/off_policy/trajectory_spans/min:np.float64(1.0) - training/off_policy/trajectory_staleness/mean:np.float64(0.0) - training/off_policy/trajectory_staleness/max:np.float64(0.0) - training/off_policy/trajectory_staleness/min:np.float64(0.0) - training/off_policy/trajectory_staleness_worst/mean:np.float64(0.0) - training/off_policy/trajectory_staleness_worst/max:np.float64(0.0) - training/off_policy/trajectory_staleness_worst/min:np.float64(0.0)
[36m(TaskRunnerV1 pid=1386985)[0m [qwen3vl_c2_zscore_v1] diagnostics {'c2_groups_total': 2.0, 'c2_groups_with_nonzero_b_gain_std': 0.0, 'c2_frac_groups_with_nonzero_b_gain_std': 0.0, 'c2_groups_where_b_gain_changes_ranking': 0.0, 'c2_frac_groups_where_b_gain_changes_ranking': 0.0, 'c2_all_same_answer_groups': 2.0, 'c2_all_same_answer_groups_with_b_gain_ranking': 0.0, 'c2_frac_all_same_answer_groups_with_b_gain_ranking': 0.0, 'c2_within_group_corr_answer_b_gain_mean': 0.0}
[36m(TaskRunnerV1 pid=1386985)[0m step:5 - global_seqlen/min:3428 - global_seqlen/max:3428 - global_seqlen/minmax_diff:0 - global_seqlen/balanced_min:3428 - global_seqlen/balanced_max:3428 - global_seqlen/mean:3428.0 - actor/entropy:0.16515304148197174 - training/rollout_probs_diff_valid:1 - training/rollout_probs_diff_max:0.12245684862136841 - training/rollout_probs_diff_mean:0.0029239824507385492 - training/rollout_probs_diff_std:0.009093642234802246 - training/rollout_actor_probs_pearson_corr:0.9989535808563232 - c2_groups_total:2.0 - c2_groups_with_nonzero_b_gain_std:0.0 - c2_frac_groups_with_nonzero_b_gain_std:0.0 - c2_groups_where_b_gain_changes_ranking:0.0 - c2_frac_groups_where_b_gain_changes_ranking:0.0 - c2_all_same_answer_groups:2.0 - c2_all_same_answer_groups_with_b_gain_ranking:0.0 - c2_frac_all_same_answer_groups_with_b_gain_ranking:0.0 - c2_within_group_corr_answer_b_gain_mean:0.0 - rollout_corr/training_ppl:1.0889313220977783 - rollout_corr/training_log_ppl:0.0818244069814682 - rollout_corr/kl:0.000592579715885222 - rollout_corr/k3_kl:0.00040169377462007105 - rollout_corr/rollout_ppl:1.0885934829711914 - rollout_corr/rollout_log_ppl:0.08153536915779114 - rollout_corr/log_ppl_diff:0.00028904154896736145 - rollout_corr/log_ppl_abs_diff:0.00028904154896736145 - rollout_corr/log_ppl_diff_max:0.0009788274765014648 - rollout_corr/log_ppl_diff_min:0.0 - rollout_corr/ppl_ratio:1.0002892017364502 - rollout_corr/chi2_token:0.00044608116149902344 - rollout_corr/chi2_seq:-0.3399316072463989 - actor/pg_clipfrac:np.float64(0.0) - actor/ppo_kl:np.float64(0.0) - actor/pg_clipfrac_lower:np.float64(0.0) - actor/pg_loss:np.float64(0.0) - actor/loss:np.float64(0.0) - actor/grad_norm:np.float64(0.0) - actor/lr:np.float64(1e-06) - actor/perf/max_memory_allocated_gb:np.float64(67.4983263015747) - actor/perf/max_memory_reserved_gb:np.float64(90.68359375) - actor/perf/cpu_memory_used_gb:np.float64(31.932159423828125) - perf/mfu/actor:np.float64(0.10669499496652012) - training/global_step:5 - training/epoch:0 - critic/score/mean:1.0 - critic/score/max:1.0 - critic/score/min:1.0 - critic/rewards/mean:1.0 - critic/rewards/max:1.0 - critic/rewards/min:1.0 - critic/advantages/mean:0.0 - critic/advantages/max:0.0 - critic/advantages/min:0.0 - critic/returns/mean:0.0 - critic/returns/max:0.0 - critic/returns/min:0.0 - response_length/mean:1521.0 - response_length/max:1576.0 - response_length/min:1466.0 - response_length/clip_ratio:0.5 - response_length_non_aborted/mean:1521.0 - response_length_non_aborted/max:1576.0 - response_length_non_aborted/min:1466.0 - response_length_non_aborted/clip_ratio:0.5 - response/aborted_ratio:0.0 - prompt_length/mean:191.0 - prompt_length/max:191.0 - prompt_length/min:191.0 - prompt_length/clip_ratio:1.0 - timing_s/gen:14.608404471015092 - timing_s/old_log_prob:0.8132381699979305 - timing_s/adv:0.12390023801708594 - timing_s/update_actor:1.7847425490035675 - timing_s/update_weights:25.82897256995784 - timing_s/step:43.26270351395942 - timing_per_token_ms/adv:0.036143593353875715 - timing_per_token_ms/update_actor:0.520636682906525 - timing_per_token_ms/gen:4.799081626483276 - perf/total_num_tokens:3428 - perf/time_per_step:43.26270351395942 - perf/throughput:79.23684193462157 - training/num_turns/mean:np.float64(2.0) - training/num_turns/max:np.int64(2) - training/num_turns/min:np.int64(2) - training/off_policy/trajectory_spans/mean:np.float64(1.0) - training/off_policy/trajectory_spans/max:np.float64(1.0) - training/off_policy/trajectory_spans/min:np.float64(1.0) - training/off_policy/trajectory_staleness/mean:np.float64(0.0) - training/off_policy/trajectory_staleness/max:np.float64(0.0) - training/off_policy/trajectory_staleness/min:np.float64(0.0) - training/off_policy/trajectory_staleness_worst/mean:np.float64(0.0) - training/off_policy/trajectory_staleness_worst/max:np.float64(0.0) - training/off_policy/trajectory_staleness_worst/min:np.float64(0.0)[36m(WorkerDict pid=1388437)[0m INFO:2026-07-06 06:47:18,197:update_weights done, time cost: 0.92s
[36m(TaskRunnerV1 pid=1386985)[0m Training Progress:  12%|█▏        | 6/50 [08:48<1:02:50, 85.70s/it]
[36m(WorkerDict pid=1388437)[0m INFO:2026-07-06 06:48:00,506:update_weights done, time cost: 0.86s
[36m(TaskRunnerV1 pid=1386985)[0m Training Progress:  14%|█▍        | 7/50 [09:30<51:15, 71.51s/it]  

[36m(TaskRunnerV1 pid=1386985)[0m [qwen3vl_c2_zscore_v1] diagnostics {'c2_groups_total': 2.0, 'c2_groups_with_nonzero_b_gain_std': 1.0, 'c2_frac_groups_with_nonzero_b_gain_std': 0.5, 'c2_groups_where_b_gain_changes_ranking': 1.0, 'c2_frac_groups_where_b_gain_changes_ranking': 0.5, 'c2_all_same_answer_groups': 2.0, 'c2_all_same_answer_groups_with_b_gain_ranking': 1.0, 'c2_frac_all_same_answer_groups_with_b_gain_ranking': 0.5, 'c2_within_group_corr_answer_b_gain_mean': 0.0}
[36m(TaskRunnerV1 pid=1386985)[0m step:6 - global_seqlen/min:10140 - global_seqlen/max:10140 - global_seqlen/minmax_diff:0 - global_seqlen/balanced_min:10140 - global_seqlen/balanced_max:10140 - global_seqlen/mean:10140.0 - actor/entropy:0.33725810050964355 - training/rollout_probs_diff_valid:1 - training/rollout_probs_diff_max:0.06342744827270508 - training/rollout_probs_diff_mean:0.0037913138512521982 - training/rollout_probs_diff_std:0.008283560164272785 - training/rollout_actor_probs_pearson_corr:0.9994726777076721 - c2_groups_total:2.0 - c2_groups_with_nonzero_b_gain_std:1.0 - c2_frac_groups_with_nonzero_b_gain_std:0.5 - c2_groups_where_b_gain_changes_ranking:1.0 - c2_frac_groups_where_b_gain_changes_ranking:0.5 - c2_all_same_answer_groups:2.0 - c2_all_same_answer_groups_with_b_gain_ranking:1.0 - c2_frac_all_same_answer_groups_with_b_gain_ranking:0.5 - c2_within_group_corr_answer_b_gain_mean:0.0 - rollout_corr/training_ppl:1.2078652381896973 - rollout_corr/training_log_ppl:0.173796147108078 - rollout_corr/kl:0.0007158085936680436 - rollout_corr/k3_kl:0.0003785302978940308 - rollout_corr/rollout_ppl:1.2073571681976318 - rollout_corr/rollout_log_ppl:0.17343729734420776 - rollout_corr/log_ppl_diff:0.00035884976387023926 - rollout_corr/log_ppl_abs_diff:0.00035884976387023926 - rollout_corr/log_ppl_diff_max:0.0007304549217224121 - rollout_corr/log_ppl_diff_min:0.0 - rollout_corr/ppl_ratio:1.000359058380127 - rollout_corr/chi2_token:7.605552673339844e-05 - rollout_corr/chi2_seq:-0.4993288516998291 - actor/pg_clipfrac:np.float64(0.0) - actor/ppo_kl:np.float64(0.0) - actor/pg_clipfrac_lower:np.float64(0.0) - actor/pg_loss:np.float64(0.10325539857149124) - actor/loss:np.float64(0.10325539857149124) - actor/grad_norm:np.float64(0.04120694845914841) - actor/lr:np.float64(1e-06) - actor/perf/max_memory_allocated_gb:np.float64(67.4983263015747) - actor/perf/max_memory_reserved_gb:np.float64(90.68359375) - actor/perf/cpu_memory_used_gb:np.float64(31.85704803466797) - perf/mfu/actor:np.float64(0.083393538731958) - training/global_step:6 - training/epoch:0 - critic/score/mean:1.0 - critic/score/max:1.2000000476837158 - critic/score/min:0.800000011920929 - critic/rewards/mean:1.0 - critic/rewards/max:1.2000000476837158 - critic/rewards/min:0.800000011920929 - critic/advantages/mean:-0.10325537621974945 - critic/advantages/max:0.7071043848991394 - critic/advantages/min:-0.7071041464805603 - critic/returns/mean:-0.10325537621974945 - critic/returns/max:0.7071043848991394 - critic/returns/min:-0.7071041464805603 - response_length/mean:4869.0 - response_length/max:5580.0 - response_length/min:4158.0 - response_length/clip_ratio:0.5 - response_length_non_aborted/mean:4869.0 - response_length_non_aborted/max:5580.0 - response_length_non_aborted/min:4158.0 - response_length_non_aborted/clip_ratio:0.5 - response/aborted_ratio:0.0 - prompt_length/mean:199.0 - prompt_length/max:199.0 - prompt_length/min:199.0 - prompt_length/clip_ratio:1.0 - timing_s/gen:42.755746402952354 - timing_s/old_log_prob:2.1017740090028383 - timing_s/adv:0.1270107110030949 - timing_s/update_actor:6.747671183024067 - timing_s/update_weights:25.908608997007832 - timing_s/step:77.74536500999238 - timing_per_token_ms/adv:0.012525711144289438 - timing_per_token_ms/update_actor:0.6654508070043459 - timing_per_token_ms/gen:4.389707022890385 - perf/total_num_tokens:10140 - perf/time_per_step:77.74536500999238 - perf/throughput:130.42578163594365 - training/num_turns/mean:np.float64(2.0) - training/num_turns/max:np.int64(2) - training/num_turns/min:np.int64(2) - training/off_policy/trajectory_spans/mean:np.float64(1.0) - training/off_policy/trajectory_spans/max:np.float64(1.0) - training/off_policy/trajectory_spans/min:np.float64(1.0) - training/off_policy/trajectory_staleness/mean:np.float64(0.0) - training/off_policy/trajectory_staleness/max:np.float64(0.0) - training/off_policy/trajectory_staleness/min:np.float64(0.0) - training/off_policy/trajectory_staleness_worst/mean:np.float64(0.0) - training/off_policy/trajectory_staleness_worst/max:np.float64(0.0) - training/off_policy/trajectory_staleness_worst/min:np.float64(0.0)
[36m(TaskRunnerV1 pid=1386985)[0m [qwen3vl_c2_zscore_v1] diagnostics {'c2_groups_total': 2.0, 'c2_groups_with_nonzero_b_gain_std': 0.0, 'c2_frac_groups_with_nonzero_b_gain_std': 0.0, 'c2_groups_where_b_gain_changes_ranking': 0.0, 'c2_frac_groups_where_b_gain_changes_ranking': 0.0, 'c2_all_same_answer_groups': 2.0, 'c2_all_same_answer_groups_with_b_gain_ranking': 0.0, 'c2_frac_all_same_answer_groups_with_b_gain_ranking': 0.0, 'c2_within_group_corr_answer_b_gain_mean': 0.0}
[36m(TaskRunnerV1 pid=1386985)[0m step:7 - global_seqlen/min:2972 - global_seqlen/max:2972 - global_seqlen/minmax_diff:0 - global_seqlen/balanced_min:2972 - global_seqlen/balanced_max:2972 - global_seqlen/mean:2972.0 - actor/entropy:0.270103394985199 - training/rollout_probs_diff_valid:1 - training/rollout_probs_diff_max:0.09788650274276733 - training/rollout_probs_diff_mean:0.004025634378194809 - training/rollout_probs_diff_std:0.009759746491909027 - training/rollout_actor_probs_pearson_corr:0.9991708397865295 - c2_groups_total:2.0 - c2_groups_with_nonzero_b_gain_std:0.0 - c2_frac_groups_with_nonzero_b_gain_std:0.0 - c2_groups_where_b_gain_changes_ranking:0.0 - c2_frac_groups_where_b_gain_changes_ranking:0.0 - c2_all_same_answer_groups:2.0 - c2_all_same_answer_groups_with_b_gain_ranking:0.0 - c2_frac_all_same_answer_groups_with_b_gain_ranking:0.0 - c2_within_group_corr_answer_b_gain_mean:0.0 - rollout_corr/training_ppl:1.1585772037506104 - rollout_corr/training_log_ppl:0.1374378651380539 - rollout_corr/kl:2.9277498470037244e-05 - rollout_corr/k3_kl:0.0005038516828790307 - rollout_corr/rollout_ppl:1.1585869789123535 - rollout_corr/rollout_log_ppl:0.137448251247406 - rollout_corr/log_ppl_diff:-1.0382384061813354e-05 - rollout_corr/log_ppl_abs_diff:8.529052138328552e-05 - rollout_corr/log_ppl_diff_max:0.00014981627464294434 - rollout_corr/log_ppl_diff_min:-0.00019134581089019775 - rollout_corr/ppl_ratio:0.9999896287918091 - rollout_corr/chi2_token:0.0020036697387695312 - rollout_corr/chi2_seq:0.005451083183288574 - actor/pg_clipfrac:np.float64(0.0) - actor/ppo_kl:np.float64(0.0) - actor/pg_clipfrac_lower:np.float64(0.0) - actor/pg_loss:np.float64(0.0) - actor/loss:np.float64(0.0) - actor/grad_norm:np.float64(0.0) - actor/lr:np.float64(1e-06) - actor/perf/max_memory_allocated_gb:np.float64(67.4983263015747) - actor/perf/max_memory_reserved_gb:np.float64(90.68359375) - actor/perf/cpu_memory_used_gb:np.float64(31.816463470458984) - perf/mfu/actor:np.float64(0.10507922524959976) - training/global_step:7 - training/epoch:0 - critic/score/mean:1.0 - critic/score/max:1.0 - critic/score/min:1.0 - critic/rewards/mean:1.0 - critic/rewards/max:1.0 - critic/rewards/min:1.0 - critic/advantages/mean:0.0 - critic/advantages/max:0.0 - critic/advantages/min:0.0 - critic/returns/mean:0.0 - critic/returns/max:0.0 - critic/returns/min:0.0 - response_length/mean:1275.0 - response_length/max:1649.0 - response_length/min:901.0 - response_length/clip_ratio:0.5 - response_length_non_aborted/mean:1275.0 - response_length_non_aborted/max:1649.0 - response_length_non_aborted/min:901.0 - response_length_non_aborted/clip_ratio:0.5 - response/aborted_ratio:0.0 - prompt_length/mean:209.0 - prompt_length/max:209.0 - prompt_length/min:209.0 - prompt_length/clip_ratio:1.0 - timing_s/gen:14.622512614994776 - timing_s/old_log_prob:0.7583695540088229 - timing_s/adv:0.12554811197333038 - timing_s/update_actor:1.583830765041057 - timing_s/update_weights:25.053050694987178 - timing_s/step:42.247120235988405 - timing_per_token_ms/adv:0.042243644674741045 - timing_per_token_ms/update_actor:0.5329174848724957 - timing_per_token_ms/gen:5.729824692396072 - perf/total_num_tokens:2972 - perf/time_per_step:42.247120235988405 - perf/throughput:70.34799019196315 - training/num_turns/mean:np.float64(2.0) - training/num_turns/max:np.int64(2) - training/num_turns/min:np.int64(2) - training/off_policy/trajectory_spans/mean:np.float64(1.0) - training/off_policy/trajectory_spans/max:np.float64(1.0) - training/off_policy/trajectory_spans/min:np.float64(1.0) - training/off_policy/trajectory_staleness/mean:np.float64(0.0) - training/off_policy/trajectory_staleness/max:np.float64(0.0) - training/off_policy/trajectory_staleness/min:np.float64(0.0) - training/off_policy/trajectory_staleness_worst/mean:np.float64(0.0) - training/off_policy/trajectory_staleness_worst/max:np.float64(0.0) - training/off_policy/trajectory_staleness_worst/min:np.float64(0.0)[36m(TaskRunnerV1 pid=1386985)[0m INFO:2026-07-06 06:49:00,894:pending: 0, running: 1, finished: 0, failure: 0
[36m(TaskRunnerV1 pid=1386985)[0m INFO:2026-07-06 06:50:00,986:pending: 0, running: 1, finished: 0, failure: 0
[36m(WorkerDict pid=1388437)[0m INFO:2026-07-06 06:51:09,122:update_weights done, time cost: 1.26s
[36m(TransferQueueController pid=1387192)[0m 2026-07-06 06:51:09,345 - INFO - transfer_queue.utils.perf_utils - TQ_CONTROLLER_8b736cbe: [Performance] Total success requests: 205, Total req/min: 39.84, Total avg process time: 0.0004s; 
[36m(TransferQueueController pid=1387192)[0m Time range: last 5.15 minutes; 
[36m(TransferQueueController pid=1387192)[0m Per-operation statistics: KV_RETRIEVE_META: req_count=51, req/min=9.91, avg_time=0.001058s, max_time=0.002014s, min_time=0.000242s; CLEAR_META: req_count=6, req/min=1.17, avg_time=0.000288s, max_time=0.000366s, min_time=0.000241s; SET_CUSTOM_META: req_count=30, req/min=5.83, avg_time=0.000044s, max_time=0.000070s, min_time=0.000014s; KV_LIST: req_count=94, req/min=18.27, avg_time=0.000070s, max_time=0.000090s, min_time=0.000042s; NOTIFY_DATA_UPDATE: req_count=21, req/min=4.08, avg_time=0.000388s, max_time=0.000807s, min_time=0.000182s; KV_RETRIEVE_KEYS: req_count=3, req/min=0.58, avg_time=0.000080s, max_time=0.000106s, min_time=0.000066s
[36m(TaskRunnerV1 pid=1386985)[0m Training Progress:  16%|█▌        | 8/50 [12:39<1:16:09, 108.80s/it]
[36m(SimpleStorageUnit pid=1387266)[0m 2026-07-06 06:51:09,368 - INFO - transfer_queue.utils.perf_utils - TQ_STORAGE_UNIT_291d8320: [Performance] Total success requests: 34, Total req/min: 6.61, Total avg process time: 0.0103s; 
[36m(SimpleStorageUnit pid=1387266)[0m Time range: last 5.15 minutes; 
[36m(SimpleStorageUnit pid=1387266)[0m Per-operation statistics: CLEAR_DATA: req_count=3, req/min=0.58, avg_time=0.010774s, max_time=0.012005s, min_time=0.008380s; PUT_DATA: req_count=15, req/min=2.91, avg_time=0.009768s, max_time=0.011969s, min_time=0.006917s; GET_DATA: req_count=16, req/min=3.11, avg_time=0.010814s, max_time=0.012382s, min_time=0.006820s
[36m(SimpleStorageUnit pid=1387263)[0m 2026-07-06 06:51:09,367 - INFO - transfer_queue.utils.perf_utils - TQ_STORAGE_UNIT_ff5732e4: [Performance] Total success requests: 35, Total req/min: 6.80, Total avg process time: 0.0080s; 
[36m(SimpleStorageUnit pid=1387263)[0m Time range: last 5.15 minutes; 
[36m(SimpleStorageUnit pid=1387263)[0m Per-operation statistics: CLEAR_DATA: req_count=4, req/min=0.78, avg_time=0.007921s, max_time=0.008803s, min_time=0.006756s; PUT_DATA: req_count=15, req/min=2.91, avg_time=0.007892s, max_time=0.008478s, min_time=0.007081s; GET_DATA: req_count=16, req/min=3.11, avg_time=0.008098s, max_time=0.008650s, min_time=0.007424s
[36m(SimpleStorageUnit pid=1387260)[0m 2026-07-06 06:51:09,367 - INFO - transfer_queue.utils.perf_utils - TQ_STORAGE_UNIT_7f1a0dab: [Performance] Total success requests: 34, Total req/min: 6.61, Total avg process time: 0.0085s; 
[36m(SimpleStorageUnit pid=1387260)[0m Time range: last 5.15 minutes; 
[36m(SimpleStorageUnit pid=1387260)[0m Per-operation statistics: CLEAR_DATA: req_count=4, req/min=0.78, avg_time=0.008324s, max_time=0.009014s, min_time=0.007199s; PUT_DATA: req_count=15, req/min=2.91, avg_time=0.008195s, max_time=0.009223s, min_time=0.003295s; GET_DATA: req_count=15, req/min=2.91, avg_time=0.008813s, max_time=0.009336s, min_time=0.008296s
[36m(SimpleStorageUnit pid=1387261)[0m 2026-07-06 06:51:09,371 - INFO - transfer_queue.utils.perf_utils - TQ_STORAGE_UNIT_653f7186: [Performance] Total success requests: 35, Total req/min: 6.80, Total avg process time: 0.0105s; 
[36m(SimpleStorageUnit pid=1387261)[0m Time range: last 5.15 minutes; 
[36m(SimpleStorageUnit pid=1387261)[0m Per-operation statistics: CLEAR_DATA: req_count=4, req/min=0.78, avg_time=0.009891s, max_time=0.012015s, min_time=0.007125s; PUT_DATA: req_count=15, req/min=2.91, avg_time=0.010270s, max_time=0.012117s, min_time=0.006997s; GET_DATA: req_count=16, req/min=3.11, avg_time=0.010775s, max_time=0.012240s, min_time=0.006748s
[36m(WorkerDict pid=1388437)[0m INFO:2026-07-06 06:52:17,655:update_weights done, time cost: 0.91s
[36m(TaskRunnerV1 pid=1386985)[0m Training Progress:  18%|█▊        | 9/50 [13:47<1:05:44, 96.20s/it] 

[36m(TaskRunnerV1 pid=1386985)[0m [qwen3vl_c2_zscore_v1] diagnostics {'c2_groups_total': 2.0, 'c2_groups_with_nonzero_b_gain_std': 1.0, 'c2_frac_groups_with_nonzero_b_gain_std': 0.5, 'c2_groups_where_b_gain_changes_ranking': 0.0, 'c2_frac_groups_where_b_gain_changes_ranking': 0.0, 'c2_all_same_answer_groups': 2.0, 'c2_all_same_answer_groups_with_b_gain_ranking': 1.0, 'c2_frac_all_same_answer_groups_with_b_gain_ranking': 0.5, 'c2_within_group_corr_answer_b_gain_mean': 0.0}
[36m(TaskRunnerV1 pid=1386985)[0m step:8 - global_seqlen/min:25309 - global_seqlen/max:25309 - global_seqlen/minmax_diff:0 - global_seqlen/balanced_min:25309 - global_seqlen/balanced_max:25309 - global_seqlen/mean:25309.0 - actor/entropy:0.42543017864227295 - training/rollout_probs_diff_valid:1 - training/rollout_probs_diff_max:0.1791706681251526 - training/rollout_probs_diff_mean:0.0041330656968057156 - training/rollout_probs_diff_std:0.008336475118994713 - training/rollout_actor_probs_pearson_corr:0.9995245337486267 - c2_groups_total:2.0 - c2_groups_with_nonzero_b_gain_std:1.0 - c2_frac_groups_with_nonzero_b_gain_std:0.5 - c2_groups_where_b_gain_changes_ranking:0.0 - c2_frac_groups_where_b_gain_changes_ranking:0.0 - c2_all_same_answer_groups:2.0 - c2_all_same_answer_groups_with_b_gain_ranking:1.0 - c2_frac_all_same_answer_groups_with_b_gain_ranking:0.5 - c2_within_group_corr_answer_b_gain_mean:0.0 - rollout_corr/training_ppl:1.2731800079345703 - rollout_corr/training_log_ppl:0.2176876813173294 - rollout_corr/kl:0.0002900676045101136 - rollout_corr/k3_kl:0.0004285563773009926 - rollout_corr/rollout_ppl:1.2728691101074219 - rollout_corr/rollout_log_ppl:0.21749216318130493 - rollout_corr/log_ppl_diff:0.00019552558660507202 - rollout_corr/log_ppl_abs_diff:0.00019552558660507202 - rollout_corr/log_ppl_diff_max:0.0007359981536865234 - rollout_corr/log_ppl_diff_min:0.0 - rollout_corr/ppl_ratio:1.0001956224441528 - rollout_corr/chi2_token:0.0011354684829711914 - rollout_corr/chi2_seq:-0.4435175657272339 - actor/pg_clipfrac:np.float64(0.0) - actor/ppo_kl:np.float64(0.0) - actor/pg_clipfrac_lower:np.float64(0.0) - actor/pg_loss:np.float64(-0.20702850818634033) - actor/loss:np.float64(-0.20702850818634033) - actor/grad_norm:np.float64(0.025618748739361763) - actor/lr:np.float64(1e-06) - actor/perf/max_memory_allocated_gb:np.float64(69.77841520309448) - actor/perf/max_memory_reserved_gb:np.float64(90.68359375) - actor/perf/cpu_memory_used_gb:np.float64(32.00056838989258) - perf/mfu/actor:np.float64(0.05599045009289813) - training/global_step:8 - training/epoch:0 - critic/score/mean:0.0 - critic/score/max:0.20000000298023224 - critic/score/min:-0.20000000298023224 - critic/rewards/mean:0.0 - critic/rewards/max:0.20000000298023224 - critic/rewards/min:-0.20000000298023224 - critic/advantages/mean:0.20702847838401794 - critic/advantages/max:0.7071042060852051 - critic/advantages/min:-0.7071042060852051 - critic/returns/mean:0.20702847838401794 - critic/returns/max:0.7071042060852051 - critic/returns/min:-0.7071042060852051 - response_length/mean:12478.5 - response_length/max:16132.0 - response_length/min:8825.0 - response_length/clip_ratio:0.5 - response_length_non_aborted/mean:12478.5 - response_length_non_aborted/max:16132.0 - response_length_non_aborted/min:8825.0 - response_length_non_aborted/clip_ratio:0.5 - response/aborted_ratio:0.0 - prompt_length/mean:174.0 - prompt_length/max:174.0 - prompt_length/min:174.0 - prompt_length/clip_ratio:1.0 - timing_s/gen:126.8889206929598 - timing_s/old_log_prob:7.309860193985514 - timing_s/adv:0.13317060697590932 - timing_s/update_actor:28.1481296630227 - timing_s/update_weights:25.969944409967866 - timing_s/step:188.5575921740383 - timing_per_token_ms/adv:0.005261788572282955 - timing_per_token_ms/update_actor:1.1121786583042672 - timing_per_token_ms/gen:5.083894414558268 - perf/total_num_tokens:25309 - perf/time_per_step:188.5575921740383 - perf/throughput:134.22424262100165 - training/num_turns/mean:np.float64(2.0) - training/num_turns/max:np.int64(2) - training/num_turns/min:np.int64(2) - training/off_policy/trajectory_spans/mean:np.float64(1.0) - training/off_policy/trajectory_spans/max:np.float64(1.0) - training/off_policy/trajectory_spans/min:np.float64(1.0) - training/off_policy/trajectory_staleness/mean:np.float64(0.0) - training/off_policy/trajectory_staleness/max:np.float64(0.0) - training/off_policy/trajectory_staleness/min:np.float64(0.0) - training/off_policy/trajectory_staleness_worst/mean:np.float64(0.0) - training/off_policy/trajectory_staleness_worst/max:np.float64(0.0) - training/off_policy/trajectory_staleness_worst/min:np.float64(0.0)
[36m(TaskRunnerV1 pid=1386985)[0m [qwen3vl_c2_zscore_v1] diagnostics {'c2_groups_total': 2.0, 'c2_groups_with_nonzero_b_gain_std': 1.0, 'c2_frac_groups_with_nonzero_b_gain_std': 0.5, 'c2_groups_where_b_gain_changes_ranking': 1.0, 'c2_frac_groups_where_b_gain_changes_ranking': 0.5, 'c2_all_same_answer_groups': 2.0, 'c2_all_same_answer_groups_with_b_gain_ranking': 1.0, 'c2_frac_all_same_answer_groups_with_b_gain_ranking': 0.5, 'c2_within_group_corr_answer_b_gain_mean': 0.0}
[36m(TaskRunnerV1 pid=1386985)[0m step:9 - global_seqlen/min:10733 - global_seqlen/max:10733 - global_seqlen/minmax_diff:0 - global_seqlen/balanced_min:10733 - global_seqlen/balanced_max:10733 - global_seqlen/mean:10733.0 - actor/entropy:0.3118932247161865 - training/rollout_probs_diff_valid:1 - training/rollout_probs_diff_max:0.06214416027069092 - training/rollout_probs_diff_mean:0.003836794989183545 - training/rollout_probs_diff_std:0.008324581198394299 - training/rollout_actor_probs_pearson_corr:0.9994134306907654 - c2_groups_total:2.0 - c2_groups_with_nonzero_b_gain_std:1.0 - c2_frac_groups_with_nonzero_b_gain_std:0.5 - c2_groups_where_b_gain_changes_ranking:1.0 - c2_frac_groups_where_b_gain_changes_ranking:0.5 - c2_all_same_answer_groups:2.0 - c2_all_same_answer_groups_with_b_gain_ranking:1.0 - c2_frac_all_same_answer_groups_with_b_gain_ranking:0.5 - c2_within_group_corr_answer_b_gain_mean:0.0 - rollout_corr/training_ppl:1.1862365007400513 - rollout_corr/training_log_ppl:0.1581006944179535 - rollout_corr/kl:0.0005864994018338621 - rollout_corr/k3_kl:0.00036712767905555665 - rollout_corr/rollout_ppl:1.1858264207839966 - rollout_corr/rollout_log_ppl:0.1578035205602646 - rollout_corr/log_ppl_diff:0.0002971738576889038 - rollout_corr/log_ppl_abs_diff:0.0002971738576889038 - rollout_corr/log_ppl_diff_max:0.0007165074348449707 - rollout_corr/log_ppl_diff_min:0.0 - rollout_corr/ppl_ratio:1.0002973079681396 - rollout_corr/chi2_token:0.0002923011779785156 - rollout_corr/chi2_seq:-0.487703800201416 - actor/pg_clipfrac:np.float64(0.0) - actor/ppo_kl:np.float64(0.0) - actor/pg_clipfrac_lower:np.float64(0.0) - actor/pg_loss:np.float64(0.04534502699971199) - actor/loss:np.float64(0.04534502699971199) - actor/grad_norm:np.float64(0.04529804363846779) - actor/lr:np.float64(1e-06) - actor/perf/max_memory_allocated_gb:np.float64(69.77841520309448) - actor/perf/max_memory_reserved_gb:np.float64(93.78515625) - actor/perf/cpu_memory_used_gb:np.float64(32.213775634765625) - perf/mfu/actor:np.float64(0.07901608190781025) - training/global_step:9 - training/epoch:0 - critic/score/mean:1.0 - critic/score/max:1.2000000476837158 - critic/score/min:0.800000011920929 - critic/rewards/mean:1.0 - critic/rewards/max:1.2000000476837158 - critic/rewards/min:0.800000011920929 - critic/advantages/mean:-0.04534495994448662 - critic/advantages/max:0.7071043848991394 - critic/advantages/min:-0.7071041464805603 - critic/returns/mean:-0.04534495994448662 - critic/returns/max:0.7071043848991394 - critic/returns/min:-0.7071041464805603 - response_length/mean:3282.5 - response_length/max:3493.0 - response_length/min:3072.0 - response_length/clip_ratio:0.5 - response_length_non_aborted/mean:3282.5 - response_length_non_aborted/max:3493.0 - response_length_non_aborted/min:3072.0 - response_length_non_aborted/clip_ratio:0.5 - response/aborted_ratio:0.0 - prompt_length/mean:2082.0 - prompt_length/max:2082.0 - prompt_length/min:2082.0 - prompt_length/clip_ratio:1.0 - timing_s/gen:32.71407663298305 - timing_s/old_log_prob:2.5253380759968422 - timing_s/adv:0.12563400698127225 - timing_s/update_actor:7.607556356000714 - timing_s/update_weights:25.249984639987815 - timing_s/step:68.43601112795295 - timing_per_token_ms/adv:0.011705395227920643 - timing_per_token_ms/update_actor:0.7088005549241325 - timing_per_token_ms/gen:4.981586208768547 - perf/total_num_tokens:10733 - perf/time_per_step:68.43601112795295 - perf/throughput:156.8326356709014 - training/num_turns/mean:np.float64(2.0) - training/num_turns/max:np.int64(2) - training/num_turns/min:np.int64(2) - training/off_policy/trajectory_spans/mean:np.float64(1.0) - training/off_policy/trajectory_spans/max:np.float64(1.0) - training/off_policy/trajectory_spans/min:np.float64(1.0) - training/off_policy/trajectory_staleness/mean:np.float64(0.0) - training/off_policy/trajectory_staleness/max:np.float64(0.0) - training/off_policy/trajectory_staleness/min:np.float64(0.0) - training/off_policy/trajectory_staleness_worst/mean:np.float64(0.0) - training/off_policy/trajectory_staleness_worst/max:np.float64(0.0) - training/off_policy/trajectory_staleness_worst/min:np.float64(0.0)[36m(WorkerDict pid=1388437)[0m INFO:2026-07-06 06:52:55,437:update_weights done, time cost: 0.86s
[36m(TaskRunnerV1 pid=1386985)[0m Training Progress:  20%|██        | 10/50 [14:25<52:06, 78.17s/it] 
[36m(WorkerDict pid=1388437)[0m INFO:2026-07-06 06:53:43,792:update_weights done, time cost: 0.90s
[36m(TaskRunnerV1 pid=1386985)[0m Training Progress:  22%|██▏       | 11/50 [15:13<44:52, 69.04s/it]

[36m(TaskRunnerV1 pid=1386985)[0m [qwen3vl_c2_zscore_v1] diagnostics {'c2_groups_total': 2.0, 'c2_groups_with_nonzero_b_gain_std': 0.0, 'c2_frac_groups_with_nonzero_b_gain_std': 0.0, 'c2_groups_where_b_gain_changes_ranking': 0.0, 'c2_frac_groups_where_b_gain_changes_ranking': 0.0, 'c2_all_same_answer_groups': 2.0, 'c2_all_same_answer_groups_with_b_gain_ranking': 0.0, 'c2_frac_all_same_answer_groups_with_b_gain_ranking': 0.0, 'c2_within_group_corr_answer_b_gain_mean': 0.0}
[36m(TaskRunnerV1 pid=1386985)[0m step:10 - global_seqlen/min:2324 - global_seqlen/max:2324 - global_seqlen/minmax_diff:0 - global_seqlen/balanced_min:2324 - global_seqlen/balanced_max:2324 - global_seqlen/mean:2324.0 - actor/entropy:0.20496030151844025 - training/rollout_probs_diff_valid:1 - training/rollout_probs_diff_max:0.06222742795944214 - training/rollout_probs_diff_mean:0.0033647206146270037 - training/rollout_probs_diff_std:0.009121968410909176 - training/rollout_actor_probs_pearson_corr:0.9990942478179932 - c2_groups_total:2.0 - c2_groups_with_nonzero_b_gain_std:0.0 - c2_frac_groups_with_nonzero_b_gain_std:0.0 - c2_groups_where_b_gain_changes_ranking:0.0 - c2_frac_groups_where_b_gain_changes_ranking:0.0 - c2_all_same_answer_groups:2.0 - c2_all_same_answer_groups_with_b_gain_ranking:0.0 - c2_frac_all_same_answer_groups_with_b_gain_ranking:0.0 - c2_within_group_corr_answer_b_gain_mean:0.0 - rollout_corr/training_ppl:1.1128679513931274 - rollout_corr/training_log_ppl:0.10176981985569 - rollout_corr/kl:-0.0003329960454721004 - rollout_corr/k3_kl:0.00033049305784516037 - rollout_corr/rollout_ppl:1.113114356994629 - rollout_corr/rollout_log_ppl:0.10197032988071442 - rollout_corr/log_ppl_diff:-0.00020051375031471252 - rollout_corr/log_ppl_abs_diff:0.00020051375031471252 - rollout_corr/log_ppl_diff_max:0.0 - rollout_corr/log_ppl_diff_min:-0.0007765740156173706 - rollout_corr/ppl_ratio:0.9997995495796204 - rollout_corr/chi2_token:0.0019974708557128906 - rollout_corr/chi2_seq:0.6436103582382202 - actor/pg_clipfrac:np.float64(0.0) - actor/ppo_kl:np.float64(0.0) - actor/pg_clipfrac_lower:np.float64(0.0) - actor/pg_loss:np.float64(0.0) - actor/loss:np.float64(0.0) - actor/grad_norm:np.float64(0.0) - actor/lr:np.float64(1e-06) - actor/perf/max_memory_allocated_gb:np.float64(69.77841520309448) - actor/perf/max_memory_reserved_gb:np.float64(93.78515625) - actor/perf/cpu_memory_used_gb:np.float64(31.96778106689453) - perf/mfu/actor:np.float64(0.09968462969893552) - training/global_step:10 - training/epoch:0 - critic/score/mean:1.0 - critic/score/max:1.0 - critic/score/min:1.0 - critic/rewards/mean:1.0 - critic/rewards/max:1.0 - critic/rewards/min:1.0 - critic/advantages/mean:0.0 - critic/advantages/max:0.0 - critic/advantages/min:0.0 - critic/returns/mean:0.0 - critic/returns/max:0.0 - critic/returns/min:0.0 - response_length/mean:988.0 - response_length/max:1167.0 - response_length/min:809.0 - response_length/clip_ratio:0.5 - response_length_non_aborted/mean:988.0 - response_length_non_aborted/max:1167.0 - response_length_non_aborted/min:809.0 - response_length_non_aborted/clip_ratio:0.5 - response/aborted_ratio:0.0 - prompt_length/mean:172.0 - prompt_length/max:172.0 - prompt_length/min:172.0 - prompt_length/clip_ratio:1.0 - timing_s/gen:10.639206669991836 - timing_s/old_log_prob:0.6989651389885694 - timing_s/adv:0.12778093898668885 - timing_s/update_actor:1.3197098749806173 - timing_s/update_weights:24.828427510045003 - timing_s/step:37.71552042802796 - timing_per_token_ms/adv:0.05498319233506405 - timing_per_token_ms/update_actor:0.5678613919882174 - timing_per_token_ms/gen:5.378769802827015 - perf/total_num_tokens:2324 - perf/time_per_step:37.71552042802796 - perf/throughput:61.6191947936887 - training/num_turns/mean:np.float64(2.0) - training/num_turns/max:np.int64(2) - training/num_turns/min:np.int64(2) - training/off_policy/trajectory_spans/mean:np.float64(1.0) - training/off_policy/trajectory_spans/max:np.float64(1.0) - training/off_policy/trajectory_spans/min:np.float64(1.0) - training/off_policy/trajectory_staleness/mean:np.float64(0.0) - training/off_policy/trajectory_staleness/max:np.float64(0.0) - training/off_policy/trajectory_staleness/min:np.float64(0.0) - training/off_policy/trajectory_staleness_worst/mean:np.float64(0.0) - training/off_policy/trajectory_staleness_worst/max:np.float64(0.0) - training/off_policy/trajectory_staleness_worst/min:np.float64(0.0)
[36m(TaskRunnerV1 pid=1386985)[0m [qwen3vl_c2_zscore_v1] diagnostics {'c2_groups_total': 2.0, 'c2_groups_with_nonzero_b_gain_std': 0.0, 'c2_frac_groups_with_nonzero_b_gain_std': 0.0, 'c2_groups_where_b_gain_changes_ranking': 0.0, 'c2_frac_groups_where_b_gain_changes_ranking': 0.0, 'c2_all_same_answer_groups': 1.0, 'c2_all_same_answer_groups_with_b_gain_ranking': 0.0, 'c2_frac_all_same_answer_groups_with_b_gain_ranking': 0.0, 'c2_within_group_corr_answer_b_gain_mean': 0.0}
[36m(TaskRunnerV1 pid=1386985)[0m step:11 - global_seqlen/min:3718 - global_seqlen/max:3718 - global_seqlen/minmax_diff:0 - global_seqlen/balanced_min:3718 - global_seqlen/balanced_max:3718 - global_seqlen/mean:3718.0 - actor/entropy:0.26756519079208374 - training/rollout_probs_diff_valid:1 - training/rollout_probs_diff_max:0.06298872828483582 - training/rollout_probs_diff_mean:0.004101673606783152 - training/rollout_probs_diff_std:0.009624863043427467 - training/rollout_actor_probs_pearson_corr:0.9991415143013 - c2_groups_total:2.0 - c2_groups_with_nonzero_b_gain_std:0.0 - c2_frac_groups_with_nonzero_b_gain_std:0.0 - c2_groups_where_b_gain_changes_ranking:0.0 - c2_frac_groups_where_b_gain_changes_ranking:0.0 - c2_all_same_answer_groups:1.0 - c2_all_same_answer_groups_with_b_gain_ranking:0.0 - c2_frac_all_same_answer_groups_with_b_gain_ranking:0.0 - c2_within_group_corr_answer_b_gain_mean:0.0 - rollout_corr/training_ppl:1.1529382467269897 - rollout_corr/training_log_ppl:0.1334354281425476 - rollout_corr/kl:0.0006720052333548665 - rollout_corr/k3_kl:0.0004222366842441261 - rollout_corr/rollout_ppl:1.1524724960327148 - rollout_corr/rollout_log_ppl:0.1330784261226654 - rollout_corr/log_ppl_diff:0.0003569945693016052 - rollout_corr/log_ppl_abs_diff:0.0003569945693016052 - rollout_corr/log_ppl_diff_max:0.000870048999786377 - rollout_corr/log_ppl_diff_min:0.0 - rollout_corr/ppl_ratio:1.0003571510314941 - rollout_corr/chi2_token:0.00035393238067626953 - rollout_corr/chi2_seq:-0.44782161712646484 - actor/pg_clipfrac:np.float64(0.0) - actor/ppo_kl:np.float64(0.0) - actor/pg_clipfrac_lower:np.float64(0.0) - actor/pg_loss:np.float64(-0.1902940422296524) - actor/loss:np.float64(-0.1902940422296524) - actor/grad_norm:np.float64(0.061707012355327606) - actor/lr:np.float64(1e-06) - actor/perf/max_memory_allocated_gb:np.float64(69.77841520309448) - actor/perf/max_memory_reserved_gb:np.float64(93.78515625) - actor/perf/cpu_memory_used_gb:np.float64(31.858840942382812) - perf/mfu/actor:np.float64(0.10259402916732907) - training/global_step:11 - training/epoch:0 - critic/score/mean:0.5 - critic/score/max:1.0 - critic/score/min:0.0 - critic/rewards/mean:0.5 - critic/rewards/max:1.0 - critic/rewards/min:0.0 - critic/advantages/mean:0.19029401242733002 - critic/advantages/max:0.7071057558059692 - critic/advantages/min:-0.7071057558059692 - critic/returns/mean:0.19029401242733002 - critic/returns/max:0.7071057558059692 - critic/returns/min:-0.7071057558059692 - response_length/mean:1687.0 - response_length/max:2141.0 - response_length/min:1233.0 - response_length/clip_ratio:0.5 - response_length_non_aborted/mean:1687.0 - response_length_non_aborted/max:2141.0 - response_length_non_aborted/min:1233.0 - response_length_non_aborted/clip_ratio:0.5 - response/aborted_ratio:0.0 - prompt_length/mean:170.0 - prompt_length/max:170.0 - prompt_length/min:170.0 - prompt_length/clip_ratio:1.0 - timing_s/gen:18.665839423949365 - timing_s/old_log_prob:0.8570497190230526 - timing_s/adv:0.12646357499761507 - timing_s/update_actor:2.00335883902153 - timing_s/update_weights:26.5362451300025 - timing_s/step:48.291741619003005 - timing_per_token_ms/adv:0.034013871704576405 - timing_per_token_ms/update_actor:0.5388270142607665 - timing_per_token_ms/gen:5.528980872022916 - perf/total_num_tokens:3718 - perf/time_per_step:48.291741619003005 - perf/throughput:76.990389564599 - training/num_turns/mean:np.float64(2.0) - training/num_turns/max:np.int64(2) - training/num_turns/min:np.int64(2) - training/off_policy/trajectory_spans/mean:np.float64(1.0) - training/off_policy/trajectory_spans/max:np.float64(1.0) - training/off_policy/trajectory_spans/min:np.float64(1.0) - training/off_policy/trajectory_staleness/mean:np.float64(0.0) - training/off_policy/trajectory_staleness/max:np.float64(0.0) - training/off_policy/trajectory_staleness/min:np.float64(0.0) - training/off_policy/trajectory_staleness_worst/mean:np.float64(0.0) - training/off_policy/trajectory_staleness_worst/max:np.float64(0.0) - training/off_policy/trajectory_staleness_worst/min:np.float64(0.0)[36m(WorkerDict pid=1388437)[0m INFO:2026-07-06 06:54:27,866:update_weights done, time cost: 0.90s
[36m(TaskRunnerV1 pid=1386985)[0m Training Progress:  24%|██▍       | 12/50 [15:57<38:55, 61.45s/it]
[36m(WorkerDict pid=1388437)[0m INFO:2026-07-06 06:55:09,185:update_weights done, time cost: 0.89s
[36m(TaskRunnerV1 pid=1386985)[0m Training Progress:  26%|██▌       | 13/50 [16:39<34:08, 55.35s/it]

[36m(TaskRunnerV1 pid=1386985)[0m [qwen3vl_c2_zscore_v1] diagnostics {'c2_groups_total': 2.0, 'c2_groups_with_nonzero_b_gain_std': 0.0, 'c2_frac_groups_with_nonzero_b_gain_std': 0.0, 'c2_groups_where_b_gain_changes_ranking': 0.0, 'c2_frac_groups_where_b_gain_changes_ranking': 0.0, 'c2_all_same_answer_groups': 2.0, 'c2_all_same_answer_groups_with_b_gain_ranking': 0.0, 'c2_frac_all_same_answer_groups_with_b_gain_ranking': 0.0, 'c2_within_group_corr_answer_b_gain_mean': 0.0}
[36m(TaskRunnerV1 pid=1386985)[0m step:12 - global_seqlen/min:3285 - global_seqlen/max:3285 - global_seqlen/minmax_diff:0 - global_seqlen/balanced_min:3285 - global_seqlen/balanced_max:3285 - global_seqlen/mean:3285.0 - actor/entropy:0.2851908802986145 - training/rollout_probs_diff_valid:1 - training/rollout_probs_diff_max:0.07847362756729126 - training/rollout_probs_diff_mean:0.004129126202315092 - training/rollout_probs_diff_std:0.00973772443830967 - training/rollout_actor_probs_pearson_corr:0.9991938471794128 - c2_groups_total:2.0 - c2_groups_with_nonzero_b_gain_std:0.0 - c2_frac_groups_with_nonzero_b_gain_std:0.0 - c2_groups_where_b_gain_changes_ranking:0.0 - c2_frac_groups_where_b_gain_changes_ranking:0.0 - c2_all_same_answer_groups:2.0 - c2_all_same_answer_groups_with_b_gain_ranking:0.0 - c2_frac_all_same_answer_groups_with_b_gain_ranking:0.0 - c2_within_group_corr_answer_b_gain_mean:0.0 - rollout_corr/training_ppl:1.1672199964523315 - rollout_corr/training_log_ppl:0.14418716728687286 - rollout_corr/kl:0.0006771787884645164 - rollout_corr/k3_kl:0.00047913676826283336 - rollout_corr/rollout_ppl:1.1667611598968506 - rollout_corr/rollout_log_ppl:0.14384445548057556 - rollout_corr/log_ppl_diff:0.00034271925687789917 - rollout_corr/log_ppl_abs_diff:0.00034271925687789917 - rollout_corr/log_ppl_diff_max:0.0008411407470703125 - rollout_corr/log_ppl_diff_min:0.0 - rollout_corr/ppl_ratio:1.000342845916748 - rollout_corr/chi2_token:0.0005700588226318359 - rollout_corr/chi2_seq:-0.42852067947387695 - actor/pg_clipfrac:np.float64(0.0) - actor/ppo_kl:np.float64(0.0) - actor/pg_clipfrac_lower:np.float64(0.0) - actor/pg_loss:np.float64(0.0) - actor/loss:np.float64(0.0) - actor/grad_norm:np.float64(0.0) - actor/lr:np.float64(1e-06) - actor/perf/max_memory_allocated_gb:np.float64(69.77841520309448) - actor/perf/max_memory_reserved_gb:np.float64(93.78515625) - actor/perf/cpu_memory_used_gb:np.float64(31.85791778564453) - perf/mfu/actor:np.float64(0.1054255617805659) - training/global_step:12 - training/epoch:0 - critic/score/mean:1.0 - critic/score/max:1.0 - critic/score/min:1.0 - critic/rewards/mean:1.0 - critic/rewards/max:1.0 - critic/rewards/min:1.0 - critic/advantages/mean:0.0 - critic/advantages/max:0.0 - critic/advantages/min:0.0 - critic/returns/mean:0.0 - critic/returns/max:0.0 - critic/returns/min:0.0 - response_length/mean:1481.5 - response_length/max:1560.0 - response_length/min:1403.0 - response_length/clip_ratio:0.5 - response_length_non_aborted/mean:1481.5 - response_length_non_aborted/max:1560.0 - response_length_non_aborted/min:1403.0 - response_length_non_aborted/clip_ratio:0.5 - response/aborted_ratio:0.0 - prompt_length/mean:159.0 - prompt_length/max:159.0 - prompt_length/min:159.0 - prompt_length/clip_ratio:1.0 - timing_s/gen:14.656406973022968 - timing_s/old_log_prob:0.790410682966467 - timing_s/adv:0.12646365497494116 - timing_s/update_actor:1.7319502549944445 - timing_s/update_weights:26.603871680039447 - timing_s/step:44.011453987972345 - timing_per_token_ms/adv:0.038497307450514814 - timing_per_token_ms/update_actor:0.5272299101961779 - timing_per_token_ms/gen:4.943138945370309 - perf/total_num_tokens:3285 - perf/time_per_step:44.011453987972345 - perf/throughput:74.63966086868523 - training/num_turns/mean:np.float64(2.0) - training/num_turns/max:np.int64(2) - training/num_turns/min:np.int64(2) - training/off_policy/trajectory_spans/mean:np.float64(1.0) - training/off_policy/trajectory_spans/max:np.float64(1.0) - training/off_policy/trajectory_spans/min:np.float64(1.0) - training/off_policy/trajectory_staleness/mean:np.float64(0.0) - training/off_policy/trajectory_staleness/max:np.float64(0.0) - training/off_policy/trajectory_staleness/min:np.float64(0.0) - training/off_policy/trajectory_staleness_worst/mean:np.float64(0.0) - training/off_policy/trajectory_staleness_worst/max:np.float64(0.0) - training/off_policy/trajectory_staleness_worst/min:np.float64(0.0)
[36m(TaskRunnerV1 pid=1386985)[0m [qwen3vl_c2_zscore_v1] diagnostics {'c2_groups_total': 2.0, 'c2_groups_with_nonzero_b_gain_std': 0.0, 'c2_frac_groups_with_nonzero_b_gain_std': 0.0, 'c2_groups_where_b_gain_changes_ranking': 0.0, 'c2_frac_groups_where_b_gain_changes_ranking': 0.0, 'c2_all_same_answer_groups': 2.0, 'c2_all_same_answer_groups_with_b_gain_ranking': 0.0, 'c2_frac_all_same_answer_groups_with_b_gain_ranking': 0.0, 'c2_within_group_corr_answer_b_gain_mean': 0.0}
[36m(TaskRunnerV1 pid=1386985)[0m step:13 - global_seqlen/min:2962 - global_seqlen/max:2962 - global_seqlen/minmax_diff:0 - global_seqlen/balanced_min:2962 - global_seqlen/balanced_max:2962 - global_seqlen/mean:2962.0 - actor/entropy:0.36987727880477905 - training/rollout_probs_diff_valid:1 - training/rollout_probs_diff_max:0.06219625473022461 - training/rollout_probs_diff_mean:0.004024000838398933 - training/rollout_probs_diff_std:0.008542400784790516 - training/rollout_actor_probs_pearson_corr:0.9994653463363647 - c2_groups_total:2.0 - c2_groups_with_nonzero_b_gain_std:0.0 - c2_frac_groups_with_nonzero_b_gain_std:0.0 - c2_groups_where_b_gain_changes_ranking:0.0 - c2_frac_groups_where_b_gain_changes_ranking:0.0 - c2_all_same_answer_groups:2.0 - c2_all_same_answer_groups_with_b_gain_ranking:0.0 - c2_frac_all_same_answer_groups_with_b_gain_ranking:0.0 - c2_within_group_corr_answer_b_gain_mean:0.0 - rollout_corr/training_ppl:1.2357984781265259 - rollout_corr/training_log_ppl:0.19296815991401672 - rollout_corr/kl:-0.00021683869999833405 - rollout_corr/k3_kl:0.0003995778097305447 - rollout_corr/rollout_ppl:1.2359861135482788 - rollout_corr/rollout_log_ppl:0.19308587908744812 - rollout_corr/log_ppl_diff:-0.00011772662401199341 - rollout_corr/log_ppl_abs_diff:0.00033692270517349243 - rollout_corr/log_ppl_diff_max:0.00043839216232299805 - rollout_corr/log_ppl_diff_min:-0.0009092986583709717 - rollout_corr/ppl_ratio:0.9998824000358582 - rollout_corr/chi2_token:0.0020433664321899414 - rollout_corr/chi2_seq:2.076780319213867 - actor/pg_clipfrac:np.float64(0.0) - actor/ppo_kl:np.float64(0.0) - actor/pg_clipfrac_lower:np.float64(0.0) - actor/pg_loss:np.float64(0.0) - actor/loss:np.float64(0.0) - actor/grad_norm:np.float64(0.0) - actor/lr:np.float64(1e-06) - actor/perf/max_memory_allocated_gb:np.float64(69.77841520309448) - actor/perf/max_memory_reserved_gb:np.float64(93.78515625) - actor/perf/cpu_memory_used_gb:np.float64(31.85797882080078) - perf/mfu/actor:np.float64(0.10642397571803834) - training/global_step:13 - training/epoch:0 - critic/score/mean:1.0 - critic/score/max:1.0 - critic/score/min:1.0 - critic/rewards/mean:1.0 - critic/rewards/max:1.0 - critic/rewards/min:1.0 - critic/advantages/mean:0.0 - critic/advantages/max:0.0 - critic/advantages/min:0.0 - critic/returns/mean:0.0 - critic/returns/max:0.0 - critic/returns/min:0.0 - response_length/mean:1302.0 - response_length/max:1338.0 - response_length/min:1266.0 - response_length/clip_ratio:0.5 - response_length_non_aborted/mean:1302.0 - response_length_non_aborted/max:1338.0 - response_length_non_aborted/min:1266.0 - response_length_non_aborted/clip_ratio:0.5 - response/aborted_ratio:0.0 - prompt_length/mean:177.0 - prompt_length/max:177.0 - prompt_length/min:177.0 - prompt_length/clip_ratio:1.0 - timing_s/gen:12.641480302030686 - timing_s/old_log_prob:0.7079064599820413 - timing_s/adv:0.12666622299002483 - timing_s/update_actor:1.5560184079804458 - timing_s/update_weights:26.11610516003566 - timing_s/step:41.256855132000055 - timing_per_token_ms/adv:0.042763748477388536 - timing_per_token_ms/update_actor:0.5253269439501843 - timing_per_token_ms/gen:4.850913392951146 - perf/total_num_tokens:2962 - perf/time_per_step:41.256855132000055 - perf/throughput:71.79412949734464 - training/num_turns/mean:np.float64(2.0) - training/num_turns/max:np.int64(2) - training/num_turns/min:np.int64(2) - training/off_policy/trajectory_spans/mean:np.float64(1.0) - training/off_policy/trajectory_spans/max:np.float64(1.0) - training/off_policy/trajectory_spans/min:np.float64(1.0) - training/off_policy/trajectory_staleness/mean:np.float64(0.0) - training/off_policy/trajectory_staleness/max:np.float64(0.0) - training/off_policy/trajectory_staleness/min:np.float64(0.0) - training/off_policy/trajectory_staleness_worst/mean:np.float64(0.0) - training/off_policy/trajectory_staleness_worst/max:np.float64(0.0) - training/off_policy/trajectory_staleness_worst/min:np.float64(0.0)[36m(WorkerDict pid=1388437)[0m INFO:2026-07-06 06:55:55,362:update_weights done, time cost: 0.90s
[36m(TaskRunnerV1 pid=1386985)[0m Training Progress:  28%|██▊       | 14/50 [17:25<31:32, 52.58s/it]
[36m(TransferQueueController pid=1387192)[0m 2026-07-06 06:56:09,681 - INFO - transfer_queue.utils.perf_utils - TQ_CONTROLLER_8b736cbe: [Performance] Total success requests: 301, Total req/min: 60.13, Total avg process time: 0.0005s; 
[36m(TransferQueueController pid=1387192)[0m Time range: last 5.01 minutes; 
[36m(TransferQueueController pid=1387192)[0m Per-operation statistics: KV_RETRIEVE_META: req_count=108, req/min=21.58, avg_time=0.001080s, max_time=0.001992s, min_time=0.000417s; CLEAR_META: req_count=13, req/min=2.60, avg_time=0.000303s, max_time=0.000357s, min_time=0.000257s; SET_CUSTOM_META: req_count=65, req/min=12.99, avg_time=0.000046s, max_time=0.000078s, min_time=0.000034s; KV_LIST: req_count=65, req/min=12.99, avg_time=0.000069s, max_time=0.000082s, min_time=0.000042s; NOTIFY_DATA_UPDATE: req_count=44, req/min=8.79, avg_time=0.000423s, max_time=0.000535s, min_time=0.000283s; KV_RETRIEVE_KEYS: req_count=6, req/min=1.20, avg_time=0.000059s, max_time=0.000065s, min_time=0.000054s
[36m(SimpleStorageUnit pid=1387263)[0m 2026-07-06 06:56:09,697 - INFO - transfer_queue.utils.perf_utils - TQ_STORAGE_UNIT_ff5732e4: [Performance] Total success requests: 71, Total req/min: 14.18, Total avg process time: 0.0082s; 
[36m(SimpleStorageUnit pid=1387263)[0m Time range: last 5.01 minutes; 
[36m(SimpleStorageUnit pid=1387263)[0m Per-operation statistics: CLEAR_DATA: req_count=9, req/min=1.80, avg_time=0.008151s, max_time=0.014571s, min_time=0.002469s; PUT_DATA: req_count=30, req/min=5.99, avg_time=0.007997s, max_time=0.009294s, min_time=0.006972s; GET_DATA: req_count=32, req/min=6.39, avg_time=0.008330s, max_time=0.008924s, min_time=0.006802s
[36m(SimpleStorageUnit pid=1387261)[0m 2026-07-06 06:56:10,331 - INFO - transfer_queue.utils.perf_utils - TQ_STORAGE_UNIT_653f7186: [Performance] Total success requests: 71, Total req/min: 14.15, Total avg process time: 0.0081s; 
[36m(SimpleStorageUnit pid=1387261)[0m Time range: last 5.02 minutes; 
[36m(SimpleStorageUnit pid=1387261)[0m Per-operation statistics: CLEAR_DATA: req_count=8, req/min=1.59, avg_time=0.008378s, max_time=0.010686s, min_time=0.007081s; PUT_DATA: req_count=31, req/min=6.18, avg_time=0.007901s, max_time=0.009123s, min_time=0.006244s; GET_DATA: req_count=32, req/min=6.38, avg_time=0.008219s, max_time=0.009022s, min_time=0.006794s
[36m(SimpleStorageUnit pid=1387266)[0m 2026-07-06 06:56:10,445 - INFO - transfer_queue.utils.perf_utils - TQ_STORAGE_UNIT_291d8320: [Performance] Total success requests: 72, Total req/min: 14.35, Total avg process time: 0.0081s; 
[36m(SimpleStorageUnit pid=1387266)[0m Time range: last 5.02 minutes; 
[36m(SimpleStorageUnit pid=1387266)[0m Per-operation statistics: CLEAR_DATA: req_count=9, req/min=1.79, avg_time=0.008254s, max_time=0.010765s, min_time=0.006688s; PUT_DATA: req_count=31, req/min=6.18, avg_time=0.007919s, max_time=0.009347s, min_time=0.006388s; GET_DATA: req_count=32, req/min=6.38, avg_time=0.008278s, max_time=0.008846s, min_time=0.006784s
[36m(SimpleStorageUnit pid=1387260)[0m 2026-07-06 06:56:10,406 - INFO - transfer_queue.utils.perf_utils - TQ_STORAGE_UNIT_7f1a0dab: [Performance] Total success requests: 72, Total req/min: 14.35, Total avg process time: 0.0086s; 
[36m(SimpleStorageUnit pid=1387260)[0m Time range: last 5.02 minutes; 
[36m(SimpleStorageUnit pid=1387260)[0m Per-operation statistics: CLEAR_DATA: req_count=9, req/min=1.79, avg_time=0.009121s, max_time=0.015207s, min_time=0.006894s; PUT_DATA: req_count=31, req/min=6.18, avg_time=0.008347s, max_time=0.009110s, min_time=0.007160s; GET_DATA: req_count=32, req/min=6.38, avg_time=0.008785s, max_time=0.009422s, min_time=0.007130s
[36m(WorkerDict pid=1388437)[0m INFO:2026-07-06 06:56:39,529:update_weights done, time cost: 0.90s
[36m(TaskRunnerV1 pid=1386985)[0m Training Progress:  30%|███       | 15/50 [18:09<29:11, 50.04s/it]

[36m(TaskRunnerV1 pid=1386985)[0m [qwen3vl_c2_zscore_v1] diagnostics {'c2_groups_total': 2.0, 'c2_groups_with_nonzero_b_gain_std': 1.0, 'c2_frac_groups_with_nonzero_b_gain_std': 0.5, 'c2_groups_where_b_gain_changes_ranking': 1.0, 'c2_frac_groups_where_b_gain_changes_ranking': 0.5, 'c2_all_same_answer_groups': 2.0, 'c2_all_same_answer_groups_with_b_gain_ranking': 1.0, 'c2_frac_all_same_answer_groups_with_b_gain_ranking': 0.5, 'c2_within_group_corr_answer_b_gain_mean': 0.0}
[36m(TaskRunnerV1 pid=1386985)[0m step:14 - global_seqlen/min:2974 - global_seqlen/max:2974 - global_seqlen/minmax_diff:0 - global_seqlen/balanced_min:2974 - global_seqlen/balanced_max:2974 - global_seqlen/mean:2974.0 - actor/entropy:0.2864755094051361 - training/rollout_probs_diff_valid:1 - training/rollout_probs_diff_max:0.06217736005783081 - training/rollout_probs_diff_mean:0.003697217907756567 - training/rollout_probs_diff_std:0.008923758752644062 - training/rollout_actor_probs_pearson_corr:0.9993061423301697 - c2_groups_total:2.0 - c2_groups_with_nonzero_b_gain_std:1.0 - c2_frac_groups_with_nonzero_b_gain_std:0.5 - c2_groups_where_b_gain_changes_ranking:1.0 - c2_frac_groups_where_b_gain_changes_ranking:0.5 - c2_all_same_answer_groups:2.0 - c2_all_same_answer_groups_with_b_gain_ranking:1.0 - c2_frac_all_same_answer_groups_with_b_gain_ranking:0.5 - c2_within_group_corr_answer_b_gain_mean:0.0 - rollout_corr/training_ppl:1.1365580558776855 - rollout_corr/training_log_ppl:0.117740198969841 - rollout_corr/kl:0.0004874441656284034 - rollout_corr/k3_kl:0.00036880254629068077 - rollout_corr/rollout_ppl:1.1360069513320923 - rollout_corr/rollout_log_ppl:0.11724022030830383 - rollout_corr/log_ppl_diff:0.0004999730736017227 - rollout_corr/log_ppl_abs_diff:0.0006097499281167984 - rollout_corr/log_ppl_diff_max:0.0022194460034370422 - rollout_corr/log_ppl_diff_min:-0.00021955370903015137 - rollout_corr/ppl_ratio:1.0005006790161133 - rollout_corr/chi2_token:0.000498652458190918 - rollout_corr/chi2_seq:0.07881927490234375 - actor/pg_clipfrac:np.float64(0.0) - actor/ppo_kl:np.float64(0.0) - actor/pg_clipfrac_lower:np.float64(0.0) - actor/pg_loss:np.float64(0.2971653938293457) - actor/loss:np.float64(0.2971653938293457) - actor/grad_norm:np.float64(0.06562702357769012) - actor/lr:np.float64(1e-06) - actor/perf/max_memory_allocated_gb:np.float64(69.77841520309448) - actor/perf/max_memory_reserved_gb:np.float64(93.78515625) - actor/perf/cpu_memory_used_gb:np.float64(31.861255645751953) - perf/mfu/actor:np.float64(0.10237922863082972) - training/global_step:14 - training/epoch:0 - critic/score/mean:1.0 - critic/score/max:1.2000000476837158 - critic/score/min:0.800000011920929 - critic/rewards/mean:1.0 - critic/rewards/max:1.2000000476837158 - critic/rewards/min:0.800000011920929 - critic/advantages/mean:-0.2971653342247009 - critic/advantages/max:0.7071043848991394 - critic/advantages/min:-0.7071041464805603 - critic/returns/mean:-0.2971653342247009 - critic/returns/max:0.7071043848991394 - critic/returns/min:-0.7071041464805603 - response_length/mean:1323.0 - response_length/max:1879.0 - response_length/min:767.0 - response_length/clip_ratio:0.5 - response_length_non_aborted/mean:1323.0 - response_length_non_aborted/max:1879.0 - response_length_non_aborted/min:767.0 - response_length_non_aborted/clip_ratio:0.5 - response/aborted_ratio:0.0 - prompt_length/mean:162.0 - prompt_length/max:162.0 - prompt_length/min:162.0 - prompt_length/clip_ratio:1.0 - timing_s/gen:16.666003619029652 - timing_s/old_log_prob:0.7457059849984944 - timing_s/adv:0.12730450899107382 - timing_s/update_actor:1.6248913239687681 - timing_s/update_weights:26.84805251803482 - timing_s/step:46.11523835401749 - timing_per_token_ms/adv:0.04280582010459778 - timing_per_token_ms/update_actor:0.5463656099424237 - timing_per_token_ms/gen:6.293808013228721 - perf/total_num_tokens:2974 - perf/time_per_step:46.11523835401749 - perf/throughput:64.49061321485958 - training/num_turns/mean:np.float64(2.0) - training/num_turns/max:np.int64(2) - training/num_turns/min:np.int64(2) - training/off_policy/trajectory_spans/mean:np.float64(1.0) - training/off_policy/trajectory_spans/max:np.float64(1.0) - training/off_policy/trajectory_spans/min:np.float64(1.0) - training/off_policy/trajectory_staleness/mean:np.float64(0.0) - training/off_policy/trajectory_staleness/max:np.float64(0.0) - training/off_policy/trajectory_staleness/min:np.float64(0.0) - training/off_policy/trajectory_staleness_worst/mean:np.float64(0.0) - training/off_policy/trajectory_staleness_worst/max:np.float64(0.0) - training/off_policy/trajectory_staleness_worst/min:np.float64(0.0)
[36m(TaskRunnerV1 pid=1386985)[0m [qwen3vl_c2_zscore_v1] diagnostics {'c2_groups_total': 2.0, 'c2_groups_with_nonzero_b_gain_std': 1.0, 'c2_frac_groups_with_nonzero_b_gain_std': 0.5, 'c2_groups_where_b_gain_changes_ranking': 0.0, 'c2_frac_groups_where_b_gain_changes_ranking': 0.0, 'c2_all_same_answer_groups': 2.0, 'c2_all_same_answer_groups_with_b_gain_ranking': 1.0, 'c2_frac_all_same_answer_groups_with_b_gain_ranking': 0.5, 'c2_within_group_corr_answer_b_gain_mean': 0.0}
[36m(TaskRunnerV1 pid=1386985)[0m step:15 - global_seqlen/min:4065 - global_seqlen/max:4065 - global_seqlen/minmax_diff:0 - global_seqlen/balanced_min:4065 - global_seqlen/balanced_max:4065 - global_seqlen/mean:4065.0 - actor/entropy:0.4407448172569275 - training/rollout_probs_diff_valid:1 - training/rollout_probs_diff_max:0.06217646598815918 - training/rollout_probs_diff_mean:0.005045156925916672 - training/rollout_probs_diff_std:0.009223615750670433 - training/rollout_actor_probs_pearson_corr:0.9993617534637451 - c2_groups_total:2.0 - c2_groups_with_nonzero_b_gain_std:1.0 - c2_frac_groups_with_nonzero_b_gain_std:0.5 - c2_groups_where_b_gain_changes_ranking:0.0 - c2_frac_groups_where_b_gain_changes_ranking:0.0 - c2_all_same_answer_groups:2.0 - c2_all_same_answer_groups_with_b_gain_ranking:1.0 - c2_frac_all_same_answer_groups_with_b_gain_ranking:0.5 - c2_within_group_corr_answer_b_gain_mean:0.0 - rollout_corr/training_ppl:1.266754388809204 - rollout_corr/training_log_ppl:0.21376585960388184 - rollout_corr/kl:0.0008529752376489341 - rollout_corr/k3_kl:0.0005051071639172733 - rollout_corr/rollout_ppl:1.266116976737976 - rollout_corr/rollout_log_ppl:0.2133476436138153 - rollout_corr/log_ppl_diff:0.00041822344064712524 - rollout_corr/log_ppl_abs_diff:0.00041822344064712524 - rollout_corr/log_ppl_diff_max:0.0014559626579284668 - rollout_corr/log_ppl_diff_min:0.0 - rollout_corr/ppl_ratio:1.0004184246063232 - rollout_corr/chi2_token:0.00031244754791259766 - rollout_corr/chi2_seq:-0.36561715602874756 - actor/pg_clipfrac:np.float64(0.0) - actor/ppo_kl:np.float64(0.0) - actor/pg_clipfrac_lower:np.float64(0.0) - actor/pg_loss:np.float64(-0.018871765583753586) - actor/loss:np.float64(-0.018871765583753586) - actor/grad_norm:np.float64(0.0690508559346199) - actor/lr:np.float64(1e-06) - actor/perf/max_memory_allocated_gb:np.float64(69.77841520309448) - actor/perf/max_memory_reserved_gb:np.float64(93.78515625) - actor/perf/cpu_memory_used_gb:np.float64(32.09326934814453) - perf/mfu/actor:np.float64(0.10253113464676746) - training/global_step:15 - training/epoch:0 - critic/score/mean:1.0 - critic/score/max:1.2000000476837158 - critic/score/min:0.800000011920929 - critic/rewards/mean:1.0 - critic/rewards/max:1.2000000476837158 - critic/rewards/min:0.800000011920929 - critic/advantages/mean:0.018871834501624107 - critic/advantages/max:0.7071043848991394 - critic/advantages/min:-0.7071041464805603 - critic/returns/mean:0.018871834501624107 - critic/returns/max:0.7071043848991394 - critic/returns/min:-0.7071041464805603 - response_length/mean:1517.5 - response_length/max:1558.0 - response_length/min:1477.0 - response_length/clip_ratio:0.5 - response_length_non_aborted/mean:1517.5 - response_length_non_aborted/max:1558.0 - response_length_non_aborted/min:1477.0 - response_length_non_aborted/clip_ratio:0.5 - response/aborted_ratio:0.0 - prompt_length/mean:513.0 - prompt_length/max:513.0 - prompt_length/min:513.0 - prompt_length/clip_ratio:1.0 - timing_s/gen:14.653337157971691 - timing_s/old_log_prob:0.9447449709987268 - timing_s/adv:0.1265140530304052 - timing_s/update_actor:2.191175337997265 - timing_s/update_weights:26.049984737008344 - timing_s/step:44.08925961796194 - timing_per_token_ms/adv:0.031122768273162408 - timing_per_token_ms/update_actor:0.5390345234925622 - timing_per_token_ms/gen:4.824938148821762 - perf/total_num_tokens:4065 - perf/time_per_step:44.08925961796194 - perf/throughput:92.19932553242334 - training/num_turns/mean:np.float64(2.0) - training/num_turns/max:np.int64(2) - training/num_turns/min:np.int64(2) - training/off_policy/trajectory_spans/mean:np.float64(1.0) - training/off_policy/trajectory_spans/max:np.float64(1.0) - training/off_policy/trajectory_spans/min:np.float64(1.0) - training/off_policy/trajectory_staleness/mean:np.float64(0.0) - training/off_policy/trajectory_staleness/max:np.float64(0.0) - training/off_policy/trajectory_staleness/min:np.float64(0.0) - training/off_policy/trajectory_staleness_worst/mean:np.float64(0.0) - training/off_policy/trajectory_staleness_worst/max:np.float64(0.0) - training/off_policy/trajectory_staleness_worst/min:np.float64(0.0)[36m(TaskRunnerV1 pid=1386985)[0m INFO:2026-07-06 06:57:39,906:pending: 0, running: 1, finished: 0, failure: 0
[36m(TaskRunnerV1 pid=1386985)[0m INFO:2026-07-06 06:58:39,997:pending: 0, running: 1, finished: 0, failure: 0
[36m(vLLMHttpServer pid=1389423)[0m CUDA Error: out of memory at /workspace/csrc/cumem_allocator.cpp:62

[36m(TaskRunnerV1 pid=1386985)[0m [qwen3vl_c2_zscore_v1] diagnostics {'c2_groups_total': 2.0, 'c2_groups_with_nonzero_b_gain_std': 1.0, 'c2_frac_groups_with_nonzero_b_gain_std': 0.5, 'c2_groups_where_b_gain_changes_ranking': 0.0, 'c2_frac_groups_where_b_gain_changes_ranking': 0.0, 'c2_all_same_answer_groups': 1.0, 'c2_all_same_answer_groups_with_b_gain_ranking': 0.0, 'c2_frac_all_same_answer_groups_with_b_gain_ranking': 0.0, 'c2_within_group_corr_answer_b_gain_mean': 1.0}
[36m(vLLMHttpServer pid=1389423)[0m [1;36m(Worker pid=1389652)[0;0m ERROR 07-06 06:59:38 [multiproc_executor.py:671] WorkerProc hit an exception.
[36m(vLLMHttpServer pid=1389423)[0m [1;36m(Worker pid=1389652)[0;0m ERROR 07-06 06:59:38 [multiproc_executor.py:671] Traceback (most recent call last):
[36m(vLLMHttpServer pid=1389423)[0m [1;36m(Worker pid=1389652)[0;0m ERROR 07-06 06:59:38 [multiproc_executor.py:671]   File "/data2/hjk/envs/verl_qwen3vl_py311/lib/python3.11/site-packages/vllm/v1/executor/multiproc_executor.py", line 666, in worker_busy_loop
[36m(vLLMHttpServer pid=1389423)[0m [1;36m(Worker pid=1389652)[0;0m ERROR 07-06 06:59:38 [multiproc_executor.py:671]     output = func(*args, **kwargs)
[36m(vLLMHttpServer pid=1389423)[0m [1;36m(Worker pid=1389652)[0;0m ERROR 07-06 06:59:38 [multiproc_executor.py:671]              ^^^^^^^^^^^^^^^^^^^^^
[36m(vLLMHttpServer pid=1389423)[0m [1;36m(Worker pid=1389652)[0;0m ERROR 07-06 06:59:38 [multiproc_executor.py:671]   File "/data2/hjk/envs/verl_qwen3vl_py311/lib/python3.11/site-packages/vllm/v1/worker/gpu_worker.py", line 126, in wake_up
[36m(vLLMHttpServer pid=1389423)[0m [1;36m(Worker pid=1389652)[0;0m ERROR 07-06 06:59:38 [multiproc_executor.py:671]     allocator.wake_up(tags)
[36m(vLLMHttpServer pid=1389423)[0m [1;36m(Worker pid=1389652)[0;0m ERROR 07-06 06:59:38 [multiproc_executor.py:671]   File "/data2/hjk/envs/verl_qwen3vl_py311/lib/python3.11/site-packages/vllm/device_allocator/cumem.py", line 250, in wake_up
[36m(vLLMHttpServer pid=1389423)[0m [1;36m(Worker pid=1389652)[0;0m ERROR 07-06 06:59:38 [multiproc_executor.py:671]     create_and_map(handle)
[36m(vLLMHttpServer pid=1389423)[0m [1;36m(Worker pid=1389652)[0;0m ERROR 07-06 06:59:38 [multiproc_executor.py:671]   File "/data2/hjk/envs/verl_qwen3vl_py311/lib/python3.11/site-packages/vllm/device_allocator/cumem.py", line 81, in create_and_map
[36m(vLLMHttpServer pid=1389423)[0m [1;36m(Worker pid=1389652)[0;0m ERROR 07-06 06:59:38 [multiproc_executor.py:671]     python_create_and_map(*allocation_handle)
[36m(vLLMHttpServer pid=1389423)[0m [1;36m(Worker pid=1389652)[0;0m ERROR 07-06 06:59:38 [multiproc_executor.py:671] RuntimeError: CUDA Error: out of memory at /workspace/csrc/cumem_allocator.cpp:62
[36m(vLLMHttpServer pid=1389423)[0m [1;36m(Worker pid=1389652)[0;0m ERROR 07-06 06:59:38 [multiproc_executor.py:671] Traceback (most recent call last):
[36m(vLLMHttpServer pid=1389423)[0m [1;36m(Worker pid=1389652)[0;0m ERROR 07-06 06:59:38 [multiproc_executor.py:671]   File "/data2/hjk/envs/verl_qwen3vl_py311/lib/python3.11/site-packages/vllm/v1/executor/multiproc_executor.py", line 666, in worker_busy_loop
[36m(vLLMHttpServer pid=1389423)[0m [1;36m(Worker pid=1389652)[0;0m ERROR 07-06 06:59:38 [multiproc_executor.py:671]     output = func(*args, **kwargs)
[36m(vLLMHttpServer pid=1389423)[0m [1;36m(Worker pid=1389652)[0;0m ERROR 07-06 06:59:38 [multiproc_executor.py:671]              ^^^^^^^^^^^^^^^^^^^^^
[36m(vLLMHttpServer pid=1389423)[0m [1;36m(Worker pid=1389652)[0;0m ERROR 07-06 06:59:38 [multiproc_executor.py:671]   File "/data2/hjk/envs/verl_qwen3vl_py311/lib/python3.11/site-packages/vllm/v1/worker/gpu_worker.py", line 126, in wake_up
[36m(vLLMHttpServer pid=1389423)[0m [1;36m(Worker pid=1389652)[0;0m ERROR 07-06 06:59:38 [multiproc_executor.py:671]     allocator.wake_up(tags)
[36m(vLLMHttpServer pid=1389423)[0m [1;36m(Worker pid=1389652)[0;0m ERROR 07-06 06:59:38 [multiproc_executor.py:671]   File "/data2/hjk/envs/verl_qwen3vl_py311/lib/python3.11/site-packages/vllm/device_allocator/cumem.py", line 250, in wake_up
[36m(vLLMHttpServer pid=1389423)[0m [1;36m(Worker pid=1389652)[0;0m ERROR 07-06 06:59:38 [multiproc_executor.py:671]     create_and_map(handle)
[36m(vLLMHttpServer pid=1389423)[0m [1;36m(Worker pid=1389652)[0;0m ERROR 07-06 06:59:38 [multiproc_executor.py:671]   File "/data2/hjk/envs/verl_qwen3vl_py311/lib/python3.11/site-packages/vllm/device_allocator/cumem.py", line 81, in create_and_map
[36m(vLLMHttpServer pid=1389423)[0m [1;36m(Worker pid=1389652)[0;0m ERROR 07-06 06:59:38 [multiproc_executor.py:671]     python_create_and_map(*allocation_handle)
[36m(vLLMHttpServer pid=1389423)[0m [1;36m(Worker pid=1389652)[0;0m ERROR 07-06 06:59:38 [multiproc_executor.py:671] RuntimeError: CUDA Error: out of memory at /workspace/csrc/cumem_allocator.cpp:62
[36m(vLLMHttpServer pid=1389423)[0m [1;36m(Worker pid=1389652)[0;0m ERROR 07-06 06:59:38 [multiproc_executor.py:671] 
[36m(vLLMHttpServer pid=1389423)[0m [1;36m(EngineCore_DP0 pid=1389633)[0;0m ERROR 07-06 06:59:38 [core.py:780] Invocation of wake_up method failed
[36m(vLLMHttpServer pid=1389423)[0m [1;36m(EngineCore_DP0 pid=1389633)[0;0m ERROR 07-06 06:59:38 [core.py:780] Traceback (most recent call last):
[36m(vLLMHttpServer pid=1389423)[0m [1;36m(EngineCore_DP0 pid=1389633)[0;0m ERROR 07-06 06:59:38 [core.py:780]   File "/data2/hjk/envs/verl_qwen3vl_py311/lib/python3.11/site-packages/vllm/v1/engine/core.py", line 777, in _handle_client_request
[36m(vLLMHttpServer pid=1389423)[0m [1;36m(EngineCore_DP0 pid=1389633)[0;0m ERROR 07-06 06:59:38 [core.py:780]     result = method(*self._convert_msgspec_args(method, args))
[36m(vLLMHttpServer pid=1389423)[0m [1;36m(EngineCore_DP0 pid=1389633)[0;0m ERROR 07-06 06:59:38 [core.py:780]              ^^^^^^^^^^^^^^^^^^^^^^^^^^^^^^^^^^^^^^^^^^^^^^^^^
[36m(vLLMHttpServer pid=1389423)[0m [1;36m(EngineCore_DP0 pid=1389633)[0;0m ERROR 07-06 06:59:38 [core.py:780]   File "/data2/hjk/envs/verl_qwen3vl_py311/lib/python3.11/site-packages/vllm/v1/engine/core.py", line 381, in wake_up
[36m(vLLMHttpServer pid=1389423)[0m [1;36m(EngineCore_DP0 pid=1389633)[0;0m ERROR 07-06 06:59:38 [core.py:780]     self.model_executor.wake_up(tags)
[36m(vLLMHttpServer pid=1389423)[0m [1;36m(EngineCore_DP0 pid=1389633)[0;0m ERROR 07-06 06:59:38 [core.py:780]   File "/data2/hjk/envs/verl_qwen3vl_py311/lib/python3.11/site-packages/vllm/executor/executor_base.py", line 203, in wake_up
[36m(vLLMHttpServer pid=1389423)[0m [1;36m(EngineCore_DP0 pid=1389633)[0;0m ERROR 07-06 06:59:38 [core.py:780]     self.collective_rpc("wake_up", kwargs=dict(tags=tags))
[36m(vLLMHttpServer pid=1389423)[0m [1;36m(EngineCore_DP0 pid=1389633)[0;0m ERROR 07-06 06:59:38 [core.py:780]   File "/data2/hjk/envs/verl_qwen3vl_py311/lib/python3.11/site-packages/vllm/v1/executor/multiproc_executor.py", line 264, in collective_rpc
[36m(vLLMHttpServer pid=1389423)[0m [1;36m(EngineCore_DP0 pid=1389633)[0;0m ERROR 07-06 06:59:38 [core.py:780]     result = get_response(w, dequeue_timeout,
[36m(vLLMHttpServer pid=1389423)[0m [1;36m(EngineCore_DP0 pid=1389633)[0;0m ERROR 07-06 06:59:38 [core.py:780]              ^^^^^^^^^^^^^^^^^^^^^^^^^^^^^^^^
[36m(vLLMHttpServer pid=1389423)[0m [1;36m(EngineCore_DP0 pid=1389633)[0;0m ERROR 07-06 06:59:38 [core.py:780]   File "/data2/hjk/envs/verl_qwen3vl_py311/lib/python3.11/site-packages/vllm/v1/executor/multiproc_executor.py", line 248, in get_response
[36m(vLLMHttpServer pid=1389423)[0m [1;36m(EngineCore_DP0 pid=1389633)[0;0m ERROR 07-06 06:59:38 [core.py:780]     raise RuntimeError(
[36m(vLLMHttpServer pid=1389423)[0m [1;36m(EngineCore_DP0 pid=1389633)[0;0m ERROR 07-06 06:59:38 [core.py:780] RuntimeError: Worker failed with error 'CUDA Error: out of memory at /workspace/csrc/cumem_allocator.cpp:62', please check the stack trace above for the root cause
Error executing job with overrides: ['algorithm.adv_estimator=grpo', 'algorithm.use_kl_in_reward=False', 'data.train_files=/data2/hjk/projects/AI-HiddenState-ER/rl_data/mathverse_qwen3vl_stage3_pilot200_128/mathverse_grpo_train.parquet', 'data.val_files=/data2/hjk/projects/AI-HiddenState-ER/rl_data/mathverse_qwen3vl_stage3_pilot200_128/mathverse_grpo_val.parquet', 'data.image_key=images', 'data.train_batch_size=1', 'data.max_prompt_length=4096', 'data.max_response_length=16384', 'data.filter_overlong_prompts=True', 'data.truncation=error', 'actor_rollout_ref.model.path=/data2/hjk/models/huggingface/hub/models--Qwen--Qwen3-VL-8B-Thinking/snapshots/92f3c4b4feadd3a016ef468d103bb5f58b2a2c6b', 'actor_rollout_ref.model.use_remove_padding=True', 'actor_rollout_ref.model.enable_gradient_checkpointing=True', 'actor_rollout_ref.actor.strategy=fsdp2', 'actor_rollout_ref.actor.optim.lr=1e-6', 'actor_rollout_ref.actor.ppo_mini_batch_size=2', 'actor_rollout_ref.actor.use_dynamic_bsz=True', 'actor_rollout_ref.actor.ppo_max_token_len_per_gpu=65536', 'actor_rollout_ref.actor.use_kl_loss=True', 'actor_rollout_ref.actor.kl_loss_coef=0.01', 'actor_rollout_ref.actor.kl_loss_type=low_var_kl', 'actor_rollout_ref.actor.entropy_coeff=0', 'actor_rollout_ref.rollout.name=vllm', 'actor_rollout_ref.rollout.tensor_model_parallel_size=1', 'actor_rollout_ref.rollout.gpu_memory_utilization=0.40', 'actor_rollout_ref.rollout.enable_chunked_prefill=False', 'actor_rollout_ref.rollout.n=2', 'actor_rollout_ref.rollout.log_prob_use_dynamic_bsz=True', 'actor_rollout_ref.rollout.log_prob_max_token_len_per_gpu=65536', 'actor_rollout_ref.ref.log_prob_use_dynamic_bsz=True', 'actor_rollout_ref.ref.log_prob_max_token_len_per_gpu=65536', 'actor_rollout_ref.ref.fsdp_config.param_offload=True', 'trainer.balance_batch=True', 'trainer.logger=["console","wandb"]', 'trainer.project_name=qwen3vl_stage3_pilot', 'trainer.experiment_name=qwen3vl8b_stage3_c2_zscore_pilot_trainonly_prompt4096_gpu040_seed42', 'trainer.n_gpus_per_node=1', 'trainer.nnodes=1', 'trainer.save_freq=-1', 'trainer.test_freq=-1', 'trainer.total_epochs=1', 'actor_rollout_ref.model.use_fused_kernels=True', 'actor_rollout_ref.actor.fsdp_config.param_offload=False', 'actor_rollout_ref.actor.fsdp_config.optimizer_offload=False', 'actor_rollout_ref.rollout.enforce_eager=False', 'actor_rollout_ref.rollout.free_cache_engine=True', 'trainer.logger=["console"]', 'trainer.total_training_steps=50', 'trainer.val_before_train=False', 'trainer.default_local_dir=/data2/hjk/checkpoints/verl_qwen3vl/qwen3vl8b_stage3_c2_zscore_pilot_trainonly_prompt4096_gpu040_seed42', 'trainer.log_val_generations=16', 'trainer.validation_data_dir=/data2/hjk/projects/AI-HiddenState-ER/rl_audit/qwen3vl8b_stage3_c2_zscore_pilot_trainonly_prompt4096_gpu040_seed42/validation_generations', 'reward.num_workers=1', 'reward.custom_reward_function.path=/data2/hjk/projects/AI-HiddenState-ER/scripts/mathverse_qwen3vl_option_gain_reward.py', 'reward.custom_reward_function.name=compute_score', 'reward.reward_manager.source=importlib', 'reward.reward_manager.module.path=/data2/hjk/projects/AI-HiddenState-ER/scripts/qwen3vl_c2_zscore_reward_manager.py', 'reward.reward_manager.name=Qwen3VLC2ZscoreRewardManager', 'actor_rollout_ref.model.use_fused_kernels=False', '+actor_rollout_ref.model.override_config.attn_implementation=sdpa', 'actor_rollout_ref.model.lora_rank=8', 'actor_rollout_ref.model.lora_alpha=16', 'actor_rollout_ref.model.lora.merge=True', 'actor_rollout_ref.model.target_modules=["q_proj","k_proj","v_proj","o_proj","gate_proj","up_proj","down_proj"]', 'actor_rollout_ref.rollout.temperature=1.0', 'actor_rollout_ref.rollout.top_p=1.0', 'actor_rollout_ref.rollout.top_k=-1', 'actor_rollout_ref.rollout.do_sample=True', 'actor_rollout_ref.rollout.seed=42', 'actor_rollout_ref.actor.data_loader_seed=42', 'actor_rollout_ref.actor.fsdp_config.seed=42', 'actor_rollout_ref.ref.fsdp_config.seed=42', 'algorithm.use_kl_in_reward=False', 'actor_rollout_ref.actor.use_kl_loss=False', 'actor_rollout_ref.actor.fsdp_config.param_offload=False', 'actor_rollout_ref.actor.fsdp_config.optimizer_offload=False', 'actor_rollout_ref.ref.fsdp_config.param_offload=True', 'actor_rollout_ref.rollout.gpu_memory_utilization=0.40', 'actor_rollout_ref.rollout.max_model_len=20480', 'actor_rollout_ref.rollout.max_num_seqs=4', 'actor_rollout_ref.rollout.max_num_batched_tokens=20480', 'actor_rollout_ref.rollout.enable_chunked_prefill=False', 'data.image_key=images', 'data.dataloader_num_workers=0', 'data.shuffle=True', 'data.seed=42', 'data.filter_overlong_prompts=True', 'data.truncation=error']
Traceback (most recent call last):
  File "<frozen runpy>", line 198, in _run_module_as_main
  File "<frozen runpy>", line 88, in _run_code
  File "/data2/hjk/projects/verl/verl/trainer/main_ppo.py", line 183, in <module>
    main()
  File "/data2/hjk/envs/verl_qwen3vl_py311/lib/python3.11/site-packages/hydra/main.py", line 94, in decorated_main
    _run_hydra(
  File "/data2/hjk/envs/verl_qwen3vl_py311/lib/python3.11/site-packages/hydra/_internal/utils.py", line 394, in _run_hydra
    _run_app(
  File "/data2/hjk/envs/verl_qwen3vl_py311/lib/python3.11/site-packages/hydra/_internal/utils.py", line 457, in _run_app
    run_and_report(
  File "/data2/hjk/envs/verl_qwen3vl_py311/lib/python3.11/site-packages/hydra/_internal/utils.py", line 223, in run_and_report
    raise ex
  File "/data2/hjk/envs/verl_qwen3vl_py311/lib/python3.11/site-packages/hydra/_internal/utils.py", line 220, in run_and_report
    return func()
           ^^^^^^
  File "/data2/hjk/envs/verl_qwen3vl_py311/lib/python3.11/site-packages/hydra/_internal/utils.py", line 458, in <lambda>
    lambda: hydra.run(
            ^^^^^^^^^^
  File "/data2/hjk/envs/verl_qwen3vl_py311/lib/python3.11/site-packages/hydra/_internal/hydra.py", line 132, in run
    _ = ret.return_value
        ^^^^^^^^^^^^^^^^
  File "/data2/hjk/envs/verl_qwen3vl_py311/lib/python3.11/site-packages/hydra/core/utils.py", line 260, in return_value
    raise self._return_value
  File "/data2/hjk/envs/verl_qwen3vl_py311/lib/python3.11/site-packages/hydra/core/utils.py", line 186, in run_job
    ret.return_value = task_function(task_cfg)
                       ^^^^^^^^^^^^^^^^^^^^^^^
  File "/data2/hjk/projects/verl/verl/trainer/main_ppo.py", line 171, in main
    run_ppo(config, task_runner_class=TaskRunnerV1)
  File "/data2/hjk/projects/verl/verl/trainer/main_ppo.py", line 89, in run_ppo
    ray.get(runner.run.remote(config))
  File "/data2/hjk/envs/verl_qwen3vl_py311/lib/python3.11/site-packages/ray/_private/auto_init_hook.py", line 22, in auto_init_wrapper
    return fn(*args, **kwargs)
           ^^^^^^^^^^^^^^^^^^^
  File "/data2/hjk/envs/verl_qwen3vl_py311/lib/python3.11/site-packages/ray/_private/client_mode_hook.py", line 110, in wrapper
    return func(*args, **kwargs)
           ^^^^^^^^^^^^^^^^^^^^^
  File "/data2/hjk/envs/verl_qwen3vl_py311/lib/python3.11/site-packages/ray/_private/worker.py", line 2968, in get
    values, debugger_breakpoint = worker.get_objects(
                                  ^^^^^^^^^^^^^^^^^^^
  File "/data2/hjk/envs/verl_qwen3vl_py311/lib/python3.11/site-packages/ray/_private/worker.py", line 1050, in get_objects
    raise value.as_instanceof_cause()
ray.exceptions.RayTaskError: [36mray::TaskRunnerV1.run()[39m (pid=1386985, ip=202.120.39.159, actor_id=b2370b0db74d1e99171eef6a01000000, repr=<main_ppo.TaskRunnerV1 object at 0x7f86f38595d0>)
           ^^^^^^^^^^^^^^^^^^^^^^^^^^^^^^^^^^^^
           ^^^^^^^^^^^^^^^^^^^^^^^^^^^^^^^
  File "/data2/hjk/projects/verl/verl/trainer/main_ppo.py", line 148, in run
    self.trainer.fit(self.agent_loop_manager)
  File "/data2/hjk/projects/verl/verl/trainer/ppo/v1/trainer_base.py", line 374, in fit
    self.on_step_end()
  File "/data2/hjk/projects/verl/verl/trainer/ppo/v1/trainer_sync.py", line 38, in on_step_end
    self.checkpoint_manager.update_weights(self.global_steps)
  File "/data2/hjk/projects/verl/verl/utils/ray_utils.py", line 123, in wrapper
    return asyncio.run(coro)
           ^^^^^^^^^^^^^^^^^
  File "/data2/hjk/envs/verl_qwen3vl_py311/lib/python3.11/asyncio/runners.py", line 190, in run
    return runner.run(main)
           ^^^^^^^^^^^^^^^^
  File "/data2/hjk/envs/verl_qwen3vl_py311/lib/python3.11/asyncio/runners.py", line 118, in run
    return self._loop.run_until_complete(task)
           ^^^^^^^^^^^^^^^^^^^^^^^^^^^^^^^^^^^
  File "uvloop/loop.pyx", line 1518, in uvloop.loop.Loop.run_until_complete
  File "/data2/hjk/projects/verl/verl/checkpoint_engine/base.py", line 479, in update_weights
    ray.get(self.actor_wg.update_weights(global_steps=global_steps, mode=self.backend))
           ^^^^^^^^^^^^^^^^^^^
           ^^^^^^^^^^^^^^^^^^^^^
                                  ^^^^^^^^^^^^^^^^^^^
ray.exceptions.RayTaskError: [36mray::WorkerDict.actor_rollout_update_weights()[39m (pid=1388437, ip=202.120.39.159, actor_id=41cc5579c9e63cf911061c7301000000, repr=<verl.single_controller.ray.base.WorkerDict object at 0x7fee12f39110>)
  File "/data2/hjk/envs/verl_qwen3vl_py311/lib/python3.11/concurrent/futures/_base.py", line 449, in result
    return self.__get_result()
           ^^^^^^^^^^^^^^^^^^^
  File "/data2/hjk/envs/verl_qwen3vl_py311/lib/python3.11/concurrent/futures/_base.py", line 401, in __get_result
    raise self._exception
           ^^^^^^^^^^^^^^^^^^^^^^^^^^^^^^^^^^^^^
  File "/data2/hjk/projects/verl/verl/single_controller/ray/base.py", line 943, in async_func
    return await getattr(self.worker_dict[key], name)(*args, **kwargs)
           ^^^^^^^^^^^^^^^^^^^^^^^^^^^^^^^^^^^^^^^^^^^^^^^^^^^^^^^^^^^
  File "/data2/hjk/projects/verl/verl/single_controller/base/decorator.py", line 437, in async_inner
    return await func(*args, **kwargs)
           ^^^^^^^^^^^^^^^^^^^^^^^^^^^
  File "/data2/hjk/projects/verl/verl/utils/transferqueue_utils.py", line 376, in async_inner
    return await func(*args, **kwargs)
           ^^^^^^^^^^^^^^^^^^^^^^^^^^^
  File "/data2/hjk/projects/verl/verl/workers/engine_workers.py", line 711, in update_weights
    await self.rollout.resume(tags=["weights"])
  File "/data2/hjk/projects/verl/verl/workers/rollout/vllm_rollout/vllm_rollout.py", line 204, in resume
    await self.server_handle.wake_up.remote(tags=tags)
ray.exceptions.RayTaskError: [36mray::vLLMHttpServer.wake_up()[39m (pid=1389423, ip=202.120.39.159, actor_id=35297b817608d12de19451b701000000, repr=<verl.workers.rollout.vllm_rollout.vllm_async_server.vLLMHttpServer object at 0x7f6592dc9610>)
  File "/data2/hjk/envs/verl_qwen3vl_py311/lib/python3.11/concurrent/futures/_base.py", line 449, in result
    return self.__get_result()
           ^^^^^^^^^^^^^^^^^^^
  File "/data2/hjk/envs/verl_qwen3vl_py311/lib/python3.11/concurrent/futures/_base.py", line 401, in __get_result
    raise self._exception
           ^^^^^^^^^^^^^^^^^^^^^^^^^^^^^^^^^^^^^
  File "/data2/hjk/projects/verl/verl/workers/rollout/vllm_rollout/vllm_async_server.py", line 637, in wake_up
    await self.engine.wake_up(tags=tags or self._get_wake_up_tags())
  File "/data2/hjk/envs/verl_qwen3vl_py311/lib/python3.11/site-packages/vllm/v1/engine/async_llm.py", line 640, in wake_up
    await self.engine_core.wake_up_async(tags)
  File "/data2/hjk/envs/verl_qwen3vl_py311/lib/python3.11/site-packages/vllm/v1/engine/core_client.py", line 925, in wake_up_async
    await self.call_utility_async("wake_up", tags)
  File "/data2/hjk/envs/verl_qwen3vl_py311/lib/python3.11/site-packages/vllm/v1/engine/core_client.py", line 885, in call_utility_async
    return await self._call_utility_async(method,
           ^^^^^^^^^^^^^^^^^^^^^^^^^^^^^^^^^^^^^^
  File "/data2/hjk/envs/verl_qwen3vl_py311/lib/python3.11/site-packages/vllm/v1/engine/core_client.py", line 898, in _call_utility_async
    return await future
           ^^^^^^^^^^^^
Exception: Call to wake_up method failed: Worker failed with error 'CUDA Error: out of memory at /workspace/csrc/cumem_allocator.cpp:62', please check the stack trace above for the root cause
