+ python --version
Python 3.11.15
+ df -h / /data2
Filesystem      Size  Used Avail Use% Mounted on
/dev/sda3       434G   99G  313G  25% /
/dev/nvme1n1p1  7.0T  150G  6.5T   3% /data2
+ free -h
               total        used        free      shared  buff/cache   available
Mem:           125Gi       2.2Gi        75Gi       164Mi        48Gi       121Gi
Swap:          8.0Gi       106Mi       7.9Gi
+ nvidia-smi
Mon Jul  6 04:47:14 2026       
+-----------------------------------------------------------------------------------------+
| NVIDIA-SMI 580.95.05              Driver Version: 580.95.05      CUDA Version: 13.0     |
+-----------------------------------------+------------------------+----------------------+
| GPU  Name                 Persistence-M | Bus-Id          Disp.A | Volatile Uncorr. ECC |
| Fan  Temp   Perf          Pwr:Usage/Cap |           Memory-Usage | GPU-Util  Compute M. |
|                                         |                        |               MIG M. |
|=========================================+========================+======================|
|   0  NVIDIA H200                    Off |   00000000:C0:00.0 Off |                    0 |
| N/A   42C    P0            206W /  700W |       0MiB / 143771MiB |      2%      Default |
|                                         |                        |             Disabled |
+-----------------------------------------+------------------------+----------------------+

+-----------------------------------------------------------------------------------------+
| Processes:                                                                              |
|  GPU   GI   CI              PID   Type   Process name                        GPU Memory |
|        ID   ID                                                               Usage      |
|=========================================================================================|
|  No running processes found                                                             |
+-----------------------------------------------------------------------------------------+
+ ls -lh /data2/hjk/projects/AI-HiddenState-ER/rl_data/mathverse_qwen3vl_stage3_pilot200_128/mathverse_grpo_train.parquet /data2/hjk/projects/AI-HiddenState-ER/rl_data/mathverse_qwen3vl_stage3_pilot200_128/mathverse_grpo_val.parquet /data2/hjk/projects/AI-HiddenState-ER/scripts/mathverse_answer_reward.py
-rw-rw-r-- 1 hjk hjk  26K Jul  6 03:29 /data2/hjk/projects/AI-HiddenState-ER/rl_data/mathverse_qwen3vl_stage3_pilot200_128/mathverse_grpo_train.parquet
-rw-rw-r-- 1 hjk hjk  21K Jul  6 03:29 /data2/hjk/projects/AI-HiddenState-ER/rl_data/mathverse_qwen3vl_stage3_pilot200_128/mathverse_grpo_val.parquet
-rw-rw-r-- 1 hjk hjk 2.7K Jul  4 16:06 /data2/hjk/projects/AI-HiddenState-ER/scripts/mathverse_answer_reward.py
+ echo RUN_NAME=qwen3vl8b_stage3_a1_long_answer_pilot_trainonly_prompt4096_seed42
RUN_NAME=qwen3vl8b_stage3_a1_long_answer_pilot_trainonly_prompt4096_seed42
+ echo SEED=42
SEED=42
+ echo MAX_RESPONSE_LENGTH=16384
MAX_RESPONSE_LENGTH=16384
+ echo ROLLOUT_N=2
ROLLOUT_N=2
+ echo TRAIN_BATCH_SIZE=1
TRAIN_BATCH_SIZE=1
+ echo TOTAL_STEPS=50
TOTAL_STEPS=50
+ echo VALIDATION_DATA_DIR=/data2/hjk/projects/AI-HiddenState-ER/rl_audit/qwen3vl8b_stage3_a1_long_answer_pilot_trainonly_prompt4096_seed42/validation_generations
VALIDATION_DATA_DIR=/data2/hjk/projects/AI-HiddenState-ER/rl_audit/qwen3vl8b_stage3_a1_long_answer_pilot_trainonly_prompt4096_seed42/validation_generations
+ cd /data2/hjk/projects/verl
+ MAX_MODEL_LEN=20480
+ ROLLOUT_MAX_NUM_BATCHED_TOKENS=20480
+ DEVICE=gpu
+ MODEL_PATH=/data2/hjk/models/huggingface/hub/models--Qwen--Qwen3-VL-8B-Thinking/snapshots/92f3c4b4feadd3a016ef468d103bb5f58b2a2c6b
+ TRAIN_FILE=/data2/hjk/projects/AI-HiddenState-ER/rl_data/mathverse_qwen3vl_stage3_pilot200_128/mathverse_grpo_train.parquet
+ TEST_FILE=/data2/hjk/projects/AI-HiddenState-ER/rl_data/mathverse_qwen3vl_stage3_pilot200_128/mathverse_grpo_val.parquet
+ NDEVICES_PER_NODE=1
+ NNODES=1
+ TRAIN_BATCH_SIZE=1
+ PPO_MINI_BATCH_SIZE=2
+ MAX_PROMPT_LENGTH=4096
+ MAX_RESPONSE_LENGTH=16384
+ PPO_MAX_TOKEN_LEN_PER_GPU=65536
+ ROLLOUT_TP=1
+ ROLLOUT_N=2
+ ROLLOUT_GPU_MEM_UTIL=0.50
+ TOTAL_EPOCHS=1
+ SAVE_FREQ=-1
+ TEST_FREQ=-1
+ PROJECT_NAME=qwen3vl_stage3_pilot
+ EXPERIMENT_NAME=qwen3vl8b_stage3_a1_long_answer_pilot_trainonly_prompt4096_seed42
+ bash examples/grpo_trainer/run_qwen3_vl_8b_fsdp.sh 'trainer.logger=["console"]' trainer.total_training_steps=50 trainer.val_before_train=False trainer.default_local_dir=/data2/hjk/checkpoints/verl_qwen3vl/qwen3vl8b_stage3_a1_long_answer_pilot_trainonly_prompt4096_seed42 trainer.log_val_generations=16 trainer.validation_data_dir=/data2/hjk/projects/AI-HiddenState-ER/rl_audit/qwen3vl8b_stage3_a1_long_answer_pilot_trainonly_prompt4096_seed42/validation_generations reward.num_workers=1 reward.custom_reward_function.path=/data2/hjk/projects/AI-HiddenState-ER/scripts/mathverse_answer_reward.py reward.custom_reward_function.name=compute_score actor_rollout_ref.model.use_fused_kernels=False +actor_rollout_ref.model.override_config.attn_implementation=sdpa actor_rollout_ref.model.lora_rank=8 actor_rollout_ref.model.lora_alpha=16 actor_rollout_ref.model.lora.merge=True 'actor_rollout_ref.model.target_modules=["q_proj","k_proj","v_proj","o_proj","gate_proj","up_proj","down_proj"]' actor_rollout_ref.rollout.temperature=1.0 actor_rollout_ref.rollout.top_p=1.0 actor_rollout_ref.rollout.top_k=-1 actor_rollout_ref.rollout.do_sample=True actor_rollout_ref.rollout.seed=42 actor_rollout_ref.actor.data_loader_seed=42 actor_rollout_ref.actor.fsdp_config.seed=42 actor_rollout_ref.ref.fsdp_config.seed=42 algorithm.use_kl_in_reward=False actor_rollout_ref.actor.use_kl_loss=False actor_rollout_ref.actor.fsdp_config.param_offload=False actor_rollout_ref.actor.fsdp_config.optimizer_offload=False actor_rollout_ref.ref.fsdp_config.param_offload=True actor_rollout_ref.rollout.gpu_memory_utilization=0.50 actor_rollout_ref.rollout.max_model_len=20480 actor_rollout_ref.rollout.max_num_seqs=4 actor_rollout_ref.rollout.max_num_batched_tokens=20480 actor_rollout_ref.rollout.enable_chunked_prefill=False data.image_key=images data.dataloader_num_workers=0 data.shuffle=True data.seed=42 data.filter_overlong_prompts=True data.truncation=error
+ DEVICE=gpu
+ MODEL_PATH=/data2/hjk/models/huggingface/hub/models--Qwen--Qwen3-VL-8B-Thinking/snapshots/92f3c4b4feadd3a016ef468d103bb5f58b2a2c6b
+ NNODES=1
+ NDEVICES_PER_NODE=1
+ TRAIN_BATCH_SIZE=1
+ PPO_MINI_BATCH_SIZE=2
+ MAX_PROMPT_LENGTH=4096
+ MAX_RESPONSE_LENGTH=16384
+ PPO_MAX_TOKEN_LEN_PER_GPU=65536
+ ACTOR_LR=1e-6
+ KL_LOSS_COEF=0.01
+ ENTROPY_COEFF=0
+ ROLLOUT_TP=1
+ ROLLOUT_GPU_MEM_UTIL=0.50
+ ROLLOUT_N=2
+ SP_SIZE=1
+ TOTAL_EPOCHS=1
+ SAVE_FREQ=-1
+ TEST_FREQ=-1
+ PROJECT_NAME=qwen3vl_stage3_pilot
+ EXPERIMENT_NAME=qwen3vl8b_stage3_a1_long_answer_pilot_trainonly_prompt4096_seed42
+ TRAIN_FILE=/data2/hjk/projects/AI-HiddenState-ER/rl_data/mathverse_qwen3vl_stage3_pilot200_128/mathverse_grpo_train.parquet
+ TEST_FILE=/data2/hjk/projects/AI-HiddenState-ER/rl_data/mathverse_qwen3vl_stage3_pilot200_128/mathverse_grpo_val.parquet
+ n_devices_per_node=1
+ case "${DEVICE}" in
+ rollout_gpu_mem_util=0.50
+ DATA=(algorithm.adv_estimator=grpo algorithm.use_kl_in_reward=False data.train_files=${TRAIN_FILE} data.val_files=${TEST_FILE} data.image_key=images data.train_batch_size=${TRAIN_BATCH_SIZE} data.max_prompt_length=${MAX_PROMPT_LENGTH} data.max_response_length=${MAX_RESPONSE_LENGTH} data.filter_overlong_prompts=True data.truncation='error')
+ MODEL=(actor_rollout_ref.model.path="$MODEL_PATH" actor_rollout_ref.model.use_remove_padding=True actor_rollout_ref.model.enable_gradient_checkpointing=True)
+ ACTOR=(actor_rollout_ref.actor.strategy=fsdp2 actor_rollout_ref.actor.optim.lr=${ACTOR_LR} actor_rollout_ref.actor.ppo_mini_batch_size=${PPO_MINI_BATCH_SIZE} actor_rollout_ref.actor.use_dynamic_bsz=True actor_rollout_ref.actor.ppo_max_token_len_per_gpu=${PPO_MAX_TOKEN_LEN_PER_GPU} actor_rollout_ref.actor.use_kl_loss=True actor_rollout_ref.actor.kl_loss_coef=${KL_LOSS_COEF} actor_rollout_ref.actor.kl_loss_type=low_var_kl actor_rollout_ref.actor.entropy_coeff=${ENTROPY_COEFF})
+ ROLLOUT=(actor_rollout_ref.rollout.name=vllm actor_rollout_ref.rollout.tensor_model_parallel_size=${ROLLOUT_TP} actor_rollout_ref.rollout.gpu_memory_utilization=${rollout_gpu_mem_util} actor_rollout_ref.rollout.enable_chunked_prefill=False actor_rollout_ref.rollout.n=${ROLLOUT_N} actor_rollout_ref.rollout.log_prob_use_dynamic_bsz=True actor_rollout_ref.rollout.log_prob_max_token_len_per_gpu=${PPO_MAX_TOKEN_LEN_PER_GPU})
+ REF=(actor_rollout_ref.ref.log_prob_use_dynamic_bsz=True actor_rollout_ref.ref.log_prob_max_token_len_per_gpu=${PPO_MAX_TOKEN_LEN_PER_GPU} actor_rollout_ref.ref.fsdp_config.param_offload=True)
+ TRAINER=(trainer.balance_batch=True trainer.logger='["console","wandb"]' trainer.project_name=${PROJECT_NAME} trainer.experiment_name=${EXPERIMENT_NAME} trainer.n_gpus_per_node=${n_devices_per_node} trainer.nnodes=${NNODES} trainer.save_freq=${SAVE_FREQ} trainer.test_freq=${TEST_FREQ} trainer.total_epochs=${TOTAL_EPOCHS})
+ '[' gpu = npu ']'
+ EXTRA=(actor_rollout_ref.model.use_fused_kernels=True actor_rollout_ref.actor.fsdp_config.param_offload=False actor_rollout_ref.actor.fsdp_config.optimizer_offload=False actor_rollout_ref.rollout.enforce_eager=False actor_rollout_ref.rollout.free_cache_engine=True)
+ python3 -m verl.trainer.main_ppo algorithm.adv_estimator=grpo algorithm.use_kl_in_reward=False data.train_files=/data2/hjk/projects/AI-HiddenState-ER/rl_data/mathverse_qwen3vl_stage3_pilot200_128/mathverse_grpo_train.parquet data.val_files=/data2/hjk/projects/AI-HiddenState-ER/rl_data/mathverse_qwen3vl_stage3_pilot200_128/mathverse_grpo_val.parquet data.image_key=images data.train_batch_size=1 data.max_prompt_length=4096 data.max_response_length=16384 data.filter_overlong_prompts=True data.truncation=error actor_rollout_ref.model.path=/data2/hjk/models/huggingface/hub/models--Qwen--Qwen3-VL-8B-Thinking/snapshots/92f3c4b4feadd3a016ef468d103bb5f58b2a2c6b actor_rollout_ref.model.use_remove_padding=True actor_rollout_ref.model.enable_gradient_checkpointing=True actor_rollout_ref.actor.strategy=fsdp2 actor_rollout_ref.actor.optim.lr=1e-6 actor_rollout_ref.actor.ppo_mini_batch_size=2 actor_rollout_ref.actor.use_dynamic_bsz=True actor_rollout_ref.actor.ppo_max_token_len_per_gpu=65536 actor_rollout_ref.actor.use_kl_loss=True actor_rollout_ref.actor.kl_loss_coef=0.01 actor_rollout_ref.actor.kl_loss_type=low_var_kl actor_rollout_ref.actor.entropy_coeff=0 actor_rollout_ref.rollout.name=vllm actor_rollout_ref.rollout.tensor_model_parallel_size=1 actor_rollout_ref.rollout.gpu_memory_utilization=0.50 actor_rollout_ref.rollout.enable_chunked_prefill=False actor_rollout_ref.rollout.n=2 actor_rollout_ref.rollout.log_prob_use_dynamic_bsz=True actor_rollout_ref.rollout.log_prob_max_token_len_per_gpu=65536 actor_rollout_ref.ref.log_prob_use_dynamic_bsz=True actor_rollout_ref.ref.log_prob_max_token_len_per_gpu=65536 actor_rollout_ref.ref.fsdp_config.param_offload=True trainer.balance_batch=True 'trainer.logger=["console","wandb"]' trainer.project_name=qwen3vl_stage3_pilot trainer.experiment_name=qwen3vl8b_stage3_a1_long_answer_pilot_trainonly_prompt4096_seed42 trainer.n_gpus_per_node=1 trainer.nnodes=1 trainer.save_freq=-1 trainer.test_freq=-1 trainer.total_epochs=1 actor_rollout_ref.model.use_fused_kernels=True actor_rollout_ref.actor.fsdp_config.param_offload=False actor_rollout_ref.actor.fsdp_config.optimizer_offload=False actor_rollout_ref.rollout.enforce_eager=False actor_rollout_ref.rollout.free_cache_engine=True 'trainer.logger=["console"]' trainer.total_training_steps=50 trainer.val_before_train=False trainer.default_local_dir=/data2/hjk/checkpoints/verl_qwen3vl/qwen3vl8b_stage3_a1_long_answer_pilot_trainonly_prompt4096_seed42 trainer.log_val_generations=16 trainer.validation_data_dir=/data2/hjk/projects/AI-HiddenState-ER/rl_audit/qwen3vl8b_stage3_a1_long_answer_pilot_trainonly_prompt4096_seed42/validation_generations reward.num_workers=1 reward.custom_reward_function.path=/data2/hjk/projects/AI-HiddenState-ER/scripts/mathverse_answer_reward.py reward.custom_reward_function.name=compute_score actor_rollout_ref.model.use_fused_kernels=False +actor_rollout_ref.model.override_config.attn_implementation=sdpa actor_rollout_ref.model.lora_rank=8 actor_rollout_ref.model.lora_alpha=16 actor_rollout_ref.model.lora.merge=True 'actor_rollout_ref.model.target_modules=["q_proj","k_proj","v_proj","o_proj","gate_proj","up_proj","down_proj"]' actor_rollout_ref.rollout.temperature=1.0 actor_rollout_ref.rollout.top_p=1.0 actor_rollout_ref.rollout.top_k=-1 actor_rollout_ref.rollout.do_sample=True actor_rollout_ref.rollout.seed=42 actor_rollout_ref.actor.data_loader_seed=42 actor_rollout_ref.actor.fsdp_config.seed=42 actor_rollout_ref.ref.fsdp_config.seed=42 algorithm.use_kl_in_reward=False actor_rollout_ref.actor.use_kl_loss=False actor_rollout_ref.actor.fsdp_config.param_offload=False actor_rollout_ref.actor.fsdp_config.optimizer_offload=False actor_rollout_ref.ref.fsdp_config.param_offload=True actor_rollout_ref.rollout.gpu_memory_utilization=0.50 actor_rollout_ref.rollout.max_model_len=20480 actor_rollout_ref.rollout.max_num_seqs=4 actor_rollout_ref.rollout.max_num_batched_tokens=20480 actor_rollout_ref.rollout.enable_chunked_prefill=False data.image_key=images data.dataloader_num_workers=0 data.shuffle=True data.seed=42 data.filter_overlong_prompts=True data.truncation=error
/data2/hjk/envs/verl_qwen3vl_py311/lib/python3.11/site-packages/transformers/utils/hub.py:110: FutureWarning: Using `TRANSFORMERS_CACHE` is deprecated and will be removed in v5 of Transformers. Use `HF_HOME` instead.
  warnings.warn(
/data2/hjk/projects/verl/verl/trainer/main_ppo.py:167: UserWarning: Disabled critic as algorithm.adv_estimator != gae. If it is not intended, please set critic.enable=True
  use_critic=need_critic(config),
2026-07-06 04:47:27,047	INFO worker.py:2015 -- Started a local Ray instance. View the dashboard at [1m[32mhttp://127.0.0.1:8265 [39m[22m
[36m(pid=1270803)[0m /data2/hjk/envs/verl_qwen3vl_py311/lib/python3.11/site-packages/transformers/utils/hub.py:110: FutureWarning: Using `TRANSFORMERS_CACHE` is deprecated and will be removed in v5 of Transformers. Use `HF_HOME` instead.
[36m(pid=1270803)[0m   warnings.warn(
[36m(TaskRunnerV1 pid=1270803)[0m /data2/hjk/projects/verl/verl/workers/engine/mindspeed/transformer_impl.py:24: UserWarning: NPU not support router replay for now.
[36m(TaskRunnerV1 pid=1270803)[0m   from verl.utils.megatron.router_replay_patch import RouterReplay
[validate_config] All configuration checks passed successfully!
ray init kwargs: {'num_cpus': None, 'runtime_env': {'env_vars': {'NCCL_DEBUG': 'WARN', 'VLLM_LOGGING_LEVEL': 'WARN', 'VLLM_ALLOW_RUNTIME_LORA_UPDATING': 'true', 'CUDA_DEVICE_MAX_CONNECTIONS': '1', 'VLLM_DISABLE_COMPILE_CACHE': '1', 'HCCL_HOST_SOCKET_PORT_RANGE': 'auto', 'HCCL_NPU_SOCKET_PORT_RANGE': 'auto', 'HSA_NO_SCRATCH_RECLAIM': '1', 'PYTHONHASHSEED': '0', 'VERL_FULL_DETERMINISM': '0', 'VLLM_BATCH_INVARIANT': '0'}, 'working_dir': None}}
[36m(TaskRunnerV1 pid=1270803)[0m {'actor_rollout_ref': {'actor': {'_target_': 'verl.workers.config.FSDPActorConfig',
[36m(TaskRunnerV1 pid=1270803)[0m                                  'calculate_entropy': False,
[36m(TaskRunnerV1 pid=1270803)[0m                                  'calculate_sum_pi_squared': False,
[36m(TaskRunnerV1 pid=1270803)[0m                                  'checkpoint': {'_target_': 'verl.trainer.config.CheckpointConfig',
[36m(TaskRunnerV1 pid=1270803)[0m                                                 'async_save': False,
[36m(TaskRunnerV1 pid=1270803)[0m                                                 'load_contents': ['model',
[36m(TaskRunnerV1 pid=1270803)[0m                                                                   'optimizer',
[36m(TaskRunnerV1 pid=1270803)[0m                                                                   'extra'],
[36m(TaskRunnerV1 pid=1270803)[0m                                                 'save_contents': ['model',
[36m(TaskRunnerV1 pid=1270803)[0m                                                                   'optimizer',
[36m(TaskRunnerV1 pid=1270803)[0m                                                                   'extra'],
[36m(TaskRunnerV1 pid=1270803)[0m                                                 'strict': True},
[36m(TaskRunnerV1 pid=1270803)[0m                                  'clip_ratio': 0.2,
[36m(TaskRunnerV1 pid=1270803)[0m                                  'clip_ratio_c': 3.0,
[36m(TaskRunnerV1 pid=1270803)[0m                                  'clip_ratio_high': 0.2,
[36m(TaskRunnerV1 pid=1270803)[0m                                  'clip_ratio_low': 0.2,
[36m(TaskRunnerV1 pid=1270803)[0m                                  'data_loader_seed': 42,
[36m(TaskRunnerV1 pid=1270803)[0m                                  'entropy_checkpointing': False,
[36m(TaskRunnerV1 pid=1270803)[0m                                  'entropy_coeff': 0,
[36m(TaskRunnerV1 pid=1270803)[0m                                  'entropy_from_logits_chunk_size': 2048,
[36m(TaskRunnerV1 pid=1270803)[0m                                  'entropy_from_logits_with_chunking': False,
[36m(TaskRunnerV1 pid=1270803)[0m                                  'freeze_vision_tower': False,
[36m(TaskRunnerV1 pid=1270803)[0m                                  'fsdp_config': {'_target_': 'verl.workers.config.FSDPEngineConfig',
[36m(TaskRunnerV1 pid=1270803)[0m                                                  'dtype': 'bfloat16',
[36m(TaskRunnerV1 pid=1270803)[0m                                                  'entropy_checkpointing': False,
[36m(TaskRunnerV1 pid=1270803)[0m                                                  'entropy_from_logits_chunk_size': 2048,
[36m(TaskRunnerV1 pid=1270803)[0m                                                  'entropy_from_logits_with_chunking': False,
[36m(TaskRunnerV1 pid=1270803)[0m                                                  'forward_only': False,
[36m(TaskRunnerV1 pid=1270803)[0m                                                  'forward_prefetch': False,
[36m(TaskRunnerV1 pid=1270803)[0m                                                  'fsdp_size': -1,
[36m(TaskRunnerV1 pid=1270803)[0m                                                  'full_determinism': False,
[36m(TaskRunnerV1 pid=1270803)[0m                                                  'model_dtype': 'fp32',
[36m(TaskRunnerV1 pid=1270803)[0m                                                  'offload_policy': False,
[36m(TaskRunnerV1 pid=1270803)[0m                                                  'optimizer_offload': False,
[36m(TaskRunnerV1 pid=1270803)[0m                                                  'param_offload': False,
[36m(TaskRunnerV1 pid=1270803)[0m                                                  'qat': {'_target_': 'verl.workers.config.QATEngineConfig',
[36m(TaskRunnerV1 pid=1270803)[0m                                                          'activation_observer': 'static_minmax',
[36m(TaskRunnerV1 pid=1270803)[0m                                                          'enable': False,
[36m(TaskRunnerV1 pid=1270803)[0m                                                          'group_size': 16,
[36m(TaskRunnerV1 pid=1270803)[0m                                                          'ignore_patterns': ['lm_head',
[36m(TaskRunnerV1 pid=1270803)[0m                                                                              'embed_tokens',
[36m(TaskRunnerV1 pid=1270803)[0m                                                                              're:.*mlp.gate$'],
[36m(TaskRunnerV1 pid=1270803)[0m                                                          'mode': 'w4a16',
[36m(TaskRunnerV1 pid=1270803)[0m                                                          'quantization_config_path': None},
[36m(TaskRunnerV1 pid=1270803)[0m                                                  'reshard_after_forward': True,
[36m(TaskRunnerV1 pid=1270803)[0m                                                  'seed': 42,
[36m(TaskRunnerV1 pid=1270803)[0m                                                  'strategy': 'fsdp',
[36m(TaskRunnerV1 pid=1270803)[0m                                                  'ulysses_sequence_parallel_size': 1,
[36m(TaskRunnerV1 pid=1270803)[0m                                                  'use_orig_params': False,
[36m(TaskRunnerV1 pid=1270803)[0m                                                  'use_torch_compile': True,
[36m(TaskRunnerV1 pid=1270803)[0m                                                  'wrap_policy': {'min_num_params': 0}},
[36m(TaskRunnerV1 pid=1270803)[0m                                  'grad_clip': 1.0,
[36m(TaskRunnerV1 pid=1270803)[0m                                  'kl_loss_coef': 0.01,
[36m(TaskRunnerV1 pid=1270803)[0m                                  'kl_loss_type': 'low_var_kl',
[36m(TaskRunnerV1 pid=1270803)[0m                                  'loss_agg_mode': 'token-mean',
[36m(TaskRunnerV1 pid=1270803)[0m                                  'loss_scale_factor': None,
[36m(TaskRunnerV1 pid=1270803)[0m                                  'optim': {'_target_': 'verl.workers.config.FSDPOptimizerConfig',
[36m(TaskRunnerV1 pid=1270803)[0m                                            'betas': [0.9, 0.999],
[36m(TaskRunnerV1 pid=1270803)[0m                                            'clip_grad': 1.0,
[36m(TaskRunnerV1 pid=1270803)[0m                                            'lr': 1e-06,
[36m(TaskRunnerV1 pid=1270803)[0m                                            'lr_scheduler_type': 'constant',
[36m(TaskRunnerV1 pid=1270803)[0m                                            'lr_warmup_steps': -1,
[36m(TaskRunnerV1 pid=1270803)[0m                                            'lr_warmup_steps_ratio': 0.0,
[36m(TaskRunnerV1 pid=1270803)[0m                                            'min_lr_ratio': 0.0,
[36m(TaskRunnerV1 pid=1270803)[0m                                            'num_cycles': 0.5,
[36m(TaskRunnerV1 pid=1270803)[0m                                            'optimizer': 'AdamW',
[36m(TaskRunnerV1 pid=1270803)[0m                                            'optimizer_impl': 'torch.optim',
[36m(TaskRunnerV1 pid=1270803)[0m                                            'override_optimizer_config': None,
[36m(TaskRunnerV1 pid=1270803)[0m                                            'total_training_steps': -1,
[36m(TaskRunnerV1 pid=1270803)[0m                                            'warmup_style': None,
[36m(TaskRunnerV1 pid=1270803)[0m                                            'weight_decay': 0.01,
[36m(TaskRunnerV1 pid=1270803)[0m                                            'zero_indexed_step': True},
[36m(TaskRunnerV1 pid=1270803)[0m                                  'policy_loss': {'_target_': 'verl.workers.config.PolicyLossConfig',
[36m(TaskRunnerV1 pid=1270803)[0m                                                  'clip_cov_lb': 1.0,
[36m(TaskRunnerV1 pid=1270803)[0m                                                  'clip_cov_ratio': 0.0002,
[36m(TaskRunnerV1 pid=1270803)[0m                                                  'clip_cov_ub': 5.0,
[36m(TaskRunnerV1 pid=1270803)[0m                                                  'kl_cov_ratio': 0.0002,
[36m(TaskRunnerV1 pid=1270803)[0m                                                  'loss_mode': 'vanilla',
[36m(TaskRunnerV1 pid=1270803)[0m                                                  'ppo_kl_coef': 0.1},
[36m(TaskRunnerV1 pid=1270803)[0m                                  'ppo_epochs': 1,
[36m(TaskRunnerV1 pid=1270803)[0m                                  'ppo_max_token_len_per_gpu': 65536,
[36m(TaskRunnerV1 pid=1270803)[0m                                  'ppo_micro_batch_size': None,
[36m(TaskRunnerV1 pid=1270803)[0m                                  'ppo_micro_batch_size_per_gpu': None,
[36m(TaskRunnerV1 pid=1270803)[0m                                  'ppo_mini_batch_size': 2,
[36m(TaskRunnerV1 pid=1270803)[0m                                  'profiler': {'_target_': 'verl.utils.profiler.ProfilerConfig',
[36m(TaskRunnerV1 pid=1270803)[0m                                               'all_ranks': False,
[36m(TaskRunnerV1 pid=1270803)[0m                                               'enable': False,
[36m(TaskRunnerV1 pid=1270803)[0m                                               'ranks': [],
[36m(TaskRunnerV1 pid=1270803)[0m                                               'save_path': 'outputs/profile',
[36m(TaskRunnerV1 pid=1270803)[0m                                               'tool': None,
[36m(TaskRunnerV1 pid=1270803)[0m                                               'tool_config': {'npu': {'_target_': 'verl.utils.profiler.config.NPUToolConfig',
[36m(TaskRunnerV1 pid=1270803)[0m                                                                       'analysis': True,
[36m(TaskRunnerV1 pid=1270803)[0m                                                                       'contents': [],
[36m(TaskRunnerV1 pid=1270803)[0m                                                                       'discrete': False,
[36m(TaskRunnerV1 pid=1270803)[0m                                                                       'level': 'level0'},
[36m(TaskRunnerV1 pid=1270803)[0m                                                               'nsys': {'_target_': 'verl.utils.profiler.config.NsightToolConfig',
[36m(TaskRunnerV1 pid=1270803)[0m                                                                        'discrete': False},
[36m(TaskRunnerV1 pid=1270803)[0m                                                               'precision_debugger': {'_target_': 'verl.utils.profiler.config.PrecisionDebuggerToolConfig',
[36m(TaskRunnerV1 pid=1270803)[0m                                                                                      'config_path': None,
[36m(TaskRunnerV1 pid=1270803)[0m                                                                                      'stages': None,
[36m(TaskRunnerV1 pid=1270803)[0m                                                                                      'steps': None,
[36m(TaskRunnerV1 pid=1270803)[0m                                                                                      'strict': False},
[36m(TaskRunnerV1 pid=1270803)[0m                                                               'torch': {'_target_': 'verl.utils.profiler.config.TorchProfilerToolConfig',
[36m(TaskRunnerV1 pid=1270803)[0m                                                                         'contents': [],
[36m(TaskRunnerV1 pid=1270803)[0m                                                                         'discrete': False},
[36m(TaskRunnerV1 pid=1270803)[0m                                                               'torch_memory': {'_target_': 'verl.utils.profiler.config.TorchMemoryToolConfig',
[36m(TaskRunnerV1 pid=1270803)[0m                                                                                'stack_depth': 32,
[36m(TaskRunnerV1 pid=1270803)[0m                                                                                'trace_alloc_max_entries': 100000}}},
[36m(TaskRunnerV1 pid=1270803)[0m                                  'qat': {'activation_observer': 'static_minmax',
[36m(TaskRunnerV1 pid=1270803)[0m                                          'enable': False,
[36m(TaskRunnerV1 pid=1270803)[0m                                          'group_size': 16,
[36m(TaskRunnerV1 pid=1270803)[0m                                          'ignore_patterns': ['lm_head',
[36m(TaskRunnerV1 pid=1270803)[0m                                                              'embed_tokens',
[36m(TaskRunnerV1 pid=1270803)[0m                                                              're:.*mlp.gate$'],
[36m(TaskRunnerV1 pid=1270803)[0m                                          'mode': 'w4a16',
[36m(TaskRunnerV1 pid=1270803)[0m                                          'quantization_config_path': None},
[36m(TaskRunnerV1 pid=1270803)[0m                                  'rollout_n': 2,
[36m(TaskRunnerV1 pid=1270803)[0m                                  'router_replay': {'_target_': 'verl.workers.config.RouterReplayConfig',
[36m(TaskRunnerV1 pid=1270803)[0m                                                    'mode': 'disabled',
[36m(TaskRunnerV1 pid=1270803)[0m                                                    'record_file': None,
[36m(TaskRunnerV1 pid=1270803)[0m                                                    'replay_file': None},
[36m(TaskRunnerV1 pid=1270803)[0m                                  'shuffle': False,
[36m(TaskRunnerV1 pid=1270803)[0m                                  'strategy': 'fsdp2',
[36m(TaskRunnerV1 pid=1270803)[0m                                  'tau_neg': 1.05,
[36m(TaskRunnerV1 pid=1270803)[0m                                  'tau_pos': 1.0,
[36m(TaskRunnerV1 pid=1270803)[0m                                  'ulysses_sequence_parallel_size': 1,
[36m(TaskRunnerV1 pid=1270803)[0m                                  'use_dynamic_bsz': True,
[36m(TaskRunnerV1 pid=1270803)[0m                                  'use_fused_kernels': False,
[36m(TaskRunnerV1 pid=1270803)[0m                                  'use_kl_loss': False,
[36m(TaskRunnerV1 pid=1270803)[0m                                  'use_prefix_grouper': False,
[36m(TaskRunnerV1 pid=1270803)[0m                                  'use_remove_padding': True,
[36m(TaskRunnerV1 pid=1270803)[0m                                  'use_torch_compile': True},
[36m(TaskRunnerV1 pid=1270803)[0m                        'hybrid_engine': True,
[36m(TaskRunnerV1 pid=1270803)[0m                        'model': {'_target_': 'verl.workers.config.HFModelConfig',
[36m(TaskRunnerV1 pid=1270803)[0m                                  'custom_chat_template': None,
[36m(TaskRunnerV1 pid=1270803)[0m                                  'enable_activation_offload': False,
[36m(TaskRunnerV1 pid=1270803)[0m                                  'enable_gradient_checkpointing': True,
[36m(TaskRunnerV1 pid=1270803)[0m                                  'exclude_modules': None,
[36m(TaskRunnerV1 pid=1270803)[0m                                  'external_lib': None,
[36m(TaskRunnerV1 pid=1270803)[0m                                  'fused_kernel_options': {'impl_backend': 'torch'},
[36m(TaskRunnerV1 pid=1270803)[0m                                  'hf_config_path': None,
[36m(TaskRunnerV1 pid=1270803)[0m                                  'lora': {'a2a_experimental': False,
[36m(TaskRunnerV1 pid=1270803)[0m                                           'adapter_path': None,
[36m(TaskRunnerV1 pid=1270803)[0m                                           'alpha': 32,
[36m(TaskRunnerV1 pid=1270803)[0m                                           'dropout': 0.0,
[36m(TaskRunnerV1 pid=1270803)[0m                                           'dropout_position': 'pre',
[36m(TaskRunnerV1 pid=1270803)[0m                                           'dtype': None,
[36m(TaskRunnerV1 pid=1270803)[0m                                           'exclude_modules': [],
[36m(TaskRunnerV1 pid=1270803)[0m                                           'freeze_language_model': True,
[36m(TaskRunnerV1 pid=1270803)[0m                                           'freeze_vision_model': True,
[36m(TaskRunnerV1 pid=1270803)[0m                                           'freeze_vision_projection': True,
[36m(TaskRunnerV1 pid=1270803)[0m                                           'lora_A_init_method': 'xavier',
[36m(TaskRunnerV1 pid=1270803)[0m                                           'lora_B_init_method': 'zero',
[36m(TaskRunnerV1 pid=1270803)[0m                                           'merge': True,
[36m(TaskRunnerV1 pid=1270803)[0m                                           'rank': 0,
[36m(TaskRunnerV1 pid=1270803)[0m                                           'target_modules': ['linear_qkv',
[36m(TaskRunnerV1 pid=1270803)[0m                                                              'linear_proj',
[36m(TaskRunnerV1 pid=1270803)[0m                                                              'linear_fc1',
[36m(TaskRunnerV1 pid=1270803)[0m                                                              'linear_fc2'],
[36m(TaskRunnerV1 pid=1270803)[0m                                           'type': 'lora'},
[36m(TaskRunnerV1 pid=1270803)[0m                                  'lora_adapter_path': None,
[36m(TaskRunnerV1 pid=1270803)[0m                                  'lora_alpha': 16,
[36m(TaskRunnerV1 pid=1270803)[0m                                  'lora_rank': 8,
[36m(TaskRunnerV1 pid=1270803)[0m                                  'mtp': {'_target_': 'verl.workers.config.MtpConfig',
[36m(TaskRunnerV1 pid=1270803)[0m                                          'detach_encoder': False,
[36m(TaskRunnerV1 pid=1270803)[0m                                          'enable': False,
[36m(TaskRunnerV1 pid=1270803)[0m                                          'enable_rollout': False,
[36m(TaskRunnerV1 pid=1270803)[0m                                          'enable_train': False,
[36m(TaskRunnerV1 pid=1270803)[0m                                          'method': 'mtp',
[36m(TaskRunnerV1 pid=1270803)[0m                                          'mtp_loss_scaling_factor': 0.1,
[36m(TaskRunnerV1 pid=1270803)[0m                                          'num_speculative_tokens': 1,
[36m(TaskRunnerV1 pid=1270803)[0m                                          'speculative_algorithm': 'EAGLE',
[36m(TaskRunnerV1 pid=1270803)[0m                                          'speculative_eagle_topk': 1,
[36m(TaskRunnerV1 pid=1270803)[0m                                          'speculative_num_draft_tokens': 4,
[36m(TaskRunnerV1 pid=1270803)[0m                                          'speculative_num_steps': 3},
[36m(TaskRunnerV1 pid=1270803)[0m                                  'override_config': {'attn_implementation': 'sdpa'},
[36m(TaskRunnerV1 pid=1270803)[0m                                  'path': '/data2/hjk/models/huggingface/hub/models--Qwen--Qwen3-VL-8B-Thinking/snapshots/92f3c4b4feadd3a016ef468d103bb5f58b2a2c6b',
[36m(TaskRunnerV1 pid=1270803)[0m                                  'target_modules': ['q_proj',
[36m(TaskRunnerV1 pid=1270803)[0m                                                     'k_proj',
[36m(TaskRunnerV1 pid=1270803)[0m                                                     'v_proj',
[36m(TaskRunnerV1 pid=1270803)[0m                                                     'o_proj',
[36m(TaskRunnerV1 pid=1270803)[0m                                                     'gate_proj',
[36m(TaskRunnerV1 pid=1270803)[0m                                                     'up_proj',
[36m(TaskRunnerV1 pid=1270803)[0m                                                     'down_proj'],
[36m(TaskRunnerV1 pid=1270803)[0m                                  'tiled_mlp': {'enabled': False,
[36m(TaskRunnerV1 pid=1270803)[0m                                                'num_shards': 4},
[36m(TaskRunnerV1 pid=1270803)[0m                                  'tokenizer_path': None,
[36m(TaskRunnerV1 pid=1270803)[0m                                  'trust_remote_code': False,
[36m(TaskRunnerV1 pid=1270803)[0m                                  'use_fused_kernels': False,
[36m(TaskRunnerV1 pid=1270803)[0m                                  'use_liger': False,
[36m(TaskRunnerV1 pid=1270803)[0m                                  'use_remove_padding': True,
[36m(TaskRunnerV1 pid=1270803)[0m                                  'use_shm': False},
[36m(TaskRunnerV1 pid=1270803)[0m                        'nccl_timeout': 600,
[36m(TaskRunnerV1 pid=1270803)[0m                        'ref': {'_target_': 'verl.workers.config.FSDPActorConfig',
[36m(TaskRunnerV1 pid=1270803)[0m                                'entropy_checkpointing': False,
[36m(TaskRunnerV1 pid=1270803)[0m                                'entropy_from_logits_chunk_size': 2048,
[36m(TaskRunnerV1 pid=1270803)[0m                                'entropy_from_logits_with_chunking': False,
[36m(TaskRunnerV1 pid=1270803)[0m                                'fsdp_config': {'_target_': 'verl.workers.config.FSDPEngineConfig',
[36m(TaskRunnerV1 pid=1270803)[0m                                                'dtype': 'bfloat16',
[36m(TaskRunnerV1 pid=1270803)[0m                                                'entropy_checkpointing': False,
[36m(TaskRunnerV1 pid=1270803)[0m                                                'entropy_from_logits_chunk_size': 2048,
[36m(TaskRunnerV1 pid=1270803)[0m                                                'entropy_from_logits_with_chunking': False,
[36m(TaskRunnerV1 pid=1270803)[0m                                                'forward_only': True,
[36m(TaskRunnerV1 pid=1270803)[0m                                                'forward_prefetch': False,
[36m(TaskRunnerV1 pid=1270803)[0m                                                'fsdp_size': -1,
[36m(TaskRunnerV1 pid=1270803)[0m                                                'full_determinism': False,
[36m(TaskRunnerV1 pid=1270803)[0m                                                'model_dtype': 'fp32',
[36m(TaskRunnerV1 pid=1270803)[0m                                                'offload_policy': False,
[36m(TaskRunnerV1 pid=1270803)[0m                                                'optimizer_offload': False,
[36m(TaskRunnerV1 pid=1270803)[0m                                                'param_offload': True,
[36m(TaskRunnerV1 pid=1270803)[0m                                                'qat': {'_target_': 'verl.workers.config.QATEngineConfig',
[36m(TaskRunnerV1 pid=1270803)[0m                                                        'activation_observer': 'static_minmax',
[36m(TaskRunnerV1 pid=1270803)[0m                                                        'enable': False,
[36m(TaskRunnerV1 pid=1270803)[0m                                                        'group_size': 16,
[36m(TaskRunnerV1 pid=1270803)[0m                                                        'ignore_patterns': ['lm_head',
[36m(TaskRunnerV1 pid=1270803)[0m                                                                            'embed_tokens',
[36m(TaskRunnerV1 pid=1270803)[0m                                                                            're:.*mlp.gate$'],
[36m(TaskRunnerV1 pid=1270803)[0m                                                        'mode': 'w4a16',
[36m(TaskRunnerV1 pid=1270803)[0m                                                        'quantization_config_path': None},
[36m(TaskRunnerV1 pid=1270803)[0m                                                'reshard_after_forward': True,
[36m(TaskRunnerV1 pid=1270803)[0m                                                'seed': 42,
[36m(TaskRunnerV1 pid=1270803)[0m                                                'strategy': 'fsdp',
[36m(TaskRunnerV1 pid=1270803)[0m                                                'ulysses_sequence_parallel_size': 1,
[36m(TaskRunnerV1 pid=1270803)[0m                                                'use_orig_params': False,
[36m(TaskRunnerV1 pid=1270803)[0m                                                'use_torch_compile': True,
[36m(TaskRunnerV1 pid=1270803)[0m                                                'wrap_policy': {'min_num_params': 0}},
[36m(TaskRunnerV1 pid=1270803)[0m                                'log_prob_max_token_len_per_gpu': 65536,
[36m(TaskRunnerV1 pid=1270803)[0m                                'log_prob_micro_batch_size': None,
[36m(TaskRunnerV1 pid=1270803)[0m                                'log_prob_micro_batch_size_per_gpu': None,
[36m(TaskRunnerV1 pid=1270803)[0m                                'log_prob_use_dynamic_bsz': True,
[36m(TaskRunnerV1 pid=1270803)[0m                                'profiler': {'_target_': 'verl.utils.profiler.ProfilerConfig',
[36m(TaskRunnerV1 pid=1270803)[0m                                             'all_ranks': False,
[36m(TaskRunnerV1 pid=1270803)[0m                                             'enable': False,
[36m(TaskRunnerV1 pid=1270803)[0m                                             'ranks': [],
[36m(TaskRunnerV1 pid=1270803)[0m                                             'save_path': 'outputs/profile',
[36m(TaskRunnerV1 pid=1270803)[0m                                             'tool': None,
[36m(TaskRunnerV1 pid=1270803)[0m                                             'tool_config': {'npu': {'_target_': 'verl.utils.profiler.config.NPUToolConfig',
[36m(TaskRunnerV1 pid=1270803)[0m                                                                     'analysis': True,
[36m(TaskRunnerV1 pid=1270803)[0m                                                                     'contents': [],
[36m(TaskRunnerV1 pid=1270803)[0m                                                                     'discrete': False,
[36m(TaskRunnerV1 pid=1270803)[0m                                                                     'level': 'level0'},
[36m(TaskRunnerV1 pid=1270803)[0m                                                             'nsys': {'_target_': 'verl.utils.profiler.config.NsightToolConfig',
[36m(TaskRunnerV1 pid=1270803)[0m                                                                      'discrete': False},
[36m(TaskRunnerV1 pid=1270803)[0m                                                             'precision_debugger': {'_target_': 'verl.utils.profiler.config.PrecisionDebuggerToolConfig',
[36m(TaskRunnerV1 pid=1270803)[0m                                                                                    'config_path': None,
[36m(TaskRunnerV1 pid=1270803)[0m                                                                                    'stages': None,
[36m(TaskRunnerV1 pid=1270803)[0m                                                                                    'steps': None,
[36m(TaskRunnerV1 pid=1270803)[0m                                                                                    'strict': False},
[36m(TaskRunnerV1 pid=1270803)[0m                                                             'torch': {'_target_': 'verl.utils.profiler.config.TorchProfilerToolConfig',
[36m(TaskRunnerV1 pid=1270803)[0m                                                                       'contents': [],
[36m(TaskRunnerV1 pid=1270803)[0m                                                                       'discrete': False},
[36m(TaskRunnerV1 pid=1270803)[0m                                                             'torch_memory': {'_target_': 'verl.utils.profiler.config.TorchMemoryToolConfig',
[36m(TaskRunnerV1 pid=1270803)[0m                                                                              'stack_depth': 32,
[36m(TaskRunnerV1 pid=1270803)[0m                                                                              'trace_alloc_max_entries': 100000}}},
[36m(TaskRunnerV1 pid=1270803)[0m                                'rollout_n': 2,
[36m(TaskRunnerV1 pid=1270803)[0m                                'router_replay': {'_target_': 'verl.workers.config.RouterReplayConfig',
[36m(TaskRunnerV1 pid=1270803)[0m                                                  'mode': 'disabled',
[36m(TaskRunnerV1 pid=1270803)[0m                                                  'record_file': None,
[36m(TaskRunnerV1 pid=1270803)[0m                                                  'replay_file': None},
[36m(TaskRunnerV1 pid=1270803)[0m                                'strategy': 'fsdp2',
[36m(TaskRunnerV1 pid=1270803)[0m                                'ulysses_sequence_parallel_size': 1,
[36m(TaskRunnerV1 pid=1270803)[0m                                'use_torch_compile': True},
[36m(TaskRunnerV1 pid=1270803)[0m                        'rollout': {'_target_': 'verl.workers.config.RolloutConfig',
[36m(TaskRunnerV1 pid=1270803)[0m                                    'agent': {'_target_': 'verl.workers.config.AgentLoopConfig',
[36m(TaskRunnerV1 pid=1270803)[0m                                              'agent_loop_config_path': None,
[36m(TaskRunnerV1 pid=1270803)[0m                                              'custom_async_server': {'_target_': 'verl.workers.config.CustomAsyncServerConfig',
[36m(TaskRunnerV1 pid=1270803)[0m                                                                      'name': None,
[36m(TaskRunnerV1 pid=1270803)[0m                                                                      'path': None},
[36m(TaskRunnerV1 pid=1270803)[0m                                              'default_agent_loop': 'single_turn_agent',
[36m(TaskRunnerV1 pid=1270803)[0m                                              'num_workers': 8},
[36m(TaskRunnerV1 pid=1270803)[0m                                    'calculate_log_probs': True,
[36m(TaskRunnerV1 pid=1270803)[0m                                    'checkpoint_engine': {'_target_': 'verl.workers.config.CheckpointEngineConfig',
[36m(TaskRunnerV1 pid=1270803)[0m                                                          'backend': 'naive',
[36m(TaskRunnerV1 pid=1270803)[0m                                                          'custom_backend_module': None,
[36m(TaskRunnerV1 pid=1270803)[0m                                                          'engine_kwargs': {},
[36m(TaskRunnerV1 pid=1270803)[0m                                                          'update_weights_bucket_megabytes': 2048},
[36m(TaskRunnerV1 pid=1270803)[0m                                    'cudagraph_capture_sizes': None,
[36m(TaskRunnerV1 pid=1270803)[0m                                    'data_parallel_size': 1,
[36m(TaskRunnerV1 pid=1270803)[0m                                    'disable_log_stats': True,
[36m(TaskRunnerV1 pid=1270803)[0m                                    'disaggregation': {'bootstrap_port': None,
[36m(TaskRunnerV1 pid=1270803)[0m                                                       'decode_replicas': 1,
[36m(TaskRunnerV1 pid=1270803)[0m                                                       'decode_tensor_model_parallel_size': None,
[36m(TaskRunnerV1 pid=1270803)[0m                                                       'enabled': False,
[36m(TaskRunnerV1 pid=1270803)[0m                                                       'ib_device': None,
[36m(TaskRunnerV1 pid=1270803)[0m                                                       'prefill_replicas': 1,
[36m(TaskRunnerV1 pid=1270803)[0m                                                       'transfer_backend': 'nixl'},
[36m(TaskRunnerV1 pid=1270803)[0m                                    'do_sample': True,
[36m(TaskRunnerV1 pid=1270803)[0m                                    'dtype': 'bfloat16',
[36m(TaskRunnerV1 pid=1270803)[0m                                    'enable_chunked_prefill': False,
[36m(TaskRunnerV1 pid=1270803)[0m                                    'enable_prefix_caching': True,
[36m(TaskRunnerV1 pid=1270803)[0m                                    'enable_rollout_routing_replay': False,
[36m(TaskRunnerV1 pid=1270803)[0m                                    'enforce_eager': False,
[36m(TaskRunnerV1 pid=1270803)[0m                                    'engine_kwargs': {'sglang': {},
[36m(TaskRunnerV1 pid=1270803)[0m                                                      'trtllm': {},
[36m(TaskRunnerV1 pid=1270803)[0m                                                      'vllm': {}},
[36m(TaskRunnerV1 pid=1270803)[0m                                    'expert_parallel_size': 1,
[36m(TaskRunnerV1 pid=1270803)[0m                                    'free_cache_engine': True,
[36m(TaskRunnerV1 pid=1270803)[0m                                    'full_determinism': False,
[36m(TaskRunnerV1 pid=1270803)[0m                                    'gpu_memory_utilization': 0.5,
[36m(TaskRunnerV1 pid=1270803)[0m                                    'ignore_eos': False,
[36m(TaskRunnerV1 pid=1270803)[0m                                    'layered_summon': False,
[36m(TaskRunnerV1 pid=1270803)[0m                                    'load_format': 'dummy',
[36m(TaskRunnerV1 pid=1270803)[0m                                    'log_prob_max_token_len_per_gpu': 65536,
[36m(TaskRunnerV1 pid=1270803)[0m                                    'log_prob_micro_batch_size': None,
[36m(TaskRunnerV1 pid=1270803)[0m                                    'log_prob_micro_batch_size_per_gpu': None,
[36m(TaskRunnerV1 pid=1270803)[0m                                    'log_prob_use_dynamic_bsz': True,
[36m(TaskRunnerV1 pid=1270803)[0m                                    'logprobs_mode': 'processed_logprobs',
[36m(TaskRunnerV1 pid=1270803)[0m                                    'max_model_len': 20480,
[36m(TaskRunnerV1 pid=1270803)[0m                                    'max_num_batched_tokens': 20480,
[36m(TaskRunnerV1 pid=1270803)[0m                                    'max_num_seqs': 4,
[36m(TaskRunnerV1 pid=1270803)[0m                                    'mode': 'async',
[36m(TaskRunnerV1 pid=1270803)[0m                                    'moe_load_balance_metrics_interval': 0,
[36m(TaskRunnerV1 pid=1270803)[0m                                    'mtp': {'_target_': 'verl.workers.config.MtpConfig',
[36m(TaskRunnerV1 pid=1270803)[0m                                            'detach_encoder': False,
[36m(TaskRunnerV1 pid=1270803)[0m                                            'enable': False,
[36m(TaskRunnerV1 pid=1270803)[0m                                            'enable_rollout': False,
[36m(TaskRunnerV1 pid=1270803)[0m                                            'enable_train': False,
[36m(TaskRunnerV1 pid=1270803)[0m                                            'method': 'mtp',
[36m(TaskRunnerV1 pid=1270803)[0m                                            'mtp_loss_scaling_factor': 0.1,
[36m(TaskRunnerV1 pid=1270803)[0m                                            'num_speculative_tokens': 1,
[36m(TaskRunnerV1 pid=1270803)[0m                                            'speculative_algorithm': 'EAGLE',
[36m(TaskRunnerV1 pid=1270803)[0m                                            'speculative_eagle_topk': 1,
[36m(TaskRunnerV1 pid=1270803)[0m                                            'speculative_num_draft_tokens': 4,
[36m(TaskRunnerV1 pid=1270803)[0m                                            'speculative_num_steps': 3},
[36m(TaskRunnerV1 pid=1270803)[0m                                    'multi_stage_wake_up': False,
[36m(TaskRunnerV1 pid=1270803)[0m                                    'multi_turn': {'_target_': 'verl.workers.config.MultiTurnConfig',
[36m(TaskRunnerV1 pid=1270803)[0m                                                   'enable': False,
[36m(TaskRunnerV1 pid=1270803)[0m                                                   'format': 'hermes',
[36m(TaskRunnerV1 pid=1270803)[0m                                                   'function_tool_path': None,
[36m(TaskRunnerV1 pid=1270803)[0m                                                   'max_assistant_turns': None,
[36m(TaskRunnerV1 pid=1270803)[0m                                                   'max_parallel_calls': 1,
[36m(TaskRunnerV1 pid=1270803)[0m                                                   'max_tool_response_length': 256,
[36m(TaskRunnerV1 pid=1270803)[0m                                                   'max_user_turns': None,
[36m(TaskRunnerV1 pid=1270803)[0m                                                   'num_repeat_rollouts': None,
[36m(TaskRunnerV1 pid=1270803)[0m                                                   'tokenization_sanity_check_mode': 'strict',
[36m(TaskRunnerV1 pid=1270803)[0m                                                   'tool_config_path': None,
[36m(TaskRunnerV1 pid=1270803)[0m                                                   'tool_response_truncate_side': 'middle',
[36m(TaskRunnerV1 pid=1270803)[0m                                                   'use_inference_chat_template': False},
[36m(TaskRunnerV1 pid=1270803)[0m                                    'n': 2,
[36m(TaskRunnerV1 pid=1270803)[0m                                    'n_gpus_per_node': 1,
[36m(TaskRunnerV1 pid=1270803)[0m                                    'name': 'vllm',
[36m(TaskRunnerV1 pid=1270803)[0m                                    'nnodes': 0,
[36m(TaskRunnerV1 pid=1270803)[0m                                    'over_sample_rate': 0,
[36m(TaskRunnerV1 pid=1270803)[0m                                    'pipeline_model_parallel_size': 1,
[36m(TaskRunnerV1 pid=1270803)[0m                                    'profiler': {'_target_': 'verl.utils.profiler.ProfilerConfig',
[36m(TaskRunnerV1 pid=1270803)[0m                                                 'all_ranks': False,
[36m(TaskRunnerV1 pid=1270803)[0m                                                 'enable': False,
[36m(TaskRunnerV1 pid=1270803)[0m                                                 'ranks': [],
[36m(TaskRunnerV1 pid=1270803)[0m                                                 'save_path': 'outputs/profile',
[36m(TaskRunnerV1 pid=1270803)[0m                                                 'tool': None,
[36m(TaskRunnerV1 pid=1270803)[0m                                                 'tool_config': {'npu': {'_target_': 'verl.utils.profiler.config.NPUToolConfig',
[36m(TaskRunnerV1 pid=1270803)[0m                                                                         'analysis': True,
[36m(TaskRunnerV1 pid=1270803)[0m                                                                         'contents': [],
[36m(TaskRunnerV1 pid=1270803)[0m                                                                         'discrete': False,
[36m(TaskRunnerV1 pid=1270803)[0m                                                                         'level': 'level0',
[36m(TaskRunnerV1 pid=1270803)[0m                                                                         'profile_token_end': None,
[36m(TaskRunnerV1 pid=1270803)[0m                                                                         'profile_token_start': None},
[36m(TaskRunnerV1 pid=1270803)[0m                                                                 'precision_debugger': {'_target_': 'verl.utils.profiler.config.PrecisionDebuggerToolConfig',
[36m(TaskRunnerV1 pid=1270803)[0m                                                                                        'config_path': None,
[36m(TaskRunnerV1 pid=1270803)[0m                                                                                        'stages': None,
[36m(TaskRunnerV1 pid=1270803)[0m                                                                                        'steps': None,
[36m(TaskRunnerV1 pid=1270803)[0m                                                                                        'strict': False},
[36m(TaskRunnerV1 pid=1270803)[0m                                                                 'torch': {'_target_': 'verl.utils.profiler.config.TorchProfilerToolConfig',
[36m(TaskRunnerV1 pid=1270803)[0m                                                                           'contents': [],
[36m(TaskRunnerV1 pid=1270803)[0m                                                                           'discrete': False,
[36m(TaskRunnerV1 pid=1270803)[0m                                                                           'profile_token_end': None,
[36m(TaskRunnerV1 pid=1270803)[0m                                                                           'profile_token_start': None}}},
[36m(TaskRunnerV1 pid=1270803)[0m                                    'prometheus': {'_target_': 'verl.workers.config.PrometheusConfig',
[36m(TaskRunnerV1 pid=1270803)[0m                                                   'enable': False,
[36m(TaskRunnerV1 pid=1270803)[0m                                                   'file': '/tmp/ray/session_latest/metrics/prometheus/prometheus.yml',
[36m(TaskRunnerV1 pid=1270803)[0m                                                   'port': 9090,
[36m(TaskRunnerV1 pid=1270803)[0m                                                   'served_model_name': '/data2/hjk/models/huggingface/hub/models--Qwen--Qwen3-VL-8B-Thinking/snapshots/92f3c4b4feadd3a016ef468d103bb5f58b2a2c6b'},
[36m(TaskRunnerV1 pid=1270803)[0m                                    'prompt_length': 4096,
[36m(TaskRunnerV1 pid=1270803)[0m                                    'qat': {'_target_': 'verl.workers.config.QATEngineConfig',
[36m(TaskRunnerV1 pid=1270803)[0m                                            'activation_observer': 'static_minmax',
[36m(TaskRunnerV1 pid=1270803)[0m                                            'enable': False,
[36m(TaskRunnerV1 pid=1270803)[0m                                            'group_size': 16,
[36m(TaskRunnerV1 pid=1270803)[0m                                            'ignore_patterns': ['lm_head',
[36m(TaskRunnerV1 pid=1270803)[0m                                                                'embed_tokens',
[36m(TaskRunnerV1 pid=1270803)[0m                                                                're:.*mlp.gate$'],
[36m(TaskRunnerV1 pid=1270803)[0m                                            'mode': 'w4a16',
[36m(TaskRunnerV1 pid=1270803)[0m                                            'quantization_config_path': None},
[36m(TaskRunnerV1 pid=1270803)[0m                                    'quantization': None,
[36m(TaskRunnerV1 pid=1270803)[0m                                    'quantization_config_file': None,
[36m(TaskRunnerV1 pid=1270803)[0m                                    'response_length': 16384,
[36m(TaskRunnerV1 pid=1270803)[0m                                    'scheduling_policy': 'fcfs',
[36m(TaskRunnerV1 pid=1270803)[0m                                    'seed': 42,
[36m(TaskRunnerV1 pid=1270803)[0m                                    'skip_tokenizer_init': True,
[36m(TaskRunnerV1 pid=1270803)[0m                                    'temperature': 1.0,
[36m(TaskRunnerV1 pid=1270803)[0m                                    'tensor_model_parallel_size': 1,
[36m(TaskRunnerV1 pid=1270803)[0m                                    'top_k': -1,
[36m(TaskRunnerV1 pid=1270803)[0m                                    'top_p': 1.0,
[36m(TaskRunnerV1 pid=1270803)[0m                                    'trace': {'_target_': 'verl.workers.config.TraceConfig',
[36m(TaskRunnerV1 pid=1270803)[0m                                              'backend': None,
[36m(TaskRunnerV1 pid=1270803)[0m                                              'experiment_name': 'qwen3vl8b_stage3_a1_long_answer_pilot_trainonly_prompt4096_seed42',
[36m(TaskRunnerV1 pid=1270803)[0m                                              'max_samples_per_step_per_worker': None,
[36m(TaskRunnerV1 pid=1270803)[0m                                              'project_name': 'qwen3vl_stage3_pilot',
[36m(TaskRunnerV1 pid=1270803)[0m                                              'token2text': False},
[36m(TaskRunnerV1 pid=1270803)[0m                                    'val_kwargs': {'_target_': 'verl.workers.config.SamplingConfig',
[36m(TaskRunnerV1 pid=1270803)[0m                                                   'do_sample': False,
[36m(TaskRunnerV1 pid=1270803)[0m                                                   'n': 1,
[36m(TaskRunnerV1 pid=1270803)[0m                                                   'temperature': 0,
[36m(TaskRunnerV1 pid=1270803)[0m                                                   'top_k': -1,
[36m(TaskRunnerV1 pid=1270803)[0m                                                   'top_p': 1.0}}},
[36m(TaskRunnerV1 pid=1270803)[0m  'algorithm': {'_target_': 'verl.trainer.config.AlgoConfig',
[36m(TaskRunnerV1 pid=1270803)[0m                'adv_estimator': 'grpo',
[36m(TaskRunnerV1 pid=1270803)[0m                'gamma': 1.0,
[36m(TaskRunnerV1 pid=1270803)[0m                'kl_ctrl': {'_target_': 'verl.trainer.config.KLControlConfig',
[36m(TaskRunnerV1 pid=1270803)[0m                            'horizon': 10000,
[36m(TaskRunnerV1 pid=1270803)[0m                            'kl_coef': 0.001,
[36m(TaskRunnerV1 pid=1270803)[0m                            'target_kl': 0.1,
[36m(TaskRunnerV1 pid=1270803)[0m                            'type': 'fixed'},
[36m(TaskRunnerV1 pid=1270803)[0m                'kl_penalty': 'kl',
[36m(TaskRunnerV1 pid=1270803)[0m                'lam': 1.0,
[36m(TaskRunnerV1 pid=1270803)[0m                'norm_adv_by_std_in_grpo': True,
[36m(TaskRunnerV1 pid=1270803)[0m                'pf_ppo': {'reweight_method': 'pow', 'weight_pow': 2.0},
[36m(TaskRunnerV1 pid=1270803)[0m                'rollout_correction': {'bypass_mode': False,
[36m(TaskRunnerV1 pid=1270803)[0m                                       'loss_type': 'ppo_clip',
[36m(TaskRunnerV1 pid=1270803)[0m                                       'rollout_is': None,
[36m(TaskRunnerV1 pid=1270803)[0m                                       'rollout_is_batch_normalize': False,
[36m(TaskRunnerV1 pid=1270803)[0m                                       'rollout_is_threshold': 2.0,
[36m(TaskRunnerV1 pid=1270803)[0m                                       'rollout_rs': None,
[36m(TaskRunnerV1 pid=1270803)[0m                                       'rollout_rs_threshold': None},
[36m(TaskRunnerV1 pid=1270803)[0m                'use_kl_in_reward': False,
[36m(TaskRunnerV1 pid=1270803)[0m                'use_pf_ppo': False},
[36m(TaskRunnerV1 pid=1270803)[0m  'critic': {'_target_': 'verl.workers.config.FSDPCriticConfig',
[36m(TaskRunnerV1 pid=1270803)[0m             'checkpoint': {'_target_': 'verl.trainer.config.CheckpointConfig',
[36m(TaskRunnerV1 pid=1270803)[0m                            'async_save': False,
[36m(TaskRunnerV1 pid=1270803)[0m                            'load_contents': ['model', 'optimizer', 'extra'],
[36m(TaskRunnerV1 pid=1270803)[0m                            'save_contents': ['model', 'optimizer', 'extra']},
[36m(TaskRunnerV1 pid=1270803)[0m             'cliprange_value': 0.5,
[36m(TaskRunnerV1 pid=1270803)[0m             'data_loader_seed': 42,
[36m(TaskRunnerV1 pid=1270803)[0m             'enable': None,
[36m(TaskRunnerV1 pid=1270803)[0m             'forward_max_token_len_per_gpu': 32768,
[36m(TaskRunnerV1 pid=1270803)[0m             'forward_micro_batch_size': None,
[36m(TaskRunnerV1 pid=1270803)[0m             'forward_micro_batch_size_per_gpu': None,
[36m(TaskRunnerV1 pid=1270803)[0m             'fsdp': {'_target_': 'verl.workers.config.FSDPEngineConfig',
[36m(TaskRunnerV1 pid=1270803)[0m                      'dtype': 'bfloat16',
[36m(TaskRunnerV1 pid=1270803)[0m                      'entropy_checkpointing': False,
[36m(TaskRunnerV1 pid=1270803)[0m                      'entropy_from_logits_chunk_size': 2048,
[36m(TaskRunnerV1 pid=1270803)[0m                      'entropy_from_logits_with_chunking': False,
[36m(TaskRunnerV1 pid=1270803)[0m                      'forward_only': False,
[36m(TaskRunnerV1 pid=1270803)[0m                      'forward_prefetch': False,
[36m(TaskRunnerV1 pid=1270803)[0m                      'fsdp_size': -1,
[36m(TaskRunnerV1 pid=1270803)[0m                      'full_determinism': False,
[36m(TaskRunnerV1 pid=1270803)[0m                      'model_dtype': 'fp32',
[36m(TaskRunnerV1 pid=1270803)[0m                      'offload_policy': False,
[36m(TaskRunnerV1 pid=1270803)[0m                      'optimizer_offload': False,
[36m(TaskRunnerV1 pid=1270803)[0m                      'param_offload': False,
[36m(TaskRunnerV1 pid=1270803)[0m                      'qat': {'_target_': 'verl.workers.config.QATEngineConfig',
[36m(TaskRunnerV1 pid=1270803)[0m                              'activation_observer': 'static_minmax',
[36m(TaskRunnerV1 pid=1270803)[0m                              'enable': False,
[36m(TaskRunnerV1 pid=1270803)[0m                              'group_size': 16,
[36m(TaskRunnerV1 pid=1270803)[0m                              'ignore_patterns': ['lm_head',
[36m(TaskRunnerV1 pid=1270803)[0m                                                  'embed_tokens',
[36m(TaskRunnerV1 pid=1270803)[0m                                                  're:.*mlp.gate$'],
[36m(TaskRunnerV1 pid=1270803)[0m                              'mode': 'w4a16',
[36m(TaskRunnerV1 pid=1270803)[0m                              'quantization_config_path': None},
[36m(TaskRunnerV1 pid=1270803)[0m                      'reshard_after_forward': True,
[36m(TaskRunnerV1 pid=1270803)[0m                      'seed': 42,
[36m(TaskRunnerV1 pid=1270803)[0m                      'strategy': 'fsdp',
[36m(TaskRunnerV1 pid=1270803)[0m                      'ulysses_sequence_parallel_size': 1,
[36m(TaskRunnerV1 pid=1270803)[0m                      'use_orig_params': False,
[36m(TaskRunnerV1 pid=1270803)[0m                      'use_torch_compile': True,
[36m(TaskRunnerV1 pid=1270803)[0m                      'wrap_policy': {'min_num_params': 0}},
[36m(TaskRunnerV1 pid=1270803)[0m             'grad_clip': 1.0,
[36m(TaskRunnerV1 pid=1270803)[0m             'loss_agg_mode': 'token-mean',
[36m(TaskRunnerV1 pid=1270803)[0m             'model': {'_target_': 'verl.workers.config.HFModelConfig',
[36m(TaskRunnerV1 pid=1270803)[0m                       'custom_chat_template': None,
[36m(TaskRunnerV1 pid=1270803)[0m                       'enable_activation_offload': False,
[36m(TaskRunnerV1 pid=1270803)[0m                       'enable_gradient_checkpointing': True,
[36m(TaskRunnerV1 pid=1270803)[0m                       'exclude_modules': None,
[36m(TaskRunnerV1 pid=1270803)[0m                       'external_lib': None,
[36m(TaskRunnerV1 pid=1270803)[0m                       'fused_kernel_options': {'impl_backend': 'torch'},
[36m(TaskRunnerV1 pid=1270803)[0m                       'hf_config_path': None,
[36m(TaskRunnerV1 pid=1270803)[0m                       'lora': {'a2a_experimental': False,
[36m(TaskRunnerV1 pid=1270803)[0m                                'adapter_path': None,
[36m(TaskRunnerV1 pid=1270803)[0m                                'alpha': 32,
[36m(TaskRunnerV1 pid=1270803)[0m                                'dropout': 0.0,
[36m(TaskRunnerV1 pid=1270803)[0m                                'dropout_position': 'pre',
[36m(TaskRunnerV1 pid=1270803)[0m                                'dtype': None,
[36m(TaskRunnerV1 pid=1270803)[0m                                'exclude_modules': [],
[36m(TaskRunnerV1 pid=1270803)[0m                                'freeze_language_model': True,
[36m(TaskRunnerV1 pid=1270803)[0m                                'freeze_vision_model': True,
[36m(TaskRunnerV1 pid=1270803)[0m                                'freeze_vision_projection': True,
[36m(TaskRunnerV1 pid=1270803)[0m                                'lora_A_init_method': 'xavier',
[36m(TaskRunnerV1 pid=1270803)[0m                                'lora_B_init_method': 'zero',
[36m(TaskRunnerV1 pid=1270803)[0m                                'merge': False,
[36m(TaskRunnerV1 pid=1270803)[0m                                'rank': 0,
[36m(TaskRunnerV1 pid=1270803)[0m                                'target_modules': ['linear_qkv',
[36m(TaskRunnerV1 pid=1270803)[0m                                                   'linear_proj',
[36m(TaskRunnerV1 pid=1270803)[0m                                                   'linear_fc1',
[36m(TaskRunnerV1 pid=1270803)[0m                                                   'linear_fc2'],
[36m(TaskRunnerV1 pid=1270803)[0m                                'type': 'lora'},
[36m(TaskRunnerV1 pid=1270803)[0m                       'lora_adapter_path': None,
[36m(TaskRunnerV1 pid=1270803)[0m                       'lora_alpha': 16,
[36m(TaskRunnerV1 pid=1270803)[0m                       'lora_rank': 0,
[36m(TaskRunnerV1 pid=1270803)[0m                       'mtp': {'_target_': 'verl.workers.config.MtpConfig',
[36m(TaskRunnerV1 pid=1270803)[0m                               'detach_encoder': False,
[36m(TaskRunnerV1 pid=1270803)[0m                               'enable': False,
[36m(TaskRunnerV1 pid=1270803)[0m                               'enable_rollout': False,
[36m(TaskRunnerV1 pid=1270803)[0m                               'enable_train': False,
[36m(TaskRunnerV1 pid=1270803)[0m                               'method': 'mtp',
[36m(TaskRunnerV1 pid=1270803)[0m                               'mtp_loss_scaling_factor': 0.1,
[36m(TaskRunnerV1 pid=1270803)[0m                               'num_speculative_tokens': 1,
[36m(TaskRunnerV1 pid=1270803)[0m                               'speculative_algorithm': 'EAGLE',
[36m(TaskRunnerV1 pid=1270803)[0m                               'speculative_eagle_topk': 1,
[36m(TaskRunnerV1 pid=1270803)[0m                               'speculative_num_draft_tokens': 4,
[36m(TaskRunnerV1 pid=1270803)[0m                               'speculative_num_steps': 3},
[36m(TaskRunnerV1 pid=1270803)[0m                       'override_config': {},
[36m(TaskRunnerV1 pid=1270803)[0m                       'path': '~/models/deepseek-llm-7b-chat',
[36m(TaskRunnerV1 pid=1270803)[0m                       'target_modules': 'all-linear',
[36m(TaskRunnerV1 pid=1270803)[0m                       'tiled_mlp': {'enabled': False, 'num_shards': 4},
[36m(TaskRunnerV1 pid=1270803)[0m                       'tokenizer_path': None,
[36m(TaskRunnerV1 pid=1270803)[0m                       'trust_remote_code': False,
[36m(TaskRunnerV1 pid=1270803)[0m                       'use_fused_kernels': False,
[36m(TaskRunnerV1 pid=1270803)[0m                       'use_liger': False,
[36m(TaskRunnerV1 pid=1270803)[0m                       'use_remove_padding': True,
[36m(TaskRunnerV1 pid=1270803)[0m                       'use_shm': False},
[36m(TaskRunnerV1 pid=1270803)[0m             'optim': {'_target_': 'verl.workers.config.FSDPOptimizerConfig',
[36m(TaskRunnerV1 pid=1270803)[0m                       'betas': [0.9, 0.999],
[36m(TaskRunnerV1 pid=1270803)[0m                       'clip_grad': 1.0,
[36m(TaskRunnerV1 pid=1270803)[0m                       'lr': 1e-05,
[36m(TaskRunnerV1 pid=1270803)[0m                       'lr_scheduler_type': 'constant',
[36m(TaskRunnerV1 pid=1270803)[0m                       'lr_warmup_steps': -1,
[36m(TaskRunnerV1 pid=1270803)[0m                       'lr_warmup_steps_ratio': 0.0,
[36m(TaskRunnerV1 pid=1270803)[0m                       'min_lr_ratio': 0.0,
[36m(TaskRunnerV1 pid=1270803)[0m                       'num_cycles': 0.5,
[36m(TaskRunnerV1 pid=1270803)[0m                       'optimizer': 'AdamW',
[36m(TaskRunnerV1 pid=1270803)[0m                       'optimizer_impl': 'torch.optim',
[36m(TaskRunnerV1 pid=1270803)[0m                       'override_optimizer_config': None,
[36m(TaskRunnerV1 pid=1270803)[0m                       'total_training_steps': -1,
[36m(TaskRunnerV1 pid=1270803)[0m                       'warmup_style': None,
[36m(TaskRunnerV1 pid=1270803)[0m                       'weight_decay': 0.01,
[36m(TaskRunnerV1 pid=1270803)[0m                       'zero_indexed_step': True},
[36m(TaskRunnerV1 pid=1270803)[0m             'ppo_epochs': 1,
[36m(TaskRunnerV1 pid=1270803)[0m             'ppo_max_token_len_per_gpu': 32768,
[36m(TaskRunnerV1 pid=1270803)[0m             'ppo_micro_batch_size': None,
[36m(TaskRunnerV1 pid=1270803)[0m             'ppo_micro_batch_size_per_gpu': None,
[36m(TaskRunnerV1 pid=1270803)[0m             'ppo_mini_batch_size': 2,
[36m(TaskRunnerV1 pid=1270803)[0m             'profiler': {'_target_': 'verl.utils.profiler.ProfilerConfig',
[36m(TaskRunnerV1 pid=1270803)[0m                          'all_ranks': False,
[36m(TaskRunnerV1 pid=1270803)[0m                          'enable': False,
[36m(TaskRunnerV1 pid=1270803)[0m                          'ranks': [],
[36m(TaskRunnerV1 pid=1270803)[0m                          'save_path': 'outputs/profile',
[36m(TaskRunnerV1 pid=1270803)[0m                          'tool': None,
[36m(TaskRunnerV1 pid=1270803)[0m                          'tool_config': {'npu': {'_target_': 'verl.utils.profiler.config.NPUToolConfig',
[36m(TaskRunnerV1 pid=1270803)[0m                                                  'analysis': True,
[36m(TaskRunnerV1 pid=1270803)[0m                                                  'contents': [],
[36m(TaskRunnerV1 pid=1270803)[0m                                                  'discrete': False,
[36m(TaskRunnerV1 pid=1270803)[0m                                                  'level': 'level0'},
[36m(TaskRunnerV1 pid=1270803)[0m                                          'nsys': {'_target_': 'verl.utils.profiler.config.NsightToolConfig',
[36m(TaskRunnerV1 pid=1270803)[0m                                                   'discrete': False},
[36m(TaskRunnerV1 pid=1270803)[0m                                          'precision_debugger': {'_target_': 'verl.utils.profiler.config.PrecisionDebuggerToolConfig',
[36m(TaskRunnerV1 pid=1270803)[0m                                                                 'config_path': None,
[36m(TaskRunnerV1 pid=1270803)[0m                                                                 'stages': None,
[36m(TaskRunnerV1 pid=1270803)[0m                                                                 'steps': None,
[36m(TaskRunnerV1 pid=1270803)[0m                                                                 'strict': False},
[36m(TaskRunnerV1 pid=1270803)[0m                                          'torch': {'_target_': 'verl.utils.profiler.config.TorchProfilerToolConfig',
[36m(TaskRunnerV1 pid=1270803)[0m                                                    'contents': [],
[36m(TaskRunnerV1 pid=1270803)[0m                                                    'discrete': False},
[36m(TaskRunnerV1 pid=1270803)[0m                                          'torch_memory': {'_target_': 'verl.utils.profiler.config.TorchMemoryToolConfig',
[36m(TaskRunnerV1 pid=1270803)[0m                                                           'stack_depth': 32,
[36m(TaskRunnerV1 pid=1270803)[0m                                                           'trace_alloc_max_entries': 100000}}},
[36m(TaskRunnerV1 pid=1270803)[0m             'rollout_n': 2,
[36m(TaskRunnerV1 pid=1270803)[0m             'shuffle': False,
[36m(TaskRunnerV1 pid=1270803)[0m             'strategy': 'fsdp',
[36m(TaskRunnerV1 pid=1270803)[0m             'ulysses_sequence_parallel_size': 1,
[36m(TaskRunnerV1 pid=1270803)[0m             'use_dynamic_bsz': True},
[36m(TaskRunnerV1 pid=1270803)[0m  'custom_reward_function': {'name': None, 'path': None},
[36m(TaskRunnerV1 pid=1270803)[0m  'data': {'apply_chat_template_kwargs': {},
[36m(TaskRunnerV1 pid=1270803)[0m           'audio_key': 'audios',
[36m(TaskRunnerV1 pid=1270803)[0m           'continuous_token': {'enable': False, 'model_family': 'auto'},
[36m(TaskRunnerV1 pid=1270803)[0m           'custom_cls': {'name': None, 'path': None},
[36m(TaskRunnerV1 pid=1270803)[0m           'dataloader_num_workers': 0,
[36m(TaskRunnerV1 pid=1270803)[0m           'filter_overlong_prompts': True,
[36m(TaskRunnerV1 pid=1270803)[0m           'filter_overlong_prompts_workers': 1,
[36m(TaskRunnerV1 pid=1270803)[0m           'function_tool_path': None,
[36m(TaskRunnerV1 pid=1270803)[0m           'image_key': 'images',
[36m(TaskRunnerV1 pid=1270803)[0m           'image_patch_size': 14,
[36m(TaskRunnerV1 pid=1270803)[0m           'max_prompt_length': 4096,
[36m(TaskRunnerV1 pid=1270803)[0m           'max_response_length': 16384,
[36m(TaskRunnerV1 pid=1270803)[0m           'mm_processor_kwargs': {},
[36m(TaskRunnerV1 pid=1270803)[0m           'prompt_key': 'prompt',
[36m(TaskRunnerV1 pid=1270803)[0m           'return_full_prompt': False,
[36m(TaskRunnerV1 pid=1270803)[0m           'return_multi_modal_inputs': True,
[36m(TaskRunnerV1 pid=1270803)[0m           'return_raw_chat': True,
[36m(TaskRunnerV1 pid=1270803)[0m           'return_raw_input_ids': False,
[36m(TaskRunnerV1 pid=1270803)[0m           'reward_fn_key': 'data_source',
[36m(TaskRunnerV1 pid=1270803)[0m           'seed': 42,
[36m(TaskRunnerV1 pid=1270803)[0m           'shuffle': True,
[36m(TaskRunnerV1 pid=1270803)[0m           'tokenizer': None,
[36m(TaskRunnerV1 pid=1270803)[0m           'tool_config_path': None,
[36m(TaskRunnerV1 pid=1270803)[0m           'train_batch_size': 1,
[36m(TaskRunnerV1 pid=1270803)[0m           'train_files': '/data2/hjk/projects/AI-HiddenState-ER/rl_data/mathverse_qwen3vl_stage3_pilot200_128/mathverse_grpo_train.parquet',
[36m(TaskRunnerV1 pid=1270803)[0m           'train_max_samples': -1,
[36m(TaskRunnerV1 pid=1270803)[0m           'truncation': 'error',
[36m(TaskRunnerV1 pid=1270803)[0m           'trust_remote_code': False,
[36m(TaskRunnerV1 pid=1270803)[0m           'use_shm': False,
[36m(TaskRunnerV1 pid=1270803)[0m           'val_batch_size': None,
[36m(TaskRunnerV1 pid=1270803)[0m           'val_files': '/data2/hjk/projects/AI-HiddenState-ER/rl_data/mathverse_qwen3vl_stage3_pilot200_128/mathverse_grpo_val.parquet',
[36m(TaskRunnerV1 pid=1270803)[0m           'val_max_samples': -1,
[36m(TaskRunnerV1 pid=1270803)[0m           'validation_shuffle': False,
[36m(TaskRunnerV1 pid=1270803)[0m           'video_key': 'videos'},
[36m(TaskRunnerV1 pid=1270803)[0m  'distillation': {'_target_': 'verl.workers.config.DistillationConfig',
[36m(TaskRunnerV1 pid=1270803)[0m                   'distillation_loss': {'_target_': 'verl.workers.config.DistillationLossConfig',
[36m(TaskRunnerV1 pid=1270803)[0m                                         'clip_ratio': 0.2,
[36m(TaskRunnerV1 pid=1270803)[0m                                         'clip_ratio_high': 0.2,
[36m(TaskRunnerV1 pid=1270803)[0m                                         'clip_ratio_low': 0.2,
[36m(TaskRunnerV1 pid=1270803)[0m                                         'distillation_loss_coef': 1.0,
[36m(TaskRunnerV1 pid=1270803)[0m                                         'log_prob_min_clamp': None,
[36m(TaskRunnerV1 pid=1270803)[0m                                         'loss_max_clamp': None,
[36m(TaskRunnerV1 pid=1270803)[0m                                         'loss_mode': 'k3',
[36m(TaskRunnerV1 pid=1270803)[0m                                         'policy_loss_mode': 'vanilla',
[36m(TaskRunnerV1 pid=1270803)[0m                                         'topk': 32,
[36m(TaskRunnerV1 pid=1270803)[0m                                         'use_policy_gradient': False,
[36m(TaskRunnerV1 pid=1270803)[0m                                         'use_task_rewards': True},
[36m(TaskRunnerV1 pid=1270803)[0m                   'enabled': False,
[36m(TaskRunnerV1 pid=1270803)[0m                   'n_gpus_per_node': 8,
[36m(TaskRunnerV1 pid=1270803)[0m                   'nnodes': 0,
[36m(TaskRunnerV1 pid=1270803)[0m                   'teacher_key': 'data_source',
[36m(TaskRunnerV1 pid=1270803)[0m                   'teacher_models': {'teacher_model': {'_target_': 'verl.workers.config.DistillationTeacherModelConfig',
[36m(TaskRunnerV1 pid=1270803)[0m                                                        'inference': {'_target_': 'verl.workers.config.RolloutConfig',
[36m(TaskRunnerV1 pid=1270803)[0m                                                                      'cudagraph_capture_sizes': None,
[36m(TaskRunnerV1 pid=1270803)[0m                                                                      'data_parallel_size': 1,
[36m(TaskRunnerV1 pid=1270803)[0m                                                                      'disable_log_stats': True,
[36m(TaskRunnerV1 pid=1270803)[0m                                                                      'dtype': 'bfloat16',
[36m(TaskRunnerV1 pid=1270803)[0m                                                                      'enable_chunked_prefill': True,
[36m(TaskRunnerV1 pid=1270803)[0m                                                                      'enable_prefix_caching': True,
[36m(TaskRunnerV1 pid=1270803)[0m                                                                      'enforce_eager': True,
[36m(TaskRunnerV1 pid=1270803)[0m                                                                      'engine_kwargs': {},
[36m(TaskRunnerV1 pid=1270803)[0m                                                                      'expert_parallel_size': 1,
[36m(TaskRunnerV1 pid=1270803)[0m                                                                      'free_cache_engine': True,
[36m(TaskRunnerV1 pid=1270803)[0m                                                                      'gpu_memory_utilization': 0.5,
[36m(TaskRunnerV1 pid=1270803)[0m                                                                      'limit_images': None,
[36m(TaskRunnerV1 pid=1270803)[0m                                                                      'load_format': 'auto',
[36m(TaskRunnerV1 pid=1270803)[0m                                                                      'max_model_len': None,
[36m(TaskRunnerV1 pid=1270803)[0m                                                                      'max_num_batched_tokens': 8192,
[36m(TaskRunnerV1 pid=1270803)[0m                                                                      'max_num_seqs': 1024,
[36m(TaskRunnerV1 pid=1270803)[0m                                                                      'name': 'vllm',
[36m(TaskRunnerV1 pid=1270803)[0m                                                                      'prompt_length': 4096,
[36m(TaskRunnerV1 pid=1270803)[0m                                                                      'response_length': 16384,
[36m(TaskRunnerV1 pid=1270803)[0m                                                                      'skip_tokenizer_init': True,
[36m(TaskRunnerV1 pid=1270803)[0m                                                                      'temperature': 1.0,
[36m(TaskRunnerV1 pid=1270803)[0m                                                                      'tensor_model_parallel_size': 2},
[36m(TaskRunnerV1 pid=1270803)[0m                                                        'key': None,
[36m(TaskRunnerV1 pid=1270803)[0m                                                        'model_path': None,
[36m(TaskRunnerV1 pid=1270803)[0m                                                        'num_replicas': 0}}},
[36m(TaskRunnerV1 pid=1270803)[0m  'global_profiler': {'_target_': 'verl.utils.profiler.ProfilerConfig',
[36m(TaskRunnerV1 pid=1270803)[0m                      'global_tool_config': {'nsys': {'_target_': 'verl.utils.profiler.config.NsightToolConfig',
[36m(TaskRunnerV1 pid=1270803)[0m                                                      'controller_nsight_options': {'cuda-graph-trace': 'graph',
[36m(TaskRunnerV1 pid=1270803)[0m                                                                                    'cuda-memory-usage': 'true',
[36m(TaskRunnerV1 pid=1270803)[0m                                                                                    'trace': 'cuda,nvtx,cublas,ucx'},
[36m(TaskRunnerV1 pid=1270803)[0m                                                      'discrete': False,
[36m(TaskRunnerV1 pid=1270803)[0m                                                      'worker_nsight_options': {'capture-range': 'cudaProfilerApi',
[36m(TaskRunnerV1 pid=1270803)[0m                                                                                'capture-range-end': None,
[36m(TaskRunnerV1 pid=1270803)[0m                                                                                'cuda-graph-trace': 'graph',
[36m(TaskRunnerV1 pid=1270803)[0m                                                                                'cuda-memory-usage': 'true',
[36m(TaskRunnerV1 pid=1270803)[0m                                                                                'kill': 'none',
[36m(TaskRunnerV1 pid=1270803)[0m                                                                                'trace': 'cuda,nvtx,cublas,ucx'}},
[36m(TaskRunnerV1 pid=1270803)[0m                                             'precision_debugger': {'_target_': 'verl.utils.profiler.config.PrecisionDebuggerToolConfig',
[36m(TaskRunnerV1 pid=1270803)[0m                                                                    'config_path': None,
[36m(TaskRunnerV1 pid=1270803)[0m                                                                    'stages': None,
[36m(TaskRunnerV1 pid=1270803)[0m                                                                    'steps': None,
[36m(TaskRunnerV1 pid=1270803)[0m                                                                    'strict': False},
[36m(TaskRunnerV1 pid=1270803)[0m                                             'torch_memory': {'context': 'all',
[36m(TaskRunnerV1 pid=1270803)[0m                                                              'kw_args': {},
[36m(TaskRunnerV1 pid=1270803)[0m                                                              'stack_depth': 32,
[36m(TaskRunnerV1 pid=1270803)[0m                                                              'stacks': 'all',
[36m(TaskRunnerV1 pid=1270803)[0m                                                              'trace_alloc_max_entries': 100000}},
[36m(TaskRunnerV1 pid=1270803)[0m                      'profile_continuous_steps': False,
[36m(TaskRunnerV1 pid=1270803)[0m                      'save_path': 'outputs/profile',
[36m(TaskRunnerV1 pid=1270803)[0m                      'steps': None,
[36m(TaskRunnerV1 pid=1270803)[0m                      'tool': None},
[36m(TaskRunnerV1 pid=1270803)[0m  'model_engine': 'dp',
[36m(TaskRunnerV1 pid=1270803)[0m  'ray_kwargs': {'ray_init': {'num_cpus': None}, 'timeline_json_file': None},
[36m(TaskRunnerV1 pid=1270803)[0m  'reward': {'_target_': 'verl.workers.config.RewardConfig',
[36m(TaskRunnerV1 pid=1270803)[0m             'custom_reward_function': {'name': 'compute_score',
[36m(TaskRunnerV1 pid=1270803)[0m                                        'path': '/data2/hjk/projects/AI-HiddenState-ER/scripts/mathverse_answer_reward.py'},
[36m(TaskRunnerV1 pid=1270803)[0m             'num_workers': 1,
[36m(TaskRunnerV1 pid=1270803)[0m             'reward_manager': {'_target_': 'verl.workers.config.reward.RewardManagerConfig',
[36m(TaskRunnerV1 pid=1270803)[0m                                'module': {'_target_': 'verl.trainer.config.config.ModuleConfig',
[36m(TaskRunnerV1 pid=1270803)[0m                                           'name': 'custom_reward_manager',
[36m(TaskRunnerV1 pid=1270803)[0m                                           'path': None},
[36m(TaskRunnerV1 pid=1270803)[0m                                'name': 'naive',
[36m(TaskRunnerV1 pid=1270803)[0m                                'source': 'register'},
[36m(TaskRunnerV1 pid=1270803)[0m             'reward_model': {'_target_': 'verl.workers.config.RewardModelConfig',
[36m(TaskRunnerV1 pid=1270803)[0m                              'enable': False,
[36m(TaskRunnerV1 pid=1270803)[0m                              'enable_resource_pool': False,
[36m(TaskRunnerV1 pid=1270803)[0m                              'model_path': None,
[36m(TaskRunnerV1 pid=1270803)[0m                              'n_gpus_per_node': 8,
[36m(TaskRunnerV1 pid=1270803)[0m                              'nnodes': 0,
[36m(TaskRunnerV1 pid=1270803)[0m                              'rollout': {'_target_': 'verl.workers.config.RolloutConfig',
[36m(TaskRunnerV1 pid=1270803)[0m                                          'cudagraph_capture_sizes': None,
[36m(TaskRunnerV1 pid=1270803)[0m                                          'data_parallel_size': 1,
[36m(TaskRunnerV1 pid=1270803)[0m                                          'disable_log_stats': True,
[36m(TaskRunnerV1 pid=1270803)[0m                                          'disaggregation': {'bootstrap_port': None,
[36m(TaskRunnerV1 pid=1270803)[0m                                                             'decode_replicas': 1,
[36m(TaskRunnerV1 pid=1270803)[0m                                                             'decode_tensor_model_parallel_size': None,
[36m(TaskRunnerV1 pid=1270803)[0m                                                             'enabled': False,
[36m(TaskRunnerV1 pid=1270803)[0m                                                             'ib_device': None,
[36m(TaskRunnerV1 pid=1270803)[0m                                                             'prefill_replicas': 1,
[36m(TaskRunnerV1 pid=1270803)[0m                                                             'transfer_backend': 'nixl'},
[36m(TaskRunnerV1 pid=1270803)[0m                                          'do_sample': True,
[36m(TaskRunnerV1 pid=1270803)[0m                                          'dtype': 'bfloat16',
[36m(TaskRunnerV1 pid=1270803)[0m                                          'enable_chunked_prefill': True,
[36m(TaskRunnerV1 pid=1270803)[0m                                          'enable_prefix_caching': True,
[36m(TaskRunnerV1 pid=1270803)[0m                                          'enforce_eager': True,
[36m(TaskRunnerV1 pid=1270803)[0m                                          'engine_kwargs': {},
[36m(TaskRunnerV1 pid=1270803)[0m                                          'expert_parallel_size': 1,
[36m(TaskRunnerV1 pid=1270803)[0m                                          'free_cache_engine': True,
[36m(TaskRunnerV1 pid=1270803)[0m                                          'full_determinism': False,
[36m(TaskRunnerV1 pid=1270803)[0m                                          'gpu_memory_utilization': 0.5,
[36m(TaskRunnerV1 pid=1270803)[0m                                          'ignore_eos': False,
[36m(TaskRunnerV1 pid=1270803)[0m                                          'layered_summon': False,
[36m(TaskRunnerV1 pid=1270803)[0m                                          'limit_images': None,
[36m(TaskRunnerV1 pid=1270803)[0m                                          'load_format': 'auto',
[36m(TaskRunnerV1 pid=1270803)[0m                                          'max_model_len': None,
[36m(TaskRunnerV1 pid=1270803)[0m                                          'max_num_batched_tokens': 8192,
[36m(TaskRunnerV1 pid=1270803)[0m                                          'max_num_seqs': 1024,
[36m(TaskRunnerV1 pid=1270803)[0m                                          'mtp': None,
[36m(TaskRunnerV1 pid=1270803)[0m                                          'multi_stage_wake_up': False,
[36m(TaskRunnerV1 pid=1270803)[0m                                          'n': 1,
[36m(TaskRunnerV1 pid=1270803)[0m                                          'name': '???',
[36m(TaskRunnerV1 pid=1270803)[0m                                          'pipeline_model_parallel_size': 1,
[36m(TaskRunnerV1 pid=1270803)[0m                                          'prompt_length': 2048,
[36m(TaskRunnerV1 pid=1270803)[0m                                          'quantization': None,
[36m(TaskRunnerV1 pid=1270803)[0m                                          'quantization_config_file': None,
[36m(TaskRunnerV1 pid=1270803)[0m                                          'response_length': 2048,
[36m(TaskRunnerV1 pid=1270803)[0m                                          'scheduling_policy': 'fcfs',
[36m(TaskRunnerV1 pid=1270803)[0m                                          'seed': 42,
[36m(TaskRunnerV1 pid=1270803)[0m                                          'skip_tokenizer_init': False,
[36m(TaskRunnerV1 pid=1270803)[0m                                          'temperature': 1.0,
[36m(TaskRunnerV1 pid=1270803)[0m                                          'tensor_model_parallel_size': 2,
[36m(TaskRunnerV1 pid=1270803)[0m                                          'top_k': -1,
[36m(TaskRunnerV1 pid=1270803)[0m                                          'top_p': 1}},
[36m(TaskRunnerV1 pid=1270803)[0m             'sandbox_fusion': {'_target_': 'verl.workers.config.SandboxFusionConfig',
[36m(TaskRunnerV1 pid=1270803)[0m                                'max_concurrent': 64,
[36m(TaskRunnerV1 pid=1270803)[0m                                'memory_limit_mb': 1024,
[36m(TaskRunnerV1 pid=1270803)[0m                                'url': None}},
[36m(TaskRunnerV1 pid=1270803)[0m  'reward_model': {'enable': None,
[36m(TaskRunnerV1 pid=1270803)[0m                   'enable_resource_pool': None,
[36m(TaskRunnerV1 pid=1270803)[0m                   'model': {'external_lib': None,
[36m(TaskRunnerV1 pid=1270803)[0m                             'path': None,
[36m(TaskRunnerV1 pid=1270803)[0m                             'trust_remote_code': None},
[36m(TaskRunnerV1 pid=1270803)[0m                   'n_gpus_per_node': None,
[36m(TaskRunnerV1 pid=1270803)[0m                   'nnodes': None,
[36m(TaskRunnerV1 pid=1270803)[0m                   'num_workers': None,
[36m(TaskRunnerV1 pid=1270803)[0m                   'reward_loop_class_name': None,
[36m(TaskRunnerV1 pid=1270803)[0m                   'reward_loop_module_path': None,
[36m(TaskRunnerV1 pid=1270803)[0m                   'reward_loop_source': None,
[36m(TaskRunnerV1 pid=1270803)[0m                   'reward_manager': None,
[36m(TaskRunnerV1 pid=1270803)[0m                   'rollout': {'cudagraph_capture_sizes': None,
[36m(TaskRunnerV1 pid=1270803)[0m                               'data_parallel_size': None,
[36m(TaskRunnerV1 pid=1270803)[0m                               'disable_log_stats': None,
[36m(TaskRunnerV1 pid=1270803)[0m                               'dtype': None,
[36m(TaskRunnerV1 pid=1270803)[0m                               'enable_chunked_prefill': None,
[36m(TaskRunnerV1 pid=1270803)[0m                               'enable_prefix_caching': None,
[36m(TaskRunnerV1 pid=1270803)[0m                               'enforce_eager': None,
[36m(TaskRunnerV1 pid=1270803)[0m                               'engine_kwargs': None,
[36m(TaskRunnerV1 pid=1270803)[0m                               'expert_parallel_size': None,
[36m(TaskRunnerV1 pid=1270803)[0m                               'free_cache_engine': None,
[36m(TaskRunnerV1 pid=1270803)[0m                               'gpu_memory_utilization': None,
[36m(TaskRunnerV1 pid=1270803)[0m                               'limit_images': None,
[36m(TaskRunnerV1 pid=1270803)[0m                               'load_format': None,
[36m(TaskRunnerV1 pid=1270803)[0m                               'max_model_len': None,
[36m(TaskRunnerV1 pid=1270803)[0m                               'max_num_batched_tokens': None,
[36m(TaskRunnerV1 pid=1270803)[0m                               'max_num_seqs': None,
[36m(TaskRunnerV1 pid=1270803)[0m                               'name': None,
[36m(TaskRunnerV1 pid=1270803)[0m                               'prompt_length': None,
[36m(TaskRunnerV1 pid=1270803)[0m                               'response_length': None,
[36m(TaskRunnerV1 pid=1270803)[0m                               'skip_tokenizer_init': None,
[36m(TaskRunnerV1 pid=1270803)[0m                               'tensor_model_parallel_size': None}},
[36m(TaskRunnerV1 pid=1270803)[0m  'sandbox_fusion': {'max_concurrent': None,
[36m(TaskRunnerV1 pid=1270803)[0m                     'memory_limit_mb': None,
[36m(TaskRunnerV1 pid=1270803)[0m                     'url': None},
[36m(TaskRunnerV1 pid=1270803)[0m  'skip': {'_target_': 'verl.utils.skip.SkipManagerConfig',
[36m(TaskRunnerV1 pid=1270803)[0m           'async_rollout': {'action': 'cache',
[36m(TaskRunnerV1 pid=1270803)[0m                             'dump_dir': '~/.verl/rollout_dump',[36m(TaskRunnerV1 pid=1270803)[0m /data2/hjk/projects/verl/verl/trainer/ppo/v1/trainer_base.py:114: UserWarning: Disabled critic as algorithm.adv_estimator != gae. If it is not intended, please set critic.enable=True
[36m(TaskRunnerV1 pid=1270803)[0m   self.use_critic = need_critic(self.config)
[36m(TaskRunnerV1 pid=1270803)[0m Filtering prompts longer than 4096 tokens (num_proc=1):   0%|          | 0/200 [00:00<?, ? examples/s]
[36m(TaskRunnerV1 pid=1270803)[0m Filtering prompts longer than 4096 tokens (num_proc=1): 100%|██████████| 200/200 [00:06<00:00, 32.47 examples/s]
[36m(TaskRunnerV1 pid=1270803)[0m Filtering prompts longer than 4096 tokens (num_proc=1): 100%|██████████| 200/200 [00:06<00:00, 31.72 examples/s]
[36m(TaskRunnerV1 pid=1270803)[0m Filtering prompts longer than 4096 tokens (num_proc=1):   0%|          | 0/128 [00:00<?, ? examples/s]
[36m(TaskRunnerV1 pid=1270803)[0m Filtering prompts longer than 4096 tokens (num_proc=1): 100%|██████████| 128/128 [00:02<00:00, 51.89 examples/s]
[36m(TaskRunnerV1 pid=1270803)[0m Filtering prompts longer than 4096 tokens (num_proc=1): 100%|██████████| 128/128 [00:02<00:00, 48.86 examples/s]
[36m(TaskRunnerV1 pid=1270803)[0m INFO:2026-07-06 04:47:52,895:train and validate dataloader initialized, train dataset size: 198, val dataset size: 128
[36m(TaskRunnerV1 pid=1270803)[0m INFO:2026-07-06 04:47:52,896:Total training steps: 50
[36m(TaskRunnerV1 pid=1270803)[0m /data2/hjk/projects/verl/verl/trainer/ppo/v1/trainer_base.py:597: UserWarning: Disabled critic as algorithm.adv_estimator != gae. If it is not intended, please set critic.enable=True
[36m(TaskRunnerV1 pid=1270803)[0m   if need_critic(config):
[36m(TaskRunnerV1 pid=1270803)[0m INFO:2026-07-06 04:47:52,909:worker group kwargs: {'device_name': 'cuda'}
[36m(TaskRunnerV1 pid=1270803)[0m INFO:2026-07-06 04:47:53,941:create worker group dict_keys(['actor_rollout'])
[36m(pid=1272237)[0m /data2/hjk/envs/verl_qwen3vl_py311/lib/python3.11/site-packages/transformers/utils/hub.py:110: FutureWarning: Using `TRANSFORMERS_CACHE` is deprecated and will be removed in v5 of Transformers. Use `HF_HOME` instead.
[36m(pid=1272237)[0m   warnings.warn(
[36m(WorkerDict pid=1272237)[0m /data2/hjk/projects/verl/verl/workers/engine/mindspeed/transformer_impl.py:24: UserWarning: NPU not support router replay for now.
[36m(WorkerDict pid=1272237)[0m   from verl.utils.megatron.router_replay_patch import RouterReplay
[36m(WorkerDict pid=1272237)[0m `torch_dtype` is deprecated! Use `dtype` instead!
[36m(WorkerDict pid=1272237)[0m Loading checkpoint shards:   0%|          | 0/4 [00:00<?, ?it/s]
[36m(WorkerDict pid=1272237)[0m Loading checkpoint shards:  25%|██▌       | 1/4 [00:03<00:11,  3.82s/it]
[36m(WorkerDict pid=1272237)[0m Loading checkpoint shards:  50%|█████     | 2/4 [00:07<00:07,  3.77s/it]
[36m(WorkerDict pid=1272237)[0m Loading checkpoint shards:  75%|███████▌  | 3/4 [00:11<00:03,  3.80s/it]
[36m(WorkerDict pid=1272237)[0m Loading checkpoint shards: 100%|██████████| 4/4 [00:13<00:00,  3.12s/it]Loading checkpoint shards: 100%|██████████| 4/4 [00:13<00:00,  3.37s/it]
[36m(TaskRunnerV1 pid=1270803)[0m INFO:2026-07-06 04:48:34,894:actor and ref model engine initialized
[36m(TaskRunnerV1 pid=1270803)[0m INFO:2026-07-06 04:48:34,965:reward loop manager initialized
[36m(pid=1272871)[0m /data2/hjk/envs/verl_qwen3vl_py311/lib/python3.11/site-packages/transformers/utils/hub.py:110: FutureWarning: Using `TRANSFORMERS_CACHE` is deprecated and will be removed in v5 of Transformers. Use `HF_HOME` instead.
[36m(pid=1272871)[0m   warnings.warn(
[36m(pid=1272947)[0m /data2/hjk/envs/verl_qwen3vl_py311/lib/python3.11/site-packages/transformers/utils/hub.py:110: FutureWarning: Using `TRANSFORMERS_CACHE` is deprecated and will be removed in v5 of Transformers. Use `HF_HOME` instead.
[36m(pid=1272947)[0m   warnings.warn(
[36m(vLLMHttpServer pid=1272947)[0m WARNING:2026-07-06 04:48:46,406:agent loop only support torch and npu profiler, got None
[36m(vLLMHttpServer pid=1272947)[0m INFO:2026-07-06 04:48:46,406:vLLMHttpServer, replica_rank: 0, node_rank: 0, CUDA_VISIBLE_DEVICES: 0, master_address: 202.120.39.159, master_port: 36177, data_parallel_rpc_port: 44825, data_parallel_master_port: 45345
[36m(vLLMHttpServer pid=1272947)[0m INFO:2026-07-06 04:48:46,415:override_generation_config: {'temperature': 1.0, 'top_k': -1, 'top_p': 1.0, 'repetition_penalty': 1.0, 'max_new_tokens': 16384}
[36m(vLLMHttpServer pid=1272947)[0m INFO:2026-07-06 04:48:46,415:enable_sleep_mode: True
[36m(vLLMHttpServer pid=1272947)[0m `torch_dtype` is deprecated! Use `dtype` instead!

[36m(TaskRunnerV1 pid=1270803)[0m                             'enable': False,
[36m(TaskRunnerV1 pid=1270803)[0m                             'steps': []},
[36m(TaskRunnerV1 pid=1270803)[0m           'rollout': {'action': 'cache',
[36m(TaskRunnerV1 pid=1270803)[0m                       'dump_dir': '~/.verl/rollout_dump',
[36m(TaskRunnerV1 pid=1270803)[0m                       'enable': False,
[36m(TaskRunnerV1 pid=1270803)[0m                       'steps': []}},
[36m(TaskRunnerV1 pid=1270803)[0m  'trainer': {'balance_batch': True,
[36m(TaskRunnerV1 pid=1270803)[0m              'critic_warmup': 0,
[36m(TaskRunnerV1 pid=1270803)[0m              'default_hdfs_dir': None,
[36m(TaskRunnerV1 pid=1270803)[0m              'default_local_dir': '/data2/hjk/checkpoints/verl_qwen3vl/qwen3vl8b_stage3_a1_long_answer_pilot_trainonly_prompt4096_seed42',
[36m(TaskRunnerV1 pid=1270803)[0m              'del_local_ckpt_after_load': False,
[36m(TaskRunnerV1 pid=1270803)[0m              'device': 'cuda',
[36m(TaskRunnerV1 pid=1270803)[0m              'esi_redundant_time': 0,
[36m(TaskRunnerV1 pid=1270803)[0m              'experiment_name': 'qwen3vl8b_stage3_a1_long_answer_pilot_trainonly_prompt4096_seed42',
[36m(TaskRunnerV1 pid=1270803)[0m              'log_val_generations': 16,
[36m(TaskRunnerV1 pid=1270803)[0m              'logger': ['console'],
[36m(TaskRunnerV1 pid=1270803)[0m              'max_actor_ckpt_to_keep': None,
[36m(TaskRunnerV1 pid=1270803)[0m              'max_critic_ckpt_to_keep': None,
[36m(TaskRunnerV1 pid=1270803)[0m              'n_gpus_per_node': 1,
[36m(TaskRunnerV1 pid=1270803)[0m              'nnodes': 1,
[36m(TaskRunnerV1 pid=1270803)[0m              'project_name': 'qwen3vl_stage3_pilot',
[36m(TaskRunnerV1 pid=1270803)[0m              'ray_wait_register_center_timeout': 300,
[36m(TaskRunnerV1 pid=1270803)[0m              'resume_from_path': None,
[36m(TaskRunnerV1 pid=1270803)[0m              'resume_mode': 'auto',
[36m(TaskRunnerV1 pid=1270803)[0m              'rollout_data_dir': None,
[36m(TaskRunnerV1 pid=1270803)[0m              'save_freq': -1,
[36m(TaskRunnerV1 pid=1270803)[0m              'test_freq': -1,
[36m(TaskRunnerV1 pid=1270803)[0m              'total_epochs': 1,
[36m(TaskRunnerV1 pid=1270803)[0m              'total_training_steps': 50,
[36m(TaskRunnerV1 pid=1270803)[0m              'use_v1': True,
[36m(TaskRunnerV1 pid=1270803)[0m              'v1': {'colocate_async': {'num_warmup_batches': 1},
[36m(TaskRunnerV1 pid=1270803)[0m                     'sampler': {'custom_sampler': {'name': None, 'path': None},
[36m(TaskRunnerV1 pid=1270803)[0m                                 'max_off_policy_strategy': 'drop',
[36m(TaskRunnerV1 pid=1270803)[0m                                 'max_off_policy_threshold': 8,
[36m(TaskRunnerV1 pid=1270803)[0m                                 'sampler_kwargs': {}},
[36m(TaskRunnerV1 pid=1270803)[0m                     'separate_async': {'num_warmup_batches': 4,
[36m(TaskRunnerV1 pid=1270803)[0m                                        'parameter_sync_step': 4},
[36m(TaskRunnerV1 pid=1270803)[0m                     'sync': {},
[36m(TaskRunnerV1 pid=1270803)[0m                     'trainer_mode': 'sync'},
[36m(TaskRunnerV1 pid=1270803)[0m              'val_before_train': False,
[36m(TaskRunnerV1 pid=1270803)[0m              'val_only': False,
[36m(TaskRunnerV1 pid=1270803)[0m              'validation_data_dir': '/data2/hjk/projects/AI-HiddenState-ER/rl_audit/qwen3vl8b_stage3_a1_long_answer_pilot_trainonly_prompt4096_seed42/validation_generations'},
[36m(TaskRunnerV1 pid=1270803)[0m  'transfer_queue': {'backend': {'MooncakeStore': {'auto_init': False,
[36m(TaskRunnerV1 pid=1270803)[0m                                                   'device_name': '',
[36m(TaskRunnerV1 pid=1270803)[0m                                                   'global_segment_size': 4294967296,
[36m(TaskRunnerV1 pid=1270803)[0m                                                   'local_buffer_size': 1073741824,
[36m(TaskRunnerV1 pid=1270803)[0m                                                   'local_hostname': 'localhost',
[36m(TaskRunnerV1 pid=1270803)[0m                                                   'master_server_address': 'localhost:50124',
[36m(TaskRunnerV1 pid=1270803)[0m                                                   'metadata_server': 'localhost:50123',
[36m(TaskRunnerV1 pid=1270803)[0m                                                   'protocol': 'tcp'},
[36m(TaskRunnerV1 pid=1270803)[0m                                 'SimpleStorage': {'num_data_storage_units': 8,
[36m(TaskRunnerV1 pid=1270803)[0m                                                   'total_storage_size': 100000},
[36m(TaskRunnerV1 pid=1270803)[0m                                 'storage_backend': 'SimpleStorage'},
[36m(TaskRunnerV1 pid=1270803)[0m                     'enable': True,
[36m(TaskRunnerV1 pid=1270803)[0m                     'metrics': {'enabled': False, 'port': 0}}}
[36m(TaskRunnerV1 pid=1270803)[0m Using dataset class: RLHFDataset
[36m(TaskRunnerV1 pid=1270803)[0m dataset len: 200
[36m(TaskRunnerV1 pid=1270803)[0m filter dataset len: 198
[36m(TaskRunnerV1 pid=1270803)[0m Using dataset class: RLHFDataset
[36m(TaskRunnerV1 pid=1270803)[0m dataset len: 128
[36m(TaskRunnerV1 pid=1270803)[0m filter dataset len: 128
[36m(TaskRunnerV1 pid=1270803)[0m colocated worker base class <class 'verl.single_controller.base.worker.Worker'>
[36m(WorkerDict pid=1272237)[0m [Gloo] Rank 0 is connected to 0 peer ranks. Expected number of connected peer ranks is : 0
[36m(WorkerDict pid=1272237)[0m Warning: Failed to set NUMA affinity: libnuma.so: cannot open shared object file: No such file or directory
[36m(WorkerDict pid=1272237)[0m Monkey patch Qwen3VLForConditionalGeneration model forward
[36m(WorkerDict pid=1272237)[0m Monkey patch _flash_attention_forward in transformers.integrations.flash_attention
[36m(WorkerDict pid=1272237)[0m Skipping monkey patch for Qwen3VLForConditionalGeneration as use_fused_kernels is False or fused_kernels_backend is torch
[36m(WorkerDict pid=1272237)[0m PeftModelForCausalLM contains 8.79B parameters
[36m(WorkerDict pid=1272237)[0m Before FSDP, memory allocated (GB): 0.00, memory reserved (GB): 0.00, device memory used/total (GB): 0.51/139.80
[36m(WorkerDict pid=1272237)[0m After FSDP, memory allocated (GB): 32.76, memory reserved (GB): 37.64, device memory used/total (GB): 38.79/139.80
[36m(WorkerDict pid=1272237)[0m Total steps: 50, num_warmup_steps: 0
[36m(WorkerDict pid=1272237)[0m NCCL version 2.27.3+cuda12.9
[36m(WorkerDict pid=1272237)[0m [Gloo] Rank 0 is connected to 0 peer ranks. Expected number of connected peer ranks is : 0
[36m(WorkerDict pid=1272237)[0m [Gloo] Rank 0 is connected to 0 peer ranks. Expected number of connected peer ranks is : 0
[36m(WorkerDict pid=1272237)[0m [Gloo] Rank 0 is connected to 0 peer ranks. Expected number of connected peer ranks is : 0
[36m(TaskRunnerV1 pid=1270803)[0m WARNING 07-06 04:48:37 [api_server.py:1213] LoRA dynamic loading & unloading is enabled in the API server. This should ONLY be used for local development!
[36m(pid=1272947)[0m WARNING 07-06 04:48:45 [api_server.py:1213] LoRA dynamic loading & unloading is enabled in the API server. This should ONLY be used for local development!
[36m(vLLMHttpServer pid=1272947)[0m ['serve',
[36m(vLLMHttpServer pid=1272947)[0m  '/data2/hjk/models/huggingface/hub/models--Qwen--Qwen3-VL-8B-Thinking/snapshots/92f3c4b4feadd3a016ef468d103bb5f58b2a2c6b',
[36m(vLLMHttpServer pid=1272947)[0m  '--dtype',
[36m(vLLMHttpServer pid=1272947)[0m  'bfloat16',
[36m(vLLMHttpServer pid=1272947)[0m  '--load_format',
[36m(vLLMHttpServer pid=1272947)[0m  'dummy',
[36m(vLLMHttpServer pid=1272947)[0m  '--distributed_executor_backend',
[36m(vLLMHttpServer pid=1272947)[0m  'mp',
[36m(vLLMHttpServer pid=1272947)[0m  '--worker_extension_cls',
[36m(vLLMHttpServer pid=1272947)[0m  'verl.workers.rollout.vllm_rollout.utils.vLLMColocateWorkerExtension',
[36m(vLLMHttpServer pid=1272947)[0m  '--max_model_len',[36m(vLLMHttpServer pid=1272947)[0m /data2/hjk/envs/verl_qwen3vl_py311/lib/python3.11/site-packages/transformers/utils/hub.py:110: FutureWarning: Using `TRANSFORMERS_CACHE` is deprecated and will be removed in v5 of Transformers. Use `HF_HOME` instead.
[36m(vLLMHttpServer pid=1272947)[0m   warnings.warn(
[36m(vLLMHttpServer pid=1272947)[0m /data2/hjk/envs/verl_qwen3vl_py311/lib/python3.11/site-packages/transformers/utils/hub.py:110: FutureWarning: Using `TRANSFORMERS_CACHE` is deprecated and will be removed in v5 of Transformers. Use `HF_HOME` instead.
[36m(vLLMHttpServer pid=1272947)[0m   warnings.warn(
[36m(vLLMHttpServer pid=1272947)[0m [1;36m(Worker pid=1273279)[0;0m Capturing CUDA graphs (mixed prefill-decode, PIECEWISE):   0%|          | 0/4 [00:00<?, ?it/s]
[36m(vLLMHttpServer pid=1272947)[0m Capturing CUDA graphs (mixed prefill-decode, PIECEWISE):  75%|███████▌  | 3/4 [00:00<00:00, 22.77it/s]
[36m(vLLMHttpServer pid=1272947)[0m Capturing CUDA graphs (mixed prefill-decode, PIECEWISE): 100%|██████████| 4/4 [00:00<00:00, 22.00it/s]
[36m(vLLMHttpServer pid=1272947)[0m [1;36m(Worker pid=1273279)[0;0m Capturing CUDA graphs (decode, FULL):   0%|          | 0/3 [00:00<?, ?it/s]
[36m(vLLMHttpServer pid=1272947)[0m Capturing CUDA graphs (decode, FULL): 100%|██████████| 3/3 [00:00<00:00, 30.76it/s]
[36m(vLLMHttpServer pid=1272947)[0m INFO:2026-07-06 04:49:49,665:Initializing a V1 LLM engine with config: model='/data2/hjk/models/huggingface/hub/models--Qwen--Qwen3-VL-8B-Thinking/snapshots/92f3c4b4feadd3a016ef468d103bb5f58b2a2c6b', speculative_config=None, tokenizer='/data2/hjk/models/huggingface/hub/models--Qwen--Qwen3-VL-8B-Thinking/snapshots/92f3c4b4feadd3a016ef468d103bb5f58b2a2c6b', skip_tokenizer_init=False, tokenizer_mode=auto, revision=None, tokenizer_revision=None, trust_remote_code=False, dtype=torch.bfloat16, max_seq_len=20480, download_dir=None, load_format=dummy, tensor_parallel_size=1, pipeline_parallel_size=1, data_parallel_size=1, disable_custom_all_reduce=False, quantization=None, enforce_eager=False, kv_cache_dtype=auto, device_config=cuda, structured_outputs_config=StructuredOutputsConfig(backend='auto', disable_fallback=False, disable_any_whitespace=False, disable_additional_properties=False, reasoning_parser=''), observability_config=ObservabilityConfig(show_hidden_metrics_for_version=None, otlp_traces_endpoint=None, collect_detailed_traces=None), seed=42, served_model_name=/data2/hjk/models/huggingface/hub/models--Qwen--Qwen3-VL-8B-Thinking/snapshots/92f3c4b4feadd3a016ef468d103bb5f58b2a2c6b, enable_prefix_caching=True, chunked_prefill_enabled=True, pooler_config=None, compilation_config={"level":3,"debug_dump_path":"","cache_dir":"","backend":"","custom_ops":[],"splitting_ops":["vllm.unified_attention","vllm.unified_attention_with_output","vllm.mamba_mixer2","vllm.mamba_mixer","vllm.short_conv","vllm.linear_attention","vllm.plamo2_mamba_mixer","vllm.gdn_attention","vllm.sparse_attn_indexer"],"use_inductor":true,"compile_sizes":[],"inductor_compile_config":{"enable_auto_functionalized_v2":false},"inductor_passes":{},"cudagraph_mode":[2,1],"use_cudagraph":true,"cudagraph_num_of_warmups":1,"cudagraph_capture_sizes":[8,4,2,1],"cudagraph_copy_inputs":false,"full_cuda_graph":false,"use_inductor_graph_partition":false,"pass_config":{},"max_capture_size":8,"local_cache_dir":null}
[36m(TaskRunnerV1 pid=1270803)[0m INFO:2026-07-06 04:49:49,930:checkpoint engine manager initialized
[36m(TaskRunnerV1 pid=1270803)[0m INFO:2026-07-06 04:49:50,567:Training from scratch
[36m(TaskRunnerV1 pid=1270803)[0m INFO:2026-07-06 04:49:50,567:all initialize finished, ready to fit
[36m(GlobalRequestLoadBalancer pid=1274165)[0m /data2/hjk/envs/verl_qwen3vl_py311/lib/python3.11/site-packages/transformers/utils/hub.py:110: FutureWarning: Using `TRANSFORMERS_CACHE` is deprecated and will be removed in v5 of Transformers. Use `HF_HOME` instead.
[36m(GlobalRequestLoadBalancer pid=1274165)[0m   warnings.warn(
[36m(WorkerDict pid=1272237)[0m INFO:2026-07-06 04:50:18,649:update_weights done, time cost: 0.99s
[36m(TaskRunnerV1 pid=1270803)[0m Training Progress:   0%|          | 0/50 [00:00<?, ?it/s]
[36m(pid=1274649)[0m /data2/hjk/envs/verl_qwen3vl_py311/lib/python3.11/site-packages/transformers/utils/hub.py:110: FutureWarning: Using `TRANSFORMERS_CACHE` is deprecated and will be removed in v5 of Transformers. Use `HF_HOME` instead.
[36m(pid=1274649)[0m   warnings.warn(
[36m(pid=1274653)[0m /data2/hjk/envs/verl_qwen3vl_py311/lib/python3.11/site-packages/transformers/utils/hub.py:110: FutureWarning: Using `TRANSFORMERS_CACHE` is deprecated and will be removed in v5 of Transformers. Use `HF_HOME` instead.
[36m(pid=1274653)[0m   warnings.warn(
[36m(pid=1274651)[0m /data2/hjk/envs/verl_qwen3vl_py311/lib/python3.11/site-packages/transformers/utils/hub.py:110: FutureWarning: Using `TRANSFORMERS_CACHE` is deprecated and will be removed in v5 of Transformers. Use `HF_HOME` instead.
[36m(pid=1274651)[0m   warnings.warn(
[36m(pid=1274647)[0m /data2/hjk/envs/verl_qwen3vl_py311/lib/python3.11/site-packages/transformers/utils/hub.py:110: FutureWarning: Using `TRANSFORMERS_CACHE` is deprecated and will be removed in v5 of Transformers. Use `HF_HOME` instead.
[36m(pid=1274647)[0m   warnings.warn(
[36m(pid=1274648)[0m /data2/hjk/envs/verl_qwen3vl_py311/lib/python3.11/site-packages/transformers/utils/hub.py:110: FutureWarning: Using `TRANSFORMERS_CACHE` is deprecated and will be removed in v5 of Transformers. Use `HF_HOME` instead.
[36m(pid=1274648)[0m   warnings.warn(
[36m(pid=1274646)[0m /data2/hjk/envs/verl_qwen3vl_py311/lib/python3.11/site-packages/transformers/utils/hub.py:110: FutureWarning: Using `TRANSFORMERS_CACHE` is deprecated and will be removed in v5 of Transformers. Use `HF_HOME` instead.
[36m(pid=1274646)[0m   warnings.warn(
[36m(pid=1274652)[0m /data2/hjk/envs/verl_qwen3vl_py311/lib/python3.11/site-packages/transformers/utils/hub.py:110: FutureWarning: Using `TRANSFORMERS_CACHE` is deprecated and will be removed in v5 of Transformers. Use `HF_HOME` instead.
[36m(pid=1274652)[0m   warnings.warn(
[36m(pid=1274654)[0m /data2/hjk/envs/verl_qwen3vl_py311/lib/python3.11/site-packages/transformers/utils/hub.py:110: FutureWarning: Using `TRANSFORMERS_CACHE` is deprecated and will be removed in v5 of Transformers. Use `HF_HOME` instead.
[36m(pid=1274654)[0m   warnings.warn(
[36m(pid=1274648)[0m /data2/hjk/projects/verl/verl/workers/engine/mindspeed/transformer_impl.py:24: UserWarning: NPU not support router replay for now.
[36m(pid=1274648)[0m   from verl.utils.megatron.router_replay_patch import RouterReplay
[36m(pid=1274649)[0m /data2/hjk/projects/verl/verl/workers/engine/mindspeed/transformer_impl.py:24: UserWarning: NPU not support router replay for now.
[36m(pid=1274649)[0m   from verl.utils.megatron.router_replay_patch import RouterReplay
[36m(pid=1274646)[0m /data2/hjk/projects/verl/verl/workers/engine/mindspeed/transformer_impl.py:24: UserWarning: NPU not support router replay for now.
[36m(pid=1274646)[0m   from verl.utils.megatron.router_replay_patch import RouterReplay
[36m(pid=1274653)[0m /data2/hjk/projects/verl/verl/workers/engine/mindspeed/transformer_impl.py:24: UserWarning: NPU not support router replay for now.
[36m(pid=1274653)[0m   from verl.utils.megatron.router_replay_patch import RouterReplay
[36m(pid=1274652)[0m /data2/hjk/projects/verl/verl/workers/engine/mindspeed/transformer_impl.py:24: UserWarning: NPU not support router replay for now.
[36m(pid=1274652)[0m   from verl.utils.megatron.router_replay_patch import RouterReplay
[36m(pid=1274651)[0m /data2/hjk/projects/verl/verl/workers/engine/mindspeed/transformer_impl.py:24: UserWarning: NPU not support router replay for now.
[36m(pid=1274651)[0m   from verl.utils.megatron.router_replay_patch import RouterReplay
[36m(pid=1274647)[0m /data2/hjk/projects/verl/verl/workers/engine/mindspeed/transformer_impl.py:24: UserWarning: NPU not support router replay for now.
[36m(pid=1274647)[0m   from verl.utils.megatron.router_replay_patch import RouterReplay
[36m(pid=1274654)[0m /data2/hjk/projects/verl/verl/workers/engine/mindspeed/transformer_impl.py:24: UserWarning: NPU not support router replay for now.
[36m(pid=1274654)[0m   from verl.utils.megatron.router_replay_patch import RouterReplay
[36m(AgentLoopWorkerTQ pid=1274648)[0m Using blocking ray.get inside async actor. This blocks the event loop. Please use `await` on object ref with asyncio.gather if you want to yield execution to the event loop instead.
[36m(AgentLoopWorkerTQ pid=1274649)[0m Using blocking ray.get inside async actor. This blocks the event loop. Please use `await` on object ref with asyncio.gather if you want to yield execution to the event loop instead.
[36m(AgentLoopWorkerTQ pid=1274646)[0m Using blocking ray.get inside async actor. This blocks the event loop. Please use `await` on object ref with asyncio.gather if you want to yield execution to the event loop instead.
[36m(AgentLoopWorkerTQ pid=1274653)[0m Using blocking ray.get inside async actor. This blocks the event loop. Please use `await` on object ref with asyncio.gather if you want to yield execution to the event loop instead.
[36m(AgentLoopWorkerTQ pid=1274647)[0m Using blocking ray.get inside async actor. This blocks the event loop. Please use `await` on object ref with asyncio.gather if you want to yield execution to the event loop instead.
[36m(AgentLoopWorkerTQ pid=1274652)[0m Using blocking ray.get inside async actor. This blocks the event loop. Please use `await` on object ref with asyncio.gather if you want to yield execution to the event loop instead.
[36m(AgentLoopWorkerTQ pid=1274651)[0m Using blocking ray.get inside async actor. This blocks the event loop. Please use `await` on object ref with asyncio.gather if you want to yield execution to the event loop instead.
[36m(AgentLoopWorkerTQ pid=1274654)[0m Using blocking ray.get inside async actor. This blocks the event loop. Please use `await` on object ref with asyncio.gather if you want to yield execution to the event loop instead.
[36m(WorkerDict pid=1272237)[0m Using blocking ray.get inside async actor. This blocks the event loop. Please use `await` on object ref with asyncio.gather if you want to yield execution to the event loop instead.
[36m(WorkerDict pid=1272237)[0m INFO:2026-07-06 04:51:59,618:update_weights done, time cost: 0.99s
[36m(TaskRunnerV1 pid=1270803)[0m Training Progress:   2%|▏         | 1/50 [01:40<1:22:12, 100.67s/it]
[36m(WorkerDict pid=1272237)[0m INFO:2026-07-06 04:52:41,044:update_weights done, time cost: 0.88s
[36m(TransferQueueController pid=1271062)[0m 2026-07-06 04:52:41,253 - INFO - transfer_queue.utils.perf_utils - TQ_CONTROLLER_eaf17cd1: [Performance] Total success requests: 102, Total req/min: 20.12, Total avg process time: 0.0005s; 
[36m(TransferQueueController pid=1271062)[0m Time range: last 5.07 minutes; 
[36m(TransferQueueController pid=1271062)[0m Per-operation statistics: KV_RETRIEVE_META: req_count=31, req/min=6.12, avg_time=0.001153s, max_time=0.002299s, min_time=0.000712s; SET_CUSTOM_META: req_count=18, req/min=3.55, avg_time=0.000049s, max_time=0.000076s, min_time=0.000037s; KV_LIST: req_count=36, req/min=7.10, avg_time=0.000073s, max_time=0.000137s, min_time=0.000050s; NOTIFY_DATA_UPDATE: req_count=12, req/min=2.37, avg_time=0.000488s, max_time=0.000728s, min_time=0.000382s; CLEAR_META: req_count=3, req/min=0.59, avg_time=0.000329s, max_time=0.000365s, min_time=0.000270s; KV_RETRIEVE_KEYS: req_count=2, req/min=0.39, avg_time=0.000078s, max_time=0.000085s, min_time=0.000071s
[36m(SimpleStorageUnit pid=1271152)[0m 2026-07-06 04:52:41,277 - INFO - transfer_queue.utils.perf_utils - TQ_STORAGE_UNIT_a1209543: [Performance] Total success requests: 19, Total req/min: 3.79, Total avg process time: 0.0080s; 
[36m(SimpleStorageUnit pid=1271152)[0m Time range: last 5.02 minutes; 
[36m(SimpleStorageUnit pid=1271152)[0m Per-operation statistics: PUT_DATA: req_count=8, req/min=1.59, avg_time=0.007700s, max_time=0.008715s, min_time=0.007407s; GET_DATA: req_count=10, req/min=1.99, avg_time=0.008213s, max_time=0.009629s, min_time=0.007630s; CLEAR_DATA: req_count=1, req/min=0.20, avg_time=0.007864s, max_time=0.007864s, min_time=0.007864s
[36m(SimpleStorageUnit pid=1271147)[0m 2026-07-06 04:52:41,275 - INFO - transfer_queue.utils.perf_utils - TQ_STORAGE_UNIT_408ff0fc: [Performance] Total success requests: 20, Total req/min: 3.99, Total avg process time: 0.0077s; 
[36m(SimpleStorageUnit pid=1271147)[0m Time range: last 5.02 minutes; 
[36m(SimpleStorageUnit pid=1271147)[0m Per-operation statistics: CLEAR_DATA: req_count=2, req/min=0.40, avg_time=0.008017s, max_time=0.008032s, min_time=0.008001s; PUT_DATA: req_count=8, req/min=1.59, avg_time=0.007516s, max_time=0.007729s, min_time=0.007072s; GET_DATA: req_count=10, req/min=1.99, avg_time=0.007714s, max_time=0.008860s, min_time=0.004880s
[36m(SimpleStorageUnit pid=1271159)[0m 2026-07-06 04:52:41,274 - INFO - transfer_queue.utils.perf_utils - TQ_STORAGE_UNIT_f3e9a767: [Performance] Total success requests: 20, Total req/min: 3.98, Total avg process time: 0.0078s; 
[36m(SimpleStorageUnit pid=1271159)[0m Time range: last 5.02 minutes; 
[36m(SimpleStorageUnit pid=1271159)[0m Per-operation statistics: PUT_DATA: req_count=8, req/min=1.59, avg_time=0.007814s, max_time=0.009537s, min_time=0.006954s; GET_DATA: req_count=11, req/min=2.19, avg_time=0.007776s, max_time=0.008694s, min_time=0.006856s; CLEAR_DATA: req_count=1, req/min=0.20, avg_time=0.008025s, max_time=0.008025s, min_time=0.008025s
[36m(SimpleStorageUnit pid=1271146)[0m 2026-07-06 04:52:41,277 - INFO - transfer_queue.utils.perf_utils - TQ_STORAGE_UNIT_b97746ab: [Performance] Total success requests: 21, Total req/min: 4.18, Total avg process time: 0.0076s; 
[36m(SimpleStorageUnit pid=1271146)[0m Time range: last 5.02 minutes; 
[36m(SimpleStorageUnit pid=1271146)[0m Per-operation statistics: PUT_DATA: req_count=8, req/min=1.59, avg_time=0.007522s, max_time=0.008526s, min_time=0.007195s; GET_DATA: req_count=11, req/min=2.19, avg_time=0.007711s, max_time=0.008747s, min_time=0.007019s; CLEAR_DATA: req_count=2, req/min=0.40, avg_time=0.007231s, max_time=0.007634s, min_time=0.006827s

[36m(vLLMHttpServer pid=1272947)[0m  '20480',
[36m(vLLMHttpServer pid=1272947)[0m  '--max_num_seqs',
[36m(vLLMHttpServer pid=1272947)[0m  '4',
[36m(vLLMHttpServer pid=1272947)[0m  '--max_num_batched_tokens',
[36m(vLLMHttpServer pid=1272947)[0m  '20480',
[36m(vLLMHttpServer pid=1272947)[0m  '--enable_prefix_caching',
[36m(vLLMHttpServer pid=1272947)[0m  '--enable_sleep_mode',
[36m(vLLMHttpServer pid=1272947)[0m  '--logprobs_mode',
[36m(vLLMHttpServer pid=1272947)[0m  'processed_logprobs',
[36m(vLLMHttpServer pid=1272947)[0m  '--gpu_memory_utilization',
[36m(vLLMHttpServer pid=1272947)[0m  '0.5',
[36m(vLLMHttpServer pid=1272947)[0m  '--disable_log_stats',
[36m(vLLMHttpServer pid=1272947)[0m  '--tensor_parallel_size',
[36m(vLLMHttpServer pid=1272947)[0m  '1',
[36m(vLLMHttpServer pid=1272947)[0m  '--seed',
[36m(vLLMHttpServer pid=1272947)[0m  '42',
[36m(vLLMHttpServer pid=1272947)[0m  '--override_generation_config',
[36m(vLLMHttpServer pid=1272947)[0m  '{"temperature": 1.0, "top_k": -1, "top_p": 1.0, "repetition_penalty": 1.0, '
[36m(vLLMHttpServer pid=1272947)[0m  '"max_new_tokens": 16384}',
[36m(vLLMHttpServer pid=1272947)[0m  '--hf_overrides',
[36m(vLLMHttpServer pid=1272947)[0m  '{}',
[36m(vLLMHttpServer pid=1272947)[0m  '--scheduling_policy',
[36m(vLLMHttpServer pid=1272947)[0m  'fcfs',
[36m(vLLMHttpServer pid=1272947)[0m  '--compilation_config',
[36m(vLLMHttpServer pid=1272947)[0m  '{"cudagraph_mode": "FULL_AND_PIECEWISE"}']
[36m(vLLMHttpServer pid=1272947)[0m WARNING 07-06 04:48:47 [__init__.py:3036] We must use the `spawn` multiprocessing start method. Overriding VLLM_WORKER_MULTIPROC_METHOD to 'spawn'. See https://docs.vllm.ai/en/latest/usage/troubleshooting.html#python-multiprocessing for more information. Reasons: In a Ray actor and can only be spawned; CUDA is initialized
[36m(vLLMHttpServer pid=1272947)[0m [Gloo] Rank 0 is connected to 0 peer ranks. Expected number of connected peer ranks is : 0
[36m(vLLMHttpServer pid=1272947)[0m [Gloo] Rank 0 is connected to 0 peer ranks. Expected number of connected peer ranks is : 0
[36m(vLLMHttpServer pid=1272947)[0m [Gloo] Rank 0 is connected to 0 peer ranks. Expected number of connected peer ranks is : 0
[36m(vLLMHttpServer pid=1272947)[0m [Gloo] Rank 0 is connected to 0 peer ranks. Expected number of connected peer ranks is : 0
[36m(vLLMHttpServer pid=1272947)[0m [Gloo] Rank 0 is connected to 0 peer ranks. Expected number of connected peer ranks is : 0
[36m(vLLMHttpServer pid=1272947)[0m [Gloo] Rank 0 is connected to 0 peer ranks. Expected number of connected peer ranks is : 0
[36m(vLLMHttpServer pid=1272947)[0m WARNING 07-06 04:49:49 [model.py:1389] Default sampling parameters have been overridden by the model's Hugging Face generation config recommended from the model creator. If this is not intended, please relaunch vLLM instance with `--generation-config vllm`.
[36m(TaskRunnerV1 pid=1270803)[0m LLMServerManager: ['202.120.39.159:42423']
[36m(TaskRunnerV1 pid=1270803)[0m Checkpoint tracker file does not exist: /data2/hjk/checkpoints/verl_qwen3vl/qwen3vl8b_stage3_a1_long_answer_pilot_trainonly_prompt4096_seed42/latest_checkpointed_iteration.txt
[36m(WorkerDict pid=1272237)[0m WARNING 07-06 04:49:50 [api_server.py:1213] LoRA dynamic loading & unloading is enabled in the API server. This should ONLY be used for local development!
[36m(GlobalRequestLoadBalancer pid=1274165)[0m WARNING 07-06 04:49:57 [api_server.py:1213] LoRA dynamic loading & unloading is enabled in the API server. This should ONLY be used for local development!
[36m(AgentLoopWorkerTQ pid=1274648)[0m Using dataset class: RLHFDataset
[36m(AgentLoopWorkerTQ pid=1274649)[0m Using dataset class: RLHFDataset
[36m(AgentLoopWorkerTQ pid=1274646)[0m Using dataset class: RLHFDataset
[36m(AgentLoopWorkerTQ pid=1274653)[0m Using dataset class: RLHFDataset
[36m(AgentLoopWorkerTQ pid=1274647)[0m Using dataset class: RLHFDataset
[36m(AgentLoopWorkerTQ pid=1274651)[0m Using dataset class: RLHFDataset
[36m(AgentLoopWorkerTQ pid=1274652)[0m Using dataset class: RLHFDataset
[36m(AgentLoopWorkerTQ pid=1274654)[0m Using dataset class: RLHFDataset
[36m(AgentLoopWorkerTQ pid=1274646)[0m WARNING 07-06 04:50:28 [api_server.py:1213] LoRA dynamic loading & unloading is enabled in the API server. This should ONLY be used for local development!
[36m(TaskRunnerV1 pid=1270803)[0m step:1 - global_seqlen/min:8677 - global_seqlen/max:8677 - global_seqlen/minmax_diff:0 - global_seqlen/balanced_min:8677 - global_seqlen/balanced_max:8677 - global_seqlen/mean:8677.0 - actor/entropy:0.40758752822875977 - training/rollout_probs_diff_valid:1 - training/rollout_probs_diff_max:0.08685433864593506 - training/rollout_probs_diff_mean:0.004077241290360689 - training/rollout_probs_diff_std:0.008524519391357899 - training/rollout_actor_probs_pearson_corr:0.9995063543319702 - rollout_corr/training_ppl:1.232717514038086 - rollout_corr/training_log_ppl:0.19013731181621552 - rollout_corr/kl:0.00030822763801552355 - rollout_corr/k3_kl:0.00043735976214520633 - rollout_corr/rollout_ppl:1.232516884803772 - rollout_corr/rollout_log_ppl:0.19000226259231567 - rollout_corr/log_ppl_diff:0.00013504177331924438 - rollout_corr/log_ppl_abs_diff:0.00013504177331924438 - rollout_corr/log_ppl_diff_max:0.00032955408096313477 - rollout_corr/log_ppl_diff_min:0.0 - rollout_corr/ppl_ratio:1.000135064125061 - rollout_corr/chi2_token:0.001136183738708496 - rollout_corr/chi2_seq:-0.36361557245254517 - actor/pg_clipfrac:np.float64(0.0) - actor/ppo_kl:np.float64(0.0) - actor/pg_clipfrac_lower:np.float64(0.0) - actor/pg_loss:np.float64(0.0) - actor/loss:np.float64(0.0) - actor/grad_norm:np.float64(0.0) - actor/lr:np.float64(1e-06) - actor/perf/max_memory_allocated_gb:np.float64(45.273006439208984) - actor/perf/max_memory_reserved_gb:np.float64(54.560546875) - actor/perf/cpu_memory_used_gb:np.float64(31.043636322021484) - perf/mfu/actor:np.float64(0.07621518869371535) - training/global_step:1 - training/epoch:0 - critic/score/mean:1.0 - critic/score/max:1.0 - critic/score/min:1.0 - critic/rewards/mean:1.0 - critic/rewards/max:1.0 - critic/rewards/min:1.0 - critic/advantages/mean:0.0 - critic/advantages/max:0.0 - critic/advantages/min:0.0 - critic/returns/mean:0.0 - critic/returns/max:0.0 - critic/returns/min:0.0 - response_length/mean:4151.5 - response_length/max:6815.0 - response_length/min:1488.0 - response_length/clip_ratio:0.5 - response_length_non_aborted/mean:4151.5 - response_length_non_aborted/max:6815.0 - response_length_non_aborted/min:1488.0 - response_length_non_aborted/clip_ratio:0.5 - response/aborted_ratio:0.0 - prompt_length/mean:185.0 - prompt_length/max:185.0 - prompt_length/min:185.0 - prompt_length/clip_ratio:1.0 - timing_s/gen:56.81461480399594 - timing_s/old_log_prob:2.869209641998168 - timing_s/adv:0.09242875798372552 - timing_s/update_actor:6.407180724025238 - timing_s/update_weights:27.101899878005497 - timing_s/step:100.59844464098569 - timing_per_token_ms/adv:0.010652156042840328 - timing_per_token_ms/update_actor:0.7384096720093625 - timing_per_token_ms/gen:6.841013221432383 - perf/total_num_tokens:8677 - perf/time_per_step:100.59844464098569 - perf/throughput:86.25381864467542 - training/num_turns/mean:np.float64(2.0) - training/num_turns/max:np.int64(2) - training/num_turns/min:np.int64(2) - training/off_policy/trajectory_spans/mean:np.float64(1.0) - training/off_policy/trajectory_spans/max:np.float64(1.0) - training/off_policy/trajectory_spans/min:np.float64(1.0) - training/off_policy/trajectory_staleness/mean:np.float64(0.0) - training/off_policy/trajectory_staleness/max:np.float64(0.0) - training/off_policy/trajectory_staleness/min:np.float64(0.0) - training/off_policy/trajectory_staleness_worst/mean:np.float64(0.0) - training/off_policy/trajectory_staleness_worst/max:np.float64(0.0) - training/off_policy/trajectory_staleness_worst/min:np.float64(0.0)
[36m(TaskRunnerV1 pid=1270803)[0m step:2 - global_seqlen/min:3047 - global_seqlen/max:3047 - global_seqlen/minmax_diff:0 - global_seqlen/balanced_min:3047 - global_seqlen/balanced_max:3047 - global_seqlen/mean:3047.0 - actor/entropy:0.215616375207901 - training/rollout_probs_diff_valid:1 - training/rollout_probs_diff_max:0.06217682361602783 - training/rollout_probs_diff_mean:0.003365733427926898 - training/rollout_probs_diff_std:0.00868645217269659 - training/rollout_actor_probs_pearson_corr:0.9992672204971313 - rollout_corr/training_ppl:1.1348986625671387 - rollout_corr/training_log_ppl:0.11941421031951904 - rollout_corr/kl:0.0001723219029372558 - rollout_corr/k3_kl:0.0004142490215599537 - rollout_corr/rollout_ppl:1.1348116397857666 - rollout_corr/rollout_log_ppl:0.11934833228588104 - rollout_corr/log_ppl_diff:6.588175892829895e-05 - rollout_corr/log_ppl_abs_diff:0.00036736950278282166 - rollout_corr/log_ppl_diff_max:0.0008665025234222412 - rollout_corr/log_ppl_diff_min:-0.0006029754877090454 - rollout_corr/ppl_ratio:1.0000660419464111 - rollout_corr/chi2_token:0.0013282299041748047 - rollout_corr/chi2_seq:0.6616296768188477 - actor/pg_clipfrac:np.float64(0.0) - actor/ppo_kl:np.float64(0.0) - actor/pg_clipfrac_lower:np.float64(0.0) - actor/pg_loss:np.float64(0.0) - actor/loss:np.float64(0.0) - actor/grad_norm:np.float64(0.0) - actor/lr:np.float64(1e-06) - actor/perf/max_memory_allocated_gb:np.float64(45.273006439208984) - actor/perf/max_memory_reserved_gb:np.float64(59.19921875) - actor/perf/cpu_memory_used_gb:np.float64(31.026386260986328) - perf/mfu/actor:np.float64(0.10504481487214899) - training/global_step:2 - training/epoch:0 - critic/score/mean:1.0 - critic/score/max:1.0 - critic/score/min:1.0 - critic/rewards/mean:1.0 - critic/rewards/max:1.0 - critic/rewards/min:1.0 - critic/advantages/mean:0.0 - critic/advantages/max:0.0 - critic/advantages/min:0.0 - critic/returns/mean:0.0 - critic/returns/max:0.0 - critic/returns/min:0.0 - response_length/mean:1331.5 - response_length/max:1405.0 - response_length/min:1258.0 - response_length/clip_ratio:0.5 - response_length_non_aborted/mean:1331.5 - response_length_non_aborted/max:1405.0 - response_length_non_aborted/min:1258.0 - response_length_non_aborted/clip_ratio:0.5 - response/aborted_ratio:0.0 - prompt_length/mean:190.0 - prompt_length/max:190.0 - prompt_length/min:190.0 - prompt_length/clip_ratio:1.0 - timing_s/gen:12.663448263017926 - timing_s/old_log_prob:0.7996047400520183 - timing_s/adv:0.08573211898328736 - timing_s/update_actor:1.6189705670112744 - timing_s/update_weights:26.076683891995344 - timing_s/step:41.34854442399228 - timing_per_token_ms/adv:0.028136566781518664 - timing_per_token_ms/update_actor:0.5313326442439364 - timing_per_token_ms/gen:4.7517629504757695 - perf/total_num_tokens:3047 - perf/time_per_step:41.34854442399228 - perf/throughput:73.69062303029932 - training/num_turns/mean:np.float64(2.0) - training/num_turns/max:np.int64(2) - training/num_turns/min:np.int64(2) - training/off_policy/trajectory_spans/mean:np.float64(1.0) - training/off_policy/trajectory_spans/max:np.float64(1.0) - training/off_policy/trajectory_spans/min:np.float64(1.0) - training/off_policy/trajectory_staleness/mean:np.float64(0.0) - training/off_policy/trajectory_staleness/max:np.float64(0.0) - training/off_policy/trajectory_staleness/min:np.float64(0.0) - training/off_policy/trajectory_staleness_worst/mean:np.float64(0.0) - training/off_policy/trajectory_staleness_worst/max:np.float64(0.0) - training/off_policy/trajectory_staleness_worst/min:np.float64(0.0)[36m(TaskRunnerV1 pid=1270803)[0m Training Progress:   4%|▍         | 2/50 [02:22<52:39, 65.82s/it]   
[36m(WorkerDict pid=1272237)[0m INFO:2026-07-06 04:54:03,120:update_weights done, time cost: 1.00s
[36m(TaskRunnerV1 pid=1270803)[0m Training Progress:   6%|▌         | 3/50 [03:44<57:22, 73.24s/it]
[36m(TaskRunnerV1 pid=1270803)[0m INFO:2026-07-06 04:55:03,513:pending: 0, running: 1, finished: 0, failure: 0
[36m(WorkerDict pid=1272237)[0m INFO:2026-07-06 04:57:00,889:update_weights done, time cost: 1.25s
[36m(TaskRunnerV1 pid=1270803)[0m Training Progress:   8%|▊         | 4/50 [06:41<1:27:47, 114.51s/it]
[36m(WorkerDict pid=1272237)[0m INFO:2026-07-06 04:57:42,101:update_weights done, time cost: 0.92s

[36m(TaskRunnerV1 pid=1270803)[0m step:3 - global_seqlen/min:10281 - global_seqlen/max:10281 - global_seqlen/minmax_diff:0 - global_seqlen/balanced_min:10281 - global_seqlen/balanced_max:10281 - global_seqlen/mean:10281.0 - actor/entropy:0.4342036545276642 - training/rollout_probs_diff_valid:1 - training/rollout_probs_diff_max:0.06646165251731873 - training/rollout_probs_diff_mean:0.004805297590792179 - training/rollout_probs_diff_std:0.009024696424603462 - training/rollout_actor_probs_pearson_corr:0.9994166493415833 - rollout_corr/training_ppl:1.2747563123703003 - rollout_corr/training_log_ppl:0.2189681977033615 - rollout_corr/kl:0.0006960548926144838 - rollout_corr/k3_kl:0.0005177241400815547 - rollout_corr/rollout_ppl:1.2741519212722778 - rollout_corr/rollout_log_ppl:0.21857842803001404 - rollout_corr/log_ppl_diff:0.00038977712392807007 - rollout_corr/log_ppl_abs_diff:0.00038977712392807007 - rollout_corr/log_ppl_diff_max:0.0011193156242370605 - rollout_corr/log_ppl_diff_min:0.0 - rollout_corr/ppl_ratio:1.0003899335861206 - rollout_corr/chi2_token:0.0006844997406005859 - rollout_corr/chi2_seq:-0.4988725185394287 - actor/pg_clipfrac:np.float64(0.0) - actor/ppo_kl:np.float64(0.0) - actor/pg_clipfrac_lower:np.float64(0.0) - actor/pg_loss:np.float64(0.0) - actor/loss:np.float64(0.0) - actor/grad_norm:np.float64(0.0) - actor/lr:np.float64(1e-06) - actor/perf/max_memory_allocated_gb:np.float64(47.78902721405029) - actor/perf/max_memory_reserved_gb:np.float64(59.19921875) - actor/perf/cpu_memory_used_gb:np.float64(31.215862274169922) - perf/mfu/actor:np.float64(0.08935662823025985) - training/global_step:3 - training/epoch:0 - critic/score/mean:1.0 - critic/score/max:1.0 - critic/score/min:1.0 - critic/rewards/mean:1.0 - critic/rewards/max:1.0 - critic/rewards/min:1.0 - critic/advantages/mean:0.0 - critic/advantages/max:0.0 - critic/advantages/min:0.0 - critic/returns/mean:0.0 - critic/returns/max:0.0 - critic/returns/min:0.0 - response_length/mean:4976.5 - response_length/max:6199.0 - response_length/min:3754.0 - response_length/clip_ratio:0.5 - response_length_non_aborted/mean:4976.5 - response_length_non_aborted/max:6199.0 - response_length_non_aborted/min:3754.0 - response_length_non_aborted/clip_ratio:0.5 - response/aborted_ratio:0.0 - prompt_length/mean:162.0 - prompt_length/max:162.0 - prompt_length/min:162.0 - prompt_length/clip_ratio:1.0 - timing_s/gen:46.781582805968355 - timing_s/old_log_prob:2.1393391929450445 - timing_s/adv:0.09252960403682664 - timing_s/update_actor:6.413843474991154 - timing_s/update_weights:26.487765093974303 - timing_s/step:82.01801770896418 - timing_per_token_ms/adv:0.009000058752730924 - timing_per_token_ms/update_actor:0.6238540487298078 - timing_per_token_ms/gen:4.6993051537888855 - perf/total_num_tokens:10281 - perf/time_per_step:82.01801770896418 - perf/throughput:125.35050574474364 - training/num_turns/mean:np.float64(2.0) - training/num_turns/max:np.int64(2) - training/num_turns/min:np.int64(2) - training/off_policy/trajectory_spans/mean:np.float64(1.0) - training/off_policy/trajectory_spans/max:np.float64(1.0) - training/off_policy/trajectory_spans/min:np.float64(1.0) - training/off_policy/trajectory_staleness/mean:np.float64(0.0) - training/off_policy/trajectory_staleness/max:np.float64(0.0) - training/off_policy/trajectory_staleness/min:np.float64(0.0) - training/off_policy/trajectory_staleness_worst/mean:np.float64(0.0) - training/off_policy/trajectory_staleness_worst/max:np.float64(0.0) - training/off_policy/trajectory_staleness_worst/min:np.float64(0.0)
[36m(TaskRunnerV1 pid=1270803)[0m step:4 - global_seqlen/min:23764 - global_seqlen/max:23764 - global_seqlen/minmax_diff:0 - global_seqlen/balanced_min:23764 - global_seqlen/balanced_max:23764 - global_seqlen/mean:23764.0 - actor/entropy:0.3809030055999756 - training/rollout_probs_diff_valid:1 - training/rollout_probs_diff_max:0.07269755005836487 - training/rollout_probs_diff_mean:0.003952791448682547 - training/rollout_probs_diff_std:0.008304903283715248 - training/rollout_actor_probs_pearson_corr:0.9995043277740479 - rollout_corr/training_ppl:1.2705793380737305 - rollout_corr/training_log_ppl:0.21150720119476318 - rollout_corr/kl:0.00045241648331284523 - rollout_corr/k3_kl:0.000417256640503183 - rollout_corr/rollout_ppl:1.2702537775039673 - rollout_corr/rollout_log_ppl:0.21129131317138672 - rollout_corr/log_ppl_diff:0.000215873122215271 - rollout_corr/log_ppl_abs_diff:0.000215873122215271 - rollout_corr/log_ppl_diff_max:0.0004988312721252441 - rollout_corr/log_ppl_diff_min:0.0 - rollout_corr/ppl_ratio:1.000216007232666 - rollout_corr/chi2_token:0.0007661581039428711 - rollout_corr/chi2_seq:-0.499320387840271 - actor/pg_clipfrac:np.float64(0.0) - actor/ppo_kl:np.float64(0.0) - actor/pg_clipfrac_lower:np.float64(0.0) - actor/pg_loss:np.float64(0.21780329942703247) - actor/loss:np.float64(0.21780329942703247) - actor/grad_norm:np.float64(0.02512962743639946) - actor/lr:np.float64(1e-06) - actor/perf/max_memory_allocated_gb:np.float64(67.4983263015747) - actor/perf/max_memory_reserved_gb:np.float64(86.044921875) - actor/perf/cpu_memory_used_gb:np.float64(31.372486114501953) - perf/mfu/actor:np.float64(0.05749650802805468) - training/global_step:4 - training/epoch:0 - critic/score/mean:0.5 - critic/score/max:1.0 - critic/score/min:0.0 - critic/rewards/mean:0.5 - critic/rewards/max:1.0 - critic/rewards/min:0.0 - critic/advantages/mean:-0.21780329942703247 - critic/advantages/max:0.7071057558059692 - critic/advantages/min:-0.7071057558059692 - critic/returns/mean:-0.21780329942703247 - critic/returns/max:0.7071057558059692 - critic/returns/min:-0.7071057558059692 - response_length/mean:11707.0 - response_length/max:15313.0 - response_length/min:8101.0 - response_length/clip_ratio:0.5 - response_length_non_aborted/mean:11707.0 - response_length_non_aborted/max:15313.0 - response_length_non_aborted/min:8101.0 - response_length_non_aborted/clip_ratio:0.5 - response/aborted_ratio:0.0 - prompt_length/mean:173.0 - prompt_length/max:173.0 - prompt_length/min:173.0 - prompt_length/clip_ratio:1.0 - timing_s/gen:118.9045900470228 - timing_s/old_log_prob:6.600147796969395 - timing_s/adv:0.09741644898895174 - timing_s/update_actor:25.481589029019233 - timing_s/update_weights:26.50165982899489 - timing_s/step:177.7016826440231 - timing_per_token_ms/adv:0.004099328774152152 - timing_per_token_ms/update_actor:1.0722769327141572 - timing_per_token_ms/gen:5.077920654553417 - perf/total_num_tokens:23764 - perf/time_per_step:177.7016826440231 - perf/throughput:133.72974102673354 - training/num_turns/mean:np.float64(2.0) - training/num_turns/max:np.int64(2) - training/num_turns/min:np.int64(2) - training/off_policy/trajectory_spans/mean:np.float64(1.0) - training/off_policy/trajectory_spans/max:np.float64(1.0) - training/off_policy/trajectory_spans/min:np.float64(1.0) - training/off_policy/trajectory_staleness/mean:np.float64(0.0) - training/off_policy/trajectory_staleness/max:np.float64(0.0) - training/off_policy/trajectory_staleness/min:np.float64(0.0) - training/off_policy/trajectory_staleness_worst/mean:np.float64(0.0) - training/off_policy/trajectory_staleness_worst/max:np.float64(0.0) - training/off_policy/trajectory_staleness_worst/min:np.float64(0.0)
[36m(TaskRunnerV1 pid=1270803)[0m step:5 - global_seqlen/min:3428 - global_seqlen/max:3428 - global_seqlen/minmax_diff:0 - global_seqlen/balanced_min:3428 - global_seqlen/balanced_max:3428 - global_seqlen/mean:3428.0 - actor/entropy:0.16532383859157562 - training/rollout_probs_diff_valid:1 - training/rollout_probs_diff_max:0.12245690822601318 - training/rollout_probs_diff_mean:0.0029003468807786703 - training/rollout_probs_diff_std:0.008897045627236366 - training/rollout_actor_probs_pearson_corr:0.9989913105964661 - rollout_corr/training_ppl:1.0888264179229736 - rollout_corr/training_log_ppl:0.08173404633998871 - rollout_corr/kl:0.00040320525295101106 - rollout_corr/k3_kl:0.0003389142802916467 - rollout_corr/rollout_ppl:1.0885934829711914 - rollout_corr/rollout_log_ppl:0.08153536915779114 - rollout_corr/log_ppl_diff:0.00019867345690727234 - rollout_corr/log_ppl_abs_diff:0.00019867345690727234 - rollout_corr/log_ppl_diff_max:0.0005593150854110718 - rollout_corr/log_ppl_diff_min:0.0 - rollout_corr/ppl_ratio:1.0001987218856812 - rollout_corr/chi2_token:0.0005669593811035156 - rollout_corr/chi2_seq:-0.3317384719848633 - actor/pg_clipfrac:np.float64(0.0) - actor/ppo_kl:np.float64(0.0) - actor/pg_clipfrac_lower:np.float64(0.0) - actor/pg_loss:np.float64(0.0) - actor/loss:np.float64(0.0) - actor/grad_norm:np.float64(0.0) - actor/lr:np.float64(1e-06) - actor/perf/max_memory_allocated_gb:np.float64(67.4983263015747) - actor/perf/max_memory_reserved_gb:np.float64(90.68359375) - actor/perf/cpu_memory_used_gb:np.float64(31.23822021484375) - perf/mfu/actor:np.float64(0.10628887780272543) - training/global_step:5 - training/epoch:0 - critic/score/mean:1.0 - critic/score/max:1.0 - critic/score/min:1.0 - critic/rewards/mean:1.0 - critic/rewards/max:1.0 - critic/rewards/min:1.0 - critic/advantages/mean:0.0 - critic/advantages/max:0.0 - critic/advantages/min:0.0 - critic/returns/mean:0.0 - critic/returns/max:0.0 - critic/returns/min:0.0 - response_length/mean:1521.0 - response_length/max:1576.0 - response_length/min:1466.0 - response_length/clip_ratio:0.5 - response_length_non_aborted/mean:1521.0 - response_length_non_aborted/max:1576.0 - response_length_non_aborted/min:1466.0 - response_length_non_aborted/clip_ratio:0.5 - response/aborted_ratio:0.0 - prompt_length/mean:191.0 - prompt_length/max:191.0 - prompt_length/min:191.0 - prompt_length/clip_ratio:1.0 - timing_s/gen:12.642814205028117 - timing_s/old_log_prob:0.8130512099596672 - timing_s/adv:0.0836628979886882 - timing_s/update_actor:1.7903448120341636 - timing_s/update_weights:25.72888733295258 - timing_s/step:41.16558794199955 - timing_per_token_ms/adv:0.02440574620440146 - timing_per_token_ms/update_actor:0.5222709486680758 - timing_per_token_ms/gen:4.153355520705689 - perf/total_num_tokens:3428 - perf/time_per_step:41.16558794199955 - perf/throughput:83.27343714439101 - training/num_turns/mean:np.float64(2.0) - training/num_turns/max:np.int64(2) - training/num_turns/min:np.int64(2) - training/off_policy/trajectory_spans/mean:np.float64(1.0) - training/off_policy/trajectory_spans/max:np.float64(1.0) - training/off_policy/trajectory_spans/min:np.float64(1.0) - training/off_policy/trajectory_staleness/mean:np.float64(0.0) - training/off_policy/trajectory_staleness/max:np.float64(0.0) - training/off_policy/trajectory_staleness/min:np.float64(0.0) - training/off_policy/trajectory_staleness_worst/mean:np.float64(0.0) - training/off_policy/trajectory_staleness_worst/max:np.float64(0.0) - training/off_policy/trajectory_staleness_worst/min:np.float64(0.0)[36m(TaskRunnerV1 pid=1270803)[0m Training Progress:  10%|█         | 5/50 [07:23<1:06:03, 88.08s/it] 
[36m(TransferQueueController pid=1271062)[0m 2026-07-06 04:57:42,339 - INFO - transfer_queue.utils.perf_utils - TQ_CONTROLLER_eaf17cd1: [Performance] Total success requests: 193, Total req/min: 38.46, Total avg process time: 0.0004s; 
[36m(TransferQueueController pid=1271062)[0m Time range: last 5.02 minutes; 
[36m(TransferQueueController pid=1271062)[0m Per-operation statistics: KV_RETRIEVE_META: req_count=48, req/min=9.57, avg_time=0.001101s, max_time=0.001748s, min_time=0.000642s; CLEAR_META: req_count=6, req/min=1.20, avg_time=0.000325s, max_time=0.000374s, min_time=0.000287s; SET_CUSTOM_META: req_count=27, req/min=5.38, avg_time=0.000046s, max_time=0.000071s, min_time=0.000031s; KV_LIST: req_count=91, req/min=18.13, avg_time=0.000067s, max_time=0.000083s, min_time=0.000025s; NOTIFY_DATA_UPDATE: req_count=18, req/min=3.59, avg_time=0.000414s, max_time=0.000486s, min_time=0.000281s; KV_RETRIEVE_KEYS: req_count=3, req/min=0.60, avg_time=0.000081s, max_time=0.000090s, min_time=0.000068s
[36m(SimpleStorageUnit pid=1271152)[0m 2026-07-06 04:57:42,362 - INFO - transfer_queue.utils.perf_utils - TQ_STORAGE_UNIT_a1209543: [Performance] Total success requests: 32, Total req/min: 6.38, Total avg process time: 0.0081s; 
[36m(SimpleStorageUnit pid=1271152)[0m Time range: last 5.02 minutes; 
[36m(SimpleStorageUnit pid=1271152)[0m Per-operation statistics: CLEAR_DATA: req_count=4, req/min=0.80, avg_time=0.008370s, max_time=0.009362s, min_time=0.006949s; PUT_DATA: req_count=12, req/min=2.39, avg_time=0.007784s, max_time=0.009214s, min_time=0.006673s; GET_DATA: req_count=16, req/min=3.19, avg_time=0.008221s, max_time=0.009451s, min_time=0.007225s
[36m(SimpleStorageUnit pid=1271147)[0m 2026-07-06 04:57:42,361 - INFO - transfer_queue.utils.perf_utils - TQ_STORAGE_UNIT_408ff0fc: [Performance] Total success requests: 32, Total req/min: 6.38, Total avg process time: 0.0078s; 
[36m(SimpleStorageUnit pid=1271147)[0m Time range: last 5.02 minutes; 
[36m(SimpleStorageUnit pid=1271147)[0m Per-operation statistics: CLEAR_DATA: req_count=4, req/min=0.80, avg_time=0.007852s, max_time=0.008455s, min_time=0.006989s; PUT_DATA: req_count=12, req/min=2.39, avg_time=0.007669s, max_time=0.008177s, min_time=0.007102s; GET_DATA: req_count=16, req/min=3.19, avg_time=0.007799s, max_time=0.008911s, min_time=0.006804s
[36m(SimpleStorageUnit pid=1271159)[0m 2026-07-06 04:57:42,360 - INFO - transfer_queue.utils.perf_utils - TQ_STORAGE_UNIT_f3e9a767: [Performance] Total success requests: 31, Total req/min: 6.18, Total avg process time: 0.0081s; 
[36m(SimpleStorageUnit pid=1271159)[0m Time range: last 5.02 minutes; 
[36m(SimpleStorageUnit pid=1271159)[0m Per-operation statistics: CLEAR_DATA: req_count=4, req/min=0.80, avg_time=0.009051s, max_time=0.012817s, min_time=0.007101s; PUT_DATA: req_count=12, req/min=2.39, avg_time=0.007853s, max_time=0.008511s, min_time=0.007166s; GET_DATA: req_count=15, req/min=2.99, avg_time=0.008022s, max_time=0.008679s, min_time=0.007522s
[36m(SimpleStorageUnit pid=1271146)[0m 2026-07-06 04:57:42,359 - INFO - transfer_queue.utils.perf_utils - TQ_STORAGE_UNIT_b97746ab: [Performance] Total success requests: 31, Total req/min: 6.18, Total avg process time: 0.0078s; 
[36m(SimpleStorageUnit pid=1271146)[0m Time range: last 5.02 minutes; 
[36m(SimpleStorageUnit pid=1271146)[0m Per-operation statistics: CLEAR_DATA: req_count=3, req/min=0.60, avg_time=0.008338s, max_time=0.008717s, min_time=0.007735s; PUT_DATA: req_count=12, req/min=2.39, avg_time=0.007447s, max_time=0.008713s, min_time=0.004225s; GET_DATA: req_count=16, req/min=3.19, avg_time=0.007979s, max_time=0.008911s, min_time=0.007106s
[36m(WorkerDict pid=1272237)[0m INFO:2026-07-06 04:58:59,804:update_weights done, time cost: 0.99s
[36m(TaskRunnerV1 pid=1270803)[0m Training Progress:  12%|█▏        | 6/50 [08:40<1:02:00, 84.55s/it]
[36m(WorkerDict pid=1272237)[0m INFO:2026-07-06 04:59:42,453:update_weights done, time cost: 0.88s
[36m(TaskRunnerV1 pid=1270803)[0m Training Progress:  14%|█▍        | 7/50 [09:23<50:46, 70.85s/it]  
[36m(TaskRunnerV1 pid=1270803)[0m INFO:2026-07-06 05:00:42,832:pending: 0, running: 1, finished: 0, failure: 0
[36m(TaskRunnerV1 pid=1270803)[0m INFO:2026-07-06 05:01:42,924:pending: 0, running: 1, finished: 0, failure: 0
[36m(WorkerDict pid=1272237)[0m INFO:2026-07-06 05:02:50,516:update_weights done, time cost: 1.28s

[36m(TaskRunnerV1 pid=1270803)[0m step:6 - global_seqlen/min:10140 - global_seqlen/max:10140 - global_seqlen/minmax_diff:0 - global_seqlen/balanced_min:10140 - global_seqlen/balanced_max:10140 - global_seqlen/mean:10140.0 - actor/entropy:0.33714422583580017 - training/rollout_probs_diff_valid:1 - training/rollout_probs_diff_max:0.06695526838302612 - training/rollout_probs_diff_mean:0.0038043225649744272 - training/rollout_probs_diff_std:0.008450474590063095 - training/rollout_actor_probs_pearson_corr:0.9994509816169739 - rollout_corr/training_ppl:1.2075600624084473 - rollout_corr/training_log_ppl:0.17358079552650452 - rollout_corr/kl:0.0002899274113588035 - rollout_corr/k3_kl:0.000406742503400892 - rollout_corr/rollout_ppl:1.2073571681976318 - rollout_corr/rollout_log_ppl:0.17343729734420776 - rollout_corr/log_ppl_diff:0.00014349818229675293 - rollout_corr/log_ppl_abs_diff:0.00014349818229675293 - rollout_corr/log_ppl_diff_max:0.0003070831298828125 - rollout_corr/log_ppl_diff_min:0.0 - rollout_corr/ppl_ratio:1.0001435279846191 - rollout_corr/chi2_token:0.0010448694229125977 - rollout_corr/chi2_seq:-0.4647209644317627 - actor/pg_clipfrac:np.float64(0.0) - actor/ppo_kl:np.float64(0.0) - actor/pg_clipfrac_lower:np.float64(0.0) - actor/pg_loss:np.float64(0.0) - actor/loss:np.float64(0.0) - actor/grad_norm:np.float64(0.0) - actor/lr:np.float64(1e-06) - actor/perf/max_memory_allocated_gb:np.float64(67.4983263015747) - actor/perf/max_memory_reserved_gb:np.float64(90.68359375) - actor/perf/cpu_memory_used_gb:np.float64(31.20879364013672) - perf/mfu/actor:np.float64(0.08920107926208079) - training/global_step:6 - training/epoch:0 - critic/score/mean:1.0 - critic/score/max:1.0 - critic/score/min:1.0 - critic/rewards/mean:1.0 - critic/rewards/max:1.0 - critic/rewards/min:1.0 - critic/advantages/mean:0.0 - critic/advantages/max:0.0 - critic/advantages/min:0.0 - critic/returns/mean:0.0 - critic/returns/max:0.0 - critic/returns/min:0.0 - response_length/mean:4869.0 - response_length/max:5580.0 - response_length/min:4158.0 - response_length/clip_ratio:0.5 - response_length_non_aborted/mean:4869.0 - response_length_non_aborted/max:5580.0 - response_length_non_aborted/min:4158.0 - response_length_non_aborted/clip_ratio:0.5 - response/aborted_ratio:0.0 - prompt_length/mean:199.0 - prompt_length/max:199.0 - prompt_length/min:199.0 - prompt_length/clip_ratio:1.0 - timing_s/gen:42.76707460102625 - timing_s/old_log_prob:2.085887086985167 - timing_s/adv:0.08718142501311377 - timing_s/update_actor:6.311916461971123 - timing_s/update_weights:26.263156623987015 - timing_s/step:77.61969381396193 - timing_per_token_ms/adv:0.008597773669932324 - timing_per_token_ms/update_actor:0.6224769686362054 - timing_per_token_ms/gen:4.390870082240888 - perf/total_num_tokens:10140 - perf/time_per_step:77.61969381396193 - perf/throughput:130.63694922970768 - training/num_turns/mean:np.float64(2.0) - training/num_turns/max:np.int64(2) - training/num_turns/min:np.int64(2) - training/off_policy/trajectory_spans/mean:np.float64(1.0) - training/off_policy/trajectory_spans/max:np.float64(1.0) - training/off_policy/trajectory_spans/min:np.float64(1.0) - training/off_policy/trajectory_staleness/mean:np.float64(0.0) - training/off_policy/trajectory_staleness/max:np.float64(0.0) - training/off_policy/trajectory_staleness/min:np.float64(0.0) - training/off_policy/trajectory_staleness_worst/mean:np.float64(0.0) - training/off_policy/trajectory_staleness_worst/max:np.float64(0.0) - training/off_policy/trajectory_staleness_worst/min:np.float64(0.0)
[36m(TaskRunnerV1 pid=1270803)[0m step:7 - global_seqlen/min:2972 - global_seqlen/max:2972 - global_seqlen/minmax_diff:0 - global_seqlen/balanced_min:2972 - global_seqlen/balanced_max:2972 - global_seqlen/mean:2972.0 - actor/entropy:0.26996955275535583 - training/rollout_probs_diff_valid:1 - training/rollout_probs_diff_max:0.09788578748703003 - training/rollout_probs_diff_mean:0.004091399721801281 - training/rollout_probs_diff_std:0.009908071719110012 - training/rollout_actor_probs_pearson_corr:0.9991503953933716 - rollout_corr/training_ppl:1.1593437194824219 - rollout_corr/training_log_ppl:0.13801445066928864 - rollout_corr/kl:0.001266861567273736 - rollout_corr/k3_kl:0.0005315205780789256 - rollout_corr/rollout_ppl:1.1585869789123535 - rollout_corr/rollout_log_ppl:0.137448251247406 - rollout_corr/log_ppl_diff:0.0005661994218826294 - rollout_corr/log_ppl_abs_diff:0.0005661994218826294 - rollout_corr/log_ppl_diff_max:0.0015907883644104004 - rollout_corr/log_ppl_diff_min:0.0 - rollout_corr/ppl_ratio:1.0005666017532349 - rollout_corr/chi2_token:-0.0004869699478149414 - rollout_corr/chi2_seq:-0.4244728088378906 - actor/pg_clipfrac:np.float64(0.0) - actor/ppo_kl:np.float64(0.0) - actor/pg_clipfrac_lower:np.float64(0.0) - actor/pg_loss:np.float64(0.0) - actor/loss:np.float64(0.0) - actor/grad_norm:np.float64(0.0) - actor/lr:np.float64(1e-06) - actor/perf/max_memory_allocated_gb:np.float64(67.4983263015747) - actor/perf/max_memory_reserved_gb:np.float64(90.68359375) - actor/perf/cpu_memory_used_gb:np.float64(31.161460876464844) - perf/mfu/actor:np.float64(0.10518396498816857) - training/global_step:7 - training/epoch:0 - critic/score/mean:1.0 - critic/score/max:1.0 - critic/score/min:1.0 - critic/rewards/mean:1.0 - critic/rewards/max:1.0 - critic/rewards/min:1.0 - critic/advantages/mean:0.0 - critic/advantages/max:0.0 - critic/advantages/min:0.0 - critic/returns/mean:0.0 - critic/returns/max:0.0 - critic/returns/min:0.0 - response_length/mean:1275.0 - response_length/max:1649.0 - response_length/min:901.0 - response_length/clip_ratio:0.5 - response_length_non_aborted/mean:1275.0 - response_length_non_aborted/max:1649.0 - response_length_non_aborted/min:901.0 - response_length_non_aborted/clip_ratio:0.5 - response/aborted_ratio:0.0 - prompt_length/mean:209.0 - prompt_length/max:209.0 - prompt_length/min:209.0 - prompt_length/clip_ratio:1.0 - timing_s/gen:14.627390476001892 - timing_s/old_log_prob:0.7530050619971007 - timing_s/adv:0.08447057800367475 - timing_s/update_actor:1.5809637639904395 - timing_s/update_weights:25.419419262965675 - timing_s/step:42.57254547596676 - timing_per_token_ms/adv:0.028422132571895943 - timing_per_token_ms/update_actor:0.5319528142632703 - timing_per_token_ms/gen:5.731736079938045 - perf/total_num_tokens:2972 - perf/time_per_step:42.57254547596676 - perf/throughput:69.81024899433758 - training/num_turns/mean:np.float64(2.0) - training/num_turns/max:np.int64(2) - training/num_turns/min:np.int64(2) - training/off_policy/trajectory_spans/mean:np.float64(1.0) - training/off_policy/trajectory_spans/max:np.float64(1.0) - training/off_policy/trajectory_spans/min:np.float64(1.0) - training/off_policy/trajectory_staleness/mean:np.float64(0.0) - training/off_policy/trajectory_staleness/max:np.float64(0.0) - training/off_policy/trajectory_staleness/min:np.float64(0.0) - training/off_policy/trajectory_staleness_worst/mean:np.float64(0.0) - training/off_policy/trajectory_staleness_worst/max:np.float64(0.0) - training/off_policy/trajectory_staleness_worst/min:np.float64(0.0)
[36m(TaskRunnerV1 pid=1270803)[0m step:8 - global_seqlen/min:25309 - global_seqlen/max:25309 - global_seqlen/minmax_diff:0 - global_seqlen/balanced_min:25309 - global_seqlen/balanced_max:25309 - global_seqlen/mean:25309.0 - actor/entropy:0.42541539669036865 - training/rollout_probs_diff_valid:1 - training/rollout_probs_diff_max:0.21038034558296204 - training/rollout_probs_diff_mean:0.004036586731672287 - training/rollout_probs_diff_std:0.008246907964348793 - training/rollout_actor_probs_pearson_corr:0.9995351433753967 - rollout_corr/training_ppl:1.273425817489624 - rollout_corr/training_log_ppl:0.21784484386444092 - rollout_corr/kl:0.0005722586065530777 - rollout_corr/k3_kl:0.00041898872586898506 - rollout_corr/rollout_ppl:1.2728691101074219 - rollout_corr/rollout_log_ppl:0.21749216318130493 - rollout_corr/log_ppl_diff:0.00035268813371658325 - rollout_corr/log_ppl_abs_diff:0.00035268813371658325 - rollout_corr/log_ppl_diff_max:0.0011600255966186523 - rollout_corr/log_ppl_diff_min:0.0 - rollout_corr/ppl_ratio:1.0003528594970703 - rollout_corr/chi2_token:0.000527501106262207 - rollout_corr/chi2_seq:-0.49992334842681885 - actor/pg_clipfrac:np.float64(0.0) - actor/ppo_kl:np.float64(0.0) - actor/pg_clipfrac_lower:np.float64(0.0) - actor/pg_loss:np.float64(0.0) - actor/loss:np.float64(0.0) - actor/grad_norm:np.float64(0.0) - actor/lr:np.float64(1e-06) - actor/perf/max_memory_allocated_gb:np.float64(69.77841520309448) - actor/perf/max_memory_reserved_gb:np.float64(90.68359375) - actor/perf/cpu_memory_used_gb:np.float64(31.344070434570312) - perf/mfu/actor:np.float64(0.05866396149645721) - training/global_step:8 - training/epoch:0 - critic/score/mean:0.0 - critic/score/max:0.0 - critic/score/min:0.0 - critic/rewards/mean:0.0 - critic/rewards/max:0.0 - critic/rewards/min:0.0 - critic/advantages/mean:0.0 - critic/advantages/max:0.0 - critic/advantages/min:0.0 - critic/returns/mean:0.0 - critic/returns/max:0.0 - critic/returns/min:0.0 - response_length/mean:12478.5 - response_length/max:16132.0 - response_length/min:8825.0 - response_length/clip_ratio:0.5 - response_length_non_aborted/mean:12478.5 - response_length_non_aborted/max:16132.0 - response_length_non_aborted/min:8825.0 - response_length_non_aborted/clip_ratio:0.5 - response/aborted_ratio:0.0 - prompt_length/mean:174.0 - prompt_length/max:174.0 - prompt_length/min:174.0 - prompt_length/clip_ratio:1.0 - timing_s/gen:126.90347843099153 - timing_s/old_log_prob:7.352478672983125 - timing_s/adv:0.09502954495837912 - timing_s/update_actor:26.873972491011955 - timing_s/update_weights:26.6961053640116 - timing_s/step:188.0305620789877 - timing_per_token_ms/adv:0.003754772806447474 - timing_per_token_ms/update_actor:1.0618346236916494 - timing_per_token_ms/gen:5.084477680635904 - perf/total_num_tokens:25309 - perf/time_per_step:188.0305620789877 - perf/throughput:134.60045920284074 - training/num_turns/mean:np.float64(2.0) - training/num_turns/max:np.int64(2) - training/num_turns/min:np.int64(2) - training/off_policy/trajectory_spans/mean:np.float64(1.0) - training/off_policy/trajectory_spans/max:np.float64(1.0) - training/off_policy/trajectory_spans/min:np.float64(1.0) - training/off_policy/trajectory_staleness/mean:np.float64(0.0) - training/off_policy/trajectory_staleness/max:np.float64(0.0) - training/off_policy/trajectory_staleness/min:np.float64(0.0) - training/off_policy/trajectory_staleness_worst/mean:np.float64(0.0) - training/off_policy/trajectory_staleness_worst/max:np.float64(0.0) - training/off_policy/trajectory_staleness_worst/min:np.float64(0.0)[36m(TaskRunnerV1 pid=1270803)[0m Training Progress:  16%|█▌        | 8/50 [12:31<1:15:43, 108.17s/it]
[36m(TransferQueueController pid=1271062)[0m 2026-07-06 05:02:50,756 - INFO - transfer_queue.utils.perf_utils - TQ_CONTROLLER_eaf17cd1: [Performance] Total success requests: 196, Total req/min: 38.13, Total avg process time: 0.0004s; 
[36m(TransferQueueController pid=1271062)[0m Time range: last 5.14 minutes; 
[36m(TransferQueueController pid=1271062)[0m Per-operation statistics: KV_RETRIEVE_META: req_count=48, req/min=9.34, avg_time=0.001186s, max_time=0.004015s, min_time=0.000682s; CLEAR_META: req_count=6, req/min=1.17, avg_time=0.000291s, max_time=0.000310s, min_time=0.000259s; SET_CUSTOM_META: req_count=27, req/min=5.25, avg_time=0.000047s, max_time=0.000058s, min_time=0.000036s; KV_LIST: req_count=94, req/min=18.29, avg_time=0.000070s, max_time=0.000090s, min_time=0.000025s; NOTIFY_DATA_UPDATE: req_count=18, req/min=3.50, avg_time=0.000476s, max_time=0.000745s, min_time=0.000379s; KV_RETRIEVE_KEYS: req_count=3, req/min=0.58, avg_time=0.000074s, max_time=0.000082s, min_time=0.000069s
[36m(SimpleStorageUnit pid=1271152)[0m 2026-07-06 05:02:50,775 - INFO - transfer_queue.utils.perf_utils - TQ_STORAGE_UNIT_a1209543: [Performance] Total success requests: 31, Total req/min: 6.03, Total avg process time: 0.0077s; 
[36m(SimpleStorageUnit pid=1271152)[0m Time range: last 5.14 minutes; 
[36m(SimpleStorageUnit pid=1271152)[0m Per-operation statistics: CLEAR_DATA: req_count=3, req/min=0.58, avg_time=0.007723s, max_time=0.007873s, min_time=0.007443s; PUT_DATA: req_count=12, req/min=2.33, avg_time=0.007633s, max_time=0.008131s, min_time=0.007411s; GET_DATA: req_count=16, req/min=3.11, avg_time=0.007751s, max_time=0.008674s, min_time=0.006862s
[36m(SimpleStorageUnit pid=1271147)[0m 2026-07-06 05:02:50,778 - INFO - transfer_queue.utils.perf_utils - TQ_STORAGE_UNIT_408ff0fc: [Performance] Total success requests: 32, Total req/min: 6.23, Total avg process time: 0.0076s; 
[36m(SimpleStorageUnit pid=1271147)[0m Time range: last 5.14 minutes; 
[36m(SimpleStorageUnit pid=1271147)[0m Per-operation statistics: CLEAR_DATA: req_count=4, req/min=0.78, avg_time=0.007630s, max_time=0.007947s, min_time=0.007366s; PUT_DATA: req_count=12, req/min=2.33, avg_time=0.007552s, max_time=0.008172s, min_time=0.007206s; GET_DATA: req_count=16, req/min=3.11, avg_time=0.007689s, max_time=0.008619s, min_time=0.006805s
[36m(SimpleStorageUnit pid=1271159)[0m 2026-07-06 05:02:50,777 - INFO - transfer_queue.utils.perf_utils - TQ_STORAGE_UNIT_f3e9a767: [Performance] Total success requests: 32, Total req/min: 6.23, Total avg process time: 0.0076s; 
[36m(SimpleStorageUnit pid=1271159)[0m Time range: last 5.14 minutes; 
[36m(SimpleStorageUnit pid=1271159)[0m Per-operation statistics: CLEAR_DATA: req_count=4, req/min=0.78, avg_time=0.006287s, max_time=0.007862s, min_time=0.002490s; PUT_DATA: req_count=12, req/min=2.33, avg_time=0.007900s, max_time=0.010039s, min_time=0.007296s; GET_DATA: req_count=16, req/min=3.11, avg_time=0.007787s, max_time=0.009149s, min_time=0.006904s
[36m(SimpleStorageUnit pid=1271146)[0m 2026-07-06 05:02:50,774 - INFO - transfer_queue.utils.perf_utils - TQ_STORAGE_UNIT_b97746ab: [Performance] Total success requests: 31, Total req/min: 6.03, Total avg process time: 0.0077s; 
[36m(SimpleStorageUnit pid=1271146)[0m Time range: last 5.14 minutes; 
[36m(SimpleStorageUnit pid=1271146)[0m Per-operation statistics: CLEAR_DATA: req_count=4, req/min=0.78, avg_time=0.007538s, max_time=0.007842s, min_time=0.007139s; PUT_DATA: req_count=12, req/min=2.33, avg_time=0.007648s, max_time=0.008552s, min_time=0.007400s; GET_DATA: req_count=15, req/min=2.92, avg_time=0.007734s, max_time=0.008770s, min_time=0.005916s
[36m(WorkerDict pid=1272237)[0m INFO:2026-07-06 05:03:56,067:update_weights done, time cost: 1.01s
[36m(TaskRunnerV1 pid=1270803)[0m Training Progress:  18%|█▊        | 9/50 [13:37<1:04:48, 94.84s/it] 
[36m(WorkerDict pid=1272237)[0m INFO:2026-07-06 05:04:34,792:update_weights done, time cost: 0.86s
[36m(TaskRunnerV1 pid=1270803)[0m Training Progress:  20%|██        | 10/50 [14:15<51:40, 77.51s/it] 
[36m(WorkerDict pid=1272237)[0m INFO:2026-07-06 05:05:20,351:update_weights done, time cost: 0.90s

[36m(TaskRunnerV1 pid=1270803)[0m step:9 - global_seqlen/min:10733 - global_seqlen/max:10733 - global_seqlen/minmax_diff:0 - global_seqlen/balanced_min:10733 - global_seqlen/balanced_max:10733 - global_seqlen/mean:10733.0 - actor/entropy:0.311614066362381 - training/rollout_probs_diff_valid:1 - training/rollout_probs_diff_max:0.06474336981773376 - training/rollout_probs_diff_mean:0.003917699679732323 - training/rollout_probs_diff_std:0.00850325170904398 - training/rollout_actor_probs_pearson_corr:0.9993879199028015 - rollout_corr/training_ppl:1.1860997676849365 - rollout_corr/training_log_ppl:0.15800447762012482 - rollout_corr/kl:0.00040937887388281524 - rollout_corr/k3_kl:0.0004010411794297397 - rollout_corr/rollout_ppl:1.1858264207839966 - rollout_corr/rollout_log_ppl:0.1578035205602646 - rollout_corr/log_ppl_diff:0.0002009570598602295 - rollout_corr/log_ppl_abs_diff:0.0002009570598602295 - rollout_corr/log_ppl_diff_max:0.0005185604095458984 - rollout_corr/log_ppl_diff_min:0.0 - rollout_corr/ppl_ratio:1.0002009868621826 - rollout_corr/chi2_token:0.0007766485214233398 - rollout_corr/chi2_seq:-0.44999003410339355 - actor/pg_clipfrac:np.float64(0.0) - actor/ppo_kl:np.float64(0.0) - actor/pg_clipfrac_lower:np.float64(0.0) - actor/pg_loss:np.float64(0.0) - actor/loss:np.float64(0.0) - actor/grad_norm:np.float64(0.0) - actor/lr:np.float64(1e-06) - actor/perf/max_memory_allocated_gb:np.float64(69.77841520309448) - actor/perf/max_memory_reserved_gb:np.float64(93.78515625) - actor/perf/cpu_memory_used_gb:np.float64(31.542972564697266) - perf/mfu/actor:np.float64(0.08462082673729665) - training/global_step:9 - training/epoch:0 - critic/score/mean:1.0 - critic/score/max:1.0 - critic/score/min:1.0 - critic/rewards/mean:1.0 - critic/rewards/max:1.0 - critic/rewards/min:1.0 - critic/advantages/mean:0.0 - critic/advantages/max:0.0 - critic/advantages/min:0.0 - critic/returns/mean:0.0 - critic/returns/max:0.0 - critic/returns/min:0.0 - response_length/mean:3282.5 - response_length/max:3493.0 - response_length/min:3072.0 - response_length/clip_ratio:0.5 - response_length_non_aborted/mean:3282.5 - response_length_non_aborted/max:3493.0 - response_length_non_aborted/min:3072.0 - response_length_non_aborted/clip_ratio:0.5 - response/aborted_ratio:0.0 - prompt_length/mean:2082.0 - prompt_length/max:2082.0 - prompt_length/min:2082.0 - prompt_length/clip_ratio:1.0 - timing_s/gen:28.725232878001407 - timing_s/old_log_prob:2.53211068600649 - timing_s/adv:0.08413830900099128 - timing_s/update_actor:7.114048550953157 - timing_s/update_weights:26.788266195042524 - timing_s/step:65.45493052399252 - timing_per_token_ms/adv:0.007839216342214786 - timing_per_token_ms/update_actor:0.6628201389129933 - timing_per_token_ms/gen:4.374178906350146 - perf/total_num_tokens:10733 - perf/time_per_step:65.45493052399252 - perf/throughput:163.97542422057597 - training/num_turns/mean:np.float64(2.0) - training/num_turns/max:np.int64(2) - training/num_turns/min:np.int64(2) - training/off_policy/trajectory_spans/mean:np.float64(1.0) - training/off_policy/trajectory_spans/max:np.float64(1.0) - training/off_policy/trajectory_spans/min:np.float64(1.0) - training/off_policy/trajectory_staleness/mean:np.float64(0.0) - training/off_policy/trajectory_staleness/max:np.float64(0.0) - training/off_policy/trajectory_staleness/min:np.float64(0.0) - training/off_policy/trajectory_staleness_worst/mean:np.float64(0.0) - training/off_policy/trajectory_staleness_worst/max:np.float64(0.0) - training/off_policy/trajectory_staleness_worst/min:np.float64(0.0)
[36m(TaskRunnerV1 pid=1270803)[0m step:10 - global_seqlen/min:2324 - global_seqlen/max:2324 - global_seqlen/minmax_diff:0 - global_seqlen/balanced_min:2324 - global_seqlen/balanced_max:2324 - global_seqlen/mean:2324.0 - actor/entropy:0.20541790127754211 - training/rollout_probs_diff_valid:1 - training/rollout_probs_diff_max:0.06241372227668762 - training/rollout_probs_diff_mean:0.0034784593153744936 - training/rollout_probs_diff_std:0.009295867756009102 - training/rollout_actor_probs_pearson_corr:0.9990546107292175 - rollout_corr/training_ppl:1.1126761436462402 - rollout_corr/training_log_ppl:0.10161362588405609 - rollout_corr/kl:-0.0005635418929159641 - rollout_corr/k3_kl:0.0003656740300357342 - rollout_corr/rollout_ppl:1.113114356994629 - rollout_corr/rollout_log_ppl:0.10197032988071442 - rollout_corr/log_ppl_diff:-0.00035670772194862366 - rollout_corr/log_ppl_abs_diff:0.00041364505887031555 - rollout_corr/log_ppl_diff_max:0.00011387467384338379 - rollout_corr/log_ppl_diff_min:-0.0015407055616378784 - rollout_corr/ppl_ratio:0.9996435642242432 - rollout_corr/chi2_token:0.0026189088821411133 - rollout_corr/chi2_seq:2.715578079223633 - actor/pg_clipfrac:np.float64(0.0) - actor/ppo_kl:np.float64(0.0) - actor/pg_clipfrac_lower:np.float64(0.0) - actor/pg_loss:np.float64(0.0) - actor/loss:np.float64(0.0) - actor/grad_norm:np.float64(0.0) - actor/lr:np.float64(1e-06) - actor/perf/max_memory_allocated_gb:np.float64(69.77841520309448) - actor/perf/max_memory_reserved_gb:np.float64(93.78515625) - actor/perf/cpu_memory_used_gb:np.float64(31.299758911132812) - perf/mfu/actor:np.float64(0.09864909801944297) - training/global_step:10 - training/epoch:0 - critic/score/mean:1.0 - critic/score/max:1.0 - critic/score/min:1.0 - critic/rewards/mean:1.0 - critic/rewards/max:1.0 - critic/rewards/min:1.0 - critic/advantages/mean:0.0 - critic/advantages/max:0.0 - critic/advantages/min:0.0 - critic/returns/mean:0.0 - critic/returns/max:0.0 - critic/returns/min:0.0 - response_length/mean:988.0 - response_length/max:1167.0 - response_length/min:809.0 - response_length/clip_ratio:0.5 - response_length_non_aborted/mean:988.0 - response_length_non_aborted/max:1167.0 - response_length_non_aborted/min:809.0 - response_length_non_aborted/clip_ratio:0.5 - response/aborted_ratio:0.0 - prompt_length/mean:172.0 - prompt_length/max:172.0 - prompt_length/min:172.0 - prompt_length/clip_ratio:1.0 - timing_s/gen:10.660220846999437 - timing_s/old_log_prob:0.7052520440192893 - timing_s/adv:0.0852292799972929 - timing_s/update_actor:1.338769682974089 - timing_s/update_weights:25.75115491397446 - timing_s/step:38.64256735902745 - timing_per_token_ms/adv:0.036673528398146686 - timing_per_token_ms/update_actor:0.576062686305546 - timing_per_token_ms/gen:5.389393754802546 - perf/total_num_tokens:2324 - perf/time_per_step:38.64256735902745 - perf/throughput:60.14093158996799 - training/num_turns/mean:np.float64(2.0) - training/num_turns/max:np.int64(2) - training/num_turns/min:np.int64(2) - training/off_policy/trajectory_spans/mean:np.float64(1.0) - training/off_policy/trajectory_spans/max:np.float64(1.0) - training/off_policy/trajectory_spans/min:np.float64(1.0) - training/off_policy/trajectory_staleness/mean:np.float64(0.0) - training/off_policy/trajectory_staleness/max:np.float64(0.0) - training/off_policy/trajectory_staleness/min:np.float64(0.0) - training/off_policy/trajectory_staleness_worst/mean:np.float64(0.0) - training/off_policy/trajectory_staleness_worst/max:np.float64(0.0) - training/off_policy/trajectory_staleness_worst/min:np.float64(0.0)
[36m(TaskRunnerV1 pid=1270803)[0m step:11 - global_seqlen/min:3718 - global_seqlen/max:3718 - global_seqlen/minmax_diff:0 - global_seqlen/balanced_min:3718 - global_seqlen/balanced_max:3718 - global_seqlen/mean:3718.0 - actor/entropy:0.26786917448043823 - training/rollout_probs_diff_valid:1 - training/rollout_probs_diff_max:0.08704274892807007 - training/rollout_probs_diff_mean:0.004248812794685364 - training/rollout_probs_diff_std:0.009835142642259598 - training/rollout_actor_probs_pearson_corr:0.9991024136543274 - rollout_corr/training_ppl:1.1531007289886475 - rollout_corr/training_log_ppl:0.13355909287929535 - rollout_corr/kl:0.001059965812601149 - rollout_corr/k3_kl:0.0004297872364986688 - rollout_corr/rollout_ppl:1.1524724960327148 - rollout_corr/rollout_log_ppl:0.1330784261226654 - rollout_corr/log_ppl_diff:0.00048066675662994385 - rollout_corr/log_ppl_abs_diff:0.00048066675662994385 - rollout_corr/log_ppl_diff_max:0.0013278722763061523 - rollout_corr/log_ppl_diff_min:0.0 - rollout_corr/ppl_ratio:1.0004808902740479 - rollout_corr/chi2_token:-0.00041431188583374023 - rollout_corr/chi2_seq:-0.44148004055023193 - actor/pg_clipfrac:np.float64(0.0) - actor/ppo_kl:np.float64(0.0) - actor/pg_clipfrac_lower:np.float64(0.0) - actor/pg_loss:np.float64(-0.1902940422296524) - actor/loss:np.float64(-0.1902940422296524) - actor/grad_norm:np.float64(0.06240203604102135) - actor/lr:np.float64(1e-06) - actor/perf/max_memory_allocated_gb:np.float64(69.77841520309448) - actor/perf/max_memory_reserved_gb:np.float64(93.78515625) - actor/perf/cpu_memory_used_gb:np.float64(31.310840606689453) - perf/mfu/actor:np.float64(0.10203210471971579) - training/global_step:11 - training/epoch:0 - critic/score/mean:0.5 - critic/score/max:1.0 - critic/score/min:0.0 - critic/rewards/mean:0.5 - critic/rewards/max:1.0 - critic/rewards/min:0.0 - critic/advantages/mean:0.19029401242733002 - critic/advantages/max:0.7071057558059692 - critic/advantages/min:-0.7071057558059692 - critic/returns/mean:0.19029401242733002 - critic/returns/max:0.7071057558059692 - critic/returns/min:-0.7071057558059692 - response_length/mean:1687.0 - response_length/max:2141.0 - response_length/min:1233.0 - response_length/clip_ratio:0.5 - response_length_non_aborted/mean:1687.0 - response_length_non_aborted/max:2141.0 - response_length_non_aborted/min:1233.0 - response_length_non_aborted/clip_ratio:0.5 - response/aborted_ratio:0.0 - prompt_length/mean:170.0 - prompt_length/max:170.0 - prompt_length/min:170.0 - prompt_length/clip_ratio:1.0 - timing_s/gen:16.675415844016243 - timing_s/old_log_prob:0.8546382240019739 - timing_s/adv:0.08708669402403757 - timing_s/update_actor:2.0126296620001085 - timing_s/update_weights:25.775011167046614 - timing_s/step:45.50895786099136 - timing_per_token_ms/adv:0.02342299462722904 - timing_per_token_ms/update_actor:0.5413205115653869 - timing_per_token_ms/gen:4.93940042772993 - perf/total_num_tokens:3718 - perf/time_per_step:45.50895786099136 - perf/throughput:81.6982012938366 - training/num_turns/mean:np.float64(2.0) - training/num_turns/max:np.int64(2) - training/num_turns/min:np.int64(2) - training/off_policy/trajectory_spans/mean:np.float64(1.0) - training/off_policy/trajectory_spans/max:np.float64(1.0) - training/off_policy/trajectory_spans/min:np.float64(1.0) - training/off_policy/trajectory_staleness/mean:np.float64(0.0) - training/off_policy/trajectory_staleness/max:np.float64(0.0) - training/off_policy/trajectory_staleness/min:np.float64(0.0) - training/off_policy/trajectory_staleness_worst/mean:np.float64(0.0) - training/off_policy/trajectory_staleness_worst/max:np.float64(0.0) - training/off_policy/trajectory_staleness_worst/min:np.float64(0.0)[36m(TaskRunnerV1 pid=1270803)[0m Training Progress:  22%|██▏       | 11/50 [15:01<44:01, 67.74s/it]
[36m(WorkerDict pid=1272237)[0m INFO:2026-07-06 05:06:01,638:update_weights done, time cost: 0.88s
[36m(TaskRunnerV1 pid=1270803)[0m Training Progress:  24%|██▍       | 12/50 [15:42<37:48, 59.69s/it]
[36m(WorkerDict pid=1272237)[0m INFO:2026-07-06 05:06:40,614:update_weights done, time cost: 0.88s
[36m(TaskRunnerV1 pid=1270803)[0m Training Progress:  26%|██▌       | 13/50 [16:21<32:56, 53.41s/it]
[36m(WorkerDict pid=1272237)[0m INFO:2026-07-06 05:07:23,535:update_weights done, time cost: 0.89s

[36m(TaskRunnerV1 pid=1270803)[0m step:12 - global_seqlen/min:3285 - global_seqlen/max:3285 - global_seqlen/minmax_diff:0 - global_seqlen/balanced_min:3285 - global_seqlen/balanced_max:3285 - global_seqlen/mean:3285.0 - actor/entropy:0.28502872586250305 - training/rollout_probs_diff_valid:1 - training/rollout_probs_diff_max:0.0628100037574768 - training/rollout_probs_diff_mean:0.004046482499688864 - training/rollout_probs_diff_std:0.009405042044818401 - training/rollout_actor_probs_pearson_corr:0.9992439150810242 - rollout_corr/training_ppl:1.1670846939086914 - rollout_corr/training_log_ppl:0.14408305287361145 - rollout_corr/kl:0.00045211886754259467 - rollout_corr/k3_kl:0.0004620966501533985 - rollout_corr/rollout_ppl:1.1667611598968506 - rollout_corr/rollout_log_ppl:0.14384445548057556 - rollout_corr/log_ppl_diff:0.00023861229419708252 - rollout_corr/log_ppl_abs_diff:0.00023861229419708252 - rollout_corr/log_ppl_diff_max:0.0009510219097137451 - rollout_corr/log_ppl_diff_min:0.0 - rollout_corr/ppl_ratio:1.0002387762069702 - rollout_corr/chi2_token:0.0009588003158569336 - rollout_corr/chi2_seq:-0.23532366752624512 - actor/pg_clipfrac:np.float64(0.0) - actor/ppo_kl:np.float64(0.0) - actor/pg_clipfrac_lower:np.float64(0.0) - actor/pg_loss:np.float64(0.0) - actor/loss:np.float64(0.0) - actor/grad_norm:np.float64(0.0) - actor/lr:np.float64(1e-06) - actor/perf/max_memory_allocated_gb:np.float64(69.77841520309448) - actor/perf/max_memory_reserved_gb:np.float64(93.78515625) - actor/perf/cpu_memory_used_gb:np.float64(31.317100524902344) - perf/mfu/actor:np.float64(0.10734465107649714) - training/global_step:12 - training/epoch:0 - critic/score/mean:1.0 - critic/score/max:1.0 - critic/score/min:1.0 - critic/rewards/mean:1.0 - critic/rewards/max:1.0 - critic/rewards/min:1.0 - critic/advantages/mean:0.0 - critic/advantages/max:0.0 - critic/advantages/min:0.0 - critic/returns/mean:0.0 - critic/returns/max:0.0 - critic/returns/min:0.0 - response_length/mean:1481.5 - response_length/max:1560.0 - response_length/min:1403.0 - response_length/clip_ratio:0.5 - response_length_non_aborted/mean:1481.5 - response_length_non_aborted/max:1560.0 - response_length_non_aborted/min:1403.0 - response_length_non_aborted/clip_ratio:0.5 - response/aborted_ratio:0.0 - prompt_length/mean:159.0 - prompt_length/max:159.0 - prompt_length/min:159.0 - prompt_length/clip_ratio:1.0 - timing_s/gen:12.667559984023683 - timing_s/old_log_prob:0.7961714880075306 - timing_s/adv:0.0827115920255892 - timing_s/update_actor:1.7032797140418552 - timing_s/update_weights:25.85663132800255 - timing_s/step:41.21017472300446 - timing_per_token_ms/adv:0.02517856682666338 - timing_per_token_ms/update_actor:0.5185021960553593 - timing_per_token_ms/gen:4.272364244190112 - perf/total_num_tokens:3285 - perf/time_per_step:41.21017472300446 - perf/throughput:79.71332376240177 - training/num_turns/mean:np.float64(2.0) - training/num_turns/max:np.int64(2) - training/num_turns/min:np.int64(2) - training/off_policy/trajectory_spans/mean:np.float64(1.0) - training/off_policy/trajectory_spans/max:np.float64(1.0) - training/off_policy/trajectory_spans/min:np.float64(1.0) - training/off_policy/trajectory_staleness/mean:np.float64(0.0) - training/off_policy/trajectory_staleness/max:np.float64(0.0) - training/off_policy/trajectory_staleness/min:np.float64(0.0) - training/off_policy/trajectory_staleness_worst/mean:np.float64(0.0) - training/off_policy/trajectory_staleness_worst/max:np.float64(0.0) - training/off_policy/trajectory_staleness_worst/min:np.float64(0.0)
[36m(TaskRunnerV1 pid=1270803)[0m step:13 - global_seqlen/min:2962 - global_seqlen/max:2962 - global_seqlen/minmax_diff:0 - global_seqlen/balanced_min:2962 - global_seqlen/balanced_max:2962 - global_seqlen/mean:2962.0 - actor/entropy:0.3698456585407257 - training/rollout_probs_diff_valid:1 - training/rollout_probs_diff_max:0.060570359230041504 - training/rollout_probs_diff_mean:0.003819820238277316 - training/rollout_probs_diff_std:0.008186906576156616 - training/rollout_actor_probs_pearson_corr:0.9995108246803284 - rollout_corr/training_ppl:1.2359397411346436 - rollout_corr/training_log_ppl:0.19306880235671997 - rollout_corr/kl:-6.617260169150541e-06 - rollout_corr/k3_kl:0.00039712662692181766 - rollout_corr/rollout_ppl:1.2359861135482788 - rollout_corr/rollout_log_ppl:0.19308587908744812 - rollout_corr/log_ppl_diff:-1.7091631889343262e-05 - rollout_corr/log_ppl_abs_diff:0.0004980713129043579 - rollout_corr/log_ppl_diff_max:0.0009619593620300293 - rollout_corr/log_ppl_diff_min:-0.0010303258895874023 - rollout_corr/ppl_ratio:0.9999831318855286 - rollout_corr/chi2_token:0.0016083717346191406 - rollout_corr/chi2_seq:2.914386034011841 - actor/pg_clipfrac:np.float64(0.0) - actor/ppo_kl:np.float64(0.0) - actor/pg_clipfrac_lower:np.float64(0.0) - actor/pg_loss:np.float64(0.0) - actor/loss:np.float64(0.0) - actor/grad_norm:np.float64(0.0) - actor/lr:np.float64(1e-06) - actor/perf/max_memory_allocated_gb:np.float64(69.77841520309448) - actor/perf/max_memory_reserved_gb:np.float64(93.78515625) - actor/perf/cpu_memory_used_gb:np.float64(31.323726654052734) - perf/mfu/actor:np.float64(0.10646763354425975) - training/global_step:13 - training/epoch:0 - critic/score/mean:1.0 - critic/score/max:1.0 - critic/score/min:1.0 - critic/rewards/mean:1.0 - critic/rewards/max:1.0 - critic/rewards/min:1.0 - critic/advantages/mean:0.0 - critic/advantages/max:0.0 - critic/advantages/min:0.0 - critic/returns/mean:0.0 - critic/returns/max:0.0 - critic/returns/min:0.0 - response_length/mean:1302.0 - response_length/max:1338.0 - response_length/min:1266.0 - response_length/clip_ratio:0.5 - response_length_non_aborted/mean:1302.0 - response_length_non_aborted/max:1338.0 - response_length_non_aborted/min:1266.0 - response_length_non_aborted/clip_ratio:0.5 - response/aborted_ratio:0.0 - prompt_length/mean:177.0 - prompt_length/max:177.0 - prompt_length/min:177.0 - prompt_length/clip_ratio:1.0 - timing_s/gen:10.622948245028965 - timing_s/old_log_prob:0.7485665130079724 - timing_s/adv:0.08580392296425998 - timing_s/update_actor:1.5544172440422699 - timing_s/update_weights:25.79903492605081 - timing_s/step:38.91497014800552 - timing_per_token_ms/adv:0.028968238678008098 - timing_per_token_ms/update_actor:0.5247863754362829 - timing_per_token_ms/gen:4.07634238105486 - perf/total_num_tokens:2962 - perf/time_per_step:38.91497014800552 - perf/throughput:76.1146671508319 - training/num_turns/mean:np.float64(2.0) - training/num_turns/max:np.int64(2) - training/num_turns/min:np.int64(2) - training/off_policy/trajectory_spans/mean:np.float64(1.0) - training/off_policy/trajectory_spans/max:np.float64(1.0) - training/off_policy/trajectory_spans/min:np.float64(1.0) - training/off_policy/trajectory_staleness/mean:np.float64(0.0) - training/off_policy/trajectory_staleness/max:np.float64(0.0) - training/off_policy/trajectory_staleness/min:np.float64(0.0) - training/off_policy/trajectory_staleness_worst/mean:np.float64(0.0) - training/off_policy/trajectory_staleness_worst/max:np.float64(0.0) - training/off_policy/trajectory_staleness_worst/min:np.float64(0.0)
[36m(TaskRunnerV1 pid=1270803)[0m step:14 - global_seqlen/min:2974 - global_seqlen/max:2974 - global_seqlen/minmax_diff:0 - global_seqlen/balanced_min:2974 - global_seqlen/balanced_max:2974 - global_seqlen/mean:2974.0 - actor/entropy:0.28655099868774414 - training/rollout_probs_diff_valid:1 - training/rollout_probs_diff_max:0.08918201923370361 - training/rollout_probs_diff_mean:0.00390650425106287 - training/rollout_probs_diff_std:0.009495530277490616 - training/rollout_actor_probs_pearson_corr:0.9992199540138245 - rollout_corr/training_ppl:1.1367384195327759 - rollout_corr/training_log_ppl:0.11786410212516785 - rollout_corr/kl:0.0008717351011000574 - rollout_corr/k3_kl:0.0004166947619523853 - rollout_corr/rollout_ppl:1.1360069513320923 - rollout_corr/rollout_log_ppl:0.11724022030830383 - rollout_corr/log_ppl_diff:0.0006238836795091629 - rollout_corr/log_ppl_abs_diff:0.0006238836795091629 - rollout_corr/log_ppl_diff_max:0.0021425262093544006 - rollout_corr/log_ppl_diff_min:0.0 - rollout_corr/ppl_ratio:1.000624418258667 - rollout_corr/chi2_token:-7.623434066772461e-05 - rollout_corr/chi2_seq:-0.42430931329727173 - actor/pg_clipfrac:np.float64(0.0) - actor/ppo_kl:np.float64(0.0) - actor/pg_clipfrac_lower:np.float64(0.0) - actor/pg_loss:np.float64(0.0) - actor/loss:np.float64(0.0) - actor/grad_norm:np.float64(0.0) - actor/lr:np.float64(1e-06) - actor/perf/max_memory_allocated_gb:np.float64(69.77841520309448) - actor/perf/max_memory_reserved_gb:np.float64(93.78515625) - actor/perf/cpu_memory_used_gb:np.float64(31.318416595458984) - perf/mfu/actor:np.float64(0.10620835023894984) - training/global_step:14 - training/epoch:0 - critic/score/mean:1.0 - critic/score/max:1.0 - critic/score/min:1.0 - critic/rewards/mean:1.0 - critic/rewards/max:1.0 - critic/rewards/min:1.0 - critic/advantages/mean:0.0 - critic/advantages/max:0.0 - critic/advantages/min:0.0 - critic/returns/mean:0.0 - critic/returns/max:0.0 - critic/returns/min:0.0 - response_length/mean:1323.0 - response_length/max:1879.0 - response_length/min:767.0 - response_length/clip_ratio:0.5 - response_length_non_aborted/mean:1323.0 - response_length_non_aborted/max:1879.0 - response_length_non_aborted/min:767.0 - response_length_non_aborted/clip_ratio:0.5 - response/aborted_ratio:0.0 - prompt_length/mean:162.0 - prompt_length/max:162.0 - prompt_length/min:162.0 - prompt_length/clip_ratio:1.0 - timing_s/gen:14.631336699007079 - timing_s/old_log_prob:0.7443388520041481 - timing_s/adv:0.08438010100508109 - timing_s/update_actor:1.5707090770010836 - timing_s/update_weights:25.71027265797602 - timing_s/step:42.844506777997594 - timing_per_token_ms/adv:0.028372596168487252 - timing_per_token_ms/update_actor:0.5281469660393691 - timing_per_token_ms/gen:5.525429266996631 - perf/total_num_tokens:2974 - perf/time_per_step:42.844506777997594 - perf/throughput:69.41379942614418 - training/num_turns/mean:np.float64(2.0) - training/num_turns/max:np.int64(2) - training/num_turns/min:np.int64(2) - training/off_policy/trajectory_spans/mean:np.float64(1.0) - training/off_policy/trajectory_spans/max:np.float64(1.0) - training/off_policy/trajectory_spans/min:np.float64(1.0) - training/off_policy/trajectory_staleness/mean:np.float64(0.0) - training/off_policy/trajectory_staleness/max:np.float64(0.0) - training/off_policy/trajectory_staleness/min:np.float64(0.0) - training/off_policy/trajectory_staleness_worst/mean:np.float64(0.0) - training/off_policy/trajectory_staleness_worst/max:np.float64(0.0) - training/off_policy/trajectory_staleness_worst/min:np.float64(0.0)[36m(TaskRunnerV1 pid=1270803)[0m Training Progress:  28%|██▊       | 14/50 [17:04<30:08, 50.24s/it]
[36m(WorkerDict pid=1272237)[0m INFO:2026-07-06 05:08:05,256:update_weights done, time cost: 0.90s
[36m(TaskRunnerV1 pid=1270803)[0m Training Progress:  30%|███       | 15/50 [17:46<27:48, 47.68s/it]
[36m(TransferQueueController pid=1271062)[0m 2026-07-06 05:08:05,466 - INFO - transfer_queue.utils.perf_utils - TQ_CONTROLLER_eaf17cd1: [Performance] Total success requests: 296, Total req/min: 56.43, Total avg process time: 0.0005s; 
[36m(TransferQueueController pid=1271062)[0m Time range: last 5.25 minutes; 
[36m(TransferQueueController pid=1271062)[0m Per-operation statistics: KV_RETRIEVE_META: req_count=112, req/min=21.35, avg_time=0.001073s, max_time=0.002021s, min_time=0.000257s; CLEAR_META: req_count=14, req/min=2.67, avg_time=0.000311s, max_time=0.000473s, min_time=0.000237s; SET_CUSTOM_META: req_count=63, req/min=12.01, avg_time=0.000046s, max_time=0.000092s, min_time=0.000017s; KV_LIST: req_count=58, req/min=11.06, avg_time=0.000067s, max_time=0.000077s, min_time=0.000046s; NOTIFY_DATA_UPDATE: req_count=42, req/min=8.01, avg_time=0.000406s, max_time=0.000547s, min_time=0.000184s; KV_RETRIEVE_KEYS: req_count=7, req/min=1.33, avg_time=0.000063s, max_time=0.000075s, min_time=0.000054s
[36m(SimpleStorageUnit pid=1271152)[0m 2026-07-06 05:08:05,483 - INFO - transfer_queue.utils.perf_utils - TQ_STORAGE_UNIT_a1209543: [Performance] Total success requests: 73, Total req/min: 13.92, Total avg process time: 0.0080s; 
[36m(SimpleStorageUnit pid=1271152)[0m Time range: last 5.25 minutes; 
[36m(SimpleStorageUnit pid=1271152)[0m Per-operation statistics: CLEAR_DATA: req_count=9, req/min=1.72, avg_time=0.008083s, max_time=0.009428s, min_time=0.006850s; PUT_DATA: req_count=28, req/min=5.34, avg_time=0.007764s, max_time=0.009350s, min_time=0.002418s; GET_DATA: req_count=36, req/min=6.86, avg_time=0.008204s, max_time=0.011317s, min_time=0.003544s
[36m(SimpleStorageUnit pid=1271147)[0m 2026-07-06 05:08:05,486 - INFO - transfer_queue.utils.perf_utils - TQ_STORAGE_UNIT_408ff0fc: [Performance] Total success requests: 73, Total req/min: 13.92, Total avg process time: 0.0079s; 
[36m(SimpleStorageUnit pid=1271147)[0m Time range: last 5.25 minutes; 
[36m(SimpleStorageUnit pid=1271147)[0m Per-operation statistics: CLEAR_DATA: req_count=8, req/min=1.53, avg_time=0.007997s, max_time=0.008926s, min_time=0.006891s; PUT_DATA: req_count=28, req/min=5.34, avg_time=0.007701s, max_time=0.008836s, min_time=0.007091s; GET_DATA: req_count=37, req/min=7.05, avg_time=0.008029s, max_time=0.010181s, min_time=0.006769s
[36m(SimpleStorageUnit pid=1271159)[0m 2026-07-06 05:08:05,489 - INFO - transfer_queue.utils.perf_utils - TQ_STORAGE_UNIT_f3e9a767: [Performance] Total success requests: 74, Total req/min: 14.11, Total avg process time: 0.0080s; 
[36m(SimpleStorageUnit pid=1271159)[0m Time range: last 5.25 minutes; 
[36m(SimpleStorageUnit pid=1271159)[0m Per-operation statistics: CLEAR_DATA: req_count=9, req/min=1.72, avg_time=0.008393s, max_time=0.012982s, min_time=0.006972s; PUT_DATA: req_count=28, req/min=5.34, avg_time=0.007758s, max_time=0.008503s, min_time=0.007165s; GET_DATA: req_count=37, req/min=7.05, avg_time=0.008095s, max_time=0.009382s, min_time=0.006801s
[36m(SimpleStorageUnit pid=1271146)[0m 2026-07-06 05:08:05,488 - INFO - transfer_queue.utils.perf_utils - TQ_STORAGE_UNIT_b97746ab: [Performance] Total success requests: 74, Total req/min: 14.11, Total avg process time: 0.0078s; 
[36m(SimpleStorageUnit pid=1271146)[0m Time range: last 5.25 minutes; 
[36m(SimpleStorageUnit pid=1271146)[0m Per-operation statistics: CLEAR_DATA: req_count=9, req/min=1.72, avg_time=0.008312s, max_time=0.012907s, min_time=0.006851s; PUT_DATA: req_count=28, req/min=5.34, avg_time=0.007541s, max_time=0.008877s, min_time=0.002795s; GET_DATA: req_count=37, req/min=7.05, avg_time=0.007886s, max_time=0.009123s, min_time=0.005951s
[36m(TaskRunnerV1 pid=1270803)[0m INFO:2026-07-06 05:09:05,639:pending: 0, running: 1, finished: 0, failure: 0
[36m(TaskRunnerV1 pid=1270803)[0m INFO:2026-07-06 05:10:05,728:pending: 0, running: 1, finished: 0, failure: 0
[36m(WorkerDict pid=1272237)[0m INFO:2026-07-06 05:11:28,181:update_weights done, time cost: 1.32s
[36m(TaskRunnerV1 pid=1270803)[0m Training Progress:  32%|███▏      | 16/50 [21:09<53:30, 94.41s/it]
[36m(WorkerDict pid=1272237)[0m INFO:2026-07-06 05:12:09,568:update_weights done, time cost: 0.86s

[36m(TaskRunnerV1 pid=1270803)[0m step:15 - global_seqlen/min:4065 - global_seqlen/max:4065 - global_seqlen/minmax_diff:0 - global_seqlen/balanced_min:4065 - global_seqlen/balanced_max:4065 - global_seqlen/mean:4065.0 - actor/entropy:0.4412399232387543 - training/rollout_probs_diff_valid:1 - training/rollout_probs_diff_max:0.08327406644821167 - training/rollout_probs_diff_mean:0.004896732047200203 - training/rollout_probs_diff_std:0.00885032769292593 - training/rollout_actor_probs_pearson_corr:0.9994103908538818 - rollout_corr/training_ppl:1.2668496370315552 - rollout_corr/training_log_ppl:0.2138271927833557 - rollout_corr/kl:0.0009702220559120178 - rollout_corr/k3_kl:0.00047734432155266404 - rollout_corr/rollout_ppl:1.266116976737976 - rollout_corr/rollout_log_ppl:0.2133476436138153 - rollout_corr/log_ppl_diff:0.0004795566201210022 - rollout_corr/log_ppl_abs_diff:0.0004795566201210022 - rollout_corr/log_ppl_diff_max:0.0013751089572906494 - rollout_corr/log_ppl_diff_min:0.0 - rollout_corr/ppl_ratio:1.000479817390442 - rollout_corr/chi2_token:-3.260374069213867e-05 - rollout_corr/chi2_seq:-0.44630879163742065 - actor/pg_clipfrac:np.float64(0.0) - actor/ppo_kl:np.float64(0.0) - actor/pg_clipfrac_lower:np.float64(0.0) - actor/pg_loss:np.float64(0.0) - actor/loss:np.float64(0.0) - actor/grad_norm:np.float64(0.0) - actor/lr:np.float64(1e-06) - actor/perf/max_memory_allocated_gb:np.float64(69.77841520309448) - actor/perf/max_memory_reserved_gb:np.float64(93.78515625) - actor/perf/cpu_memory_used_gb:np.float64(31.428619384765625) - perf/mfu/actor:np.float64(0.10925537528535793) - training/global_step:15 - training/epoch:0 - critic/score/mean:1.0 - critic/score/max:1.0 - critic/score/min:1.0 - critic/rewards/mean:1.0 - critic/rewards/max:1.0 - critic/rewards/min:1.0 - critic/advantages/mean:0.0 - critic/advantages/max:0.0 - critic/advantages/min:0.0 - critic/returns/mean:0.0 - critic/returns/max:0.0 - critic/returns/min:0.0 - response_length/mean:1517.5 - response_length/max:1558.0 - response_length/min:1477.0 - response_length/clip_ratio:0.5 - response_length_non_aborted/mean:1517.5 - response_length_non_aborted/max:1558.0 - response_length_non_aborted/min:1477.0 - response_length_non_aborted/clip_ratio:0.5 - response/aborted_ratio:0.0 - prompt_length/mean:513.0 - prompt_length/max:513.0 - prompt_length/min:513.0 - prompt_length/clip_ratio:1.0 - timing_s/gen:12.648128941014875 - timing_s/old_log_prob:0.9455964919761755 - timing_s/adv:0.08495439297985286 - timing_s/update_actor:2.0705809959908947 - timing_s/update_weights:25.794938492006622 - timing_s/step:41.674430741986725 - timing_per_token_ms/adv:0.02089898966294043 - timing_per_token_ms/update_actor:0.509368018693947 - timing_per_token_ms/gen:4.164678610805029 - perf/total_num_tokens:4065 - perf/time_per_step:41.674430741986725 - perf/throughput:97.54182427030823 - training/num_turns/mean:np.float64(2.0) - training/num_turns/max:np.int64(2) - training/num_turns/min:np.int64(2) - training/off_policy/trajectory_spans/mean:np.float64(1.0) - training/off_policy/trajectory_spans/max:np.float64(1.0) - training/off_policy/trajectory_spans/min:np.float64(1.0) - training/off_policy/trajectory_staleness/mean:np.float64(0.0) - training/off_policy/trajectory_staleness/max:np.float64(0.0) - training/off_policy/trajectory_staleness/min:np.float64(0.0) - training/off_policy/trajectory_staleness_worst/mean:np.float64(0.0) - training/off_policy/trajectory_staleness_worst/max:np.float64(0.0) - training/off_policy/trajectory_staleness_worst/min:np.float64(0.0)
[36m(TaskRunnerV1 pid=1270803)[0m step:16 - global_seqlen/min:29299 - global_seqlen/max:29299 - global_seqlen/minmax_diff:0 - global_seqlen/balanced_min:29299 - global_seqlen/balanced_max:29299 - global_seqlen/mean:29299.0 - actor/entropy:0.38785138726234436 - training/rollout_probs_diff_valid:1 - training/rollout_probs_diff_max:0.11483579874038696 - training/rollout_probs_diff_mean:0.004192091524600983 - training/rollout_probs_diff_std:0.008538038469851017 - training/rollout_actor_probs_pearson_corr:0.9994683861732483 - rollout_corr/training_ppl:1.2462527751922607 - rollout_corr/training_log_ppl:0.2001308798789978 - rollout_corr/kl:0.0004076457116752863 - rollout_corr/k3_kl:0.00043767804163508117 - rollout_corr/rollout_ppl:1.2459614276885986 - rollout_corr/rollout_log_ppl:0.1999347060918808 - rollout_corr/log_ppl_diff:0.00019618123769760132 - rollout_corr/log_ppl_abs_diff:0.00019618123769760132 - rollout_corr/log_ppl_diff_max:0.0004849433898925781 - rollout_corr/log_ppl_diff_min:0.0 - rollout_corr/ppl_ratio:1.0001962184906006 - rollout_corr/chi2_token:0.0009417533874511719 - rollout_corr/chi2_seq:-0.4997817277908325 - actor/pg_clipfrac:np.float64(0.0) - actor/ppo_kl:np.float64(0.0) - actor/pg_clipfrac_lower:np.float64(0.0) - actor/pg_loss:np.float64(0.11655644327402115) - actor/loss:np.float64(0.11655644327402115) - actor/grad_norm:np.float64(0.023287039250135422) - actor/lr:np.float64(1e-06) - actor/perf/max_memory_allocated_gb:np.float64(75.68736505508423) - actor/perf/max_memory_reserved_gb:np.float64(97.521484375) - actor/perf/cpu_memory_used_gb:np.float64(31.712055206298828) - perf/mfu/actor:np.float64(0.051432356421216845) - training/global_step:16 - training/epoch:0 - critic/score/mean:0.5 - critic/score/max:1.0 - critic/score/min:0.0 - critic/rewards/mean:0.5 - critic/rewards/max:1.0 - critic/rewards/min:0.0 - critic/advantages/mean:-0.11655642837285995 - critic/advantages/max:0.7071057558059692 - critic/advantages/min:-0.7071057558059692 - critic/returns/mean:-0.11655642837285995 - critic/returns/max:0.7071057558059692 - critic/returns/min:-0.7071057558059692 - response_length/mean:14065.5 - response_length/max:16384.0 - response_length/min:11747.0 - response_length/clip_ratio:0.5 - response_length_non_aborted/mean:14065.5 - response_length_non_aborted/max:16384.0 - response_length_non_aborted/min:11747.0 - response_length_non_aborted/clip_ratio:0.5 - response/aborted_ratio:0.0 - prompt_length/mean:582.0 - prompt_length/max:582.0 - prompt_length/min:582.0 - prompt_length/clip_ratio:1.0 - timing_s/gen:130.89621558604995 - timing_s/old_log_prob:9.201820871967357 - timing_s/adv:0.099036747997161 - timing_s/update_actor:36.1197332359734 - timing_s/update_weights:26.4263469009893 - timing_s/step:202.87437750399113 - timing_per_token_ms/adv:0.00338020915379914 - timing_per_token_ms/update_actor:1.2327974755443325 - timing_per_token_ms/gen:4.652764212350263 - perf/total_num_tokens:29299 - perf/time_per_step:202.87437750399113 - perf/throughput:144.41942033524467 - training/num_turns/mean:np.float64(2.0) - training/num_turns/max:np.int64(2) - training/num_turns/min:np.int64(2) - training/off_policy/trajectory_spans/mean:np.float64(1.0) - training/off_policy/trajectory_spans/max:np.float64(1.0) - training/off_policy/trajectory_spans/min:np.float64(1.0) - training/off_policy/trajectory_staleness/mean:np.float64(0.0) - training/off_policy/trajectory_staleness/max:np.float64(0.0) - training/off_policy/trajectory_staleness/min:np.float64(0.0) - training/off_policy/trajectory_staleness_worst/mean:np.float64(0.0) - training/off_policy/trajectory_staleness_worst/max:np.float64(0.0) - training/off_policy/trajectory_staleness_worst/min:np.float64(0.0)
[36m(TaskRunnerV1 pid=1270803)[0m step:17 - global_seqlen/min:2984 - global_seqlen/max:2984 - global_seqlen/minmax_diff:0 - global_seqlen/balanced_min:2984 - global_seqlen/balanced_max:2984 - global_seqlen/mean:2984.0 - actor/entropy:0.18287843465805054 - training/rollout_probs_diff_valid:1 - training/rollout_probs_diff_max:0.09001988172531128 - training/rollout_probs_diff_mean:0.002972560003399849 - training/rollout_probs_diff_std:0.008546300232410431 - training/rollout_actor_probs_pearson_corr:0.9991890788078308 - rollout_corr/training_ppl:1.1040877103805542 - rollout_corr/training_log_ppl:0.09425053000450134 - rollout_corr/kl:0.0007447003736160696 - rollout_corr/k3_kl:0.0002871082106139511 - rollout_corr/rollout_ppl:1.103616714477539 - rollout_corr/rollout_log_ppl:0.0938522070646286 - rollout_corr/log_ppl_diff:0.0003983303904533386 - rollout_corr/log_ppl_abs_diff:0.0003983303904533386 - rollout_corr/log_ppl_diff_max:0.0012711882591247559 - rollout_corr/log_ppl_diff_min:0.0 - rollout_corr/ppl_ratio:1.0003985166549683 - rollout_corr/chi2_token:-0.0003402233123779297 - rollout_corr/chi2_seq:-0.38871467113494873 - actor/pg_clipfrac:np.float64(0.0) - actor/ppo_kl:np.float64(0.0) - actor/pg_clipfrac_lower:np.float64(0.0) - actor/pg_loss:np.float64(0.0) - actor/loss:np.float64(0.0) - actor/grad_norm:np.float64(0.0) - actor/lr:np.float64(1e-06) - actor/perf/max_memory_allocated_gb:np.float64(75.68736505508423) - actor/perf/max_memory_reserved_gb:np.float64(102.16015625) - actor/perf/cpu_memory_used_gb:np.float64(31.504188537597656) - perf/mfu/actor:np.float64(0.10577618597829272) - training/global_step:17 - training/epoch:0 - critic/score/mean:1.0 - critic/score/max:1.0 - critic/score/min:1.0 - critic/rewards/mean:1.0 - critic/rewards/max:1.0 - critic/rewards/min:1.0 - critic/advantages/mean:0.0 - critic/advantages/max:0.0 - critic/advantages/min:0.0 - critic/returns/mean:0.0 - critic/returns/max:0.0 - critic/returns/min:0.0 - response_length/mean:1306.0 - response_length/max:1449.0 - response_length/min:1163.0 - response_length/clip_ratio:0.5 - response_length_non_aborted/mean:1306.0 - response_length_non_aborted/max:1449.0 - response_length_non_aborted/min:1163.0 - response_length_non_aborted/clip_ratio:0.5 - response/aborted_ratio:0.0 - prompt_length/mean:184.0 - prompt_length/max:184.0 - prompt_length/min:184.0 - prompt_length/clip_ratio:1.0 - timing_s/gen:12.630762689979747 - timing_s/old_log_prob:0.7513413340202533 - timing_s/adv:0.08678874897304922 - timing_s/update_actor:1.5783214589464478 - timing_s/update_weights:26.14443011098774 - timing_s/step:41.294966403977014 - timing_per_token_ms/adv:0.02908470139847494 - timing_per_token_ms/update_actor:0.5289281028640911 - timing_per_token_ms/gen:4.8319673641850605 - perf/total_num_tokens:2984 - perf/time_per_step:41.294966403977014 - perf/throughput:72.26062302142032 - training/num_turns/mean:np.float64(2.0) - training/num_turns/max:np.int64(2) - training/num_turns/min:np.int64(2) - training/off_policy/trajectory_spans/mean:np.float64(1.0) - training/off_policy/trajectory_spans/max:np.float64(1.0) - training/off_policy/trajectory_spans/min:np.float64(1.0) - training/off_policy/trajectory_staleness/mean:np.float64(0.0) - training/off_policy/trajectory_staleness/max:np.float64(0.0) - training/off_policy/trajectory_staleness/min:np.float64(0.0) - training/off_policy/trajectory_staleness_worst/mean:np.float64(0.0) - training/off_policy/trajectory_staleness_worst/max:np.float64(0.0) - training/off_policy/trajectory_staleness_worst/min:np.float64(0.0)[36m(TaskRunnerV1 pid=1270803)[0m Training Progress:  34%|███▍      | 17/50 [21:50<43:09, 78.46s/it]
[36m(TransferQueueController pid=1271062)[0m 2026-07-06 05:13:05,936 - INFO - transfer_queue.utils.perf_utils - TQ_CONTROLLER_eaf17cd1: [Performance] Total success requests: 176, Total req/min: 35.14, Total avg process time: 0.0003s; 
[36m(TransferQueueController pid=1271062)[0m Time range: last 5.01 minutes; 
[36m(TransferQueueController pid=1271062)[0m Per-operation statistics: KV_RETRIEVE_META: req_count=35, req/min=6.99, avg_time=0.001101s, max_time=0.002358s, min_time=0.000674s; CLEAR_META: req_count=5, req/min=1.00, avg_time=0.000296s, max_time=0.000349s, min_time=0.000254s; SET_CUSTOM_META: req_count=20, req/min=3.99, avg_time=0.000047s, max_time=0.000077s, min_time=0.000034s; KV_LIST: req_count=102, req/min=20.37, avg_time=0.000069s, max_time=0.000091s, min_time=0.000046s; NOTIFY_DATA_UPDATE: req_count=12, req/min=2.40, avg_time=0.000426s, max_time=0.000540s, min_time=0.000303s; KV_RETRIEVE_KEYS: req_count=2, req/min=0.40, avg_time=0.000060s, max_time=0.000065s, min_time=0.000056s
[36m(TaskRunnerV1 pid=1270803)[0m INFO:2026-07-06 05:13:09,943:pending: 0, running: 1, finished: 0, failure: 0
[36m(SimpleStorageUnit pid=1271159)[0m 2026-07-06 05:13:37,542 - INFO - transfer_queue.utils.perf_utils - TQ_STORAGE_UNIT_f3e9a767: [Performance] Total success requests: 22, Total req/min: 3.98, Total avg process time: 0.0083s; 
[36m(SimpleStorageUnit pid=1271159)[0m Time range: last 5.53 minutes; 
[36m(SimpleStorageUnit pid=1271159)[0m Per-operation statistics: CLEAR_DATA: req_count=3, req/min=0.54, avg_time=0.009087s, max_time=0.010145s, min_time=0.008276s; PUT_DATA: req_count=9, req/min=1.63, avg_time=0.007792s, max_time=0.008491s, min_time=0.007322s; GET_DATA: req_count=10, req/min=1.81, avg_time=0.008523s, max_time=0.008827s, min_time=0.008244s
[36m(SimpleStorageUnit pid=1271147)[0m 2026-07-06 05:14:09,046 - INFO - transfer_queue.utils.perf_utils - TQ_STORAGE_UNIT_408ff0fc: [Performance] Total success requests: 23, Total req/min: 3.80, Total avg process time: 0.0081s; 
[36m(SimpleStorageUnit pid=1271147)[0m Time range: last 6.06 minutes; 
[36m(SimpleStorageUnit pid=1271147)[0m Per-operation statistics: CLEAR_DATA: req_count=4, req/min=0.66, avg_time=0.008362s, max_time=0.009383s, min_time=0.006976s; PUT_DATA: req_count=9, req/min=1.49, avg_time=0.007794s, max_time=0.008254s, min_time=0.007231s; GET_DATA: req_count=10, req/min=1.65, avg_time=0.008324s, max_time=0.008620s, min_time=0.007911s
[36m(TaskRunnerV1 pid=1270803)[0m INFO:2026-07-06 05:14:10,037:pending: 0, running: 0, finished: 1, failure: 0
[36m(SimpleStorageUnit pid=1271146)[0m 2026-07-06 05:14:10,052 - INFO - transfer_queue.utils.perf_utils - TQ_STORAGE_UNIT_b97746ab: [Performance] Total success requests: 23, Total req/min: 3.79, Total avg process time: 0.0082s; 
[36m(SimpleStorageUnit pid=1271146)[0m Time range: last 6.08 minutes; 
[36m(SimpleStorageUnit pid=1271146)[0m Per-operation statistics: CLEAR_DATA: req_count=4, req/min=0.66, avg_time=0.008367s, max_time=0.009964s, min_time=0.007000s; PUT_DATA: req_count=8, req/min=1.32, avg_time=0.007554s, max_time=0.008253s, min_time=0.007301s; GET_DATA: req_count=11, req/min=1.81, avg_time=0.008510s, max_time=0.012290s, min_time=0.006774s
[36m(SimpleStorageUnit pid=1271152)[0m 2026-07-06 05:14:10,827 - INFO - transfer_queue.utils.perf_utils - TQ_STORAGE_UNIT_a1209543: [Performance] Total success requests: 24, Total req/min: 3.94, Total avg process time: 0.0081s; 
[36m(SimpleStorageUnit pid=1271152)[0m Time range: last 6.09 minutes; 
[36m(SimpleStorageUnit pid=1271152)[0m Per-operation statistics: CLEAR_DATA: req_count=4, req/min=0.66, avg_time=0.008359s, max_time=0.010369s, min_time=0.006993s; PUT_DATA: req_count=9, req/min=1.48, avg_time=0.007561s, max_time=0.010122s, min_time=0.002166s; GET_DATA: req_count=11, req/min=1.81, avg_time=0.008455s, max_time=0.009307s, min_time=0.006511s
[36m(WorkerDict pid=1272237)[0m INFO:2026-07-06 05:15:16,709:update_weights done, time cost: 1.33s
[36m(TaskRunnerV1 pid=1270803)[0m Training Progress:  36%|███▌      | 18/50 [24:57<59:16, 111.13s/it]
[36m(WorkerDict pid=1272237)[0m INFO:2026-07-06 05:15:59,956:update_weights done, time cost: 0.82s
[36m(TaskRunnerV1 pid=1270803)[0m Training Progress:  38%|███▊      | 19/50 [25:41<46:53, 90.75s/it] 
[36m(TaskRunnerV1 pid=1270803)[0m INFO:2026-07-06 05:17:00,395:pending: 0, running: 1, finished: 0, failure: 0
[36m(WorkerDict pid=1272237)[0m INFO:2026-07-06 05:18:27,135:update_weights done, time cost: 1.09s
[36m(TransferQueueController pid=1271062)[0m 2026-07-06 05:18:27,349 - INFO - transfer_queue.utils.perf_utils - TQ_CONTROLLER_eaf17cd1: [Performance] Total success requests: 188, Total req/min: 35.10, Total avg process time: 0.0004s; 
[36m(TransferQueueController pid=1271062)[0m Time range: last 5.36 minutes; 
[36m(TransferQueueController pid=1271062)[0m Per-operation statistics: KV_LIST: req_count=92, req/min=17.17, avg_time=0.000076s, max_time=0.000436s, min_time=0.000038s; KV_RETRIEVE_META: req_count=45, req/min=8.40, avg_time=0.001180s, max_time=0.001957s, min_time=0.000696s; NOTIFY_DATA_UPDATE: req_count=18, req/min=3.36, avg_time=0.000444s, max_time=0.000611s, min_time=0.000328s; SET_CUSTOM_META: req_count=25, req/min=4.67, avg_time=0.000051s, max_time=0.000086s, min_time=0.000036s; CLEAR_META: req_count=5, req/min=0.93, avg_time=0.000311s, max_time=0.000336s, min_time=0.000274s; KV_RETRIEVE_KEYS: req_count=3, req/min=0.56, avg_time=0.000062s, max_time=0.000072s, min_time=0.000055s

[36m(TaskRunnerV1 pid=1270803)[0m step:18 - global_seqlen/min:26942 - global_seqlen/max:26942 - global_seqlen/minmax_diff:0 - global_seqlen/balanced_min:26942 - global_seqlen/balanced_max:26942 - global_seqlen/mean:26942.0 - actor/entropy:0.37941843271255493 - training/rollout_probs_diff_valid:1 - training/rollout_probs_diff_max:0.12464553117752075 - training/rollout_probs_diff_mean:0.004003491252660751 - training/rollout_probs_diff_std:0.008407996036112309 - training/rollout_actor_probs_pearson_corr:0.9994801878929138 - rollout_corr/training_ppl:1.2354164123535156 - rollout_corr/training_log_ppl:0.19226279854774475 - rollout_corr/kl:0.00014431554882321507 - rollout_corr/k3_kl:0.0004156966751907021 - rollout_corr/rollout_ppl:1.2352901697158813 - rollout_corr/rollout_log_ppl:0.19218042492866516 - rollout_corr/log_ppl_diff:8.238852024078369e-05 - rollout_corr/log_ppl_abs_diff:8.238852024078369e-05 - rollout_corr/log_ppl_diff_max:0.00030031800270080566 - rollout_corr/log_ppl_diff_min:0.0 - rollout_corr/ppl_ratio:1.0000823736190796 - rollout_corr/chi2_token:0.0013797283172607422 - rollout_corr/chi2_seq:-0.3975250720977783 - actor/pg_clipfrac:np.float64(0.0) - actor/ppo_kl:np.float64(0.0) - actor/pg_clipfrac_lower:np.float64(0.0) - actor/pg_loss:np.float64(-0.10674197226762772) - actor/loss:np.float64(-0.10674197226762772) - actor/grad_norm:np.float64(0.044164326041936874) - actor/lr:np.float64(1e-06) - actor/perf/max_memory_allocated_gb:np.float64(75.68736505508423) - actor/perf/max_memory_reserved_gb:np.float64(102.16015625) - actor/perf/cpu_memory_used_gb:np.float64(31.770652770996094) - perf/mfu/actor:np.float64(0.053659867931500654) - training/global_step:18 - training/epoch:0 - critic/score/mean:0.5 - critic/score/max:1.0 - critic/score/min:0.0 - critic/rewards/mean:0.5 - critic/rewards/max:1.0 - critic/rewards/min:0.0 - critic/advantages/mean:0.10674196481704712 - critic/advantages/max:0.7071057558059692 - critic/advantages/min:-0.7071057558059692 - critic/returns/mean:0.10674196481704712 - critic/returns/max:0.7071057558059692 - critic/returns/min:-0.7071057558059692 - response_length/mean:13282.0 - response_length/max:15287.0 - response_length/min:11277.0 - response_length/clip_ratio:0.5 - response_length_non_aborted/mean:13282.0 - response_length_non_aborted/max:15287.0 - response_length_non_aborted/min:11277.0 - response_length_non_aborted/clip_ratio:0.5 - response/aborted_ratio:0.0 - prompt_length/mean:187.0 - prompt_length/max:187.0 - prompt_length/min:187.0 - prompt_length/clip_ratio:1.0 - timing_s/gen:120.89227966195904 - timing_s/old_log_prob:7.93543488899013 - timing_s/adv:0.09348232904449105 - timing_s/update_actor:31.28818308201153 - timing_s/update_weights:26.775450899032876 - timing_s/step:187.09869179100497 - timing_per_token_ms/adv:0.0034697620460430205 - timing_per_token_ms/update_actor:1.161316275035689 - timing_per_token_ms/gen:4.550639150115148 - perf/total_num_tokens:26942 - perf/time_per_step:187.09869179100497 - perf/throughput:143.99886895037753 - training/num_turns/mean:np.float64(2.0) - training/num_turns/max:np.int64(2) - training/num_turns/min:np.int64(2) - training/off_policy/trajectory_spans/mean:np.float64(1.0) - training/off_policy/trajectory_spans/max:np.float64(1.0) - training/off_policy/trajectory_spans/min:np.float64(1.0) - training/off_policy/trajectory_staleness/mean:np.float64(0.0) - training/off_policy/trajectory_staleness/max:np.float64(0.0) - training/off_policy/trajectory_staleness/min:np.float64(0.0) - training/off_policy/trajectory_staleness_worst/mean:np.float64(0.0) - training/off_policy/trajectory_staleness_worst/max:np.float64(0.0) - training/off_policy/trajectory_staleness_worst/min:np.float64(0.0)
[36m(TaskRunnerV1 pid=1270803)[0m step:19 - global_seqlen/min:3001 - global_seqlen/max:3001 - global_seqlen/minmax_diff:0 - global_seqlen/balanced_min:3001 - global_seqlen/balanced_max:3001 - global_seqlen/mean:3001.0 - actor/entropy:0.43995076417922974 - training/rollout_probs_diff_valid:1 - training/rollout_probs_diff_max:0.09968104958534241 - training/rollout_probs_diff_mean:0.004728357773274183 - training/rollout_probs_diff_std:0.009188603609800339 - training/rollout_actor_probs_pearson_corr:0.9993976354598999 - rollout_corr/training_ppl:1.2575743198394775 - rollout_corr/training_log_ppl:0.20745277404785156 - rollout_corr/kl:0.0005024927668273449 - rollout_corr/k3_kl:0.0005136617692187428 - rollout_corr/rollout_ppl:1.257201075553894 - rollout_corr/rollout_log_ppl:0.20720720291137695 - rollout_corr/log_ppl_diff:0.0002455711364746094 - rollout_corr/log_ppl_abs_diff:0.0002455711364746094 - rollout_corr/log_ppl_diff_max:0.000539243221282959 - rollout_corr/log_ppl_diff_min:0.0 - rollout_corr/ppl_ratio:1.0002455711364746 - rollout_corr/chi2_token:0.001053929328918457 - rollout_corr/chi2_seq:-0.35660600662231445 - actor/pg_clipfrac:np.float64(0.0) - actor/ppo_kl:np.float64(0.0) - actor/pg_clipfrac_lower:np.float64(0.0) - actor/pg_loss:np.float64(0.0) - actor/loss:np.float64(0.0) - actor/grad_norm:np.float64(0.0) - actor/lr:np.float64(1e-06) - actor/perf/max_memory_allocated_gb:np.float64(75.68736505508423) - actor/perf/max_memory_reserved_gb:np.float64(102.16015625) - actor/perf/cpu_memory_used_gb:np.float64(31.609275817871094) - perf/mfu/actor:np.float64(0.10511556391109714) - training/global_step:19 - training/epoch:0 - critic/score/mean:1.0 - critic/score/max:1.0 - critic/score/min:1.0 - critic/rewards/mean:1.0 - critic/rewards/max:1.0 - critic/rewards/min:1.0 - critic/advantages/mean:0.0 - critic/advantages/max:0.0 - critic/advantages/min:0.0 - critic/returns/mean:0.0 - critic/returns/max:0.0 - critic/returns/min:0.0 - response_length/mean:1335.5 - response_length/max:1651.0 - response_length/min:1020.0 - response_length/clip_ratio:0.5 - response_length_non_aborted/mean:1335.5 - response_length_non_aborted/max:1651.0 - response_length_non_aborted/min:1020.0 - response_length_non_aborted/clip_ratio:0.5 - response/aborted_ratio:0.0 - prompt_length/mean:163.0 - prompt_length/max:163.0 - prompt_length/min:163.0 - prompt_length/clip_ratio:1.0 - timing_s/gen:14.620626660005655 - timing_s/old_log_prob:0.7654345050104894 - timing_s/adv:0.08636589196976274 - timing_s/update_actor:1.596239708014764 - timing_s/update_weights:26.045787087001372 - timing_s/step:43.21718667901587 - timing_per_token_ms/adv:0.02877903764403957 - timing_per_token_ms/update_actor:0.5319026018043198 - timing_per_token_ms/gen:5.469744354659803 - perf/total_num_tokens:3001 - perf/time_per_step:43.21718667901587 - perf/throughput:69.43996661071733 - training/num_turns/mean:np.float64(2.0) - training/num_turns/max:np.int64(2) - training/num_turns/min:np.int64(2) - training/off_policy/trajectory_spans/mean:np.float64(1.0) - training/off_policy/trajectory_spans/max:np.float64(1.0) - training/off_policy/trajectory_spans/min:np.float64(1.0) - training/off_policy/trajectory_staleness/mean:np.float64(0.0) - training/off_policy/trajectory_staleness/max:np.float64(0.0) - training/off_policy/trajectory_staleness/min:np.float64(0.0) - training/off_policy/trajectory_staleness_worst/mean:np.float64(0.0) - training/off_policy/trajectory_staleness_worst/max:np.float64(0.0) - training/off_policy/trajectory_staleness_worst/min:np.float64(0.0)
[36m(TaskRunnerV1 pid=1270803)[0m step:20 - global_seqlen/min:17155 - global_seqlen/max:17155 - global_seqlen/minmax_diff:0 - global_seqlen/balanced_min:17155 - global_seqlen/balanced_max:17155 - global_seqlen/mean:17155.0 - actor/entropy:0.46199047565460205 - training/rollout_probs_diff_valid:1 - training/rollout_probs_diff_max:0.10204732418060303 - training/rollout_probs_diff_mean:0.0044858939945697784 - training/rollout_probs_diff_std:0.008698022924363613 - training/rollout_actor_probs_pearson_corr:0.9994866847991943 - rollout_corr/training_ppl:1.2522199153900146 - rollout_corr/training_log_ppl:0.2029426246881485 - rollout_corr/kl:0.0003620829957071692 - rollout_corr/k3_kl:0.0004726978368125856 - rollout_corr/rollout_ppl:1.251885175704956 - rollout_corr/rollout_log_ppl:0.2027149796485901 - rollout_corr/log_ppl_diff:0.00022764503955841064 - rollout_corr/log_ppl_abs_diff:0.00022764503955841064 - rollout_corr/log_ppl_diff_max:0.0005982816219329834 - rollout_corr/log_ppl_diff_min:0.0 - rollout_corr/ppl_ratio:1.000227689743042 - rollout_corr/chi2_token:0.0011715888977050781 - rollout_corr/chi2_seq:-0.4913485646247864 - actor/pg_clipfrac:np.float64(0.0) - actor/ppo_kl:np.float64(0.0) - actor/pg_clipfrac_lower:np.float64(0.0) - actor/pg_loss:np.float64(0.0) - actor/loss:np.float64(0.0) - actor/grad_norm:np.float64(0.0) - actor/lr:np.float64(1e-06) - actor/perf/max_memory_allocated_gb:np.float64(75.68736505508423) - actor/perf/max_memory_reserved_gb:np.float64(102.16015625) - actor/perf/cpu_memory_used_gb:np.float64(31.766620635986328) - perf/mfu/actor:np.float64(0.0746496033072238) - training/global_step:20 - training/epoch:0 - critic/score/mean:1.0 - critic/score/max:1.0 - critic/score/min:1.0 - critic/rewards/mean:1.0 - critic/rewards/max:1.0 - critic/rewards/min:1.0 - critic/advantages/mean:0.0 - critic/advantages/max:0.0 - critic/advantages/min:0.0 - critic/returns/mean:0.0 - critic/returns/max:0.0 - critic/returns/min:0.0 - response_length/mean:8084.5 - response_length/max:13352.0 - response_length/min:2817.0 - response_length/clip_ratio:0.5 - response_length_non_aborted/mean:8084.5 - response_length_non_aborted/max:13352.0 - response_length_non_aborted/min:2817.0 - response_length_non_aborted/clip_ratio:0.5 - response/aborted_ratio:0.0 - prompt_length/mean:491.0 - prompt_length/max:491.0 - prompt_length/min:491.0 - prompt_length/clip_ratio:1.0 - timing_s/gen:102.87174357200274 - timing_s/old_log_prob:4.118855938955676 - timing_s/adv:0.09003645699704066 - timing_s/update_actor:13.99952003697399 - timing_s/update_weights:25.858064550964627 - timing_s/step:147.06419733696384 - timing_per_token_ms/adv:0.00524840903509418 - timing_per_token_ms/update_actor:0.816060625880151 - timing_per_token_ms/gen:6.361495490198673 - perf/total_num_tokens:17155 - perf/time_per_step:147.06419733696384 - perf/throughput:116.64973739796952 - training/num_turns/mean:np.float64(2.0) - training/num_turns/max:np.int64(2) - training/num_turns/min:np.int64(2) - training/off_policy/trajectory_spans/mean:np.float64(1.0) - training/off_policy/trajectory_spans/max:np.float64(1.0) - training/off_policy/trajectory_spans/min:np.float64(1.0) - training/off_policy/trajectory_staleness/mean:np.float64(0.0) - training/off_policy/trajectory_staleness/max:np.float64(0.0) - training/off_policy/trajectory_staleness/min:np.float64(0.0) - training/off_policy/trajectory_staleness_worst/mean:np.float64(0.0) - training/off_policy/trajectory_staleness_worst/max:np.float64(0.0) - training/off_policy/trajectory_staleness_worst/min:np.float64(0.0)[36m(TaskRunnerV1 pid=1270803)[0m Training Progress:  40%|████      | 20/50 [28:08<53:50, 107.68s/it]
[36m(SimpleStorageUnit pid=1271159)[0m 2026-07-06 05:18:43,719 - INFO - transfer_queue.utils.perf_utils - TQ_STORAGE_UNIT_f3e9a767: [Performance] Total success requests: 32, Total req/min: 6.27, Total avg process time: 0.0084s; 
[36m(SimpleStorageUnit pid=1271159)[0m Time range: last 5.10 minutes; 
[36m(SimpleStorageUnit pid=1271159)[0m Per-operation statistics: GET_DATA: req_count=16, req/min=3.14, avg_time=0.008510s, max_time=0.011777s, min_time=0.006819s; PUT_DATA: req_count=12, req/min=2.35, avg_time=0.008039s, max_time=0.008457s, min_time=0.007188s; CLEAR_DATA: req_count=4, req/min=0.78, avg_time=0.009090s, max_time=0.012107s, min_time=0.007100s
[36m(WorkerDict pid=1272237)[0m INFO:2026-07-06 05:19:14,547:update_weights done, time cost: 0.89s
[36m(SimpleStorageUnit pid=1271152)[0m 2026-07-06 05:19:14,826 - INFO - transfer_queue.utils.perf_utils - TQ_STORAGE_UNIT_a1209543: [Performance] Total success requests: 40, Total req/min: 7.89, Total avg process time: 0.0086s; 
[36m(SimpleStorageUnit pid=1271152)[0m Time range: last 5.07 minutes; 
[36m(SimpleStorageUnit pid=1271152)[0m Per-operation statistics: GET_DATA: req_count=21, req/min=4.14, avg_time=0.008743s, max_time=0.009234s, min_time=0.007242s; PUT_DATA: req_count=15, req/min=2.96, avg_time=0.008497s, max_time=0.009161s, min_time=0.007051s; CLEAR_DATA: req_count=4, req/min=0.79, avg_time=0.008634s, max_time=0.009260s, min_time=0.006943s
[36m(SimpleStorageUnit pid=1271147)[0m 2026-07-06 05:19:14,783 - INFO - transfer_queue.utils.perf_utils - TQ_STORAGE_UNIT_408ff0fc: [Performance] Total success requests: 40, Total req/min: 7.85, Total avg process time: 0.0084s; 
[36m(SimpleStorageUnit pid=1271147)[0m Time range: last 5.10 minutes; 
[36m(SimpleStorageUnit pid=1271147)[0m Per-operation statistics: GET_DATA: req_count=21, req/min=4.12, avg_time=0.008477s, max_time=0.011700s, min_time=0.006979s; PUT_DATA: req_count=15, req/min=2.94, avg_time=0.008085s, max_time=0.008617s, min_time=0.007093s; CLEAR_DATA: req_count=4, req/min=0.78, avg_time=0.009062s, max_time=0.011905s, min_time=0.006931s
[36m(SimpleStorageUnit pid=1271146)[0m 2026-07-06 05:19:14,781 - INFO - transfer_queue.utils.perf_utils - TQ_STORAGE_UNIT_b97746ab: [Performance] Total success requests: 40, Total req/min: 7.88, Total avg process time: 0.0082s; 
[36m(SimpleStorageUnit pid=1271146)[0m Time range: last 5.08 minutes; 
[36m(SimpleStorageUnit pid=1271146)[0m Per-operation statistics: PUT_DATA: req_count=16, req/min=3.15, avg_time=0.008092s, max_time=0.008716s, min_time=0.007245s; GET_DATA: req_count=21, req/min=4.13, avg_time=0.008286s, max_time=0.008762s, min_time=0.006874s; CLEAR_DATA: req_count=3, req/min=0.59, avg_time=0.008547s, max_time=0.008715s, min_time=0.008255s
[36m(TaskRunnerV1 pid=1270803)[0m Training Progress:  42%|████▏     | 21/50 [28:55<43:18, 89.60s/it] 
[36m(WorkerDict pid=1272237)[0m INFO:2026-07-06 05:20:15,282:update_weights done, time cost: 0.97s
[36m(TaskRunnerV1 pid=1270803)[0m Training Progress:  44%|████▍     | 22/50 [29:56<37:45, 80.92s/it]
[36m(WorkerDict pid=1272237)[0m INFO:2026-07-06 05:21:03,410:update_weights done, time cost: 0.92s

[36m(TaskRunnerV1 pid=1270803)[0m step:21 - global_seqlen/min:3975 - global_seqlen/max:3975 - global_seqlen/minmax_diff:0 - global_seqlen/balanced_min:3975 - global_seqlen/balanced_max:3975 - global_seqlen/mean:3975.0 - actor/entropy:0.3621888756752014 - training/rollout_probs_diff_valid:1 - training/rollout_probs_diff_max:0.06257584691047668 - training/rollout_probs_diff_mean:0.004166745115071535 - training/rollout_probs_diff_std:0.008843369781970978 - training/rollout_actor_probs_pearson_corr:0.9994224309921265 - rollout_corr/training_ppl:1.2189521789550781 - rollout_corr/training_log_ppl:0.18118004500865936 - rollout_corr/kl:0.0009008303750306368 - rollout_corr/k3_kl:0.00047859206097200513 - rollout_corr/rollout_ppl:1.2183290719985962 - rollout_corr/rollout_log_ppl:0.18075035512447357 - rollout_corr/log_ppl_diff:0.000429689884185791 - rollout_corr/log_ppl_abs_diff:0.000429689884185791 - rollout_corr/log_ppl_diff_max:0.0010494589805603027 - rollout_corr/log_ppl_diff_min:0.0 - rollout_corr/ppl_ratio:1.0004298686981201 - rollout_corr/chi2_token:0.00011050701141357422 - rollout_corr/chi2_seq:-0.4601142406463623 - actor/pg_clipfrac:np.float64(0.0) - actor/ppo_kl:np.float64(0.0) - actor/pg_clipfrac_lower:np.float64(0.0) - actor/pg_loss:np.float64(0.0) - actor/loss:np.float64(0.0) - actor/grad_norm:np.float64(0.0) - actor/lr:np.float64(1e-06) - actor/perf/max_memory_allocated_gb:np.float64(75.68736505508423) - actor/perf/max_memory_reserved_gb:np.float64(102.16015625) - actor/perf/cpu_memory_used_gb:np.float64(31.678302764892578) - perf/mfu/actor:np.float64(0.10715800356652506) - training/global_step:21 - training/epoch:0 - critic/score/mean:0.0 - critic/score/max:0.0 - critic/score/min:0.0 - critic/rewards/mean:0.0 - critic/rewards/max:0.0 - critic/rewards/min:0.0 - critic/advantages/mean:0.0 - critic/advantages/max:0.0 - critic/advantages/min:0.0 - critic/returns/mean:0.0 - critic/returns/max:0.0 - critic/returns/min:0.0 - response_length/mean:1813.5 - response_length/max:2209.0 - response_length/min:1418.0 - response_length/clip_ratio:0.5 - response_length_non_aborted/mean:1813.5 - response_length_non_aborted/max:2209.0 - response_length_non_aborted/min:1418.0 - response_length_non_aborted/clip_ratio:0.5 - response/aborted_ratio:0.0 - prompt_length/mean:172.0 - prompt_length/max:172.0 - prompt_length/min:172.0 - prompt_length/clip_ratio:1.0 - timing_s/gen:18.69127379200654 - timing_s/old_log_prob:0.8901017039897852 - timing_s/adv:0.08526126702781767 - timing_s/update_actor:2.0468307720148005 - timing_s/update_weights:25.52185538597405 - timing_s/step:47.33983131399145 - timing_per_token_ms/adv:0.021449375352910104 - timing_per_token_ms/update_actor:0.5149259803810818 - timing_per_token_ms/gen:5.150530116287281 - perf/total_num_tokens:3975 - perf/time_per_step:47.33983131399145 - perf/throughput:83.9673460945598 - training/num_turns/mean:np.float64(2.0) - training/num_turns/max:np.int64(2) - training/num_turns/min:np.int64(2) - training/off_policy/trajectory_spans/mean:np.float64(1.0) - training/off_policy/trajectory_spans/max:np.float64(1.0) - training/off_policy/trajectory_spans/min:np.float64(1.0) - training/off_policy/trajectory_staleness/mean:np.float64(0.0) - training/off_policy/trajectory_staleness/max:np.float64(0.0) - training/off_policy/trajectory_staleness/min:np.float64(0.0) - training/off_policy/trajectory_staleness_worst/mean:np.float64(0.0) - training/off_policy/trajectory_staleness_worst/max:np.float64(0.0) - training/off_policy/trajectory_staleness_worst/min:np.float64(0.0)
[36m(TaskRunnerV1 pid=1270803)[0m step:22 - global_seqlen/min:7524 - global_seqlen/max:7524 - global_seqlen/minmax_diff:0 - global_seqlen/balanced_min:7524 - global_seqlen/balanced_max:7524 - global_seqlen/mean:7524.0 - actor/entropy:0.3800436854362488 - training/rollout_probs_diff_valid:1 - training/rollout_probs_diff_max:0.10514846444129944 - training/rollout_probs_diff_mean:0.004411419853568077 - training/rollout_probs_diff_std:0.00919108372181654 - training/rollout_actor_probs_pearson_corr:0.9993783235549927 - rollout_corr/training_ppl:1.2324652671813965 - rollout_corr/training_log_ppl:0.19081148505210876 - rollout_corr/kl:0.0002503090654499829 - rollout_corr/k3_kl:0.00048238609451800585 - rollout_corr/rollout_ppl:1.232283353805542 - rollout_corr/rollout_log_ppl:0.19068513810634613 - rollout_corr/log_ppl_diff:0.0001263543963432312 - rollout_corr/log_ppl_abs_diff:0.0001263543963432312 - rollout_corr/log_ppl_diff_max:0.0004757046699523926 - rollout_corr/log_ppl_diff_min:0.0 - rollout_corr/ppl_ratio:1.0001263618469238 - rollout_corr/chi2_token:0.0014379024505615234 - rollout_corr/chi2_seq:-0.29021257162094116 - actor/pg_clipfrac:np.float64(0.0) - actor/ppo_kl:np.float64(0.0) - actor/pg_clipfrac_lower:np.float64(0.0) - actor/pg_loss:np.float64(0.0) - actor/loss:np.float64(0.0) - actor/grad_norm:np.float64(0.0) - actor/lr:np.float64(1e-06) - actor/perf/max_memory_allocated_gb:np.float64(75.68736505508423) - actor/perf/max_memory_reserved_gb:np.float64(102.16015625) - actor/perf/cpu_memory_used_gb:np.float64(31.69632339477539) - perf/mfu/actor:np.float64(0.0981038045037751) - training/global_step:22 - training/epoch:0 - critic/score/mean:1.0 - critic/score/max:1.0 - critic/score/min:1.0 - critic/rewards/mean:1.0 - critic/rewards/max:1.0 - critic/rewards/min:1.0 - critic/advantages/mean:0.0 - critic/advantages/max:0.0 - critic/advantages/min:0.0 - critic/returns/mean:0.0 - critic/returns/max:0.0 - critic/returns/min:0.0 - response_length/mean:3600.0 - response_length/max:3639.0 - response_length/min:3561.0 - response_length/clip_ratio:0.5 - response_length_non_aborted/mean:3600.0 - response_length_non_aborted/max:3639.0 - response_length_non_aborted/min:3561.0 - response_length_non_aborted/clip_ratio:0.5 - response/aborted_ratio:0.0 - prompt_length/mean:160.0 - prompt_length/max:160.0 - prompt_length/min:160.0 - prompt_length/clip_ratio:1.0 - timing_s/gen:28.734887340047862 - timing_s/old_log_prob:1.509351939021144 - timing_s/adv:0.08893055299995467 - timing_s/update_actor:4.211017066030763 - timing_s/update_weights:25.974552828993183 - timing_s/step:60.62977413495537 - timing_per_token_ms/adv:0.01181958439659153 - timing_per_token_ms/update_actor:0.5596779726250349 - timing_per_token_ms/gen:3.9898482838166984 - perf/total_num_tokens:7524 - perf/time_per_step:60.62977413495537 - perf/throughput:124.09744399265588 - training/num_turns/mean:np.float64(2.0) - training/num_turns/max:np.int64(2) - training/num_turns/min:np.int64(2) - training/off_policy/trajectory_spans/mean:np.float64(1.0) - training/off_policy/trajectory_spans/max:np.float64(1.0) - training/off_policy/trajectory_spans/min:np.float64(1.0) - training/off_policy/trajectory_staleness/mean:np.float64(0.0) - training/off_policy/trajectory_staleness/max:np.float64(0.0) - training/off_policy/trajectory_staleness/min:np.float64(0.0) - training/off_policy/trajectory_staleness_worst/mean:np.float64(0.0) - training/off_policy/trajectory_staleness_worst/max:np.float64(0.0) - training/off_policy/trajectory_staleness_worst/min:np.float64(0.0)
[36m(TaskRunnerV1 pid=1270803)[0m step:23 - global_seqlen/min:4732 - global_seqlen/max:4732 - global_seqlen/minmax_diff:0 - global_seqlen/balanced_min:4732 - global_seqlen/balanced_max:4732 - global_seqlen/mean:4732.0 - actor/entropy:0.313975065946579 - training/rollout_probs_diff_valid:1 - training/rollout_probs_diff_max:0.07982733845710754 - training/rollout_probs_diff_mean:0.004160664509981871 - training/rollout_probs_diff_std:0.009459955617785454 - training/rollout_actor_probs_pearson_corr:0.9992451667785645 - rollout_corr/training_ppl:1.1807177066802979 - rollout_corr/training_log_ppl:0.15423202514648438 - rollout_corr/kl:-0.000491200597025454 - rollout_corr/k3_kl:0.00044047171832062304 - rollout_corr/rollout_ppl:1.1810874938964844 - rollout_corr/rollout_log_ppl:0.1544998586177826 - rollout_corr/log_ppl_diff:-0.0002678185701370239 - rollout_corr/log_ppl_abs_diff:0.00029912590980529785 - rollout_corr/log_ppl_diff_max:6.261467933654785e-05 - rollout_corr/log_ppl_diff_min:-0.0011338889598846436 - rollout_corr/ppl_ratio:0.9997323155403137 - rollout_corr/chi2_token:0.0027501583099365234 - rollout_corr/chi2_seq:23.978641510009766 - actor/pg_clipfrac:np.float64(0.0) - actor/ppo_kl:np.float64(0.0) - actor/pg_clipfrac_lower:np.float64(0.0) - actor/pg_loss:np.float64(0.0) - actor/loss:np.float64(0.0) - actor/grad_norm:np.float64(0.0) - actor/lr:np.float64(1e-06) - actor/perf/max_memory_allocated_gb:np.float64(75.68736505508423) - actor/perf/max_memory_reserved_gb:np.float64(102.16015625) - actor/perf/cpu_memory_used_gb:np.float64(31.684185028076172) - perf/mfu/actor:np.float64(0.10778188076056625) - training/global_step:23 - training/epoch:0 - critic/score/mean:1.0 - critic/score/max:1.0 - critic/score/min:1.0 - critic/rewards/mean:1.0 - critic/rewards/max:1.0 - critic/rewards/min:1.0 - critic/advantages/mean:0.0 - critic/advantages/max:0.0 - critic/advantages/min:0.0 - critic/returns/mean:0.0 - critic/returns/max:0.0 - critic/returns/min:0.0 - response_length/mean:2180.0 - response_length/max:2342.0 - response_length/min:2018.0 - response_length/clip_ratio:0.5 - response_length_non_aborted/mean:2180.0 - response_length_non_aborted/max:2342.0 - response_length_non_aborted/min:2018.0 - response_length_non_aborted/clip_ratio:0.5 - response/aborted_ratio:0.0 - prompt_length/mean:184.0 - prompt_length/max:184.0 - prompt_length/min:184.0 - prompt_length/clip_ratio:1.0 - timing_s/gen:18.644433139998 - timing_s/old_log_prob:0.9957183049991727 - timing_s/adv:0.08631453302223235 - timing_s/update_actor:2.4095574560342357 - timing_s/update_weights:25.829268180008512 - timing_s/step:48.07376244000625 - timing_per_token_ms/adv:0.018240602921012754 - timing_per_token_ms/update_actor:0.5092048723656457 - timing_per_token_ms/gen:4.274285451627235 - perf/total_num_tokens:4732 - perf/time_per_step:48.07376244000625 - perf/throughput:98.43207104718107 - training/num_turns/mean:np.float64(2.0) - training/num_turns/max:np.int64(2) - training/num_turns/min:np.int64(2) - training/off_policy/trajectory_spans/mean:np.float64(1.0) - training/off_policy/trajectory_spans/max:np.float64(1.0) - training/off_policy/trajectory_spans/min:np.float64(1.0) - training/off_policy/trajectory_staleness/mean:np.float64(0.0) - training/off_policy/trajectory_staleness/max:np.float64(0.0) - training/off_policy/trajectory_staleness/min:np.float64(0.0) - training/off_policy/trajectory_staleness_worst/mean:np.float64(0.0) - training/off_policy/trajectory_staleness_worst/max:np.float64(0.0) - training/off_policy/trajectory_staleness_worst/min:np.float64(0.0)[36m(TaskRunnerV1 pid=1270803)[0m Training Progress:  46%|████▌     | 23/50 [30:44<31:59, 71.09s/it]
[36m(WorkerDict pid=1272237)[0m INFO:2026-07-06 05:22:15,563:update_weights done, time cost: 0.98s
[36m(TaskRunnerV1 pid=1270803)[0m Training Progress:  48%|████▊     | 24/50 [31:56<30:56, 71.40s/it]
[36m(WorkerDict pid=1272237)[0m INFO:2026-07-06 05:23:20,641:update_weights done, time cost: 0.97s
[36m(TaskRunnerV1 pid=1270803)[0m Training Progress:  50%|█████     | 25/50 [33:01<28:57, 69.51s/it]
[36m(TransferQueueController pid=1271062)[0m 2026-07-06 05:23:28,954 - INFO - transfer_queue.utils.perf_utils - TQ_CONTROLLER_eaf17cd1: [Performance] Total success requests: 253, Total req/min: 50.33, Total avg process time: 0.0004s; 
[36m(TransferQueueController pid=1271062)[0m Time range: last 5.03 minutes; 
[36m(TransferQueueController pid=1271062)[0m Per-operation statistics: KV_RETRIEVE_META: req_count=83, req/min=16.51, avg_time=0.001075s, max_time=0.001636s, min_time=0.000674s; CLEAR_META: req_count=11, req/min=2.19, avg_time=0.000283s, max_time=0.000312s, min_time=0.000252s; SET_CUSTOM_META: req_count=47, req/min=9.35, avg_time=0.000047s, max_time=0.000080s, min_time=0.000036s; KV_LIST: req_count=77, req/min=15.32, avg_time=0.000068s, max_time=0.000085s, min_time=0.000044s; NOTIFY_DATA_UPDATE: req_count=30, req/min=5.97, avg_time=0.000428s, max_time=0.000675s, min_time=0.000317s; KV_RETRIEVE_KEYS: req_count=5, req/min=0.99, avg_time=0.000058s, max_time=0.000063s, min_time=0.000056s
[36m(SimpleStorageUnit pid=1271159)[0m 2026-07-06 05:23:56,716 - INFO - transfer_queue.utils.perf_utils - TQ_STORAGE_UNIT_f3e9a767: [Performance] Total success requests: 52, Total req/min: 9.97, Total avg process time: 0.0083s; 
[36m(SimpleStorageUnit pid=1271159)[0m Time range: last 5.22 minutes; 
[36m(SimpleStorageUnit pid=1271159)[0m Per-operation statistics: GET_DATA: req_count=26, req/min=4.98, avg_time=0.008452s, max_time=0.010262s, min_time=0.006930s; PUT_DATA: req_count=20, req/min=3.83, avg_time=0.008051s, max_time=0.008678s, min_time=0.007081s; CLEAR_DATA: req_count=6, req/min=1.15, avg_time=0.008304s, max_time=0.008974s, min_time=0.007001s
[36m(TaskRunnerV1 pid=1270803)[0m INFO:2026-07-06 05:24:21,033:pending: 0, running: 1, finished: 0, failure: 0
[36m(SimpleStorageUnit pid=1271147)[0m 2026-07-06 05:24:36,633 - INFO - transfer_queue.utils.perf_utils - TQ_STORAGE_UNIT_408ff0fc: [Performance] Total success requests: 44, Total req/min: 8.20, Total avg process time: 0.0080s; 
[36m(SimpleStorageUnit pid=1271147)[0m Time range: last 5.36 minutes; 
[36m(SimpleStorageUnit pid=1271147)[0m Per-operation statistics: CLEAR_DATA: req_count=6, req/min=1.12, avg_time=0.008315s, max_time=0.008680s, min_time=0.006909s; PUT_DATA: req_count=17, req/min=3.17, avg_time=0.007587s, max_time=0.008344s, min_time=0.002143s; GET_DATA: req_count=21, req/min=3.91, avg_time=0.008257s, max_time=0.008819s, min_time=0.006210s
[36m(SimpleStorageUnit pid=1271146)[0m 2026-07-06 05:24:37,075 - INFO - transfer_queue.utils.perf_utils - TQ_STORAGE_UNIT_b97746ab: [Performance] Total success requests: 44, Total req/min: 8.19, Total avg process time: 0.0082s; 
[36m(SimpleStorageUnit pid=1271146)[0m Time range: last 5.37 minutes; 
[36m(SimpleStorageUnit pid=1271146)[0m Per-operation statistics: CLEAR_DATA: req_count=7, req/min=1.30, avg_time=0.008077s, max_time=0.008705s, min_time=0.006897s; PUT_DATA: req_count=16, req/min=2.98, avg_time=0.008019s, max_time=0.008670s, min_time=0.007111s; GET_DATA: req_count=21, req/min=3.91, avg_time=0.008378s, max_time=0.008944s, min_time=0.006785s
[36m(SimpleStorageUnit pid=1271152)[0m 2026-07-06 05:24:37,829 - INFO - transfer_queue.utils.perf_utils - TQ_STORAGE_UNIT_a1209543: [Performance] Total success requests: 44, Total req/min: 8.17, Total avg process time: 0.0087s; 
[36m(SimpleStorageUnit pid=1271152)[0m Time range: last 5.38 minutes; 
[36m(SimpleStorageUnit pid=1271152)[0m Per-operation statistics: CLEAR_DATA: req_count=6, req/min=1.11, avg_time=0.008744s, max_time=0.009148s, min_time=0.007279s; PUT_DATA: req_count=17, req/min=3.16, avg_time=0.008355s, max_time=0.008964s, min_time=0.007142s; GET_DATA: req_count=21, req/min=3.90, avg_time=0.008964s, max_time=0.010462s, min_time=0.007195s
[36m(WorkerDict pid=1272237)[0m INFO:2026-07-06 05:25:19,025:update_weights done, time cost: 1.07s

[36m(TaskRunnerV1 pid=1270803)[0m step:24 - global_seqlen/min:9179 - global_seqlen/max:9179 - global_seqlen/minmax_diff:0 - global_seqlen/balanced_min:9179 - global_seqlen/balanced_max:9179 - global_seqlen/mean:9179.0 - actor/entropy:0.47003453969955444 - training/rollout_probs_diff_valid:1 - training/rollout_probs_diff_max:0.0865178108215332 - training/rollout_probs_diff_mean:0.004621121566742659 - training/rollout_probs_diff_std:0.0088264225050807 - training/rollout_actor_probs_pearson_corr:0.9994743466377258 - rollout_corr/training_ppl:1.3083140850067139 - rollout_corr/training_log_ppl:0.23933100700378418 - rollout_corr/kl:0.0006390420603565872 - rollout_corr/k3_kl:0.000487977551529184 - rollout_corr/rollout_ppl:1.3077826499938965 - rollout_corr/rollout_log_ppl:0.23900505900382996 - rollout_corr/log_ppl_diff:0.0003259405493736267 - rollout_corr/log_ppl_abs_diff:0.0003259405493736267 - rollout_corr/log_ppl_diff_max:0.000751197338104248 - rollout_corr/log_ppl_diff_min:0.0 - rollout_corr/ppl_ratio:1.0003260374069214 - rollout_corr/chi2_token:0.0006726980209350586 - rollout_corr/chi2_seq:-0.498211145401001 - actor/pg_clipfrac:np.float64(0.0) - actor/ppo_kl:np.float64(0.0) - actor/pg_clipfrac_lower:np.float64(0.0) - actor/pg_loss:np.float64(0.0) - actor/loss:np.float64(0.0) - actor/grad_norm:np.float64(0.0) - actor/lr:np.float64(1e-06) - actor/perf/max_memory_allocated_gb:np.float64(75.68736505508423) - actor/perf/max_memory_reserved_gb:np.float64(102.16015625) - actor/perf/cpu_memory_used_gb:np.float64(31.655025482177734) - perf/mfu/actor:np.float64(0.09182294143538507) - training/global_step:24 - training/epoch:0 - critic/score/mean:1.0 - critic/score/max:1.0 - critic/score/min:1.0 - critic/rewards/mean:1.0 - critic/rewards/max:1.0 - critic/rewards/min:1.0 - critic/advantages/mean:0.0 - critic/advantages/max:0.0 - critic/advantages/min:0.0 - critic/returns/mean:0.0 - critic/returns/max:0.0 - critic/returns/min:0.0 - response_length/mean:4414.5 - response_length/max:4984.0 - response_length/min:3845.0 - response_length/clip_ratio:0.5 - response_length_non_aborted/mean:4414.5 - response_length_non_aborted/max:4984.0 - response_length_non_aborted/min:3845.0 - response_length_non_aborted/clip_ratio:0.5 - response/aborted_ratio:0.0 - prompt_length/mean:173.0 - prompt_length/max:173.0 - prompt_length/min:173.0 - prompt_length/clip_ratio:1.0 - timing_s/gen:38.73096636595437 - timing_s/old_log_prob:1.8719796320074238 - timing_s/adv:0.08644068200374022 - timing_s/update_actor:5.5229569809744135 - timing_s/update_weights:25.765370729961433 - timing_s/step:72.07347401900915 - timing_per_token_ms/adv:0.009417222137895219 - timing_per_token_ms/update_actor:0.6016948448604874 - timing_per_token_ms/gen:4.385796214013631 - perf/total_num_tokens:9179 - perf/time_per_step:72.07347401900915 - perf/throughput:127.35614766646418 - training/num_turns/mean:np.float64(2.0) - training/num_turns/max:np.int64(2) - training/num_turns/min:np.int64(2) - training/off_policy/trajectory_spans/mean:np.float64(1.0) - training/off_policy/trajectory_spans/max:np.float64(1.0) - training/off_policy/trajectory_spans/min:np.float64(1.0) - training/off_policy/trajectory_staleness/mean:np.float64(0.0) - training/off_policy/trajectory_staleness/max:np.float64(0.0) - training/off_policy/trajectory_staleness/min:np.float64(0.0) - training/off_policy/trajectory_staleness_worst/mean:np.float64(0.0) - training/off_policy/trajectory_staleness_worst/max:np.float64(0.0) - training/off_policy/trajectory_staleness_worst/min:np.float64(0.0)
[36m(TaskRunnerV1 pid=1270803)[0m step:25 - global_seqlen/min:8271 - global_seqlen/max:8271 - global_seqlen/minmax_diff:0 - global_seqlen/balanced_min:8271 - global_seqlen/balanced_max:8271 - global_seqlen/mean:8271.0 - actor/entropy:0.31838035583496094 - training/rollout_probs_diff_valid:1 - training/rollout_probs_diff_max:0.06401956081390381 - training/rollout_probs_diff_mean:0.0038154239300638437 - training/rollout_probs_diff_std:0.008575442247092724 - training/rollout_actor_probs_pearson_corr:0.9994176626205444 - rollout_corr/training_ppl:1.1946020126342773 - rollout_corr/training_log_ppl:0.16431939601898193 - rollout_corr/kl:0.0006348679889924824 - rollout_corr/k3_kl:0.000422442244598642 - rollout_corr/rollout_ppl:1.1941757202148438 - rollout_corr/rollout_log_ppl:0.16400958597660065 - rollout_corr/log_ppl_diff:0.0003098025918006897 - rollout_corr/log_ppl_abs_diff:0.0003098025918006897 - rollout_corr/log_ppl_diff_max:0.0010320544242858887 - rollout_corr/log_ppl_diff_min:0.0 - rollout_corr/ppl_ratio:1.000309944152832 - rollout_corr/chi2_token:0.0004273653030395508 - rollout_corr/chi2_seq:-0.44786179065704346 - actor/pg_clipfrac:np.float64(0.0) - actor/ppo_kl:np.float64(0.0) - actor/pg_clipfrac_lower:np.float64(0.0) - actor/pg_loss:np.float64(0.0) - actor/loss:np.float64(0.0) - actor/grad_norm:np.float64(0.0) - actor/lr:np.float64(1e-06) - actor/perf/max_memory_allocated_gb:np.float64(75.68736505508423) - actor/perf/max_memory_reserved_gb:np.float64(102.16015625) - actor/perf/cpu_memory_used_gb:np.float64(31.6446533203125) - perf/mfu/actor:np.float64(0.09480214387346582) - training/global_step:25 - training/epoch:0 - critic/score/mean:1.0 - critic/score/max:1.0 - critic/score/min:1.0 - critic/rewards/mean:1.0 - critic/rewards/max:1.0 - critic/rewards/min:1.0 - critic/advantages/mean:0.0 - critic/advantages/max:0.0 - critic/advantages/min:0.0 - critic/returns/mean:0.0 - critic/returns/max:0.0 - critic/returns/min:0.0 - response_length/mean:3931.5 - response_length/max:4077.0 - response_length/min:3786.0 - response_length/clip_ratio:0.5 - response_length_non_aborted/mean:3931.5 - response_length_non_aborted/max:4077.0 - response_length_non_aborted/min:3786.0 - response_length_non_aborted/clip_ratio:0.5 - response/aborted_ratio:0.0 - prompt_length/mean:202.0 - prompt_length/max:202.0 - prompt_length/min:202.0 - prompt_length/clip_ratio:1.0 - timing_s/gen:32.70632612099871 - timing_s/old_log_prob:1.6804170350078493 - timing_s/adv:0.0890360749908723 - timing_s/update_actor:4.795266242988873 - timing_s/update_weights:25.641765829990618 - timing_s/step:65.01794861798408 - timing_per_token_ms/adv:0.010764850077484258 - timing_per_token_ms/update_actor:0.5797686184244799 - timing_per_token_ms/gen:4.158464859631114 - perf/total_num_tokens:8271 - perf/time_per_step:65.01794861798408 - perf/throughput:127.21102673658066 - training/num_turns/mean:np.float64(2.0) - training/num_turns/max:np.int64(2) - training/num_turns/min:np.int64(2) - training/off_policy/trajectory_spans/mean:np.float64(1.0) - training/off_policy/trajectory_spans/max:np.float64(1.0) - training/off_policy/trajectory_spans/min:np.float64(1.0) - training/off_policy/trajectory_staleness/mean:np.float64(0.0) - training/off_policy/trajectory_staleness/max:np.float64(0.0) - training/off_policy/trajectory_staleness/min:np.float64(0.0) - training/off_policy/trajectory_staleness_worst/mean:np.float64(0.0) - training/off_policy/trajectory_staleness_worst/max:np.float64(0.0) - training/off_policy/trajectory_staleness_worst/min:np.float64(0.0)
[36m(TaskRunnerV1 pid=1270803)[0m step:26 - global_seqlen/min:15315 - global_seqlen/max:15315 - global_seqlen/minmax_diff:0 - global_seqlen/balanced_min:15315 - global_seqlen/balanced_max:15315 - global_seqlen/mean:15315.0 - actor/entropy:0.42571794986724854 - training/rollout_probs_diff_valid:1 - training/rollout_probs_diff_max:0.11704456806182861 - training/rollout_probs_diff_mean:0.004610483534634113 - training/rollout_probs_diff_std:0.008942883461713791 - training/rollout_actor_probs_pearson_corr:0.9994317889213562 - rollout_corr/training_ppl:1.2686383724212646 - rollout_corr/training_log_ppl:0.21499121189117432 - rollout_corr/kl:0.0008402669918723404 - rollout_corr/k3_kl:0.0004650158516597003 - rollout_corr/rollout_ppl:1.2679238319396973 - rollout_corr/rollout_log_ppl:0.21452710032463074 - rollout_corr/log_ppl_diff:0.0004641115665435791 - rollout_corr/log_ppl_abs_diff:0.0004641115665435791 - rollout_corr/log_ppl_diff_max:0.00117531418800354 - rollout_corr/log_ppl_diff_min:0.0 - rollout_corr/ppl_ratio:1.0004643201828003 - rollout_corr/chi2_token:0.00017940998077392578 - rollout_corr/chi2_seq:-0.4999966621398926 - actor/pg_clipfrac:np.float64(0.0) - actor/ppo_kl:np.float64(0.0) - actor/pg_clipfrac_lower:np.float64(0.0) - actor/pg_loss:np.float64(0.0) - actor/loss:np.float64(0.0) - actor/grad_norm:np.float64(0.0) - actor/lr:np.float64(1e-06) - actor/perf/max_memory_allocated_gb:np.float64(75.68736505508423) - actor/perf/max_memory_reserved_gb:np.float64(102.16015625) - actor/perf/cpu_memory_used_gb:np.float64(31.695446014404297) - perf/mfu/actor:np.float64(0.07623233850492171) - training/global_step:26 - training/epoch:0 - critic/score/mean:1.0 - critic/score/max:1.0 - critic/score/min:1.0 - critic/rewards/mean:1.0 - critic/rewards/max:1.0 - critic/rewards/min:1.0 - critic/advantages/mean:0.0 - critic/advantages/max:0.0 - critic/advantages/min:0.0 - critic/returns/mean:0.0 - critic/returns/max:0.0 - critic/returns/min:0.0 - response_length/mean:7464.5 - response_length/max:10120.0 - response_length/min:4809.0 - response_length/clip_ratio:0.5 - response_length_non_aborted/mean:7464.5 - response_length_non_aborted/max:10120.0 - response_length_non_aborted/min:4809.0 - response_length_non_aborted/clip_ratio:0.5 - response/aborted_ratio:0.0 - prompt_length/mean:191.0 - prompt_length/max:191.0 - prompt_length/min:191.0 - prompt_length/clip_ratio:1.0 - timing_s/gen:76.81357750098687 - timing_s/old_log_prob:3.4814419869799167 - timing_s/adv:0.08939025399740785 - timing_s/update_actor:11.664832092996221 - timing_s/update_weights:26.16005937498994 - timing_s/step:118.3181577840005 - timing_per_token_ms/adv:0.005836777929964601 - timing_per_token_ms/update_actor:0.7616606002609351 - timing_per_token_ms/gen:5.144570189604639 - perf/total_num_tokens:15315 - perf/time_per_step:118.3181577840005 - perf/throughput:129.43913501390705 - training/num_turns/mean:np.float64(2.0) - training/num_turns/max:np.int64(2) - training/num_turns/min:np.int64(2) - training/off_policy/trajectory_spans/mean:np.float64(1.0) - training/off_policy/trajectory_spans/max:np.float64(1.0) - training/off_policy/trajectory_spans/min:np.float64(1.0) - training/off_policy/trajectory_staleness/mean:np.float64(0.0) - training/off_policy/trajectory_staleness/max:np.float64(0.0) - training/off_policy/trajectory_staleness/min:np.float64(0.0) - training/off_policy/trajectory_staleness_worst/mean:np.float64(0.0) - training/off_policy/trajectory_staleness_worst/max:np.float64(0.0) - training/off_policy/trajectory_staleness_worst/min:np.float64(0.0)[36m(TaskRunnerV1 pid=1270803)[0m Training Progress:  52%|█████▏    | 26/50 [35:00<33:40, 84.17s/it]
[36m(WorkerDict pid=1272237)[0m INFO:2026-07-06 05:26:13,477:update_weights done, time cost: 0.92s
[36m(TaskRunnerV1 pid=1270803)[0m Training Progress:  54%|█████▍    | 27/50 [35:54<28:50, 75.25s/it]
[36m(WorkerDict pid=1272237)[0m INFO:2026-07-06 05:26:57,027:update_weights done, time cost: 0.90s
[36m(TaskRunnerV1 pid=1270803)[0m Training Progress:  56%|█████▌    | 28/50 [36:38<24:06, 65.74s/it]
[36m(WorkerDict pid=1272237)[0m INFO:2026-07-06 05:27:58,565:update_weights done, time cost: 0.94s

[36m(TaskRunnerV1 pid=1270803)[0m step:27 - global_seqlen/min:5490 - global_seqlen/max:5490 - global_seqlen/minmax_diff:0 - global_seqlen/balanced_min:5490 - global_seqlen/balanced_max:5490 - global_seqlen/mean:5490.0 - actor/entropy:0.33801454305648804 - training/rollout_probs_diff_valid:1 - training/rollout_probs_diff_max:0.0980951189994812 - training/rollout_probs_diff_mean:0.003988385666161776 - training/rollout_probs_diff_std:0.008651412092149258 - training/rollout_actor_probs_pearson_corr:0.9994106292724609 - rollout_corr/training_ppl:1.1953195333480835 - rollout_corr/training_log_ppl:0.1647811084985733 - rollout_corr/kl:-5.093822437629569e-06 - rollout_corr/k3_kl:0.0003609109844546765 - rollout_corr/rollout_ppl:1.195432424545288 - rollout_corr/rollout_log_ppl:0.16486619412899017 - rollout_corr/log_ppl_diff:-8.508563041687012e-05 - rollout_corr/log_ppl_abs_diff:0.00019884109497070312 - rollout_corr/log_ppl_diff_max:0.00022751092910766602 - rollout_corr/log_ppl_diff_min:-0.0005678534507751465 - rollout_corr/ppl_ratio:0.9999150037765503 - rollout_corr/chi2_token:0.0014575719833374023 - rollout_corr/chi2_seq:0.6447416543960571 - actor/pg_clipfrac:np.float64(0.0) - actor/ppo_kl:np.float64(0.0) - actor/pg_clipfrac_lower:np.float64(0.0) - actor/pg_loss:np.float64(0.0) - actor/loss:np.float64(0.0) - actor/grad_norm:np.float64(0.0) - actor/lr:np.float64(1e-06) - actor/perf/max_memory_allocated_gb:np.float64(75.68736505508423) - actor/perf/max_memory_reserved_gb:np.float64(102.16015625) - actor/perf/cpu_memory_used_gb:np.float64(31.641727447509766) - perf/mfu/actor:np.float64(0.10417881811920604) - training/global_step:27 - training/epoch:0 - critic/score/mean:0.0 - critic/score/max:0.0 - critic/score/min:0.0 - critic/rewards/mean:0.0 - critic/rewards/max:0.0 - critic/rewards/min:0.0 - critic/advantages/mean:0.0 - critic/advantages/max:0.0 - critic/advantages/min:0.0 - critic/returns/mean:0.0 - critic/returns/max:0.0 - critic/returns/min:0.0 - response_length/mean:2209.0 - response_length/max:3126.0 - response_length/min:1292.0 - response_length/clip_ratio:0.5 - response_length_non_aborted/mean:2209.0 - response_length_non_aborted/max:3126.0 - response_length_non_aborted/min:1292.0 - response_length_non_aborted/clip_ratio:0.5 - response/aborted_ratio:0.0 - prompt_length/mean:534.0 - prompt_length/max:534.0 - prompt_length/min:534.0 - prompt_length/clip_ratio:1.0 - timing_s/gen:24.697497661982197 - timing_s/old_log_prob:1.163800690032076 - timing_s/adv:0.08492954296525568 - timing_s/update_actor:2.9113217249978334 - timing_s/update_weights:25.40206102101365 - timing_s/step:54.382623051991686 - timing_per_token_ms/adv:0.015469862106603949 - timing_per_token_ms/update_actor:0.5302953961744687 - timing_per_token_ms/gen:5.587669154294614 - perf/total_num_tokens:5490 - perf/time_per_step:54.382623051991686 - perf/throughput:100.9513644597718 - training/num_turns/mean:np.float64(2.0) - training/num_turns/max:np.int64(2) - training/num_turns/min:np.int64(2) - training/off_policy/trajectory_spans/mean:np.float64(1.0) - training/off_policy/trajectory_spans/max:np.float64(1.0) - training/off_policy/trajectory_spans/min:np.float64(1.0) - training/off_policy/trajectory_staleness/mean:np.float64(0.0) - training/off_policy/trajectory_staleness/max:np.float64(0.0) - training/off_policy/trajectory_staleness/min:np.float64(0.0) - training/off_policy/trajectory_staleness_worst/mean:np.float64(0.0) - training/off_policy/trajectory_staleness_worst/max:np.float64(0.0) - training/off_policy/trajectory_staleness_worst/min:np.float64(0.0)
[36m(TaskRunnerV1 pid=1270803)[0m step:28 - global_seqlen/min:3676 - global_seqlen/max:3676 - global_seqlen/minmax_diff:0 - global_seqlen/balanced_min:3676 - global_seqlen/balanced_max:3676 - global_seqlen/mean:3676.0 - actor/entropy:0.3270951211452484 - training/rollout_probs_diff_valid:1 - training/rollout_probs_diff_max:0.06217125058174133 - training/rollout_probs_diff_mean:0.0038722374010831118 - training/rollout_probs_diff_std:0.008344133384525776 - training/rollout_actor_probs_pearson_corr:0.9994416832923889 - rollout_corr/training_ppl:1.1959481239318848 - rollout_corr/training_log_ppl:0.16532620787620544 - rollout_corr/kl:0.001123210764490068 - rollout_corr/k3_kl:0.00043058989103883505 - rollout_corr/rollout_ppl:1.1951100826263428 - rollout_corr/rollout_log_ppl:0.16472654044628143 - rollout_corr/log_ppl_diff:0.0005996748805046082 - rollout_corr/log_ppl_abs_diff:0.0005996748805046082 - rollout_corr/log_ppl_diff_max:0.0023314356803894043 - rollout_corr/log_ppl_diff_min:0.0 - rollout_corr/ppl_ratio:1.0006003379821777 - rollout_corr/chi2_token:-0.000535130500793457 - rollout_corr/chi2_seq:-0.3029813766479492 - actor/pg_clipfrac:np.float64(0.0) - actor/ppo_kl:np.float64(0.0) - actor/pg_clipfrac_lower:np.float64(0.0) - actor/pg_loss:np.float64(0.0) - actor/loss:np.float64(0.0) - actor/grad_norm:np.float64(0.0) - actor/lr:np.float64(1e-06) - actor/perf/max_memory_allocated_gb:np.float64(75.68736505508423) - actor/perf/max_memory_reserved_gb:np.float64(102.16015625) - actor/perf/cpu_memory_used_gb:np.float64(31.622314453125) - perf/mfu/actor:np.float64(0.10729290843619367) - training/global_step:28 - training/epoch:0 - critic/score/mean:1.0 - critic/score/max:1.0 - critic/score/min:1.0 - critic/rewards/mean:1.0 - critic/rewards/max:1.0 - critic/rewards/min:1.0 - critic/advantages/mean:0.0 - critic/advantages/max:0.0 - critic/advantages/min:0.0 - critic/returns/mean:0.0 - critic/returns/max:0.0 - critic/returns/min:0.0 - response_length/mean:1666.0 - response_length/max:1778.0 - response_length/min:1554.0 - response_length/clip_ratio:0.5 - response_length_non_aborted/mean:1666.0 - response_length_non_aborted/max:1778.0 - response_length_non_aborted/min:1554.0 - response_length_non_aborted/clip_ratio:0.5 - response/aborted_ratio:0.0 - prompt_length/mean:170.0 - prompt_length/max:170.0 - prompt_length/min:170.0 - prompt_length/clip_ratio:1.0 - timing_s/gen:14.625381327001378 - timing_s/old_log_prob:0.8446570900268853 - timing_s/adv:0.08347553503699601 - timing_s/update_actor:1.8952062760363333 - timing_s/update_weights:25.934852266975213 - timing_s/step:43.48610975802876 - timing_per_token_ms/adv:0.022708252186342766 - timing_per_token_ms/update_actor:0.5155620990305586 - timing_per_token_ms/gen:4.386737050690275 - perf/total_num_tokens:3676 - perf/time_per_step:43.48610975802876 - perf/throughput:84.53273977494175 - training/num_turns/mean:np.float64(2.0) - training/num_turns/max:np.int64(2) - training/num_turns/min:np.int64(2) - training/off_policy/trajectory_spans/mean:np.float64(1.0) - training/off_policy/trajectory_spans/max:np.float64(1.0) - training/off_policy/trajectory_spans/min:np.float64(1.0) - training/off_policy/trajectory_staleness/mean:np.float64(0.0) - training/off_policy/trajectory_staleness/max:np.float64(0.0) - training/off_policy/trajectory_staleness/min:np.float64(0.0) - training/off_policy/trajectory_staleness_worst/mean:np.float64(0.0) - training/off_policy/trajectory_staleness_worst/max:np.float64(0.0) - training/off_policy/trajectory_staleness_worst/min:np.float64(0.0)
[36m(TaskRunnerV1 pid=1270803)[0m step:29 - global_seqlen/min:6506 - global_seqlen/max:6506 - global_seqlen/minmax_diff:0 - global_seqlen/balanced_min:6506 - global_seqlen/balanced_max:6506 - global_seqlen/mean:6506.0 - actor/entropy:0.4113367795944214 - training/rollout_probs_diff_valid:1 - training/rollout_probs_diff_max:0.07633430510759354 - training/rollout_probs_diff_mean:0.004238768946379423 - training/rollout_probs_diff_std:0.008673408068716526 - training/rollout_actor_probs_pearson_corr:0.9994694590568542 - rollout_corr/training_ppl:1.2453545331954956 - rollout_corr/training_log_ppl:0.1988590955734253 - rollout_corr/kl:0.0010048814583569765 - rollout_corr/k3_kl:0.00048004998825490475 - rollout_corr/rollout_ppl:1.2444876432418823 - rollout_corr/rollout_log_ppl:0.19826075434684753 - rollout_corr/log_ppl_diff:0.0005983263254165649 - rollout_corr/log_ppl_abs_diff:0.0005983263254165649 - rollout_corr/log_ppl_diff_max:0.0017885267734527588 - rollout_corr/log_ppl_diff_min:0.0 - rollout_corr/ppl_ratio:1.0005987882614136 - rollout_corr/chi2_token:-9.822845458984375e-05 - rollout_corr/chi2_seq:-0.49803221225738525 - actor/pg_clipfrac:np.float64(0.0) - actor/ppo_kl:np.float64(0.0) - actor/pg_clipfrac_lower:np.float64(0.0) - actor/pg_loss:np.float64(0.0) - actor/loss:np.float64(0.0) - actor/grad_norm:np.float64(0.0) - actor/lr:np.float64(1e-06) - actor/perf/max_memory_allocated_gb:np.float64(75.68736505508423) - actor/perf/max_memory_reserved_gb:np.float64(102.16015625) - actor/perf/cpu_memory_used_gb:np.float64(31.544620513916016) - perf/mfu/actor:np.float64(0.10158104197053235) - training/global_step:29 - training/epoch:0 - critic/score/mean:1.0 - critic/score/max:1.0 - critic/score/min:1.0 - critic/rewards/mean:1.0 - critic/rewards/max:1.0 - critic/rewards/min:1.0 - critic/advantages/mean:0.0 - critic/advantages/max:0.0 - critic/advantages/min:0.0 - critic/returns/mean:0.0 - critic/returns/max:0.0 - critic/returns/min:0.0 - response_length/mean:3074.0 - response_length/max:4070.0 - response_length/min:2078.0 - response_length/clip_ratio:0.5 - response_length_non_aborted/mean:3074.0 - response_length_non_aborted/max:4070.0 - response_length_non_aborted/min:2078.0 - response_length_non_aborted/clip_ratio:0.5 - response/aborted_ratio:0.0 - prompt_length/mean:177.0 - prompt_length/max:177.0 - prompt_length/min:177.0 - prompt_length/clip_ratio:1.0 - timing_s/gen:30.699584504007362 - timing_s/old_log_prob:1.3126198669779114 - timing_s/adv:0.08688306604744866 - timing_s/update_actor:3.5227444170159288 - timing_s/update_weights:25.755891350039747 - timing_s/step:61.47969325300073 - timing_per_token_ms/adv:0.013354298500991187 - timing_per_token_ms/update_actor:0.5414608695075206 - timing_per_token_ms/gen:4.991802358375181 - perf/total_num_tokens:6506 - perf/time_per_step:61.47969325300073 - perf/throughput:105.82355987409635 - training/num_turns/mean:np.float64(2.0) - training/num_turns/max:np.int64(2) - training/num_turns/min:np.int64(2) - training/off_policy/trajectory_spans/mean:np.float64(1.0) - training/off_policy/trajectory_spans/max:np.float64(1.0) - training/off_policy/trajectory_spans/min:np.float64(1.0) - training/off_policy/trajectory_staleness/mean:np.float64(0.0) - training/off_policy/trajectory_staleness/max:np.float64(0.0) - training/off_policy/trajectory_staleness/min:np.float64(0.0) - training/off_policy/trajectory_staleness_worst/mean:np.float64(0.0) - training/off_policy/trajectory_staleness_worst/max:np.float64(0.0) - training/off_policy/trajectory_staleness_worst/min:np.float64(0.0)[36m(TaskRunnerV1 pid=1270803)[0m Training Progress:  58%|█████▊    | 29/50 [37:39<22:34, 64.48s/it]
[36m(WorkerDict pid=1272237)[0m INFO:2026-07-06 05:28:56,327:update_weights done, time cost: 0.95s
[36m(TaskRunnerV1 pid=1270803)[0m Training Progress:  60%|██████    | 30/50 [38:37<20:49, 62.46s/it]
[36m(TransferQueueController pid=1271062)[0m 2026-07-06 05:28:56,535 - INFO - transfer_queue.utils.perf_utils - TQ_CONTROLLER_eaf17cd1: [Performance] Total success requests: 249, Total req/min: 45.61, Total avg process time: 0.0004s; 
[36m(TransferQueueController pid=1271062)[0m Time range: last 5.46 minutes; 
[36m(TransferQueueController pid=1271062)[0m Per-operation statistics: KV_LIST: req_count=85, req/min=15.57, avg_time=0.000070s, max_time=0.000187s, min_time=0.000046s; KV_RETRIEVE_META: req_count=77, req/min=14.10, avg_time=0.001105s, max_time=0.001833s, min_time=0.000392s; NOTIFY_DATA_UPDATE: req_count=30, req/min=5.49, avg_time=0.000420s, max_time=0.000630s, min_time=0.000240s; SET_CUSTOM_META: req_count=43, req/min=7.88, avg_time=0.000046s, max_time=0.000060s, min_time=0.000036s; CLEAR_META: req_count=9, req/min=1.65, avg_time=0.000289s, max_time=0.000324s, min_time=0.000252s; KV_RETRIEVE_KEYS: req_count=5, req/min=0.92, avg_time=0.000071s, max_time=0.000105s, min_time=0.000057s
[36m(SimpleStorageUnit pid=1271159)[0m 2026-07-06 05:29:30,683 - INFO - transfer_queue.utils.perf_utils - TQ_STORAGE_UNIT_f3e9a767: [Performance] Total success requests: 53, Total req/min: 9.52, Total avg process time: 0.0081s; 
[36m(SimpleStorageUnit pid=1271159)[0m Time range: last 5.57 minutes; 
[36m(SimpleStorageUnit pid=1271159)[0m Per-operation statistics: GET_DATA: req_count=27, req/min=4.85, avg_time=0.008245s, max_time=0.009169s, min_time=0.006956s; PUT_DATA: req_count=19, req/min=3.41, avg_time=0.007963s, max_time=0.008456s, min_time=0.007225s; CLEAR_DATA: req_count=7, req/min=1.26, avg_time=0.008151s, max_time=0.008795s, min_time=0.007079s
[36m(WorkerDict pid=1272237)[0m INFO:2026-07-06 05:30:01,809:update_weights done, time cost: 0.94s
[36m(TaskRunnerV1 pid=1270803)[0m Training Progress:  62%|██████▏   | 31/50 [39:42<20:03, 63.37s/it]
[36m(SimpleStorageUnit pid=1271152)[0m 2026-07-06 05:30:02,034 - INFO - transfer_queue.utils.perf_utils - TQ_STORAGE_UNIT_a1209543: [Performance] Total success requests: 60, Total req/min: 11.10, Total avg process time: 0.0087s; 
[36m(SimpleStorageUnit pid=1271152)[0m Time range: last 5.40 minutes; 
[36m(SimpleStorageUnit pid=1271152)[0m Per-operation statistics: GET_DATA: req_count=31, req/min=5.74, avg_time=0.008770s, max_time=0.009775s, min_time=0.002329s; PUT_DATA: req_count=23, req/min=4.26, avg_time=0.008540s, max_time=0.010279s, min_time=0.007311s; CLEAR_DATA: req_count=6, req/min=1.11, avg_time=0.008693s, max_time=0.009091s, min_time=0.007291s
[36m(SimpleStorageUnit pid=1271147)[0m 2026-07-06 05:30:02,032 - INFO - transfer_queue.utils.perf_utils - TQ_STORAGE_UNIT_408ff0fc: [Performance] Total success requests: 61, Total req/min: 11.25, Total avg process time: 0.0082s; 
[36m(SimpleStorageUnit pid=1271147)[0m Time range: last 5.42 minutes; 
[36m(SimpleStorageUnit pid=1271147)[0m Per-operation statistics: GET_DATA: req_count=32, req/min=5.90, avg_time=0.008290s, max_time=0.008802s, min_time=0.006792s; PUT_DATA: req_count=23, req/min=4.24, avg_time=0.008022s, max_time=0.009133s, min_time=0.007000s; CLEAR_DATA: req_count=6, req/min=1.11, avg_time=0.008503s, max_time=0.009845s, min_time=0.006911s
[36m(SimpleStorageUnit pid=1271146)[0m 2026-07-06 05:30:02,034 - INFO - transfer_queue.utils.perf_utils - TQ_STORAGE_UNIT_b97746ab: [Performance] Total success requests: 61, Total req/min: 11.26, Total avg process time: 0.0082s; 
[36m(SimpleStorageUnit pid=1271146)[0m Time range: last 5.42 minutes; 
[36m(SimpleStorageUnit pid=1271146)[0m Per-operation statistics: PUT_DATA: req_count=24, req/min=4.43, avg_time=0.008035s, max_time=0.008610s, min_time=0.007116s; GET_DATA: req_count=31, req/min=5.72, avg_time=0.008241s, max_time=0.009204s, min_time=0.002198s; CLEAR_DATA: req_count=6, req/min=1.11, avg_time=0.008295s, max_time=0.008746s, min_time=0.006781s
[36m(WorkerDict pid=1272237)[0m INFO:2026-07-06 05:31:40,205:update_weights done, time cost: 1.06s

[36m(TaskRunnerV1 pid=1270803)[0m step:30 - global_seqlen/min:6730 - global_seqlen/max:6730 - global_seqlen/minmax_diff:0 - global_seqlen/balanced_min:6730 - global_seqlen/balanced_max:6730 - global_seqlen/mean:6730.0 - actor/entropy:0.2905384600162506 - training/rollout_probs_diff_valid:1 - training/rollout_probs_diff_max:0.09214842319488525 - training/rollout_probs_diff_mean:0.0036401264369487762 - training/rollout_probs_diff_std:0.008495350368320942 - training/rollout_actor_probs_pearson_corr:0.9993572235107422 - rollout_corr/training_ppl:1.1614153385162354 - rollout_corr/training_log_ppl:0.1397949457168579 - rollout_corr/kl:0.00028798592393286526 - rollout_corr/k3_kl:0.00036717354669235647 - rollout_corr/rollout_ppl:1.1612075567245483 - rollout_corr/rollout_log_ppl:0.13964219391345978 - rollout_corr/log_ppl_diff:0.00015275925397872925 - rollout_corr/log_ppl_abs_diff:0.00022908300161361694 - rollout_corr/log_ppl_diff_max:0.0007636845111846924 - rollout_corr/log_ppl_diff_min:-0.0001526474952697754 - rollout_corr/ppl_ratio:1.000152826309204 - rollout_corr/chi2_token:0.0009028911590576172 - rollout_corr/chi2_seq:0.18905913829803467 - actor/pg_clipfrac:np.float64(0.0) - actor/ppo_kl:np.float64(0.0) - actor/pg_clipfrac_lower:np.float64(0.0) - actor/pg_loss:np.float64(0.0) - actor/loss:np.float64(0.0) - actor/grad_norm:np.float64(0.0) - actor/lr:np.float64(1e-06) - actor/perf/max_memory_allocated_gb:np.float64(75.68736505508423) - actor/perf/max_memory_reserved_gb:np.float64(102.16015625) - actor/perf/cpu_memory_used_gb:np.float64(31.54277801513672) - perf/mfu/actor:np.float64(0.10010945489333024) - training/global_step:30 - training/epoch:0 - critic/score/mean:1.0 - critic/score/max:1.0 - critic/score/min:1.0 - critic/rewards/mean:1.0 - critic/rewards/max:1.0 - critic/rewards/min:1.0 - critic/advantages/mean:0.0 - critic/advantages/max:0.0 - critic/advantages/min:0.0 - critic/returns/mean:0.0 - critic/returns/max:0.0 - critic/returns/min:0.0 - response_length/mean:3188.0 - response_length/max:3310.0 - response_length/min:3066.0 - response_length/clip_ratio:0.5 - response_length_non_aborted/mean:3188.0 - response_length_non_aborted/max:3310.0 - response_length_non_aborted/min:3066.0 - response_length_non_aborted/clip_ratio:0.5 - response/aborted_ratio:0.0 - prompt_length/mean:175.0 - prompt_length/max:175.0 - prompt_length/min:175.0 - prompt_length/clip_ratio:1.0 - timing_s/gen:26.700429733959027 - timing_s/old_log_prob:1.3418159440043382 - timing_s/adv:0.08491644402965903 - timing_s/update_actor:3.678367996995803 - timing_s/update_weights:25.778157758002635 - timing_s/step:57.68768293596804 - timing_per_token_ms/adv:0.012617599410053347 - timing_per_token_ms/update_actor:0.5465628524510852 - timing_per_token_ms/gen:4.186332664465197 - perf/total_num_tokens:6730 - perf/time_per_step:57.68768293596804 - perf/throughput:116.6626852992196 - training/num_turns/mean:np.float64(2.0) - training/num_turns/max:np.int64(2) - training/num_turns/min:np.int64(2) - training/off_policy/trajectory_spans/mean:np.float64(1.0) - training/off_policy/trajectory_spans/max:np.float64(1.0) - training/off_policy/trajectory_spans/min:np.float64(1.0) - training/off_policy/trajectory_staleness/mean:np.float64(0.0) - training/off_policy/trajectory_staleness/max:np.float64(0.0) - training/off_policy/trajectory_staleness/min:np.float64(0.0) - training/off_policy/trajectory_staleness_worst/mean:np.float64(0.0) - training/off_policy/trajectory_staleness_worst/max:np.float64(0.0) - training/off_policy/trajectory_staleness_worst/min:np.float64(0.0)
[36m(TaskRunnerV1 pid=1270803)[0m step:31 - global_seqlen/min:6205 - global_seqlen/max:6205 - global_seqlen/minmax_diff:0 - global_seqlen/balanced_min:6205 - global_seqlen/balanced_max:6205 - global_seqlen/mean:6205.0 - actor/entropy:0.3652040362358093 - training/rollout_probs_diff_valid:1 - training/rollout_probs_diff_max:0.09630277752876282 - training/rollout_probs_diff_mean:0.0043564909137785435 - training/rollout_probs_diff_std:0.009329410269856453 - training/rollout_actor_probs_pearson_corr:0.9993685483932495 - rollout_corr/training_ppl:1.2042276859283447 - rollout_corr/training_log_ppl:0.1699555665254593 - rollout_corr/kl:0.0005488854367285967 - rollout_corr/k3_kl:0.00046628928976133466 - rollout_corr/rollout_ppl:1.203996181488037 - rollout_corr/rollout_log_ppl:0.16980797052383423 - rollout_corr/log_ppl_diff:0.00014760345220565796 - rollout_corr/log_ppl_abs_diff:0.0002344474196434021 - rollout_corr/log_ppl_diff_max:0.0007641017436981201 - rollout_corr/log_ppl_diff_min:-0.00017368793487548828 - rollout_corr/ppl_ratio:1.0001477003097534 - rollout_corr/chi2_token:0.0007787942886352539 - rollout_corr/chi2_seq:-0.1014242172241211 - actor/pg_clipfrac:np.float64(0.0) - actor/ppo_kl:np.float64(0.0) - actor/pg_clipfrac_lower:np.float64(0.0) - actor/pg_loss:np.float64(0.0) - actor/loss:np.float64(0.0) - actor/grad_norm:np.float64(0.0) - actor/lr:np.float64(1e-06) - actor/perf/max_memory_allocated_gb:np.float64(75.68736505508423) - actor/perf/max_memory_reserved_gb:np.float64(102.16015625) - actor/perf/cpu_memory_used_gb:np.float64(31.539058685302734) - perf/mfu/actor:np.float64(0.10364650432529811) - training/global_step:31 - training/epoch:0 - critic/score/mean:1.0 - critic/score/max:1.0 - critic/score/min:1.0 - critic/rewards/mean:1.0 - critic/rewards/max:1.0 - critic/rewards/min:1.0 - critic/advantages/mean:0.0 - critic/advantages/max:0.0 - critic/advantages/min:0.0 - critic/returns/mean:0.0 - critic/returns/max:0.0 - critic/returns/min:0.0 - response_length/mean:2921.5 - response_length/max:4502.0 - response_length/min:1341.0 - response_length/clip_ratio:0.5 - response_length_non_aborted/mean:2921.5 - response_length_non_aborted/max:4502.0 - response_length_non_aborted/min:1341.0 - response_length_non_aborted/clip_ratio:0.5 - response/aborted_ratio:0.0 - prompt_length/mean:179.0 - prompt_length/max:179.0 - prompt_length/min:179.0 - prompt_length/clip_ratio:1.0 - timing_s/gen:34.718890418997034 - timing_s/old_log_prob:1.2620498620090075 - timing_s/adv:0.08408865198725834 - timing_s/update_actor:3.322017745987978 - timing_s/update_weights:25.928312308969907 - timing_s/step:65.41725307598244 - timing_per_token_ms/adv:0.013551756968131885 - timing_per_token_ms/update_actor:0.5353775577740496 - timing_per_token_ms/gen:5.939929926261255 - perf/total_num_tokens:6205 - perf/time_per_step:65.41725307598244 - perf/throughput:94.8526529047752 - training/num_turns/mean:np.float64(2.0) - training/num_turns/max:np.int64(2) - training/num_turns/min:np.int64(2) - training/off_policy/trajectory_spans/mean:np.float64(1.0) - training/off_policy/trajectory_spans/max:np.float64(1.0) - training/off_policy/trajectory_spans/min:np.float64(1.0) - training/off_policy/trajectory_staleness/mean:np.float64(0.0) - training/off_policy/trajectory_staleness/max:np.float64(0.0) - training/off_policy/trajectory_staleness/min:np.float64(0.0) - training/off_policy/trajectory_staleness_worst/mean:np.float64(0.0) - training/off_policy/trajectory_staleness_worst/max:np.float64(0.0) - training/off_policy/trajectory_staleness_worst/min:np.float64(0.0)
[36m(TaskRunnerV1 pid=1270803)[0m step:32 - global_seqlen/min:14282 - global_seqlen/max:14282 - global_seqlen/minmax_diff:0 - global_seqlen/balanced_min:14282 - global_seqlen/balanced_max:14282 - global_seqlen/mean:14282.0 - actor/entropy:0.22058261930942535 - training/rollout_probs_diff_valid:1 - training/rollout_probs_diff_max:0.12378701567649841 - training/rollout_probs_diff_mean:0.0031722569838166237 - training/rollout_probs_diff_std:0.008292179554700851 - training/rollout_actor_probs_pearson_corr:0.9993226528167725 - rollout_corr/training_ppl:1.1307945251464844 - rollout_corr/training_log_ppl:0.11616961658000946 - rollout_corr/kl:3.4045599022647366e-05 - rollout_corr/k3_kl:0.000335716555127874 - rollout_corr/rollout_ppl:1.130771517753601 - rollout_corr/rollout_log_ppl:0.11615151911973953 - rollout_corr/log_ppl_diff:1.810118556022644e-05 - rollout_corr/log_ppl_abs_diff:1.810118556022644e-05 - rollout_corr/log_ppl_diff_max:6.558001041412354e-05 - rollout_corr/log_ppl_diff_min:0.0 - rollout_corr/ppl_ratio:1.0000181198120117 - rollout_corr/chi2_token:0.001283884048461914 - rollout_corr/chi2_seq:-0.1665922999382019 - actor/pg_clipfrac:np.float64(0.0) - actor/ppo_kl:np.float64(0.0) - actor/pg_clipfrac_lower:np.float64(0.0) - actor/pg_loss:np.float64(0.0) - actor/loss:np.float64(0.0) - actor/grad_norm:np.float64(0.0) - actor/lr:np.float64(1e-06) - actor/perf/max_memory_allocated_gb:np.float64(75.68736505508423) - actor/perf/max_memory_reserved_gb:np.float64(102.16015625) - actor/perf/cpu_memory_used_gb:np.float64(31.604694366455078) - perf/mfu/actor:np.float64(0.07766430202642025) - training/global_step:32 - training/epoch:0 - critic/score/mean:1.0 - critic/score/max:1.0 - critic/score/min:1.0 - critic/rewards/mean:1.0 - critic/rewards/max:1.0 - critic/rewards/min:1.0 - critic/advantages/mean:0.0 - critic/advantages/max:0.0 - critic/advantages/min:0.0 - critic/returns/mean:0.0 - critic/returns/max:0.0 - critic/returns/min:0.0 - response_length/mean:6940.0 - response_length/max:7449.0 - response_length/min:6431.0 - response_length/clip_ratio:0.5 - response_length_non_aborted/mean:6940.0 - response_length_non_aborted/max:7449.0 - response_length_non_aborted/min:6431.0 - response_length_non_aborted/clip_ratio:0.5 - response/aborted_ratio:0.0 - prompt_length/mean:199.0 - prompt_length/max:199.0 - prompt_length/min:199.0 - prompt_length/clip_ratio:1.0 - timing_s/gen:58.79777110199211 - timing_s/old_log_prob:3.1827136389911175 - timing_s/adv:0.08963023597607389 - timing_s/update_actor:10.454278984980192 - timing_s/update_weights:25.71286125498591 - timing_s/step:98.34074824099662 - timing_per_token_ms/adv:0.006275748212860516 - timing_per_token_ms/update_actor:0.7319898463086537 - timing_per_token_ms/gen:4.2355403473557205 - perf/total_num_tokens:14282 - perf/time_per_step:98.34074824099662 - perf/throughput:145.22972679646617 - training/num_turns/mean:np.float64(2.0) - training/num_turns/max:np.int64(2) - training/num_turns/min:np.int64(2) - training/off_policy/trajectory_spans/mean:np.float64(1.0) - training/off_policy/trajectory_spans/max:np.float64(1.0) - training/off_policy/trajectory_spans/min:np.float64(1.0) - training/off_policy/trajectory_staleness/mean:np.float64(0.0) - training/off_policy/trajectory_staleness/max:np.float64(0.0) - training/off_policy/trajectory_staleness/min:np.float64(0.0) - training/off_policy/trajectory_staleness_worst/mean:np.float64(0.0) - training/off_policy/trajectory_staleness_worst/max:np.float64(0.0) - training/off_policy/trajectory_staleness_worst/min:np.float64(0.0)[36m(TaskRunnerV1 pid=1270803)[0m Training Progress:  64%|██████▍   | 32/50 [41:21<22:09, 73.88s/it]
[36m(WorkerDict pid=1272237)[0m INFO:2026-07-06 05:33:01,929:update_weights done, time cost: 1.00s
[36m(TaskRunnerV1 pid=1270803)[0m Training Progress:  66%|██████▌   | 33/50 [42:42<21:36, 76.24s/it]
[36m(WorkerDict pid=1272237)[0m INFO:2026-07-06 05:33:59,325:update_weights done, time cost: 0.98s
[36m(TransferQueueController pid=1271062)[0m 2026-07-06 05:33:59,539 - INFO - transfer_queue.utils.perf_utils - TQ_CONTROLLER_eaf17cd1: [Performance] Total success requests: 220, Total req/min: 43.56, Total avg process time: 0.0004s; 
[36m(TransferQueueController pid=1271062)[0m Time range: last 5.05 minutes; 
[36m(TransferQueueController pid=1271062)[0m Per-operation statistics: KV_RETRIEVE_META: req_count=64, req/min=12.67, avg_time=0.001078s, max_time=0.001610s, min_time=0.000359s; CLEAR_META: req_count=8, req/min=1.58, avg_time=0.000288s, max_time=0.000340s, min_time=0.000250s; SET_CUSTOM_META: req_count=36, req/min=7.13, avg_time=0.000046s, max_time=0.000097s, min_time=0.000015s; KV_LIST: req_count=84, req/min=16.63, avg_time=0.000068s, max_time=0.000086s, min_time=0.000039s; NOTIFY_DATA_UPDATE: req_count=24, req/min=4.75, avg_time=0.000410s, max_time=0.000595s, min_time=0.000107s; KV_RETRIEVE_KEYS: req_count=4, req/min=0.79, avg_time=0.000061s, max_time=0.000064s, min_time=0.000055s
[36m(TaskRunnerV1 pid=1270803)[0m Training Progress:  68%|██████▊   | 34/50 [43:40<18:49, 70.58s/it]
[36m(SimpleStorageUnit pid=1271159)[0m 2026-07-06 05:34:47,716 - INFO - transfer_queue.utils.perf_utils - TQ_STORAGE_UNIT_f3e9a767: [Performance] Total success requests: 42, Total req/min: 7.95, Total avg process time: 0.0084s; 
[36m(SimpleStorageUnit pid=1271159)[0m Time range: last 5.28 minutes; 
[36m(SimpleStorageUnit pid=1271159)[0m Per-operation statistics: PUT_DATA: req_count=16, req/min=3.03, avg_time=0.008015s, max_time=0.008560s, min_time=0.007124s; GET_DATA: req_count=21, req/min=3.97, avg_time=0.008419s, max_time=0.010336s, min_time=0.006864s; CLEAR_DATA: req_count=5, req/min=0.95, avg_time=0.009534s, max_time=0.015003s, min_time=0.007145s
[36m(WorkerDict pid=1272237)[0m INFO:2026-07-06 05:35:23,769:update_weights done, time cost: 1.02s
[36m(SimpleStorageUnit pid=1271152)[0m 2026-07-06 05:35:24,002 - INFO - transfer_queue.utils.perf_utils - TQ_STORAGE_UNIT_a1209543: [Performance] Total success requests: 42, Total req/min: 7.83, Total avg process time: 0.0088s; 
[36m(SimpleStorageUnit pid=1271152)[0m Time range: last 5.37 minutes; 
[36m(SimpleStorageUnit pid=1271152)[0m Per-operation statistics: CLEAR_DATA: req_count=5, req/min=0.93, avg_time=0.008664s, max_time=0.009421s, min_time=0.006956s; PUT_DATA: req_count=16, req/min=2.98, avg_time=0.008573s, max_time=0.009396s, min_time=0.007258s; GET_DATA: req_count=21, req/min=3.91, avg_time=0.008990s, max_time=0.009824s, min_time=0.007326s
[36m(SimpleStorageUnit pid=1271147)[0m 2026-07-06 05:35:24,000 - INFO - transfer_queue.utils.perf_utils - TQ_STORAGE_UNIT_408ff0fc: [Performance] Total success requests: 42, Total req/min: 7.83, Total avg process time: 0.0083s; 
[36m(SimpleStorageUnit pid=1271147)[0m Time range: last 5.37 minutes; 
[36m(SimpleStorageUnit pid=1271147)[0m Per-operation statistics: CLEAR_DATA: req_count=5, req/min=0.93, avg_time=0.009395s, max_time=0.014928s, min_time=0.006896s; PUT_DATA: req_count=16, req/min=2.98, avg_time=0.007992s, max_time=0.008401s, min_time=0.007104s; GET_DATA: req_count=21, req/min=3.91, avg_time=0.008283s, max_time=0.008744s, min_time=0.006835s
[36m(SimpleStorageUnit pid=1271146)[0m 2026-07-06 05:35:24,002 - INFO - transfer_queue.utils.perf_utils - TQ_STORAGE_UNIT_b97746ab: [Performance] Total success requests: 42, Total req/min: 7.83, Total avg process time: 0.0082s; 
[36m(SimpleStorageUnit pid=1271146)[0m Time range: last 5.37 minutes; 
[36m(SimpleStorageUnit pid=1271146)[0m Per-operation statistics: CLEAR_DATA: req_count=5, req/min=0.93, avg_time=0.008276s, max_time=0.008791s, min_time=0.006916s; PUT_DATA: req_count=16, req/min=2.98, avg_time=0.008045s, max_time=0.008816s, min_time=0.006981s; GET_DATA: req_count=21, req/min=3.91, avg_time=0.008208s, max_time=0.009242s, min_time=0.002040s

[36m(TaskRunnerV1 pid=1270803)[0m step:33 - global_seqlen/min:10472 - global_seqlen/max:10472 - global_seqlen/minmax_diff:0 - global_seqlen/balanced_min:10472 - global_seqlen/balanced_max:10472 - global_seqlen/mean:10472.0 - actor/entropy:0.2658422291278839 - training/rollout_probs_diff_valid:1 - training/rollout_probs_diff_max:0.11176571249961853 - training/rollout_probs_diff_mean:0.0037184562534093857 - training/rollout_probs_diff_std:0.008916178718209267 - training/rollout_actor_probs_pearson_corr:0.9992825984954834 - rollout_corr/training_ppl:1.1609774827957153 - rollout_corr/training_log_ppl:0.13924738764762878 - rollout_corr/kl:-3.8104124541860074e-05 - rollout_corr/k3_kl:0.0004042369546368718 - rollout_corr/rollout_ppl:1.1609611511230469 - rollout_corr/rollout_log_ppl:0.13923965394496918 - rollout_corr/log_ppl_diff:7.74487853050232e-06 - rollout_corr/log_ppl_abs_diff:0.00013052299618721008 - rollout_corr/log_ppl_diff_max:0.0002765357494354248 - rollout_corr/log_ppl_diff_min:-0.00024555623531341553 - rollout_corr/ppl_ratio:1.0000077486038208 - rollout_corr/chi2_token:0.0016959905624389648 - rollout_corr/chi2_seq:4.4303669929504395 - actor/pg_clipfrac:np.float64(0.0) - actor/ppo_kl:np.float64(0.0) - actor/pg_clipfrac_lower:np.float64(0.0) - actor/pg_loss:np.float64(-0.1451338827610016) - actor/loss:np.float64(-0.1451338827610016) - actor/grad_norm:np.float64(0.042119380086660385) - actor/lr:np.float64(1e-06) - actor/perf/max_memory_allocated_gb:np.float64(75.68736505508423) - actor/perf/max_memory_reserved_gb:np.float64(102.16015625) - actor/perf/cpu_memory_used_gb:np.float64(31.578838348388672) - perf/mfu/actor:np.float64(0.08415428792308399) - training/global_step:33 - training/epoch:0 - critic/score/mean:0.5 - critic/score/max:1.0 - critic/score/min:0.0 - critic/rewards/mean:0.5 - critic/rewards/max:1.0 - critic/rewards/min:0.0 - critic/advantages/mean:0.1451338529586792 - critic/advantages/max:0.7071057558059692 - critic/advantages/min:-0.7071057558059692 - critic/returns/mean:0.1451338529586792 - critic/returns/max:0.7071057558059692 - critic/returns/min:-0.7071057558059692 - response_length/mean:5028.0 - response_length/max:6060.0 - response_length/min:3996.0 - response_length/clip_ratio:0.5 - response_length_non_aborted/mean:5028.0 - response_length_non_aborted/max:6060.0 - response_length_non_aborted/min:3996.0 - response_length_non_aborted/clip_ratio:0.5 - response/aborted_ratio:0.0 - prompt_length/mean:206.0 - prompt_length/max:206.0 - prompt_length/min:206.0 - prompt_length/clip_ratio:1.0 - timing_s/gen:46.76464098802535 - timing_s/old_log_prob:2.130733045982197 - timing_s/adv:0.07887859898619354 - timing_s/update_actor:6.92307986097876 - timing_s/update_weights:25.66414585703751 - timing_s/step:81.66622357501183 - timing_per_token_ms/adv:0.007532333745816801 - timing_per_token_ms/update_actor:0.6611038828283766 - timing_per_token_ms/gen:4.649497016109102 - perf/total_num_tokens:10472 - perf/time_per_step:81.66622357501183 - perf/throughput:128.22926715083486 - training/num_turns/mean:np.float64(2.0) - training/num_turns/max:np.int64(2) - training/num_turns/min:np.int64(2) - training/off_policy/trajectory_spans/mean:np.float64(1.0) - training/off_policy/trajectory_spans/max:np.float64(1.0) - training/off_policy/trajectory_spans/min:np.float64(1.0) - training/off_policy/trajectory_staleness/mean:np.float64(0.0) - training/off_policy/trajectory_staleness/max:np.float64(0.0) - training/off_policy/trajectory_staleness/min:np.float64(0.0) - training/off_policy/trajectory_staleness_worst/mean:np.float64(0.0) - training/off_policy/trajectory_staleness_worst/max:np.float64(0.0) - training/off_policy/trajectory_staleness_worst/min:np.float64(0.0)
[36m(TaskRunnerV1 pid=1270803)[0m step:34 - global_seqlen/min:9301 - global_seqlen/max:9301 - global_seqlen/minmax_diff:0 - global_seqlen/balanced_min:9301 - global_seqlen/balanced_max:9301 - global_seqlen/mean:9301.0 - actor/entropy:0.30951252579689026 - training/rollout_probs_diff_valid:1 - training/rollout_probs_diff_max:0.10394245386123657 - training/rollout_probs_diff_mean:0.004253785125911236 - training/rollout_probs_diff_std:0.00976414792239666 - training/rollout_actor_probs_pearson_corr:0.9991506934165955 - rollout_corr/training_ppl:1.1494659185409546 - rollout_corr/training_log_ppl:0.1295759081840515 - rollout_corr/kl:-0.00023722373589407653 - rollout_corr/k3_kl:0.0004386060463730246 - rollout_corr/rollout_ppl:1.1496555805206299 - rollout_corr/rollout_log_ppl:0.12973104417324066 - rollout_corr/log_ppl_diff:-0.00015512481331825256 - rollout_corr/log_ppl_abs_diff:0.00015512481331825256 - rollout_corr/log_ppl_diff_max:0.0 - rollout_corr/log_ppl_diff_min:-0.0005743652582168579 - rollout_corr/ppl_ratio:0.9998449087142944 - rollout_corr/chi2_token:0.002248525619506836 - rollout_corr/chi2_seq:1.3102498054504395 - actor/pg_clipfrac:np.float64(0.0) - actor/ppo_kl:np.float64(0.0) - actor/pg_clipfrac_lower:np.float64(0.0) - actor/pg_loss:np.float64(0.0) - actor/loss:np.float64(0.0) - actor/grad_norm:np.float64(0.0) - actor/lr:np.float64(1e-06) - actor/perf/max_memory_allocated_gb:np.float64(75.68736505508423) - actor/perf/max_memory_reserved_gb:np.float64(102.16015625) - actor/perf/cpu_memory_used_gb:np.float64(31.815006256103516) - perf/mfu/actor:np.float64(0.08742611924918224) - training/global_step:34 - training/epoch:0 - critic/score/mean:1.0 - critic/score/max:1.0 - critic/score/min:1.0 - critic/rewards/mean:1.0 - critic/rewards/max:1.0 - critic/rewards/min:1.0 - critic/advantages/mean:0.0 - critic/advantages/max:0.0 - critic/advantages/min:0.0 - critic/returns/mean:0.0 - critic/returns/max:0.0 - critic/returns/min:0.0 - response_length/mean:2146.5 - response_length/max:2740.0 - response_length/min:1553.0 - response_length/clip_ratio:0.5 - response_length_non_aborted/mean:2146.5 - response_length_non_aborted/max:2740.0 - response_length_non_aborted/min:1553.0 - response_length_non_aborted/clip_ratio:0.5 - response/aborted_ratio:0.0 - prompt_length/mean:2502.0 - prompt_length/max:2502.0 - prompt_length/min:2502.0 - prompt_length/clip_ratio:1.0 - timing_s/gen:22.653271790011786 - timing_s/old_log_prob:2.27396006899653 - timing_s/adv:0.08550758199999109 - timing_s/update_actor:5.945934674004093 - timing_s/update_weights:26.133146022970323 - timing_s/step:57.32293448597193 - timing_per_token_ms/adv:0.009193375120953778 - timing_per_token_ms/update_actor:0.6392790747235881 - timing_per_token_ms/gen:5.2743356903403456 - perf/total_num_tokens:9301 - perf/time_per_step:57.32293448597193 - perf/throughput:162.2561734392042 - training/num_turns/mean:np.float64(2.0) - training/num_turns/max:np.int64(2) - training/num_turns/min:np.int64(2) - training/off_policy/trajectory_spans/mean:np.float64(1.0) - training/off_policy/trajectory_spans/max:np.float64(1.0) - training/off_policy/trajectory_spans/min:np.float64(1.0) - training/off_policy/trajectory_staleness/mean:np.float64(0.0) - training/off_policy/trajectory_staleness/max:np.float64(0.0) - training/off_policy/trajectory_staleness/min:np.float64(0.0) - training/off_policy/trajectory_staleness_worst/mean:np.float64(0.0) - training/off_policy/trajectory_staleness_worst/max:np.float64(0.0) - training/off_policy/trajectory_staleness_worst/min:np.float64(0.0)
[36m(TaskRunnerV1 pid=1270803)[0m step:35 - global_seqlen/min:11223 - global_seqlen/max:11223 - global_seqlen/minmax_diff:0 - global_seqlen/balanced_min:11223 - global_seqlen/balanced_max:11223 - global_seqlen/mean:11223.0 - actor/entropy:0.4854080080986023 - training/rollout_probs_diff_valid:1 - training/rollout_probs_diff_max:0.06528329849243164 - training/rollout_probs_diff_mean:0.004771766252815723 - training/rollout_probs_diff_std:0.008934305049479008 - training/rollout_actor_probs_pearson_corr:0.9994685053825378 - rollout_corr/training_ppl:1.3069097995758057 - rollout_corr/training_log_ppl:0.23847359418869019 - rollout_corr/kl:0.000884579960256815 - rollout_corr/k3_kl:0.00047991593601182103 - rollout_corr/rollout_ppl:1.3062061071395874 - rollout_corr/rollout_log_ppl:0.2380402833223343 - rollout_corr/log_ppl_diff:0.00043330341577529907 - rollout_corr/log_ppl_abs_diff:0.00043330341577529907 - rollout_corr/log_ppl_diff_max:0.0009697675704956055 - rollout_corr/log_ppl_diff_min:0.0 - rollout_corr/ppl_ratio:1.0004334449768066 - rollout_corr/chi2_token:0.00015294551849365234 - rollout_corr/chi2_seq:-0.4997377395629883 - actor/pg_clipfrac:np.float64(0.0) - actor/ppo_kl:np.float64(0.0) - actor/pg_clipfrac_lower:np.float64(0.0) - actor/pg_loss:np.float64(0.0) - actor/loss:np.float64(0.0) - actor/grad_norm:np.float64(0.0) - actor/lr:np.float64(1e-06) - actor/perf/max_memory_allocated_gb:np.float64(75.68736505508423) - actor/perf/max_memory_reserved_gb:np.float64(102.16015625) - actor/perf/cpu_memory_used_gb:np.float64(31.59677505493164) - perf/mfu/actor:np.float64(0.08572634583130175) - training/global_step:35 - training/epoch:0 - critic/score/mean:1.0 - critic/score/max:1.0 - critic/score/min:1.0 - critic/rewards/mean:1.0 - critic/rewards/max:1.0 - critic/rewards/min:1.0 - critic/advantages/mean:0.0 - critic/advantages/max:0.0 - critic/advantages/min:0.0 - critic/returns/mean:0.0 - critic/returns/max:0.0 - critic/returns/min:0.0 - response_length/mean:5441.5 - response_length/max:6388.0 - response_length/min:4495.0 - response_length/clip_ratio:0.5 - response_length_non_aborted/mean:5441.5 - response_length_non_aborted/max:6388.0 - response_length_non_aborted/min:4495.0 - response_length_non_aborted/clip_ratio:0.5 - response/aborted_ratio:0.0 - prompt_length/mean:168.0 - prompt_length/max:168.0 - prompt_length/min:168.0 - prompt_length/clip_ratio:1.0 - timing_s/gen:48.78231179097202 - timing_s/old_log_prob:2.3366105589666404 - timing_s/adv:0.08906997897429392 - timing_s/update_actor:7.322489383048378 - timing_s/update_weights:25.73370333900675 - timing_s/step:84.37068286701106 - timing_per_token_ms/adv:0.007936378773437933 - timing_per_token_ms/update_actor:0.6524538343623254 - timing_per_token_ms/gen:4.481608800273038 - perf/total_num_tokens:11223 - perf/time_per_step:84.37068286701106 - perf/throughput:133.02013944452966 - training/num_turns/mean:np.float64(2.0) - training/num_turns/max:np.int64(2) - training/num_turns/min:np.int64(2) - training/off_policy/trajectory_spans/mean:np.float64(1.0) - training/off_policy/trajectory_spans/max:np.float64(1.0) - training/off_policy/trajectory_spans/min:np.float64(1.0) - training/off_policy/trajectory_staleness/mean:np.float64(0.0) - training/off_policy/trajectory_staleness/max:np.float64(0.0) - training/off_policy/trajectory_staleness/min:np.float64(0.0) - training/off_policy/trajectory_staleness_worst/mean:np.float64(0.0) - training/off_policy/trajectory_staleness_worst/max:np.float64(0.0) - training/off_policy/trajectory_staleness_worst/min:np.float64(0.0)[36m(TaskRunnerV1 pid=1270803)[0m Training Progress:  70%|███████   | 35/50 [45:04<18:41, 74.74s/it]
[36m(WorkerDict pid=1272237)[0m INFO:2026-07-06 05:36:22,883:update_weights done, time cost: 0.94s
[36m(TaskRunnerV1 pid=1270803)[0m Training Progress:  72%|███████▏  | 36/50 [46:03<16:20, 70.05s/it]
[36m(WorkerDict pid=1272237)[0m INFO:2026-07-06 05:37:32,953:update_weights done, time cost: 0.94s
[36m(TaskRunnerV1 pid=1270803)[0m Training Progress:  74%|███████▍  | 37/50 [47:13<15:10, 70.06s/it]
[36m(WorkerDict pid=1272237)[0m INFO:2026-07-06 05:38:32,419:update_weights done, time cost: 0.95s

[36m(TaskRunnerV1 pid=1270803)[0m step:36 - global_seqlen/min:5712 - global_seqlen/max:5712 - global_seqlen/minmax_diff:0 - global_seqlen/balanced_min:5712 - global_seqlen/balanced_max:5712 - global_seqlen/mean:5712.0 - actor/entropy:0.5302687287330627 - training/rollout_probs_diff_valid:1 - training/rollout_probs_diff_max:0.0625951886177063 - training/rollout_probs_diff_mean:0.005007204134017229 - training/rollout_probs_diff_std:0.008848458528518677 - training/rollout_actor_probs_pearson_corr:0.999485969543457 - rollout_corr/training_ppl:1.325646162033081 - rollout_corr/training_log_ppl:0.24998562037944794 - rollout_corr/kl:0.00030030414927750826 - rollout_corr/k3_kl:0.0005172251840122044 - rollout_corr/rollout_ppl:1.3253488540649414 - rollout_corr/rollout_log_ppl:0.2498001903295517 - rollout_corr/log_ppl_diff:0.00018543004989624023 - rollout_corr/log_ppl_abs_diff:0.00018543004989624023 - rollout_corr/log_ppl_diff_max:0.0005632638931274414 - rollout_corr/log_ppl_diff_min:0.0 - rollout_corr/ppl_ratio:1.000185489654541 - rollout_corr/chi2_token:0.0014749765396118164 - rollout_corr/chi2_seq:-0.3956880569458008 - actor/pg_clipfrac:np.float64(0.0) - actor/ppo_kl:np.float64(0.0) - actor/pg_clipfrac_lower:np.float64(0.0) - actor/pg_loss:np.float64(-0.2591404318809509) - actor/loss:np.float64(-0.2591404318809509) - actor/grad_norm:np.float64(0.05568921938538551) - actor/lr:np.float64(1e-06) - actor/perf/max_memory_allocated_gb:np.float64(75.68736505508423) - actor/perf/max_memory_reserved_gb:np.float64(102.16015625) - actor/perf/cpu_memory_used_gb:np.float64(31.570755004882812) - perf/mfu/actor:np.float64(0.10046188972738898) - training/global_step:36 - training/epoch:0 - critic/score/mean:0.5 - critic/score/max:1.0 - critic/score/min:0.0 - critic/rewards/mean:0.5 - critic/rewards/max:1.0 - critic/rewards/min:0.0 - critic/advantages/mean:0.2591404616832733 - critic/advantages/max:0.7071057558059692 - critic/advantages/min:-0.7071057558059692 - critic/returns/mean:0.2591404616832733 - critic/returns/max:0.7071057558059692 - critic/returns/min:-0.7071057558059692 - response_length/mean:2685.0 - response_length/max:3669.0 - response_length/min:1701.0 - response_length/clip_ratio:0.5 - response_length_non_aborted/mean:2685.0 - response_length_non_aborted/max:3669.0 - response_length_non_aborted/min:1701.0 - response_length_non_aborted/clip_ratio:0.5 - response/aborted_ratio:0.0 - prompt_length/mean:169.0 - prompt_length/max:169.0 - prompt_length/min:169.0 - prompt_length/clip_ratio:1.0 - timing_s/gen:28.703416121017653 - timing_s/old_log_prob:1.175348172953818 - timing_s/adv:0.08524863701313734 - timing_s/update_actor:3.1272289599874057 - timing_s/update_weights:25.851855185988825 - timing_s/step:59.05091423500562 - timing_per_token_ms/adv:0.014924481269806958 - timing_per_token_ms/update_actor:0.547484061622445 - timing_per_token_ms/gen:5.343152665863301 - perf/total_num_tokens:5712 - perf/time_per_step:59.05091423500562 - perf/throughput:96.73008579118498 - training/num_turns/mean:np.float64(2.0) - training/num_turns/max:np.int64(2) - training/num_turns/min:np.int64(2) - training/off_policy/trajectory_spans/mean:np.float64(1.0) - training/off_policy/trajectory_spans/max:np.float64(1.0) - training/off_policy/trajectory_spans/min:np.float64(1.0) - training/off_policy/trajectory_staleness/mean:np.float64(0.0) - training/off_policy/trajectory_staleness/max:np.float64(0.0) - training/off_policy/trajectory_staleness/min:np.float64(0.0) - training/off_policy/trajectory_staleness_worst/mean:np.float64(0.0) - training/off_policy/trajectory_staleness_worst/max:np.float64(0.0) - training/off_policy/trajectory_staleness_worst/min:np.float64(0.0)
[36m(TaskRunnerV1 pid=1270803)[0m step:37 - global_seqlen/min:7174 - global_seqlen/max:7174 - global_seqlen/minmax_diff:0 - global_seqlen/balanced_min:7174 - global_seqlen/balanced_max:7174 - global_seqlen/mean:7174.0 - actor/entropy:0.43943583965301514 - training/rollout_probs_diff_valid:1 - training/rollout_probs_diff_max:0.06215405464172363 - training/rollout_probs_diff_mean:0.004138617310672998 - training/rollout_probs_diff_std:0.008150792680680752 - training/rollout_actor_probs_pearson_corr:0.9995536208152771 - rollout_corr/training_ppl:1.2568538188934326 - rollout_corr/training_log_ppl:0.20588207244873047 - rollout_corr/kl:0.0004935259930789471 - rollout_corr/k3_kl:0.00041655590757727623 - rollout_corr/rollout_ppl:1.256378173828125 - rollout_corr/rollout_log_ppl:0.20555588603019714 - rollout_corr/log_ppl_diff:0.0003261864185333252 - rollout_corr/log_ppl_abs_diff:0.0003261864185333252 - rollout_corr/log_ppl_diff_max:0.0009702146053314209 - rollout_corr/log_ppl_diff_min:0.0 - rollout_corr/ppl_ratio:1.00032639503479 - rollout_corr/chi2_token:0.00067901611328125 - rollout_corr/chi2_seq:-0.48250114917755127 - actor/pg_clipfrac:np.float64(0.0) - actor/ppo_kl:np.float64(0.0) - actor/pg_clipfrac_lower:np.float64(0.0) - actor/pg_loss:np.float64(0.0) - actor/loss:np.float64(0.0) - actor/grad_norm:np.float64(0.0) - actor/lr:np.float64(1e-06) - actor/perf/max_memory_allocated_gb:np.float64(75.68736505508423) - actor/perf/max_memory_reserved_gb:np.float64(102.16015625) - actor/perf/cpu_memory_used_gb:np.float64(31.560256958007812) - perf/mfu/actor:np.float64(0.10035952131054122) - training/global_step:37 - training/epoch:0 - critic/score/mean:0.0 - critic/score/max:0.0 - critic/score/min:0.0 - critic/rewards/mean:0.0 - critic/rewards/max:0.0 - critic/rewards/min:0.0 - critic/advantages/mean:0.0 - critic/advantages/max:0.0 - critic/advantages/min:0.0 - critic/returns/mean:0.0 - critic/returns/max:0.0 - critic/returns/min:0.0 - response_length/mean:3398.0 - response_length/max:5096.0 - response_length/min:1700.0 - response_length/clip_ratio:0.5 - response_length_non_aborted/mean:3398.0 - response_length_non_aborted/max:5096.0 - response_length_non_aborted/min:1700.0 - response_length_non_aborted/clip_ratio:0.5 - response/aborted_ratio:0.0 - prompt_length/mean:187.0 - prompt_length/max:187.0 - prompt_length/min:187.0 - prompt_length/clip_ratio:1.0 - timing_s/gen:38.75226046598982 - timing_s/old_log_prob:1.4502627940382808 - timing_s/adv:0.08774253801675513 - timing_s/update_actor:3.967530969006475 - timing_s/update_weights:25.62335108499974 - timing_s/step:69.99262823304161 - timing_per_token_ms/adv:0.012230629776520091 - timing_per_token_ms/update_actor:0.5530430678849282 - timing_per_token_ms/gen:5.700538462193266 - perf/total_num_tokens:7174 - perf/time_per_step:69.99262823304161 - perf/throughput:102.49650829104529 - training/num_turns/mean:np.float64(2.0) - training/num_turns/max:np.int64(2) - training/num_turns/min:np.int64(2) - training/off_policy/trajectory_spans/mean:np.float64(1.0) - training/off_policy/trajectory_spans/max:np.float64(1.0) - training/off_policy/trajectory_spans/min:np.float64(1.0) - training/off_policy/trajectory_staleness/mean:np.float64(0.0) - training/off_policy/trajectory_staleness/max:np.float64(0.0) - training/off_policy/trajectory_staleness/min:np.float64(0.0) - training/off_policy/trajectory_staleness_worst/mean:np.float64(0.0) - training/off_policy/trajectory_staleness_worst/max:np.float64(0.0) - training/off_policy/trajectory_staleness_worst/min:np.float64(0.0)
[36m(TaskRunnerV1 pid=1270803)[0m step:38 - global_seqlen/min:6626 - global_seqlen/max:6626 - global_seqlen/minmax_diff:0 - global_seqlen/balanced_min:6626 - global_seqlen/balanced_max:6626 - global_seqlen/mean:6626.0 - actor/entropy:0.3051702082157135 - training/rollout_probs_diff_valid:1 - training/rollout_probs_diff_max:0.12243592739105225 - training/rollout_probs_diff_mean:0.004110053647309542 - training/rollout_probs_diff_std:0.00891048088669777 - training/rollout_actor_probs_pearson_corr:0.9993137121200562 - rollout_corr/training_ppl:1.1716598272323608 - rollout_corr/training_log_ppl:0.14731913805007935 - rollout_corr/kl:0.0003272378526162356 - rollout_corr/k3_kl:0.00043726348667405546 - rollout_corr/rollout_ppl:1.1714274883270264 - rollout_corr/rollout_log_ppl:0.1471438854932785 - rollout_corr/log_ppl_diff:0.00017524510622024536 - rollout_corr/log_ppl_abs_diff:0.00017524510622024536 - rollout_corr/log_ppl_diff_max:0.000493168830871582 - rollout_corr/log_ppl_diff_min:0.0 - rollout_corr/ppl_ratio:1.0001752376556396 - rollout_corr/chi2_token:0.0010991096496582031 - rollout_corr/chi2_seq:-0.4270353317260742 - actor/pg_clipfrac:np.float64(0.0) - actor/ppo_kl:np.float64(0.0) - actor/pg_clipfrac_lower:np.float64(0.0) - actor/pg_loss:np.float64(0.0) - actor/loss:np.float64(0.0) - actor/grad_norm:np.float64(0.0) - actor/lr:np.float64(1e-06) - actor/perf/max_memory_allocated_gb:np.float64(75.68736505508423) - actor/perf/max_memory_reserved_gb:np.float64(102.16015625) - actor/perf/cpu_memory_used_gb:np.float64(31.552223205566406) - perf/mfu/actor:np.float64(0.10138051006401123) - training/global_step:38 - training/epoch:0 - critic/score/mean:1.0 - critic/score/max:1.0 - critic/score/min:1.0 - critic/rewards/mean:1.0 - critic/rewards/max:1.0 - critic/rewards/min:1.0 - critic/advantages/mean:0.0 - critic/advantages/max:0.0 - critic/advantages/min:0.0 - critic/returns/mean:0.0 - critic/returns/max:0.0 - critic/returns/min:0.0 - response_length/mean:3153.0 - response_length/max:3667.0 - response_length/min:2639.0 - response_length/clip_ratio:0.5 - response_length_non_aborted/mean:3153.0 - response_length_non_aborted/max:3667.0 - response_length_non_aborted/min:2639.0 - response_length_non_aborted/clip_ratio:0.5 - response/aborted_ratio:0.0 - prompt_length/mean:158.0 - prompt_length/max:158.0 - prompt_length/min:158.0 - prompt_length/clip_ratio:1.0 - timing_s/gen:28.669002963986713 - timing_s/old_log_prob:1.3278664069948718 - timing_s/adv:0.08814845996676013 - timing_s/update_actor:3.5860759910428897 - timing_s/update_weights:25.631658470025286 - timing_s/step:59.40676290803822 - timing_per_token_ms/adv:0.013303419856136452 - timing_per_token_ms/update_actor:0.5412127967164035 - timing_per_token_ms/gen:4.544864135064476 - perf/total_num_tokens:6626 - perf/time_per_step:59.40676290803822 - perf/throughput:111.53612275183316 - training/num_turns/mean:np.float64(2.0) - training/num_turns/max:np.int64(2) - training/num_turns/min:np.int64(2) - training/off_policy/trajectory_spans/mean:np.float64(1.0) - training/off_policy/trajectory_spans/max:np.float64(1.0) - training/off_policy/trajectory_spans/min:np.float64(1.0) - training/off_policy/trajectory_staleness/mean:np.float64(0.0) - training/off_policy/trajectory_staleness/max:np.float64(0.0) - training/off_policy/trajectory_staleness/min:np.float64(0.0) - training/off_policy/trajectory_staleness_worst/mean:np.float64(0.0) - training/off_policy/trajectory_staleness_worst/max:np.float64(0.0) - training/off_policy/trajectory_staleness_worst/min:np.float64(0.0)[36m(TaskRunnerV1 pid=1270803)[0m Training Progress:  76%|███████▌  | 38/50 [48:13<13:22, 66.88s/it]
[36m(TransferQueueController pid=1271062)[0m 2026-07-06 05:39:00,757 - INFO - transfer_queue.utils.perf_utils - TQ_CONTROLLER_eaf17cd1: [Performance] Total success requests: 232, Total req/min: 46.21, Total avg process time: 0.0004s; 
[36m(TransferQueueController pid=1271062)[0m Time range: last 5.02 minutes; 
[36m(TransferQueueController pid=1271062)[0m Per-operation statistics: KV_RETRIEVE_META: req_count=67, req/min=13.35, avg_time=0.001107s, max_time=0.001722s, min_time=0.000663s; CLEAR_META: req_count=9, req/min=1.79, avg_time=0.000296s, max_time=0.000339s, min_time=0.000254s; SET_CUSTOM_META: req_count=38, req/min=7.57, avg_time=0.000048s, max_time=0.000059s, min_time=0.000035s; KV_LIST: req_count=90, req/min=17.93, avg_time=0.000070s, max_time=0.000188s, min_time=0.000041s; NOTIFY_DATA_UPDATE: req_count=24, req/min=4.78, avg_time=0.000443s, max_time=0.000584s, min_time=0.000339s; KV_RETRIEVE_KEYS: req_count=4, req/min=0.80, avg_time=0.000065s, max_time=0.000073s, min_time=0.000054s
[36m(WorkerDict pid=1272237)[0m INFO:2026-07-06 05:40:04,973:update_weights done, time cost: 1.04s
[36m(TaskRunnerV1 pid=1270803)[0m Training Progress:  78%|███████▊  | 39/50 [49:46<13:40, 74.58s/it]
[36m(SimpleStorageUnit pid=1271159)[0m 2026-07-06 05:40:05,206 - INFO - transfer_queue.utils.perf_utils - TQ_STORAGE_UNIT_f3e9a767: [Performance] Total success requests: 51, Total req/min: 9.64, Total avg process time: 0.0082s; 
[36m(SimpleStorageUnit pid=1271159)[0m Time range: last 5.29 minutes; 
[36m(SimpleStorageUnit pid=1271159)[0m Per-operation statistics: PUT_DATA: req_count=20, req/min=3.78, avg_time=0.008104s, max_time=0.010159s, min_time=0.005840s; GET_DATA: req_count=26, req/min=4.91, avg_time=0.008224s, max_time=0.008867s, min_time=0.003564s; CLEAR_DATA: req_count=5, req/min=0.94, avg_time=0.008256s, max_time=0.009082s, min_time=0.007043s
[36m(TaskRunnerV1 pid=1270803)[0m INFO:2026-07-06 05:41:05,361:pending: 0, running: 1, finished: 0, failure: 0
[36m(SimpleStorageUnit pid=1271146)[0m 2026-07-06 05:41:20,155 - INFO - transfer_queue.utils.perf_utils - TQ_STORAGE_UNIT_b97746ab: [Performance] Total success requests: 44, Total req/min: 7.41, Total avg process time: 0.0082s; 
[36m(SimpleStorageUnit pid=1271146)[0m Time range: last 5.94 minutes; 
[36m(SimpleStorageUnit pid=1271146)[0m Per-operation statistics: CLEAR_DATA: req_count=6, req/min=1.01, avg_time=0.008264s, max_time=0.008843s, min_time=0.006911s; PUT_DATA: req_count=17, req/min=2.86, avg_time=0.007959s, max_time=0.008631s, min_time=0.007022s; GET_DATA: req_count=21, req/min=3.54, avg_time=0.008360s, max_time=0.009361s, min_time=0.006855s
[36m(SimpleStorageUnit pid=1271147)[0m 2026-07-06 05:41:21,401 - INFO - transfer_queue.utils.perf_utils - TQ_STORAGE_UNIT_408ff0fc: [Performance] Total success requests: 44, Total req/min: 7.39, Total avg process time: 0.0081s; 
[36m(SimpleStorageUnit pid=1271147)[0m Time range: last 5.96 minutes; 
[36m(SimpleStorageUnit pid=1271147)[0m Per-operation statistics: CLEAR_DATA: req_count=7, req/min=1.18, avg_time=0.007962s, max_time=0.008652s, min_time=0.006762s; PUT_DATA: req_count=16, req/min=2.69, avg_time=0.008047s, max_time=0.009112s, min_time=0.007062s; GET_DATA: req_count=21, req/min=3.53, avg_time=0.008193s, max_time=0.008583s, min_time=0.007152s
[36m(SimpleStorageUnit pid=1271152)[0m 2026-07-06 05:41:22,111 - INFO - transfer_queue.utils.perf_utils - TQ_STORAGE_UNIT_a1209543: [Performance] Total success requests: 45, Total req/min: 7.54, Total avg process time: 0.0086s; 
[36m(SimpleStorageUnit pid=1271152)[0m Time range: last 5.97 minutes; 
[36m(SimpleStorageUnit pid=1271152)[0m Per-operation statistics: CLEAR_DATA: req_count=6, req/min=1.01, avg_time=0.008689s, max_time=0.009441s, min_time=0.006958s; PUT_DATA: req_count=17, req/min=2.85, avg_time=0.008383s, max_time=0.009252s, min_time=0.007139s; GET_DATA: req_count=22, req/min=3.69, avg_time=0.008821s, max_time=0.009827s, min_time=0.007273s
[36m(WorkerDict pid=1272237)[0m INFO:2026-07-06 05:42:00,463:update_weights done, time cost: 1.06s
[36m(TaskRunnerV1 pid=1270803)[0m Training Progress:  80%|████████  | 40/50 [51:41<14:28, 86.86s/it]
[36m(WorkerDict pid=1272237)[0m INFO:2026-07-06 05:43:03,133:update_weights done, time cost: 0.98s

[36m(TaskRunnerV1 pid=1270803)[0m step:39 - global_seqlen/min:12947 - global_seqlen/max:12947 - global_seqlen/minmax_diff:0 - global_seqlen/balanced_min:12947 - global_seqlen/balanced_max:12947 - global_seqlen/mean:12947.0 - actor/entropy:0.5416935086250305 - training/rollout_probs_diff_valid:1 - training/rollout_probs_diff_max:0.08869898319244385 - training/rollout_probs_diff_mean:0.00493233185261488 - training/rollout_probs_diff_std:0.008744516409933567 - training/rollout_actor_probs_pearson_corr:0.9995136260986328 - rollout_corr/training_ppl:1.3762993812561035 - rollout_corr/training_log_ppl:0.2798035740852356 - rollout_corr/kl:-0.00011890893074451014 - rollout_corr/k3_kl:0.0005206161295063794 - rollout_corr/rollout_ppl:1.376465082168579 - rollout_corr/rollout_log_ppl:0.2798868417739868 - rollout_corr/log_ppl_diff:-8.323788642883301e-05 - rollout_corr/log_ppl_abs_diff:0.00020569562911987305 - rollout_corr/log_ppl_diff_max:0.0002449154853820801 - rollout_corr/log_ppl_diff_min:-0.0005778670310974121 - rollout_corr/ppl_ratio:0.9999167919158936 - rollout_corr/chi2_token:0.0023299455642700195 - rollout_corr/chi2_seq:155.53652954101562 - actor/pg_clipfrac:np.float64(0.0) - actor/ppo_kl:np.float64(0.0) - actor/pg_clipfrac_lower:np.float64(0.0) - actor/pg_loss:np.float64(0.0) - actor/loss:np.float64(0.0) - actor/grad_norm:np.float64(0.0) - actor/lr:np.float64(1e-06) - actor/perf/max_memory_allocated_gb:np.float64(75.68736505508423) - actor/perf/max_memory_reserved_gb:np.float64(102.16015625) - actor/perf/cpu_memory_used_gb:np.float64(31.600841522216797) - perf/mfu/actor:np.float64(0.08114349281738252) - training/global_step:39 - training/epoch:0 - critic/score/mean:1.0 - critic/score/max:1.0 - critic/score/min:1.0 - critic/rewards/mean:1.0 - critic/rewards/max:1.0 - critic/rewards/min:1.0 - critic/advantages/mean:0.0 - critic/advantages/max:0.0 - critic/advantages/min:0.0 - critic/returns/mean:0.0 - critic/returns/max:0.0 - critic/returns/min:0.0 - response_length/mean:6297.5 - response_length/max:7026.0 - response_length/min:5569.0 - response_length/clip_ratio:0.5 - response_length_non_aborted/mean:6297.5 - response_length_non_aborted/max:7026.0 - response_length_non_aborted/min:5569.0 - response_length_non_aborted/clip_ratio:0.5 - response/aborted_ratio:0.0 - prompt_length/mean:174.0 - prompt_length/max:174.0 - prompt_length/min:174.0 - prompt_length/clip_ratio:1.0 - timing_s/gen:54.783844292978756 - timing_s/old_log_prob:2.819987274997402 - timing_s/adv:0.0894598449813202 - timing_s/update_actor:9.001816605974454 - timing_s/update_weights:25.686527351033874 - timing_s/step:92.48552104196278 - timing_per_token_ms/adv:0.0069096968395242295 - timing_per_token_ms/update_actor:0.6952820426333864 - timing_per_token_ms/gen:4.3489596168118405 - perf/total_num_tokens:12947 - perf/time_per_step:92.48552104196278 - perf/throughput:139.98948001953357 - training/num_turns/mean:np.float64(2.0) - training/num_turns/max:np.int64(2) - training/num_turns/min:np.int64(2) - training/off_policy/trajectory_spans/mean:np.float64(1.0) - training/off_policy/trajectory_spans/max:np.float64(1.0) - training/off_policy/trajectory_spans/min:np.float64(1.0) - training/off_policy/trajectory_staleness/mean:np.float64(0.0) - training/off_policy/trajectory_staleness/max:np.float64(0.0) - training/off_policy/trajectory_staleness/min:np.float64(0.0) - training/off_policy/trajectory_staleness_worst/mean:np.float64(0.0) - training/off_policy/trajectory_staleness_worst/max:np.float64(0.0) - training/off_policy/trajectory_staleness_worst/min:np.float64(0.0)
[36m(TaskRunnerV1 pid=1270803)[0m step:40 - global_seqlen/min:13398 - global_seqlen/max:13398 - global_seqlen/minmax_diff:0 - global_seqlen/balanced_min:13398 - global_seqlen/balanced_max:13398 - global_seqlen/mean:13398.0 - actor/entropy:0.3038867712020874 - training/rollout_probs_diff_valid:1 - training/rollout_probs_diff_max:0.09745058417320251 - training/rollout_probs_diff_mean:0.0038942627143114805 - training/rollout_probs_diff_std:0.008578580804169178 - training/rollout_actor_probs_pearson_corr:0.9993780851364136 - rollout_corr/training_ppl:1.1744648218154907 - rollout_corr/training_log_ppl:0.14953294396400452 - rollout_corr/kl:0.00046206425759010017 - rollout_corr/k3_kl:0.00040411189547739923 - rollout_corr/rollout_ppl:1.1741602420806885 - rollout_corr/rollout_log_ppl:0.1493072360754013 - rollout_corr/log_ppl_diff:0.00022570788860321045 - rollout_corr/log_ppl_abs_diff:0.00022570788860321045 - rollout_corr/log_ppl_diff_max:0.0004690587520599365 - rollout_corr/log_ppl_diff_min:0.0 - rollout_corr/ppl_ratio:1.0002257823944092 - rollout_corr/chi2_token:0.0006943941116333008 - rollout_corr/chi2_seq:-0.4707742929458618 - actor/pg_clipfrac:np.float64(0.0) - actor/ppo_kl:np.float64(0.0) - actor/pg_clipfrac_lower:np.float64(0.0) - actor/pg_loss:np.float64(0.0) - actor/loss:np.float64(0.0) - actor/grad_norm:np.float64(0.0) - actor/lr:np.float64(1e-06) - actor/perf/max_memory_allocated_gb:np.float64(75.68736505508423) - actor/perf/max_memory_reserved_gb:np.float64(102.16015625) - actor/perf/cpu_memory_used_gb:np.float64(31.614582061767578) - perf/mfu/actor:np.float64(0.082383962810847) - training/global_step:40 - training/epoch:0 - critic/score/mean:1.0 - critic/score/max:1.0 - critic/score/min:1.0 - critic/rewards/mean:1.0 - critic/rewards/max:1.0 - critic/rewards/min:1.0 - critic/advantages/mean:0.0 - critic/advantages/max:0.0 - critic/advantages/min:0.0 - critic/returns/mean:0.0 - critic/returns/max:0.0 - critic/returns/min:0.0 - response_length/mean:6244.0 - response_length/max:10013.0 - response_length/min:2475.0 - response_length/clip_ratio:0.5 - response_length_non_aborted/mean:6244.0 - response_length_non_aborted/max:10013.0 - response_length_non_aborted/min:2475.0 - response_length_non_aborted/clip_ratio:0.5 - response/aborted_ratio:0.0 - prompt_length/mean:453.0 - prompt_length/max:453.0 - prompt_length/min:453.0 - prompt_length/clip_ratio:1.0 - timing_s/gen:76.82468361698557 - timing_s/old_log_prob:2.947432447981555 - timing_s/adv:0.08841519500128925 - timing_s/update_actor:9.510976182995364 - timing_s/update_weights:25.936182309000287 - timing_s/step:115.4308289969922 - timing_per_token_ms/adv:0.006599133826040398 - timing_per_token_ms/update_actor:0.7098802942973104 - timing_per_token_ms/gen:6.150895405683392 - perf/total_num_tokens:13398 - perf/time_per_step:115.4308289969922 - perf/throughput:116.06951207418872 - training/num_turns/mean:np.float64(2.0) - training/num_turns/max:np.int64(2) - training/num_turns/min:np.int64(2) - training/off_policy/trajectory_spans/mean:np.float64(1.0) - training/off_policy/trajectory_spans/max:np.float64(1.0) - training/off_policy/trajectory_spans/min:np.float64(1.0) - training/off_policy/trajectory_staleness/mean:np.float64(0.0) - training/off_policy/trajectory_staleness/max:np.float64(0.0) - training/off_policy/trajectory_staleness/min:np.float64(0.0) - training/off_policy/trajectory_staleness_worst/mean:np.float64(0.0) - training/off_policy/trajectory_staleness_worst/max:np.float64(0.0) - training/off_policy/trajectory_staleness_worst/min:np.float64(0.0)
[36m(TaskRunnerV1 pid=1270803)[0m step:41 - global_seqlen/min:7934 - global_seqlen/max:7934 - global_seqlen/minmax_diff:0 - global_seqlen/balanced_min:7934 - global_seqlen/balanced_max:7934 - global_seqlen/mean:7934.0 - actor/entropy:0.3355560004711151 - training/rollout_probs_diff_valid:1 - training/rollout_probs_diff_max:0.09326273202896118 - training/rollout_probs_diff_mean:0.003953259903937578 - training/rollout_probs_diff_std:0.008389394730329514 - training/rollout_actor_probs_pearson_corr:0.9994311928749084 - rollout_corr/training_ppl:1.202019214630127 - rollout_corr/training_log_ppl:0.16964083909988403 - rollout_corr/kl:0.00035759390448220074 - rollout_corr/k3_kl:0.00041409474215470254 - rollout_corr/rollout_ppl:1.201804757118225 - rollout_corr/rollout_log_ppl:0.16949111223220825 - rollout_corr/log_ppl_diff:0.0001497417688369751 - rollout_corr/log_ppl_abs_diff:0.00025531649589538574 - rollout_corr/log_ppl_diff_max:0.0008101165294647217 - rollout_corr/log_ppl_diff_min:-0.0002111494541168213 - rollout_corr/ppl_ratio:1.0001498460769653 - rollout_corr/chi2_token:0.0009472370147705078 - rollout_corr/chi2_seq:0.41962337493896484 - actor/pg_clipfrac:np.float64(0.0) - actor/ppo_kl:np.float64(0.0) - actor/pg_clipfrac_lower:np.float64(0.0) - actor/pg_loss:np.float64(0.0) - actor/loss:np.float64(0.0) - actor/grad_norm:np.float64(0.0) - actor/lr:np.float64(1e-06) - actor/perf/max_memory_allocated_gb:np.float64(75.68736505508423) - actor/perf/max_memory_reserved_gb:np.float64(102.16015625) - actor/perf/cpu_memory_used_gb:np.float64(31.60653305053711) - perf/mfu/actor:np.float64(0.09622263310714715) - training/global_step:41 - training/epoch:0 - critic/score/mean:1.0 - critic/score/max:1.0 - critic/score/min:1.0 - critic/rewards/mean:1.0 - critic/rewards/max:1.0 - critic/rewards/min:1.0 - critic/advantages/mean:0.0 - critic/advantages/max:0.0 - critic/advantages/min:0.0 - critic/returns/mean:0.0 - critic/returns/max:0.0 - critic/returns/min:0.0 - response_length/mean:3479.0 - response_length/max:3875.0 - response_length/min:3083.0 - response_length/clip_ratio:0.5 - response_length_non_aborted/mean:3479.0 - response_length_non_aborted/max:3875.0 - response_length_non_aborted/min:3083.0 - response_length_non_aborted/clip_ratio:0.5 - response/aborted_ratio:0.0 - prompt_length/mean:486.0 - prompt_length/max:486.0 - prompt_length/min:486.0 - prompt_length/clip_ratio:1.0 - timing_s/gen:30.715758259000722 - timing_s/old_log_prob:1.554967336007394 - timing_s/adv:0.08538342698011547 - timing_s/update_actor:4.541778669983614 - timing_s/update_weights:25.58650104998378 - timing_s/step:62.60315438202815 - timing_per_token_ms/adv:0.010761712500644753 - timing_per_token_ms/update_actor:0.5724450050395279 - timing_per_token_ms/gen:4.413183657902403 - perf/total_num_tokens:7934 - perf/time_per_step:62.60315438202815 - perf/throughput:126.73482795425495 - training/num_turns/mean:np.float64(2.0) - training/num_turns/max:np.int64(2) - training/num_turns/min:np.int64(2) - training/off_policy/trajectory_spans/mean:np.float64(1.0) - training/off_policy/trajectory_spans/max:np.float64(1.0) - training/off_policy/trajectory_spans/min:np.float64(1.0) - training/off_policy/trajectory_staleness/mean:np.float64(0.0) - training/off_policy/trajectory_staleness/max:np.float64(0.0) - training/off_policy/trajectory_staleness/min:np.float64(0.0) - training/off_policy/trajectory_staleness_worst/mean:np.float64(0.0) - training/off_policy/trajectory_staleness_worst/max:np.float64(0.0) - training/off_policy/trajectory_staleness_worst/min:np.float64(0.0)[36m(TaskRunnerV1 pid=1270803)[0m Training Progress:  82%|████████▏ | 41/50 [52:44<11:56, 79.60s/it]
[36m(WorkerDict pid=1272237)[0m INFO:2026-07-06 05:43:55,955:update_weights done, time cost: 0.99s
[36m(TaskRunnerV1 pid=1270803)[0m Training Progress:  84%|████████▍ | 42/50 [53:37<09:32, 71.57s/it]
[36m(TransferQueueController pid=1271062)[0m 2026-07-06 05:44:02,272 - INFO - transfer_queue.utils.perf_utils - TQ_CONTROLLER_eaf17cd1: [Performance] Total success requests: 217, Total req/min: 43.18, Total avg process time: 0.0004s; 
[36m(TransferQueueController pid=1271062)[0m Time range: last 5.03 minutes; 
[36m(TransferQueueController pid=1271062)[0m Per-operation statistics: KV_LIST: req_count=81, req/min=16.12, avg_time=0.000072s, max_time=0.000153s, min_time=0.000045s; KV_RETRIEVE_META: req_count=64, req/min=12.74, avg_time=0.001084s, max_time=0.001998s, min_time=0.000515s; NOTIFY_DATA_UPDATE: req_count=24, req/min=4.78, avg_time=0.000455s, max_time=0.001110s, min_time=0.000333s; SET_CUSTOM_META: req_count=36, req/min=7.16, avg_time=0.000046s, max_time=0.000075s, min_time=0.000030s; CLEAR_META: req_count=8, req/min=1.59, avg_time=0.000296s, max_time=0.000328s, min_time=0.000269s; KV_RETRIEVE_KEYS: req_count=4, req/min=0.80, avg_time=0.000079s, max_time=0.000088s, min_time=0.000067s
[36m(TaskRunnerV1 pid=1270803)[0m INFO:2026-07-06 05:44:56,352:pending: 0, running: 1, finished: 0, failure: 0
[36m(SimpleStorageUnit pid=1271159)[0m 2026-07-06 05:45:42,439 - INFO - transfer_queue.utils.perf_utils - TQ_STORAGE_UNIT_f3e9a767: [Performance] Total success requests: 33, Total req/min: 5.87, Total avg process time: 0.0086s; 
[36m(SimpleStorageUnit pid=1271159)[0m Time range: last 5.62 minutes; 
[36m(SimpleStorageUnit pid=1271159)[0m Per-operation statistics: CLEAR_DATA: req_count=5, req/min=0.89, avg_time=0.010551s, max_time=0.018030s, min_time=0.007619s; PUT_DATA: req_count=12, req/min=2.14, avg_time=0.008063s, max_time=0.008809s, min_time=0.007308s; GET_DATA: req_count=16, req/min=2.85, avg_time=0.008306s, max_time=0.008612s, min_time=0.007087s
[36m(WorkerDict pid=1272237)[0m INFO:2026-07-06 05:46:46,079:update_weights done, time cost: 1.28s
[36m(SimpleStorageUnit pid=1271152)[0m 2026-07-06 05:46:46,313 - INFO - transfer_queue.utils.perf_utils - TQ_STORAGE_UNIT_a1209543: [Performance] Total success requests: 39, Total req/min: 7.22, Total avg process time: 0.0088s; 
[36m(SimpleStorageUnit pid=1271152)[0m Time range: last 5.40 minutes; 
[36m(SimpleStorageUnit pid=1271152)[0m Per-operation statistics: GET_DATA: req_count=20, req/min=3.70, avg_time=0.009002s, max_time=0.009649s, min_time=0.008623s; PUT_DATA: req_count=15, req/min=2.78, avg_time=0.008706s, max_time=0.009510s, min_time=0.007895s; CLEAR_DATA: req_count=4, req/min=0.74, avg_time=0.008574s, max_time=0.009073s, min_time=0.007336s
[36m(SimpleStorageUnit pid=1271147)[0m 2026-07-06 05:46:46,312 - INFO - transfer_queue.utils.perf_utils - TQ_STORAGE_UNIT_408ff0fc: [Performance] Total success requests: 40, Total req/min: 7.39, Total avg process time: 0.0084s; 
[36m(SimpleStorageUnit pid=1271147)[0m Time range: last 5.42 minutes; 
[36m(SimpleStorageUnit pid=1271147)[0m Per-operation statistics: PUT_DATA: req_count=16, req/min=2.95, avg_time=0.008038s, max_time=0.008468s, min_time=0.007160s; GET_DATA: req_count=21, req/min=3.88, avg_time=0.008261s, max_time=0.008599s, min_time=0.007069s; CLEAR_DATA: req_count=3, req/min=0.55, avg_time=0.011678s, max_time=0.018204s, min_time=0.008237s
[36m(SimpleStorageUnit pid=1271146)[0m 2026-07-06 05:46:46,314 - INFO - transfer_queue.utils.perf_utils - TQ_STORAGE_UNIT_b97746ab: [Performance] Total success requests: 40, Total req/min: 7.36, Total avg process time: 0.0083s; 
[36m(SimpleStorageUnit pid=1271146)[0m Time range: last 5.44 minutes; 
[36m(SimpleStorageUnit pid=1271146)[0m Per-operation statistics: GET_DATA: req_count=21, req/min=3.86, avg_time=0.008385s, max_time=0.009226s, min_time=0.006872s; PUT_DATA: req_count=15, req/min=2.76, avg_time=0.008191s, max_time=0.008944s, min_time=0.007428s; CLEAR_DATA: req_count=4, req/min=0.74, avg_time=0.008060s, max_time=0.008635s, min_time=0.006858s
[36m(TaskRunnerV1 pid=1270803)[0m Training Progress:  86%|████████▌ | 43/50 [56:27<11:47, 101.13s/it]
[36m(WorkerDict pid=1272237)[0m INFO:2026-07-06 05:48:13,795:update_weights done, time cost: 1.03s

[36m(TaskRunnerV1 pid=1270803)[0m step:42 - global_seqlen/min:10284 - global_seqlen/max:10284 - global_seqlen/minmax_diff:0 - global_seqlen/balanced_min:10284 - global_seqlen/balanced_max:10284 - global_seqlen/mean:10284.0 - actor/entropy:0.29528507590293884 - training/rollout_probs_diff_valid:1 - training/rollout_probs_diff_max:0.08681070804595947 - training/rollout_probs_diff_mean:0.0038270039949566126 - training/rollout_probs_diff_std:0.00879615917801857 - training/rollout_actor_probs_pearson_corr:0.9993732571601868 - rollout_corr/training_ppl:1.1845359802246094 - rollout_corr/training_log_ppl:0.156998872756958 - rollout_corr/kl:0.0004976154887117445 - rollout_corr/k3_kl:0.0004478671762626618 - rollout_corr/rollout_ppl:1.1841340065002441 - rollout_corr/rollout_log_ppl:0.1567089557647705 - rollout_corr/log_ppl_diff:0.0002899244427680969 - rollout_corr/log_ppl_abs_diff:0.0002899244427680969 - rollout_corr/log_ppl_diff_max:0.001047372817993164 - rollout_corr/log_ppl_diff_min:0.0 - rollout_corr/ppl_ratio:1.000290036201477 - rollout_corr/chi2_token:0.0007936954498291016 - rollout_corr/chi2_seq:-0.29996800422668457 - actor/pg_clipfrac:np.float64(0.0) - actor/ppo_kl:np.float64(0.0) - actor/pg_clipfrac_lower:np.float64(0.0) - actor/pg_loss:np.float64(0.0) - actor/loss:np.float64(0.0) - actor/grad_norm:np.float64(0.0) - actor/lr:np.float64(1e-06) - actor/perf/max_memory_allocated_gb:np.float64(75.68736505508423) - actor/perf/max_memory_reserved_gb:np.float64(102.16015625) - actor/perf/cpu_memory_used_gb:np.float64(32.00981140136719) - perf/mfu/actor:np.float64(0.08119361078517008) - training/global_step:42 - training/epoch:0 - critic/score/mean:1.0 - critic/score/max:1.0 - critic/score/min:1.0 - critic/rewards/mean:1.0 - critic/rewards/max:1.0 - critic/rewards/min:1.0 - critic/advantages/mean:0.0 - critic/advantages/max:0.0 - critic/advantages/min:0.0 - critic/returns/mean:0.0 - critic/returns/max:0.0 - critic/returns/min:0.0 - response_length/mean:1342.0 - response_length/max:1578.0 - response_length/min:1106.0 - response_length/clip_ratio:0.5 - response_length_non_aborted/mean:1342.0 - response_length_non_aborted/max:1578.0 - response_length_non_aborted/min:1106.0 - response_length_non_aborted/clip_ratio:0.5 - response/aborted_ratio:0.0 - prompt_length/mean:3798.0 - prompt_length/max:3798.0 - prompt_length/min:3798.0 - prompt_length/clip_ratio:1.0 - timing_s/gen:16.70523006998701 - timing_s/old_log_prob:2.820905744971242 - timing_s/adv:0.08575568598462269 - timing_s/update_actor:7.190472185960971 - timing_s/update_weights:25.673150842019822 - timing_s/step:52.75351494696224 - timing_per_token_ms/adv:0.00833874815097459 - timing_per_token_ms/update_actor:0.699190216448947 - timing_per_token_ms/gen:6.219370837672007 - perf/total_num_tokens:10284 - perf/time_per_step:52.75351494696224 - perf/throughput:194.9443560365487 - training/num_turns/mean:np.float64(2.0) - training/num_turns/max:np.int64(2) - training/num_turns/min:np.int64(2) - training/off_policy/trajectory_spans/mean:np.float64(1.0) - training/off_policy/trajectory_spans/max:np.float64(1.0) - training/off_policy/trajectory_spans/min:np.float64(1.0) - training/off_policy/trajectory_staleness/mean:np.float64(0.0) - training/off_policy/trajectory_staleness/max:np.float64(0.0) - training/off_policy/trajectory_staleness/min:np.float64(0.0) - training/off_policy/trajectory_staleness_worst/mean:np.float64(0.0) - training/off_policy/trajectory_staleness_worst/max:np.float64(0.0) - training/off_policy/trajectory_staleness_worst/min:np.float64(0.0)
[36m(TaskRunnerV1 pid=1270803)[0m step:43 - global_seqlen/min:26000 - global_seqlen/max:26000 - global_seqlen/minmax_diff:0 - global_seqlen/balanced_min:26000 - global_seqlen/balanced_max:26000 - global_seqlen/mean:26000.0 - actor/entropy:0.33008840680122375 - training/rollout_probs_diff_valid:1 - training/rollout_probs_diff_max:0.09252488613128662 - training/rollout_probs_diff_mean:0.0037846723571419716 - training/rollout_probs_diff_std:0.00826399028301239 - training/rollout_actor_probs_pearson_corr:0.9994522929191589 - rollout_corr/training_ppl:1.1953840255737305 - rollout_corr/training_log_ppl:0.1647290289402008 - rollout_corr/kl:0.00035139729152433574 - rollout_corr/k3_kl:0.0003805962041951716 - rollout_corr/rollout_ppl:1.1951407194137573 - rollout_corr/rollout_log_ppl:0.16455434262752533 - rollout_corr/log_ppl_diff:0.000174693763256073 - rollout_corr/log_ppl_abs_diff:0.000174693763256073 - rollout_corr/log_ppl_diff_max:0.000370711088180542 - rollout_corr/log_ppl_diff_min:0.0 - rollout_corr/ppl_ratio:1.0001747608184814 - rollout_corr/chi2_token:0.0008244514465332031 - rollout_corr/chi2_seq:-0.4998288154602051 - actor/pg_clipfrac:np.float64(0.0) - actor/ppo_kl:np.float64(0.0) - actor/pg_clipfrac_lower:np.float64(0.0) - actor/pg_loss:np.float64(-0.0661696195602417) - actor/loss:np.float64(-0.0661696195602417) - actor/grad_norm:np.float64(0.023326456546783447) - actor/lr:np.float64(1e-06) - actor/perf/max_memory_allocated_gb:np.float64(75.68736505508423) - actor/perf/max_memory_reserved_gb:np.float64(102.16015625) - actor/perf/cpu_memory_used_gb:np.float64(31.80278778076172) - perf/mfu/actor:np.float64(0.05487219024079341) - training/global_step:43 - training/epoch:0 - critic/score/mean:0.5 - critic/score/max:1.0 - critic/score/min:0.0 - critic/rewards/mean:0.5 - critic/rewards/max:1.0 - critic/rewards/min:0.0 - critic/advantages/mean:0.0661696195602417 - critic/advantages/max:0.7071057558059692 - critic/advantages/min:-0.7071057558059692 - critic/returns/mean:0.0661696195602417 - critic/returns/max:0.7071057558059692 - critic/returns/min:-0.7071057558059692 - response_length/mean:12364.0 - response_length/max:13521.0 - response_length/min:11207.0 - response_length/clip_ratio:0.5 - response_length_non_aborted/mean:12364.0 - response_length_non_aborted/max:13521.0 - response_length_non_aborted/min:11207.0 - response_length_non_aborted/clip_ratio:0.5 - response/aborted_ratio:0.0 - prompt_length/mean:634.0 - prompt_length/max:634.0 - prompt_length/min:634.0 - prompt_length/clip_ratio:1.0 - timing_s/gen:106.8772269890178 - timing_s/old_log_prob:7.512643529975321 - timing_s/adv:0.09417033800855279 - timing_s/update_actor:29.264889229962137 - timing_s/update_weights:26.16384543199092 - timing_s/step:170.04619828198338 - timing_per_token_ms/adv:0.0036219360772520304 - timing_per_token_ms/update_actor:1.1255726626908513 - timing_per_token_ms/gen:4.321764132188346 - perf/total_num_tokens:26000 - perf/time_per_step:170.04619828198338 - perf/throughput:152.89962529409124 - training/num_turns/mean:np.float64(2.0) - training/num_turns/max:np.int64(2) - training/num_turns/min:np.int64(2) - training/off_policy/trajectory_spans/mean:np.float64(1.0) - training/off_policy/trajectory_spans/max:np.float64(1.0) - training/off_policy/trajectory_spans/min:np.float64(1.0) - training/off_policy/trajectory_staleness/mean:np.float64(0.0) - training/off_policy/trajectory_staleness/max:np.float64(0.0) - training/off_policy/trajectory_staleness/min:np.float64(0.0) - training/off_policy/trajectory_staleness_worst/mean:np.float64(0.0) - training/off_policy/trajectory_staleness_worst/max:np.float64(0.0) - training/off_policy/trajectory_staleness_worst/min:np.float64(0.0)
[36m(TaskRunnerV1 pid=1270803)[0m step:44 - global_seqlen/min:12099 - global_seqlen/max:12099 - global_seqlen/minmax_diff:0 - global_seqlen/balanced_min:12099 - global_seqlen/balanced_max:12099 - global_seqlen/mean:12099.0 - actor/entropy:0.46391579508781433 - training/rollout_probs_diff_valid:1 - training/rollout_probs_diff_max:0.1081884503364563 - training/rollout_probs_diff_mean:0.004630018956959248 - training/rollout_probs_diff_std:0.008815736509859562 - training/rollout_actor_probs_pearson_corr:0.9994716048240662 - rollout_corr/training_ppl:1.2861530780792236 - rollout_corr/training_log_ppl:0.22497600317001343 - rollout_corr/kl:0.00043592159636318684 - rollout_corr/k3_kl:0.00048278854228556156 - rollout_corr/rollout_ppl:1.285801649093628 - rollout_corr/rollout_log_ppl:0.22474882006645203 - rollout_corr/log_ppl_diff:0.00022718310356140137 - rollout_corr/log_ppl_abs_diff:0.00022718310356140137 - rollout_corr/log_ppl_diff_max:0.0005561709403991699 - rollout_corr/log_ppl_diff_min:0.0 - rollout_corr/ppl_ratio:1.0002272129058838 - rollout_corr/chi2_token:0.0010619163513183594 - rollout_corr/chi2_seq:-0.4958902597427368 - actor/pg_clipfrac:np.float64(0.0) - actor/ppo_kl:np.float64(0.0) - actor/pg_clipfrac_lower:np.float64(0.0) - actor/pg_loss:np.float64(0.0) - actor/loss:np.float64(0.0) - actor/grad_norm:np.float64(0.0) - actor/lr:np.float64(1e-06) - actor/perf/max_memory_allocated_gb:np.float64(75.68736505508423) - actor/perf/max_memory_reserved_gb:np.float64(102.16015625) - actor/perf/cpu_memory_used_gb:np.float64(31.673248291015625) - perf/mfu/actor:np.float64(0.08343258140864353) - training/global_step:44 - training/epoch:0 - critic/score/mean:1.0 - critic/score/max:1.0 - critic/score/min:1.0 - critic/rewards/mean:1.0 - critic/rewards/max:1.0 - critic/rewards/min:1.0 - critic/advantages/mean:0.0 - critic/advantages/max:0.0 - critic/advantages/min:0.0 - critic/returns/mean:0.0 - critic/returns/max:0.0 - critic/returns/min:0.0 - response_length/mean:5533.5 - response_length/max:6536.0 - response_length/min:4531.0 - response_length/clip_ratio:0.5 - response_length_non_aborted/mean:5533.5 - response_length_non_aborted/max:6536.0 - response_length_non_aborted/min:4531.0 - response_length_non_aborted/clip_ratio:0.5 - response/aborted_ratio:0.0 - prompt_length/mean:514.0 - prompt_length/max:514.0 - prompt_length/min:514.0 - prompt_length/clip_ratio:1.0 - timing_s/gen:50.78377004695358 - timing_s/old_log_prob:2.571686166978907 - timing_s/adv:0.08657075004884973 - timing_s/update_actor:8.15931959002046 - timing_s/update_weights:25.927069675992243 - timing_s/step:87.64891726599308 - timing_per_token_ms/adv:0.007155198780795911 - timing_per_token_ms/update_actor:0.674379666916312 - timing_per_token_ms/gen:4.5879275496389536 - perf/total_num_tokens:12099 - perf/time_per_step:87.64891726599308 - perf/throughput:138.03935493330155 - training/num_turns/mean:np.float64(2.0) - training/num_turns/max:np.int64(2) - training/num_turns/min:np.int64(2) - training/off_policy/trajectory_spans/mean:np.float64(1.0) - training/off_policy/trajectory_spans/max:np.float64(1.0) - training/off_policy/trajectory_spans/min:np.float64(1.0) - training/off_policy/trajectory_staleness/mean:np.float64(0.0) - training/off_policy/trajectory_staleness/max:np.float64(0.0) - training/off_policy/trajectory_staleness/min:np.float64(0.0) - training/off_policy/trajectory_staleness_worst/mean:np.float64(0.0) - training/off_policy/trajectory_staleness_worst/max:np.float64(0.0) - training/off_policy/trajectory_staleness_worst/min:np.float64(0.0)[36m(TaskRunnerV1 pid=1270803)[0m Training Progress:  88%|████████▊ | 44/50 [57:54<09:42, 97.11s/it] 
[36m(TransferQueueController pid=1271062)[0m 2026-07-06 05:49:04,170 - INFO - transfer_queue.utils.perf_utils - TQ_CONTROLLER_eaf17cd1: [Performance] Total success requests: 170, Total req/min: 33.79, Total avg process time: 0.0003s; 
[36m(TransferQueueController pid=1271062)[0m Time range: last 5.03 minutes; 
[36m(TransferQueueController pid=1271062)[0m Per-operation statistics: KV_LIST: req_count=102, req/min=20.27, avg_time=0.000069s, max_time=0.000091s, min_time=0.000024s; KV_RETRIEVE_META: req_count=32, req/min=6.36, avg_time=0.001127s, max_time=0.002556s, min_time=0.000666s; NOTIFY_DATA_UPDATE: req_count=12, req/min=2.38, avg_time=0.000430s, max_time=0.000512s, min_time=0.000325s; SET_CUSTOM_META: req_count=18, req/min=3.58, avg_time=0.000049s, max_time=0.000066s, min_time=0.000036s; CLEAR_META: req_count=4, req/min=0.79, avg_time=0.000341s, max_time=0.000385s, min_time=0.000251s; KV_RETRIEVE_KEYS: req_count=2, req/min=0.40, avg_time=0.000090s, max_time=0.000092s, min_time=0.000088s
[36m(TaskRunnerV1 pid=1270803)[0m INFO:2026-07-06 05:49:14,186:pending: 0, running: 1, finished: 0, failure: 0
[36m(WorkerDict pid=1272237)[0m INFO:2026-07-06 05:50:45,370:update_weights done, time cost: 1.18s
[36m(TaskRunnerV1 pid=1270803)[0m Training Progress:  90%|█████████ | 45/50 [1:00:26<09:27, 113.45s/it]
[36m(SimpleStorageUnit pid=1271159)[0m 2026-07-06 05:50:45,604 - INFO - transfer_queue.utils.perf_utils - TQ_STORAGE_UNIT_f3e9a767: [Performance] Total success requests: 29, Total req/min: 5.74, Total avg process time: 0.0085s; 
[36m(SimpleStorageUnit pid=1271159)[0m Time range: last 5.05 minutes; 
[36m(SimpleStorageUnit pid=1271159)[0m Per-operation statistics: PUT_DATA: req_count=12, req/min=2.37, avg_time=0.008266s, max_time=0.008702s, min_time=0.007082s; GET_DATA: req_count=15, req/min=2.97, avg_time=0.008715s, max_time=0.010344s, min_time=0.008288s; CLEAR_DATA: req_count=2, req/min=0.40, avg_time=0.008697s, max_time=0.008721s, min_time=0.008672s
[36m(WorkerDict pid=1272237)[0m INFO:2026-07-06 05:51:25,306:update_weights done, time cost: 0.80s
[36m(TaskRunnerV1 pid=1270803)[0m Training Progress:  92%|█████████▏| 46/50 [1:01:06<06:05, 91.39s/it] 
[36m(WorkerDict pid=1272237)[0m INFO:2026-07-06 05:52:07,449:update_weights done, time cost: 0.78s

[36m(TaskRunnerV1 pid=1270803)[0m step:45 - global_seqlen/min:20467 - global_seqlen/max:20467 - global_seqlen/minmax_diff:0 - global_seqlen/balanced_min:20467 - global_seqlen/balanced_max:20467 - global_seqlen/mean:20467.0 - actor/entropy:0.5205476880073547 - training/rollout_probs_diff_valid:1 - training/rollout_probs_diff_max:0.06217643618583679 - training/rollout_probs_diff_mean:0.004696888383477926 - training/rollout_probs_diff_std:0.00842183269560337 - training/rollout_actor_probs_pearson_corr:0.999534547328949 - rollout_corr/training_ppl:1.3461977243423462 - rollout_corr/training_log_ppl:0.26299238204956055 - rollout_corr/kl:0.0009450531215406954 - rollout_corr/k3_kl:0.0004776100686285645 - rollout_corr/rollout_ppl:1.3452767133712769 - rollout_corr/rollout_log_ppl:0.2624518573284149 - rollout_corr/log_ppl_diff:0.000540509819984436 - rollout_corr/log_ppl_abs_diff:0.000540509819984436 - rollout_corr/log_ppl_diff_max:0.0015366077423095703 - rollout_corr/log_ppl_diff_min:0.0 - rollout_corr/ppl_ratio:1.000540852546692 - rollout_corr/chi2_token:1.8715858459472656e-05 - rollout_corr/chi2_seq:-0.5 - actor/pg_clipfrac:np.float64(0.0) - actor/ppo_kl:np.float64(0.0) - actor/pg_clipfrac_lower:np.float64(0.0) - actor/pg_loss:np.float64(0.21107268333435059) - actor/loss:np.float64(0.21107268333435059) - actor/grad_norm:np.float64(0.028574295341968536) - actor/lr:np.float64(1e-06) - actor/perf/max_memory_allocated_gb:np.float64(75.68736505508423) - actor/perf/max_memory_reserved_gb:np.float64(102.16015625) - actor/perf/cpu_memory_used_gb:np.float64(31.744125366210938) - perf/mfu/actor:np.float64(0.06277600180057781) - training/global_step:45 - training/epoch:0 - critic/score/mean:0.5 - critic/score/max:1.0 - critic/score/min:0.0 - critic/rewards/mean:0.5 - critic/rewards/max:1.0 - critic/rewards/min:0.0 - critic/advantages/mean:-0.21107260882854462 - critic/advantages/max:0.7071057558059692 - critic/advantages/min:-0.7071057558059692 - critic/returns/mean:-0.21107260882854462 - critic/returns/max:0.7071057558059692 - critic/returns/min:-0.7071057558059692 - response_length/mean:10048.5 - response_length/max:13048.0 - response_length/min:7049.0 - response_length/clip_ratio:0.5 - response_length_non_aborted/mean:10048.5 - response_length_non_aborted/max:13048.0 - response_length_non_aborted/min:7049.0 - response_length_non_aborted/clip_ratio:0.5 - response/aborted_ratio:0.0 - prompt_length/mean:183.0 - prompt_length/max:183.0 - prompt_length/min:183.0 - prompt_length/clip_ratio:1.0 - timing_s/gen:100.85342380095972 - timing_s/old_log_prob:5.272516313008964 - timing_s/adv:0.09249154600547627 - timing_s/update_actor:19.583342218014877 - timing_s/update_weights:25.600982166011818 - timing_s/step:151.50624648400117 - timing_per_token_ms/adv:0.004519057312037732 - timing_per_token_ms/update_actor:0.9568252415114514 - timing_per_token_ms/gen:5.0178329171083 - perf/total_num_tokens:20467 - perf/time_per_step:151.50624648400117 - perf/throughput:135.09013968055294 - training/num_turns/mean:np.float64(2.0) - training/num_turns/max:np.int64(2) - training/num_turns/min:np.int64(2) - training/off_policy/trajectory_spans/mean:np.float64(1.0) - training/off_policy/trajectory_spans/max:np.float64(1.0) - training/off_policy/trajectory_spans/min:np.float64(1.0) - training/off_policy/trajectory_staleness/mean:np.float64(0.0) - training/off_policy/trajectory_staleness/max:np.float64(0.0) - training/off_policy/trajectory_staleness/min:np.float64(0.0) - training/off_policy/trajectory_staleness_worst/mean:np.float64(0.0) - training/off_policy/trajectory_staleness_worst/max:np.float64(0.0) - training/off_policy/trajectory_staleness_worst/min:np.float64(0.0)
[36m(TaskRunnerV1 pid=1270803)[0m step:46 - global_seqlen/min:3130 - global_seqlen/max:3130 - global_seqlen/minmax_diff:0 - global_seqlen/balanced_min:3130 - global_seqlen/balanced_max:3130 - global_seqlen/mean:3130.0 - actor/entropy:0.3560682535171509 - training/rollout_probs_diff_valid:1 - training/rollout_probs_diff_max:0.10859903693199158 - training/rollout_probs_diff_mean:0.004283488262444735 - training/rollout_probs_diff_std:0.00983514916151762 - training/rollout_actor_probs_pearson_corr:0.9993250370025635 - rollout_corr/training_ppl:1.23701810836792 - rollout_corr/training_log_ppl:0.19389691948890686 - rollout_corr/kl:0.00038715501432307065 - rollout_corr/k3_kl:0.0005608040955848992 - rollout_corr/rollout_ppl:1.2367544174194336 - rollout_corr/rollout_log_ppl:0.19372065365314484 - rollout_corr/log_ppl_diff:0.000176258385181427 - rollout_corr/log_ppl_abs_diff:0.000176258385181427 - rollout_corr/log_ppl_diff_max:0.000615239143371582 - rollout_corr/log_ppl_diff_min:0.0 - rollout_corr/ppl_ratio:1.0001763105392456 - rollout_corr/chi2_token:0.001475691795349121 - rollout_corr/chi2_seq:-0.2618066668510437 - actor/pg_clipfrac:np.float64(0.0) - actor/ppo_kl:np.float64(0.0) - actor/pg_clipfrac_lower:np.float64(0.0) - actor/pg_loss:np.float64(0.0) - actor/loss:np.float64(0.0) - actor/grad_norm:np.float64(0.0) - actor/lr:np.float64(1e-06) - actor/perf/max_memory_allocated_gb:np.float64(75.68736505508423) - actor/perf/max_memory_reserved_gb:np.float64(102.16015625) - actor/perf/cpu_memory_used_gb:np.float64(31.639232635498047) - perf/mfu/actor:np.float64(0.1057628974650893) - training/global_step:46 - training/epoch:0 - critic/score/mean:0.0 - critic/score/max:0.0 - critic/score/min:0.0 - critic/rewards/mean:0.0 - critic/rewards/max:0.0 - critic/rewards/min:0.0 - critic/advantages/mean:0.0 - critic/advantages/max:0.0 - critic/advantages/min:0.0 - critic/returns/mean:0.0 - critic/returns/max:0.0 - critic/returns/min:0.0 - response_length/mean:1380.0 - response_length/max:1562.0 - response_length/min:1198.0 - response_length/clip_ratio:0.5 - response_length_non_aborted/mean:1380.0 - response_length_non_aborted/max:1562.0 - response_length_non_aborted/min:1198.0 - response_length_non_aborted/clip_ratio:0.5 - response/aborted_ratio:0.0 - prompt_length/mean:183.0 - prompt_length/max:183.0 - prompt_length/min:183.0 - prompt_length/clip_ratio:1.0 - timing_s/gen:12.62484540703008 - timing_s/old_log_prob:0.7684425669722259 - timing_s/adv:0.0845081540173851 - timing_s/update_actor:1.6494058780372143 - timing_s/update_weights:24.62784691998968 - timing_s/step:39.86142494203523 - timing_per_token_ms/adv:0.026999410229196517 - timing_per_token_ms/update_actor:0.5269667341971931 - timing_per_token_ms/gen:4.5709070988523095 - perf/total_num_tokens:3130 - perf/time_per_step:39.86142494203523 - perf/throughput:78.52202987102221 - training/num_turns/mean:np.float64(2.0) - training/num_turns/max:np.int64(2) - training/num_turns/min:np.int64(2) - training/off_policy/trajectory_spans/mean:np.float64(1.0) - training/off_policy/trajectory_spans/max:np.float64(1.0) - training/off_policy/trajectory_spans/min:np.float64(1.0) - training/off_policy/trajectory_staleness/mean:np.float64(0.0) - training/off_policy/trajectory_staleness/max:np.float64(0.0) - training/off_policy/trajectory_staleness/min:np.float64(0.0) - training/off_policy/trajectory_staleness_worst/mean:np.float64(0.0) - training/off_policy/trajectory_staleness_worst/max:np.float64(0.0) - training/off_policy/trajectory_staleness_worst/min:np.float64(0.0)
[36m(TaskRunnerV1 pid=1270803)[0m step:47 - global_seqlen/min:3496 - global_seqlen/max:3496 - global_seqlen/minmax_diff:0 - global_seqlen/balanced_min:3496 - global_seqlen/balanced_max:3496 - global_seqlen/mean:3496.0 - actor/entropy:0.3196284770965576 - training/rollout_probs_diff_valid:1 - training/rollout_probs_diff_max:0.0869249701499939 - training/rollout_probs_diff_mean:0.003957107663154602 - training/rollout_probs_diff_std:0.008899885229766369 - training/rollout_actor_probs_pearson_corr:0.9994040131568909 - rollout_corr/training_ppl:1.210376501083374 - rollout_corr/training_log_ppl:0.17556722462177277 - rollout_corr/kl:0.00042306349496357143 - rollout_corr/k3_kl:0.00048510852502658963 - rollout_corr/rollout_ppl:1.2100744247436523 - rollout_corr/rollout_log_ppl:0.17535479366779327 - rollout_corr/log_ppl_diff:0.0002124309539794922 - rollout_corr/log_ppl_abs_diff:0.0002124309539794922 - rollout_corr/log_ppl_diff_max:0.0004544258117675781 - rollout_corr/log_ppl_diff_min:0.0 - rollout_corr/ppl_ratio:1.0002124309539795 - rollout_corr/chi2_token:0.0011038780212402344 - rollout_corr/chi2_seq:-0.36776983737945557 - actor/pg_clipfrac:np.float64(0.0) - actor/ppo_kl:np.float64(0.0) - actor/pg_clipfrac_lower:np.float64(0.0) - actor/pg_loss:np.float64(0.0) - actor/loss:np.float64(0.0) - actor/grad_norm:np.float64(0.0) - actor/lr:np.float64(1e-06) - actor/perf/max_memory_allocated_gb:np.float64(75.68736505508423) - actor/perf/max_memory_reserved_gb:np.float64(102.16015625) - actor/perf/cpu_memory_used_gb:np.float64(32.80875015258789) - perf/mfu/actor:np.float64(0.10805374384408074) - training/global_step:47 - training/epoch:0 - critic/score/mean:1.0 - critic/score/max:1.0 - critic/score/min:1.0 - critic/rewards/mean:1.0 - critic/rewards/max:1.0 - critic/rewards/min:1.0 - critic/advantages/mean:0.0 - critic/advantages/max:0.0 - critic/advantages/min:0.0 - critic/returns/mean:0.0 - critic/returns/max:0.0 - critic/returns/min:0.0 - response_length/mean:1572.0 - response_length/max:1670.0 - response_length/min:1474.0 - response_length/clip_ratio:0.5 - response_length_non_aborted/mean:1572.0 - response_length_non_aborted/max:1670.0 - response_length_non_aborted/min:1474.0 - response_length_non_aborted/clip_ratio:0.5 - response/aborted_ratio:0.0 - prompt_length/mean:174.0 - prompt_length/max:174.0 - prompt_length/min:174.0 - prompt_length/clip_ratio:1.0 - timing_s/gen:14.629716685973108 - timing_s/old_log_prob:0.8400302340160124 - timing_s/adv:0.08404493803391233 - timing_s/update_actor:1.7961441889638081 - timing_s/update_weights:24.61868500401033 - timing_s/step:42.0715252449736 - timing_per_token_ms/adv:0.024040314082926867 - timing_per_token_ms/update_actor:0.5137712210994875 - timing_per_token_ms/gen:4.650259595032774 - perf/total_num_tokens:3496 - perf/time_per_step:42.0715252449736 - perf/throughput:83.09658325063165 - training/num_turns/mean:np.float64(2.0) - training/num_turns/max:np.int64(2) - training/num_turns/min:np.int64(2) - training/off_policy/trajectory_spans/mean:np.float64(1.0) - training/off_policy/trajectory_spans/max:np.float64(1.0) - training/off_policy/trajectory_spans/min:np.float64(1.0) - training/off_policy/trajectory_staleness/mean:np.float64(0.0) - training/off_policy/trajectory_staleness/max:np.float64(0.0) - training/off_policy/trajectory_staleness/min:np.float64(0.0) - training/off_policy/trajectory_staleness_worst/mean:np.float64(0.0) - training/off_policy/trajectory_staleness_worst/max:np.float64(0.0) - training/off_policy/trajectory_staleness_worst/min:np.float64(0.0)[36m(TaskRunnerV1 pid=1270803)[0m Training Progress:  94%|█████████▍| 47/50 [1:01:48<03:49, 76.62s/it]
[36m(SimpleStorageUnit pid=1271152)[0m 2026-07-06 05:52:07,671 - INFO - transfer_queue.utils.perf_utils - TQ_STORAGE_UNIT_a1209543: [Performance] Total success requests: 42, Total req/min: 7.84, Total avg process time: 0.0087s; 
[36m(SimpleStorageUnit pid=1271152)[0m Time range: last 5.36 minutes; 
[36m(SimpleStorageUnit pid=1271152)[0m Per-operation statistics: CLEAR_DATA: req_count=5, req/min=0.93, avg_time=0.009152s, max_time=0.011011s, min_time=0.007322s; PUT_DATA: req_count=16, req/min=2.99, avg_time=0.008450s, max_time=0.009152s, min_time=0.007275s; GET_DATA: req_count=21, req/min=3.92, avg_time=0.008880s, max_time=0.009947s, min_time=0.007266s
[36m(SimpleStorageUnit pid=1271147)[0m 2026-07-06 05:52:07,669 - INFO - transfer_queue.utils.perf_utils - TQ_STORAGE_UNIT_408ff0fc: [Performance] Total success requests: 42, Total req/min: 7.84, Total avg process time: 0.0082s; 
[36m(SimpleStorageUnit pid=1271147)[0m Time range: last 5.36 minutes; 
[36m(SimpleStorageUnit pid=1271147)[0m Per-operation statistics: CLEAR_DATA: req_count=5, req/min=0.93, avg_time=0.008552s, max_time=0.010282s, min_time=0.007105s; PUT_DATA: req_count=16, req/min=2.99, avg_time=0.008013s, max_time=0.008530s, min_time=0.006967s; GET_DATA: req_count=21, req/min=3.92, avg_time=0.008276s, max_time=0.008743s, min_time=0.006785s
[36m(SimpleStorageUnit pid=1271146)[0m 2026-07-06 05:52:07,671 - INFO - transfer_queue.utils.perf_utils - TQ_STORAGE_UNIT_b97746ab: [Performance] Total success requests: 42, Total req/min: 7.84, Total avg process time: 0.0082s; 
[36m(SimpleStorageUnit pid=1271146)[0m Time range: last 5.36 minutes; 
[36m(SimpleStorageUnit pid=1271146)[0m Per-operation statistics: CLEAR_DATA: req_count=5, req/min=0.93, avg_time=0.008289s, max_time=0.009081s, min_time=0.006961s; PUT_DATA: req_count=16, req/min=2.99, avg_time=0.008042s, max_time=0.008510s, min_time=0.007355s; GET_DATA: req_count=21, req/min=3.92, avg_time=0.008367s, max_time=0.008905s, min_time=0.006907s
[36m(WorkerDict pid=1272237)[0m INFO:2026-07-06 05:53:51,895:update_weights done, time cost: 1.16s
[36m(TaskRunnerV1 pid=1270803)[0m Training Progress:  96%|█████████▌| 48/50 [1:03:32<02:49, 84.97s/it]
[36m(TransferQueueController pid=1271062)[0m 2026-07-06 05:54:04,227 - INFO - transfer_queue.utils.perf_utils - TQ_CONTROLLER_eaf17cd1: [Performance] Total success requests: 215, Total req/min: 42.99, Total avg process time: 0.0004s; 
[36m(TransferQueueController pid=1271062)[0m Time range: last 5.00 minutes; 
[36m(TransferQueueController pid=1271062)[0m Per-operation statistics: KV_LIST: req_count=76, req/min=15.20, avg_time=0.000070s, max_time=0.000092s, min_time=0.000039s; KV_RETRIEVE_META: req_count=65, req/min=13.00, avg_time=0.001071s, max_time=0.001662s, min_time=0.000282s; NOTIFY_DATA_UPDATE: req_count=25, req/min=5.00, avg_time=0.000414s, max_time=0.000559s, min_time=0.000299s; SET_CUSTOM_META: req_count=37, req/min=7.40, avg_time=0.000047s, max_time=0.000081s, min_time=0.000031s; CLEAR_META: req_count=8, req/min=1.60, avg_time=0.000292s, max_time=0.000334s, min_time=0.000262s; KV_RETRIEVE_KEYS: req_count=4, req/min=0.80, avg_time=0.000073s, max_time=0.000111s, min_time=0.000059s
[36m(WorkerDict pid=1272237)[0m INFO:2026-07-06 05:54:48,368:update_weights done, time cost: 0.91s
[36m(TaskRunnerV1 pid=1270803)[0m Training Progress:  98%|█████████▊| 49/50 [1:04:29<01:16, 76.42s/it]
[36m(WorkerDict pid=1272237)[0m INFO:2026-07-06 05:56:05,553:update_weights done, time cost: 0.97s

[36m(TaskRunnerV1 pid=1270803)[0m step:48 - global_seqlen/min:18799 - global_seqlen/max:18799 - global_seqlen/minmax_diff:0 - global_seqlen/balanced_min:18799 - global_seqlen/balanced_max:18799 - global_seqlen/mean:18799.0 - actor/entropy:0.23537862300872803 - training/rollout_probs_diff_valid:1 - training/rollout_probs_diff_max:0.12435168027877808 - training/rollout_probs_diff_mean:0.0032999760005623102 - training/rollout_probs_diff_std:0.008408520370721817 - training/rollout_actor_probs_pearson_corr:0.999293863773346 - rollout_corr/training_ppl:1.1316663026809692 - rollout_corr/training_log_ppl:0.1168467253446579 - rollout_corr/kl:0.00047403594362549484 - rollout_corr/k3_kl:0.0003399719425942749 - rollout_corr/rollout_ppl:1.1313670873641968 - rollout_corr/rollout_log_ppl:0.11660969257354736 - rollout_corr/log_ppl_diff:0.00023702532052993774 - rollout_corr/log_ppl_abs_diff:0.00023702532052993774 - rollout_corr/log_ppl_diff_max:0.0005011707544326782 - rollout_corr/log_ppl_diff_min:0.0 - rollout_corr/ppl_ratio:1.0002371072769165 - rollout_corr/chi2_token:0.0004216432571411133 - rollout_corr/chi2_seq:-0.4991911053657532 - actor/pg_clipfrac:np.float64(0.0) - actor/ppo_kl:np.float64(0.0) - actor/pg_clipfrac_lower:np.float64(0.0) - actor/pg_loss:np.float64(0.0) - actor/loss:np.float64(0.0) - actor/grad_norm:np.float64(0.0) - actor/lr:np.float64(1e-06) - actor/perf/max_memory_allocated_gb:np.float64(75.68736505508423) - actor/perf/max_memory_reserved_gb:np.float64(102.16015625) - actor/perf/cpu_memory_used_gb:np.float64(33.145713806152344) - perf/mfu/actor:np.float64(0.06741190169422623) - training/global_step:48 - training/epoch:0 - critic/score/mean:1.0 - critic/score/max:1.0 - critic/score/min:1.0 - critic/rewards/mean:1.0 - critic/rewards/max:1.0 - critic/rewards/min:1.0 - critic/advantages/mean:0.0 - critic/advantages/max:0.0 - critic/advantages/min:0.0 - critic/returns/mean:0.0 - critic/returns/max:0.0 - critic/returns/min:0.0 - response_length/mean:6849.5 - response_length/max:6851.0 - response_length/min:6848.0 - response_length/clip_ratio:0.5 - response_length_non_aborted/mean:6849.5 - response_length_non_aborted/max:6851.0 - response_length_non_aborted/min:6848.0 - response_length_non_aborted/clip_ratio:0.5 - response/aborted_ratio:0.0 - prompt_length/mean:2548.0 - prompt_length/max:2548.0 - prompt_length/min:2548.0 - prompt_length/clip_ratio:1.0 - timing_s/gen:56.789214844000526 - timing_s/old_log_prob:5.130499387974851 - timing_s/adv:0.08709269401151687 - timing_s/update_actor:16.41271257196786 - timing_s/update_weights:25.74512410099851 - timing_s/step:104.40122382697882 - timing_per_token_ms/adv:0.004632836534470816 - timing_per_token_ms/update_actor:0.8730630656932741 - timing_per_token_ms/gen:4.144895616670355 - perf/total_num_tokens:18799 - perf/time_per_step:104.40122382697882 - perf/throughput:180.06493900066772 - training/num_turns/mean:np.float64(2.0) - training/num_turns/max:np.int64(2) - training/num_turns/min:np.int64(2) - training/off_policy/trajectory_spans/mean:np.float64(1.0) - training/off_policy/trajectory_spans/max:np.float64(1.0) - training/off_policy/trajectory_spans/min:np.float64(1.0) - training/off_policy/trajectory_staleness/mean:np.float64(0.0) - training/off_policy/trajectory_staleness/max:np.float64(0.0) - training/off_policy/trajectory_staleness/min:np.float64(0.0) - training/off_policy/trajectory_staleness_worst/mean:np.float64(0.0) - training/off_policy/trajectory_staleness_worst/max:np.float64(0.0) - training/off_policy/trajectory_staleness_worst/min:np.float64(0.0)
[36m(TaskRunnerV1 pid=1270803)[0m step:49 - global_seqlen/min:5293 - global_seqlen/max:5293 - global_seqlen/minmax_diff:0 - global_seqlen/balanced_min:5293 - global_seqlen/balanced_max:5293 - global_seqlen/mean:5293.0 - actor/entropy:0.29395464062690735 - training/rollout_probs_diff_valid:1 - training/rollout_probs_diff_max:0.062176525592803955 - training/rollout_probs_diff_mean:0.004008801653981209 - training/rollout_probs_diff_std:0.008747738786041737 - training/rollout_actor_probs_pearson_corr:0.9993265271186829 - rollout_corr/training_ppl:1.1643730401992798 - rollout_corr/training_log_ppl:0.14196640253067017 - rollout_corr/kl:0.0006516035064123571 - rollout_corr/k3_kl:0.0004052460426464677 - rollout_corr/rollout_ppl:1.1638009548187256 - rollout_corr/rollout_log_ppl:0.14152896404266357 - rollout_corr/log_ppl_diff:0.0004374459385871887 - rollout_corr/log_ppl_abs_diff:0.0004374459385871887 - rollout_corr/log_ppl_diff_max:0.0014179050922393799 - rollout_corr/log_ppl_diff_min:0.0 - rollout_corr/ppl_ratio:1.0004377365112305 - rollout_corr/chi2_token:0.0003247261047363281 - rollout_corr/chi2_seq:-0.47150933742523193 - actor/pg_clipfrac:np.float64(0.0) - actor/ppo_kl:np.float64(0.0) - actor/pg_clipfrac_lower:np.float64(0.0) - actor/pg_loss:np.float64(0.0) - actor/loss:np.float64(0.0) - actor/grad_norm:np.float64(0.0) - actor/lr:np.float64(1e-06) - actor/perf/max_memory_allocated_gb:np.float64(75.68736505508423) - actor/perf/max_memory_reserved_gb:np.float64(102.16015625) - actor/perf/cpu_memory_used_gb:np.float64(32.76879119873047) - perf/mfu/actor:np.float64(0.10437120616846855) - training/global_step:49 - training/epoch:0 - critic/score/mean:1.0 - critic/score/max:1.0 - critic/score/min:1.0 - critic/rewards/mean:1.0 - critic/rewards/max:1.0 - critic/rewards/min:1.0 - critic/advantages/mean:0.0 - critic/advantages/max:0.0 - critic/advantages/min:0.0 - critic/returns/mean:0.0 - critic/returns/max:0.0 - critic/returns/min:0.0 - response_length/mean:2479.5 - response_length/max:3499.0 - response_length/min:1460.0 - response_length/clip_ratio:0.5 - response_length_non_aborted/mean:2479.5 - response_length_non_aborted/max:3499.0 - response_length_non_aborted/min:1460.0 - response_length_non_aborted/clip_ratio:0.5 - response/aborted_ratio:0.0 - prompt_length/mean:165.0 - prompt_length/max:165.0 - prompt_length/min:165.0 - prompt_length/clip_ratio:1.0 - timing_s/gen:26.68054986203788 - timing_s/old_log_prob:1.111102129041683 - timing_s/adv:0.0860537969856523 - timing_s/update_actor:2.793807868962176 - timing_s/update_weights:25.61957550398074 - timing_s/step:56.39968085900182 - timing_per_token_ms/adv:0.0162580383498304 - timing_per_token_ms/update_actor:0.527830695061813 - timing_per_token_ms/gen:5.378058831291651 - perf/total_num_tokens:5293 - perf/time_per_step:56.39968085900182 - perf/throughput:93.84804877233977 - training/num_turns/mean:np.float64(2.0) - training/num_turns/max:np.int64(2) - training/num_turns/min:np.int64(2) - training/off_policy/trajectory_spans/mean:np.float64(1.0) - training/off_policy/trajectory_spans/max:np.float64(1.0) - training/off_policy/trajectory_spans/min:np.float64(1.0) - training/off_policy/trajectory_staleness/mean:np.float64(0.0) - training/off_policy/trajectory_staleness/max:np.float64(0.0) - training/off_policy/trajectory_staleness/min:np.float64(0.0) - training/off_policy/trajectory_staleness_worst/mean:np.float64(0.0) - training/off_policy/trajectory_staleness_worst/max:np.float64(0.0) - training/off_policy/trajectory_staleness_worst/min:np.float64(0.0)
[36m(TaskRunnerV1 pid=1270803)[0m step:50 - global_seqlen/min:10605 - global_seqlen/max:10605 - global_seqlen/minmax_diff:0 - global_seqlen/balanced_min:10605 - global_seqlen/balanced_max:10605 - global_seqlen/mean:10605.0 - actor/entropy:0.3761667013168335 - training/rollout_probs_diff_valid:1 - training/rollout_probs_diff_max:0.06998884677886963 - training/rollout_probs_diff_mean:0.004061412997543812 - training/rollout_probs_diff_std:0.008388850837945938 - training/rollout_actor_probs_pearson_corr:0.9994754791259766 - rollout_corr/training_ppl:1.2262520790100098 - rollout_corr/training_log_ppl:0.18647541105747223 - rollout_corr/kl:0.0003521938342601061 - rollout_corr/k3_kl:0.00041968582081608474 - rollout_corr/rollout_ppl:1.225995659828186 - rollout_corr/rollout_log_ppl:0.18629847466945648 - rollout_corr/log_ppl_diff:0.00017693638801574707 - rollout_corr/log_ppl_abs_diff:0.00017693638801574707 - rollout_corr/log_ppl_diff_max:0.00038063526153564453 - rollout_corr/log_ppl_diff_min:0.0 - rollout_corr/ppl_ratio:1.0001769065856934 - rollout_corr/chi2_token:0.0009819269180297852 - rollout_corr/chi2_seq:-0.4866896867752075 - actor/pg_clipfrac:np.float64(0.0) - actor/ppo_kl:np.float64(0.0) - actor/pg_clipfrac_lower:np.float64(0.0) - actor/pg_loss:np.float64(0.0) - actor/loss:np.float64(0.0) - actor/grad_norm:np.float64(0.0) - actor/lr:np.float64(1e-06) - actor/perf/max_memory_allocated_gb:np.float64(75.68736505508423) - actor/perf/max_memory_reserved_gb:np.float64(102.16015625) - actor/perf/cpu_memory_used_gb:np.float64(32.80528259277344) - perf/mfu/actor:np.float64(0.08748867381517979) - training/global_step:50 - training/epoch:0 - critic/score/mean:1.0 - critic/score/max:1.0 - critic/score/min:1.0 - critic/rewards/mean:1.0 - critic/rewards/max:1.0 - critic/rewards/min:1.0 - critic/advantages/mean:0.0 - critic/advantages/max:0.0 - critic/advantages/min:0.0 - critic/returns/mean:0.0 - critic/returns/max:0.0 - critic/returns/min:0.0 - response_length/mean:5149.5 - response_length/max:5470.0 - response_length/min:4829.0 - response_length/clip_ratio:0.5 - response_length_non_aborted/mean:5149.5 - response_length_non_aborted/max:5470.0 - response_length_non_aborted/min:4829.0 - response_length_non_aborted/clip_ratio:0.5 - response/aborted_ratio:0.0 - prompt_length/mean:151.0 - prompt_length/max:151.0 - prompt_length/min:151.0 - prompt_length/clip_ratio:1.0 - timing_s/gen:42.76804920099676 - timing_s/old_log_prob:2.2791700559901074 - timing_s/adv:0.08751704200403765 - timing_s/update_actor:6.7392116859555244 - timing_s/update_weights:25.113248992012814 - timing_s/step:77.09618927701376 - timing_per_token_ms/adv:0.008252432060729623 - timing_per_token_ms/update_actor:0.6354749350264521 - timing_per_token_ms/gen:4.151834695757379 - perf/total_num_tokens:10605 - perf/time_per_step:77.09618927701376 - perf/throughput:137.55543690875888 - training/num_turns/mean:np.float64(2.0) - training/num_turns/max:np.int64(2) - training/num_turns/min:np.int64(2) - training/off_policy/trajectory_spans/mean:np.float64(1.0) - training/off_policy/trajectory_spans/max:np.float64(1.0) - training/off_policy/trajectory_spans/min:np.float64(1.0) - training/off_policy/trajectory_staleness/mean:np.float64(0.0) - training/off_policy/trajectory_staleness/max:np.float64(0.0) - training/off_policy/trajectory_staleness/min:np.float64(0.0) - training/off_policy/trajectory_staleness_worst/mean:np.float64(0.0) - training/off_policy/trajectory_staleness_worst/max:np.float64(0.0) - training/off_policy/trajectory_staleness_worst/min:np.float64(0.0)[36m(TaskRunnerV1 pid=1270803)[0m Training Progress: 100%|██████████| 50/50 [1:05:46<00:00, 76.64s/it]Training Progress: 100%|██████████| 50/50 [1:05:46<00:00, 78.93s/it]
[36m(SimpleStorageUnit pid=1271159)[0m 2026-07-06 05:56:05,772 - INFO - transfer_queue.utils.perf_utils - TQ_STORAGE_UNIT_f3e9a767: [Performance] Total success requests: 53, Total req/min: 9.93, Total avg process time: 0.0082s; 
[36m(SimpleStorageUnit pid=1271159)[0m Time range: last 5.34 minutes; 
[36m(SimpleStorageUnit pid=1271159)[0m Per-operation statistics: CLEAR_DATA: req_count=6, req/min=1.12, avg_time=0.008210s, max_time=0.008725s, min_time=0.006868s; PUT_DATA: req_count=20, req/min=3.75, avg_time=0.007990s, max_time=0.008927s, min_time=0.006842s; GET_DATA: req_count=27, req/min=5.06, avg_time=0.008389s, max_time=0.009846s, min_time=0.006862s

[36m(TaskRunnerV1 pid=1270803)[0m 'Final validation metrics: None'
[36m(vLLMHttpServer pid=1272947)[0m ERROR 07-06 05:56:05 [core_client.py:564] Engine core proc EngineCore_DP0 died unexpectedly, shutting down client.
+ status=0
+ echo QWEN3VL_STAGE3_A1_LONG_PILOT_EXIT_CODE=0
QWEN3VL_STAGE3_A1_LONG_PILOT_EXIT_CODE=0
+ free -h
               total        used        free      shared  buff/cache   available
Mem:           125Gi       2.3Gi        82Gi       213Mi        40Gi       121Gi
Swap:          8.0Gi       107Mi       7.9Gi
+ nvidia-smi
Mon Jul  6 05:56:12 2026       
+-----------------------------------------------------------------------------------------+
| NVIDIA-SMI 580.95.05              Driver Version: 580.95.05      CUDA Version: 13.0     |
+-----------------------------------------+------------------------+----------------------+
| GPU  Name                 Persistence-M | Bus-Id          Disp.A | Volatile Uncorr. ECC |
| Fan  Temp   Perf          Pwr:Usage/Cap |           Memory-Usage | GPU-Util  Compute M. |
|                                         |                        |               MIG M. |
|=========================================+========================+======================|
|   0  NVIDIA H200                    Off |   00000000:C0:00.0 Off |                    0 |
| N/A   45C    P0            210W /  700W |       0MiB / 143771MiB |      2%      Default |
|                                         |                        |             Disabled |
+-----------------------------------------+------------------------+----------------------+

+-----------------------------------------------------------------------------------------+
| Processes:                                                                              |
|  GPU   GI   CI              PID   Type   Process name                        GPU Memory |
|        ID   ID                                                               Usage      |
|=========================================================================================|
|  No running processes found                                                             |
+-----------------------------------------------------------------------------------------+
+ df -h / /data2
Filesystem      Size  Used Avail Use% Mounted on
/dev/sda3       434G   99G  313G  25% /
/dev/nvme1n1p1  7.0T  150G  6.5T   3% /data2
+ exit 0
