+ python --version
Python 3.11.15
+ df -h / /data2
Filesystem      Size  Used Avail Use% Mounted on
/dev/sda3       434G   99G  313G  25% /
/dev/nvme1n1p1  7.0T  150G  6.5T   3% /data2
+ free -h
               total        used        free      shared  buff/cache   available
Mem:           125Gi       2.2Gi        82Gi       213Mi        40Gi       121Gi
Swap:          8.0Gi       107Mi       7.9Gi
+ nvidia-smi
Mon Jul  6 06:03:59 2026       
+-----------------------------------------------------------------------------------------+
| NVIDIA-SMI 580.95.05              Driver Version: 580.95.05      CUDA Version: 13.0     |
+-----------------------------------------+------------------------+----------------------+
| GPU  Name                 Persistence-M | Bus-Id          Disp.A | Volatile Uncorr. ECC |
| Fan  Temp   Perf          Pwr:Usage/Cap |           Memory-Usage | GPU-Util  Compute M. |
|                                         |                        |               MIG M. |
|=========================================+========================+======================|
|   0  NVIDIA H200                    Off |   00000000:C0:00.0 Off |                    0 |
| N/A   42C    P0            202W /  700W |       0MiB / 143771MiB |      0%      Default |
|                                         |                        |             Disabled |
+-----------------------------------------+------------------------+----------------------+

+-----------------------------------------------------------------------------------------+
| Processes:                                                                              |
|  GPU   GI   CI              PID   Type   Process name                        GPU Memory |
|        ID   ID                                                               Usage      |
|=========================================================================================|
|  No running processes found                                                             |
+-----------------------------------------------------------------------------------------+
+ ls -lh /data2/hjk/projects/AI-HiddenState-ER/rl_data/mathverse_qwen3vl_stage3_pilot200_128/mathverse_grpo_train.parquet /data2/hjk/projects/AI-HiddenState-ER/rl_data/mathverse_qwen3vl_stage3_pilot200_128/mathverse_grpo_val.parquet /data2/hjk/projects/AI-HiddenState-ER/scripts/mathverse_qwen3vl_option_gain_reward.py /data2/hjk/projects/AI-HiddenState-ER/scripts/qwen3vl_c2_zscore_reward_manager.py
-rw-rw-r-- 1 hjk hjk 26K Jul  6 03:29 /data2/hjk/projects/AI-HiddenState-ER/rl_data/mathverse_qwen3vl_stage3_pilot200_128/mathverse_grpo_train.parquet
-rw-rw-r-- 1 hjk hjk 21K Jul  6 03:29 /data2/hjk/projects/AI-HiddenState-ER/rl_data/mathverse_qwen3vl_stage3_pilot200_128/mathverse_grpo_val.parquet
-rwxrwxr-x 1 hjk hjk 13K Jul  6 02:56 /data2/hjk/projects/AI-HiddenState-ER/scripts/mathverse_qwen3vl_option_gain_reward.py
-rwxrwxr-x 1 hjk hjk 12K Jul  6 03:12 /data2/hjk/projects/AI-HiddenState-ER/scripts/qwen3vl_c2_zscore_reward_manager.py
+ echo RUN_NAME=qwen3vl8b_stage3_c2_zscore_pilot_trainonly_prompt4096_seed42
RUN_NAME=qwen3vl8b_stage3_c2_zscore_pilot_trainonly_prompt4096_seed42
+ echo SEED=42
SEED=42
+ echo MAX_RESPONSE_LENGTH=16384
MAX_RESPONSE_LENGTH=16384
+ echo ROLLOUT_N=2
ROLLOUT_N=2
+ echo TRAIN_BATCH_SIZE=1
TRAIN_BATCH_SIZE=1
+ echo TOTAL_STEPS=50
TOTAL_STEPS=50
+ echo OPTION_GAIN_LAMBDA=0.2
OPTION_GAIN_LAMBDA=0.2
+ echo OPTION_GAIN_RESPONSE_FRACS=0.0,0.25,0.50,0.90
OPTION_GAIN_RESPONSE_FRACS=0.0,0.25,0.50,0.90
+ echo OPTION_GAIN_MAX_RESPONSE_CHARS=4096
OPTION_GAIN_MAX_RESPONSE_CHARS=4096
+ echo VALIDATION_DATA_DIR=/data2/hjk/projects/AI-HiddenState-ER/rl_audit/qwen3vl8b_stage3_c2_zscore_pilot_trainonly_prompt4096_seed42/validation_generations
VALIDATION_DATA_DIR=/data2/hjk/projects/AI-HiddenState-ER/rl_audit/qwen3vl8b_stage3_c2_zscore_pilot_trainonly_prompt4096_seed42/validation_generations
+ cd /data2/hjk/projects/verl
+ MAX_MODEL_LEN=20480
+ ROLLOUT_MAX_NUM_BATCHED_TOKENS=20480
+ DEVICE=gpu
+ MODEL_PATH=/data2/hjk/models/huggingface/hub/models--Qwen--Qwen3-VL-8B-Thinking/snapshots/92f3c4b4feadd3a016ef468d103bb5f58b2a2c6b
+ TRAIN_FILE=/data2/hjk/projects/AI-HiddenState-ER/rl_data/mathverse_qwen3vl_stage3_pilot200_128/mathverse_grpo_train.parquet
+ TEST_FILE=/data2/hjk/projects/AI-HiddenState-ER/rl_data/mathverse_qwen3vl_stage3_pilot200_128/mathverse_grpo_val.parquet
+ NDEVICES_PER_NODE=1
+ NNODES=1
+ TRAIN_BATCH_SIZE=1
+ PPO_MINI_BATCH_SIZE=2
+ MAX_PROMPT_LENGTH=4096
+ MAX_RESPONSE_LENGTH=16384
+ PPO_MAX_TOKEN_LEN_PER_GPU=65536
+ ROLLOUT_TP=1
+ ROLLOUT_N=2
+ ROLLOUT_GPU_MEM_UTIL=0.50
+ TOTAL_EPOCHS=1
+ SAVE_FREQ=-1
+ TEST_FREQ=-1
+ PROJECT_NAME=qwen3vl_stage3_pilot
+ EXPERIMENT_NAME=qwen3vl8b_stage3_c2_zscore_pilot_trainonly_prompt4096_seed42
+ bash examples/grpo_trainer/run_qwen3_vl_8b_fsdp.sh 'trainer.logger=["console"]' trainer.total_training_steps=50 trainer.val_before_train=False trainer.default_local_dir=/data2/hjk/checkpoints/verl_qwen3vl/qwen3vl8b_stage3_c2_zscore_pilot_trainonly_prompt4096_seed42 trainer.log_val_generations=16 trainer.validation_data_dir=/data2/hjk/projects/AI-HiddenState-ER/rl_audit/qwen3vl8b_stage3_c2_zscore_pilot_trainonly_prompt4096_seed42/validation_generations reward.num_workers=1 reward.custom_reward_function.path=/data2/hjk/projects/AI-HiddenState-ER/scripts/mathverse_qwen3vl_option_gain_reward.py reward.custom_reward_function.name=compute_score reward.reward_manager.source=importlib reward.reward_manager.module.path=/data2/hjk/projects/AI-HiddenState-ER/scripts/qwen3vl_c2_zscore_reward_manager.py reward.reward_manager.name=Qwen3VLC2ZscoreRewardManager actor_rollout_ref.model.use_fused_kernels=False +actor_rollout_ref.model.override_config.attn_implementation=sdpa actor_rollout_ref.model.lora_rank=8 actor_rollout_ref.model.lora_alpha=16 actor_rollout_ref.model.lora.merge=True 'actor_rollout_ref.model.target_modules=["q_proj","k_proj","v_proj","o_proj","gate_proj","up_proj","down_proj"]' actor_rollout_ref.rollout.temperature=1.0 actor_rollout_ref.rollout.top_p=1.0 actor_rollout_ref.rollout.top_k=-1 actor_rollout_ref.rollout.do_sample=True actor_rollout_ref.rollout.seed=42 actor_rollout_ref.actor.data_loader_seed=42 actor_rollout_ref.actor.fsdp_config.seed=42 actor_rollout_ref.ref.fsdp_config.seed=42 algorithm.use_kl_in_reward=False actor_rollout_ref.actor.use_kl_loss=False actor_rollout_ref.actor.fsdp_config.param_offload=False actor_rollout_ref.actor.fsdp_config.optimizer_offload=False actor_rollout_ref.ref.fsdp_config.param_offload=True actor_rollout_ref.rollout.gpu_memory_utilization=0.50 actor_rollout_ref.rollout.max_model_len=20480 actor_rollout_ref.rollout.max_num_seqs=4 actor_rollout_ref.rollout.max_num_batched_tokens=20480 actor_rollout_ref.rollout.enable_chunked_prefill=False data.image_key=images data.dataloader_num_workers=0 data.shuffle=True data.seed=42 data.filter_overlong_prompts=True data.truncation=error
+ DEVICE=gpu
+ MODEL_PATH=/data2/hjk/models/huggingface/hub/models--Qwen--Qwen3-VL-8B-Thinking/snapshots/92f3c4b4feadd3a016ef468d103bb5f58b2a2c6b
+ NNODES=1
+ NDEVICES_PER_NODE=1
+ TRAIN_BATCH_SIZE=1
+ PPO_MINI_BATCH_SIZE=2
+ MAX_PROMPT_LENGTH=4096
+ MAX_RESPONSE_LENGTH=16384
+ PPO_MAX_TOKEN_LEN_PER_GPU=65536
+ ACTOR_LR=1e-6
+ KL_LOSS_COEF=0.01
+ ENTROPY_COEFF=0
+ ROLLOUT_TP=1
+ ROLLOUT_GPU_MEM_UTIL=0.50
+ ROLLOUT_N=2
+ SP_SIZE=1
+ TOTAL_EPOCHS=1
+ SAVE_FREQ=-1
+ TEST_FREQ=-1
+ PROJECT_NAME=qwen3vl_stage3_pilot
+ EXPERIMENT_NAME=qwen3vl8b_stage3_c2_zscore_pilot_trainonly_prompt4096_seed42
+ TRAIN_FILE=/data2/hjk/projects/AI-HiddenState-ER/rl_data/mathverse_qwen3vl_stage3_pilot200_128/mathverse_grpo_train.parquet
+ TEST_FILE=/data2/hjk/projects/AI-HiddenState-ER/rl_data/mathverse_qwen3vl_stage3_pilot200_128/mathverse_grpo_val.parquet
+ n_devices_per_node=1
+ case "${DEVICE}" in
+ rollout_gpu_mem_util=0.50
+ DATA=(algorithm.adv_estimator=grpo algorithm.use_kl_in_reward=False data.train_files=${TRAIN_FILE} data.val_files=${TEST_FILE} data.image_key=images data.train_batch_size=${TRAIN_BATCH_SIZE} data.max_prompt_length=${MAX_PROMPT_LENGTH} data.max_response_length=${MAX_RESPONSE_LENGTH} data.filter_overlong_prompts=True data.truncation='error')
+ MODEL=(actor_rollout_ref.model.path="$MODEL_PATH" actor_rollout_ref.model.use_remove_padding=True actor_rollout_ref.model.enable_gradient_checkpointing=True)
+ ACTOR=(actor_rollout_ref.actor.strategy=fsdp2 actor_rollout_ref.actor.optim.lr=${ACTOR_LR} actor_rollout_ref.actor.ppo_mini_batch_size=${PPO_MINI_BATCH_SIZE} actor_rollout_ref.actor.use_dynamic_bsz=True actor_rollout_ref.actor.ppo_max_token_len_per_gpu=${PPO_MAX_TOKEN_LEN_PER_GPU} actor_rollout_ref.actor.use_kl_loss=True actor_rollout_ref.actor.kl_loss_coef=${KL_LOSS_COEF} actor_rollout_ref.actor.kl_loss_type=low_var_kl actor_rollout_ref.actor.entropy_coeff=${ENTROPY_COEFF})
+ ROLLOUT=(actor_rollout_ref.rollout.name=vllm actor_rollout_ref.rollout.tensor_model_parallel_size=${ROLLOUT_TP} actor_rollout_ref.rollout.gpu_memory_utilization=${rollout_gpu_mem_util} actor_rollout_ref.rollout.enable_chunked_prefill=False actor_rollout_ref.rollout.n=${ROLLOUT_N} actor_rollout_ref.rollout.log_prob_use_dynamic_bsz=True actor_rollout_ref.rollout.log_prob_max_token_len_per_gpu=${PPO_MAX_TOKEN_LEN_PER_GPU})
+ REF=(actor_rollout_ref.ref.log_prob_use_dynamic_bsz=True actor_rollout_ref.ref.log_prob_max_token_len_per_gpu=${PPO_MAX_TOKEN_LEN_PER_GPU} actor_rollout_ref.ref.fsdp_config.param_offload=True)
+ TRAINER=(trainer.balance_batch=True trainer.logger='["console","wandb"]' trainer.project_name=${PROJECT_NAME} trainer.experiment_name=${EXPERIMENT_NAME} trainer.n_gpus_per_node=${n_devices_per_node} trainer.nnodes=${NNODES} trainer.save_freq=${SAVE_FREQ} trainer.test_freq=${TEST_FREQ} trainer.total_epochs=${TOTAL_EPOCHS})
+ '[' gpu = npu ']'
+ EXTRA=(actor_rollout_ref.model.use_fused_kernels=True actor_rollout_ref.actor.fsdp_config.param_offload=False actor_rollout_ref.actor.fsdp_config.optimizer_offload=False actor_rollout_ref.rollout.enforce_eager=False actor_rollout_ref.rollout.free_cache_engine=True)
+ python3 -m verl.trainer.main_ppo algorithm.adv_estimator=grpo algorithm.use_kl_in_reward=False data.train_files=/data2/hjk/projects/AI-HiddenState-ER/rl_data/mathverse_qwen3vl_stage3_pilot200_128/mathverse_grpo_train.parquet data.val_files=/data2/hjk/projects/AI-HiddenState-ER/rl_data/mathverse_qwen3vl_stage3_pilot200_128/mathverse_grpo_val.parquet data.image_key=images data.train_batch_size=1 data.max_prompt_length=4096 data.max_response_length=16384 data.filter_overlong_prompts=True data.truncation=error actor_rollout_ref.model.path=/data2/hjk/models/huggingface/hub/models--Qwen--Qwen3-VL-8B-Thinking/snapshots/92f3c4b4feadd3a016ef468d103bb5f58b2a2c6b actor_rollout_ref.model.use_remove_padding=True actor_rollout_ref.model.enable_gradient_checkpointing=True actor_rollout_ref.actor.strategy=fsdp2 actor_rollout_ref.actor.optim.lr=1e-6 actor_rollout_ref.actor.ppo_mini_batch_size=2 actor_rollout_ref.actor.use_dynamic_bsz=True actor_rollout_ref.actor.ppo_max_token_len_per_gpu=65536 actor_rollout_ref.actor.use_kl_loss=True actor_rollout_ref.actor.kl_loss_coef=0.01 actor_rollout_ref.actor.kl_loss_type=low_var_kl actor_rollout_ref.actor.entropy_coeff=0 actor_rollout_ref.rollout.name=vllm actor_rollout_ref.rollout.tensor_model_parallel_size=1 actor_rollout_ref.rollout.gpu_memory_utilization=0.50 actor_rollout_ref.rollout.enable_chunked_prefill=False actor_rollout_ref.rollout.n=2 actor_rollout_ref.rollout.log_prob_use_dynamic_bsz=True actor_rollout_ref.rollout.log_prob_max_token_len_per_gpu=65536 actor_rollout_ref.ref.log_prob_use_dynamic_bsz=True actor_rollout_ref.ref.log_prob_max_token_len_per_gpu=65536 actor_rollout_ref.ref.fsdp_config.param_offload=True trainer.balance_batch=True 'trainer.logger=["console","wandb"]' trainer.project_name=qwen3vl_stage3_pilot trainer.experiment_name=qwen3vl8b_stage3_c2_zscore_pilot_trainonly_prompt4096_seed42 trainer.n_gpus_per_node=1 trainer.nnodes=1 trainer.save_freq=-1 trainer.test_freq=-1 trainer.total_epochs=1 actor_rollout_ref.model.use_fused_kernels=True actor_rollout_ref.actor.fsdp_config.param_offload=False actor_rollout_ref.actor.fsdp_config.optimizer_offload=False actor_rollout_ref.rollout.enforce_eager=False actor_rollout_ref.rollout.free_cache_engine=True 'trainer.logger=["console"]' trainer.total_training_steps=50 trainer.val_before_train=False trainer.default_local_dir=/data2/hjk/checkpoints/verl_qwen3vl/qwen3vl8b_stage3_c2_zscore_pilot_trainonly_prompt4096_seed42 trainer.log_val_generations=16 trainer.validation_data_dir=/data2/hjk/projects/AI-HiddenState-ER/rl_audit/qwen3vl8b_stage3_c2_zscore_pilot_trainonly_prompt4096_seed42/validation_generations reward.num_workers=1 reward.custom_reward_function.path=/data2/hjk/projects/AI-HiddenState-ER/scripts/mathverse_qwen3vl_option_gain_reward.py reward.custom_reward_function.name=compute_score reward.reward_manager.source=importlib reward.reward_manager.module.path=/data2/hjk/projects/AI-HiddenState-ER/scripts/qwen3vl_c2_zscore_reward_manager.py reward.reward_manager.name=Qwen3VLC2ZscoreRewardManager actor_rollout_ref.model.use_fused_kernels=False +actor_rollout_ref.model.override_config.attn_implementation=sdpa actor_rollout_ref.model.lora_rank=8 actor_rollout_ref.model.lora_alpha=16 actor_rollout_ref.model.lora.merge=True 'actor_rollout_ref.model.target_modules=["q_proj","k_proj","v_proj","o_proj","gate_proj","up_proj","down_proj"]' actor_rollout_ref.rollout.temperature=1.0 actor_rollout_ref.rollout.top_p=1.0 actor_rollout_ref.rollout.top_k=-1 actor_rollout_ref.rollout.do_sample=True actor_rollout_ref.rollout.seed=42 actor_rollout_ref.actor.data_loader_seed=42 actor_rollout_ref.actor.fsdp_config.seed=42 actor_rollout_ref.ref.fsdp_config.seed=42 algorithm.use_kl_in_reward=False actor_rollout_ref.actor.use_kl_loss=False actor_rollout_ref.actor.fsdp_config.param_offload=False actor_rollout_ref.actor.fsdp_config.optimizer_offload=False actor_rollout_ref.ref.fsdp_config.param_offload=True actor_rollout_ref.rollout.gpu_memory_utilization=0.50 actor_rollout_ref.rollout.max_model_len=20480 actor_rollout_ref.rollout.max_num_seqs=4 actor_rollout_ref.rollout.max_num_batched_tokens=20480 actor_rollout_ref.rollout.enable_chunked_prefill=False data.image_key=images data.dataloader_num_workers=0 data.shuffle=True data.seed=42 data.filter_overlong_prompts=True data.truncation=error
/data2/hjk/envs/verl_qwen3vl_py311/lib/python3.11/site-packages/transformers/utils/hub.py:110: FutureWarning: Using `TRANSFORMERS_CACHE` is deprecated and will be removed in v5 of Transformers. Use `HF_HOME` instead.
  warnings.warn(
/data2/hjk/projects/verl/verl/trainer/main_ppo.py:167: UserWarning: Disabled critic as algorithm.adv_estimator != gae. If it is not intended, please set critic.enable=True
  use_critic=need_critic(config),
2026-07-06 06:04:12,155	INFO worker.py:2015 -- Started a local Ray instance. View the dashboard at [1m[32mhttp://127.0.0.1:8265 [39m[22m
[36m(pid=1351353)[0m /data2/hjk/envs/verl_qwen3vl_py311/lib/python3.11/site-packages/transformers/utils/hub.py:110: FutureWarning: Using `TRANSFORMERS_CACHE` is deprecated and will be removed in v5 of Transformers. Use `HF_HOME` instead.
[36m(pid=1351353)[0m   warnings.warn(
[36m(TaskRunnerV1 pid=1351353)[0m /data2/hjk/projects/verl/verl/workers/engine/mindspeed/transformer_impl.py:24: UserWarning: NPU not support router replay for now.
[36m(TaskRunnerV1 pid=1351353)[0m   from verl.utils.megatron.router_replay_patch import RouterReplay
[validate_config] All configuration checks passed successfully!
ray init kwargs: {'num_cpus': None, 'runtime_env': {'env_vars': {'NCCL_DEBUG': 'WARN', 'VLLM_LOGGING_LEVEL': 'WARN', 'VLLM_ALLOW_RUNTIME_LORA_UPDATING': 'true', 'CUDA_DEVICE_MAX_CONNECTIONS': '1', 'VLLM_DISABLE_COMPILE_CACHE': '1', 'HCCL_HOST_SOCKET_PORT_RANGE': 'auto', 'HCCL_NPU_SOCKET_PORT_RANGE': 'auto', 'HSA_NO_SCRATCH_RECLAIM': '1', 'PYTHONHASHSEED': '0', 'VERL_FULL_DETERMINISM': '0', 'VLLM_BATCH_INVARIANT': '0'}, 'working_dir': None}}
[36m(TaskRunnerV1 pid=1351353)[0m {'actor_rollout_ref': {'actor': {'_target_': 'verl.workers.config.FSDPActorConfig',
[36m(TaskRunnerV1 pid=1351353)[0m                                  'calculate_entropy': False,
[36m(TaskRunnerV1 pid=1351353)[0m                                  'calculate_sum_pi_squared': False,
[36m(TaskRunnerV1 pid=1351353)[0m                                  'checkpoint': {'_target_': 'verl.trainer.config.CheckpointConfig',
[36m(TaskRunnerV1 pid=1351353)[0m                                                 'async_save': False,
[36m(TaskRunnerV1 pid=1351353)[0m                                                 'load_contents': ['model',
[36m(TaskRunnerV1 pid=1351353)[0m                                                                   'optimizer',
[36m(TaskRunnerV1 pid=1351353)[0m                                                                   'extra'],
[36m(TaskRunnerV1 pid=1351353)[0m                                                 'save_contents': ['model',
[36m(TaskRunnerV1 pid=1351353)[0m                                                                   'optimizer',
[36m(TaskRunnerV1 pid=1351353)[0m                                                                   'extra'],
[36m(TaskRunnerV1 pid=1351353)[0m                                                 'strict': True},
[36m(TaskRunnerV1 pid=1351353)[0m                                  'clip_ratio': 0.2,
[36m(TaskRunnerV1 pid=1351353)[0m                                  'clip_ratio_c': 3.0,
[36m(TaskRunnerV1 pid=1351353)[0m                                  'clip_ratio_high': 0.2,
[36m(TaskRunnerV1 pid=1351353)[0m                                  'clip_ratio_low': 0.2,
[36m(TaskRunnerV1 pid=1351353)[0m                                  'data_loader_seed': 42,
[36m(TaskRunnerV1 pid=1351353)[0m                                  'entropy_checkpointing': False,
[36m(TaskRunnerV1 pid=1351353)[0m                                  'entropy_coeff': 0,
[36m(TaskRunnerV1 pid=1351353)[0m                                  'entropy_from_logits_chunk_size': 2048,
[36m(TaskRunnerV1 pid=1351353)[0m                                  'entropy_from_logits_with_chunking': False,
[36m(TaskRunnerV1 pid=1351353)[0m                                  'freeze_vision_tower': False,
[36m(TaskRunnerV1 pid=1351353)[0m                                  'fsdp_config': {'_target_': 'verl.workers.config.FSDPEngineConfig',
[36m(TaskRunnerV1 pid=1351353)[0m                                                  'dtype': 'bfloat16',
[36m(TaskRunnerV1 pid=1351353)[0m                                                  'entropy_checkpointing': False,
[36m(TaskRunnerV1 pid=1351353)[0m                                                  'entropy_from_logits_chunk_size': 2048,
[36m(TaskRunnerV1 pid=1351353)[0m                                                  'entropy_from_logits_with_chunking': False,
[36m(TaskRunnerV1 pid=1351353)[0m                                                  'forward_only': False,
[36m(TaskRunnerV1 pid=1351353)[0m                                                  'forward_prefetch': False,
[36m(TaskRunnerV1 pid=1351353)[0m                                                  'fsdp_size': -1,
[36m(TaskRunnerV1 pid=1351353)[0m                                                  'full_determinism': False,
[36m(TaskRunnerV1 pid=1351353)[0m                                                  'model_dtype': 'fp32',
[36m(TaskRunnerV1 pid=1351353)[0m                                                  'offload_policy': False,
[36m(TaskRunnerV1 pid=1351353)[0m                                                  'optimizer_offload': False,
[36m(TaskRunnerV1 pid=1351353)[0m                                                  'param_offload': False,
[36m(TaskRunnerV1 pid=1351353)[0m                                                  'qat': {'_target_': 'verl.workers.config.QATEngineConfig',
[36m(TaskRunnerV1 pid=1351353)[0m                                                          'activation_observer': 'static_minmax',
[36m(TaskRunnerV1 pid=1351353)[0m                                                          'enable': False,
[36m(TaskRunnerV1 pid=1351353)[0m                                                          'group_size': 16,
[36m(TaskRunnerV1 pid=1351353)[0m                                                          'ignore_patterns': ['lm_head',
[36m(TaskRunnerV1 pid=1351353)[0m                                                                              'embed_tokens',
[36m(TaskRunnerV1 pid=1351353)[0m                                                                              're:.*mlp.gate$'],
[36m(TaskRunnerV1 pid=1351353)[0m                                                          'mode': 'w4a16',
[36m(TaskRunnerV1 pid=1351353)[0m                                                          'quantization_config_path': None},
[36m(TaskRunnerV1 pid=1351353)[0m                                                  'reshard_after_forward': True,
[36m(TaskRunnerV1 pid=1351353)[0m                                                  'seed': 42,
[36m(TaskRunnerV1 pid=1351353)[0m                                                  'strategy': 'fsdp',
[36m(TaskRunnerV1 pid=1351353)[0m                                                  'ulysses_sequence_parallel_size': 1,
[36m(TaskRunnerV1 pid=1351353)[0m                                                  'use_orig_params': False,
[36m(TaskRunnerV1 pid=1351353)[0m                                                  'use_torch_compile': True,
[36m(TaskRunnerV1 pid=1351353)[0m                                                  'wrap_policy': {'min_num_params': 0}},
[36m(TaskRunnerV1 pid=1351353)[0m                                  'grad_clip': 1.0,
[36m(TaskRunnerV1 pid=1351353)[0m                                  'kl_loss_coef': 0.01,
[36m(TaskRunnerV1 pid=1351353)[0m                                  'kl_loss_type': 'low_var_kl',
[36m(TaskRunnerV1 pid=1351353)[0m                                  'loss_agg_mode': 'token-mean',
[36m(TaskRunnerV1 pid=1351353)[0m                                  'loss_scale_factor': None,
[36m(TaskRunnerV1 pid=1351353)[0m                                  'optim': {'_target_': 'verl.workers.config.FSDPOptimizerConfig',
[36m(TaskRunnerV1 pid=1351353)[0m                                            'betas': [0.9, 0.999],
[36m(TaskRunnerV1 pid=1351353)[0m                                            'clip_grad': 1.0,
[36m(TaskRunnerV1 pid=1351353)[0m                                            'lr': 1e-06,
[36m(TaskRunnerV1 pid=1351353)[0m                                            'lr_scheduler_type': 'constant',
[36m(TaskRunnerV1 pid=1351353)[0m                                            'lr_warmup_steps': -1,
[36m(TaskRunnerV1 pid=1351353)[0m                                            'lr_warmup_steps_ratio': 0.0,
[36m(TaskRunnerV1 pid=1351353)[0m                                            'min_lr_ratio': 0.0,
[36m(TaskRunnerV1 pid=1351353)[0m                                            'num_cycles': 0.5,
[36m(TaskRunnerV1 pid=1351353)[0m                                            'optimizer': 'AdamW',
[36m(TaskRunnerV1 pid=1351353)[0m                                            'optimizer_impl': 'torch.optim',
[36m(TaskRunnerV1 pid=1351353)[0m                                            'override_optimizer_config': None,
[36m(TaskRunnerV1 pid=1351353)[0m                                            'total_training_steps': -1,
[36m(TaskRunnerV1 pid=1351353)[0m                                            'warmup_style': None,
[36m(TaskRunnerV1 pid=1351353)[0m                                            'weight_decay': 0.01,
[36m(TaskRunnerV1 pid=1351353)[0m                                            'zero_indexed_step': True},
[36m(TaskRunnerV1 pid=1351353)[0m                                  'policy_loss': {'_target_': 'verl.workers.config.PolicyLossConfig',
[36m(TaskRunnerV1 pid=1351353)[0m                                                  'clip_cov_lb': 1.0,
[36m(TaskRunnerV1 pid=1351353)[0m                                                  'clip_cov_ratio': 0.0002,
[36m(TaskRunnerV1 pid=1351353)[0m                                                  'clip_cov_ub': 5.0,
[36m(TaskRunnerV1 pid=1351353)[0m                                                  'kl_cov_ratio': 0.0002,
[36m(TaskRunnerV1 pid=1351353)[0m                                                  'loss_mode': 'vanilla',
[36m(TaskRunnerV1 pid=1351353)[0m                                                  'ppo_kl_coef': 0.1},
[36m(TaskRunnerV1 pid=1351353)[0m                                  'ppo_epochs': 1,
[36m(TaskRunnerV1 pid=1351353)[0m                                  'ppo_max_token_len_per_gpu': 65536,
[36m(TaskRunnerV1 pid=1351353)[0m                                  'ppo_micro_batch_size': None,
[36m(TaskRunnerV1 pid=1351353)[0m                                  'ppo_micro_batch_size_per_gpu': None,
[36m(TaskRunnerV1 pid=1351353)[0m                                  'ppo_mini_batch_size': 2,
[36m(TaskRunnerV1 pid=1351353)[0m                                  'profiler': {'_target_': 'verl.utils.profiler.ProfilerConfig',
[36m(TaskRunnerV1 pid=1351353)[0m                                               'all_ranks': False,
[36m(TaskRunnerV1 pid=1351353)[0m                                               'enable': False,
[36m(TaskRunnerV1 pid=1351353)[0m                                               'ranks': [],
[36m(TaskRunnerV1 pid=1351353)[0m                                               'save_path': 'outputs/profile',
[36m(TaskRunnerV1 pid=1351353)[0m                                               'tool': None,
[36m(TaskRunnerV1 pid=1351353)[0m                                               'tool_config': {'npu': {'_target_': 'verl.utils.profiler.config.NPUToolConfig',
[36m(TaskRunnerV1 pid=1351353)[0m                                                                       'analysis': True,
[36m(TaskRunnerV1 pid=1351353)[0m                                                                       'contents': [],
[36m(TaskRunnerV1 pid=1351353)[0m                                                                       'discrete': False,
[36m(TaskRunnerV1 pid=1351353)[0m                                                                       'level': 'level0'},
[36m(TaskRunnerV1 pid=1351353)[0m                                                               'nsys': {'_target_': 'verl.utils.profiler.config.NsightToolConfig',
[36m(TaskRunnerV1 pid=1351353)[0m                                                                        'discrete': False},
[36m(TaskRunnerV1 pid=1351353)[0m                                                               'precision_debugger': {'_target_': 'verl.utils.profiler.config.PrecisionDebuggerToolConfig',
[36m(TaskRunnerV1 pid=1351353)[0m                                                                                      'config_path': None,
[36m(TaskRunnerV1 pid=1351353)[0m                                                                                      'stages': None,
[36m(TaskRunnerV1 pid=1351353)[0m                                                                                      'steps': None,
[36m(TaskRunnerV1 pid=1351353)[0m                                                                                      'strict': False},
[36m(TaskRunnerV1 pid=1351353)[0m                                                               'torch': {'_target_': 'verl.utils.profiler.config.TorchProfilerToolConfig',
[36m(TaskRunnerV1 pid=1351353)[0m                                                                         'contents': [],
[36m(TaskRunnerV1 pid=1351353)[0m                                                                         'discrete': False},
[36m(TaskRunnerV1 pid=1351353)[0m                                                               'torch_memory': {'_target_': 'verl.utils.profiler.config.TorchMemoryToolConfig',
[36m(TaskRunnerV1 pid=1351353)[0m                                                                                'stack_depth': 32,
[36m(TaskRunnerV1 pid=1351353)[0m                                                                                'trace_alloc_max_entries': 100000}}},
[36m(TaskRunnerV1 pid=1351353)[0m                                  'qat': {'activation_observer': 'static_minmax',
[36m(TaskRunnerV1 pid=1351353)[0m                                          'enable': False,
[36m(TaskRunnerV1 pid=1351353)[0m                                          'group_size': 16,
[36m(TaskRunnerV1 pid=1351353)[0m                                          'ignore_patterns': ['lm_head',
[36m(TaskRunnerV1 pid=1351353)[0m                                                              'embed_tokens',
[36m(TaskRunnerV1 pid=1351353)[0m                                                              're:.*mlp.gate$'],
[36m(TaskRunnerV1 pid=1351353)[0m                                          'mode': 'w4a16',
[36m(TaskRunnerV1 pid=1351353)[0m                                          'quantization_config_path': None},
[36m(TaskRunnerV1 pid=1351353)[0m                                  'rollout_n': 2,
[36m(TaskRunnerV1 pid=1351353)[0m                                  'router_replay': {'_target_': 'verl.workers.config.RouterReplayConfig',
[36m(TaskRunnerV1 pid=1351353)[0m                                                    'mode': 'disabled',
[36m(TaskRunnerV1 pid=1351353)[0m                                                    'record_file': None,
[36m(TaskRunnerV1 pid=1351353)[0m                                                    'replay_file': None},
[36m(TaskRunnerV1 pid=1351353)[0m                                  'shuffle': False,
[36m(TaskRunnerV1 pid=1351353)[0m                                  'strategy': 'fsdp2',
[36m(TaskRunnerV1 pid=1351353)[0m                                  'tau_neg': 1.05,
[36m(TaskRunnerV1 pid=1351353)[0m                                  'tau_pos': 1.0,
[36m(TaskRunnerV1 pid=1351353)[0m                                  'ulysses_sequence_parallel_size': 1,
[36m(TaskRunnerV1 pid=1351353)[0m                                  'use_dynamic_bsz': True,
[36m(TaskRunnerV1 pid=1351353)[0m                                  'use_fused_kernels': False,
[36m(TaskRunnerV1 pid=1351353)[0m                                  'use_kl_loss': False,
[36m(TaskRunnerV1 pid=1351353)[0m                                  'use_prefix_grouper': False,
[36m(TaskRunnerV1 pid=1351353)[0m                                  'use_remove_padding': True,
[36m(TaskRunnerV1 pid=1351353)[0m                                  'use_torch_compile': True},
[36m(TaskRunnerV1 pid=1351353)[0m                        'hybrid_engine': True,
[36m(TaskRunnerV1 pid=1351353)[0m                        'model': {'_target_': 'verl.workers.config.HFModelConfig',
[36m(TaskRunnerV1 pid=1351353)[0m                                  'custom_chat_template': None,
[36m(TaskRunnerV1 pid=1351353)[0m                                  'enable_activation_offload': False,
[36m(TaskRunnerV1 pid=1351353)[0m                                  'enable_gradient_checkpointing': True,
[36m(TaskRunnerV1 pid=1351353)[0m                                  'exclude_modules': None,
[36m(TaskRunnerV1 pid=1351353)[0m                                  'external_lib': None,
[36m(TaskRunnerV1 pid=1351353)[0m                                  'fused_kernel_options': {'impl_backend': 'torch'},
[36m(TaskRunnerV1 pid=1351353)[0m                                  'hf_config_path': None,
[36m(TaskRunnerV1 pid=1351353)[0m                                  'lora': {'a2a_experimental': False,
[36m(TaskRunnerV1 pid=1351353)[0m                                           'adapter_path': None,
[36m(TaskRunnerV1 pid=1351353)[0m                                           'alpha': 32,
[36m(TaskRunnerV1 pid=1351353)[0m                                           'dropout': 0.0,
[36m(TaskRunnerV1 pid=1351353)[0m                                           'dropout_position': 'pre',
[36m(TaskRunnerV1 pid=1351353)[0m                                           'dtype': None,
[36m(TaskRunnerV1 pid=1351353)[0m                                           'exclude_modules': [],
[36m(TaskRunnerV1 pid=1351353)[0m                                           'freeze_language_model': True,
[36m(TaskRunnerV1 pid=1351353)[0m                                           'freeze_vision_model': True,
[36m(TaskRunnerV1 pid=1351353)[0m                                           'freeze_vision_projection': True,
[36m(TaskRunnerV1 pid=1351353)[0m                                           'lora_A_init_method': 'xavier',
[36m(TaskRunnerV1 pid=1351353)[0m                                           'lora_B_init_method': 'zero',
[36m(TaskRunnerV1 pid=1351353)[0m                                           'merge': True,
[36m(TaskRunnerV1 pid=1351353)[0m                                           'rank': 0,
[36m(TaskRunnerV1 pid=1351353)[0m                                           'target_modules': ['linear_qkv',
[36m(TaskRunnerV1 pid=1351353)[0m                                                              'linear_proj',
[36m(TaskRunnerV1 pid=1351353)[0m                                                              'linear_fc1',
[36m(TaskRunnerV1 pid=1351353)[0m                                                              'linear_fc2'],
[36m(TaskRunnerV1 pid=1351353)[0m                                           'type': 'lora'},
[36m(TaskRunnerV1 pid=1351353)[0m                                  'lora_adapter_path': None,
[36m(TaskRunnerV1 pid=1351353)[0m                                  'lora_alpha': 16,
[36m(TaskRunnerV1 pid=1351353)[0m                                  'lora_rank': 8,
[36m(TaskRunnerV1 pid=1351353)[0m                                  'mtp': {'_target_': 'verl.workers.config.MtpConfig',
[36m(TaskRunnerV1 pid=1351353)[0m                                          'detach_encoder': False,
[36m(TaskRunnerV1 pid=1351353)[0m                                          'enable': False,
[36m(TaskRunnerV1 pid=1351353)[0m                                          'enable_rollout': False,
[36m(TaskRunnerV1 pid=1351353)[0m                                          'enable_train': False,
[36m(TaskRunnerV1 pid=1351353)[0m                                          'method': 'mtp',
[36m(TaskRunnerV1 pid=1351353)[0m                                          'mtp_loss_scaling_factor': 0.1,
[36m(TaskRunnerV1 pid=1351353)[0m                                          'num_speculative_tokens': 1,
[36m(TaskRunnerV1 pid=1351353)[0m                                          'speculative_algorithm': 'EAGLE',
[36m(TaskRunnerV1 pid=1351353)[0m                                          'speculative_eagle_topk': 1,
[36m(TaskRunnerV1 pid=1351353)[0m                                          'speculative_num_draft_tokens': 4,
[36m(TaskRunnerV1 pid=1351353)[0m                                          'speculative_num_steps': 3},
[36m(TaskRunnerV1 pid=1351353)[0m                                  'override_config': {'attn_implementation': 'sdpa'},
[36m(TaskRunnerV1 pid=1351353)[0m                                  'path': '/data2/hjk/models/huggingface/hub/models--Qwen--Qwen3-VL-8B-Thinking/snapshots/92f3c4b4feadd3a016ef468d103bb5f58b2a2c6b',
[36m(TaskRunnerV1 pid=1351353)[0m                                  'target_modules': ['q_proj',
[36m(TaskRunnerV1 pid=1351353)[0m                                                     'k_proj',
[36m(TaskRunnerV1 pid=1351353)[0m                                                     'v_proj',
[36m(TaskRunnerV1 pid=1351353)[0m                                                     'o_proj',
[36m(TaskRunnerV1 pid=1351353)[0m                                                     'gate_proj',
[36m(TaskRunnerV1 pid=1351353)[0m                                                     'up_proj',
[36m(TaskRunnerV1 pid=1351353)[0m                                                     'down_proj'],
[36m(TaskRunnerV1 pid=1351353)[0m                                  'tiled_mlp': {'enabled': False,
[36m(TaskRunnerV1 pid=1351353)[0m                                                'num_shards': 4},
[36m(TaskRunnerV1 pid=1351353)[0m                                  'tokenizer_path': None,
[36m(TaskRunnerV1 pid=1351353)[0m                                  'trust_remote_code': False,
[36m(TaskRunnerV1 pid=1351353)[0m                                  'use_fused_kernels': False,
[36m(TaskRunnerV1 pid=1351353)[0m                                  'use_liger': False,
[36m(TaskRunnerV1 pid=1351353)[0m                                  'use_remove_padding': True,
[36m(TaskRunnerV1 pid=1351353)[0m                                  'use_shm': False},
[36m(TaskRunnerV1 pid=1351353)[0m                        'nccl_timeout': 600,
[36m(TaskRunnerV1 pid=1351353)[0m                        'ref': {'_target_': 'verl.workers.config.FSDPActorConfig',
[36m(TaskRunnerV1 pid=1351353)[0m                                'entropy_checkpointing': False,
[36m(TaskRunnerV1 pid=1351353)[0m                                'entropy_from_logits_chunk_size': 2048,
[36m(TaskRunnerV1 pid=1351353)[0m                                'entropy_from_logits_with_chunking': False,
[36m(TaskRunnerV1 pid=1351353)[0m                                'fsdp_config': {'_target_': 'verl.workers.config.FSDPEngineConfig',
[36m(TaskRunnerV1 pid=1351353)[0m                                                'dtype': 'bfloat16',
[36m(TaskRunnerV1 pid=1351353)[0m                                                'entropy_checkpointing': False,
[36m(TaskRunnerV1 pid=1351353)[0m                                                'entropy_from_logits_chunk_size': 2048,
[36m(TaskRunnerV1 pid=1351353)[0m                                                'entropy_from_logits_with_chunking': False,
[36m(TaskRunnerV1 pid=1351353)[0m                                                'forward_only': True,
[36m(TaskRunnerV1 pid=1351353)[0m                                                'forward_prefetch': False,
[36m(TaskRunnerV1 pid=1351353)[0m                                                'fsdp_size': -1,
[36m(TaskRunnerV1 pid=1351353)[0m                                                'full_determinism': False,
[36m(TaskRunnerV1 pid=1351353)[0m                                                'model_dtype': 'fp32',
[36m(TaskRunnerV1 pid=1351353)[0m                                                'offload_policy': False,
[36m(TaskRunnerV1 pid=1351353)[0m                                                'optimizer_offload': False,
[36m(TaskRunnerV1 pid=1351353)[0m                                                'param_offload': True,
[36m(TaskRunnerV1 pid=1351353)[0m                                                'qat': {'_target_': 'verl.workers.config.QATEngineConfig',
[36m(TaskRunnerV1 pid=1351353)[0m                                                        'activation_observer': 'static_minmax',
[36m(TaskRunnerV1 pid=1351353)[0m                                                        'enable': False,
[36m(TaskRunnerV1 pid=1351353)[0m                                                        'group_size': 16,
[36m(TaskRunnerV1 pid=1351353)[0m                                                        'ignore_patterns': ['lm_head',
[36m(TaskRunnerV1 pid=1351353)[0m                                                                            'embed_tokens',
[36m(TaskRunnerV1 pid=1351353)[0m                                                                            're:.*mlp.gate$'],
[36m(TaskRunnerV1 pid=1351353)[0m                                                        'mode': 'w4a16',
[36m(TaskRunnerV1 pid=1351353)[0m                                                        'quantization_config_path': None},
[36m(TaskRunnerV1 pid=1351353)[0m                                                'reshard_after_forward': True,
[36m(TaskRunnerV1 pid=1351353)[0m                                                'seed': 42,
[36m(TaskRunnerV1 pid=1351353)[0m                                                'strategy': 'fsdp',
[36m(TaskRunnerV1 pid=1351353)[0m                                                'ulysses_sequence_parallel_size': 1,
[36m(TaskRunnerV1 pid=1351353)[0m                                                'use_orig_params': False,
[36m(TaskRunnerV1 pid=1351353)[0m                                                'use_torch_compile': True,
[36m(TaskRunnerV1 pid=1351353)[0m                                                'wrap_policy': {'min_num_params': 0}},
[36m(TaskRunnerV1 pid=1351353)[0m                                'log_prob_max_token_len_per_gpu': 65536,
[36m(TaskRunnerV1 pid=1351353)[0m                                'log_prob_micro_batch_size': None,
[36m(TaskRunnerV1 pid=1351353)[0m                                'log_prob_micro_batch_size_per_gpu': None,
[36m(TaskRunnerV1 pid=1351353)[0m                                'log_prob_use_dynamic_bsz': True,
[36m(TaskRunnerV1 pid=1351353)[0m                                'profiler': {'_target_': 'verl.utils.profiler.ProfilerConfig',
[36m(TaskRunnerV1 pid=1351353)[0m                                             'all_ranks': False,
[36m(TaskRunnerV1 pid=1351353)[0m                                             'enable': False,
[36m(TaskRunnerV1 pid=1351353)[0m                                             'ranks': [],
[36m(TaskRunnerV1 pid=1351353)[0m                                             'save_path': 'outputs/profile',
[36m(TaskRunnerV1 pid=1351353)[0m                                             'tool': None,
[36m(TaskRunnerV1 pid=1351353)[0m                                             'tool_config': {'npu': {'_target_': 'verl.utils.profiler.config.NPUToolConfig',
[36m(TaskRunnerV1 pid=1351353)[0m                                                                     'analysis': True,
[36m(TaskRunnerV1 pid=1351353)[0m                                                                     'contents': [],
[36m(TaskRunnerV1 pid=1351353)[0m                                                                     'discrete': False,
[36m(TaskRunnerV1 pid=1351353)[0m                                                                     'level': 'level0'},
[36m(TaskRunnerV1 pid=1351353)[0m                                                             'nsys': {'_target_': 'verl.utils.profiler.config.NsightToolConfig',
[36m(TaskRunnerV1 pid=1351353)[0m                                                                      'discrete': False},
[36m(TaskRunnerV1 pid=1351353)[0m                                                             'precision_debugger': {'_target_': 'verl.utils.profiler.config.PrecisionDebuggerToolConfig',
[36m(TaskRunnerV1 pid=1351353)[0m                                                                                    'config_path': None,
[36m(TaskRunnerV1 pid=1351353)[0m                                                                                    'stages': None,
[36m(TaskRunnerV1 pid=1351353)[0m                                                                                    'steps': None,
[36m(TaskRunnerV1 pid=1351353)[0m                                                                                    'strict': False},
[36m(TaskRunnerV1 pid=1351353)[0m                                                             'torch': {'_target_': 'verl.utils.profiler.config.TorchProfilerToolConfig',
[36m(TaskRunnerV1 pid=1351353)[0m                                                                       'contents': [],
[36m(TaskRunnerV1 pid=1351353)[0m                                                                       'discrete': False},
[36m(TaskRunnerV1 pid=1351353)[0m                                                             'torch_memory': {'_target_': 'verl.utils.profiler.config.TorchMemoryToolConfig',
[36m(TaskRunnerV1 pid=1351353)[0m                                                                              'stack_depth': 32,
[36m(TaskRunnerV1 pid=1351353)[0m                                                                              'trace_alloc_max_entries': 100000}}},
[36m(TaskRunnerV1 pid=1351353)[0m                                'rollout_n': 2,
[36m(TaskRunnerV1 pid=1351353)[0m                                'router_replay': {'_target_': 'verl.workers.config.RouterReplayConfig',
[36m(TaskRunnerV1 pid=1351353)[0m                                                  'mode': 'disabled',
[36m(TaskRunnerV1 pid=1351353)[0m                                                  'record_file': None,
[36m(TaskRunnerV1 pid=1351353)[0m                                                  'replay_file': None},
[36m(TaskRunnerV1 pid=1351353)[0m                                'strategy': 'fsdp2',
[36m(TaskRunnerV1 pid=1351353)[0m                                'ulysses_sequence_parallel_size': 1,
[36m(TaskRunnerV1 pid=1351353)[0m                                'use_torch_compile': True},
[36m(TaskRunnerV1 pid=1351353)[0m                        'rollout': {'_target_': 'verl.workers.config.RolloutConfig',
[36m(TaskRunnerV1 pid=1351353)[0m                                    'agent': {'_target_': 'verl.workers.config.AgentLoopConfig',
[36m(TaskRunnerV1 pid=1351353)[0m                                              'agent_loop_config_path': None,
[36m(TaskRunnerV1 pid=1351353)[0m                                              'custom_async_server': {'_target_': 'verl.workers.config.CustomAsyncServerConfig',
[36m(TaskRunnerV1 pid=1351353)[0m                                                                      'name': None,
[36m(TaskRunnerV1 pid=1351353)[0m                                                                      'path': None},
[36m(TaskRunnerV1 pid=1351353)[0m                                              'default_agent_loop': 'single_turn_agent',
[36m(TaskRunnerV1 pid=1351353)[0m                                              'num_workers': 8},
[36m(TaskRunnerV1 pid=1351353)[0m                                    'calculate_log_probs': True,
[36m(TaskRunnerV1 pid=1351353)[0m                                    'checkpoint_engine': {'_target_': 'verl.workers.config.CheckpointEngineConfig',
[36m(TaskRunnerV1 pid=1351353)[0m                                                          'backend': 'naive',
[36m(TaskRunnerV1 pid=1351353)[0m                                                          'custom_backend_module': None,
[36m(TaskRunnerV1 pid=1351353)[0m                                                          'engine_kwargs': {},
[36m(TaskRunnerV1 pid=1351353)[0m                                                          'update_weights_bucket_megabytes': 2048},
[36m(TaskRunnerV1 pid=1351353)[0m                                    'cudagraph_capture_sizes': None,
[36m(TaskRunnerV1 pid=1351353)[0m                                    'data_parallel_size': 1,
[36m(TaskRunnerV1 pid=1351353)[0m                                    'disable_log_stats': True,
[36m(TaskRunnerV1 pid=1351353)[0m                                    'disaggregation': {'bootstrap_port': None,
[36m(TaskRunnerV1 pid=1351353)[0m                                                       'decode_replicas': 1,
[36m(TaskRunnerV1 pid=1351353)[0m                                                       'decode_tensor_model_parallel_size': None,
[36m(TaskRunnerV1 pid=1351353)[0m                                                       'enabled': False,
[36m(TaskRunnerV1 pid=1351353)[0m                                                       'ib_device': None,
[36m(TaskRunnerV1 pid=1351353)[0m                                                       'prefill_replicas': 1,
[36m(TaskRunnerV1 pid=1351353)[0m                                                       'transfer_backend': 'nixl'},
[36m(TaskRunnerV1 pid=1351353)[0m                                    'do_sample': True,
[36m(TaskRunnerV1 pid=1351353)[0m                                    'dtype': 'bfloat16',
[36m(TaskRunnerV1 pid=1351353)[0m                                    'enable_chunked_prefill': False,
[36m(TaskRunnerV1 pid=1351353)[0m                                    'enable_prefix_caching': True,
[36m(TaskRunnerV1 pid=1351353)[0m                                    'enable_rollout_routing_replay': False,
[36m(TaskRunnerV1 pid=1351353)[0m                                    'enforce_eager': False,
[36m(TaskRunnerV1 pid=1351353)[0m                                    'engine_kwargs': {'sglang': {},
[36m(TaskRunnerV1 pid=1351353)[0m                                                      'trtllm': {},
[36m(TaskRunnerV1 pid=1351353)[0m                                                      'vllm': {}},
[36m(TaskRunnerV1 pid=1351353)[0m                                    'expert_parallel_size': 1,
[36m(TaskRunnerV1 pid=1351353)[0m                                    'free_cache_engine': True,
[36m(TaskRunnerV1 pid=1351353)[0m                                    'full_determinism': False,
[36m(TaskRunnerV1 pid=1351353)[0m                                    'gpu_memory_utilization': 0.5,
[36m(TaskRunnerV1 pid=1351353)[0m                                    'ignore_eos': False,
[36m(TaskRunnerV1 pid=1351353)[0m                                    'layered_summon': False,
[36m(TaskRunnerV1 pid=1351353)[0m                                    'load_format': 'dummy',
[36m(TaskRunnerV1 pid=1351353)[0m                                    'log_prob_max_token_len_per_gpu': 65536,
[36m(TaskRunnerV1 pid=1351353)[0m                                    'log_prob_micro_batch_size': None,
[36m(TaskRunnerV1 pid=1351353)[0m                                    'log_prob_micro_batch_size_per_gpu': None,
[36m(TaskRunnerV1 pid=1351353)[0m                                    'log_prob_use_dynamic_bsz': True,
[36m(TaskRunnerV1 pid=1351353)[0m                                    'logprobs_mode': 'processed_logprobs',
[36m(TaskRunnerV1 pid=1351353)[0m                                    'max_model_len': 20480,
[36m(TaskRunnerV1 pid=1351353)[0m                                    'max_num_batched_tokens': 20480,
[36m(TaskRunnerV1 pid=1351353)[0m                                    'max_num_seqs': 4,
[36m(TaskRunnerV1 pid=1351353)[0m                                    'mode': 'async',
[36m(TaskRunnerV1 pid=1351353)[0m                                    'moe_load_balance_metrics_interval': 0,
[36m(TaskRunnerV1 pid=1351353)[0m                                    'mtp': {'_target_': 'verl.workers.config.MtpConfig',
[36m(TaskRunnerV1 pid=1351353)[0m                                            'detach_encoder': False,
[36m(TaskRunnerV1 pid=1351353)[0m                                            'enable': False,
[36m(TaskRunnerV1 pid=1351353)[0m                                            'enable_rollout': False,
[36m(TaskRunnerV1 pid=1351353)[0m                                            'enable_train': False,
[36m(TaskRunnerV1 pid=1351353)[0m                                            'method': 'mtp',
[36m(TaskRunnerV1 pid=1351353)[0m                                            'mtp_loss_scaling_factor': 0.1,
[36m(TaskRunnerV1 pid=1351353)[0m                                            'num_speculative_tokens': 1,
[36m(TaskRunnerV1 pid=1351353)[0m                                            'speculative_algorithm': 'EAGLE',
[36m(TaskRunnerV1 pid=1351353)[0m                                            'speculative_eagle_topk': 1,
[36m(TaskRunnerV1 pid=1351353)[0m                                            'speculative_num_draft_tokens': 4,
[36m(TaskRunnerV1 pid=1351353)[0m                                            'speculative_num_steps': 3},
[36m(TaskRunnerV1 pid=1351353)[0m                                    'multi_stage_wake_up': False,
[36m(TaskRunnerV1 pid=1351353)[0m                                    'multi_turn': {'_target_': 'verl.workers.config.MultiTurnConfig',
[36m(TaskRunnerV1 pid=1351353)[0m                                                   'enable': False,
[36m(TaskRunnerV1 pid=1351353)[0m                                                   'format': 'hermes',
[36m(TaskRunnerV1 pid=1351353)[0m                                                   'function_tool_path': None,
[36m(TaskRunnerV1 pid=1351353)[0m                                                   'max_assistant_turns': None,
[36m(TaskRunnerV1 pid=1351353)[0m                                                   'max_parallel_calls': 1,
[36m(TaskRunnerV1 pid=1351353)[0m                                                   'max_tool_response_length': 256,
[36m(TaskRunnerV1 pid=1351353)[0m                                                   'max_user_turns': None,
[36m(TaskRunnerV1 pid=1351353)[0m                                                   'num_repeat_rollouts': None,
[36m(TaskRunnerV1 pid=1351353)[0m                                                   'tokenization_sanity_check_mode': 'strict',
[36m(TaskRunnerV1 pid=1351353)[0m                                                   'tool_config_path': None,
[36m(TaskRunnerV1 pid=1351353)[0m                                                   'tool_response_truncate_side': 'middle',
[36m(TaskRunnerV1 pid=1351353)[0m                                                   'use_inference_chat_template': False},
[36m(TaskRunnerV1 pid=1351353)[0m                                    'n': 2,
[36m(TaskRunnerV1 pid=1351353)[0m                                    'n_gpus_per_node': 1,
[36m(TaskRunnerV1 pid=1351353)[0m                                    'name': 'vllm',
[36m(TaskRunnerV1 pid=1351353)[0m                                    'nnodes': 0,
[36m(TaskRunnerV1 pid=1351353)[0m                                    'over_sample_rate': 0,
[36m(TaskRunnerV1 pid=1351353)[0m                                    'pipeline_model_parallel_size': 1,
[36m(TaskRunnerV1 pid=1351353)[0m                                    'profiler': {'_target_': 'verl.utils.profiler.ProfilerConfig',
[36m(TaskRunnerV1 pid=1351353)[0m                                                 'all_ranks': False,
[36m(TaskRunnerV1 pid=1351353)[0m                                                 'enable': False,
[36m(TaskRunnerV1 pid=1351353)[0m                                                 'ranks': [],
[36m(TaskRunnerV1 pid=1351353)[0m                                                 'save_path': 'outputs/profile',
[36m(TaskRunnerV1 pid=1351353)[0m                                                 'tool': None,
[36m(TaskRunnerV1 pid=1351353)[0m                                                 'tool_config': {'npu': {'_target_': 'verl.utils.profiler.config.NPUToolConfig',
[36m(TaskRunnerV1 pid=1351353)[0m                                                                         'analysis': True,
[36m(TaskRunnerV1 pid=1351353)[0m                                                                         'contents': [],
[36m(TaskRunnerV1 pid=1351353)[0m                                                                         'discrete': False,
[36m(TaskRunnerV1 pid=1351353)[0m                                                                         'level': 'level0',
[36m(TaskRunnerV1 pid=1351353)[0m                                                                         'profile_token_end': None,
[36m(TaskRunnerV1 pid=1351353)[0m                                                                         'profile_token_start': None},
[36m(TaskRunnerV1 pid=1351353)[0m                                                                 'precision_debugger': {'_target_': 'verl.utils.profiler.config.PrecisionDebuggerToolConfig',
[36m(TaskRunnerV1 pid=1351353)[0m                                                                                        'config_path': None,
[36m(TaskRunnerV1 pid=1351353)[0m                                                                                        'stages': None,
[36m(TaskRunnerV1 pid=1351353)[0m                                                                                        'steps': None,
[36m(TaskRunnerV1 pid=1351353)[0m                                                                                        'strict': False},
[36m(TaskRunnerV1 pid=1351353)[0m                                                                 'torch': {'_target_': 'verl.utils.profiler.config.TorchProfilerToolConfig',
[36m(TaskRunnerV1 pid=1351353)[0m                                                                           'contents': [],
[36m(TaskRunnerV1 pid=1351353)[0m                                                                           'discrete': False,
[36m(TaskRunnerV1 pid=1351353)[0m                                                                           'profile_token_end': None,
[36m(TaskRunnerV1 pid=1351353)[0m                                                                           'profile_token_start': None}}},
[36m(TaskRunnerV1 pid=1351353)[0m                                    'prometheus': {'_target_': 'verl.workers.config.PrometheusConfig',
[36m(TaskRunnerV1 pid=1351353)[0m                                                   'enable': False,
[36m(TaskRunnerV1 pid=1351353)[0m                                                   'file': '/tmp/ray/session_latest/metrics/prometheus/prometheus.yml',
[36m(TaskRunnerV1 pid=1351353)[0m                                                   'port': 9090,
[36m(TaskRunnerV1 pid=1351353)[0m                                                   'served_model_name': '/data2/hjk/models/huggingface/hub/models--Qwen--Qwen3-VL-8B-Thinking/snapshots/92f3c4b4feadd3a016ef468d103bb5f58b2a2c6b'},
[36m(TaskRunnerV1 pid=1351353)[0m                                    'prompt_length': 4096,
[36m(TaskRunnerV1 pid=1351353)[0m                                    'qat': {'_target_': 'verl.workers.config.QATEngineConfig',
[36m(TaskRunnerV1 pid=1351353)[0m                                            'activation_observer': 'static_minmax',
[36m(TaskRunnerV1 pid=1351353)[0m                                            'enable': False,
[36m(TaskRunnerV1 pid=1351353)[0m                                            'group_size': 16,
[36m(TaskRunnerV1 pid=1351353)[0m                                            'ignore_patterns': ['lm_head',
[36m(TaskRunnerV1 pid=1351353)[0m                                                                'embed_tokens',
[36m(TaskRunnerV1 pid=1351353)[0m                                                                're:.*mlp.gate$'],
[36m(TaskRunnerV1 pid=1351353)[0m                                            'mode': 'w4a16',
[36m(TaskRunnerV1 pid=1351353)[0m                                            'quantization_config_path': None},
[36m(TaskRunnerV1 pid=1351353)[0m                                    'quantization': None,
[36m(TaskRunnerV1 pid=1351353)[0m                                    'quantization_config_file': None,
[36m(TaskRunnerV1 pid=1351353)[0m                                    'response_length': 16384,
[36m(TaskRunnerV1 pid=1351353)[0m                                    'scheduling_policy': 'fcfs',
[36m(TaskRunnerV1 pid=1351353)[0m                                    'seed': 42,
[36m(TaskRunnerV1 pid=1351353)[0m                                    'skip_tokenizer_init': True,
[36m(TaskRunnerV1 pid=1351353)[0m                                    'temperature': 1.0,
[36m(TaskRunnerV1 pid=1351353)[0m                                    'tensor_model_parallel_size': 1,
[36m(TaskRunnerV1 pid=1351353)[0m                                    'top_k': -1,
[36m(TaskRunnerV1 pid=1351353)[0m                                    'top_p': 1.0,
[36m(TaskRunnerV1 pid=1351353)[0m                                    'trace': {'_target_': 'verl.workers.config.TraceConfig',
[36m(TaskRunnerV1 pid=1351353)[0m                                              'backend': None,
[36m(TaskRunnerV1 pid=1351353)[0m                                              'experiment_name': 'qwen3vl8b_stage3_c2_zscore_pilot_trainonly_prompt4096_seed42',
[36m(TaskRunnerV1 pid=1351353)[0m                                              'max_samples_per_step_per_worker': None,
[36m(TaskRunnerV1 pid=1351353)[0m                                              'project_name': 'qwen3vl_stage3_pilot',
[36m(TaskRunnerV1 pid=1351353)[0m                                              'token2text': False},
[36m(TaskRunnerV1 pid=1351353)[0m                                    'val_kwargs': {'_target_': 'verl.workers.config.SamplingConfig',
[36m(TaskRunnerV1 pid=1351353)[0m                                                   'do_sample': False,
[36m(TaskRunnerV1 pid=1351353)[0m                                                   'n': 1,
[36m(TaskRunnerV1 pid=1351353)[0m                                                   'temperature': 0,
[36m(TaskRunnerV1 pid=1351353)[0m                                                   'top_k': -1,
[36m(TaskRunnerV1 pid=1351353)[0m                                                   'top_p': 1.0}}},
[36m(TaskRunnerV1 pid=1351353)[0m  'algorithm': {'_target_': 'verl.trainer.config.AlgoConfig',
[36m(TaskRunnerV1 pid=1351353)[0m                'adv_estimator': 'grpo',
[36m(TaskRunnerV1 pid=1351353)[0m                'gamma': 1.0,
[36m(TaskRunnerV1 pid=1351353)[0m                'kl_ctrl': {'_target_': 'verl.trainer.config.KLControlConfig',
[36m(TaskRunnerV1 pid=1351353)[0m                            'horizon': 10000,
[36m(TaskRunnerV1 pid=1351353)[0m                            'kl_coef': 0.001,
[36m(TaskRunnerV1 pid=1351353)[0m                            'target_kl': 0.1,
[36m(TaskRunnerV1 pid=1351353)[0m                            'type': 'fixed'},
[36m(TaskRunnerV1 pid=1351353)[0m                'kl_penalty': 'kl',
[36m(TaskRunnerV1 pid=1351353)[0m                'lam': 1.0,
[36m(TaskRunnerV1 pid=1351353)[0m                'norm_adv_by_std_in_grpo': True,
[36m(TaskRunnerV1 pid=1351353)[0m                'pf_ppo': {'reweight_method': 'pow', 'weight_pow': 2.0},
[36m(TaskRunnerV1 pid=1351353)[0m                'rollout_correction': {'bypass_mode': False,
[36m(TaskRunnerV1 pid=1351353)[0m                                       'loss_type': 'ppo_clip',
[36m(TaskRunnerV1 pid=1351353)[0m                                       'rollout_is': None,
[36m(TaskRunnerV1 pid=1351353)[0m                                       'rollout_is_batch_normalize': False,
[36m(TaskRunnerV1 pid=1351353)[0m                                       'rollout_is_threshold': 2.0,
[36m(TaskRunnerV1 pid=1351353)[0m                                       'rollout_rs': None,
[36m(TaskRunnerV1 pid=1351353)[0m                                       'rollout_rs_threshold': None},
[36m(TaskRunnerV1 pid=1351353)[0m                'use_kl_in_reward': False,
[36m(TaskRunnerV1 pid=1351353)[0m                'use_pf_ppo': False},
[36m(TaskRunnerV1 pid=1351353)[0m  'critic': {'_target_': 'verl.workers.config.FSDPCriticConfig',
[36m(TaskRunnerV1 pid=1351353)[0m             'checkpoint': {'_target_': 'verl.trainer.config.CheckpointConfig',
[36m(TaskRunnerV1 pid=1351353)[0m                            'async_save': False,
[36m(TaskRunnerV1 pid=1351353)[0m                            'load_contents': ['model', 'optimizer', 'extra'],
[36m(TaskRunnerV1 pid=1351353)[0m                            'save_contents': ['model', 'optimizer', 'extra']},
[36m(TaskRunnerV1 pid=1351353)[0m             'cliprange_value': 0.5,
[36m(TaskRunnerV1 pid=1351353)[0m             'data_loader_seed': 42,
[36m(TaskRunnerV1 pid=1351353)[0m             'enable': None,
[36m(TaskRunnerV1 pid=1351353)[0m             'forward_max_token_len_per_gpu': 32768,
[36m(TaskRunnerV1 pid=1351353)[0m             'forward_micro_batch_size': None,
[36m(TaskRunnerV1 pid=1351353)[0m             'forward_micro_batch_size_per_gpu': None,
[36m(TaskRunnerV1 pid=1351353)[0m             'fsdp': {'_target_': 'verl.workers.config.FSDPEngineConfig',
[36m(TaskRunnerV1 pid=1351353)[0m                      'dtype': 'bfloat16',
[36m(TaskRunnerV1 pid=1351353)[0m                      'entropy_checkpointing': False,
[36m(TaskRunnerV1 pid=1351353)[0m                      'entropy_from_logits_chunk_size': 2048,
[36m(TaskRunnerV1 pid=1351353)[0m                      'entropy_from_logits_with_chunking': False,
[36m(TaskRunnerV1 pid=1351353)[0m                      'forward_only': False,
[36m(TaskRunnerV1 pid=1351353)[0m                      'forward_prefetch': False,
[36m(TaskRunnerV1 pid=1351353)[0m                      'fsdp_size': -1,
[36m(TaskRunnerV1 pid=1351353)[0m                      'full_determinism': False,
[36m(TaskRunnerV1 pid=1351353)[0m                      'model_dtype': 'fp32',
[36m(TaskRunnerV1 pid=1351353)[0m                      'offload_policy': False,
[36m(TaskRunnerV1 pid=1351353)[0m                      'optimizer_offload': False,
[36m(TaskRunnerV1 pid=1351353)[0m                      'param_offload': False,
[36m(TaskRunnerV1 pid=1351353)[0m                      'qat': {'_target_': 'verl.workers.config.QATEngineConfig',
[36m(TaskRunnerV1 pid=1351353)[0m                              'activation_observer': 'static_minmax',
[36m(TaskRunnerV1 pid=1351353)[0m                              'enable': False,
[36m(TaskRunnerV1 pid=1351353)[0m                              'group_size': 16,
[36m(TaskRunnerV1 pid=1351353)[0m                              'ignore_patterns': ['lm_head',
[36m(TaskRunnerV1 pid=1351353)[0m                                                  'embed_tokens',
[36m(TaskRunnerV1 pid=1351353)[0m                                                  're:.*mlp.gate$'],
[36m(TaskRunnerV1 pid=1351353)[0m                              'mode': 'w4a16',
[36m(TaskRunnerV1 pid=1351353)[0m                              'quantization_config_path': None},
[36m(TaskRunnerV1 pid=1351353)[0m                      'reshard_after_forward': True,
[36m(TaskRunnerV1 pid=1351353)[0m                      'seed': 42,
[36m(TaskRunnerV1 pid=1351353)[0m                      'strategy': 'fsdp',
[36m(TaskRunnerV1 pid=1351353)[0m                      'ulysses_sequence_parallel_size': 1,
[36m(TaskRunnerV1 pid=1351353)[0m                      'use_orig_params': False,
[36m(TaskRunnerV1 pid=1351353)[0m                      'use_torch_compile': True,
[36m(TaskRunnerV1 pid=1351353)[0m                      'wrap_policy': {'min_num_params': 0}},
[36m(TaskRunnerV1 pid=1351353)[0m             'grad_clip': 1.0,
[36m(TaskRunnerV1 pid=1351353)[0m             'loss_agg_mode': 'token-mean',
[36m(TaskRunnerV1 pid=1351353)[0m             'model': {'_target_': 'verl.workers.config.HFModelConfig',
[36m(TaskRunnerV1 pid=1351353)[0m                       'custom_chat_template': None,
[36m(TaskRunnerV1 pid=1351353)[0m                       'enable_activation_offload': False,
[36m(TaskRunnerV1 pid=1351353)[0m                       'enable_gradient_checkpointing': True,
[36m(TaskRunnerV1 pid=1351353)[0m                       'exclude_modules': None,
[36m(TaskRunnerV1 pid=1351353)[0m                       'external_lib': None,
[36m(TaskRunnerV1 pid=1351353)[0m                       'fused_kernel_options': {'impl_backend': 'torch'},
[36m(TaskRunnerV1 pid=1351353)[0m                       'hf_config_path': None,
[36m(TaskRunnerV1 pid=1351353)[0m                       'lora': {'a2a_experimental': False,
[36m(TaskRunnerV1 pid=1351353)[0m                                'adapter_path': None,
[36m(TaskRunnerV1 pid=1351353)[0m                                'alpha': 32,
[36m(TaskRunnerV1 pid=1351353)[0m                                'dropout': 0.0,
[36m(TaskRunnerV1 pid=1351353)[0m                                'dropout_position': 'pre',
[36m(TaskRunnerV1 pid=1351353)[0m                                'dtype': None,
[36m(TaskRunnerV1 pid=1351353)[0m                                'exclude_modules': [],
[36m(TaskRunnerV1 pid=1351353)[0m                                'freeze_language_model': True,
[36m(TaskRunnerV1 pid=1351353)[0m                                'freeze_vision_model': True,
[36m(TaskRunnerV1 pid=1351353)[0m                                'freeze_vision_projection': True,
[36m(TaskRunnerV1 pid=1351353)[0m                                'lora_A_init_method': 'xavier',
[36m(TaskRunnerV1 pid=1351353)[0m                                'lora_B_init_method': 'zero',
[36m(TaskRunnerV1 pid=1351353)[0m                                'merge': False,
[36m(TaskRunnerV1 pid=1351353)[0m                                'rank': 0,
[36m(TaskRunnerV1 pid=1351353)[0m                                'target_modules': ['linear_qkv',
[36m(TaskRunnerV1 pid=1351353)[0m                                                   'linear_proj',
[36m(TaskRunnerV1 pid=1351353)[0m                                                   'linear_fc1',
[36m(TaskRunnerV1 pid=1351353)[0m                                                   'linear_fc2'],
[36m(TaskRunnerV1 pid=1351353)[0m                                'type': 'lora'},
[36m(TaskRunnerV1 pid=1351353)[0m                       'lora_adapter_path': None,
[36m(TaskRunnerV1 pid=1351353)[0m                       'lora_alpha': 16,
[36m(TaskRunnerV1 pid=1351353)[0m                       'lora_rank': 0,
[36m(TaskRunnerV1 pid=1351353)[0m                       'mtp': {'_target_': 'verl.workers.config.MtpConfig',
[36m(TaskRunnerV1 pid=1351353)[0m                               'detach_encoder': False,
[36m(TaskRunnerV1 pid=1351353)[0m                               'enable': False,
[36m(TaskRunnerV1 pid=1351353)[0m                               'enable_rollout': False,
[36m(TaskRunnerV1 pid=1351353)[0m                               'enable_train': False,
[36m(TaskRunnerV1 pid=1351353)[0m                               'method': 'mtp',
[36m(TaskRunnerV1 pid=1351353)[0m                               'mtp_loss_scaling_factor': 0.1,
[36m(TaskRunnerV1 pid=1351353)[0m                               'num_speculative_tokens': 1,
[36m(TaskRunnerV1 pid=1351353)[0m                               'speculative_algorithm': 'EAGLE',
[36m(TaskRunnerV1 pid=1351353)[0m                               'speculative_eagle_topk': 1,
[36m(TaskRunnerV1 pid=1351353)[0m                               'speculative_num_draft_tokens': 4,
[36m(TaskRunnerV1 pid=1351353)[0m                               'speculative_num_steps': 3},
[36m(TaskRunnerV1 pid=1351353)[0m                       'override_config': {},
[36m(TaskRunnerV1 pid=1351353)[0m                       'path': '~/models/deepseek-llm-7b-chat',
[36m(TaskRunnerV1 pid=1351353)[0m                       'target_modules': 'all-linear',
[36m(TaskRunnerV1 pid=1351353)[0m                       'tiled_mlp': {'enabled': False, 'num_shards': 4},
[36m(TaskRunnerV1 pid=1351353)[0m                       'tokenizer_path': None,
[36m(TaskRunnerV1 pid=1351353)[0m                       'trust_remote_code': False,
[36m(TaskRunnerV1 pid=1351353)[0m                       'use_fused_kernels': False,
[36m(TaskRunnerV1 pid=1351353)[0m                       'use_liger': False,
[36m(TaskRunnerV1 pid=1351353)[0m                       'use_remove_padding': True,
[36m(TaskRunnerV1 pid=1351353)[0m                       'use_shm': False},
[36m(TaskRunnerV1 pid=1351353)[0m             'optim': {'_target_': 'verl.workers.config.FSDPOptimizerConfig',
[36m(TaskRunnerV1 pid=1351353)[0m                       'betas': [0.9, 0.999],
[36m(TaskRunnerV1 pid=1351353)[0m                       'clip_grad': 1.0,
[36m(TaskRunnerV1 pid=1351353)[0m                       'lr': 1e-05,
[36m(TaskRunnerV1 pid=1351353)[0m                       'lr_scheduler_type': 'constant',
[36m(TaskRunnerV1 pid=1351353)[0m                       'lr_warmup_steps': -1,
[36m(TaskRunnerV1 pid=1351353)[0m                       'lr_warmup_steps_ratio': 0.0,
[36m(TaskRunnerV1 pid=1351353)[0m                       'min_lr_ratio': 0.0,
[36m(TaskRunnerV1 pid=1351353)[0m                       'num_cycles': 0.5,
[36m(TaskRunnerV1 pid=1351353)[0m                       'optimizer': 'AdamW',
[36m(TaskRunnerV1 pid=1351353)[0m                       'optimizer_impl': 'torch.optim',
[36m(TaskRunnerV1 pid=1351353)[0m                       'override_optimizer_config': None,
[36m(TaskRunnerV1 pid=1351353)[0m                       'total_training_steps': -1,
[36m(TaskRunnerV1 pid=1351353)[0m                       'warmup_style': None,
[36m(TaskRunnerV1 pid=1351353)[0m                       'weight_decay': 0.01,
[36m(TaskRunnerV1 pid=1351353)[0m                       'zero_indexed_step': True},
[36m(TaskRunnerV1 pid=1351353)[0m             'ppo_epochs': 1,
[36m(TaskRunnerV1 pid=1351353)[0m             'ppo_max_token_len_per_gpu': 32768,
[36m(TaskRunnerV1 pid=1351353)[0m             'ppo_micro_batch_size': None,
[36m(TaskRunnerV1 pid=1351353)[0m             'ppo_micro_batch_size_per_gpu': None,
[36m(TaskRunnerV1 pid=1351353)[0m             'ppo_mini_batch_size': 2,
[36m(TaskRunnerV1 pid=1351353)[0m             'profiler': {'_target_': 'verl.utils.profiler.ProfilerConfig',
[36m(TaskRunnerV1 pid=1351353)[0m                          'all_ranks': False,
[36m(TaskRunnerV1 pid=1351353)[0m                          'enable': False,
[36m(TaskRunnerV1 pid=1351353)[0m                          'ranks': [],
[36m(TaskRunnerV1 pid=1351353)[0m                          'save_path': 'outputs/profile',
[36m(TaskRunnerV1 pid=1351353)[0m                          'tool': None,
[36m(TaskRunnerV1 pid=1351353)[0m                          'tool_config': {'npu': {'_target_': 'verl.utils.profiler.config.NPUToolConfig',
[36m(TaskRunnerV1 pid=1351353)[0m                                                  'analysis': True,
[36m(TaskRunnerV1 pid=1351353)[0m                                                  'contents': [],
[36m(TaskRunnerV1 pid=1351353)[0m                                                  'discrete': False,
[36m(TaskRunnerV1 pid=1351353)[0m                                                  'level': 'level0'},
[36m(TaskRunnerV1 pid=1351353)[0m                                          'nsys': {'_target_': 'verl.utils.profiler.config.NsightToolConfig',
[36m(TaskRunnerV1 pid=1351353)[0m                                                   'discrete': False},
[36m(TaskRunnerV1 pid=1351353)[0m                                          'precision_debugger': {'_target_': 'verl.utils.profiler.config.PrecisionDebuggerToolConfig',
[36m(TaskRunnerV1 pid=1351353)[0m                                                                 'config_path': None,
[36m(TaskRunnerV1 pid=1351353)[0m                                                                 'stages': None,
[36m(TaskRunnerV1 pid=1351353)[0m                                                                 'steps': None,
[36m(TaskRunnerV1 pid=1351353)[0m                                                                 'strict': False},
[36m(TaskRunnerV1 pid=1351353)[0m                                          'torch': {'_target_': 'verl.utils.profiler.config.TorchProfilerToolConfig',
[36m(TaskRunnerV1 pid=1351353)[0m                                                    'contents': [],
[36m(TaskRunnerV1 pid=1351353)[0m                                                    'discrete': False},
[36m(TaskRunnerV1 pid=1351353)[0m                                          'torch_memory': {'_target_': 'verl.utils.profiler.config.TorchMemoryToolConfig',
[36m(TaskRunnerV1 pid=1351353)[0m                                                           'stack_depth': 32,
[36m(TaskRunnerV1 pid=1351353)[0m                                                           'trace_alloc_max_entries': 100000}}},
[36m(TaskRunnerV1 pid=1351353)[0m             'rollout_n': 2,
[36m(TaskRunnerV1 pid=1351353)[0m             'shuffle': False,
[36m(TaskRunnerV1 pid=1351353)[0m             'strategy': 'fsdp',
[36m(TaskRunnerV1 pid=1351353)[0m             'ulysses_sequence_parallel_size': 1,
[36m(TaskRunnerV1 pid=1351353)[0m             'use_dynamic_bsz': True},
[36m(TaskRunnerV1 pid=1351353)[0m  'custom_reward_function': {'name': None, 'path': None},
[36m(TaskRunnerV1 pid=1351353)[0m  'data': {'apply_chat_template_kwargs': {},
[36m(TaskRunnerV1 pid=1351353)[0m           'audio_key': 'audios',
[36m(TaskRunnerV1 pid=1351353)[0m           'continuous_token': {'enable': False, 'model_family': 'auto'},
[36m(TaskRunnerV1 pid=1351353)[0m           'custom_cls': {'name': None, 'path': None},
[36m(TaskRunnerV1 pid=1351353)[0m           'dataloader_num_workers': 0,
[36m(TaskRunnerV1 pid=1351353)[0m           'filter_overlong_prompts': True,
[36m(TaskRunnerV1 pid=1351353)[0m           'filter_overlong_prompts_workers': 1,
[36m(TaskRunnerV1 pid=1351353)[0m           'function_tool_path': None,
[36m(TaskRunnerV1 pid=1351353)[0m           'image_key': 'images',
[36m(TaskRunnerV1 pid=1351353)[0m           'image_patch_size': 14,
[36m(TaskRunnerV1 pid=1351353)[0m           'max_prompt_length': 4096,
[36m(TaskRunnerV1 pid=1351353)[0m           'max_response_length': 16384,
[36m(TaskRunnerV1 pid=1351353)[0m           'mm_processor_kwargs': {},
[36m(TaskRunnerV1 pid=1351353)[0m           'prompt_key': 'prompt',
[36m(TaskRunnerV1 pid=1351353)[0m           'return_full_prompt': False,
[36m(TaskRunnerV1 pid=1351353)[0m           'return_multi_modal_inputs': True,
[36m(TaskRunnerV1 pid=1351353)[0m           'return_raw_chat': True,
[36m(TaskRunnerV1 pid=1351353)[0m           'return_raw_input_ids': False,
[36m(TaskRunnerV1 pid=1351353)[0m           'reward_fn_key': 'data_source',
[36m(TaskRunnerV1 pid=1351353)[0m           'seed': 42,
[36m(TaskRunnerV1 pid=1351353)[0m           'shuffle': True,
[36m(TaskRunnerV1 pid=1351353)[0m           'tokenizer': None,
[36m(TaskRunnerV1 pid=1351353)[0m           'tool_config_path': None,
[36m(TaskRunnerV1 pid=1351353)[0m           'train_batch_size': 1,
[36m(TaskRunnerV1 pid=1351353)[0m           'train_files': '/data2/hjk/projects/AI-HiddenState-ER/rl_data/mathverse_qwen3vl_stage3_pilot200_128/mathverse_grpo_train.parquet',
[36m(TaskRunnerV1 pid=1351353)[0m           'train_max_samples': -1,
[36m(TaskRunnerV1 pid=1351353)[0m           'truncation': 'error',
[36m(TaskRunnerV1 pid=1351353)[0m           'trust_remote_code': False,
[36m(TaskRunnerV1 pid=1351353)[0m           'use_shm': False,
[36m(TaskRunnerV1 pid=1351353)[0m           'val_batch_size': None,
[36m(TaskRunnerV1 pid=1351353)[0m           'val_files': '/data2/hjk/projects/AI-HiddenState-ER/rl_data/mathverse_qwen3vl_stage3_pilot200_128/mathverse_grpo_val.parquet',
[36m(TaskRunnerV1 pid=1351353)[0m           'val_max_samples': -1,
[36m(TaskRunnerV1 pid=1351353)[0m           'validation_shuffle': False,
[36m(TaskRunnerV1 pid=1351353)[0m           'video_key': 'videos'},
[36m(TaskRunnerV1 pid=1351353)[0m  'distillation': {'_target_': 'verl.workers.config.DistillationConfig',
[36m(TaskRunnerV1 pid=1351353)[0m                   'distillation_loss': {'_target_': 'verl.workers.config.DistillationLossConfig',
[36m(TaskRunnerV1 pid=1351353)[0m                                         'clip_ratio': 0.2,
[36m(TaskRunnerV1 pid=1351353)[0m                                         'clip_ratio_high': 0.2,
[36m(TaskRunnerV1 pid=1351353)[0m                                         'clip_ratio_low': 0.2,
[36m(TaskRunnerV1 pid=1351353)[0m                                         'distillation_loss_coef': 1.0,
[36m(TaskRunnerV1 pid=1351353)[0m                                         'log_prob_min_clamp': None,
[36m(TaskRunnerV1 pid=1351353)[0m                                         'loss_max_clamp': None,
[36m(TaskRunnerV1 pid=1351353)[0m                                         'loss_mode': 'k3',
[36m(TaskRunnerV1 pid=1351353)[0m                                         'policy_loss_mode': 'vanilla',
[36m(TaskRunnerV1 pid=1351353)[0m                                         'topk': 32,
[36m(TaskRunnerV1 pid=1351353)[0m                                         'use_policy_gradient': False,
[36m(TaskRunnerV1 pid=1351353)[0m                                         'use_task_rewards': True},
[36m(TaskRunnerV1 pid=1351353)[0m                   'enabled': False,
[36m(TaskRunnerV1 pid=1351353)[0m                   'n_gpus_per_node': 8,
[36m(TaskRunnerV1 pid=1351353)[0m                   'nnodes': 0,
[36m(TaskRunnerV1 pid=1351353)[0m                   'teacher_key': 'data_source',
[36m(TaskRunnerV1 pid=1351353)[0m                   'teacher_models': {'teacher_model': {'_target_': 'verl.workers.config.DistillationTeacherModelConfig',
[36m(TaskRunnerV1 pid=1351353)[0m                                                        'inference': {'_target_': 'verl.workers.config.RolloutConfig',
[36m(TaskRunnerV1 pid=1351353)[0m                                                                      'cudagraph_capture_sizes': None,
[36m(TaskRunnerV1 pid=1351353)[0m                                                                      'data_parallel_size': 1,
[36m(TaskRunnerV1 pid=1351353)[0m                                                                      'disable_log_stats': True,
[36m(TaskRunnerV1 pid=1351353)[0m                                                                      'dtype': 'bfloat16',
[36m(TaskRunnerV1 pid=1351353)[0m                                                                      'enable_chunked_prefill': True,
[36m(TaskRunnerV1 pid=1351353)[0m                                                                      'enable_prefix_caching': True,
[36m(TaskRunnerV1 pid=1351353)[0m                                                                      'enforce_eager': True,
[36m(TaskRunnerV1 pid=1351353)[0m                                                                      'engine_kwargs': {},
[36m(TaskRunnerV1 pid=1351353)[0m                                                                      'expert_parallel_size': 1,
[36m(TaskRunnerV1 pid=1351353)[0m                                                                      'free_cache_engine': True,
[36m(TaskRunnerV1 pid=1351353)[0m                                                                      'gpu_memory_utilization': 0.5,
[36m(TaskRunnerV1 pid=1351353)[0m                                                                      'limit_images': None,
[36m(TaskRunnerV1 pid=1351353)[0m                                                                      'load_format': 'auto',
[36m(TaskRunnerV1 pid=1351353)[0m                                                                      'max_model_len': None,
[36m(TaskRunnerV1 pid=1351353)[0m                                                                      'max_num_batched_tokens': 8192,
[36m(TaskRunnerV1 pid=1351353)[0m                                                                      'max_num_seqs': 1024,
[36m(TaskRunnerV1 pid=1351353)[0m                                                                      'name': 'vllm',
[36m(TaskRunnerV1 pid=1351353)[0m                                                                      'prompt_length': 4096,
[36m(TaskRunnerV1 pid=1351353)[0m                                                                      'response_length': 16384,
[36m(TaskRunnerV1 pid=1351353)[0m                                                                      'skip_tokenizer_init': True,
[36m(TaskRunnerV1 pid=1351353)[0m                                                                      'temperature': 1.0,
[36m(TaskRunnerV1 pid=1351353)[0m                                                                      'tensor_model_parallel_size': 2},
[36m(TaskRunnerV1 pid=1351353)[0m                                                        'key': None,
[36m(TaskRunnerV1 pid=1351353)[0m                                                        'model_path': None,
[36m(TaskRunnerV1 pid=1351353)[0m                                                        'num_replicas': 0}}},
[36m(TaskRunnerV1 pid=1351353)[0m  'global_profiler': {'_target_': 'verl.utils.profiler.ProfilerConfig',
[36m(TaskRunnerV1 pid=1351353)[0m                      'global_tool_config': {'nsys': {'_target_': 'verl.utils.profiler.config.NsightToolConfig',
[36m(TaskRunnerV1 pid=1351353)[0m                                                      'controller_nsight_options': {'cuda-graph-trace': 'graph',
[36m(TaskRunnerV1 pid=1351353)[0m                                                                                    'cuda-memory-usage': 'true',
[36m(TaskRunnerV1 pid=1351353)[0m                                                                                    'trace': 'cuda,nvtx,cublas,ucx'},
[36m(TaskRunnerV1 pid=1351353)[0m                                                      'discrete': False,
[36m(TaskRunnerV1 pid=1351353)[0m                                                      'worker_nsight_options': {'capture-range': 'cudaProfilerApi',
[36m(TaskRunnerV1 pid=1351353)[0m                                                                                'capture-range-end': None,
[36m(TaskRunnerV1 pid=1351353)[0m                                                                                'cuda-graph-trace': 'graph',
[36m(TaskRunnerV1 pid=1351353)[0m                                                                                'cuda-memory-usage': 'true',
[36m(TaskRunnerV1 pid=1351353)[0m                                                                                'kill': 'none',
[36m(TaskRunnerV1 pid=1351353)[0m                                                                                'trace': 'cuda,nvtx,cublas,ucx'}},
[36m(TaskRunnerV1 pid=1351353)[0m                                             'precision_debugger': {'_target_': 'verl.utils.profiler.config.PrecisionDebuggerToolConfig',
[36m(TaskRunnerV1 pid=1351353)[0m                                                                    'config_path': None,
[36m(TaskRunnerV1 pid=1351353)[0m                                                                    'stages': None,
[36m(TaskRunnerV1 pid=1351353)[0m                                                                    'steps': None,
[36m(TaskRunnerV1 pid=1351353)[0m                                                                    'strict': False},
[36m(TaskRunnerV1 pid=1351353)[0m                                             'torch_memory': {'context': 'all',
[36m(TaskRunnerV1 pid=1351353)[0m                                                              'kw_args': {},
[36m(TaskRunnerV1 pid=1351353)[0m                                                              'stack_depth': 32,
[36m(TaskRunnerV1 pid=1351353)[0m                                                              'stacks': 'all',
[36m(TaskRunnerV1 pid=1351353)[0m                                                              'trace_alloc_max_entries': 100000}},
[36m(TaskRunnerV1 pid=1351353)[0m                      'profile_continuous_steps': False,
[36m(TaskRunnerV1 pid=1351353)[0m                      'save_path': 'outputs/profile',
[36m(TaskRunnerV1 pid=1351353)[0m                      'steps': None,
[36m(TaskRunnerV1 pid=1351353)[0m                      'tool': None},
[36m(TaskRunnerV1 pid=1351353)[0m  'model_engine': 'dp',
[36m(TaskRunnerV1 pid=1351353)[0m  'ray_kwargs': {'ray_init': {'num_cpus': None}, 'timeline_json_file': None},
[36m(TaskRunnerV1 pid=1351353)[0m  'reward': {'_target_': 'verl.workers.config.RewardConfig',
[36m(TaskRunnerV1 pid=1351353)[0m             'custom_reward_function': {'name': 'compute_score',
[36m(TaskRunnerV1 pid=1351353)[0m                                        'path': '/data2/hjk/projects/AI-HiddenState-ER/scripts/mathverse_qwen3vl_option_gain_reward.py'},
[36m(TaskRunnerV1 pid=1351353)[0m             'num_workers': 1,
[36m(TaskRunnerV1 pid=1351353)[0m             'reward_manager': {'_target_': 'verl.workers.config.reward.RewardManagerConfig',
[36m(TaskRunnerV1 pid=1351353)[0m                                'module': {'_target_': 'verl.trainer.config.config.ModuleConfig',
[36m(TaskRunnerV1 pid=1351353)[0m                                           'name': 'custom_reward_manager',
[36m(TaskRunnerV1 pid=1351353)[0m                                           'path': '/data2/hjk/projects/AI-HiddenState-ER/scripts/qwen3vl_c2_zscore_reward_manager.py'},
[36m(TaskRunnerV1 pid=1351353)[0m                                'name': 'Qwen3VLC2ZscoreRewardManager',
[36m(TaskRunnerV1 pid=1351353)[0m                                'source': 'importlib'},
[36m(TaskRunnerV1 pid=1351353)[0m             'reward_model': {'_target_': 'verl.workers.config.RewardModelConfig',
[36m(TaskRunnerV1 pid=1351353)[0m                              'enable': False,
[36m(TaskRunnerV1 pid=1351353)[0m                              'enable_resource_pool': False,
[36m(TaskRunnerV1 pid=1351353)[0m                              'model_path': None,
[36m(TaskRunnerV1 pid=1351353)[0m                              'n_gpus_per_node': 8,
[36m(TaskRunnerV1 pid=1351353)[0m                              'nnodes': 0,
[36m(TaskRunnerV1 pid=1351353)[0m                              'rollout': {'_target_': 'verl.workers.config.RolloutConfig',
[36m(TaskRunnerV1 pid=1351353)[0m                                          'cudagraph_capture_sizes': None,
[36m(TaskRunnerV1 pid=1351353)[0m                                          'data_parallel_size': 1,
[36m(TaskRunnerV1 pid=1351353)[0m                                          'disable_log_stats': True,
[36m(TaskRunnerV1 pid=1351353)[0m                                          'disaggregation': {'bootstrap_port': None,
[36m(TaskRunnerV1 pid=1351353)[0m                                                             'decode_replicas': 1,
[36m(TaskRunnerV1 pid=1351353)[0m                                                             'decode_tensor_model_parallel_size': None,
[36m(TaskRunnerV1 pid=1351353)[0m                                                             'enabled': False,
[36m(TaskRunnerV1 pid=1351353)[0m                                                             'ib_device': None,
[36m(TaskRunnerV1 pid=1351353)[0m                                                             'prefill_replicas': 1,
[36m(TaskRunnerV1 pid=1351353)[0m                                                             'transfer_backend': 'nixl'},
[36m(TaskRunnerV1 pid=1351353)[0m                                          'do_sample': True,
[36m(TaskRunnerV1 pid=1351353)[0m                                          'dtype': 'bfloat16',
[36m(TaskRunnerV1 pid=1351353)[0m                                          'enable_chunked_prefill': True,
[36m(TaskRunnerV1 pid=1351353)[0m                                          'enable_prefix_caching': True,
[36m(TaskRunnerV1 pid=1351353)[0m                                          'enforce_eager': True,
[36m(TaskRunnerV1 pid=1351353)[0m                                          'engine_kwargs': {},
[36m(TaskRunnerV1 pid=1351353)[0m                                          'expert_parallel_size': 1,
[36m(TaskRunnerV1 pid=1351353)[0m                                          'free_cache_engine': True,
[36m(TaskRunnerV1 pid=1351353)[0m                                          'full_determinism': False,
[36m(TaskRunnerV1 pid=1351353)[0m                                          'gpu_memory_utilization': 0.5,
[36m(TaskRunnerV1 pid=1351353)[0m                                          'ignore_eos': False,
[36m(TaskRunnerV1 pid=1351353)[0m                                          'layered_summon': False,
[36m(TaskRunnerV1 pid=1351353)[0m                                          'limit_images': None,
[36m(TaskRunnerV1 pid=1351353)[0m                                          'load_format': 'auto',
[36m(TaskRunnerV1 pid=1351353)[0m                                          'max_model_len': None,
[36m(TaskRunnerV1 pid=1351353)[0m                                          'max_num_batched_tokens': 8192,
[36m(TaskRunnerV1 pid=1351353)[0m                                          'max_num_seqs': 1024,
[36m(TaskRunnerV1 pid=1351353)[0m                                          'mtp': None,
[36m(TaskRunnerV1 pid=1351353)[0m                                          'multi_stage_wake_up': False,
[36m(TaskRunnerV1 pid=1351353)[0m                                          'n': 1,
[36m(TaskRunnerV1 pid=1351353)[0m                                          'name': '???',
[36m(TaskRunnerV1 pid=1351353)[0m                                          'pipeline_model_parallel_size': 1,
[36m(TaskRunnerV1 pid=1351353)[0m                                          'prompt_length': 2048,
[36m(TaskRunnerV1 pid=1351353)[0m                                          'quantization': None,
[36m(TaskRunnerV1 pid=1351353)[0m                                          'quantization_config_file': None,
[36m(TaskRunnerV1 pid=1351353)[0m                                          'response_length': 2048,
[36m(TaskRunnerV1 pid=1351353)[0m                                          'scheduling_policy': 'fcfs',
[36m(TaskRunnerV1 pid=1351353)[0m                                          'seed': 42,
[36m(TaskRunnerV1 pid=1351353)[0m                                          'skip_tokenizer_init': False,
[36m(TaskRunnerV1 pid=1351353)[0m                                          'temperature': 1.0,
[36m(TaskRunnerV1 pid=1351353)[0m                                          'tensor_model_parallel_size': 2,
[36m(TaskRunnerV1 pid=1351353)[0m                                          'top_k': -1,
[36m(TaskRunnerV1 pid=1351353)[0m                                          'top_p': 1}},
[36m(TaskRunnerV1 pid=1351353)[0m             'sandbox_fusion': {'_target_': 'verl.workers.config.SandboxFusionConfig',
[36m(TaskRunnerV1 pid=1351353)[0m                                'max_concurrent': 64,
[36m(TaskRunnerV1 pid=1351353)[0m                                'memory_limit_mb': 1024,
[36m(TaskRunnerV1 pid=1351353)[0m                                'url': None}},
[36m(TaskRunnerV1 pid=1351353)[0m  'reward_model': {'enable': None,
[36m(TaskRunnerV1 pid=1351353)[0m                   'enable_resource_pool': None,
[36m(TaskRunnerV1 pid=1351353)[0m                   'model': {'external_lib': None,
[36m(TaskRunnerV1 pid=1351353)[0m                             'path': None,
[36m(TaskRunnerV1 pid=1351353)[0m                             'trust_remote_code': None},
[36m(TaskRunnerV1 pid=1351353)[0m                   'n_gpus_per_node': None,
[36m(TaskRunnerV1 pid=1351353)[0m                   'nnodes': None,
[36m(TaskRunnerV1 pid=1351353)[0m                   'num_workers': None,
[36m(TaskRunnerV1 pid=1351353)[0m                   'reward_loop_class_name': None,
[36m(TaskRunnerV1 pid=1351353)[0m                   'reward_loop_module_path': None,
[36m(TaskRunnerV1 pid=1351353)[0m                   'reward_loop_source': None,
[36m(TaskRunnerV1 pid=1351353)[0m                   'reward_manager': None,
[36m(TaskRunnerV1 pid=1351353)[0m                   'rollout': {'cudagraph_capture_sizes': None,
[36m(TaskRunnerV1 pid=1351353)[0m                               'data_parallel_size': None,
[36m(TaskRunnerV1 pid=1351353)[0m                               'disable_log_stats': None,
[36m(TaskRunnerV1 pid=1351353)[0m                               'dtype': None,
[36m(TaskRunnerV1 pid=1351353)[0m                               'enable_chunked_prefill': None,
[36m(TaskRunnerV1 pid=1351353)[0m                               'enable_prefix_caching': None,
[36m(TaskRunnerV1 pid=1351353)[0m                               'enforce_eager': None,
[36m(TaskRunnerV1 pid=1351353)[0m                               'engine_kwargs': None,
[36m(TaskRunnerV1 pid=1351353)[0m                               'expert_parallel_size': None,
[36m(TaskRunnerV1 pid=1351353)[0m                               'free_cache_engine': None,
[36m(TaskRunnerV1 pid=1351353)[0m                               'gpu_memory_utilization': None,
[36m(TaskRunnerV1 pid=1351353)[0m                               'limit_images': None,
[36m(TaskRunnerV1 pid=1351353)[0m                               'load_format': None,
[36m(TaskRunnerV1 pid=1351353)[0m                               'max_model_len': None,
[36m(TaskRunnerV1 pid=1351353)[0m                               'max_num_batched_tokens': None,
[36m(TaskRunnerV1 pid=1351353)[0m                               'max_num_seqs': None,
[36m(TaskRunnerV1 pid=1351353)[0m                               'name': None,
[36m(TaskRunnerV1 pid=1351353)[0m                               'prompt_length': None,
[36m(TaskRunnerV1 pid=1351353)[0m                               'response_length': None,
[36m(TaskRunnerV1 pid=1351353)[0m                               'skip_tokenizer_init': None,
[36m(TaskRunnerV1 pid=1351353)[0m                               'tensor_model_parallel_size': None}},
[36m(TaskRunnerV1 pid=1351353)[0m  'sandbox_fusion': {'max_concurrent': None,
[36m(TaskRunnerV1 pid=1351353)[0m                     'memory_limit_mb': None,
[36m(TaskRunnerV1 pid=1351353)[0m                     'url': None},
[36m(TaskRunnerV1 pid=1351353)[0m  'skip': {'_target_': 'verl.utils.skip.SkipManagerConfig',[36m(TaskRunnerV1 pid=1351353)[0m /data2/hjk/projects/verl/verl/trainer/ppo/v1/trainer_base.py:114: UserWarning: Disabled critic as algorithm.adv_estimator != gae. If it is not intended, please set critic.enable=True
[36m(TaskRunnerV1 pid=1351353)[0m   self.use_critic = need_critic(self.config)
[36m(TaskRunnerV1 pid=1351353)[0m Filtering prompts longer than 4096 tokens (num_proc=1):   0%|          | 0/200 [00:00<?, ? examples/s]
[36m(TaskRunnerV1 pid=1351353)[0m Filtering prompts longer than 4096 tokens (num_proc=1): 100%|██████████| 200/200 [00:06<00:00, 32.45 examples/s]
[36m(TaskRunnerV1 pid=1351353)[0m Filtering prompts longer than 4096 tokens (num_proc=1): 100%|██████████| 200/200 [00:06<00:00, 31.74 examples/s]
[36m(TaskRunnerV1 pid=1351353)[0m Filtering prompts longer than 4096 tokens (num_proc=1):   0%|          | 0/128 [00:00<?, ? examples/s]
[36m(TaskRunnerV1 pid=1351353)[0m Filtering prompts longer than 4096 tokens (num_proc=1): 100%|██████████| 128/128 [00:02<00:00, 51.87 examples/s]
[36m(TaskRunnerV1 pid=1351353)[0m Filtering prompts longer than 4096 tokens (num_proc=1): 100%|██████████| 128/128 [00:02<00:00, 49.06 examples/s]
[36m(TaskRunnerV1 pid=1351353)[0m INFO:2026-07-06 06:04:38,052:train and validate dataloader initialized, train dataset size: 198, val dataset size: 128
[36m(TaskRunnerV1 pid=1351353)[0m INFO:2026-07-06 06:04:38,053:Total training steps: 50
[36m(TaskRunnerV1 pid=1351353)[0m /data2/hjk/projects/verl/verl/trainer/ppo/v1/trainer_base.py:597: UserWarning: Disabled critic as algorithm.adv_estimator != gae. If it is not intended, please set critic.enable=True
[36m(TaskRunnerV1 pid=1351353)[0m   if need_critic(config):
[36m(TaskRunnerV1 pid=1351353)[0m INFO:2026-07-06 06:04:38,066:worker group kwargs: {'device_name': 'cuda'}
[36m(TaskRunnerV1 pid=1351353)[0m INFO:2026-07-06 06:04:39,103:create worker group dict_keys(['actor_rollout'])
[36m(pid=1352787)[0m /data2/hjk/envs/verl_qwen3vl_py311/lib/python3.11/site-packages/transformers/utils/hub.py:110: FutureWarning: Using `TRANSFORMERS_CACHE` is deprecated and will be removed in v5 of Transformers. Use `HF_HOME` instead.
[36m(pid=1352787)[0m   warnings.warn(
[36m(WorkerDict pid=1352787)[0m /data2/hjk/projects/verl/verl/workers/engine/mindspeed/transformer_impl.py:24: UserWarning: NPU not support router replay for now.
[36m(WorkerDict pid=1352787)[0m   from verl.utils.megatron.router_replay_patch import RouterReplay
[36m(WorkerDict pid=1352787)[0m `torch_dtype` is deprecated! Use `dtype` instead!
[36m(WorkerDict pid=1352787)[0m Loading checkpoint shards:   0%|          | 0/4 [00:00<?, ?it/s]
[36m(WorkerDict pid=1352787)[0m Loading checkpoint shards:  25%|██▌       | 1/4 [00:04<00:12,  4.33s/it]
[36m(WorkerDict pid=1352787)[0m Loading checkpoint shards:  50%|█████     | 2/4 [00:08<00:08,  4.15s/it]
[36m(WorkerDict pid=1352787)[0m Loading checkpoint shards:  75%|███████▌  | 3/4 [00:12<00:04,  4.13s/it]
[36m(WorkerDict pid=1352787)[0m Loading checkpoint shards: 100%|██████████| 4/4 [00:14<00:00,  3.43s/it]Loading checkpoint shards: 100%|██████████| 4/4 [00:14<00:00,  3.70s/it]
[36m(TaskRunnerV1 pid=1351353)[0m INFO:2026-07-06 06:05:15,671:actor and ref model engine initialized
[36m(TaskRunnerV1 pid=1351353)[0m INFO:2026-07-06 06:05:15,746:reward loop manager initialized
[36m(pid=1353417)[0m /data2/hjk/envs/verl_qwen3vl_py311/lib/python3.11/site-packages/transformers/utils/hub.py:110: FutureWarning: Using `TRANSFORMERS_CACHE` is deprecated and will be removed in v5 of Transformers. Use `HF_HOME` instead.
[36m(pid=1353417)[0m   warnings.warn(
[36m(pid=1353475)[0m /data2/hjk/envs/verl_qwen3vl_py311/lib/python3.11/site-packages/transformers/utils/hub.py:110: FutureWarning: Using `TRANSFORMERS_CACHE` is deprecated and will be removed in v5 of Transformers. Use `HF_HOME` instead.
[36m(pid=1353475)[0m   warnings.warn(
[36m(vLLMHttpServer pid=1353475)[0m WARNING:2026-07-06 06:05:27,432:agent loop only support torch and npu profiler, got None
[36m(vLLMHttpServer pid=1353475)[0m INFO:2026-07-06 06:05:27,432:vLLMHttpServer, replica_rank: 0, node_rank: 0, CUDA_VISIBLE_DEVICES: 0, master_address: 202.120.39.159, master_port: 36223, data_parallel_rpc_port: 39077, data_parallel_master_port: 37937
[36m(vLLMHttpServer pid=1353475)[0m INFO:2026-07-06 06:05:27,441:override_generation_config: {'temperature': 1.0, 'top_k': -1, 'top_p': 1.0, 'repetition_penalty': 1.0, 'max_new_tokens': 16384}
[36m(vLLMHttpServer pid=1353475)[0m INFO:2026-07-06 06:05:27,442:enable_sleep_mode: True
[36m(vLLMHttpServer pid=1353475)[0m `torch_dtype` is deprecated! Use `dtype` instead!

[36m(TaskRunnerV1 pid=1351353)[0m           'async_rollout': {'action': 'cache',
[36m(TaskRunnerV1 pid=1351353)[0m                             'dump_dir': '~/.verl/rollout_dump',
[36m(TaskRunnerV1 pid=1351353)[0m                             'enable': False,
[36m(TaskRunnerV1 pid=1351353)[0m                             'steps': []},
[36m(TaskRunnerV1 pid=1351353)[0m           'rollout': {'action': 'cache',
[36m(TaskRunnerV1 pid=1351353)[0m                       'dump_dir': '~/.verl/rollout_dump',
[36m(TaskRunnerV1 pid=1351353)[0m                       'enable': False,
[36m(TaskRunnerV1 pid=1351353)[0m                       'steps': []}},
[36m(TaskRunnerV1 pid=1351353)[0m  'trainer': {'balance_batch': True,
[36m(TaskRunnerV1 pid=1351353)[0m              'critic_warmup': 0,
[36m(TaskRunnerV1 pid=1351353)[0m              'default_hdfs_dir': None,
[36m(TaskRunnerV1 pid=1351353)[0m              'default_local_dir': '/data2/hjk/checkpoints/verl_qwen3vl/qwen3vl8b_stage3_c2_zscore_pilot_trainonly_prompt4096_seed42',
[36m(TaskRunnerV1 pid=1351353)[0m              'del_local_ckpt_after_load': False,
[36m(TaskRunnerV1 pid=1351353)[0m              'device': 'cuda',
[36m(TaskRunnerV1 pid=1351353)[0m              'esi_redundant_time': 0,
[36m(TaskRunnerV1 pid=1351353)[0m              'experiment_name': 'qwen3vl8b_stage3_c2_zscore_pilot_trainonly_prompt4096_seed42',
[36m(TaskRunnerV1 pid=1351353)[0m              'log_val_generations': 16,
[36m(TaskRunnerV1 pid=1351353)[0m              'logger': ['console'],
[36m(TaskRunnerV1 pid=1351353)[0m              'max_actor_ckpt_to_keep': None,
[36m(TaskRunnerV1 pid=1351353)[0m              'max_critic_ckpt_to_keep': None,
[36m(TaskRunnerV1 pid=1351353)[0m              'n_gpus_per_node': 1,
[36m(TaskRunnerV1 pid=1351353)[0m              'nnodes': 1,
[36m(TaskRunnerV1 pid=1351353)[0m              'project_name': 'qwen3vl_stage3_pilot',
[36m(TaskRunnerV1 pid=1351353)[0m              'ray_wait_register_center_timeout': 300,
[36m(TaskRunnerV1 pid=1351353)[0m              'resume_from_path': None,
[36m(TaskRunnerV1 pid=1351353)[0m              'resume_mode': 'auto',
[36m(TaskRunnerV1 pid=1351353)[0m              'rollout_data_dir': None,
[36m(TaskRunnerV1 pid=1351353)[0m              'save_freq': -1,
[36m(TaskRunnerV1 pid=1351353)[0m              'test_freq': -1,
[36m(TaskRunnerV1 pid=1351353)[0m              'total_epochs': 1,
[36m(TaskRunnerV1 pid=1351353)[0m              'total_training_steps': 50,
[36m(TaskRunnerV1 pid=1351353)[0m              'use_v1': True,
[36m(TaskRunnerV1 pid=1351353)[0m              'v1': {'colocate_async': {'num_warmup_batches': 1},
[36m(TaskRunnerV1 pid=1351353)[0m                     'sampler': {'custom_sampler': {'name': None, 'path': None},
[36m(TaskRunnerV1 pid=1351353)[0m                                 'max_off_policy_strategy': 'drop',
[36m(TaskRunnerV1 pid=1351353)[0m                                 'max_off_policy_threshold': 8,
[36m(TaskRunnerV1 pid=1351353)[0m                                 'sampler_kwargs': {}},
[36m(TaskRunnerV1 pid=1351353)[0m                     'separate_async': {'num_warmup_batches': 4,
[36m(TaskRunnerV1 pid=1351353)[0m                                        'parameter_sync_step': 4},
[36m(TaskRunnerV1 pid=1351353)[0m                     'sync': {},
[36m(TaskRunnerV1 pid=1351353)[0m                     'trainer_mode': 'sync'},
[36m(TaskRunnerV1 pid=1351353)[0m              'val_before_train': False,
[36m(TaskRunnerV1 pid=1351353)[0m              'val_only': False,
[36m(TaskRunnerV1 pid=1351353)[0m              'validation_data_dir': '/data2/hjk/projects/AI-HiddenState-ER/rl_audit/qwen3vl8b_stage3_c2_zscore_pilot_trainonly_prompt4096_seed42/validation_generations'},
[36m(TaskRunnerV1 pid=1351353)[0m  'transfer_queue': {'backend': {'MooncakeStore': {'auto_init': False,
[36m(TaskRunnerV1 pid=1351353)[0m                                                   'device_name': '',
[36m(TaskRunnerV1 pid=1351353)[0m                                                   'global_segment_size': 4294967296,
[36m(TaskRunnerV1 pid=1351353)[0m                                                   'local_buffer_size': 1073741824,
[36m(TaskRunnerV1 pid=1351353)[0m                                                   'local_hostname': 'localhost',
[36m(TaskRunnerV1 pid=1351353)[0m                                                   'master_server_address': 'localhost:50124',
[36m(TaskRunnerV1 pid=1351353)[0m                                                   'metadata_server': 'localhost:50123',
[36m(TaskRunnerV1 pid=1351353)[0m                                                   'protocol': 'tcp'},
[36m(TaskRunnerV1 pid=1351353)[0m                                 'SimpleStorage': {'num_data_storage_units': 8,
[36m(TaskRunnerV1 pid=1351353)[0m                                                   'total_storage_size': 100000},
[36m(TaskRunnerV1 pid=1351353)[0m                                 'storage_backend': 'SimpleStorage'},
[36m(TaskRunnerV1 pid=1351353)[0m                     'enable': True,
[36m(TaskRunnerV1 pid=1351353)[0m                     'metrics': {'enabled': False, 'port': 0}}}
[36m(TaskRunnerV1 pid=1351353)[0m Using dataset class: RLHFDataset
[36m(TaskRunnerV1 pid=1351353)[0m dataset len: 200
[36m(TaskRunnerV1 pid=1351353)[0m filter dataset len: 198
[36m(TaskRunnerV1 pid=1351353)[0m Using dataset class: RLHFDataset
[36m(TaskRunnerV1 pid=1351353)[0m dataset len: 128
[36m(TaskRunnerV1 pid=1351353)[0m filter dataset len: 128
[36m(TaskRunnerV1 pid=1351353)[0m colocated worker base class <class 'verl.single_controller.base.worker.Worker'>
[36m(WorkerDict pid=1352787)[0m [Gloo] Rank 0 is connected to 0 peer ranks. Expected number of connected peer ranks is : 0
[36m(WorkerDict pid=1352787)[0m Warning: Failed to set NUMA affinity: libnuma.so: cannot open shared object file: No such file or directory
[36m(WorkerDict pid=1352787)[0m Monkey patch Qwen3VLForConditionalGeneration model forward
[36m(WorkerDict pid=1352787)[0m Monkey patch _flash_attention_forward in transformers.integrations.flash_attention
[36m(WorkerDict pid=1352787)[0m Skipping monkey patch for Qwen3VLForConditionalGeneration as use_fused_kernels is False or fused_kernels_backend is torch
[36m(WorkerDict pid=1352787)[0m PeftModelForCausalLM contains 8.79B parameters
[36m(WorkerDict pid=1352787)[0m Before FSDP, memory allocated (GB): 0.00, memory reserved (GB): 0.00, device memory used/total (GB): 0.51/139.80
[36m(WorkerDict pid=1352787)[0m After FSDP, memory allocated (GB): 32.76, memory reserved (GB): 37.64, device memory used/total (GB): 38.79/139.80
[36m(WorkerDict pid=1352787)[0m Total steps: 50, num_warmup_steps: 0
[36m(WorkerDict pid=1352787)[0m NCCL version 2.27.3+cuda12.9
[36m(WorkerDict pid=1352787)[0m [Gloo] Rank 0 is connected to 0 peer ranks. Expected number of connected peer ranks is : 0
[36m(WorkerDict pid=1352787)[0m [Gloo] Rank 0 is connected to 0 peer ranks. Expected number of connected peer ranks is : 0
[36m(WorkerDict pid=1352787)[0m [Gloo] Rank 0 is connected to 0 peer ranks. Expected number of connected peer ranks is : 0
[36m(TaskRunnerV1 pid=1351353)[0m WARNING 07-06 06:05:18 [api_server.py:1213] LoRA dynamic loading & unloading is enabled in the API server. This should ONLY be used for local development!
[36m(pid=1353475)[0m WARNING 07-06 06:05:26 [api_server.py:1213] LoRA dynamic loading & unloading is enabled in the API server. This should ONLY be used for local development!
[36m(vLLMHttpServer pid=1353475)[0m ['serve',
[36m(vLLMHttpServer pid=1353475)[0m  '/data2/hjk/models/huggingface/hub/models--Qwen--Qwen3-VL-8B-Thinking/snapshots/92f3c4b4feadd3a016ef468d103bb5f58b2a2c6b',
[36m(vLLMHttpServer pid=1353475)[0m  '--dtype',
[36m(vLLMHttpServer pid=1353475)[0m  'bfloat16',
[36m(vLLMHttpServer pid=1353475)[0m  '--load_format',
[36m(vLLMHttpServer pid=1353475)[0m  'dummy',
[36m(vLLMHttpServer pid=1353475)[0m  '--distributed_executor_backend',
[36m(vLLMHttpServer pid=1353475)[0m  'mp',
[36m(vLLMHttpServer pid=1353475)[0m  '--worker_extension_cls',[36m(vLLMHttpServer pid=1353475)[0m /data2/hjk/envs/verl_qwen3vl_py311/lib/python3.11/site-packages/transformers/utils/hub.py:110: FutureWarning: Using `TRANSFORMERS_CACHE` is deprecated and will be removed in v5 of Transformers. Use `HF_HOME` instead.
[36m(vLLMHttpServer pid=1353475)[0m   warnings.warn(
[36m(vLLMHttpServer pid=1353475)[0m /data2/hjk/envs/verl_qwen3vl_py311/lib/python3.11/site-packages/transformers/utils/hub.py:110: FutureWarning: Using `TRANSFORMERS_CACHE` is deprecated and will be removed in v5 of Transformers. Use `HF_HOME` instead.
[36m(vLLMHttpServer pid=1353475)[0m   warnings.warn(
[36m(vLLMHttpServer pid=1353475)[0m [1;36m(Worker pid=1353722)[0;0m Capturing CUDA graphs (mixed prefill-decode, PIECEWISE):   0%|          | 0/4 [00:00<?, ?it/s]
[36m(vLLMHttpServer pid=1353475)[0m Capturing CUDA graphs (mixed prefill-decode, PIECEWISE):  75%|███████▌  | 3/4 [00:00<00:00, 22.47it/s]
[36m(vLLMHttpServer pid=1353475)[0m Capturing CUDA graphs (mixed prefill-decode, PIECEWISE): 100%|██████████| 4/4 [00:00<00:00, 21.74it/s]
[36m(vLLMHttpServer pid=1353475)[0m [1;36m(Worker pid=1353722)[0;0m Capturing CUDA graphs (decode, FULL):   0%|          | 0/3 [00:00<?, ?it/s]Capturing CUDA graphs (decode, FULL): 100%|██████████| 3/3 [00:00<00:00, 30.36it/s]
[36m(vLLMHttpServer pid=1353475)[0m INFO:2026-07-06 06:06:29,795:Initializing a V1 LLM engine with config: model='/data2/hjk/models/huggingface/hub/models--Qwen--Qwen3-VL-8B-Thinking/snapshots/92f3c4b4feadd3a016ef468d103bb5f58b2a2c6b', speculative_config=None, tokenizer='/data2/hjk/models/huggingface/hub/models--Qwen--Qwen3-VL-8B-Thinking/snapshots/92f3c4b4feadd3a016ef468d103bb5f58b2a2c6b', skip_tokenizer_init=False, tokenizer_mode=auto, revision=None, tokenizer_revision=None, trust_remote_code=False, dtype=torch.bfloat16, max_seq_len=20480, download_dir=None, load_format=dummy, tensor_parallel_size=1, pipeline_parallel_size=1, data_parallel_size=1, disable_custom_all_reduce=False, quantization=None, enforce_eager=False, kv_cache_dtype=auto, device_config=cuda, structured_outputs_config=StructuredOutputsConfig(backend='auto', disable_fallback=False, disable_any_whitespace=False, disable_additional_properties=False, reasoning_parser=''), observability_config=ObservabilityConfig(show_hidden_metrics_for_version=None, otlp_traces_endpoint=None, collect_detailed_traces=None), seed=42, served_model_name=/data2/hjk/models/huggingface/hub/models--Qwen--Qwen3-VL-8B-Thinking/snapshots/92f3c4b4feadd3a016ef468d103bb5f58b2a2c6b, enable_prefix_caching=True, chunked_prefill_enabled=True, pooler_config=None, compilation_config={"level":3,"debug_dump_path":"","cache_dir":"","backend":"","custom_ops":[],"splitting_ops":["vllm.unified_attention","vllm.unified_attention_with_output","vllm.mamba_mixer2","vllm.mamba_mixer","vllm.short_conv","vllm.linear_attention","vllm.plamo2_mamba_mixer","vllm.gdn_attention","vllm.sparse_attn_indexer"],"use_inductor":true,"compile_sizes":[],"inductor_compile_config":{"enable_auto_functionalized_v2":false},"inductor_passes":{},"cudagraph_mode":[2,1],"use_cudagraph":true,"cudagraph_num_of_warmups":1,"cudagraph_capture_sizes":[8,4,2,1],"cudagraph_copy_inputs":false,"full_cuda_graph":false,"use_inductor_graph_partition":false,"pass_config":{},"max_capture_size":8,"local_cache_dir":null}
[36m(TaskRunnerV1 pid=1351353)[0m INFO:2026-07-06 06:06:30,127:checkpoint engine manager initialized
[36m(TaskRunnerV1 pid=1351353)[0m INFO:2026-07-06 06:06:30,738:Training from scratch
[36m(TaskRunnerV1 pid=1351353)[0m INFO:2026-07-06 06:06:30,738:all initialize finished, ready to fit
[36m(GlobalRequestLoadBalancer pid=1354585)[0m /data2/hjk/envs/verl_qwen3vl_py311/lib/python3.11/site-packages/transformers/utils/hub.py:110: FutureWarning: Using `TRANSFORMERS_CACHE` is deprecated and will be removed in v5 of Transformers. Use `HF_HOME` instead.
[36m(GlobalRequestLoadBalancer pid=1354585)[0m   warnings.warn(
[36m(WorkerDict pid=1352787)[0m INFO:2026-07-06 06:06:56,470:update_weights done, time cost: 1.06s
[36m(TaskRunnerV1 pid=1351353)[0m Training Progress:   0%|          | 0/50 [00:00<?, ?it/s]
[36m(pid=1355057)[0m /data2/hjk/envs/verl_qwen3vl_py311/lib/python3.11/site-packages/transformers/utils/hub.py:110: FutureWarning: Using `TRANSFORMERS_CACHE` is deprecated and will be removed in v5 of Transformers. Use `HF_HOME` instead.
[36m(pid=1355057)[0m   warnings.warn(
[36m(pid=1355058)[0m /data2/hjk/envs/verl_qwen3vl_py311/lib/python3.11/site-packages/transformers/utils/hub.py:110: FutureWarning: Using `TRANSFORMERS_CACHE` is deprecated and will be removed in v5 of Transformers. Use `HF_HOME` instead.
[36m(pid=1355058)[0m   warnings.warn(
[36m(pid=1355059)[0m /data2/hjk/envs/verl_qwen3vl_py311/lib/python3.11/site-packages/transformers/utils/hub.py:110: FutureWarning: Using `TRANSFORMERS_CACHE` is deprecated and will be removed in v5 of Transformers. Use `HF_HOME` instead.
[36m(pid=1355059)[0m   warnings.warn(
[36m(pid=1355060)[0m /data2/hjk/envs/verl_qwen3vl_py311/lib/python3.11/site-packages/transformers/utils/hub.py:110: FutureWarning: Using `TRANSFORMERS_CACHE` is deprecated and will be removed in v5 of Transformers. Use `HF_HOME` instead.
[36m(pid=1355060)[0m   warnings.warn(
[36m(pid=1355056)[0m /data2/hjk/envs/verl_qwen3vl_py311/lib/python3.11/site-packages/transformers/utils/hub.py:110: FutureWarning: Using `TRANSFORMERS_CACHE` is deprecated and will be removed in v5 of Transformers. Use `HF_HOME` instead.
[36m(pid=1355056)[0m   warnings.warn(
[36m(pid=1355061)[0m /data2/hjk/envs/verl_qwen3vl_py311/lib/python3.11/site-packages/transformers/utils/hub.py:110: FutureWarning: Using `TRANSFORMERS_CACHE` is deprecated and will be removed in v5 of Transformers. Use `HF_HOME` instead.
[36m(pid=1355061)[0m   warnings.warn(
[36m(pid=1355062)[0m /data2/hjk/envs/verl_qwen3vl_py311/lib/python3.11/site-packages/transformers/utils/hub.py:110: FutureWarning: Using `TRANSFORMERS_CACHE` is deprecated and will be removed in v5 of Transformers. Use `HF_HOME` instead.
[36m(pid=1355062)[0m   warnings.warn(
[36m(pid=1355063)[0m /data2/hjk/envs/verl_qwen3vl_py311/lib/python3.11/site-packages/transformers/utils/hub.py:110: FutureWarning: Using `TRANSFORMERS_CACHE` is deprecated and will be removed in v5 of Transformers. Use `HF_HOME` instead.
[36m(pid=1355063)[0m   warnings.warn(
[36m(pid=1355060)[0m /data2/hjk/projects/verl/verl/workers/engine/mindspeed/transformer_impl.py:24: UserWarning: NPU not support router replay for now.
[36m(pid=1355060)[0m   from verl.utils.megatron.router_replay_patch import RouterReplay
[36m(pid=1355057)[0m /data2/hjk/projects/verl/verl/workers/engine/mindspeed/transformer_impl.py:24: UserWarning: NPU not support router replay for now.
[36m(pid=1355057)[0m   from verl.utils.megatron.router_replay_patch import RouterReplay
[36m(pid=1355058)[0m /data2/hjk/projects/verl/verl/workers/engine/mindspeed/transformer_impl.py:24: UserWarning: NPU not support router replay for now.
[36m(pid=1355058)[0m   from verl.utils.megatron.router_replay_patch import RouterReplay
[36m(pid=1355059)[0m /data2/hjk/projects/verl/verl/workers/engine/mindspeed/transformer_impl.py:24: UserWarning: NPU not support router replay for now.
[36m(pid=1355059)[0m   from verl.utils.megatron.router_replay_patch import RouterReplay
[36m(pid=1355056)[0m /data2/hjk/projects/verl/verl/workers/engine/mindspeed/transformer_impl.py:24: UserWarning: NPU not support router replay for now.
[36m(pid=1355056)[0m   from verl.utils.megatron.router_replay_patch import RouterReplay
[36m(pid=1355061)[0m /data2/hjk/projects/verl/verl/workers/engine/mindspeed/transformer_impl.py:24: UserWarning: NPU not support router replay for now.
[36m(pid=1355061)[0m   from verl.utils.megatron.router_replay_patch import RouterReplay
[36m(pid=1355062)[0m /data2/hjk/projects/verl/verl/workers/engine/mindspeed/transformer_impl.py:24: UserWarning: NPU not support router replay for now.
[36m(pid=1355062)[0m   from verl.utils.megatron.router_replay_patch import RouterReplay
[36m(pid=1355063)[0m /data2/hjk/projects/verl/verl/workers/engine/mindspeed/transformer_impl.py:24: UserWarning: NPU not support router replay for now.
[36m(pid=1355063)[0m   from verl.utils.megatron.router_replay_patch import RouterReplay
[36m(AgentLoopWorkerTQ pid=1355057)[0m Using blocking ray.get inside async actor. This blocks the event loop. Please use `await` on object ref with asyncio.gather if you want to yield execution to the event loop instead.
[36m(AgentLoopWorkerTQ pid=1355058)[0m Using blocking ray.get inside async actor. This blocks the event loop. Please use `await` on object ref with asyncio.gather if you want to yield execution to the event loop instead.
[36m(AgentLoopWorkerTQ pid=1355060)[0m Using blocking ray.get inside async actor. This blocks the event loop. Please use `await` on object ref with asyncio.gather if you want to yield execution to the event loop instead.
[36m(AgentLoopWorkerTQ pid=1355056)[0m Using blocking ray.get inside async actor. This blocks the event loop. Please use `await` on object ref with asyncio.gather if you want to yield execution to the event loop instead.
[36m(AgentLoopWorkerTQ pid=1355061)[0m Using blocking ray.get inside async actor. This blocks the event loop. Please use `await` on object ref with asyncio.gather if you want to yield execution to the event loop instead.
[36m(AgentLoopWorkerTQ pid=1355062)[0m Using blocking ray.get inside async actor. This blocks the event loop. Please use `await` on object ref with asyncio.gather if you want to yield execution to the event loop instead.
[36m(AgentLoopWorkerTQ pid=1355063)[0m Using blocking ray.get inside async actor. This blocks the event loop. Please use `await` on object ref with asyncio.gather if you want to yield execution to the event loop instead.
[36m(AgentLoopWorkerTQ pid=1355059)[0m Using blocking ray.get inside async actor. This blocks the event loop. Please use `await` on object ref with asyncio.gather if you want to yield execution to the event loop instead.
[36m(RewardLoopWorker pid=1353417)[0m `torch_dtype` is deprecated! Use `dtype` instead!
[36m(RewardLoopWorker pid=1353417)[0m Loading checkpoint shards:   0%|          | 0/4 [00:00<?, ?it/s]Loading checkpoint shards: 100%|██████████| 4/4 [00:00<00:00, 67.17it/s]
[36m(WorkerDict pid=1352787)[0m Using blocking ray.get inside async actor. This blocks the event loop. Please use `await` on object ref with asyncio.gather if you want to yield execution to the event loop instead.
[36m(WorkerDict pid=1352787)[0m INFO:2026-07-06 06:08:36,878:update_weights done, time cost: 1.03s

[36m(vLLMHttpServer pid=1353475)[0m  'verl.workers.rollout.vllm_rollout.utils.vLLMColocateWorkerExtension',
[36m(vLLMHttpServer pid=1353475)[0m  '--max_model_len',
[36m(vLLMHttpServer pid=1353475)[0m  '20480',
[36m(vLLMHttpServer pid=1353475)[0m  '--max_num_seqs',
[36m(vLLMHttpServer pid=1353475)[0m  '4',
[36m(vLLMHttpServer pid=1353475)[0m  '--max_num_batched_tokens',
[36m(vLLMHttpServer pid=1353475)[0m  '20480',
[36m(vLLMHttpServer pid=1353475)[0m  '--enable_prefix_caching',
[36m(vLLMHttpServer pid=1353475)[0m  '--enable_sleep_mode',
[36m(vLLMHttpServer pid=1353475)[0m  '--logprobs_mode',
[36m(vLLMHttpServer pid=1353475)[0m  'processed_logprobs',
[36m(vLLMHttpServer pid=1353475)[0m  '--gpu_memory_utilization',
[36m(vLLMHttpServer pid=1353475)[0m  '0.5',
[36m(vLLMHttpServer pid=1353475)[0m  '--disable_log_stats',
[36m(vLLMHttpServer pid=1353475)[0m  '--tensor_parallel_size',
[36m(vLLMHttpServer pid=1353475)[0m  '1',
[36m(vLLMHttpServer pid=1353475)[0m  '--seed',
[36m(vLLMHttpServer pid=1353475)[0m  '42',
[36m(vLLMHttpServer pid=1353475)[0m  '--override_generation_config',
[36m(vLLMHttpServer pid=1353475)[0m  '{"temperature": 1.0, "top_k": -1, "top_p": 1.0, "repetition_penalty": 1.0, '
[36m(vLLMHttpServer pid=1353475)[0m  '"max_new_tokens": 16384}',
[36m(vLLMHttpServer pid=1353475)[0m  '--hf_overrides',
[36m(vLLMHttpServer pid=1353475)[0m  '{}',
[36m(vLLMHttpServer pid=1353475)[0m  '--scheduling_policy',
[36m(vLLMHttpServer pid=1353475)[0m  'fcfs',
[36m(vLLMHttpServer pid=1353475)[0m  '--compilation_config',
[36m(vLLMHttpServer pid=1353475)[0m  '{"cudagraph_mode": "FULL_AND_PIECEWISE"}']
[36m(vLLMHttpServer pid=1353475)[0m WARNING 07-06 06:05:28 [__init__.py:3036] We must use the `spawn` multiprocessing start method. Overriding VLLM_WORKER_MULTIPROC_METHOD to 'spawn'. See https://docs.vllm.ai/en/latest/usage/troubleshooting.html#python-multiprocessing for more information. Reasons: In a Ray actor and can only be spawned; CUDA is initialized
[36m(vLLMHttpServer pid=1353475)[0m [Gloo] Rank 0 is connected to 0 peer ranks. Expected number of connected peer ranks is : 0
[36m(vLLMHttpServer pid=1353475)[0m [Gloo] Rank 0 is connected to 0 peer ranks. Expected number of connected peer ranks is : 0
[36m(vLLMHttpServer pid=1353475)[0m [Gloo] Rank 0 is connected to 0 peer ranks. Expected number of connected peer ranks is : 0
[36m(vLLMHttpServer pid=1353475)[0m [Gloo] Rank 0 is connected to 0 peer ranks. Expected number of connected peer ranks is : 0
[36m(vLLMHttpServer pid=1353475)[0m [Gloo] Rank 0 is connected to 0 peer ranks. Expected number of connected peer ranks is : 0
[36m(vLLMHttpServer pid=1353475)[0m [Gloo] Rank 0 is connected to 0 peer ranks. Expected number of connected peer ranks is : 0
[36m(vLLMHttpServer pid=1353475)[0m WARNING 07-06 06:06:29 [model.py:1389] Default sampling parameters have been overridden by the model's Hugging Face generation config recommended from the model creator. If this is not intended, please relaunch vLLM instance with `--generation-config vllm`.
[36m(TaskRunnerV1 pid=1351353)[0m LLMServerManager: ['202.120.39.159:33473']
[36m(TaskRunnerV1 pid=1351353)[0m Checkpoint tracker file does not exist: /data2/hjk/checkpoints/verl_qwen3vl/qwen3vl8b_stage3_c2_zscore_pilot_trainonly_prompt4096_seed42/latest_checkpointed_iteration.txt
[36m(WorkerDict pid=1352787)[0m WARNING 07-06 06:06:30 [api_server.py:1213] LoRA dynamic loading & unloading is enabled in the API server. This should ONLY be used for local development!
[36m(GlobalRequestLoadBalancer pid=1354585)[0m WARNING 07-06 06:06:38 [api_server.py:1213] LoRA dynamic loading & unloading is enabled in the API server. This should ONLY be used for local development!
[36m(AgentLoopWorkerTQ pid=1355057)[0m Using dataset class: RLHFDataset
[36m(AgentLoopWorkerTQ pid=1355058)[0m Using dataset class: RLHFDataset
[36m(AgentLoopWorkerTQ pid=1355060)[0m Using dataset class: RLHFDataset
[36m(AgentLoopWorkerTQ pid=1355059)[0m Using dataset class: RLHFDataset
[36m(AgentLoopWorkerTQ pid=1355062)[0m Using dataset class: RLHFDataset
[36m(AgentLoopWorkerTQ pid=1355063)[0m Using dataset class: RLHFDataset
[36m(AgentLoopWorkerTQ pid=1355056)[0m Using dataset class: RLHFDataset
[36m(AgentLoopWorkerTQ pid=1355061)[0m Using dataset class: RLHFDataset
[36m(AgentLoopWorkerTQ pid=1355056)[0m WARNING 07-06 06:07:06 [api_server.py:1213] LoRA dynamic loading & unloading is enabled in the API server. This should ONLY be used for local development!
[36m(RewardLoopWorker pid=1353417)[0m [qwen3vl_option_gain_reward] loaded probe model path=/data2/hjk/models/huggingface/hub/models--Qwen--Qwen3-VL-8B-Thinking/snapshots/92f3c4b4feadd3a016ef468d103bb5f58b2a2c6b device=cuda dtype=torch.bfloat16 label_token_ids={'A': 32, 'B': 33, 'C': 34, 'D': 35}
[36m(TaskRunnerV1 pid=1351353)[0m [qwen3vl_c2_zscore_v1] diagnostics {'c2_groups_total': 2.0, 'c2_groups_with_nonzero_b_gain_std': 0.0, 'c2_frac_groups_with_nonzero_b_gain_std': 0.0, 'c2_groups_where_b_gain_changes_ranking': 0.0, 'c2_frac_groups_where_b_gain_changes_ranking': 0.0, 'c2_all_same_answer_groups': 2.0, 'c2_all_same_answer_groups_with_b_gain_ranking': 0.0, 'c2_frac_all_same_answer_groups_with_b_gain_ranking': 0.0, 'c2_within_group_corr_answer_b_gain_mean': 0.0}
[36m(TaskRunnerV1 pid=1351353)[0m step:1 - global_seqlen/min:8677 - global_seqlen/max:8677 - global_seqlen/minmax_diff:0 - global_seqlen/balanced_min:8677 - global_seqlen/balanced_max:8677 - global_seqlen/mean:8677.0 - actor/entropy:0.40758752822875977 - training/rollout_probs_diff_valid:1 - training/rollout_probs_diff_max:0.08685433864593506 - training/rollout_probs_diff_mean:0.004077241290360689 - training/rollout_probs_diff_std:0.008524519391357899 - training/rollout_actor_probs_pearson_corr:0.9995063543319702 - c2_groups_total:2.0 - c2_groups_with_nonzero_b_gain_std:0.0 - c2_frac_groups_with_nonzero_b_gain_std:0.0 - c2_groups_where_b_gain_changes_ranking:0.0 - c2_frac_groups_where_b_gain_changes_ranking:0.0 - c2_all_same_answer_groups:2.0 - c2_all_same_answer_groups_with_b_gain_ranking:0.0 - c2_frac_all_same_answer_groups_with_b_gain_ranking:0.0 - c2_within_group_corr_answer_b_gain_mean:0.0 - rollout_corr/training_ppl:1.232717514038086 - rollout_corr/training_log_ppl:0.19013731181621552 - rollout_corr/kl:0.00030822763801552355 - rollout_corr/k3_kl:0.00043735976214520633 - rollout_corr/rollout_ppl:1.232516884803772 - rollout_corr/rollout_log_ppl:0.19000226259231567 - rollout_corr/log_ppl_diff:0.00013504177331924438 - rollout_corr/log_ppl_abs_diff:0.00013504177331924438 - rollout_corr/log_ppl_diff_max:0.00032955408096313477 - rollout_corr/log_ppl_diff_min:0.0 - rollout_corr/ppl_ratio:1.000135064125061 - rollout_corr/chi2_token:0.001136183738708496 - rollout_corr/chi2_seq:-0.36361557245254517 - actor/pg_clipfrac:np.float64(0.0) - actor/ppo_kl:np.float64(0.0) - actor/pg_clipfrac_lower:np.float64(0.0) - actor/pg_loss:np.float64(0.0) - actor/loss:np.float64(0.0) - actor/grad_norm:np.float64(0.0) - actor/lr:np.float64(1e-06) - actor/perf/max_memory_allocated_gb:np.float64(45.273006439208984) - actor/perf/max_memory_reserved_gb:np.float64(54.560546875) - actor/perf/cpu_memory_used_gb:np.float64(31.904090881347656) - perf/mfu/actor:np.float64(0.07674517688890856) - training/global_step:1 - training/epoch:0 - critic/score/mean:1.0 - critic/score/max:1.0 - critic/score/min:1.0 - critic/rewards/mean:1.0 - critic/rewards/max:1.0 - critic/rewards/min:1.0 - critic/advantages/mean:0.0 - critic/advantages/max:0.0 - critic/advantages/min:0.0 - critic/returns/mean:0.0 - critic/returns/max:0.0 - critic/returns/min:0.0 - response_length/mean:4151.5 - response_length/max:6815.0 - response_length/min:1488.0 - response_length/clip_ratio:0.5 - response_length_non_aborted/mean:4151.5 - response_length_non_aborted/max:6815.0 - response_length_non_aborted/min:1488.0 - response_length_non_aborted/clip_ratio:0.5 - response/aborted_ratio:0.0 - prompt_length/mean:185.0 - prompt_length/max:185.0 - prompt_length/min:185.0 - prompt_length/clip_ratio:1.0 - timing_s/gen:56.80831350997323 - timing_s/old_log_prob:2.7238539459649473 - timing_s/adv:0.12860751303378493 - timing_s/update_actor:6.361039990035351 - timing_s/update_weights:26.677143783017527 - timing_s/step:100.02432770800078 - timing_per_token_ms/adv:0.014821656451974752 - timing_per_token_ms/update_actor:0.733092081368601 - timing_per_token_ms/gen:6.84025448645072 - perf/total_num_tokens:8677 - perf/time_per_step:100.02432770800078 - perf/throughput:86.74889598189162 - training/num_turns/mean:np.float64(2.0) - training/num_turns/max:np.int64(2) - training/num_turns/min:np.int64(2) - training/off_policy/trajectory_spans/mean:np.float64(1.0) - training/off_policy/trajectory_spans/max:np.float64(1.0) - training/off_policy/trajectory_spans/min:np.float64(1.0) - training/off_policy/trajectory_staleness/mean:np.float64(0.0) - training/off_policy/trajectory_staleness/max:np.float64(0.0) - training/off_policy/trajectory_staleness/min:np.float64(0.0) - training/off_policy/trajectory_staleness_worst/mean:np.float64(0.0) - training/off_policy/trajectory_staleness_worst/max:np.float64(0.0) - training/off_policy/trajectory_staleness_worst/min:np.float64(0.0)[36m(TaskRunnerV1 pid=1351353)[0m Training Progress:   2%|▏         | 1/50 [01:40<1:21:44, 100.09s/it]
[36m(WorkerDict pid=1352787)[0m INFO:2026-07-06 06:09:18,806:update_weights done, time cost: 0.90s
[36m(TaskRunnerV1 pid=1351353)[0m Training Progress:   4%|▍         | 2/50 [02:21<52:41, 65.86s/it]   
[36m(TransferQueueController pid=1351560)[0m 2026-07-06 06:09:23,130 - INFO - transfer_queue.utils.perf_utils - TQ_CONTROLLER_7568c1bf: [Performance] Total success requests: 117, Total req/min: 23.34, Total avg process time: 0.0004s; 
[36m(TransferQueueController pid=1351560)[0m Time range: last 5.01 minutes; 
[36m(TransferQueueController pid=1351560)[0m Per-operation statistics: KV_RETRIEVE_META: req_count=36, req/min=7.18, avg_time=0.000992s, max_time=0.001618s, min_time=0.000428s; SET_CUSTOM_META: req_count=22, req/min=4.39, avg_time=0.000042s, max_time=0.000065s, min_time=0.000019s; KV_LIST: req_count=39, req/min=7.78, avg_time=0.000044s, max_time=0.000120s, min_time=0.000027s; NOTIFY_DATA_UPDATE: req_count=14, req/min=2.79, avg_time=0.000373s, max_time=0.000553s, min_time=0.000237s; CLEAR_META: req_count=4, req/min=0.80, avg_time=0.000301s, max_time=0.000339s, min_time=0.000252s; KV_RETRIEVE_KEYS: req_count=2, req/min=0.40, avg_time=0.000075s, max_time=0.000077s, min_time=0.000073s
[36m(SimpleStorageUnit pid=1351645)[0m 2026-07-06 06:09:47,676 - INFO - transfer_queue.utils.perf_utils - TQ_STORAGE_UNIT_1d0b4ae1: [Performance] Total success requests: 24, Total req/min: 4.47, Total avg process time: 0.0082s; 
[36m(SimpleStorageUnit pid=1351645)[0m Time range: last 5.37 minutes; 
[36m(SimpleStorageUnit pid=1351645)[0m Per-operation statistics: CLEAR_DATA: req_count=3, req/min=0.56, avg_time=0.008369s, max_time=0.008523s, min_time=0.008074s; PUT_DATA: req_count=11, req/min=2.05, avg_time=0.007904s, max_time=0.008376s, min_time=0.007112s; GET_DATA: req_count=10, req/min=1.86, avg_time=0.008484s, max_time=0.009658s, min_time=0.008146s
[36m(SimpleStorageUnit pid=1351628)[0m 2026-07-06 06:10:05,714 - INFO - transfer_queue.utils.perf_utils - TQ_STORAGE_UNIT_8ee867ee: [Performance] Total success requests: 23, Total req/min: 4.06, Total avg process time: 0.0081s; 
[36m(SimpleStorageUnit pid=1351628)[0m Time range: last 5.67 minutes; 
[36m(SimpleStorageUnit pid=1351628)[0m Per-operation statistics: PUT_DATA: req_count=11, req/min=1.94, avg_time=0.007843s, max_time=0.008923s, min_time=0.005893s; GET_DATA: req_count=10, req/min=1.76, avg_time=0.008272s, max_time=0.008490s, min_time=0.008124s; CLEAR_DATA: req_count=2, req/min=0.35, avg_time=0.008570s, max_time=0.008716s, min_time=0.008423s
[36m(SimpleStorageUnit pid=1351646)[0m 2026-07-06 06:10:07,212 - INFO - transfer_queue.utils.perf_utils - TQ_STORAGE_UNIT_c08a3711: [Performance] Total success requests: 24, Total req/min: 4.21, Total avg process time: 0.0084s; 
[36m(SimpleStorageUnit pid=1351646)[0m Time range: last 5.70 minutes; 
[36m(SimpleStorageUnit pid=1351646)[0m Per-operation statistics: PUT_DATA: req_count=10, req/min=1.75, avg_time=0.008240s, max_time=0.010045s, min_time=0.007267s; GET_DATA: req_count=11, req/min=1.93, avg_time=0.008516s, max_time=0.009624s, min_time=0.006869s; CLEAR_DATA: req_count=3, req/min=0.53, avg_time=0.008124s, max_time=0.008767s, min_time=0.006896s
[36m(SimpleStorageUnit pid=1351647)[0m 2026-07-06 06:10:07,989 - INFO - transfer_queue.utils.perf_utils - TQ_STORAGE_UNIT_223f75dd: [Performance] Total success requests: 25, Total req/min: 4.38, Total avg process time: 0.0085s; 
[36m(SimpleStorageUnit pid=1351647)[0m Time range: last 5.71 minutes; 
[36m(SimpleStorageUnit pid=1351647)[0m Per-operation statistics: PUT_DATA: req_count=11, req/min=1.93, avg_time=0.008466s, max_time=0.008689s, min_time=0.008018s; GET_DATA: req_count=11, req/min=1.93, avg_time=0.008597s, max_time=0.009091s, min_time=0.007261s; CLEAR_DATA: req_count=3, req/min=0.53, avg_time=0.008481s, max_time=0.009205s, min_time=0.007120s
[36m(WorkerDict pid=1352787)[0m INFO:2026-07-06 06:10:43,237:update_weights done, time cost: 1.02s

[36m(TaskRunnerV1 pid=1351353)[0m [qwen3vl_c2_zscore_v1] diagnostics {'c2_groups_total': 2.0, 'c2_groups_with_nonzero_b_gain_std': 1.0, 'c2_frac_groups_with_nonzero_b_gain_std': 0.5, 'c2_groups_where_b_gain_changes_ranking': 1.0, 'c2_frac_groups_where_b_gain_changes_ranking': 0.5, 'c2_all_same_answer_groups': 2.0, 'c2_all_same_answer_groups_with_b_gain_ranking': 1.0, 'c2_frac_all_same_answer_groups_with_b_gain_ranking': 0.5, 'c2_within_group_corr_answer_b_gain_mean': 0.0}
[36m(TaskRunnerV1 pid=1351353)[0m step:2 - global_seqlen/min:3047 - global_seqlen/max:3047 - global_seqlen/minmax_diff:0 - global_seqlen/balanced_min:3047 - global_seqlen/balanced_max:3047 - global_seqlen/mean:3047.0 - actor/entropy:0.215616375207901 - training/rollout_probs_diff_valid:1 - training/rollout_probs_diff_max:0.06217682361602783 - training/rollout_probs_diff_mean:0.003365733427926898 - training/rollout_probs_diff_std:0.00868645217269659 - training/rollout_actor_probs_pearson_corr:0.9992672204971313 - c2_groups_total:2.0 - c2_groups_with_nonzero_b_gain_std:1.0 - c2_frac_groups_with_nonzero_b_gain_std:0.5 - c2_groups_where_b_gain_changes_ranking:1.0 - c2_frac_groups_where_b_gain_changes_ranking:0.5 - c2_all_same_answer_groups:2.0 - c2_all_same_answer_groups_with_b_gain_ranking:1.0 - c2_frac_all_same_answer_groups_with_b_gain_ranking:0.5 - c2_within_group_corr_answer_b_gain_mean:0.0 - rollout_corr/training_ppl:1.1348986625671387 - rollout_corr/training_log_ppl:0.11941421031951904 - rollout_corr/kl:0.0001723219029372558 - rollout_corr/k3_kl:0.0004142490215599537 - rollout_corr/rollout_ppl:1.1348116397857666 - rollout_corr/rollout_log_ppl:0.11934833228588104 - rollout_corr/log_ppl_diff:6.588175892829895e-05 - rollout_corr/log_ppl_abs_diff:0.00036736950278282166 - rollout_corr/log_ppl_diff_max:0.0008665025234222412 - rollout_corr/log_ppl_diff_min:-0.0006029754877090454 - rollout_corr/ppl_ratio:1.0000660419464111 - rollout_corr/chi2_token:0.0013282299041748047 - rollout_corr/chi2_seq:0.6616296768188477 - actor/pg_clipfrac:np.float64(0.0) - actor/ppo_kl:np.float64(0.0) - actor/pg_clipfrac_lower:np.float64(0.0) - actor/pg_loss:np.float64(0.039032675325870514) - actor/loss:np.float64(0.039032675325870514) - actor/grad_norm:np.float64(0.07587333768606186) - actor/lr:np.float64(1e-06) - actor/perf/max_memory_allocated_gb:np.float64(45.273006439208984) - actor/perf/max_memory_reserved_gb:np.float64(59.19921875) - actor/perf/cpu_memory_used_gb:np.float64(31.918296813964844) - perf/mfu/actor:np.float64(0.1015906213716689) - training/global_step:2 - training/epoch:0 - critic/score/mean:1.0 - critic/score/max:1.2000000476837158 - critic/score/min:0.800000011920929 - critic/rewards/mean:1.0 - critic/rewards/max:1.2000000476837158 - critic/rewards/min:0.800000011920929 - critic/advantages/mean:-0.03903263062238693 - critic/advantages/max:0.7071043848991394 - critic/advantages/min:-0.7071041464805603 - critic/returns/mean:-0.03903263062238693 - critic/returns/max:0.7071043848991394 - critic/returns/min:-0.7071041464805603 - response_length/mean:1331.5 - response_length/max:1405.0 - response_length/min:1258.0 - response_length/clip_ratio:0.5 - response_length_non_aborted/mean:1331.5 - response_length_non_aborted/max:1405.0 - response_length_non_aborted/min:1258.0 - response_length_non_aborted/clip_ratio:0.5 - response/aborted_ratio:0.0 - prompt_length/mean:190.0 - prompt_length/max:190.0 - prompt_length/min:190.0 - prompt_length/clip_ratio:1.0 - timing_s/gen:12.63704472896643 - timing_s/old_log_prob:0.7959849839680828 - timing_s/adv:0.12789462198270485 - timing_s/update_actor:1.6683670159545727 - timing_s/update_weights:26.499368996999692 - timing_s/step:41.8410881080199 - timing_per_token_ms/adv:0.0419739487964243 - timing_per_token_ms/update_actor:0.5475441470149566 - timing_per_token_ms/gen:4.741855433008041 - perf/total_num_tokens:3047 - perf/time_per_step:41.8410881080199 - perf/throughput:72.82315393265227 - training/num_turns/mean:np.float64(2.0) - training/num_turns/max:np.int64(2) - training/num_turns/min:np.int64(2) - training/off_policy/trajectory_spans/mean:np.float64(1.0) - training/off_policy/trajectory_spans/max:np.float64(1.0) - training/off_policy/trajectory_spans/min:np.float64(1.0) - training/off_policy/trajectory_staleness/mean:np.float64(0.0) - training/off_policy/trajectory_staleness/max:np.float64(0.0) - training/off_policy/trajectory_staleness/min:np.float64(0.0) - training/off_policy/trajectory_staleness_worst/mean:np.float64(0.0) - training/off_policy/trajectory_staleness_worst/max:np.float64(0.0) - training/off_policy/trajectory_staleness_worst/min:np.float64(0.0)
[36m(TaskRunnerV1 pid=1351353)[0m [qwen3vl_c2_zscore_v1] diagnostics {'c2_groups_total': 2.0, 'c2_groups_with_nonzero_b_gain_std': 1.0, 'c2_frac_groups_with_nonzero_b_gain_std': 0.5, 'c2_groups_where_b_gain_changes_ranking': 0.0, 'c2_frac_groups_where_b_gain_changes_ranking': 0.0, 'c2_all_same_answer_groups': 2.0, 'c2_all_same_answer_groups_with_b_gain_ranking': 1.0, 'c2_frac_all_same_answer_groups_with_b_gain_ranking': 0.5, 'c2_within_group_corr_answer_b_gain_mean': 0.0}
[36m(TaskRunnerV1 pid=1351353)[0m step:3 - global_seqlen/min:10281 - global_seqlen/max:10281 - global_seqlen/minmax_diff:0 - global_seqlen/balanced_min:10281 - global_seqlen/balanced_max:10281 - global_seqlen/mean:10281.0 - actor/entropy:0.43408748507499695 - training/rollout_probs_diff_valid:1 - training/rollout_probs_diff_max:0.07944279909133911 - training/rollout_probs_diff_mean:0.004787525627762079 - training/rollout_probs_diff_std:0.008958530612289906 - training/rollout_actor_probs_pearson_corr:0.9994239807128906 - c2_groups_total:2.0 - c2_groups_with_nonzero_b_gain_std:1.0 - c2_frac_groups_with_nonzero_b_gain_std:0.5 - c2_groups_where_b_gain_changes_ranking:0.0 - c2_frac_groups_where_b_gain_changes_ranking:0.0 - c2_all_same_answer_groups:2.0 - c2_all_same_answer_groups_with_b_gain_ranking:1.0 - c2_frac_all_same_answer_groups_with_b_gain_ranking:0.5 - c2_within_group_corr_answer_b_gain_mean:0.0 - rollout_corr/training_ppl:1.2744499444961548 - rollout_corr/training_log_ppl:0.21877047419548035 - rollout_corr/kl:0.0003026163612958044 - rollout_corr/k3_kl:0.0004990774905309081 - rollout_corr/rollout_ppl:1.2741519212722778 - rollout_corr/rollout_log_ppl:0.21857842803001404 - rollout_corr/log_ppl_diff:0.00019205361604690552 - rollout_corr/log_ppl_abs_diff:0.00019205361604690552 - rollout_corr/log_ppl_diff_max:0.0007158815860748291 - rollout_corr/log_ppl_diff_min:0.0 - rollout_corr/ppl_ratio:1.0001921653747559 - rollout_corr/chi2_token:0.0013918876647949219 - rollout_corr/chi2_seq:-0.368198037147522 - actor/pg_clipfrac:np.float64(0.0) - actor/ppo_kl:np.float64(0.0) - actor/pg_clipfrac_lower:np.float64(0.0) - actor/pg_loss:np.float64(-0.17370352149009705) - actor/loss:np.float64(-0.17370352149009705) - actor/grad_norm:np.float64(0.0401807576417923) - actor/lr:np.float64(1e-06) - actor/perf/max_memory_allocated_gb:np.float64(47.78902721405029) - actor/perf/max_memory_reserved_gb:np.float64(59.19921875) - actor/perf/cpu_memory_used_gb:np.float64(32.02279281616211) - perf/mfu/actor:np.float64(0.08378079426214702) - training/global_step:3 - training/epoch:0 - critic/score/mean:1.0 - critic/score/max:1.2000000476837158 - critic/score/min:0.800000011920929 - critic/rewards/mean:1.0 - critic/rewards/max:1.2000000476837158 - critic/rewards/min:0.800000011920929 - critic/advantages/mean:0.17370358109474182 - critic/advantages/max:0.7071043848991394 - critic/advantages/min:-0.7071041464805603 - critic/returns/mean:0.17370358109474182 - critic/returns/max:0.7071043848991394 - critic/returns/min:-0.7071041464805603 - response_length/mean:4976.5 - response_length/max:6199.0 - response_length/min:3754.0 - response_length/clip_ratio:0.5 - response_length_non_aborted/mean:4976.5 - response_length_non_aborted/max:6199.0 - response_length_non_aborted/min:3754.0 - response_length_non_aborted/clip_ratio:0.5 - response/aborted_ratio:0.0 - prompt_length/mean:162.0 - prompt_length/max:162.0 - prompt_length/min:162.0 - prompt_length/clip_ratio:1.0 - timing_s/gen:48.79143770498922 - timing_s/old_log_prob:2.146049578965176 - timing_s/adv:0.1268709619762376 - timing_s/update_actor:6.833004696003627 - timing_s/update_weights:26.38198028295301 - timing_s/step:84.3841951849754 - timing_per_token_ms/adv:0.012340332844688025 - timing_per_token_ms/update_actor:0.6646245205722816 - timing_per_token_ms/gen:4.901199166749294 - perf/total_num_tokens:10281 - perf/time_per_step:84.3841951849754 - perf/throughput:121.83561124762059 - training/num_turns/mean:np.float64(2.0) - training/num_turns/max:np.int64(2) - training/num_turns/min:np.int64(2) - training/off_policy/trajectory_spans/mean:np.float64(1.0) - training/off_policy/trajectory_spans/max:np.float64(1.0) - training/off_policy/trajectory_spans/min:np.float64(1.0) - training/off_policy/trajectory_staleness/mean:np.float64(0.0) - training/off_policy/trajectory_staleness/max:np.float64(0.0) - training/off_policy/trajectory_staleness/min:np.float64(0.0) - training/off_policy/trajectory_staleness_worst/mean:np.float64(0.0) - training/off_policy/trajectory_staleness_worst/max:np.float64(0.0) - training/off_policy/trajectory_staleness_worst/min:np.float64(0.0)[36m(TaskRunnerV1 pid=1351353)[0m Training Progress:   6%|▌         | 3/50 [03:46<58:14, 74.35s/it]
[36m(TaskRunnerV1 pid=1351353)[0m INFO:2026-07-06 06:11:43,663:pending: 0, running: 1, finished: 0, failure: 0
[36m(TaskRunnerV1 pid=1351353)[0m INFO:2026-07-06 06:12:43,752:pending: 0, running: 0, finished: 1, failure: 0
[36m(WorkerDict pid=1352787)[0m INFO:2026-07-06 06:13:43,399:update_weights done, time cost: 1.27s
[36m(TaskRunnerV1 pid=1351353)[0m Training Progress:   8%|▊         | 4/50 [06:46<1:29:01, 116.13s/it]
[36m(WorkerDict pid=1352787)[0m INFO:2026-07-06 06:14:28,028:update_weights done, time cost: 0.91s
[36m(TransferQueueController pid=1351560)[0m 2026-07-06 06:14:28,283 - INFO - transfer_queue.utils.perf_utils - TQ_CONTROLLER_7568c1bf: [Performance] Total success requests: 196, Total req/min: 38.54, Total avg process time: 0.0003s; 
[36m(TransferQueueController pid=1351560)[0m Time range: last 5.09 minutes; 
[36m(TransferQueueController pid=1351560)[0m Per-operation statistics: KV_LIST: req_count=91, req/min=17.89, avg_time=0.000067s, max_time=0.000086s, min_time=0.000029s; KV_RETRIEVE_META: req_count=48, req/min=9.44, avg_time=0.001056s, max_time=0.001641s, min_time=0.000355s; NOTIFY_DATA_UPDATE: req_count=21, req/min=4.13, avg_time=0.000377s, max_time=0.000455s, min_time=0.000160s; SET_CUSTOM_META: req_count=28, req/min=5.51, avg_time=0.000041s, max_time=0.000049s, min_time=0.000012s; CLEAR_META: req_count=5, req/min=0.98, avg_time=0.000291s, max_time=0.000323s, min_time=0.000268s; KV_RETRIEVE_KEYS: req_count=3, req/min=0.59, avg_time=0.000066s, max_time=0.000074s, min_time=0.000061s

[36m(TaskRunnerV1 pid=1351353)[0m [qwen3vl_c2_zscore_v1] diagnostics {'c2_groups_total': 2.0, 'c2_groups_with_nonzero_b_gain_std': 1.0, 'c2_frac_groups_with_nonzero_b_gain_std': 0.5, 'c2_groups_where_b_gain_changes_ranking': 0.0, 'c2_frac_groups_where_b_gain_changes_ranking': 0.0, 'c2_all_same_answer_groups': 1.0, 'c2_all_same_answer_groups_with_b_gain_ranking': 0.0, 'c2_frac_all_same_answer_groups_with_b_gain_ranking': 0.0, 'c2_within_group_corr_answer_b_gain_mean': -1.0}
[36m(TaskRunnerV1 pid=1351353)[0m step:4 - global_seqlen/min:23764 - global_seqlen/max:23764 - global_seqlen/minmax_diff:0 - global_seqlen/balanced_min:23764 - global_seqlen/balanced_max:23764 - global_seqlen/mean:23764.0 - actor/entropy:0.38092076778411865 - training/rollout_probs_diff_valid:1 - training/rollout_probs_diff_max:0.09265798330307007 - training/rollout_probs_diff_mean:0.0038746418431401253 - training/rollout_probs_diff_std:0.008098683319985867 - training/rollout_actor_probs_pearson_corr:0.9995216131210327 - c2_groups_total:2.0 - c2_groups_with_nonzero_b_gain_std:1.0 - c2_frac_groups_with_nonzero_b_gain_std:0.5 - c2_groups_where_b_gain_changes_ranking:0.0 - c2_frac_groups_where_b_gain_changes_ranking:0.0 - c2_all_same_answer_groups:1.0 - c2_all_same_answer_groups_with_b_gain_ranking:0.0 - c2_frac_all_same_answer_groups_with_b_gain_ranking:0.0 - c2_within_group_corr_answer_b_gain_mean:-1.0 - rollout_corr/training_ppl:1.2705990076065063 - rollout_corr/training_log_ppl:0.2115200161933899 - rollout_corr/kl:0.0004782911855727434 - rollout_corr/k3_kl:0.0004050419956911355 - rollout_corr/rollout_ppl:1.2702537775039673 - rollout_corr/rollout_log_ppl:0.21129131317138672 - rollout_corr/log_ppl_diff:0.00022868812084197998 - rollout_corr/log_ppl_abs_diff:0.00022868812084197998 - rollout_corr/log_ppl_diff_max:0.0005252957344055176 - rollout_corr/log_ppl_diff_min:0.0 - rollout_corr/ppl_ratio:1.000228762626648 - rollout_corr/chi2_token:0.0006657838821411133 - rollout_corr/chi2_seq:-0.4995450973510742 - actor/pg_clipfrac:np.float64(0.0) - actor/ppo_kl:np.float64(0.0) - actor/pg_clipfrac_lower:np.float64(0.0) - actor/pg_loss:np.float64(0.21780313551425934) - actor/loss:np.float64(0.21780313551425934) - actor/grad_norm:np.float64(0.024816937744617462) - actor/lr:np.float64(1e-06) - actor/perf/max_memory_allocated_gb:np.float64(67.4983263015747) - actor/perf/max_memory_reserved_gb:np.float64(86.044921875) - actor/perf/cpu_memory_used_gb:np.float64(32.19087219238281) - perf/mfu/actor:np.float64(0.057069149870203534) - training/global_step:4 - training/epoch:0 - critic/score/mean:0.5 - critic/score/max:0.800000011920929 - critic/score/min:0.20000000298023224 - critic/rewards/mean:0.5 - critic/rewards/max:0.800000011920929 - critic/rewards/min:0.20000000298023224 - critic/advantages/mean:-0.21780307590961456 - critic/advantages/max:0.7071051001548767 - critic/advantages/min:-0.7071051001548767 - critic/returns/mean:-0.21780307590961456 - critic/returns/max:0.7071051001548767 - critic/returns/min:-0.7071051001548767 - response_length/mean:11707.0 - response_length/max:15313.0 - response_length/min:8101.0 - response_length/clip_ratio:0.5 - response_length_non_aborted/mean:11707.0 - response_length_non_aborted/max:15313.0 - response_length_non_aborted/min:8101.0 - response_length_non_aborted/clip_ratio:0.5 - response/aborted_ratio:0.0 - prompt_length/mean:173.0 - prompt_length/max:173.0 - prompt_length/min:173.0 - prompt_length/clip_ratio:1.0 - timing_s/gen:120.90383748500608 - timing_s/old_log_prob:6.625583171029575 - timing_s/adv:0.13629110500914976 - timing_s/update_actor:25.642347443965264 - timing_s/update_weights:26.682474069995806 - timing_s/step:180.100169739977 - timing_per_token_ms/adv:0.005735192097675044 - timing_per_token_ms/update_actor:1.0790417204159763 - timing_per_token_ms/gen:5.16330020007713 - perf/total_num_tokens:23764 - perf/time_per_step:180.100169739977 - perf/throughput:131.9487929095776 - training/num_turns/mean:np.float64(2.0) - training/num_turns/max:np.int64(2) - training/num_turns/min:np.int64(2) - training/off_policy/trajectory_spans/mean:np.float64(1.0) - training/off_policy/trajectory_spans/max:np.float64(1.0) - training/off_policy/trajectory_spans/min:np.float64(1.0) - training/off_policy/trajectory_staleness/mean:np.float64(0.0) - training/off_policy/trajectory_staleness/max:np.float64(0.0) - training/off_policy/trajectory_staleness/min:np.float64(0.0) - training/off_policy/trajectory_staleness_worst/mean:np.float64(0.0) - training/off_policy/trajectory_staleness_worst/max:np.float64(0.0) - training/off_policy/trajectory_staleness_worst/min:np.float64(0.0)
[36m(TaskRunnerV1 pid=1351353)[0m [qwen3vl_c2_zscore_v1] diagnostics {'c2_groups_total': 2.0, 'c2_groups_with_nonzero_b_gain_std': 0.0, 'c2_frac_groups_with_nonzero_b_gain_std': 0.0, 'c2_groups_where_b_gain_changes_ranking': 0.0, 'c2_frac_groups_where_b_gain_changes_ranking': 0.0, 'c2_all_same_answer_groups': 2.0, 'c2_all_same_answer_groups_with_b_gain_ranking': 0.0, 'c2_frac_all_same_answer_groups_with_b_gain_ranking': 0.0, 'c2_within_group_corr_answer_b_gain_mean': 0.0}
[36m(TaskRunnerV1 pid=1351353)[0m step:5 - global_seqlen/min:3428 - global_seqlen/max:3428 - global_seqlen/minmax_diff:0 - global_seqlen/balanced_min:3428 - global_seqlen/balanced_max:3428 - global_seqlen/mean:3428.0 - actor/entropy:0.1654340922832489 - training/rollout_probs_diff_valid:1 - training/rollout_probs_diff_max:0.062176406383514404 - training/rollout_probs_diff_mean:0.0030952375382184982 - training/rollout_probs_diff_std:0.009371048770844936 - training/rollout_actor_probs_pearson_corr:0.9988797903060913 - c2_groups_total:2.0 - c2_groups_with_nonzero_b_gain_std:0.0 - c2_frac_groups_with_nonzero_b_gain_std:0.0 - c2_groups_where_b_gain_changes_ranking:0.0 - c2_frac_groups_where_b_gain_changes_ranking:0.0 - c2_all_same_answer_groups:2.0 - c2_all_same_answer_groups_with_b_gain_ranking:0.0 - c2_frac_all_same_answer_groups_with_b_gain_ranking:0.0 - c2_within_group_corr_answer_b_gain_mean:0.0 - rollout_corr/training_ppl:1.0889579057693481 - rollout_corr/training_log_ppl:0.08184761554002762 - rollout_corr/kl:0.0006433302187360823 - rollout_corr/k3_kl:0.0004183050768915564 - rollout_corr/rollout_ppl:1.0885934829711914 - rollout_corr/rollout_log_ppl:0.08153536915779114 - rollout_corr/log_ppl_diff:0.0003122463822364807 - rollout_corr/log_ppl_abs_diff:0.0003122463822364807 - rollout_corr/log_ppl_diff_max:0.0011452138423919678 - rollout_corr/log_ppl_diff_min:0.0 - rollout_corr/ppl_ratio:1.0003124475479126 - rollout_corr/chi2_token:0.0004029273986816406 - rollout_corr/chi2_seq:-0.3088163733482361 - actor/pg_clipfrac:np.float64(0.0) - actor/ppo_kl:np.float64(0.0) - actor/pg_clipfrac_lower:np.float64(0.0) - actor/pg_loss:np.float64(0.0) - actor/loss:np.float64(0.0) - actor/grad_norm:np.float64(0.0) - actor/lr:np.float64(1e-06) - actor/perf/max_memory_allocated_gb:np.float64(67.4983263015747) - actor/perf/max_memory_reserved_gb:np.float64(90.68359375) - actor/perf/cpu_memory_used_gb:np.float64(32.06932067871094) - perf/mfu/actor:np.float64(0.10701785777112592) - training/global_step:5 - training/epoch:0 - critic/score/mean:1.0 - critic/score/max:1.0 - critic/score/min:1.0 - critic/rewards/mean:1.0 - critic/rewards/max:1.0 - critic/rewards/min:1.0 - critic/advantages/mean:0.0 - critic/advantages/max:0.0 - critic/advantages/min:0.0 - critic/returns/mean:0.0 - critic/returns/max:0.0 - critic/returns/min:0.0 - response_length/mean:1521.0 - response_length/max:1576.0 - response_length/min:1466.0 - response_length/clip_ratio:0.5 - response_length_non_aborted/mean:1521.0 - response_length_non_aborted/max:1576.0 - response_length_non_aborted/min:1466.0 - response_length_non_aborted/clip_ratio:0.5 - response/aborted_ratio:0.0 - prompt_length/mean:191.0 - prompt_length/max:191.0 - prompt_length/min:191.0 - prompt_length/clip_ratio:1.0 - timing_s/gen:14.639706912043039 - timing_s/old_log_prob:0.81227164901793 - timing_s/adv:0.12168287497479469 - timing_s/update_actor:1.778198532992974 - timing_s/update_weights:27.100803042994812 - timing_s/step:44.558405223011505 - timing_per_token_ms/adv:0.0354967546600918 - timing_per_token_ms/update_actor:0.5187276934051849 - timing_per_token_ms/gen:4.809364951393903 - perf/total_num_tokens:3428 - perf/time_per_step:44.558405223011505 - perf/throughput:76.9327354254066 - training/num_turns/mean:np.float64(2.0) - training/num_turns/max:np.int64(2) - training/num_turns/min:np.int64(2) - training/off_policy/trajectory_spans/mean:np.float64(1.0) - training/off_policy/trajectory_spans/max:np.float64(1.0) - training/off_policy/trajectory_spans/min:np.float64(1.0) - training/off_policy/trajectory_staleness/mean:np.float64(0.0) - training/off_policy/trajectory_staleness/max:np.float64(0.0) - training/off_policy/trajectory_staleness/min:np.float64(0.0) - training/off_policy/trajectory_staleness_worst/mean:np.float64(0.0) - training/off_policy/trajectory_staleness_worst/max:np.float64(0.0) - training/off_policy/trajectory_staleness_worst/min:np.float64(0.0)[36m(TaskRunnerV1 pid=1351353)[0m Training Progress:  10%|█         | 5/50 [07:31<1:07:45, 90.34s/it] 
[36m(SimpleStorageUnit pid=1351645)[0m 2026-07-06 06:15:10,389 - INFO - transfer_queue.utils.perf_utils - TQ_STORAGE_UNIT_1d0b4ae1: [Performance] Total success requests: 35, Total req/min: 6.51, Total avg process time: 0.0081s; 
[36m(SimpleStorageUnit pid=1351645)[0m Time range: last 5.38 minutes; 
[36m(SimpleStorageUnit pid=1351645)[0m Per-operation statistics: GET_DATA: req_count=16, req/min=2.97, avg_time=0.008286s, max_time=0.009571s, min_time=0.006941s; PUT_DATA: req_count=15, req/min=2.79, avg_time=0.007881s, max_time=0.008434s, min_time=0.007107s; CLEAR_DATA: req_count=4, req/min=0.74, avg_time=0.008123s, max_time=0.008791s, min_time=0.007172s
[36m(SimpleStorageUnit pid=1351647)[0m 2026-07-06 06:15:10,446 - INFO - transfer_queue.utils.perf_utils - TQ_STORAGE_UNIT_223f75dd: [Performance] Total success requests: 34, Total req/min: 6.74, Total avg process time: 0.0088s; 
[36m(SimpleStorageUnit pid=1351647)[0m Time range: last 5.04 minutes; 
[36m(SimpleStorageUnit pid=1351647)[0m Per-operation statistics: GET_DATA: req_count=16, req/min=3.17, avg_time=0.008959s, max_time=0.009629s, min_time=0.006999s; PUT_DATA: req_count=14, req/min=2.78, avg_time=0.008565s, max_time=0.009167s, min_time=0.007137s; CLEAR_DATA: req_count=4, req/min=0.79, avg_time=0.008649s, max_time=0.009323s, min_time=0.007216s
[36m(SimpleStorageUnit pid=1351628)[0m 2026-07-06 06:15:11,185 - INFO - transfer_queue.utils.perf_utils - TQ_STORAGE_UNIT_8ee867ee: [Performance] Total success requests: 35, Total req/min: 6.87, Total avg process time: 0.0081s; 
[36m(SimpleStorageUnit pid=1351628)[0m Time range: last 5.09 minutes; 
[36m(SimpleStorageUnit pid=1351628)[0m Per-operation statistics: GET_DATA: req_count=16, req/min=3.14, avg_time=0.008239s, max_time=0.008793s, min_time=0.006842s; PUT_DATA: req_count=15, req/min=2.95, avg_time=0.007911s, max_time=0.009213s, min_time=0.006505s; CLEAR_DATA: req_count=4, req/min=0.79, avg_time=0.008580s, max_time=0.010424s, min_time=0.006881s
[36m(SimpleStorageUnit pid=1351646)[0m 2026-07-06 06:15:11,130 - INFO - transfer_queue.utils.perf_utils - TQ_STORAGE_UNIT_c08a3711: [Performance] Total success requests: 35, Total req/min: 6.91, Total avg process time: 0.0083s; 
[36m(SimpleStorageUnit pid=1351646)[0m Time range: last 5.07 minutes; 
[36m(SimpleStorageUnit pid=1351646)[0m Per-operation statistics: PUT_DATA: req_count=16, req/min=3.16, avg_time=0.008006s, max_time=0.008702s, min_time=0.007055s; GET_DATA: req_count=16, req/min=3.16, avg_time=0.008443s, max_time=0.008863s, min_time=0.007317s; CLEAR_DATA: req_count=3, req/min=0.59, avg_time=0.008542s, max_time=0.008653s, min_time=0.008342s
[36m(WorkerDict pid=1352787)[0m INFO:2026-07-06 06:15:51,458:update_weights done, time cost: 1.10s
[36m(TaskRunnerV1 pid=1351353)[0m Training Progress:  12%|█▏        | 6/50 [08:54<1:04:31, 87.99s/it]
[36m(WorkerDict pid=1352787)[0m INFO:2026-07-06 06:16:40,789:update_weights done, time cost: 0.97s

[36m(TaskRunnerV1 pid=1351353)[0m [qwen3vl_c2_zscore_v1] diagnostics {'c2_groups_total': 2.0, 'c2_groups_with_nonzero_b_gain_std': 1.0, 'c2_frac_groups_with_nonzero_b_gain_std': 0.5, 'c2_groups_where_b_gain_changes_ranking': 1.0, 'c2_frac_groups_where_b_gain_changes_ranking': 0.5, 'c2_all_same_answer_groups': 2.0, 'c2_all_same_answer_groups_with_b_gain_ranking': 1.0, 'c2_frac_all_same_answer_groups_with_b_gain_ranking': 0.5, 'c2_within_group_corr_answer_b_gain_mean': 0.0}
[36m(TaskRunnerV1 pid=1351353)[0m step:6 - global_seqlen/min:10140 - global_seqlen/max:10140 - global_seqlen/minmax_diff:0 - global_seqlen/balanced_min:10140 - global_seqlen/balanced_max:10140 - global_seqlen/mean:10140.0 - actor/entropy:0.3372035026550293 - training/rollout_probs_diff_valid:1 - training/rollout_probs_diff_max:0.12245917320251465 - training/rollout_probs_diff_mean:0.003920728340744972 - training/rollout_probs_diff_std:0.008635700680315495 - training/rollout_actor_probs_pearson_corr:0.9994239211082458 - c2_groups_total:2.0 - c2_groups_with_nonzero_b_gain_std:1.0 - c2_frac_groups_with_nonzero_b_gain_std:0.5 - c2_groups_where_b_gain_changes_ranking:1.0 - c2_frac_groups_where_b_gain_changes_ranking:0.5 - c2_all_same_answer_groups:2.0 - c2_all_same_answer_groups_with_b_gain_ranking:1.0 - c2_frac_all_same_answer_groups_with_b_gain_ranking:0.5 - c2_within_group_corr_answer_b_gain_mean:0.0 - rollout_corr/training_ppl:1.2075656652450562 - rollout_corr/training_log_ppl:0.1735842525959015 - rollout_corr/kl:0.00028392052627168596 - rollout_corr/k3_kl:0.00042054985533468425 - rollout_corr/rollout_ppl:1.2073571681976318 - rollout_corr/rollout_log_ppl:0.17343729734420776 - rollout_corr/log_ppl_diff:0.0001469627022743225 - rollout_corr/log_ppl_abs_diff:0.0001469627022743225 - rollout_corr/log_ppl_diff_max:0.00036221742630004883 - rollout_corr/log_ppl_diff_min:0.0 - rollout_corr/ppl_ratio:1.0001469850540161 - rollout_corr/chi2_token:0.001117706298828125 - rollout_corr/chi2_seq:-0.467537522315979 - actor/pg_clipfrac:np.float64(0.0) - actor/ppo_kl:np.float64(0.0) - actor/pg_clipfrac_lower:np.float64(0.0) - actor/pg_loss:np.float64(0.10325539857149124) - actor/loss:np.float64(0.10325539857149124) - actor/grad_norm:np.float64(0.04022737592458725) - actor/lr:np.float64(1e-06) - actor/perf/max_memory_allocated_gb:np.float64(67.4983263015747) - actor/perf/max_memory_reserved_gb:np.float64(90.68359375) - actor/perf/cpu_memory_used_gb:np.float64(33.20749282836914) - perf/mfu/actor:np.float64(0.0839731578084933) - training/global_step:6 - training/epoch:0 - critic/score/mean:1.0 - critic/score/max:1.2000000476837158 - critic/score/min:0.800000011920929 - critic/rewards/mean:1.0 - critic/rewards/max:1.2000000476837158 - critic/rewards/min:0.800000011920929 - critic/advantages/mean:-0.10325537621974945 - critic/advantages/max:0.7071043848991394 - critic/advantages/min:-0.7071041464805603 - critic/returns/mean:-0.10325537621974945 - critic/returns/max:0.7071043848991394 - critic/returns/min:-0.7071041464805603 - response_length/mean:4869.0 - response_length/max:5580.0 - response_length/min:4158.0 - response_length/clip_ratio:0.5 - response_length_non_aborted/mean:4869.0 - response_length_non_aborted/max:5580.0 - response_length_non_aborted/min:4158.0 - response_length_non_aborted/clip_ratio:0.5 - response/aborted_ratio:0.0 - prompt_length/mean:199.0 - prompt_length/max:199.0 - prompt_length/min:199.0 - prompt_length/clip_ratio:1.0 - timing_s/gen:42.744241784967016 - timing_s/old_log_prob:2.0888107779901475 - timing_s/adv:0.12746542104287073 - timing_s/update_actor:6.679640604008455 - timing_s/update_weights:31.610576634993777 - timing_s/step:83.35561483597849 - timing_per_token_ms/adv:0.012570554343478375 - timing_per_token_ms/update_actor:0.6587416769239107 - timing_per_token_ms/gen:4.38852585061263 - perf/total_num_tokens:10140 - perf/time_per_step:83.35561483597849 - perf/throughput:121.64747413779867 - training/num_turns/mean:np.float64(2.0) - training/num_turns/max:np.int64(2) - training/num_turns/min:np.int64(2) - training/off_policy/trajectory_spans/mean:np.float64(1.0) - training/off_policy/trajectory_spans/max:np.float64(1.0) - training/off_policy/trajectory_spans/min:np.float64(1.0) - training/off_policy/trajectory_staleness/mean:np.float64(0.0) - training/off_policy/trajectory_staleness/max:np.float64(0.0) - training/off_policy/trajectory_staleness/min:np.float64(0.0) - training/off_policy/trajectory_staleness_worst/mean:np.float64(0.0) - training/off_policy/trajectory_staleness_worst/max:np.float64(0.0) - training/off_policy/trajectory_staleness_worst/min:np.float64(0.0)
[36m(TaskRunnerV1 pid=1351353)[0m [qwen3vl_c2_zscore_v1] diagnostics {'c2_groups_total': 2.0, 'c2_groups_with_nonzero_b_gain_std': 0.0, 'c2_frac_groups_with_nonzero_b_gain_std': 0.0, 'c2_groups_where_b_gain_changes_ranking': 0.0, 'c2_frac_groups_where_b_gain_changes_ranking': 0.0, 'c2_all_same_answer_groups': 2.0, 'c2_all_same_answer_groups_with_b_gain_ranking': 0.0, 'c2_frac_all_same_answer_groups_with_b_gain_ranking': 0.0, 'c2_within_group_corr_answer_b_gain_mean': 0.0}
[36m(TaskRunnerV1 pid=1351353)[0m step:7 - global_seqlen/min:2972 - global_seqlen/max:2972 - global_seqlen/minmax_diff:0 - global_seqlen/balanced_min:2972 - global_seqlen/balanced_max:2972 - global_seqlen/mean:2972.0 - actor/entropy:0.2697294056415558 - training/rollout_probs_diff_valid:1 - training/rollout_probs_diff_max:0.11599016189575195 - training/rollout_probs_diff_mean:0.003927813842892647 - training/rollout_probs_diff_std:0.00990712083876133 - training/rollout_actor_probs_pearson_corr:0.9991546273231506 - c2_groups_total:2.0 - c2_groups_with_nonzero_b_gain_std:0.0 - c2_frac_groups_with_nonzero_b_gain_std:0.0 - c2_groups_where_b_gain_changes_ranking:0.0 - c2_frac_groups_where_b_gain_changes_ranking:0.0 - c2_all_same_answer_groups:2.0 - c2_all_same_answer_groups_with_b_gain_ranking:0.0 - c2_frac_all_same_answer_groups_with_b_gain_ranking:0.0 - c2_within_group_corr_answer_b_gain_mean:0.0 - rollout_corr/training_ppl:1.1584621667861938 - rollout_corr/training_log_ppl:0.13734695315361023 - rollout_corr/kl:-9.198232146445662e-05 - rollout_corr/k3_kl:0.0004878001636825502 - rollout_corr/rollout_ppl:1.1585869789123535 - rollout_corr/rollout_log_ppl:0.137448251247406 - rollout_corr/log_ppl_diff:-0.0001012943685054779 - rollout_corr/log_ppl_abs_diff:0.00018855556845664978 - rollout_corr/log_ppl_diff_max:0.00017452239990234375 - rollout_corr/log_ppl_diff_min:-0.0005796998739242554 - rollout_corr/ppl_ratio:0.9998987317085266 - rollout_corr/chi2_token:0.0021431446075439453 - rollout_corr/chi2_seq:0.3511946201324463 - actor/pg_clipfrac:np.float64(0.0) - actor/ppo_kl:np.float64(0.0) - actor/pg_clipfrac_lower:np.float64(0.0) - actor/pg_loss:np.float64(0.0) - actor/loss:np.float64(0.0) - actor/grad_norm:np.float64(0.0) - actor/lr:np.float64(1e-06) - actor/perf/max_memory_allocated_gb:np.float64(67.4983263015747) - actor/perf/max_memory_reserved_gb:np.float64(90.68359375) - actor/perf/cpu_memory_used_gb:np.float64(33.173675537109375) - perf/mfu/actor:np.float64(0.10581212124056068) - training/global_step:7 - training/epoch:0 - critic/score/mean:1.0 - critic/score/max:1.0 - critic/score/min:1.0 - critic/rewards/mean:1.0 - critic/rewards/max:1.0 - critic/rewards/min:1.0 - critic/advantages/mean:0.0 - critic/advantages/max:0.0 - critic/advantages/min:0.0 - critic/returns/mean:0.0 - critic/returns/max:0.0 - critic/returns/min:0.0 - response_length/mean:1275.0 - response_length/max:1649.0 - response_length/min:901.0 - response_length/clip_ratio:0.5 - response_length_non_aborted/mean:1275.0 - response_length_non_aborted/max:1649.0 - response_length_non_aborted/min:901.0 - response_length_non_aborted/clip_ratio:0.5 - response/aborted_ratio:0.0 - prompt_length/mean:209.0 - prompt_length/max:209.0 - prompt_length/min:209.0 - prompt_length/clip_ratio:1.0 - timing_s/gen:14.64861870999448 - timing_s/old_log_prob:0.7563811200088821 - timing_s/adv:0.12433619302464649 - timing_s/update_actor:1.5727729380014353 - timing_s/update_weights:32.05782675999217 - timing_s/step:49.26389040698996 - timing_per_token_ms/adv:0.041835865755264635 - timing_per_token_ms/update_actor:0.5291968162858127 - timing_per_token_ms/gen:5.740054353446113 - perf/total_num_tokens:2972 - perf/time_per_step:49.26389040698996 - perf/throughput:60.32816278712549 - training/num_turns/mean:np.float64(2.0) - training/num_turns/max:np.int64(2) - training/num_turns/min:np.int64(2) - training/off_policy/trajectory_spans/mean:np.float64(1.0) - training/off_policy/trajectory_spans/max:np.float64(1.0) - training/off_policy/trajectory_spans/min:np.float64(1.0) - training/off_policy/trajectory_staleness/mean:np.float64(0.0) - training/off_policy/trajectory_staleness/max:np.float64(0.0) - training/off_policy/trajectory_staleness/min:np.float64(0.0) - training/off_policy/trajectory_staleness_worst/mean:np.float64(0.0) - training/off_policy/trajectory_staleness_worst/max:np.float64(0.0) - training/off_policy/trajectory_staleness_worst/min:np.float64(0.0)[36m(TaskRunnerV1 pid=1351353)[0m Training Progress:  14%|█▍        | 7/50 [09:43<54:00, 75.35s/it]  
[36m(TaskRunnerV1 pid=1351353)[0m INFO:2026-07-06 06:17:41,208:pending: 0, running: 1, finished: 0, failure: 0
[36m(TaskRunnerV1 pid=1351353)[0m INFO:2026-07-06 06:18:41,298:pending: 0, running: 1, finished: 0, failure: 0
[36m(WorkerDict pid=1352787)[0m INFO:2026-07-06 06:19:55,532:update_weights done, time cost: 1.34s
[36m(TaskRunnerV1 pid=1351353)[0m Training Progress:  16%|█▌        | 8/50 [12:58<1:19:21, 113.37s/it]
[36m(TransferQueueController pid=1351560)[0m 2026-07-06 06:19:55,805 - INFO - transfer_queue.utils.perf_utils - TQ_CONTROLLER_7568c1bf: [Performance] Total success requests: 205, Total req/min: 37.55, Total avg process time: 0.0004s; 
[36m(TransferQueueController pid=1351560)[0m Time range: last 5.46 minutes; 
[36m(TransferQueueController pid=1351560)[0m Per-operation statistics: KV_RETRIEVE_META: req_count=51, req/min=9.34, avg_time=0.001096s, max_time=0.001717s, min_time=0.000708s; CLEAR_META: req_count=6, req/min=1.10, avg_time=0.000293s, max_time=0.000329s, min_time=0.000265s; SET_CUSTOM_META: req_count=30, req/min=5.50, avg_time=0.000046s, max_time=0.000056s, min_time=0.000034s; KV_LIST: req_count=94, req/min=17.22, avg_time=0.000067s, max_time=0.000087s, min_time=0.000034s; NOTIFY_DATA_UPDATE: req_count=21, req/min=3.85, avg_time=0.000405s, max_time=0.000547s, min_time=0.000288s; KV_RETRIEVE_KEYS: req_count=3, req/min=0.55, avg_time=0.000072s, max_time=0.000081s, min_time=0.000067s
[36m(SimpleStorageUnit pid=1351647)[0m 2026-07-06 06:20:23,465 - INFO - transfer_queue.utils.perf_utils - TQ_STORAGE_UNIT_223f75dd: [Performance] Total success requests: 34, Total req/min: 6.52, Total avg process time: 0.0088s; 
[36m(SimpleStorageUnit pid=1351647)[0m Time range: last 5.22 minutes; 
[36m(SimpleStorageUnit pid=1351647)[0m Per-operation statistics: PUT_DATA: req_count=16, req/min=3.07, avg_time=0.008524s, max_time=0.009146s, min_time=0.007117s; GET_DATA: req_count=15, req/min=2.88, avg_time=0.008960s, max_time=0.009245s, min_time=0.008679s; CLEAR_DATA: req_count=3, req/min=0.58, avg_time=0.009082s, max_time=0.009424s, min_time=0.008621s
[36m(SimpleStorageUnit pid=1351646)[0m 2026-07-06 06:20:26,977 - INFO - transfer_queue.utils.perf_utils - TQ_STORAGE_UNIT_c08a3711: [Performance] Total success requests: 34, Total req/min: 6.46, Total avg process time: 0.0081s; 
[36m(SimpleStorageUnit pid=1351646)[0m Time range: last 5.26 minutes; 
[36m(SimpleStorageUnit pid=1351646)[0m Per-operation statistics: GET_DATA: req_count=15, req/min=2.85, avg_time=0.008230s, max_time=0.008695s, min_time=0.007703s; PUT_DATA: req_count=15, req/min=2.85, avg_time=0.007999s, max_time=0.008622s, min_time=0.007086s; CLEAR_DATA: req_count=4, req/min=0.76, avg_time=0.008074s, max_time=0.008716s, min_time=0.006822s
[36m(SimpleStorageUnit pid=1351628)[0m 2026-07-06 06:20:27,952 - INFO - transfer_queue.utils.perf_utils - TQ_STORAGE_UNIT_8ee867ee: [Performance] Total success requests: 34, Total req/min: 6.44, Total avg process time: 0.0083s; 
[36m(SimpleStorageUnit pid=1351628)[0m Time range: last 5.28 minutes; 
[36m(SimpleStorageUnit pid=1351628)[0m Per-operation statistics: GET_DATA: req_count=16, req/min=3.03, avg_time=0.008313s, max_time=0.008889s, min_time=0.006797s; PUT_DATA: req_count=14, req/min=2.65, avg_time=0.008250s, max_time=0.010154s, min_time=0.007119s; CLEAR_DATA: req_count=4, req/min=0.76, avg_time=0.008105s, max_time=0.008793s, min_time=0.006788s
[36m(SimpleStorageUnit pid=1351645)[0m 2026-07-06 06:20:28,787 - INFO - transfer_queue.utils.perf_utils - TQ_STORAGE_UNIT_1d0b4ae1: [Performance] Total success requests: 35, Total req/min: 6.60, Total avg process time: 0.0080s; 
[36m(SimpleStorageUnit pid=1351645)[0m Time range: last 5.31 minutes; 
[36m(SimpleStorageUnit pid=1351645)[0m Per-operation statistics: GET_DATA: req_count=16, req/min=3.02, avg_time=0.008152s, max_time=0.008730s, min_time=0.006909s; PUT_DATA: req_count=15, req/min=2.83, avg_time=0.007710s, max_time=0.008454s, min_time=0.004506s; CLEAR_DATA: req_count=4, req/min=0.75, avg_time=0.008134s, max_time=0.008482s, min_time=0.007276s
[36m(WorkerDict pid=1352787)[0m INFO:2026-07-06 06:21:05,225:update_weights done, time cost: 1.10s

[36m(TaskRunnerV1 pid=1351353)[0m [qwen3vl_c2_zscore_v1] diagnostics {'c2_groups_total': 2.0, 'c2_groups_with_nonzero_b_gain_std': 1.0, 'c2_frac_groups_with_nonzero_b_gain_std': 0.5, 'c2_groups_where_b_gain_changes_ranking': 0.0, 'c2_frac_groups_where_b_gain_changes_ranking': 0.0, 'c2_all_same_answer_groups': 2.0, 'c2_all_same_answer_groups_with_b_gain_ranking': 1.0, 'c2_frac_all_same_answer_groups_with_b_gain_ranking': 0.5, 'c2_within_group_corr_answer_b_gain_mean': 0.0}
[36m(TaskRunnerV1 pid=1351353)[0m step:8 - global_seqlen/min:25309 - global_seqlen/max:25309 - global_seqlen/minmax_diff:0 - global_seqlen/balanced_min:25309 - global_seqlen/balanced_max:25309 - global_seqlen/mean:25309.0 - actor/entropy:0.42579883337020874 - training/rollout_probs_diff_valid:1 - training/rollout_probs_diff_max:0.11699765920639038 - training/rollout_probs_diff_mean:0.004099271260201931 - training/rollout_probs_diff_std:0.008189726620912552 - training/rollout_actor_probs_pearson_corr:0.9995370507240295 - c2_groups_total:2.0 - c2_groups_with_nonzero_b_gain_std:1.0 - c2_frac_groups_with_nonzero_b_gain_std:0.5 - c2_groups_where_b_gain_changes_ranking:0.0 - c2_frac_groups_where_b_gain_changes_ranking:0.0 - c2_all_same_answer_groups:2.0 - c2_all_same_answer_groups_with_b_gain_ranking:1.0 - c2_frac_all_same_answer_groups_with_b_gain_ranking:0.5 - c2_within_group_corr_answer_b_gain_mean:0.0 - rollout_corr/training_ppl:1.273420810699463 - rollout_corr/training_log_ppl:0.2178443819284439 - rollout_corr/kl:0.0006205796962603927 - rollout_corr/k3_kl:0.0004331897071097046 - rollout_corr/rollout_ppl:1.2728691101074219 - rollout_corr/rollout_log_ppl:0.21749216318130493 - rollout_corr/log_ppl_diff:0.000352226197719574 - rollout_corr/log_ppl_abs_diff:0.000352226197719574 - rollout_corr/log_ppl_diff_max:0.00099104642868042 - rollout_corr/log_ppl_diff_min:0.0 - rollout_corr/ppl_ratio:1.000352382659912 - rollout_corr/chi2_token:0.0004919767379760742 - rollout_corr/chi2_seq:-0.49999964237213135 - actor/pg_clipfrac:np.float64(0.0) - actor/ppo_kl:np.float64(0.0) - actor/pg_clipfrac_lower:np.float64(0.0) - actor/pg_loss:np.float64(-0.20702850818634033) - actor/loss:np.float64(-0.20702850818634033) - actor/grad_norm:np.float64(0.024742042645812035) - actor/lr:np.float64(1e-06) - actor/perf/max_memory_allocated_gb:np.float64(69.77841520309448) - actor/perf/max_memory_reserved_gb:np.float64(90.68359375) - actor/perf/cpu_memory_used_gb:np.float64(33.358612060546875) - perf/mfu/actor:np.float64(0.055457029783997296) - training/global_step:8 - training/epoch:0 - critic/score/mean:0.0 - critic/score/max:0.20000000298023224 - critic/score/min:-0.20000000298023224 - critic/rewards/mean:0.0 - critic/rewards/max:0.20000000298023224 - critic/rewards/min:-0.20000000298023224 - critic/advantages/mean:0.20702847838401794 - critic/advantages/max:0.7071042060852051 - critic/advantages/min:-0.7071042060852051 - critic/returns/mean:0.20702847838401794 - critic/returns/max:0.7071042060852051 - critic/returns/min:-0.7071042060852051 - response_length/mean:12478.5 - response_length/max:16132.0 - response_length/min:8825.0 - response_length/clip_ratio:0.5 - response_length_non_aborted/mean:12478.5 - response_length_non_aborted/max:16132.0 - response_length_non_aborted/min:8825.0 - response_length_non_aborted/clip_ratio:0.5 - response/aborted_ratio:0.0 - prompt_length/mean:174.0 - prompt_length/max:174.0 - prompt_length/min:174.0 - prompt_length/clip_ratio:1.0 - timing_s/gen:126.89081427000929 - timing_s/old_log_prob:7.372493235976435 - timing_s/adv:0.13244829699397087 - timing_s/update_actor:28.424426094978116 - timing_s/update_weights:31.776516150974203 - timing_s/step:194.7040637159953 - timing_per_token_ms/adv:0.005233248923069694 - timing_per_token_ms/update_actor:1.1230955824006525 - timing_per_token_ms/gen:5.083970282062955 - perf/total_num_tokens:25309 - perf/time_per_step:194.7040637159953 - perf/throughput:129.9870147390294 - training/num_turns/mean:np.float64(2.0) - training/num_turns/max:np.int64(2) - training/num_turns/min:np.int64(2) - training/off_policy/trajectory_spans/mean:np.float64(1.0) - training/off_policy/trajectory_spans/max:np.float64(1.0) - training/off_policy/trajectory_spans/min:np.float64(1.0) - training/off_policy/trajectory_staleness/mean:np.float64(0.0) - training/off_policy/trajectory_staleness/max:np.float64(0.0) - training/off_policy/trajectory_staleness/min:np.float64(0.0) - training/off_policy/trajectory_staleness_worst/mean:np.float64(0.0) - training/off_policy/trajectory_staleness_worst/max:np.float64(0.0) - training/off_policy/trajectory_staleness_worst/min:np.float64(0.0)
[36m(TaskRunnerV1 pid=1351353)[0m [qwen3vl_c2_zscore_v1] diagnostics {'c2_groups_total': 2.0, 'c2_groups_with_nonzero_b_gain_std': 1.0, 'c2_frac_groups_with_nonzero_b_gain_std': 0.5, 'c2_groups_where_b_gain_changes_ranking': 1.0, 'c2_frac_groups_where_b_gain_changes_ranking': 0.5, 'c2_all_same_answer_groups': 2.0, 'c2_all_same_answer_groups_with_b_gain_ranking': 1.0, 'c2_frac_all_same_answer_groups_with_b_gain_ranking': 0.5, 'c2_within_group_corr_answer_b_gain_mean': 0.0}
[36m(TaskRunnerV1 pid=1351353)[0m step:9 - global_seqlen/min:10733 - global_seqlen/max:10733 - global_seqlen/minmax_diff:0 - global_seqlen/balanced_min:10733 - global_seqlen/balanced_max:10733 - global_seqlen/mean:10733.0 - actor/entropy:0.3113532066345215 - training/rollout_probs_diff_valid:1 - training/rollout_probs_diff_max:0.07631400227546692 - training/rollout_probs_diff_mean:0.003863633144646883 - training/rollout_probs_diff_std:0.008517690934240818 - training/rollout_actor_probs_pearson_corr:0.9993893504142761 - c2_groups_total:2.0 - c2_groups_with_nonzero_b_gain_std:1.0 - c2_frac_groups_with_nonzero_b_gain_std:0.5 - c2_groups_where_b_gain_changes_ranking:1.0 - c2_frac_groups_where_b_gain_changes_ranking:0.5 - c2_all_same_answer_groups:2.0 - c2_all_same_answer_groups_with_b_gain_ranking:1.0 - c2_frac_all_same_answer_groups_with_b_gain_ranking:0.5 - c2_within_group_corr_answer_b_gain_mean:0.0 - rollout_corr/training_ppl:1.185749888420105 - rollout_corr/training_log_ppl:0.15775351226329803 - rollout_corr/kl:-7.403845665976405e-05 - rollout_corr/k3_kl:0.0003950578102376312 - rollout_corr/rollout_ppl:1.1858264207839966 - rollout_corr/rollout_log_ppl:0.1578035205602646 - rollout_corr/log_ppl_diff:-5.0008296966552734e-05 - rollout_corr/log_ppl_abs_diff:0.00020271539688110352 - rollout_corr/log_ppl_diff_max:0.00030541419982910156 - rollout_corr/log_ppl_diff_min:-0.0005054473876953125 - rollout_corr/ppl_ratio:0.9999500513076782 - rollout_corr/chi2_token:0.0017303228378295898 - rollout_corr/chi2_seq:5.110313415527344 - actor/pg_clipfrac:np.float64(0.0) - actor/ppo_kl:np.float64(0.0) - actor/pg_clipfrac_lower:np.float64(0.0) - actor/pg_loss:np.float64(0.04534502699971199) - actor/loss:np.float64(0.04534502699971199) - actor/grad_norm:np.float64(0.04456333443522453) - actor/lr:np.float64(1e-06) - actor/perf/max_memory_allocated_gb:np.float64(69.77841520309448) - actor/perf/max_memory_reserved_gb:np.float64(93.78515625) - actor/perf/cpu_memory_used_gb:np.float64(33.57044219970703) - perf/mfu/actor:np.float64(0.07907423233716238) - training/global_step:9 - training/epoch:0 - critic/score/mean:1.0 - critic/score/max:1.2000000476837158 - critic/score/min:0.800000011920929 - critic/rewards/mean:1.0 - critic/rewards/max:1.2000000476837158 - critic/rewards/min:0.800000011920929 - critic/advantages/mean:-0.04534495994448662 - critic/advantages/max:0.7071043848991394 - critic/advantages/min:-0.7071041464805603 - critic/returns/mean:-0.04534495994448662 - critic/returns/max:0.7071043848991394 - critic/returns/min:-0.7071041464805603 - response_length/mean:3282.5 - response_length/max:3493.0 - response_length/min:3072.0 - response_length/clip_ratio:0.5 - response_length_non_aborted/mean:3282.5 - response_length_non_aborted/max:3493.0 - response_length_non_aborted/min:3072.0 - response_length_non_aborted/clip_ratio:0.5 - response/aborted_ratio:0.0 - prompt_length/mean:2082.0 - prompt_length/max:2082.0 - prompt_length/min:2082.0 - prompt_length/clip_ratio:1.0 - timing_s/gen:32.72122170298826 - timing_s/old_log_prob:2.5180429439642467 - timing_s/adv:0.12542016303632408 - timing_s/update_actor:7.599263349024113 - timing_s/update_weights:26.422468670993112 - timing_s/step:69.5987940299674 - timing_per_token_ms/adv:0.011685471260255667 - timing_per_token_ms/update_actor:0.7080278905267972 - timing_per_token_ms/gen:4.982674235265457 - perf/total_num_tokens:10733 - perf/time_per_step:69.5987940299674 - perf/throughput:154.21244217792992 - training/num_turns/mean:np.float64(2.0) - training/num_turns/max:np.int64(2) - training/num_turns/min:np.int64(2) - training/off_policy/trajectory_spans/mean:np.float64(1.0) - training/off_policy/trajectory_spans/max:np.float64(1.0) - training/off_policy/trajectory_spans/min:np.float64(1.0) - training/off_policy/trajectory_staleness/mean:np.float64(0.0) - training/off_policy/trajectory_staleness/max:np.float64(0.0) - training/off_policy/trajectory_staleness/min:np.float64(0.0) - training/off_policy/trajectory_staleness_worst/mean:np.float64(0.0) - training/off_policy/trajectory_staleness_worst/max:np.float64(0.0) - training/off_policy/trajectory_staleness_worst/min:np.float64(0.0)[36m(TaskRunnerV1 pid=1351353)[0m Training Progress:  18%|█▊        | 9/50 [14:08<1:08:08, 99.71s/it] 
[36m(WorkerDict pid=1352787)[0m INFO:2026-07-06 06:21:44,168:update_weights done, time cost: 0.89s
[36m(TaskRunnerV1 pid=1351353)[0m Training Progress:  20%|██        | 10/50 [14:47<53:57, 80.95s/it] 
[36m(WorkerDict pid=1352787)[0m INFO:2026-07-06 06:22:31,485:update_weights done, time cost: 0.92s

[36m(TaskRunnerV1 pid=1351353)[0m [qwen3vl_c2_zscore_v1] diagnostics {'c2_groups_total': 2.0, 'c2_groups_with_nonzero_b_gain_std': 0.0, 'c2_frac_groups_with_nonzero_b_gain_std': 0.0, 'c2_groups_where_b_gain_changes_ranking': 0.0, 'c2_frac_groups_where_b_gain_changes_ranking': 0.0, 'c2_all_same_answer_groups': 2.0, 'c2_all_same_answer_groups_with_b_gain_ranking': 0.0, 'c2_frac_all_same_answer_groups_with_b_gain_ranking': 0.0, 'c2_within_group_corr_answer_b_gain_mean': 0.0}
[36m(TaskRunnerV1 pid=1351353)[0m step:10 - global_seqlen/min:2324 - global_seqlen/max:2324 - global_seqlen/minmax_diff:0 - global_seqlen/balanced_min:2324 - global_seqlen/balanced_max:2324 - global_seqlen/mean:2324.0 - actor/entropy:0.20545409619808197 - training/rollout_probs_diff_valid:1 - training/rollout_probs_diff_max:0.12085241079330444 - training/rollout_probs_diff_mean:0.003611199092119932 - training/rollout_probs_diff_std:0.00981906894594431 - training/rollout_actor_probs_pearson_corr:0.9989556074142456 - c2_groups_total:2.0 - c2_groups_with_nonzero_b_gain_std:0.0 - c2_frac_groups_with_nonzero_b_gain_std:0.0 - c2_groups_where_b_gain_changes_ranking:0.0 - c2_frac_groups_where_b_gain_changes_ranking:0.0 - c2_all_same_answer_groups:2.0 - c2_all_same_answer_groups_with_b_gain_ranking:0.0 - c2_frac_all_same_answer_groups_with_b_gain_ranking:0.0 - c2_within_group_corr_answer_b_gain_mean:0.0 - rollout_corr/training_ppl:1.1133999824523926 - rollout_corr/training_log_ppl:0.102203369140625 - rollout_corr/kl:0.0004909880226477981 - rollout_corr/k3_kl:0.0003560453187674284 - rollout_corr/rollout_ppl:1.113114356994629 - rollout_corr/rollout_log_ppl:0.10197032988071442 - rollout_corr/log_ppl_diff:0.0002330392599105835 - rollout_corr/log_ppl_abs_diff:0.0002330392599105835 - rollout_corr/log_ppl_diff_max:0.0006035417318344116 - rollout_corr/log_ppl_diff_min:0.0 - rollout_corr/ppl_ratio:1.0002330541610718 - rollout_corr/chi2_token:0.0004442930221557617 - rollout_corr/chi2_seq:-0.29198527336120605 - actor/pg_clipfrac:np.float64(0.0) - actor/ppo_kl:np.float64(0.0) - actor/pg_clipfrac_lower:np.float64(0.0) - actor/pg_loss:np.float64(0.0) - actor/loss:np.float64(0.0) - actor/grad_norm:np.float64(0.0) - actor/lr:np.float64(1e-06) - actor/perf/max_memory_allocated_gb:np.float64(69.77841520309448) - actor/perf/max_memory_reserved_gb:np.float64(93.78515625) - actor/perf/cpu_memory_used_gb:np.float64(33.379905700683594) - perf/mfu/actor:np.float64(0.09947311000465266) - training/global_step:10 - training/epoch:0 - critic/score/mean:1.0 - critic/score/max:1.0 - critic/score/min:1.0 - critic/rewards/mean:1.0 - critic/rewards/max:1.0 - critic/rewards/min:1.0 - critic/advantages/mean:0.0 - critic/advantages/max:0.0 - critic/advantages/min:0.0 - critic/returns/mean:0.0 - critic/returns/max:0.0 - critic/returns/min:0.0 - response_length/mean:988.0 - response_length/max:1167.0 - response_length/min:809.0 - response_length/clip_ratio:0.5 - response_length_non_aborted/mean:988.0 - response_length_non_aborted/max:1167.0 - response_length_non_aborted/min:809.0 - response_length_non_aborted/clip_ratio:0.5 - response/aborted_ratio:0.0 - prompt_length/mean:172.0 - prompt_length/max:172.0 - prompt_length/min:172.0 - prompt_length/clip_ratio:1.0 - timing_s/gen:10.64731508801924 - timing_s/old_log_prob:0.7048340020119213 - timing_s/adv:0.1264609579811804 - timing_s/update_actor:1.3200667159981094 - timing_s/update_weights:25.971460956032388 - timing_s/step:38.8725785369752 - timing_per_token_ms/adv:0.05441521427761635 - timing_per_token_ms/update_actor:0.5680149380370523 - timing_per_token_ms/gen:5.382869104155329 - perf/total_num_tokens:2324 - perf/time_per_step:38.8725785369752 - perf/throughput:59.78507440121152 - training/num_turns/mean:np.float64(2.0) - training/num_turns/max:np.int64(2) - training/num_turns/min:np.int64(2) - training/off_policy/trajectory_spans/mean:np.float64(1.0) - training/off_policy/trajectory_spans/max:np.float64(1.0) - training/off_policy/trajectory_spans/min:np.float64(1.0) - training/off_policy/trajectory_staleness/mean:np.float64(0.0) - training/off_policy/trajectory_staleness/max:np.float64(0.0) - training/off_policy/trajectory_staleness/min:np.float64(0.0) - training/off_policy/trajectory_staleness_worst/mean:np.float64(0.0) - training/off_policy/trajectory_staleness_worst/max:np.float64(0.0) - training/off_policy/trajectory_staleness_worst/min:np.float64(0.0)
[36m(TaskRunnerV1 pid=1351353)[0m [qwen3vl_c2_zscore_v1] diagnostics {'c2_groups_total': 2.0, 'c2_groups_with_nonzero_b_gain_std': 0.0, 'c2_frac_groups_with_nonzero_b_gain_std': 0.0, 'c2_groups_where_b_gain_changes_ranking': 0.0, 'c2_frac_groups_where_b_gain_changes_ranking': 0.0, 'c2_all_same_answer_groups': 1.0, 'c2_all_same_answer_groups_with_b_gain_ranking': 0.0, 'c2_frac_all_same_answer_groups_with_b_gain_ranking': 0.0, 'c2_within_group_corr_answer_b_gain_mean': 0.0}
[36m(TaskRunnerV1 pid=1351353)[0m step:11 - global_seqlen/min:3718 - global_seqlen/max:3718 - global_seqlen/minmax_diff:0 - global_seqlen/balanced_min:3718 - global_seqlen/balanced_max:3718 - global_seqlen/mean:3718.0 - actor/entropy:0.26790255308151245 - training/rollout_probs_diff_valid:1 - training/rollout_probs_diff_max:0.07465386390686035 - training/rollout_probs_diff_mean:0.004011068027466536 - training/rollout_probs_diff_std:0.009407132863998413 - training/rollout_actor_probs_pearson_corr:0.9991797804832458 - c2_groups_total:2.0 - c2_groups_with_nonzero_b_gain_std:0.0 - c2_frac_groups_with_nonzero_b_gain_std:0.0 - c2_groups_where_b_gain_changes_ranking:0.0 - c2_frac_groups_where_b_gain_changes_ranking:0.0 - c2_all_same_answer_groups:1.0 - c2_all_same_answer_groups_with_b_gain_ranking:0.0 - c2_frac_all_same_answer_groups_with_b_gain_ranking:0.0 - c2_within_group_corr_answer_b_gain_mean:0.0 - rollout_corr/training_ppl:1.1530544757843018 - rollout_corr/training_log_ppl:0.13352446258068085 - rollout_corr/kl:0.0008549228659830987 - rollout_corr/k3_kl:0.00040286232251673937 - rollout_corr/rollout_ppl:1.1524724960327148 - rollout_corr/rollout_log_ppl:0.1330784261226654 - rollout_corr/log_ppl_diff:0.0004460364580154419 - rollout_corr/log_ppl_abs_diff:0.0004460364580154419 - rollout_corr/log_ppl_diff_max:0.001030057668685913 - rollout_corr/log_ppl_diff_min:0.0 - rollout_corr/ppl_ratio:1.0004462003707886 - rollout_corr/chi2_token:-0.00010895729064941406 - rollout_corr/chi2_seq:-0.4703853130340576 - actor/pg_clipfrac:np.float64(0.0) - actor/ppo_kl:np.float64(0.0) - actor/pg_clipfrac_lower:np.float64(0.0) - actor/pg_loss:np.float64(-0.1902940422296524) - actor/loss:np.float64(-0.1902940422296524) - actor/grad_norm:np.float64(0.0609830804169178) - actor/lr:np.float64(1e-06) - actor/perf/max_memory_allocated_gb:np.float64(69.77841520309448) - actor/perf/max_memory_reserved_gb:np.float64(93.78515625) - actor/perf/cpu_memory_used_gb:np.float64(33.24274444580078) - perf/mfu/actor:np.float64(0.10234381337256966) - training/global_step:11 - training/epoch:0 - critic/score/mean:0.5 - critic/score/max:1.0 - critic/score/min:0.0 - critic/rewards/mean:0.5 - critic/rewards/max:1.0 - critic/rewards/min:0.0 - critic/advantages/mean:0.19029401242733002 - critic/advantages/max:0.7071057558059692 - critic/advantages/min:-0.7071057558059692 - critic/returns/mean:0.19029401242733002 - critic/returns/max:0.7071057558059692 - critic/returns/min:-0.7071057558059692 - response_length/mean:1687.0 - response_length/max:2141.0 - response_length/min:1233.0 - response_length/clip_ratio:0.5 - response_length_non_aborted/mean:1687.0 - response_length_non_aborted/max:2141.0 - response_length_non_aborted/min:1233.0 - response_length_non_aborted/clip_ratio:0.5 - response/aborted_ratio:0.0 - prompt_length/mean:170.0 - prompt_length/max:170.0 - prompt_length/min:170.0 - prompt_length/clip_ratio:1.0 - timing_s/gen:18.711538517964073 - timing_s/old_log_prob:0.8603335880325176 - timing_s/adv:0.12811226199846715 - timing_s/update_actor:2.008638071012683 - timing_s/update_weights:25.423405651992653 - timing_s/step:47.238521446997765 - timing_per_token_ms/adv:0.034457305540200954 - timing_per_token_ms/update_actor:0.5402469260389142 - timing_per_token_ms/gen:5.542517333520164 - perf/total_num_tokens:3718 - perf/time_per_step:47.238521446997765 - perf/throughput:78.70695115154365 - training/num_turns/mean:np.float64(2.0) - training/num_turns/max:np.int64(2) - training/num_turns/min:np.int64(2) - training/off_policy/trajectory_spans/mean:np.float64(1.0) - training/off_policy/trajectory_spans/max:np.float64(1.0) - training/off_policy/trajectory_spans/min:np.float64(1.0) - training/off_policy/trajectory_staleness/mean:np.float64(0.0) - training/off_policy/trajectory_staleness/max:np.float64(0.0) - training/off_policy/trajectory_staleness/min:np.float64(0.0) - training/off_policy/trajectory_staleness_worst/mean:np.float64(0.0) - training/off_policy/trajectory_staleness_worst/max:np.float64(0.0) - training/off_policy/trajectory_staleness_worst/min:np.float64(0.0)[36m(TaskRunnerV1 pid=1351353)[0m Training Progress:  22%|██▏       | 11/50 [15:34<45:55, 70.65s/it]
[36m(WorkerDict pid=1352787)[0m INFO:2026-07-06 06:23:14,583:update_weights done, time cost: 0.93s
[36m(TaskRunnerV1 pid=1351353)[0m Training Progress:  24%|██▍       | 12/50 [16:17<39:26, 62.27s/it]
[36m(WorkerDict pid=1352787)[0m INFO:2026-07-06 06:23:55,339:update_weights done, time cost: 0.90s

[36m(TaskRunnerV1 pid=1351353)[0m [qwen3vl_c2_zscore_v1] diagnostics {'c2_groups_total': 2.0, 'c2_groups_with_nonzero_b_gain_std': 0.0, 'c2_frac_groups_with_nonzero_b_gain_std': 0.0, 'c2_groups_where_b_gain_changes_ranking': 0.0, 'c2_frac_groups_where_b_gain_changes_ranking': 0.0, 'c2_all_same_answer_groups': 2.0, 'c2_all_same_answer_groups_with_b_gain_ranking': 0.0, 'c2_frac_all_same_answer_groups_with_b_gain_ranking': 0.0, 'c2_within_group_corr_answer_b_gain_mean': 0.0}
[36m(TaskRunnerV1 pid=1351353)[0m step:12 - global_seqlen/min:3285 - global_seqlen/max:3285 - global_seqlen/minmax_diff:0 - global_seqlen/balanced_min:3285 - global_seqlen/balanced_max:3285 - global_seqlen/mean:3285.0 - actor/entropy:0.2850722074508667 - training/rollout_probs_diff_valid:1 - training/rollout_probs_diff_max:0.06217649579048157 - training/rollout_probs_diff_mean:0.003956146072596312 - training/rollout_probs_diff_std:0.00941280648112297 - training/rollout_actor_probs_pearson_corr:0.9992489218711853 - c2_groups_total:2.0 - c2_groups_with_nonzero_b_gain_std:0.0 - c2_frac_groups_with_nonzero_b_gain_std:0.0 - c2_groups_where_b_gain_changes_ranking:0.0 - c2_frac_groups_where_b_gain_changes_ranking:0.0 - c2_all_same_answer_groups:2.0 - c2_all_same_answer_groups_with_b_gain_ranking:0.0 - c2_frac_all_same_answer_groups_with_b_gain_ranking:0.0 - c2_within_group_corr_answer_b_gain_mean:0.0 - rollout_corr/training_ppl:1.1668728590011597 - rollout_corr/training_log_ppl:0.14392967522144318 - rollout_corr/kl:0.0001796417636796832 - rollout_corr/k3_kl:0.00044725387124344707 - rollout_corr/rollout_ppl:1.1667611598968506 - rollout_corr/rollout_log_ppl:0.14384445548057556 - rollout_corr/log_ppl_diff:8.522719144821167e-05 - rollout_corr/log_ppl_abs_diff:8.674710988998413e-05 - rollout_corr/log_ppl_diff_max:0.0003439486026763916 - rollout_corr/log_ppl_diff_min:-3.039836883544922e-06 - rollout_corr/ppl_ratio:1.0000852346420288 - rollout_corr/chi2_token:0.0014352798461914062 - rollout_corr/chi2_seq:-0.16235476732254028 - actor/pg_clipfrac:np.float64(0.0) - actor/ppo_kl:np.float64(0.0) - actor/pg_clipfrac_lower:np.float64(0.0) - actor/pg_loss:np.float64(0.0) - actor/loss:np.float64(0.0) - actor/grad_norm:np.float64(0.0) - actor/lr:np.float64(1e-06) - actor/perf/max_memory_allocated_gb:np.float64(69.77841520309448) - actor/perf/max_memory_reserved_gb:np.float64(93.78515625) - actor/perf/cpu_memory_used_gb:np.float64(33.23483657836914) - perf/mfu/actor:np.float64(0.10610185917059876) - training/global_step:12 - training/epoch:0 - critic/score/mean:1.0 - critic/score/max:1.0 - critic/score/min:1.0 - critic/rewards/mean:1.0 - critic/rewards/max:1.0 - critic/rewards/min:1.0 - critic/advantages/mean:0.0 - critic/advantages/max:0.0 - critic/advantages/min:0.0 - critic/returns/mean:0.0 - critic/returns/max:0.0 - critic/returns/min:0.0 - response_length/mean:1481.5 - response_length/max:1560.0 - response_length/min:1403.0 - response_length/clip_ratio:0.5 - response_length_non_aborted/mean:1481.5 - response_length_non_aborted/max:1560.0 - response_length_non_aborted/min:1403.0 - response_length_non_aborted/clip_ratio:0.5 - response/aborted_ratio:0.0 - prompt_length/mean:159.0 - prompt_length/max:159.0 - prompt_length/min:159.0 - prompt_length/clip_ratio:1.0 - timing_s/gen:14.663428623985965 - timing_s/old_log_prob:0.7967704170150682 - timing_s/adv:0.12957434100098908 - timing_s/update_actor:1.7168439810047857 - timing_s/update_weights:25.62178537703585 - timing_s/step:43.03149458998814 - timing_per_token_ms/adv:0.03944424383591753 - timing_per_token_ms/update_actor:0.5226313488599044 - timing_per_token_ms/gen:4.9455071244472055 - perf/total_num_tokens:3285 - perf/time_per_step:43.03149458998814 - perf/throughput:76.3394353670509 - training/num_turns/mean:np.float64(2.0) - training/num_turns/max:np.int64(2) - training/num_turns/min:np.int64(2) - training/off_policy/trajectory_spans/mean:np.float64(1.0) - training/off_policy/trajectory_spans/max:np.float64(1.0) - training/off_policy/trajectory_spans/min:np.float64(1.0) - training/off_policy/trajectory_staleness/mean:np.float64(0.0) - training/off_policy/trajectory_staleness/max:np.float64(0.0) - training/off_policy/trajectory_staleness/min:np.float64(0.0) - training/off_policy/trajectory_staleness_worst/mean:np.float64(0.0) - training/off_policy/trajectory_staleness_worst/max:np.float64(0.0) - training/off_policy/trajectory_staleness_worst/min:np.float64(0.0)
[36m(TaskRunnerV1 pid=1351353)[0m [qwen3vl_c2_zscore_v1] diagnostics {'c2_groups_total': 2.0, 'c2_groups_with_nonzero_b_gain_std': 0.0, 'c2_frac_groups_with_nonzero_b_gain_std': 0.0, 'c2_groups_where_b_gain_changes_ranking': 0.0, 'c2_frac_groups_where_b_gain_changes_ranking': 0.0, 'c2_all_same_answer_groups': 2.0, 'c2_all_same_answer_groups_with_b_gain_ranking': 0.0, 'c2_frac_all_same_answer_groups_with_b_gain_ranking': 0.0, 'c2_within_group_corr_answer_b_gain_mean': 0.0}
[36m(TaskRunnerV1 pid=1351353)[0m step:13 - global_seqlen/min:2962 - global_seqlen/max:2962 - global_seqlen/minmax_diff:0 - global_seqlen/balanced_min:2962 - global_seqlen/balanced_max:2962 - global_seqlen/mean:2962.0 - actor/entropy:0.3707611560821533 - training/rollout_probs_diff_valid:1 - training/rollout_probs_diff_max:0.06217646598815918 - training/rollout_probs_diff_mean:0.003920985851436853 - training/rollout_probs_diff_std:0.008394477888941765 - training/rollout_actor_probs_pearson_corr:0.9994862675666809 - c2_groups_total:2.0 - c2_groups_with_nonzero_b_gain_std:0.0 - c2_frac_groups_with_nonzero_b_gain_std:0.0 - c2_groups_where_b_gain_changes_ranking:0.0 - c2_frac_groups_where_b_gain_changes_ranking:0.0 - c2_all_same_answer_groups:2.0 - c2_all_same_answer_groups_with_b_gain_ranking:0.0 - c2_frac_all_same_answer_groups_with_b_gain_ranking:0.0 - c2_within_group_corr_answer_b_gain_mean:0.0 - rollout_corr/training_ppl:1.2358283996582031 - rollout_corr/training_log_ppl:0.1929888129234314 - rollout_corr/kl:-0.00017497825319878757 - rollout_corr/k3_kl:0.00039446144364774227 - rollout_corr/rollout_ppl:1.2359861135482788 - rollout_corr/rollout_log_ppl:0.19308587908744812 - rollout_corr/log_ppl_diff:-9.708106517791748e-05 - rollout_corr/log_ppl_abs_diff:0.000346943736076355 - rollout_corr/log_ppl_diff_max:0.000499725341796875 - rollout_corr/log_ppl_diff_min:-0.0008880496025085449 - rollout_corr/ppl_ratio:0.9999030828475952 - rollout_corr/chi2_token:0.001944422721862793 - rollout_corr/chi2_seq:1.9340181350708008 - actor/pg_clipfrac:np.float64(0.0) - actor/ppo_kl:np.float64(0.0) - actor/pg_clipfrac_lower:np.float64(0.0) - actor/pg_loss:np.float64(0.0) - actor/loss:np.float64(0.0) - actor/grad_norm:np.float64(0.0) - actor/lr:np.float64(1e-06) - actor/perf/max_memory_allocated_gb:np.float64(69.77841520309448) - actor/perf/max_memory_reserved_gb:np.float64(93.78515625) - actor/perf/cpu_memory_used_gb:np.float64(33.23389434814453) - perf/mfu/actor:np.float64(0.10523903645020162) - training/global_step:13 - training/epoch:0 - critic/score/mean:1.0 - critic/score/max:1.0 - critic/score/min:1.0 - critic/rewards/mean:1.0 - critic/rewards/max:1.0 - critic/rewards/min:1.0 - critic/advantages/mean:0.0 - critic/advantages/max:0.0 - critic/advantages/min:0.0 - critic/returns/mean:0.0 - critic/returns/max:0.0 - critic/returns/min:0.0 - response_length/mean:1302.0 - response_length/max:1338.0 - response_length/min:1266.0 - response_length/clip_ratio:0.5 - response_length_non_aborted/mean:1302.0 - response_length_non_aborted/max:1338.0 - response_length_non_aborted/min:1266.0 - response_length_non_aborted/clip_ratio:0.5 - response/aborted_ratio:0.0 - prompt_length/mean:177.0 - prompt_length/max:177.0 - prompt_length/min:177.0 - prompt_length/clip_ratio:1.0 - timing_s/gen:12.665507673053071 - timing_s/old_log_prob:0.7568450950202532 - timing_s/adv:0.12387410900555551 - timing_s/update_actor:1.5751744380104356 - timing_s/update_weights:25.45559064799454 - timing_s/step:40.67987032601377 - timing_per_token_ms/adv:0.041821103648060604 - timing_per_token_ms/update_actor:0.5317942059454542 - timing_per_token_ms/gen:4.860133412529958 - perf/total_num_tokens:2962 - perf/time_per_step:40.67987032601377 - perf/throughput:72.81242482491086 - training/num_turns/mean:np.float64(2.0) - training/num_turns/max:np.int64(2) - training/num_turns/min:np.int64(2) - training/off_policy/trajectory_spans/mean:np.float64(1.0) - training/off_policy/trajectory_spans/max:np.float64(1.0) - training/off_policy/trajectory_spans/min:np.float64(1.0) - training/off_policy/trajectory_staleness/mean:np.float64(0.0) - training/off_policy/trajectory_staleness/max:np.float64(0.0) - training/off_policy/trajectory_staleness/min:np.float64(0.0) - training/off_policy/trajectory_staleness_worst/mean:np.float64(0.0) - training/off_policy/trajectory_staleness_worst/max:np.float64(0.0) - training/off_policy/trajectory_staleness_worst/min:np.float64(0.0)[36m(TaskRunnerV1 pid=1351353)[0m Training Progress:  26%|██▌       | 13/50 [16:58<34:22, 55.75s/it]
[36m(WorkerDict pid=1352787)[0m INFO:2026-07-06 06:24:40,381:update_weights done, time cost: 0.91s
[36m(TaskRunnerV1 pid=1351353)[0m Training Progress:  28%|██▊       | 14/50 [17:43<31:30, 52.52s/it]
[36m(TransferQueueController pid=1351560)[0m 2026-07-06 06:24:56,287 - INFO - transfer_queue.utils.perf_utils - TQ_CONTROLLER_7568c1bf: [Performance] Total success requests: 309, Total req/min: 61.70, Total avg process time: 0.0005s; 
[36m(TransferQueueController pid=1351560)[0m Time range: last 5.01 minutes; 
[36m(TransferQueueController pid=1351560)[0m Per-operation statistics: KV_RETRIEVE_META: req_count=112, req/min=22.36, avg_time=0.001052s, max_time=0.002575s, min_time=0.000452s; CLEAR_META: req_count=14, req/min=2.80, avg_time=0.000305s, max_time=0.000459s, min_time=0.000250s; SET_CUSTOM_META: req_count=66, req/min=13.18, avg_time=0.000048s, max_time=0.000240s, min_time=0.000019s; KV_LIST: req_count=65, req/min=12.98, avg_time=0.000056s, max_time=0.000085s, min_time=0.000022s; NOTIFY_DATA_UPDATE: req_count=46, req/min=9.19, avg_time=0.000385s, max_time=0.000507s, min_time=0.000244s; KV_RETRIEVE_KEYS: req_count=6, req/min=1.20, avg_time=0.000076s, max_time=0.000140s, min_time=0.000058s
[36m(WorkerDict pid=1352787)[0m INFO:2026-07-06 06:25:24,219:update_weights done, time cost: 0.93s

[36m(TaskRunnerV1 pid=1351353)[0m [qwen3vl_c2_zscore_v1] diagnostics {'c2_groups_total': 2.0, 'c2_groups_with_nonzero_b_gain_std': 1.0, 'c2_frac_groups_with_nonzero_b_gain_std': 0.5, 'c2_groups_where_b_gain_changes_ranking': 1.0, 'c2_frac_groups_where_b_gain_changes_ranking': 0.5, 'c2_all_same_answer_groups': 2.0, 'c2_all_same_answer_groups_with_b_gain_ranking': 1.0, 'c2_frac_all_same_answer_groups_with_b_gain_ranking': 0.5, 'c2_within_group_corr_answer_b_gain_mean': 0.0}
[36m(TaskRunnerV1 pid=1351353)[0m step:14 - global_seqlen/min:2974 - global_seqlen/max:2974 - global_seqlen/minmax_diff:0 - global_seqlen/balanced_min:2974 - global_seqlen/balanced_max:2974 - global_seqlen/mean:2974.0 - actor/entropy:0.28580981492996216 - training/rollout_probs_diff_valid:1 - training/rollout_probs_diff_max:0.0989418625831604 - training/rollout_probs_diff_mean:0.0036876637022942305 - training/rollout_probs_diff_std:0.008970639668405056 - training/rollout_actor_probs_pearson_corr:0.9993037581443787 - c2_groups_total:2.0 - c2_groups_with_nonzero_b_gain_std:1.0 - c2_frac_groups_with_nonzero_b_gain_std:0.5 - c2_groups_where_b_gain_changes_ranking:1.0 - c2_frac_groups_where_b_gain_changes_ranking:0.5 - c2_all_same_answer_groups:2.0 - c2_all_same_answer_groups_with_b_gain_ranking:1.0 - c2_frac_all_same_answer_groups_with_b_gain_ranking:0.5 - c2_within_group_corr_answer_b_gain_mean:0.0 - rollout_corr/training_ppl:1.1367056369781494 - rollout_corr/training_log_ppl:0.11782245337963104 - rollout_corr/kl:0.0009102309704758227 - rollout_corr/k3_kl:0.0003824184532277286 - rollout_corr/rollout_ppl:1.1360069513320923 - rollout_corr/rollout_log_ppl:0.11724022030830383 - rollout_corr/log_ppl_diff:0.0005822274833917618 - rollout_corr/log_ppl_abs_diff:0.0005822274833917618 - rollout_corr/log_ppl_diff_max:0.0017693117260932922 - rollout_corr/log_ppl_diff_min:0.0 - rollout_corr/ppl_ratio:1.0005826950073242 - rollout_corr/chi2_token:-0.0002897977828979492 - rollout_corr/chi2_seq:-0.45290642976760864 - actor/pg_clipfrac:np.float64(0.0) - actor/ppo_kl:np.float64(0.0) - actor/pg_clipfrac_lower:np.float64(0.0) - actor/pg_loss:np.float64(0.2971653938293457) - actor/loss:np.float64(0.2971653938293457) - actor/grad_norm:np.float64(0.06463160365819931) - actor/lr:np.float64(1e-06) - actor/perf/max_memory_allocated_gb:np.float64(69.77841520309448) - actor/perf/max_memory_reserved_gb:np.float64(93.78515625) - actor/perf/cpu_memory_used_gb:np.float64(33.239112854003906) - perf/mfu/actor:np.float64(0.10266730122890613) - training/global_step:14 - training/epoch:0 - critic/score/mean:1.0 - critic/score/max:1.2000000476837158 - critic/score/min:0.800000011920929 - critic/rewards/mean:1.0 - critic/rewards/max:1.2000000476837158 - critic/rewards/min:0.800000011920929 - critic/advantages/mean:-0.2971653342247009 - critic/advantages/max:0.7071043848991394 - critic/advantages/min:-0.7071041464805603 - critic/returns/mean:-0.2971653342247009 - critic/returns/max:0.7071043848991394 - critic/returns/min:-0.7071041464805603 - response_length/mean:1323.0 - response_length/max:1879.0 - response_length/min:767.0 - response_length/clip_ratio:0.5 - response_length_non_aborted/mean:1323.0 - response_length_non_aborted/max:1879.0 - response_length_non_aborted/min:767.0 - response_length_non_aborted/clip_ratio:0.5 - response/aborted_ratio:0.0 - prompt_length/mean:162.0 - prompt_length/max:162.0 - prompt_length/min:162.0 - prompt_length/clip_ratio:1.0 - timing_s/gen:16.715226344997063 - timing_s/old_log_prob:0.7501126050483435 - timing_s/adv:0.1269419400487095 - timing_s/update_actor:1.6213226830004714 - timing_s/update_weights:25.66051489301026 - timing_s/step:44.97686420404352 - timing_per_token_ms/adv:0.04268390721207448 - timing_per_token_ms/update_actor:0.5451656634164329 - timing_per_token_ms/gen:6.312396655965658 - perf/total_num_tokens:2974 - perf/time_per_step:44.97686420404352 - perf/throughput:66.12288456812048 - training/num_turns/mean:np.float64(2.0) - training/num_turns/max:np.int64(2) - training/num_turns/min:np.int64(2) - training/off_policy/trajectory_spans/mean:np.float64(1.0) - training/off_policy/trajectory_spans/max:np.float64(1.0) - training/off_policy/trajectory_spans/min:np.float64(1.0) - training/off_policy/trajectory_staleness/mean:np.float64(0.0) - training/off_policy/trajectory_staleness/max:np.float64(0.0) - training/off_policy/trajectory_staleness/min:np.float64(0.0) - training/off_policy/trajectory_staleness_worst/mean:np.float64(0.0) - training/off_policy/trajectory_staleness_worst/max:np.float64(0.0) - training/off_policy/trajectory_staleness_worst/min:np.float64(0.0)
[36m(TaskRunnerV1 pid=1351353)[0m [qwen3vl_c2_zscore_v1] diagnostics {'c2_groups_total': 2.0, 'c2_groups_with_nonzero_b_gain_std': 1.0, 'c2_frac_groups_with_nonzero_b_gain_std': 0.5, 'c2_groups_where_b_gain_changes_ranking': 0.0, 'c2_frac_groups_where_b_gain_changes_ranking': 0.0, 'c2_all_same_answer_groups': 2.0, 'c2_all_same_answer_groups_with_b_gain_ranking': 1.0, 'c2_frac_all_same_answer_groups_with_b_gain_ranking': 0.5, 'c2_within_group_corr_answer_b_gain_mean': 0.0}
[36m(TaskRunnerV1 pid=1351353)[0m step:15 - global_seqlen/min:4065 - global_seqlen/max:4065 - global_seqlen/minmax_diff:0 - global_seqlen/balanced_min:4065 - global_seqlen/balanced_max:4065 - global_seqlen/mean:4065.0 - actor/entropy:0.4406585395336151 - training/rollout_probs_diff_valid:1 - training/rollout_probs_diff_max:0.0701020359992981 - training/rollout_probs_diff_mean:0.005077769514173269 - training/rollout_probs_diff_std:0.009146297350525856 - training/rollout_actor_probs_pearson_corr:0.9993676543235779 - c2_groups_total:2.0 - c2_groups_with_nonzero_b_gain_std:1.0 - c2_frac_groups_with_nonzero_b_gain_std:0.5 - c2_groups_where_b_gain_changes_ranking:0.0 - c2_frac_groups_where_b_gain_changes_ranking:0.0 - c2_all_same_answer_groups:2.0 - c2_all_same_answer_groups_with_b_gain_ranking:1.0 - c2_frac_all_same_answer_groups_with_b_gain_ranking:0.5 - c2_within_group_corr_answer_b_gain_mean:0.0 - rollout_corr/training_ppl:1.266839861869812 - rollout_corr/training_log_ppl:0.21382080018520355 - rollout_corr/kl:0.0009572960552759469 - rollout_corr/k3_kl:0.0005650506354868412 - rollout_corr/rollout_ppl:1.266116976737976 - rollout_corr/rollout_log_ppl:0.2133476436138153 - rollout_corr/log_ppl_diff:0.00047315657138824463 - rollout_corr/log_ppl_abs_diff:0.00047315657138824463 - rollout_corr/log_ppl_diff_max:0.0013572871685028076 - rollout_corr/log_ppl_diff_min:0.0 - rollout_corr/ppl_ratio:1.0004733800888062 - rollout_corr/chi2_token:0.0003414154052734375 - rollout_corr/chi2_seq:-0.4449443817138672 - actor/pg_clipfrac:np.float64(0.0) - actor/ppo_kl:np.float64(0.0) - actor/pg_clipfrac_lower:np.float64(0.0) - actor/pg_loss:np.float64(-0.018871765583753586) - actor/loss:np.float64(-0.018871765583753586) - actor/grad_norm:np.float64(0.06881310045719147) - actor/lr:np.float64(1e-06) - actor/perf/max_memory_allocated_gb:np.float64(69.77841520309448) - actor/perf/max_memory_reserved_gb:np.float64(93.78515625) - actor/perf/cpu_memory_used_gb:np.float64(33.2972297668457) - perf/mfu/actor:np.float64(0.10181424625506946) - training/global_step:15 - training/epoch:0 - critic/score/mean:1.0 - critic/score/max:1.2000000476837158 - critic/score/min:0.800000011920929 - critic/rewards/mean:1.0 - critic/rewards/max:1.2000000476837158 - critic/rewards/min:0.800000011920929 - critic/advantages/mean:0.018871834501624107 - critic/advantages/max:0.7071043848991394 - critic/advantages/min:-0.7071041464805603 - critic/returns/mean:0.018871834501624107 - critic/returns/max:0.7071043848991394 - critic/returns/min:-0.7071041464805603 - response_length/mean:1517.5 - response_length/max:1558.0 - response_length/min:1477.0 - response_length/clip_ratio:0.5 - response_length_non_aborted/mean:1517.5 - response_length_non_aborted/max:1558.0 - response_length_non_aborted/min:1477.0 - response_length_non_aborted/clip_ratio:0.5 - response/aborted_ratio:0.0 - prompt_length/mean:513.0 - prompt_length/max:513.0 - prompt_length/min:513.0 - prompt_length/clip_ratio:1.0 - timing_s/gen:14.706644868012518 - timing_s/old_log_prob:0.8786123939789832 - timing_s/adv:0.12449519202345982 - timing_s/update_actor:2.2061010770266876 - timing_s/update_weights:25.72287999902619 - timing_s/step:43.76373727095779 - timing_per_token_ms/adv:0.030626123499006105 - timing_per_token_ms/update_actor:0.5427062920114852 - timing_per_token_ms/gen:4.8424909015517015 - perf/total_num_tokens:4065 - perf/time_per_step:43.76373727095779 - perf/throughput:92.88512027279693 - training/num_turns/mean:np.float64(2.0) - training/num_turns/max:np.int64(2) - training/num_turns/min:np.int64(2) - training/off_policy/trajectory_spans/mean:np.float64(1.0) - training/off_policy/trajectory_spans/max:np.float64(1.0) - training/off_policy/trajectory_spans/min:np.float64(1.0) - training/off_policy/trajectory_staleness/mean:np.float64(0.0) - training/off_policy/trajectory_staleness/max:np.float64(0.0) - training/off_policy/trajectory_staleness/min:np.float64(0.0) - training/off_policy/trajectory_staleness_worst/mean:np.float64(0.0) - training/off_policy/trajectory_staleness_worst/max:np.float64(0.0) - training/off_policy/trajectory_staleness_worst/min:np.float64(0.0)[36m(TaskRunnerV1 pid=1351353)[0m Training Progress:  30%|███       | 15/50 [18:27<29:06, 49.90s/it]
[36m(SimpleStorageUnit pid=1351647)[0m 2026-07-06 06:25:24,459 - INFO - transfer_queue.utils.perf_utils - TQ_STORAGE_UNIT_223f75dd: [Performance] Total success requests: 79, Total req/min: 15.75, Total avg process time: 0.0087s; 
[36m(SimpleStorageUnit pid=1351647)[0m Time range: last 5.02 minutes; 
[36m(SimpleStorageUnit pid=1351647)[0m Per-operation statistics: GET_DATA: req_count=37, req/min=7.38, avg_time=0.008815s, max_time=0.009450s, min_time=0.006882s; PUT_DATA: req_count=34, req/min=6.78, avg_time=0.008539s, max_time=0.009492s, min_time=0.007167s; CLEAR_DATA: req_count=8, req/min=1.59, avg_time=0.009214s, max_time=0.013499s, min_time=0.006934s
[36m(TaskRunnerV1 pid=1351353)[0m INFO:2026-07-06 06:26:24,602:pending: 0, running: 1, finished: 0, failure: 0
[36m(SimpleStorageUnit pid=1351628)[0m 2026-07-06 06:26:58,216 - INFO - transfer_queue.utils.perf_utils - TQ_STORAGE_UNIT_8ee867ee: [Performance] Total success requests: 80, Total req/min: 12.30, Total avg process time: 0.0082s; 
[36m(SimpleStorageUnit pid=1351628)[0m Time range: last 6.50 minutes; 
[36m(SimpleStorageUnit pid=1351628)[0m Per-operation statistics: PUT_DATA: req_count=36, req/min=5.53, avg_time=0.007952s, max_time=0.008755s, min_time=0.007045s; GET_DATA: req_count=36, req/min=5.53, avg_time=0.008280s, max_time=0.008863s, min_time=0.007210s; CLEAR_DATA: req_count=8, req/min=1.23, avg_time=0.008507s, max_time=0.009830s, min_time=0.007399s
[36m(TaskRunnerV1 pid=1351353)[0m INFO:2026-07-06 06:27:24,692:pending: 0, running: 1, finished: 0, failure: 0
[36m(SimpleStorageUnit pid=1351645)[0m 2026-07-06 06:27:36,728 - INFO - transfer_queue.utils.perf_utils - TQ_STORAGE_UNIT_1d0b4ae1: [Performance] Total success requests: 80, Total req/min: 11.22, Total avg process time: 0.0081s; 
[36m(SimpleStorageUnit pid=1351645)[0m Time range: last 7.13 minutes; 
[36m(SimpleStorageUnit pid=1351645)[0m Per-operation statistics: GET_DATA: req_count=37, req/min=5.19, avg_time=0.008127s, max_time=0.008808s, min_time=0.005269s; PUT_DATA: req_count=34, req/min=4.77, avg_time=0.008081s, max_time=0.011760s, min_time=0.006961s; CLEAR_DATA: req_count=9, req/min=1.26, avg_time=0.008415s, max_time=0.009361s, min_time=0.006847s
[36m(SimpleStorageUnit pid=1351646)[0m 2026-07-06 06:27:37,574 - INFO - transfer_queue.utils.perf_utils - TQ_STORAGE_UNIT_c08a3711: [Performance] Total success requests: 81, Total req/min: 11.29, Total avg process time: 0.0081s; 
[36m(SimpleStorageUnit pid=1351646)[0m Time range: last 7.18 minutes; 
[36m(SimpleStorageUnit pid=1351646)[0m Per-operation statistics: GET_DATA: req_count=37, req/min=5.16, avg_time=0.008225s, max_time=0.009067s, min_time=0.006821s; PUT_DATA: req_count=35, req/min=4.88, avg_time=0.007815s, max_time=0.008735s, min_time=0.003007s; CLEAR_DATA: req_count=9, req/min=1.25, avg_time=0.008747s, max_time=0.013150s, min_time=0.006801s

[36m(TaskRunnerV1 pid=1351353)[0m [qwen3vl_c2_zscore_v1] diagnostics {'c2_groups_total': 2.0, 'c2_groups_with_nonzero_b_gain_std': 1.0, 'c2_frac_groups_with_nonzero_b_gain_std': 0.5, 'c2_groups_where_b_gain_changes_ranking': 0.0, 'c2_frac_groups_where_b_gain_changes_ranking': 0.0, 'c2_all_same_answer_groups': 1.0, 'c2_all_same_answer_groups_with_b_gain_ranking': 0.0, 'c2_frac_all_same_answer_groups_with_b_gain_ranking': 0.0, 'c2_within_group_corr_answer_b_gain_mean': 1.0}
Error executing job with overrides: ['algorithm.adv_estimator=grpo', 'algorithm.use_kl_in_reward=False', 'data.train_files=/data2/hjk/projects/AI-HiddenState-ER/rl_data/mathverse_qwen3vl_stage3_pilot200_128/mathverse_grpo_train.parquet', 'data.val_files=/data2/hjk/projects/AI-HiddenState-ER/rl_data/mathverse_qwen3vl_stage3_pilot200_128/mathverse_grpo_val.parquet', 'data.image_key=images', 'data.train_batch_size=1', 'data.max_prompt_length=4096', 'data.max_response_length=16384', 'data.filter_overlong_prompts=True', 'data.truncation=error', 'actor_rollout_ref.model.path=/data2/hjk/models/huggingface/hub/models--Qwen--Qwen3-VL-8B-Thinking/snapshots/92f3c4b4feadd3a016ef468d103bb5f58b2a2c6b', 'actor_rollout_ref.model.use_remove_padding=True', 'actor_rollout_ref.model.enable_gradient_checkpointing=True', 'actor_rollout_ref.actor.strategy=fsdp2', 'actor_rollout_ref.actor.optim.lr=1e-6', 'actor_rollout_ref.actor.ppo_mini_batch_size=2', 'actor_rollout_ref.actor.use_dynamic_bsz=True', 'actor_rollout_ref.actor.ppo_max_token_len_per_gpu=65536', 'actor_rollout_ref.actor.use_kl_loss=True', 'actor_rollout_ref.actor.kl_loss_coef=0.01', 'actor_rollout_ref.actor.kl_loss_type=low_var_kl', 'actor_rollout_ref.actor.entropy_coeff=0', 'actor_rollout_ref.rollout.name=vllm', 'actor_rollout_ref.rollout.tensor_model_parallel_size=1', 'actor_rollout_ref.rollout.gpu_memory_utilization=0.50', 'actor_rollout_ref.rollout.enable_chunked_prefill=False', 'actor_rollout_ref.rollout.n=2', 'actor_rollout_ref.rollout.log_prob_use_dynamic_bsz=True', 'actor_rollout_ref.rollout.log_prob_max_token_len_per_gpu=65536', 'actor_rollout_ref.ref.log_prob_use_dynamic_bsz=True', 'actor_rollout_ref.ref.log_prob_max_token_len_per_gpu=65536', 'actor_rollout_ref.ref.fsdp_config.param_offload=True', 'trainer.balance_batch=True', 'trainer.logger=["console","wandb"]', 'trainer.project_name=qwen3vl_stage3_pilot', 'trainer.experiment_name=qwen3vl8b_stage3_c2_zscore_pilot_trainonly_prompt4096_seed42', 'trainer.n_gpus_per_node=1', 'trainer.nnodes=1', 'trainer.save_freq=-1', 'trainer.test_freq=-1', 'trainer.total_epochs=1', 'actor_rollout_ref.model.use_fused_kernels=True', 'actor_rollout_ref.actor.fsdp_config.param_offload=False', 'actor_rollout_ref.actor.fsdp_config.optimizer_offload=False', 'actor_rollout_ref.rollout.enforce_eager=False', 'actor_rollout_ref.rollout.free_cache_engine=True', 'trainer.logger=["console"]', 'trainer.total_training_steps=50', 'trainer.val_before_train=False', 'trainer.default_local_dir=/data2/hjk/checkpoints/verl_qwen3vl/qwen3vl8b_stage3_c2_zscore_pilot_trainonly_prompt4096_seed42', 'trainer.log_val_generations=16', 'trainer.validation_data_dir=/data2/hjk/projects/AI-HiddenState-ER/rl_audit/qwen3vl8b_stage3_c2_zscore_pilot_trainonly_prompt4096_seed42/validation_generations', 'reward.num_workers=1', 'reward.custom_reward_function.path=/data2/hjk/projects/AI-HiddenState-ER/scripts/mathverse_qwen3vl_option_gain_reward.py', 'reward.custom_reward_function.name=compute_score', 'reward.reward_manager.source=importlib', 'reward.reward_manager.module.path=/data2/hjk/projects/AI-HiddenState-ER/scripts/qwen3vl_c2_zscore_reward_manager.py', 'reward.reward_manager.name=Qwen3VLC2ZscoreRewardManager', 'actor_rollout_ref.model.use_fused_kernels=False', '+actor_rollout_ref.model.override_config.attn_implementation=sdpa', 'actor_rollout_ref.model.lora_rank=8', 'actor_rollout_ref.model.lora_alpha=16', 'actor_rollout_ref.model.lora.merge=True', 'actor_rollout_ref.model.target_modules=["q_proj","k_proj","v_proj","o_proj","gate_proj","up_proj","down_proj"]', 'actor_rollout_ref.rollout.temperature=1.0', 'actor_rollout_ref.rollout.top_p=1.0', 'actor_rollout_ref.rollout.top_k=-1', 'actor_rollout_ref.rollout.do_sample=True', 'actor_rollout_ref.rollout.seed=42', 'actor_rollout_ref.actor.data_loader_seed=42', 'actor_rollout_ref.actor.fsdp_config.seed=42', 'actor_rollout_ref.ref.fsdp_config.seed=42', 'algorithm.use_kl_in_reward=False', 'actor_rollout_ref.actor.use_kl_loss=False', 'actor_rollout_ref.actor.fsdp_config.param_offload=False', 'actor_rollout_ref.actor.fsdp_config.optimizer_offload=False', 'actor_rollout_ref.ref.fsdp_config.param_offload=True', 'actor_rollout_ref.rollout.gpu_memory_utilization=0.50', 'actor_rollout_ref.rollout.max_model_len=20480', 'actor_rollout_ref.rollout.max_num_seqs=4', 'actor_rollout_ref.rollout.max_num_batched_tokens=20480', 'actor_rollout_ref.rollout.enable_chunked_prefill=False', 'data.image_key=images', 'data.dataloader_num_workers=0', 'data.shuffle=True', 'data.seed=42', 'data.filter_overlong_prompts=True', 'data.truncation=error']
Traceback (most recent call last):
  File "<frozen runpy>", line 198, in _run_module_as_main
  File "<frozen runpy>", line 88, in _run_code
  File "/data2/hjk/projects/verl/verl/trainer/main_ppo.py", line 183, in <module>
    main()
  File "/data2/hjk/envs/verl_qwen3vl_py311/lib/python3.11/site-packages/hydra/main.py", line 94, in decorated_main
    _run_hydra(
  File "/data2/hjk/envs/verl_qwen3vl_py311/lib/python3.11/site-packages/hydra/_internal/utils.py", line 394, in _run_hydra
    _run_app(
  File "/data2/hjk/envs/verl_qwen3vl_py311/lib/python3.11/site-packages/hydra/_internal/utils.py", line 457, in _run_app
    run_and_report(
  File "/data2/hjk/envs/verl_qwen3vl_py311/lib/python3.11/site-packages/hydra/_internal/utils.py", line 223, in run_and_report
    raise ex
  File "/data2/hjk/envs/verl_qwen3vl_py311/lib/python3.11/site-packages/hydra/_internal/utils.py", line 220, in run_and_report
    return func()
           ^^^^^^
  File "/data2/hjk/envs/verl_qwen3vl_py311/lib/python3.11/site-packages/hydra/_internal/utils.py", line 458, in <lambda>
    lambda: hydra.run(
            ^^^^^^^^^^
  File "/data2/hjk/envs/verl_qwen3vl_py311/lib/python3.11/site-packages/hydra/_internal/hydra.py", line 132, in run
    _ = ret.return_value
        ^^^^^^^^^^^^^^^^
  File "/data2/hjk/envs/verl_qwen3vl_py311/lib/python3.11/site-packages/hydra/core/utils.py", line 260, in return_value
    raise self._return_value
  File "/data2/hjk/envs/verl_qwen3vl_py311/lib/python3.11/site-packages/hydra/core/utils.py", line 186, in run_job
    ret.return_value = task_function(task_cfg)
                       ^^^^^^^^^^^^^^^^^^^^^^^
  File "/data2/hjk/projects/verl/verl/trainer/main_ppo.py", line 171, in main
    run_ppo(config, task_runner_class=TaskRunnerV1)
  File "/data2/hjk/projects/verl/verl/trainer/main_ppo.py", line 89, in run_ppo
    ray.get(runner.run.remote(config))
  File "/data2/hjk/envs/verl_qwen3vl_py311/lib/python3.11/site-packages/ray/_private/auto_init_hook.py", line 22, in auto_init_wrapper
    return fn(*args, **kwargs)
           ^^^^^^^^^^^^^^^^^^^
  File "/data2/hjk/envs/verl_qwen3vl_py311/lib/python3.11/site-packages/ray/_private/client_mode_hook.py", line 110, in wrapper
    return func(*args, **kwargs)
           ^^^^^^^^^^^^^^^^^^^^^
  File "/data2/hjk/envs/verl_qwen3vl_py311/lib/python3.11/site-packages/ray/_private/worker.py", line 2968, in get
    values, debugger_breakpoint = worker.get_objects(
                                  ^^^^^^^^^^^^^^^^^^^
  File "/data2/hjk/envs/verl_qwen3vl_py311/lib/python3.11/site-packages/ray/_private/worker.py", line 1050, in get_objects
    raise value.as_instanceof_cause()
ray.exceptions.RayTaskError: [36mray::TaskRunnerV1.run()[39m (pid=1351353, ip=202.120.39.159, actor_id=dd51cc89d9b5ff4805ebfb7a01000000, repr=<main_ppo.TaskRunnerV1 object at 0x7fe5090df4d0>)
           ^^^^^^^^^^^^^^^^^^^^^^^^^^^^^^^^^^^^
           ^^^^^^^^^^^^^^^^^^^^^^^^^^^^^^^
  File "/data2/hjk/projects/verl/verl/trainer/main_ppo.py", line 148, in run
    self.trainer.fit(self.agent_loop_manager)
  File "/data2/hjk/projects/verl/verl/trainer/ppo/v1/trainer_base.py", line 374, in fit
    self.on_step_end()
  File "/data2/hjk/projects/verl/verl/trainer/ppo/v1/trainer_sync.py", line 38, in on_step_end
    self.checkpoint_manager.update_weights(self.global_steps)
  File "/data2/hjk/projects/verl/verl/utils/ray_utils.py", line 123, in wrapper
    return asyncio.run(coro)
           ^^^^^^^^^^^^^^^^^
  File "/data2/hjk/envs/verl_qwen3vl_py311/lib/python3.11/asyncio/runners.py", line 190, in run
    return runner.run(main)
           ^^^^^^^^^^^^^^^^
  File "/data2/hjk/envs/verl_qwen3vl_py311/lib/python3.11/asyncio/runners.py", line 118, in run
    return self._loop.run_until_complete(task)
           ^^^^^^^^^^^^^^^^^^^^^^^^^^^^^^^^^^^
  File "uvloop/loop.pyx", line 1518, in uvloop.loop.Loop.run_until_complete
  File "/data2/hjk/projects/verl/verl/checkpoint_engine/base.py", line 479, in update_weights
    ray.get(self.actor_wg.update_weights(global_steps=global_steps, mode=self.backend))
           ^^^^^^^^^^^^^^^^^^^
           ^^^^^^^^^^^^^^^^^^^^^
                                  ^^^^^^^^^^^^^^^^^^^
ray.exceptions.RayTaskError: [36mray::WorkerDict.actor_rollout_update_weights()[39m (pid=1352787, ip=202.120.39.159, actor_id=a894aa5caa912727275e979101000000, repr=<verl.single_controller.ray.base.WorkerDict object at 0x7f0f8bf4f510>)
  File "/data2/hjk/envs/verl_qwen3vl_py311/lib/python3.11/concurrent/futures/_base.py", line 449, in result
    return self.__get_result()
           ^^^^^^^^^^^^^^^^^^^
  File "/data2/hjk/envs/verl_qwen3vl_py311/lib/python3.11/concurrent/futures/_base.py", line 401, in __get_result
    raise self._exception
           ^^^^^^^^^^^^^^^^^^^^^^^^^^^^^^^^^^^^^
  File "/data2/hjk/projects/verl/verl/single_controller/ray/base.py", line 943, in async_func
    return await getattr(self.worker_dict[key], name)(*args, **kwargs)
           ^^^^^^^^^^^^^^^^^^^^^^^^^^^^^^^^^^^^^^^^^^^^^^^^^^^^^^^^^^^
  File "/data2/hjk/projects/verl/verl/single_controller/base/decorator.py", line 437, in async_inner
    return await func(*args, **kwargs)
           ^^^^^^^^^^^^^^^^^^^^^^^^^^^
  File "/data2/hjk/projects/verl/verl/utils/transferqueue_utils.py", line 376, in async_inner
    return await func(*args, **kwargs)
           ^^^^^^^^^^^^^^^^^^^^^^^^^^^
  File "/data2/hjk/projects/verl/verl/workers/engine_workers.py", line 711, in update_weights
    await self.rollout.resume(tags=["weights"])
  File "/data2/hjk/projects/verl/verl/workers/rollout/vllm_rollout/vllm_rollout.py", line 204, in resume
    await self.server_handle.wake_up.remote(tags=tags)
ray.exceptions.RayTaskError: [36mray::vLLMHttpServer.wake_up()[39m (pid=1353475, ip=202.120.39.159, actor_id=f576637c914354e2c901c8a101000000, repr=<verl.workers.rollout.vllm_rollout.vllm_async_server.vLLMHttpServer object at 0x7fc790ed2890>)
  File "/data2/hjk/envs/verl_qwen3vl_py311/lib/python3.11/concurrent/futures/_base.py", line 449, in result
    return self.__get_result()
           ^^^^^^^^^^^^^^^^^^^
  File "/data2/hjk/envs/verl_qwen3vl_py311/lib/python3.11/concurrent/futures/_base.py", line 401, in __get_result
    raise self._exception
           ^^^^^^^^^^^^^^^^^^^^^^^^^^^^^^^^^^^^^
  File "/data2/hjk/projects/verl/verl/workers/rollout/vllm_rollout/vllm_async_server.py", line 637, in wake_up
    await self.engine.wake_up(tags=tags or self._get_wake_up_tags())
  File "/data2/hjk/envs/verl_qwen3vl_py311/lib/python3.11/site-packages/vllm/v1/engine/async_llm.py", line 640, in wake_up
    await self.engine_core.wake_up_async(tags)
  File "/data2/hjk/envs/verl_qwen3vl_py311/lib/python3.11/site-packages/vllm/v1/engine/core_client.py", line 925, in wake_up_async
    await self.call_utility_async("wake_up", tags)
  File "/data2/hjk/envs/verl_qwen3vl_py311/lib/python3.11/site-packages/vllm/v1/engine/core_client.py", line 885, in call_utility_async
    return await self._call_utility_async(method,
           ^^^^^^^^^^^^^^^^^^^^^^^^^^^^^^^^^^^^^^
  File "/data2/hjk/envs/verl_qwen3vl_py311/lib/python3.11/site-packages/vllm/v1/engine/core_client.py", line 898, in _call_utility_async
    return await future
           ^^^^^^^^^^^^
Exception: Call to wake_up method failed: Worker failed with error 'CUDA Error: out of memory at /workspace/csrc/cumem_allocator.cpp:62', please check the stack trace above for the root cause
[36m(vLLMHttpServer pid=1353475)[0m CUDA Error: out of memory at /workspace/csrc/cumem_allocator.cpp:62
[36m(vLLMHttpServer pid=1353475)[0m [1;36m(Worker pid=1353722)[0;0m ERROR 07-06 06:28:22 [multiproc_executor.py:671] WorkerProc hit an exception.
[36m(vLLMHttpServer pid=1353475)[0m [1;36m(Worker pid=1353722)[0;0m ERROR 07-06 06:28:22 [multiproc_executor.py:671] Traceback (most recent call last):
[36m(vLLMHttpServer pid=1353475)[0m [1;36m(Worker pid=1353722)[0;0m ERROR 07-06 06:28:22 [multiproc_executor.py:671]   File "/data2/hjk/envs/verl_qwen3vl_py311/lib/python3.11/site-packages/vllm/v1/executor/multiproc_executor.py", line 666, in worker_busy_loop
[36m(vLLMHttpServer pid=1353475)[0m [1;36m(Worker pid=1353722)[0;0m ERROR 07-06 06:28:22 [multiproc_executor.py:671]     output = func(*args, **kwargs)
[36m(vLLMHttpServer pid=1353475)[0m [1;36m(Worker pid=1353722)[0;0m ERROR 07-06 06:28:22 [multiproc_executor.py:671]              ^^^^^^^^^^^^^^^^^^^^^
[36m(vLLMHttpServer pid=1353475)[0m [1;36m(Worker pid=1353722)[0;0m ERROR 07-06 06:28:22 [multiproc_executor.py:671]   File "/data2/hjk/envs/verl_qwen3vl_py311/lib/python3.11/site-packages/vllm/v1/worker/gpu_worker.py", line 126, in wake_up
[36m(vLLMHttpServer pid=1353475)[0m [1;36m(Worker pid=1353722)[0;0m ERROR 07-06 06:28:22 [multiproc_executor.py:671]     allocator.wake_up(tags)
[36m(vLLMHttpServer pid=1353475)[0m [1;36m(Worker pid=1353722)[0;0m ERROR 07-06 06:28:22 [multiproc_executor.py:671]   File "/data2/hjk/envs/verl_qwen3vl_py311/lib/python3.11/site-packages/vllm/device_allocator/cumem.py", line 250, in wake_up
[36m(vLLMHttpServer pid=1353475)[0m [1;36m(Worker pid=1353722)[0;0m ERROR 07-06 06:28:22 [multiproc_executor.py:671]     create_and_map(handle)
[36m(vLLMHttpServer pid=1353475)[0m [1;36m(Worker pid=1353722)[0;0m ERROR 07-06 06:28:22 [multiproc_executor.py:671]   File "/data2/hjk/envs/verl_qwen3vl_py311/lib/python3.11/site-packages/vllm/device_allocator/cumem.py", line 81, in create_and_map
[36m(vLLMHttpServer pid=1353475)[0m [1;36m(Worker pid=1353722)[0;0m ERROR 07-06 06:28:22 [multiproc_executor.py:671]     python_create_and_map(*allocation_handle)
[36m(vLLMHttpServer pid=1353475)[0m [1;36m(Worker pid=1353722)[0;0m ERROR 07-06 06:28:22 [multiproc_executor.py:671] RuntimeError: CUDA Error: out of memory at /workspace/csrc/cumem_allocator.cpp:62
[36m(vLLMHttpServer pid=1353475)[0m [1;36m(Worker pid=1353722)[0;0m ERROR 07-06 06:28:22 [multiproc_executor.py:671] Traceback (most recent call last):
[36m(vLLMHttpServer pid=1353475)[0m [1;36m(Worker pid=1353722)[0;0m ERROR 07-06 06:28:22 [multiproc_executor.py:671]   File "/data2/hjk/envs/verl_qwen3vl_py311/lib/python3.11/site-packages/vllm/v1/executor/multiproc_executor.py", line 666, in worker_busy_loop
[36m(vLLMHttpServer pid=1353475)[0m [1;36m(Worker pid=1353722)[0;0m ERROR 07-06 06:28:22 [multiproc_executor.py:671]     output = func(*args, **kwargs)
[36m(vLLMHttpServer pid=1353475)[0m [1;36m(Worker pid=1353722)[0;0m ERROR 07-06 06:28:22 [multiproc_executor.py:671]              ^^^^^^^^^^^^^^^^^^^^^
[36m(vLLMHttpServer pid=1353475)[0m [1;36m(Worker pid=1353722)[0;0m ERROR 07-06 06:28:22 [multiproc_executor.py:671]   File "/data2/hjk/envs/verl_qwen3vl_py311/lib/python3.11/site-packages/vllm/v1/worker/gpu_worker.py", line 126, in wake_up
[36m(vLLMHttpServer pid=1353475)[0m [1;36m(Worker pid=1353722)[0;0m ERROR 07-06 06:28:22 [multiproc_executor.py:671]     allocator.wake_up(tags)
[36m(vLLMHttpServer pid=1353475)[0m [1;36m(Worker pid=1353722)[0;0m ERROR 07-06 06:28:22 [multiproc_executor.py:671]   File "/data2/hjk/envs/verl_qwen3vl_py311/lib/python3.11/site-packages/vllm/device_allocator/cumem.py", line 250, in wake_up
[36m(vLLMHttpServer pid=1353475)[0m [1;36m(Worker pid=1353722)[0;0m ERROR 07-06 06:28:22 [multiproc_executor.py:671]     create_and_map(handle)
[36m(vLLMHttpServer pid=1353475)[0m [1;36m(Worker pid=1353722)[0;0m ERROR 07-06 06:28:22 [multiproc_executor.py:671]   File "/data2/hjk/envs/verl_qwen3vl_py311/lib/python3.11/site-packages/vllm/device_allocator/cumem.py", line 81, in create_and_map
[36m(vLLMHttpServer pid=1353475)[0m [1;36m(Worker pid=1353722)[0;0m ERROR 07-06 06:28:22 [multiproc_executor.py:671]     python_create_and_map(*allocation_handle)
[36m(vLLMHttpServer pid=1353475)[0m [1;36m(Worker pid=1353722)[0;0m ERROR 07-06 06:28:22 [multiproc_executor.py:671] RuntimeError: CUDA Error: out of memory at /workspace/csrc/cumem_allocator.cpp:62
[36m(vLLMHttpServer pid=1353475)[0m [1;36m(Worker pid=1353722)[0;0m ERROR 07-06 06:28:22 [multiproc_executor.py:671] 
[36m(vLLMHttpServer pid=1353475)[0m [1;36m(EngineCore_DP0 pid=1353687)[0;0m ERROR 07-06 06:28:22 [core.py:780] Invocation of wake_up method failed
[36m(vLLMHttpServer pid=1353475)[0m [1;36m(EngineCore_DP0 pid=1353687)[0;0m ERROR 07-06 06:28:22 [core.py:780] Traceback (most recent call last):
[36m(vLLMHttpServer pid=1353475)[0m [1;36m(EngineCore_DP0 pid=1353687)[0;0m ERROR 07-06 06:28:22 [core.py:780]   File "/data2/hjk/envs/verl_qwen3vl_py311/lib/python3.11/site-packages/vllm/v1/engine/core.py", line 777, in _handle_client_request
[36m(vLLMHttpServer pid=1353475)[0m [1;36m(EngineCore_DP0 pid=1353687)[0;0m ERROR 07-06 06:28:22 [core.py:780]     result = method(*self._convert_msgspec_args(method, args))
[36m(vLLMHttpServer pid=1353475)[0m [1;36m(EngineCore_DP0 pid=1353687)[0;0m ERROR 07-06 06:28:22 [core.py:780]              ^^^^^^^^^^^^^^^^^^^^^^^^^^^^^^^^^^^^^^^^^^^^^^^^^
[36m(vLLMHttpServer pid=1353475)[0m [1;36m(EngineCore_DP0 pid=1353687)[0;0m ERROR 07-06 06:28:22 [core.py:780]   File "/data2/hjk/envs/verl_qwen3vl_py311/lib/python3.11/site-packages/vllm/v1/engine/core.py", line 381, in wake_up
[36m(vLLMHttpServer pid=1353475)[0m [1;36m(EngineCore_DP0 pid=1353687)[0;0m ERROR 07-06 06:28:22 [core.py:780]     self.model_executor.wake_up(tags)
[36m(vLLMHttpServer pid=1353475)[0m [1;36m(EngineCore_DP0 pid=1353687)[0;0m ERROR 07-06 06:28:22 [core.py:780]   File "/data2/hjk/envs/verl_qwen3vl_py311/lib/python3.11/site-packages/vllm/executor/executor_base.py", line 203, in wake_up
[36m(vLLMHttpServer pid=1353475)[0m [1;36m(EngineCore_DP0 pid=1353687)[0;0m ERROR 07-06 06:28:22 [core.py:780]     self.collective_rpc("wake_up", kwargs=dict(tags=tags))
[36m(vLLMHttpServer pid=1353475)[0m [1;36m(EngineCore_DP0 pid=1353687)[0;0m ERROR 07-06 06:28:22 [core.py:780]   File "/data2/hjk/envs/verl_qwen3vl_py311/lib/python3.11/site-packages/vllm/v1/executor/multiproc_executor.py", line 264, in collective_rpc
[36m(vLLMHttpServer pid=1353475)[0m [1;36m(EngineCore_DP0 pid=1353687)[0;0m ERROR 07-06 06:28:22 [core.py:780]     result = get_response(w, dequeue_timeout,
[36m(vLLMHttpServer pid=1353475)[0m [1;36m(EngineCore_DP0 pid=1353687)[0;0m ERROR 07-06 06:28:22 [core.py:780]              ^^^^^^^^^^^^^^^^^^^^^^^^^^^^^^^^
[36m(vLLMHttpServer pid=1353475)[0m [1;36m(EngineCore_DP0 pid=1353687)[0;0m ERROR 07-06 06:28:22 [core.py:780]   File "/data2/hjk/envs/verl_qwen3vl_py311/lib/python3.11/site-packages/vllm/v1/executor/multiproc_executor.py", line 248, in get_response
[36m(vLLMHttpServer pid=1353475)[0m [1;36m(EngineCore_DP0 pid=1353687)[0;0m ERROR 07-06 06:28:22 [core.py:780]     raise RuntimeError(
[36m(vLLMHttpServer pid=1353475)[0m [1;36m(EngineCore_DP0 pid=1353687)[0;0m ERROR 07-06 06:28:22 [core.py:780] RuntimeError: Worker failed with error 'CUDA Error: out of memory at /workspace/csrc/cumem_allocator.cpp:62', please check the stack trace above for the root cause
