+ python --version
Python 3.11.15
+ df -h / /data2
Filesystem      Size  Used Avail Use% Mounted on
/dev/sda3       434G   99G  313G  25% /
/dev/nvme1n1p1  7.0T  143G  6.5T   3% /data2
+ nvidia-smi
Sun Jul  5 14:26:52 2026       
+-----------------------------------------------------------------------------------------+
| NVIDIA-SMI 580.95.05              Driver Version: 580.95.05      CUDA Version: 13.0     |
+-----------------------------------------+------------------------+----------------------+
| GPU  Name                 Persistence-M | Bus-Id          Disp.A | Volatile Uncorr. ECC |
| Fan  Temp   Perf          Pwr:Usage/Cap |           Memory-Usage | GPU-Util  Compute M. |
|                                         |                        |               MIG M. |
|=========================================+========================+======================|
|   0  NVIDIA H200                    Off |   00000000:C0:00.0 Off |                    0 |
| N/A   41C    P0            205W /  700W |       0MiB / 143771MiB |      2%      Default |
|                                         |                        |             Disabled |
+-----------------------------------------+------------------------+----------------------+

+-----------------------------------------------------------------------------------------+
| Processes:                                                                              |
|  GPU   GI   CI              PID   Type   Process name                        GPU Memory |
|        ID   ID                                                               Usage      |
|=========================================================================================|
|  No running processes found                                                             |
+-----------------------------------------------------------------------------------------+
+ ls -lh /data2/hjk/projects/AI-HiddenState-ER/rl_data/mathverse_text_a0_clean_qwen25_500/mathverse_text_a0_clean_train.parquet /data2/hjk/projects/AI-HiddenState-ER/rl_data/mathverse_text_a0_clean_qwen25_500/mathverse_text_a0_clean_val.parquet /data2/hjk/projects/AI-HiddenState-ER/scripts/mathverse_option_logit_gain_reward.py
-rw-rw-r-- 1 hjk hjk 49K Jul  5 00:03 /data2/hjk/projects/AI-HiddenState-ER/rl_data/mathverse_text_a0_clean_qwen25_500/mathverse_text_a0_clean_train.parquet
-rw-rw-r-- 1 hjk hjk 19K Jul  5 00:03 /data2/hjk/projects/AI-HiddenState-ER/rl_data/mathverse_text_a0_clean_qwen25_500/mathverse_text_a0_clean_val.parquet
-rwxrwxr-x 1 hjk hjk 12K Jul  5 14:18 /data2/hjk/projects/AI-HiddenState-ER/scripts/mathverse_option_logit_gain_reward.py
+ echo RUN_NAME=mathverse_text_qwen25_1p5b_grpo_c_option_gain_formal_seed42
RUN_NAME=mathverse_text_qwen25_1p5b_grpo_c_option_gain_formal_seed42
+ echo SEED=42
SEED=42
+ echo TOTAL_TRAINING_STEPS=125
TOTAL_TRAINING_STEPS=125
+ echo TRAIN_BATCH_SIZE=4
TRAIN_BATCH_SIZE=4
+ echo ROLLOUT_N=8
ROLLOUT_N=8
+ echo MAX_RESPONSE_LENGTH=512
MAX_RESPONSE_LENGTH=512
+ echo OPTION_GAIN_LAMBDA=0.2
OPTION_GAIN_LAMBDA=0.2
+ echo OPTION_GAIN_CLIP=0.5
OPTION_GAIN_CLIP=0.5
+ echo OPTION_GAIN_RESPONSE_FRACS=0.0,0.33,0.67,0.90
OPTION_GAIN_RESPONSE_FRACS=0.0,0.33,0.67,0.90
+ cd /data2/hjk/projects/verl
+ DEVICE=gpu
+ INFER_BACKEND=vllm
+ MODEL_PATH=/data2/hjk/models/huggingface/hub/models--Qwen--Qwen2.5-1.5B-Instruct/snapshots/989aa7980e4cf806f80c7fef2b1adb7bc71aa306
+ NGPUS_PER_NODE=1
+ NNODES=1
+ TRAIN_BATCH_SIZE=4
+ PPO_MINI_BATCH_SIZE=16
+ MAX_PROMPT_LENGTH=2048
+ MAX_RESPONSE_LENGTH=512
+ PPO_MAX_TOKEN_LEN_PER_GPU=32768
+ ROLLOUT_TP=1
+ ROLLOUT_N=8
+ ROLLOUT_GPU_MEM_UTIL=0.30
+ TOTAL_EPOCHS=1
+ SAVE_FREQ=125
+ TEST_FREQ=25
+ PROJECT_NAME=mathverse_text_grpo_c_option_gain
+ EXPERIMENT_NAME=mathverse_text_qwen25_1p5b_grpo_c_option_gain_formal_seed42
+ bash examples/grpo_trainer/run_qwen3_8b_fsdp.sh data.train_files=/data2/hjk/projects/AI-HiddenState-ER/rl_data/mathverse_text_a0_clean_qwen25_500/mathverse_text_a0_clean_train.parquet data.val_files=/data2/hjk/projects/AI-HiddenState-ER/rl_data/mathverse_text_a0_clean_qwen25_500/mathverse_text_a0_clean_val.parquet data.dataloader_num_workers=0 data.shuffle=True data.seed=42 'trainer.logger=["console"]' trainer.total_training_steps=125 trainer.val_before_train=True trainer.default_local_dir=/data2/hjk/checkpoints/verl_qwen3vl/mathverse_text_qwen25_1p5b_grpo_c_option_gain_formal_seed42 trainer.log_val_generations=128 trainer.validation_data_dir=/data2/hjk/projects/AI-HiddenState-ER/rl_audit/mathverse_text_qwen25_1p5b_grpo_c_option_gain_formal_seed42/validation_generations reward.num_workers=1 reward.custom_reward_function.path=/data2/hjk/projects/AI-HiddenState-ER/scripts/mathverse_option_logit_gain_reward.py reward.custom_reward_function.name=compute_score actor_rollout_ref.model.use_fused_kernels=False +actor_rollout_ref.model.override_config.attn_implementation=sdpa actor_rollout_ref.model.lora_rank=8 actor_rollout_ref.model.lora_alpha=16 'actor_rollout_ref.model.target_modules=["q_proj","k_proj","v_proj","o_proj","gate_proj","up_proj","down_proj"]' actor_rollout_ref.rollout.temperature=1.0 actor_rollout_ref.rollout.top_p=1.0 actor_rollout_ref.rollout.top_k=-1 actor_rollout_ref.rollout.do_sample=True actor_rollout_ref.rollout.seed=42 actor_rollout_ref.actor.data_loader_seed=42 actor_rollout_ref.actor.fsdp_config.seed=42 actor_rollout_ref.ref.fsdp_config.seed=42 algorithm.use_kl_in_reward=False actor_rollout_ref.actor.use_kl_loss=False data.filter_overlong_prompts=True data.truncation=error
+ DEVICE=gpu
+ INFER_BACKEND=vllm
+ MACHINE=
+ MODEL_PATH=/data2/hjk/models/huggingface/hub/models--Qwen--Qwen2.5-1.5B-Instruct/snapshots/989aa7980e4cf806f80c7fef2b1adb7bc71aa306
+ NNODES=1
+ NGPUS_PER_NODE=1
+ NPUS_PER_NODE=
+ train_batch_size=4
+ ppo_mini_batch_size=16
+ max_prompt_length=2048
+ max_response_length=512
+ ppo_max_token_len_per_gpu=32768
+ actor_lr=1e-6
+ kl_loss_coef=0.001
+ entropy_coeff=0
+ rollout_tp=1
+ rollout_gpu_mem_util=0.30
+ rollout_n=8
+ sp_size=1
+ total_epochs=1
+ save_freq=125
+ test_freq=25
+ PROJECT_NAME=mathverse_text_grpo_c_option_gain
+ EXPERIMENT_NAME=mathverse_text_qwen25_1p5b_grpo_c_option_gain_formal_seed42
+ case "${DEVICE}" in
+ '[' gpu = npu ']'
+ EXTRA=()
+ case "${DEVICE}" in
+ actor_param_offload=False
+ actor_optimizer_offload=False
+ rollout_tp=1
+ rollout_gpu_mem_util=0.30
+ case "${MACHINE}" in
+ NGPUS_PER_NODE=1
+ n_trainer_devices=1
+ DATA=(algorithm.adv_estimator=grpo algorithm.use_kl_in_reward=False data.train_files="['$HOME/data/gsm8k/train.parquet', '$HOME/data/math/train.parquet']" data.val_files="['$HOME/data/gsm8k/test.parquet', '$HOME/data/math/test.parquet']" data.train_batch_size=${train_batch_size} data.max_prompt_length=${max_prompt_length} data.max_response_length=${max_response_length} data.filter_overlong_prompts=True data.truncation='error')
+ MODEL=(actor_rollout_ref.model.path="$MODEL_PATH" actor_rollout_ref.model.use_remove_padding=True actor_rollout_ref.model.enable_gradient_checkpointing=True)
+ ACTOR=(actor_rollout_ref.actor.optim.lr=${actor_lr} actor_rollout_ref.actor.ppo_mini_batch_size=${ppo_mini_batch_size} actor_rollout_ref.actor.use_dynamic_bsz=True actor_rollout_ref.actor.ppo_max_token_len_per_gpu=${ppo_max_token_len_per_gpu} actor_rollout_ref.actor.use_kl_loss=True actor_rollout_ref.actor.kl_loss_coef=${kl_loss_coef} actor_rollout_ref.actor.kl_loss_type=low_var_kl actor_rollout_ref.actor.entropy_coeff=${entropy_coeff} actor_rollout_ref.actor.fsdp_config.param_offload=${actor_param_offload} actor_rollout_ref.actor.fsdp_config.optimizer_offload=${actor_optimizer_offload})
+ ROLLOUT=(actor_rollout_ref.rollout.name=${INFER_BACKEND} actor_rollout_ref.rollout.tensor_model_parallel_size=${rollout_tp} actor_rollout_ref.rollout.gpu_memory_utilization=${rollout_gpu_mem_util} actor_rollout_ref.rollout.n=${rollout_n} actor_rollout_ref.rollout.log_prob_use_dynamic_bsz=True actor_rollout_ref.rollout.log_prob_max_token_len_per_gpu=${ppo_max_token_len_per_gpu})
+ REF=(actor_rollout_ref.ref.log_prob_use_dynamic_bsz=True actor_rollout_ref.ref.log_prob_max_token_len_per_gpu=${ppo_max_token_len_per_gpu} actor_rollout_ref.ref.fsdp_config.param_offload=True)
+ TRAINER=(trainer.balance_batch=True trainer.logger='["console","wandb"]' trainer.project_name=${PROJECT_NAME} trainer.experiment_name=${EXPERIMENT_NAME} trainer.n_gpus_per_node=${n_trainer_devices} trainer.nnodes=${NNODES} trainer.save_freq=${save_freq} trainer.test_freq=${test_freq} trainer.total_epochs=${total_epochs})
+ python3 -m verl.trainer.main_ppo algorithm.adv_estimator=grpo algorithm.use_kl_in_reward=False 'data.train_files=['\''/home/hjk/data/gsm8k/train.parquet'\'', '\''/home/hjk/data/math/train.parquet'\'']' 'data.val_files=['\''/home/hjk/data/gsm8k/test.parquet'\'', '\''/home/hjk/data/math/test.parquet'\'']' data.train_batch_size=4 data.max_prompt_length=2048 data.max_response_length=512 data.filter_overlong_prompts=True data.truncation=error actor_rollout_ref.model.path=/data2/hjk/models/huggingface/hub/models--Qwen--Qwen2.5-1.5B-Instruct/snapshots/989aa7980e4cf806f80c7fef2b1adb7bc71aa306 actor_rollout_ref.model.use_remove_padding=True actor_rollout_ref.model.enable_gradient_checkpointing=True actor_rollout_ref.actor.optim.lr=1e-6 actor_rollout_ref.actor.ppo_mini_batch_size=16 actor_rollout_ref.actor.use_dynamic_bsz=True actor_rollout_ref.actor.ppo_max_token_len_per_gpu=32768 actor_rollout_ref.actor.use_kl_loss=True actor_rollout_ref.actor.kl_loss_coef=0.001 actor_rollout_ref.actor.kl_loss_type=low_var_kl actor_rollout_ref.actor.entropy_coeff=0 actor_rollout_ref.actor.fsdp_config.param_offload=False actor_rollout_ref.actor.fsdp_config.optimizer_offload=False actor_rollout_ref.rollout.name=vllm actor_rollout_ref.rollout.tensor_model_parallel_size=1 actor_rollout_ref.rollout.gpu_memory_utilization=0.30 actor_rollout_ref.rollout.n=8 actor_rollout_ref.rollout.log_prob_use_dynamic_bsz=True actor_rollout_ref.rollout.log_prob_max_token_len_per_gpu=32768 actor_rollout_ref.ref.log_prob_use_dynamic_bsz=True actor_rollout_ref.ref.log_prob_max_token_len_per_gpu=32768 actor_rollout_ref.ref.fsdp_config.param_offload=True trainer.balance_batch=True 'trainer.logger=["console","wandb"]' trainer.project_name=mathverse_text_grpo_c_option_gain trainer.experiment_name=mathverse_text_qwen25_1p5b_grpo_c_option_gain_formal_seed42 trainer.n_gpus_per_node=1 trainer.nnodes=1 trainer.save_freq=125 trainer.test_freq=25 trainer.total_epochs=1 data.train_files=/data2/hjk/projects/AI-HiddenState-ER/rl_data/mathverse_text_a0_clean_qwen25_500/mathverse_text_a0_clean_train.parquet data.val_files=/data2/hjk/projects/AI-HiddenState-ER/rl_data/mathverse_text_a0_clean_qwen25_500/mathverse_text_a0_clean_val.parquet data.dataloader_num_workers=0 data.shuffle=True data.seed=42 'trainer.logger=["console"]' trainer.total_training_steps=125 trainer.val_before_train=True trainer.default_local_dir=/data2/hjk/checkpoints/verl_qwen3vl/mathverse_text_qwen25_1p5b_grpo_c_option_gain_formal_seed42 trainer.log_val_generations=128 trainer.validation_data_dir=/data2/hjk/projects/AI-HiddenState-ER/rl_audit/mathverse_text_qwen25_1p5b_grpo_c_option_gain_formal_seed42/validation_generations reward.num_workers=1 reward.custom_reward_function.path=/data2/hjk/projects/AI-HiddenState-ER/scripts/mathverse_option_logit_gain_reward.py reward.custom_reward_function.name=compute_score actor_rollout_ref.model.use_fused_kernels=False +actor_rollout_ref.model.override_config.attn_implementation=sdpa actor_rollout_ref.model.lora_rank=8 actor_rollout_ref.model.lora_alpha=16 'actor_rollout_ref.model.target_modules=["q_proj","k_proj","v_proj","o_proj","gate_proj","up_proj","down_proj"]' actor_rollout_ref.rollout.temperature=1.0 actor_rollout_ref.rollout.top_p=1.0 actor_rollout_ref.rollout.top_k=-1 actor_rollout_ref.rollout.do_sample=True actor_rollout_ref.rollout.seed=42 actor_rollout_ref.actor.data_loader_seed=42 actor_rollout_ref.actor.fsdp_config.seed=42 actor_rollout_ref.ref.fsdp_config.seed=42 algorithm.use_kl_in_reward=False actor_rollout_ref.actor.use_kl_loss=False data.filter_overlong_prompts=True data.truncation=error
/data2/hjk/envs/verl_qwen3vl_py311/lib/python3.11/site-packages/transformers/utils/hub.py:110: FutureWarning: Using `TRANSFORMERS_CACHE` is deprecated and will be removed in v5 of Transformers. Use `HF_HOME` instead.
  warnings.warn(
/data2/hjk/projects/verl/verl/trainer/main_ppo.py:167: UserWarning: Disabled critic as algorithm.adv_estimator != gae. If it is not intended, please set critic.enable=True
  use_critic=need_critic(config),
INFO 07-05 14:27:00 [__init__.py:216] Automatically detected platform cuda.
2026-07-05 14:27:07,967	INFO worker.py:2015 -- Started a local Ray instance. View the dashboard at [1m[32mhttp://127.0.0.1:8265 [39m[22m
[36m(pid=997342)[0m /data2/hjk/envs/verl_qwen3vl_py311/lib/python3.11/site-packages/transformers/utils/hub.py:110: FutureWarning: Using `TRANSFORMERS_CACHE` is deprecated and will be removed in v5 of Transformers. Use `HF_HOME` instead.
[36m(pid=997342)[0m   warnings.warn(
[36m(TaskRunnerV1 pid=997342)[0m /data2/hjk/projects/verl/verl/workers/engine/mindspeed/transformer_impl.py:24: UserWarning: NPU not support router replay for now.
[36m(TaskRunnerV1 pid=997342)[0m   from verl.utils.megatron.router_replay_patch import RouterReplay
[validate_config] All configuration checks passed successfully!
ray init kwargs: {'num_cpus': None, 'runtime_env': {'env_vars': {'NCCL_DEBUG': 'WARN', 'VLLM_LOGGING_LEVEL': 'WARN', 'VLLM_ALLOW_RUNTIME_LORA_UPDATING': 'true', 'CUDA_DEVICE_MAX_CONNECTIONS': '1', 'VLLM_DISABLE_COMPILE_CACHE': '1', 'HCCL_HOST_SOCKET_PORT_RANGE': 'auto', 'HCCL_NPU_SOCKET_PORT_RANGE': 'auto', 'HSA_NO_SCRATCH_RECLAIM': '1', 'PYTHONHASHSEED': '0', 'VERL_FULL_DETERMINISM': '0', 'VLLM_BATCH_INVARIANT': '0'}, 'working_dir': None}}
[36m(TaskRunnerV1 pid=997342)[0m {'actor_rollout_ref': {'actor': {'_target_': 'verl.workers.config.FSDPActorConfig',
[36m(TaskRunnerV1 pid=997342)[0m                                  'calculate_entropy': False,
[36m(TaskRunnerV1 pid=997342)[0m                                  'calculate_sum_pi_squared': False,
[36m(TaskRunnerV1 pid=997342)[0m                                  'checkpoint': {'_target_': 'verl.trainer.config.CheckpointConfig',
[36m(TaskRunnerV1 pid=997342)[0m                                                 'async_save': False,
[36m(TaskRunnerV1 pid=997342)[0m                                                 'load_contents': ['model',
[36m(TaskRunnerV1 pid=997342)[0m                                                                   'optimizer',
[36m(TaskRunnerV1 pid=997342)[0m                                                                   'extra'],
[36m(TaskRunnerV1 pid=997342)[0m                                                 'save_contents': ['model',
[36m(TaskRunnerV1 pid=997342)[0m                                                                   'optimizer',
[36m(TaskRunnerV1 pid=997342)[0m                                                                   'extra'],
[36m(TaskRunnerV1 pid=997342)[0m                                                 'strict': True},
[36m(TaskRunnerV1 pid=997342)[0m                                  'clip_ratio': 0.2,
[36m(TaskRunnerV1 pid=997342)[0m                                  'clip_ratio_c': 3.0,
[36m(TaskRunnerV1 pid=997342)[0m                                  'clip_ratio_high': 0.2,
[36m(TaskRunnerV1 pid=997342)[0m                                  'clip_ratio_low': 0.2,
[36m(TaskRunnerV1 pid=997342)[0m                                  'data_loader_seed': 42,
[36m(TaskRunnerV1 pid=997342)[0m                                  'entropy_checkpointing': False,
[36m(TaskRunnerV1 pid=997342)[0m                                  'entropy_coeff': 0,
[36m(TaskRunnerV1 pid=997342)[0m                                  'entropy_from_logits_chunk_size': 2048,
[36m(TaskRunnerV1 pid=997342)[0m                                  'entropy_from_logits_with_chunking': False,
[36m(TaskRunnerV1 pid=997342)[0m                                  'freeze_vision_tower': False,
[36m(TaskRunnerV1 pid=997342)[0m                                  'fsdp_config': {'_target_': 'verl.workers.config.FSDPEngineConfig',
[36m(TaskRunnerV1 pid=997342)[0m                                                  'dtype': 'bfloat16',
[36m(TaskRunnerV1 pid=997342)[0m                                                  'entropy_checkpointing': False,
[36m(TaskRunnerV1 pid=997342)[0m                                                  'entropy_from_logits_chunk_size': 2048,
[36m(TaskRunnerV1 pid=997342)[0m                                                  'entropy_from_logits_with_chunking': False,
[36m(TaskRunnerV1 pid=997342)[0m                                                  'forward_only': False,
[36m(TaskRunnerV1 pid=997342)[0m                                                  'forward_prefetch': False,
[36m(TaskRunnerV1 pid=997342)[0m                                                  'fsdp_size': -1,
[36m(TaskRunnerV1 pid=997342)[0m                                                  'full_determinism': False,
[36m(TaskRunnerV1 pid=997342)[0m                                                  'model_dtype': 'fp32',
[36m(TaskRunnerV1 pid=997342)[0m                                                  'offload_policy': False,
[36m(TaskRunnerV1 pid=997342)[0m                                                  'optimizer_offload': False,
[36m(TaskRunnerV1 pid=997342)[0m                                                  'param_offload': False,
[36m(TaskRunnerV1 pid=997342)[0m                                                  'qat': {'_target_': 'verl.workers.config.QATEngineConfig',
[36m(TaskRunnerV1 pid=997342)[0m                                                          'activation_observer': 'static_minmax',
[36m(TaskRunnerV1 pid=997342)[0m                                                          'enable': False,
[36m(TaskRunnerV1 pid=997342)[0m                                                          'group_size': 16,
[36m(TaskRunnerV1 pid=997342)[0m                                                          'ignore_patterns': ['lm_head',
[36m(TaskRunnerV1 pid=997342)[0m                                                                              'embed_tokens',
[36m(TaskRunnerV1 pid=997342)[0m                                                                              're:.*mlp.gate$'],
[36m(TaskRunnerV1 pid=997342)[0m                                                          'mode': 'w4a16',
[36m(TaskRunnerV1 pid=997342)[0m                                                          'quantization_config_path': None},
[36m(TaskRunnerV1 pid=997342)[0m                                                  'reshard_after_forward': True,
[36m(TaskRunnerV1 pid=997342)[0m                                                  'seed': 42,
[36m(TaskRunnerV1 pid=997342)[0m                                                  'strategy': 'fsdp',
[36m(TaskRunnerV1 pid=997342)[0m                                                  'ulysses_sequence_parallel_size': 1,
[36m(TaskRunnerV1 pid=997342)[0m                                                  'use_orig_params': False,
[36m(TaskRunnerV1 pid=997342)[0m                                                  'use_torch_compile': True,
[36m(TaskRunnerV1 pid=997342)[0m                                                  'wrap_policy': {'min_num_params': 0}},
[36m(TaskRunnerV1 pid=997342)[0m                                  'grad_clip': 1.0,
[36m(TaskRunnerV1 pid=997342)[0m                                  'kl_loss_coef': 0.001,
[36m(TaskRunnerV1 pid=997342)[0m                                  'kl_loss_type': 'low_var_kl',
[36m(TaskRunnerV1 pid=997342)[0m                                  'loss_agg_mode': 'token-mean',
[36m(TaskRunnerV1 pid=997342)[0m                                  'loss_scale_factor': None,
[36m(TaskRunnerV1 pid=997342)[0m                                  'optim': {'_target_': 'verl.workers.config.FSDPOptimizerConfig',
[36m(TaskRunnerV1 pid=997342)[0m                                            'betas': [0.9, 0.999],
[36m(TaskRunnerV1 pid=997342)[0m                                            'clip_grad': 1.0,
[36m(TaskRunnerV1 pid=997342)[0m                                            'lr': 1e-06,
[36m(TaskRunnerV1 pid=997342)[0m                                            'lr_scheduler_type': 'constant',
[36m(TaskRunnerV1 pid=997342)[0m                                            'lr_warmup_steps': -1,
[36m(TaskRunnerV1 pid=997342)[0m                                            'lr_warmup_steps_ratio': 0.0,
[36m(TaskRunnerV1 pid=997342)[0m                                            'min_lr_ratio': 0.0,
[36m(TaskRunnerV1 pid=997342)[0m                                            'num_cycles': 0.5,
[36m(TaskRunnerV1 pid=997342)[0m                                            'optimizer': 'AdamW',
[36m(TaskRunnerV1 pid=997342)[0m                                            'optimizer_impl': 'torch.optim',
[36m(TaskRunnerV1 pid=997342)[0m                                            'override_optimizer_config': None,
[36m(TaskRunnerV1 pid=997342)[0m                                            'total_training_steps': -1,
[36m(TaskRunnerV1 pid=997342)[0m                                            'warmup_style': None,
[36m(TaskRunnerV1 pid=997342)[0m                                            'weight_decay': 0.01,
[36m(TaskRunnerV1 pid=997342)[0m                                            'zero_indexed_step': True},
[36m(TaskRunnerV1 pid=997342)[0m                                  'policy_loss': {'_target_': 'verl.workers.config.PolicyLossConfig',
[36m(TaskRunnerV1 pid=997342)[0m                                                  'clip_cov_lb': 1.0,
[36m(TaskRunnerV1 pid=997342)[0m                                                  'clip_cov_ratio': 0.0002,
[36m(TaskRunnerV1 pid=997342)[0m                                                  'clip_cov_ub': 5.0,
[36m(TaskRunnerV1 pid=997342)[0m                                                  'kl_cov_ratio': 0.0002,
[36m(TaskRunnerV1 pid=997342)[0m                                                  'loss_mode': 'vanilla',
[36m(TaskRunnerV1 pid=997342)[0m                                                  'ppo_kl_coef': 0.1},
[36m(TaskRunnerV1 pid=997342)[0m                                  'ppo_epochs': 1,
[36m(TaskRunnerV1 pid=997342)[0m                                  'ppo_max_token_len_per_gpu': 32768,
[36m(TaskRunnerV1 pid=997342)[0m                                  'ppo_micro_batch_size': None,
[36m(TaskRunnerV1 pid=997342)[0m                                  'ppo_micro_batch_size_per_gpu': None,
[36m(TaskRunnerV1 pid=997342)[0m                                  'ppo_mini_batch_size': 16,
[36m(TaskRunnerV1 pid=997342)[0m                                  'profiler': {'_target_': 'verl.utils.profiler.ProfilerConfig',
[36m(TaskRunnerV1 pid=997342)[0m                                               'all_ranks': False,
[36m(TaskRunnerV1 pid=997342)[0m                                               'enable': False,
[36m(TaskRunnerV1 pid=997342)[0m                                               'ranks': [],
[36m(TaskRunnerV1 pid=997342)[0m                                               'save_path': 'outputs/profile',
[36m(TaskRunnerV1 pid=997342)[0m                                               'tool': None,
[36m(TaskRunnerV1 pid=997342)[0m                                               'tool_config': {'npu': {'_target_': 'verl.utils.profiler.config.NPUToolConfig',
[36m(TaskRunnerV1 pid=997342)[0m                                                                       'analysis': True,
[36m(TaskRunnerV1 pid=997342)[0m                                                                       'contents': [],
[36m(TaskRunnerV1 pid=997342)[0m                                                                       'discrete': False,
[36m(TaskRunnerV1 pid=997342)[0m                                                                       'level': 'level0'},
[36m(TaskRunnerV1 pid=997342)[0m                                                               'nsys': {'_target_': 'verl.utils.profiler.config.NsightToolConfig',
[36m(TaskRunnerV1 pid=997342)[0m                                                                        'discrete': False},
[36m(TaskRunnerV1 pid=997342)[0m                                                               'precision_debugger': {'_target_': 'verl.utils.profiler.config.PrecisionDebuggerToolConfig',
[36m(TaskRunnerV1 pid=997342)[0m                                                                                      'config_path': None,
[36m(TaskRunnerV1 pid=997342)[0m                                                                                      'stages': None,
[36m(TaskRunnerV1 pid=997342)[0m                                                                                      'steps': None,
[36m(TaskRunnerV1 pid=997342)[0m                                                                                      'strict': False},
[36m(TaskRunnerV1 pid=997342)[0m                                                               'torch': {'_target_': 'verl.utils.profiler.config.TorchProfilerToolConfig',
[36m(TaskRunnerV1 pid=997342)[0m                                                                         'contents': [],
[36m(TaskRunnerV1 pid=997342)[0m                                                                         'discrete': False},
[36m(TaskRunnerV1 pid=997342)[0m                                                               'torch_memory': {'_target_': 'verl.utils.profiler.config.TorchMemoryToolConfig',
[36m(TaskRunnerV1 pid=997342)[0m                                                                                'stack_depth': 32,
[36m(TaskRunnerV1 pid=997342)[0m                                                                                'trace_alloc_max_entries': 100000}}},
[36m(TaskRunnerV1 pid=997342)[0m                                  'qat': {'activation_observer': 'static_minmax',
[36m(TaskRunnerV1 pid=997342)[0m                                          'enable': False,
[36m(TaskRunnerV1 pid=997342)[0m                                          'group_size': 16,
[36m(TaskRunnerV1 pid=997342)[0m                                          'ignore_patterns': ['lm_head',
[36m(TaskRunnerV1 pid=997342)[0m                                                              'embed_tokens',
[36m(TaskRunnerV1 pid=997342)[0m                                                              're:.*mlp.gate$'],
[36m(TaskRunnerV1 pid=997342)[0m                                          'mode': 'w4a16',
[36m(TaskRunnerV1 pid=997342)[0m                                          'quantization_config_path': None},
[36m(TaskRunnerV1 pid=997342)[0m                                  'rollout_n': 8,
[36m(TaskRunnerV1 pid=997342)[0m                                  'router_replay': {'_target_': 'verl.workers.config.RouterReplayConfig',
[36m(TaskRunnerV1 pid=997342)[0m                                                    'mode': 'disabled',
[36m(TaskRunnerV1 pid=997342)[0m                                                    'record_file': None,
[36m(TaskRunnerV1 pid=997342)[0m                                                    'replay_file': None},
[36m(TaskRunnerV1 pid=997342)[0m                                  'shuffle': False,
[36m(TaskRunnerV1 pid=997342)[0m                                  'strategy': 'fsdp',
[36m(TaskRunnerV1 pid=997342)[0m                                  'tau_neg': 1.05,
[36m(TaskRunnerV1 pid=997342)[0m                                  'tau_pos': 1.0,
[36m(TaskRunnerV1 pid=997342)[0m                                  'ulysses_sequence_parallel_size': 1,
[36m(TaskRunnerV1 pid=997342)[0m                                  'use_dynamic_bsz': True,
[36m(TaskRunnerV1 pid=997342)[0m                                  'use_fused_kernels': False,
[36m(TaskRunnerV1 pid=997342)[0m                                  'use_kl_loss': False,
[36m(TaskRunnerV1 pid=997342)[0m                                  'use_prefix_grouper': False,
[36m(TaskRunnerV1 pid=997342)[0m                                  'use_remove_padding': True,
[36m(TaskRunnerV1 pid=997342)[0m                                  'use_torch_compile': True},
[36m(TaskRunnerV1 pid=997342)[0m                        'hybrid_engine': True,
[36m(TaskRunnerV1 pid=997342)[0m                        'model': {'_target_': 'verl.workers.config.HFModelConfig',
[36m(TaskRunnerV1 pid=997342)[0m                                  'custom_chat_template': None,
[36m(TaskRunnerV1 pid=997342)[0m                                  'enable_activation_offload': False,
[36m(TaskRunnerV1 pid=997342)[0m                                  'enable_gradient_checkpointing': True,
[36m(TaskRunnerV1 pid=997342)[0m                                  'exclude_modules': None,
[36m(TaskRunnerV1 pid=997342)[0m                                  'external_lib': None,
[36m(TaskRunnerV1 pid=997342)[0m                                  'fused_kernel_options': {'impl_backend': 'torch'},
[36m(TaskRunnerV1 pid=997342)[0m                                  'hf_config_path': None,
[36m(TaskRunnerV1 pid=997342)[0m                                  'lora': {'a2a_experimental': False,
[36m(TaskRunnerV1 pid=997342)[0m                                           'adapter_path': None,
[36m(TaskRunnerV1 pid=997342)[0m                                           'alpha': 32,
[36m(TaskRunnerV1 pid=997342)[0m                                           'dropout': 0.0,
[36m(TaskRunnerV1 pid=997342)[0m                                           'dropout_position': 'pre',
[36m(TaskRunnerV1 pid=997342)[0m                                           'dtype': None,
[36m(TaskRunnerV1 pid=997342)[0m                                           'exclude_modules': [],
[36m(TaskRunnerV1 pid=997342)[0m                                           'freeze_language_model': True,
[36m(TaskRunnerV1 pid=997342)[0m                                           'freeze_vision_model': True,
[36m(TaskRunnerV1 pid=997342)[0m                                           'freeze_vision_projection': True,
[36m(TaskRunnerV1 pid=997342)[0m                                           'lora_A_init_method': 'xavier',
[36m(TaskRunnerV1 pid=997342)[0m                                           'lora_B_init_method': 'zero',
[36m(TaskRunnerV1 pid=997342)[0m                                           'merge': False,
[36m(TaskRunnerV1 pid=997342)[0m                                           'rank': 0,
[36m(TaskRunnerV1 pid=997342)[0m                                           'target_modules': ['linear_qkv',
[36m(TaskRunnerV1 pid=997342)[0m                                                              'linear_proj',
[36m(TaskRunnerV1 pid=997342)[0m                                                              'linear_fc1',
[36m(TaskRunnerV1 pid=997342)[0m                                                              'linear_fc2'],
[36m(TaskRunnerV1 pid=997342)[0m                                           'type': 'lora'},
[36m(TaskRunnerV1 pid=997342)[0m                                  'lora_adapter_path': None,
[36m(TaskRunnerV1 pid=997342)[0m                                  'lora_alpha': 16,
[36m(TaskRunnerV1 pid=997342)[0m                                  'lora_rank': 8,
[36m(TaskRunnerV1 pid=997342)[0m                                  'mtp': {'_target_': 'verl.workers.config.MtpConfig',
[36m(TaskRunnerV1 pid=997342)[0m                                          'detach_encoder': False,
[36m(TaskRunnerV1 pid=997342)[0m                                          'enable': False,
[36m(TaskRunnerV1 pid=997342)[0m                                          'enable_rollout': False,
[36m(TaskRunnerV1 pid=997342)[0m                                          'enable_train': False,
[36m(TaskRunnerV1 pid=997342)[0m                                          'method': 'mtp',
[36m(TaskRunnerV1 pid=997342)[0m                                          'mtp_loss_scaling_factor': 0.1,
[36m(TaskRunnerV1 pid=997342)[0m                                          'num_speculative_tokens': 1,
[36m(TaskRunnerV1 pid=997342)[0m                                          'speculative_algorithm': 'EAGLE',
[36m(TaskRunnerV1 pid=997342)[0m                                          'speculative_eagle_topk': 1,
[36m(TaskRunnerV1 pid=997342)[0m                                          'speculative_num_draft_tokens': 4,
[36m(TaskRunnerV1 pid=997342)[0m                                          'speculative_num_steps': 3},
[36m(TaskRunnerV1 pid=997342)[0m                                  'override_config': {'attn_implementation': 'sdpa'},
[36m(TaskRunnerV1 pid=997342)[0m                                  'path': '/data2/hjk/models/huggingface/hub/models--Qwen--Qwen2.5-1.5B-Instruct/snapshots/989aa7980e4cf806f80c7fef2b1adb7bc71aa306',
[36m(TaskRunnerV1 pid=997342)[0m                                  'target_modules': ['q_proj',
[36m(TaskRunnerV1 pid=997342)[0m                                                     'k_proj',
[36m(TaskRunnerV1 pid=997342)[0m                                                     'v_proj',
[36m(TaskRunnerV1 pid=997342)[0m                                                     'o_proj',
[36m(TaskRunnerV1 pid=997342)[0m                                                     'gate_proj',
[36m(TaskRunnerV1 pid=997342)[0m                                                     'up_proj',
[36m(TaskRunnerV1 pid=997342)[0m                                                     'down_proj'],
[36m(TaskRunnerV1 pid=997342)[0m                                  'tiled_mlp': {'enabled': False,
[36m(TaskRunnerV1 pid=997342)[0m                                                'num_shards': 4},
[36m(TaskRunnerV1 pid=997342)[0m                                  'tokenizer_path': None,
[36m(TaskRunnerV1 pid=997342)[0m                                  'trust_remote_code': False,
[36m(TaskRunnerV1 pid=997342)[0m                                  'use_fused_kernels': False,
[36m(TaskRunnerV1 pid=997342)[0m                                  'use_liger': False,
[36m(TaskRunnerV1 pid=997342)[0m                                  'use_remove_padding': True,
[36m(TaskRunnerV1 pid=997342)[0m                                  'use_shm': False},
[36m(TaskRunnerV1 pid=997342)[0m                        'nccl_timeout': 600,
[36m(TaskRunnerV1 pid=997342)[0m                        'ref': {'_target_': 'verl.workers.config.FSDPActorConfig',
[36m(TaskRunnerV1 pid=997342)[0m                                'entropy_checkpointing': False,
[36m(TaskRunnerV1 pid=997342)[0m                                'entropy_from_logits_chunk_size': 2048,
[36m(TaskRunnerV1 pid=997342)[0m                                'entropy_from_logits_with_chunking': False,
[36m(TaskRunnerV1 pid=997342)[0m                                'fsdp_config': {'_target_': 'verl.workers.config.FSDPEngineConfig',
[36m(TaskRunnerV1 pid=997342)[0m                                                'dtype': 'bfloat16',
[36m(TaskRunnerV1 pid=997342)[0m                                                'entropy_checkpointing': False,
[36m(TaskRunnerV1 pid=997342)[0m                                                'entropy_from_logits_chunk_size': 2048,
[36m(TaskRunnerV1 pid=997342)[0m                                                'entropy_from_logits_with_chunking': False,
[36m(TaskRunnerV1 pid=997342)[0m                                                'forward_only': True,
[36m(TaskRunnerV1 pid=997342)[0m                                                'forward_prefetch': False,
[36m(TaskRunnerV1 pid=997342)[0m                                                'fsdp_size': -1,
[36m(TaskRunnerV1 pid=997342)[0m                                                'full_determinism': False,
[36m(TaskRunnerV1 pid=997342)[0m                                                'model_dtype': 'fp32',
[36m(TaskRunnerV1 pid=997342)[0m                                                'offload_policy': False,
[36m(TaskRunnerV1 pid=997342)[0m                                                'optimizer_offload': False,
[36m(TaskRunnerV1 pid=997342)[0m                                                'param_offload': True,
[36m(TaskRunnerV1 pid=997342)[0m                                                'qat': {'_target_': 'verl.workers.config.QATEngineConfig',
[36m(TaskRunnerV1 pid=997342)[0m                                                        'activation_observer': 'static_minmax',
[36m(TaskRunnerV1 pid=997342)[0m                                                        'enable': False,
[36m(TaskRunnerV1 pid=997342)[0m                                                        'group_size': 16,
[36m(TaskRunnerV1 pid=997342)[0m                                                        'ignore_patterns': ['lm_head',
[36m(TaskRunnerV1 pid=997342)[0m                                                                            'embed_tokens',
[36m(TaskRunnerV1 pid=997342)[0m                                                                            're:.*mlp.gate$'],
[36m(TaskRunnerV1 pid=997342)[0m                                                        'mode': 'w4a16',
[36m(TaskRunnerV1 pid=997342)[0m                                                        'quantization_config_path': None},
[36m(TaskRunnerV1 pid=997342)[0m                                                'reshard_after_forward': True,
[36m(TaskRunnerV1 pid=997342)[0m                                                'seed': 42,
[36m(TaskRunnerV1 pid=997342)[0m                                                'strategy': 'fsdp',
[36m(TaskRunnerV1 pid=997342)[0m                                                'ulysses_sequence_parallel_size': 1,
[36m(TaskRunnerV1 pid=997342)[0m                                                'use_orig_params': False,
[36m(TaskRunnerV1 pid=997342)[0m                                                'use_torch_compile': True,
[36m(TaskRunnerV1 pid=997342)[0m                                                'wrap_policy': {'min_num_params': 0}},
[36m(TaskRunnerV1 pid=997342)[0m                                'log_prob_max_token_len_per_gpu': 32768,
[36m(TaskRunnerV1 pid=997342)[0m                                'log_prob_micro_batch_size': None,
[36m(TaskRunnerV1 pid=997342)[0m                                'log_prob_micro_batch_size_per_gpu': None,
[36m(TaskRunnerV1 pid=997342)[0m                                'log_prob_use_dynamic_bsz': True,
[36m(TaskRunnerV1 pid=997342)[0m                                'profiler': {'_target_': 'verl.utils.profiler.ProfilerConfig',
[36m(TaskRunnerV1 pid=997342)[0m                                             'all_ranks': False,
[36m(TaskRunnerV1 pid=997342)[0m                                             'enable': False,
[36m(TaskRunnerV1 pid=997342)[0m                                             'ranks': [],
[36m(TaskRunnerV1 pid=997342)[0m                                             'save_path': 'outputs/profile',
[36m(TaskRunnerV1 pid=997342)[0m                                             'tool': None,
[36m(TaskRunnerV1 pid=997342)[0m                                             'tool_config': {'npu': {'_target_': 'verl.utils.profiler.config.NPUToolConfig',
[36m(TaskRunnerV1 pid=997342)[0m                                                                     'analysis': True,
[36m(TaskRunnerV1 pid=997342)[0m                                                                     'contents': [],
[36m(TaskRunnerV1 pid=997342)[0m                                                                     'discrete': False,
[36m(TaskRunnerV1 pid=997342)[0m                                                                     'level': 'level0'},
[36m(TaskRunnerV1 pid=997342)[0m                                                             'nsys': {'_target_': 'verl.utils.profiler.config.NsightToolConfig',
[36m(TaskRunnerV1 pid=997342)[0m                                                                      'discrete': False},
[36m(TaskRunnerV1 pid=997342)[0m                                                             'precision_debugger': {'_target_': 'verl.utils.profiler.config.PrecisionDebuggerToolConfig',
[36m(TaskRunnerV1 pid=997342)[0m                                                                                    'config_path': None,
[36m(TaskRunnerV1 pid=997342)[0m                                                                                    'stages': None,
[36m(TaskRunnerV1 pid=997342)[0m                                                                                    'steps': None,
[36m(TaskRunnerV1 pid=997342)[0m                                                                                    'strict': False},
[36m(TaskRunnerV1 pid=997342)[0m                                                             'torch': {'_target_': 'verl.utils.profiler.config.TorchProfilerToolConfig',
[36m(TaskRunnerV1 pid=997342)[0m                                                                       'contents': [],
[36m(TaskRunnerV1 pid=997342)[0m                                                                       'discrete': False},
[36m(TaskRunnerV1 pid=997342)[0m                                                             'torch_memory': {'_target_': 'verl.utils.profiler.config.TorchMemoryToolConfig',
[36m(TaskRunnerV1 pid=997342)[0m                                                                              'stack_depth': 32,
[36m(TaskRunnerV1 pid=997342)[0m                                                                              'trace_alloc_max_entries': 100000}}},
[36m(TaskRunnerV1 pid=997342)[0m                                'rollout_n': 8,
[36m(TaskRunnerV1 pid=997342)[0m                                'router_replay': {'_target_': 'verl.workers.config.RouterReplayConfig',
[36m(TaskRunnerV1 pid=997342)[0m                                                  'mode': 'disabled',
[36m(TaskRunnerV1 pid=997342)[0m                                                  'record_file': None,
[36m(TaskRunnerV1 pid=997342)[0m                                                  'replay_file': None},
[36m(TaskRunnerV1 pid=997342)[0m                                'strategy': 'fsdp',
[36m(TaskRunnerV1 pid=997342)[0m                                'ulysses_sequence_parallel_size': 1,
[36m(TaskRunnerV1 pid=997342)[0m                                'use_torch_compile': True},
[36m(TaskRunnerV1 pid=997342)[0m                        'rollout': {'_target_': 'verl.workers.config.RolloutConfig',
[36m(TaskRunnerV1 pid=997342)[0m                                    'agent': {'_target_': 'verl.workers.config.AgentLoopConfig',
[36m(TaskRunnerV1 pid=997342)[0m                                              'agent_loop_config_path': None,
[36m(TaskRunnerV1 pid=997342)[0m                                              'custom_async_server': {'_target_': 'verl.workers.config.CustomAsyncServerConfig',
[36m(TaskRunnerV1 pid=997342)[0m                                                                      'name': None,
[36m(TaskRunnerV1 pid=997342)[0m                                                                      'path': None},
[36m(TaskRunnerV1 pid=997342)[0m                                              'default_agent_loop': 'single_turn_agent',
[36m(TaskRunnerV1 pid=997342)[0m                                              'num_workers': 8},
[36m(TaskRunnerV1 pid=997342)[0m                                    'calculate_log_probs': True,
[36m(TaskRunnerV1 pid=997342)[0m                                    'checkpoint_engine': {'_target_': 'verl.workers.config.CheckpointEngineConfig',
[36m(TaskRunnerV1 pid=997342)[0m                                                          'backend': 'naive',
[36m(TaskRunnerV1 pid=997342)[0m                                                          'custom_backend_module': None,
[36m(TaskRunnerV1 pid=997342)[0m                                                          'engine_kwargs': {},
[36m(TaskRunnerV1 pid=997342)[0m                                                          'update_weights_bucket_megabytes': 2048},
[36m(TaskRunnerV1 pid=997342)[0m                                    'cudagraph_capture_sizes': None,
[36m(TaskRunnerV1 pid=997342)[0m                                    'data_parallel_size': 1,
[36m(TaskRunnerV1 pid=997342)[0m                                    'disable_log_stats': True,
[36m(TaskRunnerV1 pid=997342)[0m                                    'disaggregation': {'bootstrap_port': None,
[36m(TaskRunnerV1 pid=997342)[0m                                                       'decode_replicas': 1,
[36m(TaskRunnerV1 pid=997342)[0m                                                       'decode_tensor_model_parallel_size': None,
[36m(TaskRunnerV1 pid=997342)[0m                                                       'enabled': False,
[36m(TaskRunnerV1 pid=997342)[0m                                                       'ib_device': None,
[36m(TaskRunnerV1 pid=997342)[0m                                                       'prefill_replicas': 1,
[36m(TaskRunnerV1 pid=997342)[0m                                                       'transfer_backend': 'nixl'},
[36m(TaskRunnerV1 pid=997342)[0m                                    'do_sample': True,
[36m(TaskRunnerV1 pid=997342)[0m                                    'dtype': 'bfloat16',
[36m(TaskRunnerV1 pid=997342)[0m                                    'enable_chunked_prefill': True,
[36m(TaskRunnerV1 pid=997342)[0m                                    'enable_prefix_caching': True,
[36m(TaskRunnerV1 pid=997342)[0m                                    'enable_rollout_routing_replay': False,
[36m(TaskRunnerV1 pid=997342)[0m                                    'enforce_eager': False,
[36m(TaskRunnerV1 pid=997342)[0m                                    'engine_kwargs': {'sglang': {},
[36m(TaskRunnerV1 pid=997342)[0m                                                      'trtllm': {},
[36m(TaskRunnerV1 pid=997342)[0m                                                      'vllm': {}},
[36m(TaskRunnerV1 pid=997342)[0m                                    'expert_parallel_size': 1,
[36m(TaskRunnerV1 pid=997342)[0m                                    'free_cache_engine': True,
[36m(TaskRunnerV1 pid=997342)[0m                                    'full_determinism': False,
[36m(TaskRunnerV1 pid=997342)[0m                                    'gpu_memory_utilization': 0.3,
[36m(TaskRunnerV1 pid=997342)[0m                                    'ignore_eos': False,
[36m(TaskRunnerV1 pid=997342)[0m                                    'layered_summon': False,
[36m(TaskRunnerV1 pid=997342)[0m                                    'load_format': 'dummy',
[36m(TaskRunnerV1 pid=997342)[0m                                    'log_prob_max_token_len_per_gpu': 32768,
[36m(TaskRunnerV1 pid=997342)[0m                                    'log_prob_micro_batch_size': None,
[36m(TaskRunnerV1 pid=997342)[0m                                    'log_prob_micro_batch_size_per_gpu': None,
[36m(TaskRunnerV1 pid=997342)[0m                                    'log_prob_use_dynamic_bsz': True,
[36m(TaskRunnerV1 pid=997342)[0m                                    'logprobs_mode': 'processed_logprobs',
[36m(TaskRunnerV1 pid=997342)[0m                                    'max_model_len': None,
[36m(TaskRunnerV1 pid=997342)[0m                                    'max_num_batched_tokens': 8192,
[36m(TaskRunnerV1 pid=997342)[0m                                    'max_num_seqs': 1024,
[36m(TaskRunnerV1 pid=997342)[0m                                    'mode': 'async',
[36m(TaskRunnerV1 pid=997342)[0m                                    'moe_load_balance_metrics_interval': 0,
[36m(TaskRunnerV1 pid=997342)[0m                                    'mtp': {'_target_': 'verl.workers.config.MtpConfig',
[36m(TaskRunnerV1 pid=997342)[0m                                            'detach_encoder': False,
[36m(TaskRunnerV1 pid=997342)[0m                                            'enable': False,
[36m(TaskRunnerV1 pid=997342)[0m                                            'enable_rollout': False,
[36m(TaskRunnerV1 pid=997342)[0m                                            'enable_train': False,
[36m(TaskRunnerV1 pid=997342)[0m                                            'method': 'mtp',
[36m(TaskRunnerV1 pid=997342)[0m                                            'mtp_loss_scaling_factor': 0.1,
[36m(TaskRunnerV1 pid=997342)[0m                                            'num_speculative_tokens': 1,
[36m(TaskRunnerV1 pid=997342)[0m                                            'speculative_algorithm': 'EAGLE',
[36m(TaskRunnerV1 pid=997342)[0m                                            'speculative_eagle_topk': 1,
[36m(TaskRunnerV1 pid=997342)[0m                                            'speculative_num_draft_tokens': 4,
[36m(TaskRunnerV1 pid=997342)[0m                                            'speculative_num_steps': 3},
[36m(TaskRunnerV1 pid=997342)[0m                                    'multi_stage_wake_up': False,
[36m(TaskRunnerV1 pid=997342)[0m                                    'multi_turn': {'_target_': 'verl.workers.config.MultiTurnConfig',
[36m(TaskRunnerV1 pid=997342)[0m                                                   'enable': False,
[36m(TaskRunnerV1 pid=997342)[0m                                                   'format': 'hermes',
[36m(TaskRunnerV1 pid=997342)[0m                                                   'function_tool_path': None,
[36m(TaskRunnerV1 pid=997342)[0m                                                   'max_assistant_turns': None,
[36m(TaskRunnerV1 pid=997342)[0m                                                   'max_parallel_calls': 1,
[36m(TaskRunnerV1 pid=997342)[0m                                                   'max_tool_response_length': 256,
[36m(TaskRunnerV1 pid=997342)[0m                                                   'max_user_turns': None,
[36m(TaskRunnerV1 pid=997342)[0m                                                   'num_repeat_rollouts': None,
[36m(TaskRunnerV1 pid=997342)[0m                                                   'tokenization_sanity_check_mode': 'strict',
[36m(TaskRunnerV1 pid=997342)[0m                                                   'tool_config_path': None,
[36m(TaskRunnerV1 pid=997342)[0m                                                   'tool_response_truncate_side': 'middle',
[36m(TaskRunnerV1 pid=997342)[0m                                                   'use_inference_chat_template': False},
[36m(TaskRunnerV1 pid=997342)[0m                                    'n': 8,
[36m(TaskRunnerV1 pid=997342)[0m                                    'n_gpus_per_node': 1,
[36m(TaskRunnerV1 pid=997342)[0m                                    'name': 'vllm',
[36m(TaskRunnerV1 pid=997342)[0m                                    'nnodes': 0,
[36m(TaskRunnerV1 pid=997342)[0m                                    'over_sample_rate': 0,
[36m(TaskRunnerV1 pid=997342)[0m                                    'pipeline_model_parallel_size': 1,
[36m(TaskRunnerV1 pid=997342)[0m                                    'profiler': {'_target_': 'verl.utils.profiler.ProfilerConfig',
[36m(TaskRunnerV1 pid=997342)[0m                                                 'all_ranks': False,
[36m(TaskRunnerV1 pid=997342)[0m                                                 'enable': False,
[36m(TaskRunnerV1 pid=997342)[0m                                                 'ranks': [],
[36m(TaskRunnerV1 pid=997342)[0m                                                 'save_path': 'outputs/profile',
[36m(TaskRunnerV1 pid=997342)[0m                                                 'tool': None,
[36m(TaskRunnerV1 pid=997342)[0m                                                 'tool_config': {'npu': {'_target_': 'verl.utils.profiler.config.NPUToolConfig',
[36m(TaskRunnerV1 pid=997342)[0m                                                                         'analysis': True,
[36m(TaskRunnerV1 pid=997342)[0m                                                                         'contents': [],
[36m(TaskRunnerV1 pid=997342)[0m                                                                         'discrete': False,
[36m(TaskRunnerV1 pid=997342)[0m                                                                         'level': 'level0',
[36m(TaskRunnerV1 pid=997342)[0m                                                                         'profile_token_end': None,
[36m(TaskRunnerV1 pid=997342)[0m                                                                         'profile_token_start': None},
[36m(TaskRunnerV1 pid=997342)[0m                                                                 'precision_debugger': {'_target_': 'verl.utils.profiler.config.PrecisionDebuggerToolConfig',
[36m(TaskRunnerV1 pid=997342)[0m                                                                                        'config_path': None,
[36m(TaskRunnerV1 pid=997342)[0m                                                                                        'stages': None,
[36m(TaskRunnerV1 pid=997342)[0m                                                                                        'steps': None,
[36m(TaskRunnerV1 pid=997342)[0m                                                                                        'strict': False},
[36m(TaskRunnerV1 pid=997342)[0m                                                                 'torch': {'_target_': 'verl.utils.profiler.config.TorchProfilerToolConfig',
[36m(TaskRunnerV1 pid=997342)[0m                                                                           'contents': [],
[36m(TaskRunnerV1 pid=997342)[0m                                                                           'discrete': False,
[36m(TaskRunnerV1 pid=997342)[0m                                                                           'profile_token_end': None,
[36m(TaskRunnerV1 pid=997342)[0m                                                                           'profile_token_start': None}}},
[36m(TaskRunnerV1 pid=997342)[0m                                    'prometheus': {'_target_': 'verl.workers.config.PrometheusConfig',
[36m(TaskRunnerV1 pid=997342)[0m                                                   'enable': False,
[36m(TaskRunnerV1 pid=997342)[0m                                                   'file': '/tmp/ray/session_latest/metrics/prometheus/prometheus.yml',
[36m(TaskRunnerV1 pid=997342)[0m                                                   'port': 9090,
[36m(TaskRunnerV1 pid=997342)[0m                                                   'served_model_name': '/data2/hjk/models/huggingface/hub/models--Qwen--Qwen2.5-1.5B-Instruct/snapshots/989aa7980e4cf806f80c7fef2b1adb7bc71aa306'},
[36m(TaskRunnerV1 pid=997342)[0m                                    'prompt_length': 2048,
[36m(TaskRunnerV1 pid=997342)[0m                                    'qat': {'_target_': 'verl.workers.config.QATEngineConfig',
[36m(TaskRunnerV1 pid=997342)[0m                                            'activation_observer': 'static_minmax',
[36m(TaskRunnerV1 pid=997342)[0m                                            'enable': False,
[36m(TaskRunnerV1 pid=997342)[0m                                            'group_size': 16,
[36m(TaskRunnerV1 pid=997342)[0m                                            'ignore_patterns': ['lm_head',
[36m(TaskRunnerV1 pid=997342)[0m                                                                'embed_tokens',
[36m(TaskRunnerV1 pid=997342)[0m                                                                're:.*mlp.gate$'],
[36m(TaskRunnerV1 pid=997342)[0m                                            'mode': 'w4a16',
[36m(TaskRunnerV1 pid=997342)[0m                                            'quantization_config_path': None},
[36m(TaskRunnerV1 pid=997342)[0m                                    'quantization': None,
[36m(TaskRunnerV1 pid=997342)[0m                                    'quantization_config_file': None,
[36m(TaskRunnerV1 pid=997342)[0m                                    'response_length': 512,
[36m(TaskRunnerV1 pid=997342)[0m                                    'scheduling_policy': 'fcfs',
[36m(TaskRunnerV1 pid=997342)[0m                                    'seed': 42,
[36m(TaskRunnerV1 pid=997342)[0m                                    'skip_tokenizer_init': True,
[36m(TaskRunnerV1 pid=997342)[0m                                    'temperature': 1.0,
[36m(TaskRunnerV1 pid=997342)[0m                                    'tensor_model_parallel_size': 1,
[36m(TaskRunnerV1 pid=997342)[0m                                    'top_k': -1,
[36m(TaskRunnerV1 pid=997342)[0m                                    'top_p': 1.0,
[36m(TaskRunnerV1 pid=997342)[0m                                    'trace': {'_target_': 'verl.workers.config.TraceConfig',
[36m(TaskRunnerV1 pid=997342)[0m                                              'backend': None,
[36m(TaskRunnerV1 pid=997342)[0m                                              'experiment_name': 'mathverse_text_qwen25_1p5b_grpo_c_option_gain_formal_seed42',
[36m(TaskRunnerV1 pid=997342)[0m                                              'max_samples_per_step_per_worker': None,
[36m(TaskRunnerV1 pid=997342)[0m                                              'project_name': 'mathverse_text_grpo_c_option_gain',
[36m(TaskRunnerV1 pid=997342)[0m                                              'token2text': False},
[36m(TaskRunnerV1 pid=997342)[0m                                    'val_kwargs': {'_target_': 'verl.workers.config.SamplingConfig',
[36m(TaskRunnerV1 pid=997342)[0m                                                   'do_sample': False,
[36m(TaskRunnerV1 pid=997342)[0m                                                   'n': 1,
[36m(TaskRunnerV1 pid=997342)[0m                                                   'temperature': 0,
[36m(TaskRunnerV1 pid=997342)[0m                                                   'top_k': -1,
[36m(TaskRunnerV1 pid=997342)[0m                                                   'top_p': 1.0}}},
[36m(TaskRunnerV1 pid=997342)[0m  'algorithm': {'_target_': 'verl.trainer.config.AlgoConfig',
[36m(TaskRunnerV1 pid=997342)[0m                'adv_estimator': 'grpo',
[36m(TaskRunnerV1 pid=997342)[0m                'gamma': 1.0,
[36m(TaskRunnerV1 pid=997342)[0m                'kl_ctrl': {'_target_': 'verl.trainer.config.KLControlConfig',
[36m(TaskRunnerV1 pid=997342)[0m                            'horizon': 10000,
[36m(TaskRunnerV1 pid=997342)[0m                            'kl_coef': 0.001,
[36m(TaskRunnerV1 pid=997342)[0m                            'target_kl': 0.1,
[36m(TaskRunnerV1 pid=997342)[0m                            'type': 'fixed'},
[36m(TaskRunnerV1 pid=997342)[0m                'kl_penalty': 'kl',
[36m(TaskRunnerV1 pid=997342)[0m                'lam': 1.0,
[36m(TaskRunnerV1 pid=997342)[0m                'norm_adv_by_std_in_grpo': True,
[36m(TaskRunnerV1 pid=997342)[0m                'pf_ppo': {'reweight_method': 'pow', 'weight_pow': 2.0},
[36m(TaskRunnerV1 pid=997342)[0m                'rollout_correction': {'bypass_mode': False,
[36m(TaskRunnerV1 pid=997342)[0m                                       'loss_type': 'ppo_clip',
[36m(TaskRunnerV1 pid=997342)[0m                                       'rollout_is': None,
[36m(TaskRunnerV1 pid=997342)[0m                                       'rollout_is_batch_normalize': False,
[36m(TaskRunnerV1 pid=997342)[0m                                       'rollout_is_threshold': 2.0,
[36m(TaskRunnerV1 pid=997342)[0m                                       'rollout_rs': None,
[36m(TaskRunnerV1 pid=997342)[0m                                       'rollout_rs_threshold': None},
[36m(TaskRunnerV1 pid=997342)[0m                'use_kl_in_reward': False,
[36m(TaskRunnerV1 pid=997342)[0m                'use_pf_ppo': False},
[36m(TaskRunnerV1 pid=997342)[0m  'critic': {'_target_': 'verl.workers.config.FSDPCriticConfig',
[36m(TaskRunnerV1 pid=997342)[0m             'checkpoint': {'_target_': 'verl.trainer.config.CheckpointConfig',
[36m(TaskRunnerV1 pid=997342)[0m                            'async_save': False,
[36m(TaskRunnerV1 pid=997342)[0m                            'load_contents': ['model', 'optimizer', 'extra'],
[36m(TaskRunnerV1 pid=997342)[0m                            'save_contents': ['model', 'optimizer', 'extra']},
[36m(TaskRunnerV1 pid=997342)[0m             'cliprange_value': 0.5,
[36m(TaskRunnerV1 pid=997342)[0m             'data_loader_seed': 42,
[36m(TaskRunnerV1 pid=997342)[0m             'enable': None,
[36m(TaskRunnerV1 pid=997342)[0m             'forward_max_token_len_per_gpu': 32768,
[36m(TaskRunnerV1 pid=997342)[0m             'forward_micro_batch_size': None,
[36m(TaskRunnerV1 pid=997342)[0m             'forward_micro_batch_size_per_gpu': None,
[36m(TaskRunnerV1 pid=997342)[0m             'fsdp': {'_target_': 'verl.workers.config.FSDPEngineConfig',
[36m(TaskRunnerV1 pid=997342)[0m                      'dtype': 'bfloat16',
[36m(TaskRunnerV1 pid=997342)[0m                      'entropy_checkpointing': False,
[36m(TaskRunnerV1 pid=997342)[0m                      'entropy_from_logits_chunk_size': 2048,
[36m(TaskRunnerV1 pid=997342)[0m                      'entropy_from_logits_with_chunking': False,
[36m(TaskRunnerV1 pid=997342)[0m                      'forward_only': False,
[36m(TaskRunnerV1 pid=997342)[0m                      'forward_prefetch': False,
[36m(TaskRunnerV1 pid=997342)[0m                      'fsdp_size': -1,
[36m(TaskRunnerV1 pid=997342)[0m                      'full_determinism': False,
[36m(TaskRunnerV1 pid=997342)[0m                      'model_dtype': 'fp32',
[36m(TaskRunnerV1 pid=997342)[0m                      'offload_policy': False,
[36m(TaskRunnerV1 pid=997342)[0m                      'optimizer_offload': False,
[36m(TaskRunnerV1 pid=997342)[0m                      'param_offload': False,
[36m(TaskRunnerV1 pid=997342)[0m                      'qat': {'_target_': 'verl.workers.config.QATEngineConfig',
[36m(TaskRunnerV1 pid=997342)[0m                              'activation_observer': 'static_minmax',
[36m(TaskRunnerV1 pid=997342)[0m                              'enable': False,
[36m(TaskRunnerV1 pid=997342)[0m                              'group_size': 16,
[36m(TaskRunnerV1 pid=997342)[0m                              'ignore_patterns': ['lm_head',
[36m(TaskRunnerV1 pid=997342)[0m                                                  'embed_tokens',
[36m(TaskRunnerV1 pid=997342)[0m                                                  're:.*mlp.gate$'],
[36m(TaskRunnerV1 pid=997342)[0m                              'mode': 'w4a16',
[36m(TaskRunnerV1 pid=997342)[0m                              'quantization_config_path': None},
[36m(TaskRunnerV1 pid=997342)[0m                      'reshard_after_forward': True,
[36m(TaskRunnerV1 pid=997342)[0m                      'seed': 42,
[36m(TaskRunnerV1 pid=997342)[0m                      'strategy': 'fsdp',
[36m(TaskRunnerV1 pid=997342)[0m                      'ulysses_sequence_parallel_size': 1,
[36m(TaskRunnerV1 pid=997342)[0m                      'use_orig_params': False,
[36m(TaskRunnerV1 pid=997342)[0m                      'use_torch_compile': True,
[36m(TaskRunnerV1 pid=997342)[0m                      'wrap_policy': {'min_num_params': 0}},
[36m(TaskRunnerV1 pid=997342)[0m             'grad_clip': 1.0,
[36m(TaskRunnerV1 pid=997342)[0m             'loss_agg_mode': 'token-mean',
[36m(TaskRunnerV1 pid=997342)[0m             'model': {'_target_': 'verl.workers.config.HFModelConfig',
[36m(TaskRunnerV1 pid=997342)[0m                       'custom_chat_template': None,
[36m(TaskRunnerV1 pid=997342)[0m                       'enable_activation_offload': False,
[36m(TaskRunnerV1 pid=997342)[0m                       'enable_gradient_checkpointing': True,
[36m(TaskRunnerV1 pid=997342)[0m                       'exclude_modules': None,
[36m(TaskRunnerV1 pid=997342)[0m                       'external_lib': None,
[36m(TaskRunnerV1 pid=997342)[0m                       'fused_kernel_options': {'impl_backend': 'torch'},
[36m(TaskRunnerV1 pid=997342)[0m                       'hf_config_path': None,
[36m(TaskRunnerV1 pid=997342)[0m                       'lora': {'a2a_experimental': False,
[36m(TaskRunnerV1 pid=997342)[0m                                'adapter_path': None,
[36m(TaskRunnerV1 pid=997342)[0m                                'alpha': 32,
[36m(TaskRunnerV1 pid=997342)[0m                                'dropout': 0.0,
[36m(TaskRunnerV1 pid=997342)[0m                                'dropout_position': 'pre',
[36m(TaskRunnerV1 pid=997342)[0m                                'dtype': None,
[36m(TaskRunnerV1 pid=997342)[0m                                'exclude_modules': [],
[36m(TaskRunnerV1 pid=997342)[0m                                'freeze_language_model': True,
[36m(TaskRunnerV1 pid=997342)[0m                                'freeze_vision_model': True,
[36m(TaskRunnerV1 pid=997342)[0m                                'freeze_vision_projection': True,
[36m(TaskRunnerV1 pid=997342)[0m                                'lora_A_init_method': 'xavier',
[36m(TaskRunnerV1 pid=997342)[0m                                'lora_B_init_method': 'zero',
[36m(TaskRunnerV1 pid=997342)[0m                                'merge': False,
[36m(TaskRunnerV1 pid=997342)[0m                                'rank': 0,
[36m(TaskRunnerV1 pid=997342)[0m                                'target_modules': ['linear_qkv',
[36m(TaskRunnerV1 pid=997342)[0m                                                   'linear_proj',
[36m(TaskRunnerV1 pid=997342)[0m                                                   'linear_fc1',
[36m(TaskRunnerV1 pid=997342)[0m                                                   'linear_fc2'],
[36m(TaskRunnerV1 pid=997342)[0m                                'type': 'lora'},
[36m(TaskRunnerV1 pid=997342)[0m                       'lora_adapter_path': None,
[36m(TaskRunnerV1 pid=997342)[0m                       'lora_alpha': 16,
[36m(TaskRunnerV1 pid=997342)[0m                       'lora_rank': 0,
[36m(TaskRunnerV1 pid=997342)[0m                       'mtp': {'_target_': 'verl.workers.config.MtpConfig',
[36m(TaskRunnerV1 pid=997342)[0m                               'detach_encoder': False,
[36m(TaskRunnerV1 pid=997342)[0m                               'enable': False,
[36m(TaskRunnerV1 pid=997342)[0m                               'enable_rollout': False,
[36m(TaskRunnerV1 pid=997342)[0m                               'enable_train': False,
[36m(TaskRunnerV1 pid=997342)[0m                               'method': 'mtp',
[36m(TaskRunnerV1 pid=997342)[0m                               'mtp_loss_scaling_factor': 0.1,
[36m(TaskRunnerV1 pid=997342)[0m                               'num_speculative_tokens': 1,
[36m(TaskRunnerV1 pid=997342)[0m                               'speculative_algorithm': 'EAGLE',
[36m(TaskRunnerV1 pid=997342)[0m                               'speculative_eagle_topk': 1,
[36m(TaskRunnerV1 pid=997342)[0m                               'speculative_num_draft_tokens': 4,
[36m(TaskRunnerV1 pid=997342)[0m                               'speculative_num_steps': 3},
[36m(TaskRunnerV1 pid=997342)[0m                       'override_config': {},
[36m(TaskRunnerV1 pid=997342)[0m                       'path': '~/models/deepseek-llm-7b-chat',
[36m(TaskRunnerV1 pid=997342)[0m                       'target_modules': 'all-linear',
[36m(TaskRunnerV1 pid=997342)[0m                       'tiled_mlp': {'enabled': False, 'num_shards': 4},
[36m(TaskRunnerV1 pid=997342)[0m                       'tokenizer_path': None,
[36m(TaskRunnerV1 pid=997342)[0m                       'trust_remote_code': False,
[36m(TaskRunnerV1 pid=997342)[0m                       'use_fused_kernels': False,
[36m(TaskRunnerV1 pid=997342)[0m                       'use_liger': False,
[36m(TaskRunnerV1 pid=997342)[0m                       'use_remove_padding': True,
[36m(TaskRunnerV1 pid=997342)[0m                       'use_shm': False},
[36m(TaskRunnerV1 pid=997342)[0m             'optim': {'_target_': 'verl.workers.config.FSDPOptimizerConfig',
[36m(TaskRunnerV1 pid=997342)[0m                       'betas': [0.9, 0.999],
[36m(TaskRunnerV1 pid=997342)[0m                       'clip_grad': 1.0,
[36m(TaskRunnerV1 pid=997342)[0m                       'lr': 1e-05,
[36m(TaskRunnerV1 pid=997342)[0m                       'lr_scheduler_type': 'constant',
[36m(TaskRunnerV1 pid=997342)[0m                       'lr_warmup_steps': -1,
[36m(TaskRunnerV1 pid=997342)[0m                       'lr_warmup_steps_ratio': 0.0,
[36m(TaskRunnerV1 pid=997342)[0m                       'min_lr_ratio': 0.0,
[36m(TaskRunnerV1 pid=997342)[0m                       'num_cycles': 0.5,
[36m(TaskRunnerV1 pid=997342)[0m                       'optimizer': 'AdamW',
[36m(TaskRunnerV1 pid=997342)[0m                       'optimizer_impl': 'torch.optim',
[36m(TaskRunnerV1 pid=997342)[0m                       'override_optimizer_config': None,
[36m(TaskRunnerV1 pid=997342)[0m                       'total_training_steps': -1,
[36m(TaskRunnerV1 pid=997342)[0m                       'warmup_style': None,
[36m(TaskRunnerV1 pid=997342)[0m                       'weight_decay': 0.01,
[36m(TaskRunnerV1 pid=997342)[0m                       'zero_indexed_step': True},
[36m(TaskRunnerV1 pid=997342)[0m             'ppo_epochs': 1,
[36m(TaskRunnerV1 pid=997342)[0m             'ppo_max_token_len_per_gpu': 32768,
[36m(TaskRunnerV1 pid=997342)[0m             'ppo_micro_batch_size': None,
[36m(TaskRunnerV1 pid=997342)[0m             'ppo_micro_batch_size_per_gpu': None,
[36m(TaskRunnerV1 pid=997342)[0m             'ppo_mini_batch_size': 16,
[36m(TaskRunnerV1 pid=997342)[0m             'profiler': {'_target_': 'verl.utils.profiler.ProfilerConfig',
[36m(TaskRunnerV1 pid=997342)[0m                          'all_ranks': False,
[36m(TaskRunnerV1 pid=997342)[0m                          'enable': False,
[36m(TaskRunnerV1 pid=997342)[0m                          'ranks': [],
[36m(TaskRunnerV1 pid=997342)[0m                          'save_path': 'outputs/profile',
[36m(TaskRunnerV1 pid=997342)[0m                          'tool': None,
[36m(TaskRunnerV1 pid=997342)[0m                          'tool_config': {'npu': {'_target_': 'verl.utils.profiler.config.NPUToolConfig',
[36m(TaskRunnerV1 pid=997342)[0m                                                  'analysis': True,
[36m(TaskRunnerV1 pid=997342)[0m                                                  'contents': [],
[36m(TaskRunnerV1 pid=997342)[0m                                                  'discrete': False,
[36m(TaskRunnerV1 pid=997342)[0m                                                  'level': 'level0'},
[36m(TaskRunnerV1 pid=997342)[0m                                          'nsys': {'_target_': 'verl.utils.profiler.config.NsightToolConfig',
[36m(TaskRunnerV1 pid=997342)[0m                                                   'discrete': False},
[36m(TaskRunnerV1 pid=997342)[0m                                          'precision_debugger': {'_target_': 'verl.utils.profiler.config.PrecisionDebuggerToolConfig',
[36m(TaskRunnerV1 pid=997342)[0m                                                                 'config_path': None,
[36m(TaskRunnerV1 pid=997342)[0m                                                                 'stages': None,
[36m(TaskRunnerV1 pid=997342)[0m                                                                 'steps': None,
[36m(TaskRunnerV1 pid=997342)[0m                                                                 'strict': False},
[36m(TaskRunnerV1 pid=997342)[0m                                          'torch': {'_target_': 'verl.utils.profiler.config.TorchProfilerToolConfig',
[36m(TaskRunnerV1 pid=997342)[0m                                                    'contents': [],
[36m(TaskRunnerV1 pid=997342)[0m                                                    'discrete': False},
[36m(TaskRunnerV1 pid=997342)[0m                                          'torch_memory': {'_target_': 'verl.utils.profiler.config.TorchMemoryToolConfig',
[36m(TaskRunnerV1 pid=997342)[0m                                                           'stack_depth': 32,
[36m(TaskRunnerV1 pid=997342)[0m                                                           'trace_alloc_max_entries': 100000}}},
[36m(TaskRunnerV1 pid=997342)[0m             'rollout_n': 8,
[36m(TaskRunnerV1 pid=997342)[0m             'shuffle': False,
[36m(TaskRunnerV1 pid=997342)[0m             'strategy': 'fsdp',
[36m(TaskRunnerV1 pid=997342)[0m             'ulysses_sequence_parallel_size': 1,
[36m(TaskRunnerV1 pid=997342)[0m             'use_dynamic_bsz': True},
[36m(TaskRunnerV1 pid=997342)[0m  'custom_reward_function': {'name': None, 'path': None},
[36m(TaskRunnerV1 pid=997342)[0m  'data': {'apply_chat_template_kwargs': {},
[36m(TaskRunnerV1 pid=997342)[0m           'audio_key': 'audios',
[36m(TaskRunnerV1 pid=997342)[0m           'continuous_token': {'enable': False, 'model_family': 'auto'},
[36m(TaskRunnerV1 pid=997342)[0m           'custom_cls': {'name': None, 'path': None},
[36m(TaskRunnerV1 pid=997342)[0m           'dataloader_num_workers': 0,
[36m(TaskRunnerV1 pid=997342)[0m           'filter_overlong_prompts': True,
[36m(TaskRunnerV1 pid=997342)[0m           'filter_overlong_prompts_workers': 1,
[36m(TaskRunnerV1 pid=997342)[0m           'function_tool_path': None,
[36m(TaskRunnerV1 pid=997342)[0m           'image_key': 'images',
[36m(TaskRunnerV1 pid=997342)[0m           'image_patch_size': 14,
[36m(TaskRunnerV1 pid=997342)[0m           'max_prompt_length': 2048,
[36m(TaskRunnerV1 pid=997342)[0m           'max_response_length': 512,
[36m(TaskRunnerV1 pid=997342)[0m           'mm_processor_kwargs': {},
[36m(TaskRunnerV1 pid=997342)[0m           'prompt_key': 'prompt',
[36m(TaskRunnerV1 pid=997342)[0m           'return_full_prompt': False,
[36m(TaskRunnerV1 pid=997342)[0m           'return_multi_modal_inputs': True,
[36m(TaskRunnerV1 pid=997342)[0m           'return_raw_chat': True,
[36m(TaskRunnerV1 pid=997342)[0m           'return_raw_input_ids': False,
[36m(TaskRunnerV1 pid=997342)[0m           'reward_fn_key': 'data_source',
[36m(TaskRunnerV1 pid=997342)[0m           'seed': 42,
[36m(TaskRunnerV1 pid=997342)[0m           'shuffle': True,
[36m(TaskRunnerV1 pid=997342)[0m           'tokenizer': None,
[36m(TaskRunnerV1 pid=997342)[0m           'tool_config_path': None,
[36m(TaskRunnerV1 pid=997342)[0m           'train_batch_size': 4,
[36m(TaskRunnerV1 pid=997342)[0m           'train_files': '/data2/hjk/projects/AI-HiddenState-ER/rl_data/mathverse_text_a0_clean_qwen25_500/mathverse_text_a0_clean_train.parquet',
[36m(TaskRunnerV1 pid=997342)[0m           'train_max_samples': -1,
[36m(TaskRunnerV1 pid=997342)[0m           'truncation': 'error',
[36m(TaskRunnerV1 pid=997342)[0m           'trust_remote_code': False,
[36m(TaskRunnerV1 pid=997342)[0m           'use_shm': False,
[36m(TaskRunnerV1 pid=997342)[0m           'val_batch_size': None,
[36m(TaskRunnerV1 pid=997342)[0m           'val_files': '/data2/hjk/projects/AI-HiddenState-ER/rl_data/mathverse_text_a0_clean_qwen25_500/mathverse_text_a0_clean_val.parquet',
[36m(TaskRunnerV1 pid=997342)[0m           'val_max_samples': -1,
[36m(TaskRunnerV1 pid=997342)[0m           'validation_shuffle': False,
[36m(TaskRunnerV1 pid=997342)[0m           'video_key': 'videos'},
[36m(TaskRunnerV1 pid=997342)[0m  'distillation': {'_target_': 'verl.workers.config.DistillationConfig',
[36m(TaskRunnerV1 pid=997342)[0m                   'distillation_loss': {'_target_': 'verl.workers.config.DistillationLossConfig',
[36m(TaskRunnerV1 pid=997342)[0m                                         'clip_ratio': 0.2,
[36m(TaskRunnerV1 pid=997342)[0m                                         'clip_ratio_high': 0.2,
[36m(TaskRunnerV1 pid=997342)[0m                                         'clip_ratio_low': 0.2,
[36m(TaskRunnerV1 pid=997342)[0m                                         'distillation_loss_coef': 1.0,
[36m(TaskRunnerV1 pid=997342)[0m                                         'log_prob_min_clamp': None,
[36m(TaskRunnerV1 pid=997342)[0m                                         'loss_max_clamp': None,
[36m(TaskRunnerV1 pid=997342)[0m                                         'loss_mode': 'k3',
[36m(TaskRunnerV1 pid=997342)[0m                                         'policy_loss_mode': 'vanilla',
[36m(TaskRunnerV1 pid=997342)[0m                                         'topk': 32,
[36m(TaskRunnerV1 pid=997342)[0m                                         'use_policy_gradient': False,
[36m(TaskRunnerV1 pid=997342)[0m                                         'use_task_rewards': True},
[36m(TaskRunnerV1 pid=997342)[0m                   'enabled': False,
[36m(TaskRunnerV1 pid=997342)[0m                   'n_gpus_per_node': 8,
[36m(TaskRunnerV1 pid=997342)[0m                   'nnodes': 0,
[36m(TaskRunnerV1 pid=997342)[0m                   'teacher_key': 'data_source',
[36m(TaskRunnerV1 pid=997342)[0m                   'teacher_models': {'teacher_model': {'_target_': 'verl.workers.config.DistillationTeacherModelConfig',
[36m(TaskRunnerV1 pid=997342)[0m                                                        'inference': {'_target_': 'verl.workers.config.RolloutConfig',
[36m(TaskRunnerV1 pid=997342)[0m                                                                      'cudagraph_capture_sizes': None,
[36m(TaskRunnerV1 pid=997342)[0m                                                                      'data_parallel_size': 1,
[36m(TaskRunnerV1 pid=997342)[0m                                                                      'disable_log_stats': True,
[36m(TaskRunnerV1 pid=997342)[0m                                                                      'dtype': 'bfloat16',
[36m(TaskRunnerV1 pid=997342)[0m                                                                      'enable_chunked_prefill': True,
[36m(TaskRunnerV1 pid=997342)[0m                                                                      'enable_prefix_caching': True,
[36m(TaskRunnerV1 pid=997342)[0m                                                                      'enforce_eager': True,
[36m(TaskRunnerV1 pid=997342)[0m                                                                      'engine_kwargs': {},
[36m(TaskRunnerV1 pid=997342)[0m                                                                      'expert_parallel_size': 1,
[36m(TaskRunnerV1 pid=997342)[0m                                                                      'free_cache_engine': True,
[36m(TaskRunnerV1 pid=997342)[0m                                                                      'gpu_memory_utilization': 0.5,
[36m(TaskRunnerV1 pid=997342)[0m                                                                      'limit_images': None,
[36m(TaskRunnerV1 pid=997342)[0m                                                                      'load_format': 'auto',
[36m(TaskRunnerV1 pid=997342)[0m                                                                      'max_model_len': None,
[36m(TaskRunnerV1 pid=997342)[0m                                                                      'max_num_batched_tokens': 8192,
[36m(TaskRunnerV1 pid=997342)[0m                                                                      'max_num_seqs': 1024,
[36m(TaskRunnerV1 pid=997342)[0m                                                                      'name': 'vllm',
[36m(TaskRunnerV1 pid=997342)[0m                                                                      'prompt_length': 2048,
[36m(TaskRunnerV1 pid=997342)[0m                                                                      'response_length': 512,
[36m(TaskRunnerV1 pid=997342)[0m                                                                      'skip_tokenizer_init': True,
[36m(TaskRunnerV1 pid=997342)[0m                                                                      'temperature': 1.0,
[36m(TaskRunnerV1 pid=997342)[0m                                                                      'tensor_model_parallel_size': 2},
[36m(TaskRunnerV1 pid=997342)[0m                                                        'key': None,
[36m(TaskRunnerV1 pid=997342)[0m                                                        'model_path': None,
[36m(TaskRunnerV1 pid=997342)[0m                                                        'num_replicas': 0}}},
[36m(TaskRunnerV1 pid=997342)[0m  'global_profiler': {'_target_': 'verl.utils.profiler.ProfilerConfig',
[36m(TaskRunnerV1 pid=997342)[0m                      'global_tool_config': {'nsys': {'_target_': 'verl.utils.profiler.config.NsightToolConfig',
[36m(TaskRunnerV1 pid=997342)[0m                                                      'controller_nsight_options': {'cuda-graph-trace': 'graph',
[36m(TaskRunnerV1 pid=997342)[0m                                                                                    'cuda-memory-usage': 'true',
[36m(TaskRunnerV1 pid=997342)[0m                                                                                    'trace': 'cuda,nvtx,cublas,ucx'},
[36m(TaskRunnerV1 pid=997342)[0m                                                      'discrete': False,
[36m(TaskRunnerV1 pid=997342)[0m                                                      'worker_nsight_options': {'capture-range': 'cudaProfilerApi',
[36m(TaskRunnerV1 pid=997342)[0m                                                                                'capture-range-end': None,
[36m(TaskRunnerV1 pid=997342)[0m                                                                                'cuda-graph-trace': 'graph',
[36m(TaskRunnerV1 pid=997342)[0m                                                                                'cuda-memory-usage': 'true',
[36m(TaskRunnerV1 pid=997342)[0m                                                                                'kill': 'none',
[36m(TaskRunnerV1 pid=997342)[0m                                                                                'trace': 'cuda,nvtx,cublas,ucx'}},
[36m(TaskRunnerV1 pid=997342)[0m                                             'precision_debugger': {'_target_': 'verl.utils.profiler.config.PrecisionDebuggerToolConfig',
[36m(TaskRunnerV1 pid=997342)[0m                                                                    'config_path': None,
[36m(TaskRunnerV1 pid=997342)[0m                                                                    'stages': None,
[36m(TaskRunnerV1 pid=997342)[0m                                                                    'steps': None,
[36m(TaskRunnerV1 pid=997342)[0m                                                                    'strict': False},
[36m(TaskRunnerV1 pid=997342)[0m                                             'torch_memory': {'context': 'all',
[36m(TaskRunnerV1 pid=997342)[0m                                                              'kw_args': {},
[36m(TaskRunnerV1 pid=997342)[0m                                                              'stack_depth': 32,
[36m(TaskRunnerV1 pid=997342)[0m                                                              'stacks': 'all',
[36m(TaskRunnerV1 pid=997342)[0m                                                              'trace_alloc_max_entries': 100000}},
[36m(TaskRunnerV1 pid=997342)[0m                      'profile_continuous_steps': False,
[36m(TaskRunnerV1 pid=997342)[0m                      'save_path': 'outputs/profile',
[36m(TaskRunnerV1 pid=997342)[0m                      'steps': None,
[36m(TaskRunnerV1 pid=997342)[0m                      'tool': None},
[36m(TaskRunnerV1 pid=997342)[0m  'model_engine': 'dp',
[36m(TaskRunnerV1 pid=997342)[0m  'ray_kwargs': {'ray_init': {'num_cpus': None}, 'timeline_json_file': None},
[36m(TaskRunnerV1 pid=997342)[0m  'reward': {'_target_': 'verl.workers.config.RewardConfig',
[36m(TaskRunnerV1 pid=997342)[0m             'custom_reward_function': {'name': 'compute_score',
[36m(TaskRunnerV1 pid=997342)[0m                                        'path': '/data2/hjk/projects/AI-HiddenState-ER/scripts/mathverse_option_logit_gain_reward.py'},
[36m(TaskRunnerV1 pid=997342)[0m             'num_workers': 1,
[36m(TaskRunnerV1 pid=997342)[0m             'reward_manager': {'_target_': 'verl.workers.config.reward.RewardManagerConfig',
[36m(TaskRunnerV1 pid=997342)[0m                                'module': {'_target_': 'verl.trainer.config.config.ModuleConfig',
[36m(TaskRunnerV1 pid=997342)[0m                                           'name': 'custom_reward_manager',
[36m(TaskRunnerV1 pid=997342)[0m                                           'path': None},
[36m(TaskRunnerV1 pid=997342)[0m                                'name': 'naive',
[36m(TaskRunnerV1 pid=997342)[0m                                'source': 'register'},
[36m(TaskRunnerV1 pid=997342)[0m             'reward_model': {'_target_': 'verl.workers.config.RewardModelConfig',
[36m(TaskRunnerV1 pid=997342)[0m                              'enable': False,
[36m(TaskRunnerV1 pid=997342)[0m                              'enable_resource_pool': False,
[36m(TaskRunnerV1 pid=997342)[0m                              'model_path': None,
[36m(TaskRunnerV1 pid=997342)[0m                              'n_gpus_per_node': 8,
[36m(TaskRunnerV1 pid=997342)[0m                              'nnodes': 0,
[36m(TaskRunnerV1 pid=997342)[0m                              'rollout': {'_target_': 'verl.workers.config.RolloutConfig',
[36m(TaskRunnerV1 pid=997342)[0m                                          'cudagraph_capture_sizes': None,
[36m(TaskRunnerV1 pid=997342)[0m                                          'data_parallel_size': 1,
[36m(TaskRunnerV1 pid=997342)[0m                                          'disable_log_stats': True,
[36m(TaskRunnerV1 pid=997342)[0m                                          'disaggregation': {'bootstrap_port': None,
[36m(TaskRunnerV1 pid=997342)[0m                                                             'decode_replicas': 1,
[36m(TaskRunnerV1 pid=997342)[0m                                                             'decode_tensor_model_parallel_size': None,
[36m(TaskRunnerV1 pid=997342)[0m                                                             'enabled': False,
[36m(TaskRunnerV1 pid=997342)[0m                                                             'ib_device': None,
[36m(TaskRunnerV1 pid=997342)[0m                                                             'prefill_replicas': 1,
[36m(TaskRunnerV1 pid=997342)[0m                                                             'transfer_backend': 'nixl'},
[36m(TaskRunnerV1 pid=997342)[0m                                          'do_sample': True,
[36m(TaskRunnerV1 pid=997342)[0m                                          'dtype': 'bfloat16',
[36m(TaskRunnerV1 pid=997342)[0m                                          'enable_chunked_prefill': True,
[36m(TaskRunnerV1 pid=997342)[0m                                          'enable_prefix_caching': True,
[36m(TaskRunnerV1 pid=997342)[0m                                          'enforce_eager': True,
[36m(TaskRunnerV1 pid=997342)[0m                                          'engine_kwargs': {},
[36m(TaskRunnerV1 pid=997342)[0m                                          'expert_parallel_size': 1,
[36m(TaskRunnerV1 pid=997342)[0m                                          'free_cache_engine': True,
[36m(TaskRunnerV1 pid=997342)[0m                                          'full_determinism': False,
[36m(TaskRunnerV1 pid=997342)[0m                                          'gpu_memory_utilization': 0.5,
[36m(TaskRunnerV1 pid=997342)[0m                                          'ignore_eos': False,
[36m(TaskRunnerV1 pid=997342)[0m                                          'layered_summon': False,
[36m(TaskRunnerV1 pid=997342)[0m                                          'limit_images': None,
[36m(TaskRunnerV1 pid=997342)[0m                                          'load_format': 'auto',
[36m(TaskRunnerV1 pid=997342)[0m                                          'max_model_len': None,
[36m(TaskRunnerV1 pid=997342)[0m                                          'max_num_batched_tokens': 8192,
[36m(TaskRunnerV1 pid=997342)[0m                                          'max_num_seqs': 1024,
[36m(TaskRunnerV1 pid=997342)[0m                                          'mtp': None,
[36m(TaskRunnerV1 pid=997342)[0m                                          'multi_stage_wake_up': False,
[36m(TaskRunnerV1 pid=997342)[0m                                          'n': 1,
[36m(TaskRunnerV1 pid=997342)[0m                                          'name': '???',
[36m(TaskRunnerV1 pid=997342)[0m                                          'pipeline_model_parallel_size': 1,
[36m(TaskRunnerV1 pid=997342)[0m                                          'prompt_length': 2048,
[36m(TaskRunnerV1 pid=997342)[0m                                          'quantization': None,
[36m(TaskRunnerV1 pid=997342)[0m                                          'quantization_config_file': None,
[36m(TaskRunnerV1 pid=997342)[0m                                          'response_length': 2048,
[36m(TaskRunnerV1 pid=997342)[0m                                          'scheduling_policy': 'fcfs',
[36m(TaskRunnerV1 pid=997342)[0m                                          'seed': 42,
[36m(TaskRunnerV1 pid=997342)[0m                                          'skip_tokenizer_init': False,
[36m(TaskRunnerV1 pid=997342)[0m                                          'temperature': 1.0,
[36m(TaskRunnerV1 pid=997342)[0m                                          'tensor_model_parallel_size': 2,
[36m(TaskRunnerV1 pid=997342)[0m                                          'top_k': -1,
[36m(TaskRunnerV1 pid=997342)[0m                                          'top_p': 1}},
[36m(TaskRunnerV1 pid=997342)[0m             'sandbox_fusion': {'_target_': 'verl.workers.config.SandboxFusionConfig',
[36m(TaskRunnerV1 pid=997342)[0m                                'max_concurrent': 64,
[36m(TaskRunnerV1 pid=997342)[0m                                'memory_limit_mb': 1024,
[36m(TaskRunnerV1 pid=997342)[0m                                'url': None}},
[36m(TaskRunnerV1 pid=997342)[0m  'reward_model': {'enable': None,
[36m(TaskRunnerV1 pid=997342)[0m                   'enable_resource_pool': None,
[36m(TaskRunnerV1 pid=997342)[0m                   'model': {'external_lib': None,
[36m(TaskRunnerV1 pid=997342)[0m                             'path': None,
[36m(TaskRunnerV1 pid=997342)[0m                             'trust_remote_code': None},
[36m(TaskRunnerV1 pid=997342)[0m                   'n_gpus_per_node': None,
[36m(TaskRunnerV1 pid=997342)[0m                   'nnodes': None,
[36m(TaskRunnerV1 pid=997342)[0m                   'num_workers': None,
[36m(TaskRunnerV1 pid=997342)[0m                   'reward_loop_class_name': None,
[36m(TaskRunnerV1 pid=997342)[0m                   'reward_loop_module_path': None,
[36m(TaskRunnerV1 pid=997342)[0m                   'reward_loop_source': None,
[36m(TaskRunnerV1 pid=997342)[0m                   'reward_manager': None,
[36m(TaskRunnerV1 pid=997342)[0m                   'rollout': {'cudagraph_capture_sizes': None,
[36m(TaskRunnerV1 pid=997342)[0m                               'data_parallel_size': None,
[36m(TaskRunnerV1 pid=997342)[0m                               'disable_log_stats': None,
[36m(TaskRunnerV1 pid=997342)[0m                               'dtype': None,
[36m(TaskRunnerV1 pid=997342)[0m                               'enable_chunked_prefill': None,
[36m(TaskRunnerV1 pid=997342)[0m                               'enable_prefix_caching': None,
[36m(TaskRunnerV1 pid=997342)[0m                               'enforce_eager': None,
[36m(TaskRunnerV1 pid=997342)[0m                               'engine_kwargs': None,
[36m(TaskRunnerV1 pid=997342)[0m                               'expert_parallel_size': None,
[36m(TaskRunnerV1 pid=997342)[0m                               'free_cache_engine': None,
[36m(TaskRunnerV1 pid=997342)[0m                               'gpu_memory_utilization': None,
[36m(TaskRunnerV1 pid=997342)[0m                               'limit_images': None,
[36m(TaskRunnerV1 pid=997342)[0m                               'load_format': None,
[36m(TaskRunnerV1 pid=997342)[0m                               'max_model_len': None,
[36m(TaskRunnerV1 pid=997342)[0m                               'max_num_batched_tokens': None,
[36m(TaskRunnerV1 pid=997342)[0m                               'max_num_seqs': None,
[36m(TaskRunnerV1 pid=997342)[0m                               'name': None,
[36m(TaskRunnerV1 pid=997342)[0m                               'prompt_length': None,
[36m(TaskRunnerV1 pid=997342)[0m                               'response_length': None,
[36m(TaskRunnerV1 pid=997342)[0m                               'skip_tokenizer_init': None,
[36m(TaskRunnerV1 pid=997342)[0m                               'tensor_model_parallel_size': None}},
[36m(TaskRunnerV1 pid=997342)[0m  'sandbox_fusion': {'max_concurrent': None,
[36m(TaskRunnerV1 pid=997342)[0m                     'memory_limit_mb': None,
[36m(TaskRunnerV1 pid=997342)[0m                     'url': None},
[36m(TaskRunnerV1 pid=997342)[0m  'skip': {'_target_': 'verl.utils.skip.SkipManagerConfig',
[36m(TaskRunnerV1 pid=997342)[0m           'async_rollout': {'action': 'cache',
[36m(TaskRunnerV1 pid=997342)[0m                             'dump_dir': '~/.verl/rollout_dump',
[36m(TaskRunnerV1 pid=997342)[0m                             'enable': False,
[36m(TaskRunnerV1 pid=997342)[0m                             'steps': []},
[36m(TaskRunnerV1 pid=997342)[0m           'rollout': {'action': 'cache',
[36m(TaskRunnerV1 pid=997342)[0m                       'dump_dir': '~/.verl/rollout_dump',
[36m(TaskRunnerV1 pid=997342)[0m                       'enable': False,
[36m(TaskRunnerV1 pid=997342)[0m                       'steps': []}},
[36m(TaskRunnerV1 pid=997342)[0m  'trainer': {'balance_batch': True,
[36m(TaskRunnerV1 pid=997342)[0m              'critic_warmup': 0,
[36m(TaskRunnerV1 pid=997342)[0m              'default_hdfs_dir': None,
[36m(TaskRunnerV1 pid=997342)[0m              'default_local_dir': '/data2/hjk/checkpoints/verl_qwen3vl/mathverse_text_qwen25_1p5b_grpo_c_option_gain_formal_seed42',[36m(TaskRunnerV1 pid=997342)[0m /data2/hjk/projects/verl/verl/trainer/ppo/v1/trainer_base.py:113: UserWarning: Disabled critic as algorithm.adv_estimator != gae. If it is not intended, please set critic.enable=True
[36m(TaskRunnerV1 pid=997342)[0m   self.use_critic = need_critic(self.config)
[36m(TaskRunnerV1 pid=997342)[0m Filtering prompts longer than 2048 tokens (num_proc=1):   0%|          | 0/500 [00:00<?, ? examples/s]
[36m(TaskRunnerV1 pid=997342)[0m Filtering prompts longer than 2048 tokens (num_proc=1): 100%|██████████| 500/500 [00:00<00:00, 573.36 examples/s]
[36m(TaskRunnerV1 pid=997342)[0m Filtering prompts longer than 2048 tokens (num_proc=1): 100%|██████████| 500/500 [00:01<00:00, 494.07 examples/s]
[36m(TaskRunnerV1 pid=997342)[0m Filtering prompts longer than 2048 tokens (num_proc=1):   0%|          | 0/128 [00:00<?, ? examples/s]
[36m(TaskRunnerV1 pid=997342)[0m Filtering prompts longer than 2048 tokens (num_proc=1): 100%|██████████| 128/128 [00:00<00:00, 173.70 examples/s]
[36m(TaskRunnerV1 pid=997342)[0m Filtering prompts longer than 2048 tokens (num_proc=1): 100%|██████████| 128/128 [00:00<00:00, 147.07 examples/s]
[36m(TaskRunnerV1 pid=997342)[0m INFO:2026-07-05 14:27:25,364:train and validate dataloader initialized, train dataset size: 500, val dataset size: 128
[36m(TaskRunnerV1 pid=997342)[0m INFO:2026-07-05 14:27:25,365:Total training steps: 125
[36m(TaskRunnerV1 pid=997342)[0m /data2/hjk/projects/verl/verl/trainer/ppo/v1/trainer_base.py:596: UserWarning: Disabled critic as algorithm.adv_estimator != gae. If it is not intended, please set critic.enable=True
[36m(TaskRunnerV1 pid=997342)[0m   if need_critic(config):
[36m(TaskRunnerV1 pid=997342)[0m INFO:2026-07-05 14:27:25,379:worker group kwargs: {'device_name': 'cuda'}
[36m(TaskRunnerV1 pid=997342)[0m INFO:2026-07-05 14:27:26,401:create worker group dict_keys(['actor_rollout'])
[36m(pid=998593)[0m /data2/hjk/envs/verl_qwen3vl_py311/lib/python3.11/site-packages/transformers/utils/hub.py:110: FutureWarning: Using `TRANSFORMERS_CACHE` is deprecated and will be removed in v5 of Transformers. Use `HF_HOME` instead.
[36m(pid=998593)[0m   warnings.warn(
[36m(WorkerDict pid=998593)[0m /data2/hjk/projects/verl/verl/workers/engine/mindspeed/transformer_impl.py:24: UserWarning: NPU not support router replay for now.
[36m(WorkerDict pid=998593)[0m   from verl.utils.megatron.router_replay_patch import RouterReplay
[36m(WorkerDict pid=998593)[0m `torch_dtype` is deprecated! Use `dtype` instead!
[36m(WorkerDict pid=998593)[0m /data2/hjk/envs/verl_qwen3vl_py311/lib/python3.11/site-packages/torch/distributed/fsdp/_init_utils.py:430: UserWarning: FSDP is switching to use `NO_SHARD` instead of ShardingStrategy.FULL_SHARD since the world size is 1.
[36m(WorkerDict pid=998593)[0m   warnings.warn(
[36m(WorkerDict pid=998593)[0m /data2/hjk/envs/verl_qwen3vl_py311/lib/python3.11/site-packages/torch/distributed/fsdp/fully_sharded_data_parallel.py:678: FutureWarning: FSDP.state_dict_type() and FSDP.set_state_dict_type() are being deprecated. Please use APIs, get_state_dict() and set_state_dict(), which can support different parallelisms, FSDP1, FSDP2, DDP. API doc: https://pytorch.org/docs/stable/distributed.checkpoint.html#torch.distributed.checkpoint.state_dict.get_state_dict .Tutorial: https://pytorch.org/tutorials/recipes/distributed_checkpoint_recipe.html .
[36m(WorkerDict pid=998593)[0m   warnings.warn(
[36m(TaskRunnerV1 pid=997342)[0m INFO:2026-07-05 14:27:40,006:actor and ref model engine initialized
[36m(TaskRunnerV1 pid=997342)[0m INFO:2026-07-05 14:27:40,076:reward loop manager initialized
[36m(pid=999013)[0m /data2/hjk/envs/verl_qwen3vl_py311/lib/python3.11/site-packages/transformers/utils/hub.py:110: FutureWarning: Using `TRANSFORMERS_CACHE` is deprecated and will be removed in v5 of Transformers. Use `HF_HOME` instead.
[36m(pid=999071)[0m   warnings.warn([32m [repeated 2x across cluster] (Ray deduplicates logs by default. Set RAY_DEDUP_LOGS=0 to disable log deduplication, or see https://docs.ray.io/en/master/ray-observability/user-guides/configure-logging.html#log-deduplication for more options.)[0m
[36m(vLLMHttpServer pid=999071)[0m WARNING:2026-07-05 14:27:50,953:agent loop only support torch and npu profiler, got None
[36m(vLLMHttpServer pid=999071)[0m INFO:2026-07-05 14:27:50,953:vLLMHttpServer, replica_rank: 0, node_rank: 0, CUDA_VISIBLE_DEVICES: 0, master_address: 202.120.39.159, master_port: 35483, data_parallel_rpc_port: 37661, data_parallel_master_port: 42315
[36m(vLLMHttpServer pid=999071)[0m INFO:2026-07-05 14:27:50,962:override_generation_config: {'temperature': 1.0, 'top_k': -1, 'top_p': 1.0, 'repetition_penalty': 1.0, 'max_new_tokens': 512}
[36m(vLLMHttpServer pid=999071)[0m INFO:2026-07-05 14:27:50,962:enable_sleep_mode: True
[36m(vLLMHttpServer pid=999071)[0m `torch_dtype` is deprecated! Use `dtype` instead!
[36m(pid=999071)[0m /data2/hjk/envs/verl_qwen3vl_py311/lib/python3.11/site-packages/transformers/utils/hub.py:110: FutureWarning: Using `TRANSFORMERS_CACHE` is deprecated and will be removed in v5 of Transformers. Use `HF_HOME` instead.

[36m(TaskRunnerV1 pid=997342)[0m              'del_local_ckpt_after_load': False,
[36m(TaskRunnerV1 pid=997342)[0m              'device': 'cuda',
[36m(TaskRunnerV1 pid=997342)[0m              'esi_redundant_time': 0,
[36m(TaskRunnerV1 pid=997342)[0m              'experiment_name': 'mathverse_text_qwen25_1p5b_grpo_c_option_gain_formal_seed42',
[36m(TaskRunnerV1 pid=997342)[0m              'log_val_generations': 128,
[36m(TaskRunnerV1 pid=997342)[0m              'logger': ['console'],
[36m(TaskRunnerV1 pid=997342)[0m              'max_actor_ckpt_to_keep': None,
[36m(TaskRunnerV1 pid=997342)[0m              'max_critic_ckpt_to_keep': None,
[36m(TaskRunnerV1 pid=997342)[0m              'n_gpus_per_node': 1,
[36m(TaskRunnerV1 pid=997342)[0m              'nnodes': 1,
[36m(TaskRunnerV1 pid=997342)[0m              'project_name': 'mathverse_text_grpo_c_option_gain',
[36m(TaskRunnerV1 pid=997342)[0m              'ray_wait_register_center_timeout': 300,
[36m(TaskRunnerV1 pid=997342)[0m              'resume_from_path': None,
[36m(TaskRunnerV1 pid=997342)[0m              'resume_mode': 'auto',
[36m(TaskRunnerV1 pid=997342)[0m              'rollout_data_dir': None,
[36m(TaskRunnerV1 pid=997342)[0m              'save_freq': 125,
[36m(TaskRunnerV1 pid=997342)[0m              'test_freq': 25,
[36m(TaskRunnerV1 pid=997342)[0m              'total_epochs': 1,
[36m(TaskRunnerV1 pid=997342)[0m              'total_training_steps': 125,
[36m(TaskRunnerV1 pid=997342)[0m              'use_v1': True,
[36m(TaskRunnerV1 pid=997342)[0m              'v1': {'colocate_async': {'num_warmup_batches': 1},
[36m(TaskRunnerV1 pid=997342)[0m                     'sampler': {'custom_sampler': {'name': None, 'path': None},
[36m(TaskRunnerV1 pid=997342)[0m                                 'max_off_policy_strategy': 'drop',
[36m(TaskRunnerV1 pid=997342)[0m                                 'max_off_policy_threshold': 8,
[36m(TaskRunnerV1 pid=997342)[0m                                 'sampler_kwargs': {}},
[36m(TaskRunnerV1 pid=997342)[0m                     'separate_async': {'num_warmup_batches': 4,
[36m(TaskRunnerV1 pid=997342)[0m                                        'parameter_sync_step': 4},
[36m(TaskRunnerV1 pid=997342)[0m                     'sync': {},
[36m(TaskRunnerV1 pid=997342)[0m                     'trainer_mode': 'sync'},
[36m(TaskRunnerV1 pid=997342)[0m              'val_before_train': True,
[36m(TaskRunnerV1 pid=997342)[0m              'val_only': False,
[36m(TaskRunnerV1 pid=997342)[0m              'validation_data_dir': '/data2/hjk/projects/AI-HiddenState-ER/rl_audit/mathverse_text_qwen25_1p5b_grpo_c_option_gain_formal_seed42/validation_generations'},
[36m(TaskRunnerV1 pid=997342)[0m  'transfer_queue': {'backend': {'MooncakeStore': {'auto_init': False,
[36m(TaskRunnerV1 pid=997342)[0m                                                   'device_name': '',
[36m(TaskRunnerV1 pid=997342)[0m                                                   'global_segment_size': 4294967296,
[36m(TaskRunnerV1 pid=997342)[0m                                                   'local_buffer_size': 1073741824,
[36m(TaskRunnerV1 pid=997342)[0m                                                   'local_hostname': 'localhost',
[36m(TaskRunnerV1 pid=997342)[0m                                                   'master_server_address': 'localhost:50124',
[36m(TaskRunnerV1 pid=997342)[0m                                                   'metadata_server': 'localhost:50123',
[36m(TaskRunnerV1 pid=997342)[0m                                                   'protocol': 'tcp'},
[36m(TaskRunnerV1 pid=997342)[0m                                 'SimpleStorage': {'num_data_storage_units': 8,
[36m(TaskRunnerV1 pid=997342)[0m                                                   'total_storage_size': 100000},
[36m(TaskRunnerV1 pid=997342)[0m                                 'storage_backend': 'SimpleStorage'},
[36m(TaskRunnerV1 pid=997342)[0m                     'enable': True,
[36m(TaskRunnerV1 pid=997342)[0m                     'metrics': {'enabled': False, 'port': 0}}}
[36m(TaskRunnerV1 pid=997342)[0m Using dataset class: RLHFDataset
[36m(TaskRunnerV1 pid=997342)[0m dataset len: 500
[36m(TaskRunnerV1 pid=997342)[0m filter dataset len: 500
[36m(TaskRunnerV1 pid=997342)[0m Using dataset class: RLHFDataset
[36m(TaskRunnerV1 pid=997342)[0m dataset len: 128
[36m(TaskRunnerV1 pid=997342)[0m filter dataset len: 128
[36m(TaskRunnerV1 pid=997342)[0m colocated worker base class <class 'verl.single_controller.base.worker.Worker'>
[36m(WorkerDict pid=998593)[0m [Gloo] Rank 0 is connected to 0 peer ranks. Expected number of connected peer ranks is : 0
[36m(WorkerDict pid=998593)[0m Warning: Failed to set NUMA affinity: libnuma.so: cannot open shared object file: No such file or directory
[36m(WorkerDict pid=998593)[0m Monkey patch _flash_attention_forward in transformers.integrations.flash_attention
[36m(WorkerDict pid=998593)[0m Skipping monkey patch for Qwen2ForCausalLM as use_fused_kernels is False or fused_kernels_backend is torch
[36m(WorkerDict pid=998593)[0m PeftModelForCausalLM contains 1.55B parameters
[36m(WorkerDict pid=998593)[0m Before FSDP, memory allocated (GB): 0.00, memory reserved (GB): 0.00, device memory used/total (GB): 0.51/139.80
[36m(WorkerDict pid=998593)[0m After FSDP, memory allocated (GB): 5.79, memory reserved (GB): 6.90, device memory used/total (GB): 8.05/139.80
[36m(WorkerDict pid=998593)[0m Total steps: 125, num_warmup_steps: 0
[36m(WorkerDict pid=998593)[0m NCCL version 2.27.3+cuda12.9
[36m(WorkerDict pid=998593)[0m [Gloo] Rank 0 is connected to 0 peer ranks. Expected number of connected peer ranks is : 0
[36m(WorkerDict pid=998593)[0m [Gloo] Rank 0 is connected to 0 peer ranks. Expected number of connected peer ranks is : 0
[36m(WorkerDict pid=998593)[0m [Gloo] Rank 0 is connected to 0 peer ranks. Expected number of connected peer ranks is : 0
[36m(TaskRunnerV1 pid=997342)[0m WARNING 07-05 14:27:42 [api_server.py:1213] LoRA dynamic loading & unloading is enabled in the API server. This should ONLY be used for local development!
[36m(pid=999071)[0m WARNING 07-05 14:27:50 [api_server.py:1213] LoRA dynamic loading & unloading is enabled in the API server. This should ONLY be used for local development!
[36m(vLLMHttpServer pid=999071)[0m ['serve',
[36m(vLLMHttpServer pid=999071)[0m  '/data2/hjk/models/huggingface/hub/models--Qwen--Qwen2.5-1.5B-Instruct/snapshots/989aa7980e4cf806f80c7fef2b1adb7bc71aa306',
[36m(vLLMHttpServer pid=999071)[0m  '--dtype',
[36m(vLLMHttpServer pid=999071)[0m  'bfloat16',
[36m(vLLMHttpServer pid=999071)[0m  '--load_format',
[36m(vLLMHttpServer pid=999071)[0m  'dummy',
[36m(vLLMHttpServer pid=999071)[0m  '--distributed_executor_backend',
[36m(vLLMHttpServer pid=999071)[0m  'mp',
[36m(vLLMHttpServer pid=999071)[0m  '--worker_extension_cls',
[36m(vLLMHttpServer pid=999071)[0m  'verl.workers.rollout.vllm_rollout.utils.vLLMColocateWorkerExtension',
[36m(vLLMHttpServer pid=999071)[0m  '--max_model_len',
[36m(vLLMHttpServer pid=999071)[0m  '32768',
[36m(vLLMHttpServer pid=999071)[0m  '--max_num_seqs',
[36m(vLLMHttpServer pid=999071)[0m  '1024',
[36m(vLLMHttpServer pid=999071)[0m  '--enable_chunked_prefill',
[36m(vLLMHttpServer pid=999071)[0m  '--max_num_batched_tokens',
[36m(vLLMHttpServer pid=999071)[0m  '8192',
[36m(vLLMHttpServer pid=999071)[0m  '--enable_prefix_caching',
[36m(vLLMHttpServer pid=999071)[0m  '--enable_sleep_mode',
[36m(vLLMHttpServer pid=999071)[0m  '--logprobs_mode',
[36m(vLLMHttpServer pid=999071)[0m  'processed_logprobs',
[36m(vLLMHttpServer pid=999071)[0m  '--gpu_memory_utilization',
[36m(vLLMHttpServer pid=999071)[0m  '0.3',
[36m(vLLMHttpServer pid=999071)[0m  '--disable_log_stats',
[36m(vLLMHttpServer pid=999071)[0m  '--tensor_parallel_size',
[36m(vLLMHttpServer pid=999071)[0m  '1',
[36m(vLLMHttpServer pid=999071)[0m  '--seed',
[36m(vLLMHttpServer pid=999071)[0m  '42',
[36m(vLLMHttpServer pid=999071)[0m  '--override_generation_config',
[36m(vLLMHttpServer pid=999071)[0m  '{"temperature": 1.0, "top_k": -1, "top_p": 1.0, "repetition_penalty": 1.0, '[36m(vLLMHttpServer pid=999071)[0m /data2/hjk/envs/verl_qwen3vl_py311/lib/python3.11/site-packages/transformers/utils/hub.py:110: FutureWarning: Using `TRANSFORMERS_CACHE` is deprecated and will be removed in v5 of Transformers. Use `HF_HOME` instead.
[36m(vLLMHttpServer pid=999071)[0m   warnings.warn(
[36m(vLLMHttpServer pid=999071)[0m /data2/hjk/envs/verl_qwen3vl_py311/lib/python3.11/site-packages/transformers/utils/hub.py:110: FutureWarning: Using `TRANSFORMERS_CACHE` is deprecated and will be removed in v5 of Transformers. Use `HF_HOME` instead.
[36m(vLLMHttpServer pid=999071)[0m   warnings.warn(
[36m(vLLMHttpServer pid=999071)[0m [1;36m(Worker pid=999294)[0;0m Capturing CUDA graphs (mixed prefill-decode, PIECEWISE):   0%|          | 0/67 [00:00<?, ?it/s]
[36m(vLLMHttpServer pid=999071)[0m Capturing CUDA graphs (mixed prefill-decode, PIECEWISE):   1%|▏         | 1/67 [00:00<00:06,  9.46it/s]
[36m(vLLMHttpServer pid=999071)[0m Capturing CUDA graphs (mixed prefill-decode, PIECEWISE):   4%|▍         | 3/67 [00:00<00:05, 11.85it/s]
[36m(vLLMHttpServer pid=999071)[0m Capturing CUDA graphs (mixed prefill-decode, PIECEWISE):   7%|▋         | 5/67 [00:00<00:04, 12.65it/s]
[36m(vLLMHttpServer pid=999071)[0m Capturing CUDA graphs (mixed prefill-decode, PIECEWISE):  10%|█         | 7/67 [00:00<00:04, 13.30it/s]
[36m(vLLMHttpServer pid=999071)[0m Capturing CUDA graphs (mixed prefill-decode, PIECEWISE):  13%|█▎        | 9/67 [00:00<00:04, 13.25it/s]
[36m(vLLMHttpServer pid=999071)[0m Capturing CUDA graphs (mixed prefill-decode, PIECEWISE):  16%|█▋        | 11/67 [00:00<00:04, 13.35it/s]
[36m(vLLMHttpServer pid=999071)[0m Capturing CUDA graphs (mixed prefill-decode, PIECEWISE):  19%|█▉        | 13/67 [00:01<00:04, 13.25it/s]
[36m(vLLMHttpServer pid=999071)[0m Capturing CUDA graphs (mixed prefill-decode, PIECEWISE):  22%|██▏       | 15/67 [00:01<00:03, 13.29it/s]
[36m(vLLMHttpServer pid=999071)[0m Capturing CUDA graphs (mixed prefill-decode, PIECEWISE):  25%|██▌       | 17/67 [00:01<00:03, 13.28it/s]
[36m(vLLMHttpServer pid=999071)[0m Capturing CUDA graphs (mixed prefill-decode, PIECEWISE):  28%|██▊       | 19/67 [00:01<00:03, 13.34it/s]
[36m(vLLMHttpServer pid=999071)[0m Capturing CUDA graphs (mixed prefill-decode, PIECEWISE):  31%|███▏      | 21/67 [00:01<00:03, 13.29it/s]
[36m(vLLMHttpServer pid=999071)[0m Capturing CUDA graphs (mixed prefill-decode, PIECEWISE):  34%|███▍      | 23/67 [00:01<00:03, 13.09it/s]
[36m(vLLMHttpServer pid=999071)[0m Capturing CUDA graphs (mixed prefill-decode, PIECEWISE):  37%|███▋      | 25/67 [00:01<00:03, 12.96it/s]
[36m(vLLMHttpServer pid=999071)[0m Capturing CUDA graphs (mixed prefill-decode, PIECEWISE):  40%|████      | 27/67 [00:02<00:03, 13.11it/s]
[36m(vLLMHttpServer pid=999071)[0m Capturing CUDA graphs (mixed prefill-decode, PIECEWISE):  43%|████▎     | 29/67 [00:02<00:02, 13.05it/s]
[36m(vLLMHttpServer pid=999071)[0m Capturing CUDA graphs (mixed prefill-decode, PIECEWISE):  46%|████▋     | 31/67 [00:02<00:02, 13.08it/s]
[36m(vLLMHttpServer pid=999071)[0m Capturing CUDA graphs (mixed prefill-decode, PIECEWISE):  49%|████▉     | 33/67 [00:02<00:02, 12.71it/s]
[36m(vLLMHttpServer pid=999071)[0m Capturing CUDA graphs (mixed prefill-decode, PIECEWISE):  52%|█████▏    | 35/67 [00:02<00:02, 12.78it/s]
[36m(vLLMHttpServer pid=999071)[0m Capturing CUDA graphs (mixed prefill-decode, PIECEWISE):  55%|█████▌    | 37/67 [00:02<00:02, 12.80it/s]
[36m(vLLMHttpServer pid=999071)[0m Capturing CUDA graphs (mixed prefill-decode, PIECEWISE):  58%|█████▊    | 39/67 [00:03<00:02, 12.61it/s]
[36m(vLLMHttpServer pid=999071)[0m Capturing CUDA graphs (mixed prefill-decode, PIECEWISE):  61%|██████    | 41/67 [00:03<00:02, 12.49it/s]
[36m(vLLMHttpServer pid=999071)[0m Capturing CUDA graphs (mixed prefill-decode, PIECEWISE):  64%|██████▍   | 43/67 [00:03<00:01, 12.66it/s]
[36m(vLLMHttpServer pid=999071)[0m Capturing CUDA graphs (mixed prefill-decode, PIECEWISE):  67%|██████▋   | 45/67 [00:03<00:01, 12.50it/s]
[36m(vLLMHttpServer pid=999071)[0m Capturing CUDA graphs (mixed prefill-decode, PIECEWISE):  70%|███████   | 47/67 [00:03<00:01, 12.48it/s]
[36m(vLLMHttpServer pid=999071)[0m Capturing CUDA graphs (mixed prefill-decode, PIECEWISE):  73%|███████▎  | 49/67 [00:03<00:01, 12.44it/s]
[36m(vLLMHttpServer pid=999071)[0m Capturing CUDA graphs (mixed prefill-decode, PIECEWISE):  76%|███████▌  | 51/67 [00:03<00:01, 12.15it/s]
[36m(vLLMHttpServer pid=999071)[0m Capturing CUDA graphs (mixed prefill-decode, PIECEWISE):  79%|███████▉  | 53/67 [00:04<00:01, 12.00it/s]
[36m(vLLMHttpServer pid=999071)[0m Capturing CUDA graphs (mixed prefill-decode, PIECEWISE):  82%|████████▏ | 55/67 [00:04<00:00, 12.04it/s]
[36m(vLLMHttpServer pid=999071)[0m Capturing CUDA graphs (mixed prefill-decode, PIECEWISE):  85%|████████▌ | 57/67 [00:04<00:00, 11.96it/s]
[36m(vLLMHttpServer pid=999071)[0m Capturing CUDA graphs (mixed prefill-decode, PIECEWISE):  88%|████████▊ | 59/67 [00:04<00:00, 12.09it/s]
[36m(vLLMHttpServer pid=999071)[0m Capturing CUDA graphs (mixed prefill-decode, PIECEWISE):  91%|█████████ | 61/67 [00:04<00:00, 12.15it/s]
[36m(vLLMHttpServer pid=999071)[0m Capturing CUDA graphs (mixed prefill-decode, PIECEWISE):  94%|█████████▍| 63/67 [00:04<00:00, 12.19it/s]
[36m(vLLMHttpServer pid=999071)[0m Capturing CUDA graphs (mixed prefill-decode, PIECEWISE):  97%|█████████▋| 65/67 [00:05<00:00, 12.52it/s]
[36m(vLLMHttpServer pid=999071)[0m Capturing CUDA graphs (mixed prefill-decode, PIECEWISE): 100%|██████████| 67/67 [00:05<00:00, 12.32it/s]Capturing CUDA graphs (mixed prefill-decode, PIECEWISE): 100%|██████████| 67/67 [00:05<00:00, 12.64it/s]
[36m(vLLMHttpServer pid=999071)[0m [1;36m(Worker pid=999294)[0;0m Capturing CUDA graphs (decode, FULL):   0%|          | 0/67 [00:00<?, ?it/s]
[36m(vLLMHttpServer pid=999071)[0m Capturing CUDA graphs (decode, FULL):   3%|▎         | 2/67 [00:00<00:05, 12.05it/s]
[36m(vLLMHttpServer pid=999071)[0m Capturing CUDA graphs (decode, FULL):   6%|▌         | 4/67 [00:00<00:04, 13.66it/s]
[36m(vLLMHttpServer pid=999071)[0m Capturing CUDA graphs (decode, FULL):   9%|▉         | 6/67 [00:00<00:04, 14.29it/s]
[36m(vLLMHttpServer pid=999071)[0m Capturing CUDA graphs (decode, FULL):  12%|█▏        | 8/67 [00:00<00:04, 14.57it/s]
[36m(vLLMHttpServer pid=999071)[0m Capturing CUDA graphs (decode, FULL):  15%|█▍        | 10/67 [00:00<00:03, 14.64it/s]
[36m(vLLMHttpServer pid=999071)[0m Capturing CUDA graphs (decode, FULL):  18%|█▊        | 12/67 [00:00<00:03, 14.77it/s]
[36m(vLLMHttpServer pid=999071)[0m Capturing CUDA graphs (decode, FULL):  21%|██        | 14/67 [00:00<00:03, 14.90it/s]
[36m(vLLMHttpServer pid=999071)[0m Capturing CUDA graphs (decode, FULL):  24%|██▍       | 16/67 [00:01<00:03, 15.05it/s]
[36m(vLLMHttpServer pid=999071)[0m Capturing CUDA graphs (decode, FULL):  27%|██▋       | 18/67 [00:01<00:03, 15.07it/s]
[36m(vLLMHttpServer pid=999071)[0m Capturing CUDA graphs (decode, FULL):  30%|██▉       | 20/67 [00:01<00:03, 15.15it/s]
[36m(vLLMHttpServer pid=999071)[0m Capturing CUDA graphs (decode, FULL):  33%|███▎      | 22/67 [00:01<00:02, 15.20it/s]
[36m(vLLMHttpServer pid=999071)[0m Capturing CUDA graphs (decode, FULL):  36%|███▌      | 24/67 [00:01<00:02, 15.14it/s]
[36m(vLLMHttpServer pid=999071)[0m Capturing CUDA graphs (decode, FULL):  39%|███▉      | 26/67 [00:01<00:02, 15.19it/s]
[36m(vLLMHttpServer pid=999071)[0m Capturing CUDA graphs (decode, FULL):  42%|████▏     | 28/67 [00:01<00:02, 15.18it/s]
[36m(vLLMHttpServer pid=999071)[0m Capturing CUDA graphs (decode, FULL):  45%|████▍     | 30/67 [00:02<00:02, 15.20it/s]
[36m(vLLMHttpServer pid=999071)[0m Capturing CUDA graphs (decode, FULL):  48%|████▊     | 32/67 [00:02<00:02, 15.17it/s]
[36m(vLLMHttpServer pid=999071)[0m Capturing CUDA graphs (decode, FULL):  51%|█████     | 34/67 [00:02<00:02, 15.13it/s]
[36m(vLLMHttpServer pid=999071)[0m Capturing CUDA graphs (decode, FULL):  54%|█████▎    | 36/67 [00:02<00:02, 15.14it/s]
[36m(vLLMHttpServer pid=999071)[0m Capturing CUDA graphs (decode, FULL):  57%|█████▋    | 38/67 [00:02<00:01, 15.14it/s]
[36m(vLLMHttpServer pid=999071)[0m Capturing CUDA graphs (decode, FULL):  60%|█████▉    | 40/67 [00:02<00:01, 15.13it/s]
[36m(vLLMHttpServer pid=999071)[0m Capturing CUDA graphs (decode, FULL):  63%|██████▎   | 42/67 [00:02<00:01, 15.16it/s]
[36m(vLLMHttpServer pid=999071)[0m Capturing CUDA graphs (decode, FULL):  66%|██████▌   | 44/67 [00:02<00:01, 15.18it/s]
[36m(vLLMHttpServer pid=999071)[0m Capturing CUDA graphs (decode, FULL):  69%|██████▊   | 46/67 [00:03<00:01, 15.16it/s]
[36m(vLLMHttpServer pid=999071)[0m Capturing CUDA graphs (decode, FULL):  72%|███████▏  | 48/67 [00:03<00:01, 15.19it/s]
[36m(vLLMHttpServer pid=999071)[0m Capturing CUDA graphs (decode, FULL):  75%|███████▍  | 50/67 [00:03<00:01, 15.19it/s]
[36m(vLLMHttpServer pid=999071)[0m Capturing CUDA graphs (decode, FULL):  78%|███████▊  | 52/67 [00:03<00:00, 15.23it/s]
[36m(vLLMHttpServer pid=999071)[0m Capturing CUDA graphs (decode, FULL):  81%|████████  | 54/67 [00:03<00:00, 15.17it/s]
[36m(vLLMHttpServer pid=999071)[0m Capturing CUDA graphs (decode, FULL):  84%|████████▎ | 56/67 [00:03<00:00, 15.13it/s]
[36m(vLLMHttpServer pid=999071)[0m Capturing CUDA graphs (decode, FULL):  87%|████████▋ | 58/67 [00:03<00:00, 15.19it/s]
[36m(vLLMHttpServer pid=999071)[0m Capturing CUDA graphs (decode, FULL):  90%|████████▉ | 60/67 [00:03<00:00, 15.23it/s]
[36m(vLLMHttpServer pid=999071)[0m Capturing CUDA graphs (decode, FULL):  93%|█████████▎| 62/67 [00:04<00:00, 15.23it/s]
[36m(vLLMHttpServer pid=999071)[0m Capturing CUDA graphs (decode, FULL):  96%|█████████▌| 64/67 [00:04<00:00, 15.28it/s]
[36m(vLLMHttpServer pid=999071)[0m Capturing CUDA graphs (decode, FULL):  99%|█████████▊| 66/67 [00:04<00:00, 15.27it/s]
[36m(vLLMHttpServer pid=999071)[0m Capturing CUDA graphs (decode, FULL): 100%|██████████| 67/67 [00:04<00:00, 15.06it/s]
[36m(vLLMHttpServer pid=999071)[0m INFO:2026-07-05 14:28:46,563:Initializing a V1 LLM engine with config: model='/data2/hjk/models/huggingface/hub/models--Qwen--Qwen2.5-1.5B-Instruct/snapshots/989aa7980e4cf806f80c7fef2b1adb7bc71aa306', speculative_config=None, tokenizer='/data2/hjk/models/huggingface/hub/models--Qwen--Qwen2.5-1.5B-Instruct/snapshots/989aa7980e4cf806f80c7fef2b1adb7bc71aa306', skip_tokenizer_init=False, tokenizer_mode=auto, revision=None, tokenizer_revision=None, trust_remote_code=False, dtype=torch.bfloat16, max_seq_len=32768, download_dir=None, load_format=dummy, tensor_parallel_size=1, pipeline_parallel_size=1, data_parallel_size=1, disable_custom_all_reduce=False, quantization=None, enforce_eager=False, kv_cache_dtype=auto, device_config=cuda, structured_outputs_config=StructuredOutputsConfig(backend='auto', disable_fallback=False, disable_any_whitespace=False, disable_additional_properties=False, reasoning_parser=''), observability_config=ObservabilityConfig(show_hidden_metrics_for_version=None, otlp_traces_endpoint=None, collect_detailed_traces=None), seed=42, served_model_name=/data2/hjk/models/huggingface/hub/models--Qwen--Qwen2.5-1.5B-Instruct/snapshots/989aa7980e4cf806f80c7fef2b1adb7bc71aa306, enable_prefix_caching=True, chunked_prefill_enabled=True, pooler_config=None, compilation_config={"level":3,"debug_dump_path":"","cache_dir":"","backend":"","custom_ops":[],"splitting_ops":["vllm.unified_attention","vllm.unified_attention_with_output","vllm.mamba_mixer2","vllm.mamba_mixer","vllm.short_conv","vllm.linear_attention","vllm.plamo2_mamba_mixer","vllm.gdn_attention","vllm.sparse_attn_indexer"],"use_inductor":true,"compile_sizes":[],"inductor_compile_config":{"enable_auto_functionalized_v2":false},"inductor_passes":{},"cudagraph_mode":[2,1],"use_cudagraph":true,"cudagraph_num_of_warmups":1,"cudagraph_capture_sizes":[512,504,496,488,480,472,464,456,448,440,432,424,416,408,400,392,384,376,368,360,352,344,336,328,320,312,304,296,288,280,272,264,256,248,240,232,224,216,208,200,192,184,176,168,160,152,144,136,128,120,112,104,96,88,80,72,64,56,48,40,32,24,16,8,4,2,1],"cudagraph_copy_inputs":false,"full_cuda_graph":false,"use_inductor_graph_partition":false,"pass_config":{},"max_capture_size":512,"local_cache_dir":null}
[36m(TaskRunnerV1 pid=997342)[0m INFO:2026-07-05 14:28:46,835:checkpoint engine manager initialized
[36m(TaskRunnerV1 pid=997342)[0m INFO:2026-07-05 14:28:48,528:Training from scratch
[36m(TaskRunnerV1 pid=997342)[0m INFO:2026-07-05 14:28:48,528:all initialize finished, ready to fit
[36m(WorkerDict pid=998593)[0m /data2/hjk/envs/verl_qwen3vl_py311/lib/python3.11/site-packages/torch/distributed/fsdp/_state_dict_utils.py:763: UserWarning: When using ``NO_SHARD`` for ``ShardingStrategy``, full_state_dict will be returned.
[36m(WorkerDict pid=998593)[0m   warnings.warn(
[36m(WorkerDict pid=998593)[0m /data2/hjk/envs/verl_qwen3vl_py311/lib/python3.11/site-packages/torch/distributed/fsdp/_state_dict_utils.py:701: UserWarning: When using ``NO_SHARD`` for ``ShardingStrategy``, full_state_dict will be returned.
[36m(WorkerDict pid=998593)[0m   warnings.warn(
[36m(GlobalRequestLoadBalancer pid=1000049)[0m /data2/hjk/envs/verl_qwen3vl_py311/lib/python3.11/site-packages/transformers/utils/hub.py:110: FutureWarning: Using `TRANSFORMERS_CACHE` is deprecated and will be removed in v5 of Transformers. Use `HF_HOME` instead.
[36m(WorkerDict pid=998593)[0m INFO:2026-07-05 14:28:58,027:update_weights done, time cost: 1.97s
[36m(GlobalRequestLoadBalancer pid=1000049)[0m   warnings.warn(
[36m(WorkerDict pid=998593)[0m INFO:2026-07-05 14:28:58,411:update_weights done, time cost: 0.38s
[36m(pid=1000342)[0m /data2/hjk/envs/verl_qwen3vl_py311/lib/python3.11/site-packages/transformers/utils/hub.py:110: FutureWarning: Using `TRANSFORMERS_CACHE` is deprecated and will be removed in v5 of Transformers. Use `HF_HOME` instead.
[36m(pid=1000342)[0m   warnings.warn(
[36m(pid=1000395)[0m /data2/hjk/projects/verl/verl/workers/engine/mindspeed/transformer_impl.py:24: UserWarning: NPU not support router replay for now.
[36m(pid=1000395)[0m   from verl.utils.megatron.router_replay_patch import RouterReplay
[36m(AgentLoopWorkerTQ pid=1000340)[0m Using blocking ray.get inside async actor. This blocks the event loop. Please use `await` on object ref with asyncio.gather if you want to yield execution to the event loop instead.
[36m(RewardLoopWorker pid=999013)[0m `torch_dtype` is deprecated! Use `dtype` instead!
[36m(pid=1000394)[0m /data2/hjk/envs/verl_qwen3vl_py311/lib/python3.11/site-packages/transformers/utils/hub.py:110: FutureWarning: Using `TRANSFORMERS_CACHE` is deprecated and will be removed in v5 of Transformers. Use `HF_HOME` instead.[32m [repeated 7x across cluster][0m
[36m(pid=1000394)[0m   warnings.warn([32m [repeated 7x across cluster][0m
[36m(TaskRunnerV1 pid=997342)[0m Training Progress:   0%|          | 0/125 [00:00<?, ?it/s]
[36m(pid=1000394)[0m /data2/hjk/projects/verl/verl/workers/engine/mindspeed/transformer_impl.py:24: UserWarning: NPU not support router replay for now.[32m [repeated 7x across cluster][0m
[36m(pid=1000394)[0m   from verl.utils.megatron.router_replay_patch import RouterReplay[32m [repeated 7x across cluster][0m
[36m(AgentLoopWorkerTQ pid=1000394)[0m Using blocking ray.get inside async actor. This blocks the event loop. Please use `await` on object ref with asyncio.gather if you want to yield execution to the event loop instead.[32m [repeated 7x across cluster][0m
[36m(WorkerDict pid=998593)[0m INFO:2026-07-05 14:29:32,592:update_weights done, time cost: 0.45s
[36m(WorkerDict pid=998593)[0m Using blocking ray.get inside async actor. This blocks the event loop. Please use `await` on object ref with asyncio.gather if you want to yield execution to the event loop instead.

[36m(vLLMHttpServer pid=999071)[0m  '"max_new_tokens": 512}',
[36m(vLLMHttpServer pid=999071)[0m  '--hf_overrides',
[36m(vLLMHttpServer pid=999071)[0m  '{}',
[36m(vLLMHttpServer pid=999071)[0m  '--scheduling_policy',
[36m(vLLMHttpServer pid=999071)[0m  'fcfs',
[36m(vLLMHttpServer pid=999071)[0m  '--compilation_config',
[36m(vLLMHttpServer pid=999071)[0m  '{"cudagraph_mode": "FULL_AND_PIECEWISE"}',
[36m(vLLMHttpServer pid=999071)[0m  '--enable_lora',
[36m(vLLMHttpServer pid=999071)[0m  '--max_loras',
[36m(vLLMHttpServer pid=999071)[0m  '1',
[36m(vLLMHttpServer pid=999071)[0m  '--max_lora_rank',
[36m(vLLMHttpServer pid=999071)[0m  '8']
[36m(vLLMHttpServer pid=999071)[0m WARNING 07-05 14:27:50 [lora.py:92] `lora_extra_vocab_size` is deprecated and will be removed in v0.12.0. Additional vocabulary support for LoRA adapters is being phased out.
[36m(vLLMHttpServer pid=999071)[0m WARNING 07-05 14:27:51 [__init__.py:3036] We must use the `spawn` multiprocessing start method. Overriding VLLM_WORKER_MULTIPROC_METHOD to 'spawn'. See https://docs.vllm.ai/en/latest/usage/troubleshooting.html#python-multiprocessing for more information. Reasons: In a Ray actor and can only be spawned; CUDA is initialized
[36m(vLLMHttpServer pid=999071)[0m [Gloo] Rank 0 is connected to 0 peer ranks. Expected number of connected peer ranks is : 0
[36m(vLLMHttpServer pid=999071)[0m [Gloo] Rank 0 is connected to 0 peer ranks. Expected number of connected peer ranks is : 0
[36m(vLLMHttpServer pid=999071)[0m [Gloo] Rank 0 is connected to 0 peer ranks. Expected number of connected peer ranks is : 0
[36m(vLLMHttpServer pid=999071)[0m [Gloo] Rank 0 is connected to 0 peer ranks. Expected number of connected peer ranks is : 0
[36m(vLLMHttpServer pid=999071)[0m [Gloo] Rank 0 is connected to 0 peer ranks. Expected number of connected peer ranks is : 0
[36m(vLLMHttpServer pid=999071)[0m [Gloo] Rank 0 is connected to 0 peer ranks. Expected number of connected peer ranks is : 0
[36m(vLLMHttpServer pid=999071)[0m WARNING 07-05 14:28:46 [model.py:1389] Default sampling parameters have been overridden by the model's Hugging Face generation config recommended from the model creator. If this is not intended, please relaunch vLLM instance with `--generation-config vllm`.
[36m(TaskRunnerV1 pid=997342)[0m LLMServerManager: ['202.120.39.159:45719']
[36m(TaskRunnerV1 pid=997342)[0m Checkpoint tracker file does not exist: /data2/hjk/checkpoints/verl_qwen3vl/mathverse_text_qwen25_1p5b_grpo_c_option_gain_formal_seed42/latest_checkpointed_iteration.txt
[36m(WorkerDict pid=998593)[0m WARNING 07-05 14:28:48 [api_server.py:1213] LoRA dynamic loading & unloading is enabled in the API server. This should ONLY be used for local development!
[36m(GlobalRequestLoadBalancer pid=1000049)[0m WARNING 07-05 14:28:54 [api_server.py:1213] LoRA dynamic loading & unloading is enabled in the API server. This should ONLY be used for local development!
[36m(AgentLoopWorkerTQ pid=1000340)[0m Using dataset class: RLHFDataset
[36m(vLLMHttpServer pid=999071)[0m WARNING 07-05 14:29:08 [processor.py:215] vLLM has deprecated support for supporting different tokenizers for different LoRAs. By default, vLLM uses base model's tokenizer. If you are using a LoRA with its own tokenizer, consider specifying `--tokenizer [lora_path]` to use the LoRA tokenizer.
[36m(AgentLoopWorkerTQ pid=1000393)[0m WARNING 07-05 14:29:08 [api_server.py:1213] LoRA dynamic loading & unloading is enabled in the API server. This should ONLY be used for local development!
[36m(RewardLoopWorker pid=999013)[0m [option_gain_reward] loaded probe model path=/data2/hjk/models/huggingface/hub/models--Qwen--Qwen2.5-1.5B-Instruct/snapshots/989aa7980e4cf806f80c7fef2b1adb7bc71aa306 device=cuda dtype=torch.bfloat16 label_token_ids={'A': 32, 'B': 33, 'C': 34, 'D': 35}
[36m(TaskRunnerV1 pid=997342)[0m ("Initial validation metrics: {'val-aux/MathVerseTextA0Clean/reward/mean@1': "
[36m(TaskRunnerV1 pid=997342)[0m  "np.float64(0.459440093516605), 'val-aux/MathVerseTextA0Clean/score/mean@1': "
[36m(TaskRunnerV1 pid=997342)[0m  "np.float64(0.45944010416666664), 'val-core/MathVerseTextA0Clean/acc/mean@1': "
[36m(TaskRunnerV1 pid=997342)[0m  "np.float64(0.4609375), 'val-aux/MathVerseTextA0Clean/answer_reward/mean@1': "
[36m(TaskRunnerV1 pid=997342)[0m  "np.float64(0.4609375), 'val-aux/MathVerseTextA0Clean/parsed_answer/mean@1': "
[36m(TaskRunnerV1 pid=997342)[0m  "np.float64(1.0), 'val-aux/MathVerseTextA0Clean/option_logit_gain/mean@1': "
[36m(TaskRunnerV1 pid=997342)[0m  'np.float64(-0.007486979166666666), '
[36m(TaskRunnerV1 pid=997342)[0m  "'val-aux/MathVerseTextA0Clean/option_bonus/mean@1': "
[36m(TaskRunnerV1 pid=997342)[0m  'np.float64(-0.0014973958333333334), '
[36m(TaskRunnerV1 pid=997342)[0m  "'val-aux/MathVerseTextA0Clean/option_margin_start/mean@1': "
[36m(TaskRunnerV1 pid=997342)[0m  Dumped generations to /data2/hjk/projects/AI-HiddenState-ER/rl_audit/mathverse_text_qwen25_1p5b_grpo_c_option_gain_formal_seed42/validation_generations/0.jsonl
[36m(TaskRunnerV1 pid=997342)[0m 'np.float64(-0.16015625), '
[36m(TaskRunnerV1 pid=997342)[0m  "'val-aux/MathVerseTextA0Clean/option_margin_end/mean@1': "
[36m(TaskRunnerV1 pid=997342)[0m  'np.float64(-0.154296875), '
[36m(TaskRunnerV1 pid=997342)[0m  "'val-aux/MathVerseTextA0Clean/option_margin_delta/mean@1': "
[36m(TaskRunnerV1 pid=997342)[0m  'np.float64(0.005859375), '
[36m(TaskRunnerV1 pid=997342)[0m  "'val-aux/MathVerseTextA0Clean/option_probe_count/mean@1': np.float64(4.0), "
[36m(TaskRunnerV1 pid=997342)[0m  "'val-aux/MathVerseTextA0Clean/option_probe_failed/mean@1': np.float64(0.0), "
[36m(TaskRunnerV1 pid=997342)[0m  "'val-aux/num_turns/min': np.int64(2), 'val-aux/num_turns/max': np.int64(2), "
[36m(TaskRunnerV1 pid=997342)[0m  "'val-aux/num_turns/mean': np.float64(2.0)}")
[36m(TaskRunnerV1 pid=997342)[0m step:0 - val-aux/MathVerseTextA0Clean/reward/mean@1:np.float64(0.459440093516605) - val-aux/MathVerseTextA0Clean/score/mean@1:np.float64(0.45944010416666664) - val-core/MathVerseTextA0Clean/acc/mean@1:np.float64(0.4609375) - val-aux/MathVerseTextA0Clean/answer_reward/mean@1:np.float64(0.4609375) - val-aux/MathVerseTextA0Clean/parsed_answer/mean@1:np.float64(1.0) - val-aux/MathVerseTextA0Clean/option_logit_gain/mean@1:np.float64(-0.007486979166666666) - val-aux/MathVerseTextA0Clean/option_bonus/mean@1:np.float64(-0.0014973958333333334) - val-aux/MathVerseTextA0Clean/option_margin_start/mean@1:np.float64(-0.16015625) - val-aux/MathVerseTextA0Clean/option_margin_end/mean@1:np.float64(-0.154296875) - val-aux/MathVerseTextA0Clean/option_margin_delta/mean@1:np.float64(0.005859375) - val-aux/MathVerseTextA0Clean/option_probe_count/mean@1:np.float64(4.0) - val-aux/MathVerseTextA0Clean/option_probe_failed/mean@1:np.float64(0.0) - val-aux/num_turns/min:np.int64(2) - val-aux/num_turns/max:np.int64(2) - val-aux/num_turns/mean:np.float64(2.0)
[36m(AgentLoopWorkerTQ pid=1000394)[0m Using dataset class: RLHFDataset[32m [repeated 7x across cluster][0m
[36m(AgentLoopWorkerTQ pid=1000322)[0m WARNING 07-05 14:29:08 [api_server.py:1213] LoRA dynamic loading & unloading is enabled in the API server. This should ONLY be used for local development![32m [repeated 7x across cluster][0m
[36m(TaskRunnerV1 pid=997342)[0m step:1 - global_seqlen/min:6847 - global_seqlen/max:6847 - global_seqlen/minmax_diff:0 - global_seqlen/balanced_min:6847 - global_seqlen/balanced_max:6847 - global_seqlen/mean:6847.0 - actor/entropy:0.724216103553772 - training/rollout_probs_diff_valid:1 - training/rollout_probs_diff_max:0.059216082096099854 - training/rollout_probs_diff_mean:0.004748361650854349 - training/rollout_probs_diff_std:0.008451404981315136 - training/rollout_actor_probs_pearson_corr:0.9996160864830017 - rollout_corr/training_ppl:1.1611353158950806 - rollout_corr/training_log_ppl:0.10838004946708679 - rollout_corr/kl:0.0013677494134753942 - rollout_corr/k3_kl:0.0006003337912261486 - rollout_corr/rollout_ppl:1.161434531211853 - rollout_corr/rollout_log_ppl:0.10870018601417542 - rollout_corr/log_ppl_diff:-0.0003201321524102241 - rollout_corr/log_ppl_abs_diff:0.0012523200130090117 - rollout_corr/log_ppl_diff_max:0.019509613513946533 - rollout_corr/log_ppl_diff_min:-0.016148149967193604 - rollout_corr/ppl_ratio:0.9996863007545471 - rollout_corr/chi2_token:-0.0003338456153869629 - rollout_corr/chi2_seq:-0.021071314811706543 - actor/pg_clipfrac:np.float64(0.0) - actor/ppo_kl:np.float64(0.0) - actor/pg_clipfrac_lower:np.float64(0.0) - actor/pg_loss:np.float64(-0.36932435631752014) - actor/loss:np.float64(-0.36932435631752014) - actor/grad_norm:np.float64(0.2655090391635895) - actor/lr:np.float64(1e-06) - actor/perf/max_memory_allocated_gb:np.float64(14.202092170715332) - actor/perf/max_memory_reserved_gb:np.float64(18.890625) - actor/perf/cpu_memory_used_gb:np.float64(32.56473159790039) - perf/mfu/actor:np.float64(0.03660732407607617) - training/global_step:1 - training/epoch:0 - critic/score/mean:0.2854166626930237 - critic/score/max:1.0833333730697632 - critic/score/min:-0.03333333507180214 - critic/rewards/mean:0.2854166626930237 - critic/rewards/max:1.0833333730697632 - critic/rewards/min:-0.03333333507180214 - critic/advantages/mean:0.36932432651519775 - critic/advantages/max:2.4747989177703857 - critic/advantages/min:-0.9381532669067383 - critic/returns/mean:0.36932432651519775 - critic/returns/max:2.4747989177703857 - critic/returns/min:-0.9381532669067383 - response_length/mean:92.71875 - response_length/max:512.0 - response_length/min:4.0 - response_length/clip_ratio:0.03125 - response_length_non_aborted/mean:92.71875 - response_length_non_aborted/max:512.0 - response_length_non_aborted/min:4.0 - response_length_non_aborted/clip_ratio:0.03125 - response/aborted_ratio:0.0 - prompt_length/mean:115.25 - prompt_length/max:167.0 - prompt_length/min:90.0 - prompt_length/clip_ratio:0.25 - timing_s/gen:4.5176927779684775 - timing_s/old_log_prob:2.0577442679787055 - timing_s/adv:0.24901214899728075 - timing_s/update_actor:2.345585983013734 - timing_s/update_weights:1.1549796710023656 - timing_s/step:10.728482308040839 - timing_per_token_ms/adv:0.03636806615996506 - timing_per_token_ms/update_actor:0.34257134263381545 - timing_per_token_ms/gen:1.474924184775866 - perf/total_num_tokens:6847 - perf/time_per_step:10.728482308040839 - perf/throughput:638.2076982937535 - training/num_turns/mean:np.float64(2.0) - training/num_turns/max:np.int64(2) - training/num_turns/min:np.int64(2) - training/off_policy/trajectory_spans/mean:np.float64(1.0) - training/off_policy/trajectory_spans/max:np.float64(1.0) - training/off_policy/trajectory_spans/min:np.float64(1.0) - training/off_policy/trajectory_staleness/mean:np.float64(0.0) - training/off_policy/trajectory_staleness/max:np.float64(0.0) - training/off_policy/trajectory_staleness/min:np.float64(0.0) - training/off_policy/trajectory_staleness_worst/mean:np.float64(0.0) - training/off_policy/trajectory_staleness_worst/max:np.float64(0.0) - training/off_policy/trajectory_staleness_worst/min:np.float64(0.0)[36m(TaskRunnerV1 pid=997342)[0m Training Progress:   1%|          | 1/125 [00:10<22:27, 10.87s/it]
[36m(WorkerDict pid=998593)[0m INFO:2026-07-05 14:29:42,064:update_weights done, time cost: 0.43s
[36m(TaskRunnerV1 pid=997342)[0m Training Progress:   2%|▏         | 2/125 [00:20<20:37, 10.06s/it]
[36m(WorkerDict pid=998593)[0m INFO:2026-07-05 14:29:52,172:update_weights done, time cost: 0.77s
[36m(TaskRunnerV1 pid=997342)[0m Training Progress:   2%|▏         | 3/125 [00:30<20:29, 10.07s/it]
[36m(WorkerDict pid=998593)[0m INFO:2026-07-05 14:30:02,234:update_weights done, time cost: 0.49s

[36m(TaskRunnerV1 pid=997342)[0m step:2 - global_seqlen/min:5619 - global_seqlen/max:5619 - global_seqlen/minmax_diff:0 - global_seqlen/balanced_min:5619 - global_seqlen/balanced_max:5619 - global_seqlen/mean:5619.0 - actor/entropy:0.6100096106529236 - training/rollout_probs_diff_valid:1 - training/rollout_probs_diff_max:0.06214934587478638 - training/rollout_probs_diff_mean:0.00467040715739131 - training/rollout_probs_diff_std:0.00847201980650425 - training/rollout_actor_probs_pearson_corr:0.999591588973999 - rollout_corr/training_ppl:1.1556146144866943 - rollout_corr/training_log_ppl:0.10770111531019211 - rollout_corr/kl:-2.4112712708301842e-05 - rollout_corr/k3_kl:0.0006299325614236295 - rollout_corr/rollout_ppl:1.1544462442398071 - rollout_corr/rollout_log_ppl:0.10724776238203049 - rollout_corr/log_ppl_diff:0.00045335106551647186 - rollout_corr/log_ppl_abs_diff:0.0026398450136184692 - rollout_corr/log_ppl_diff_max:0.05969756841659546 - rollout_corr/log_ppl_diff_min:-0.04559361934661865 - rollout_corr/ppl_ratio:1.0004897117614746 - rollout_corr/chi2_token:0.002566695213317871 - rollout_corr/chi2_seq:0.03324174880981445 - actor/pg_clipfrac:np.float64(0.0) - actor/ppo_kl:np.float64(0.0) - actor/pg_clipfrac_lower:np.float64(0.0) - actor/pg_loss:np.float64(-0.11707182973623276) - actor/loss:np.float64(-0.11707182973623276) - actor/grad_norm:np.float64(0.2717922329902649) - actor/lr:np.float64(1e-06) - actor/perf/max_memory_allocated_gb:np.float64(14.202092170715332) - actor/perf/max_memory_reserved_gb:np.float64(23.90234375) - actor/perf/cpu_memory_used_gb:np.float64(32.59676742553711) - perf/mfu/actor:np.float64(0.03621529509493342) - training/global_step:2 - training/epoch:0 - critic/score/mean:0.46302083134651184 - critic/score/max:1.0750000476837158 - critic/score/min:-0.05833333358168602 - critic/rewards/mean:0.46302083134651184 - critic/rewards/max:1.0750000476837158 - critic/rewards/min:-0.05833333358168602 - critic/advantages/mean:0.11707183718681335 - critic/advantages/max:1.6561763286590576 - critic/advantages/min:-1.2070778608322144 - critic/returns/mean:0.11707183718681335 - critic/returns/max:1.6561763286590576 - critic/returns/min:-1.2070778608322144 - response_length/mean:62.59375 - response_length/max:299.0 - response_length/min:4.0 - response_length/clip_ratio:0.03125 - response_length_non_aborted/mean:62.59375 - response_length_non_aborted/max:299.0 - response_length_non_aborted/min:4.0 - response_length_non_aborted/clip_ratio:0.03125 - response/aborted_ratio:0.0 - prompt_length/mean:107.0 - prompt_length/max:114.0 - prompt_length/min:95.0 - prompt_length/clip_ratio:0.25 - timing_s/gen:4.461215009039734 - timing_s/old_log_prob:1.1405579849961214 - timing_s/adv:0.23879229702288285 - timing_s/update_actor:1.9761708930018358 - timing_s/update_weights:1.1399765249807388 - timing_s/step:9.36219119594898 - timing_per_token_ms/adv:0.042497294362499174 - timing_per_token_ms/update_actor:0.3516944105716027 - timing_per_token_ms/gen:2.1254001948736225 - perf/total_num_tokens:5619 - perf/time_per_step:9.36219119594898 - perf/throughput:600.1800094011476 - training/num_turns/mean:np.float64(2.0) - training/num_turns/max:np.int64(2) - training/num_turns/min:np.int64(2) - training/off_policy/trajectory_spans/mean:np.float64(1.0) - training/off_policy/trajectory_spans/max:np.float64(1.0) - training/off_policy/trajectory_spans/min:np.float64(1.0) - training/off_policy/trajectory_staleness/mean:np.float64(0.0) - training/off_policy/trajectory_staleness/max:np.float64(0.0) - training/off_policy/trajectory_staleness/min:np.float64(0.0) - training/off_policy/trajectory_staleness_worst/mean:np.float64(0.0) - training/off_policy/trajectory_staleness_worst/max:np.float64(0.0) - training/off_policy/trajectory_staleness_worst/min:np.float64(0.0)
[36m(TaskRunnerV1 pid=997342)[0m step:3 - global_seqlen/min:6641 - global_seqlen/max:6641 - global_seqlen/minmax_diff:0 - global_seqlen/balanced_min:6641 - global_seqlen/balanced_max:6641 - global_seqlen/mean:6641.0 - actor/entropy:0.7481803894042969 - training/rollout_probs_diff_valid:1 - training/rollout_probs_diff_max:0.06202232837677002 - training/rollout_probs_diff_mean:0.004923043306916952 - training/rollout_probs_diff_std:0.008442920632660389 - training/rollout_actor_probs_pearson_corr:0.9996050000190735 - rollout_corr/training_ppl:1.1413350105285645 - rollout_corr/training_log_ppl:0.10176420211791992 - rollout_corr/kl:0.0004605036519933492 - rollout_corr/k3_kl:0.0005865560960955918 - rollout_corr/rollout_ppl:1.140380859375 - rollout_corr/rollout_log_ppl:0.10097748041152954 - rollout_corr/log_ppl_diff:0.0007867211243137717 - rollout_corr/log_ppl_abs_diff:0.0022516229655593634 - rollout_corr/log_ppl_diff_max:0.033465296030044556 - rollout_corr/log_ppl_diff_min:-0.025532245635986328 - rollout_corr/ppl_ratio:1.0008083581924438 - rollout_corr/chi2_token:0.0014320611953735352 - rollout_corr/chi2_seq:0.02870333194732666 - actor/pg_clipfrac:np.float64(0.0) - actor/ppo_kl:np.float64(0.0) - actor/pg_clipfrac_lower:np.float64(0.0) - actor/pg_loss:np.float64(0.29542046785354614) - actor/loss:np.float64(0.29542046785354614) - actor/grad_norm:np.float64(0.3216921389102936) - actor/lr:np.float64(1e-06) - actor/perf/max_memory_allocated_gb:np.float64(14.202092170715332) - actor/perf/max_memory_reserved_gb:np.float64(23.90234375) - actor/perf/cpu_memory_used_gb:np.float64(32.59664535522461) - perf/mfu/actor:np.float64(0.03936993728716529) - training/global_step:3 - training/epoch:0 - critic/score/mean:0.2666666805744171 - critic/score/max:1.0666667222976685 - critic/score/min:-0.02500000037252903 - critic/rewards/mean:0.2666666805744171 - critic/rewards/max:1.0666667222976685 - critic/rewards/min:-0.02500000037252903 - critic/advantages/mean:-0.29542043805122375 - critic/advantages/max:2.4748661518096924 - critic/advantages/min:-2.474034070968628 - critic/returns/mean:-0.29542043805122375 - critic/returns/max:2.4748661518096924 - critic/returns/min:-2.474034070968628 - response_length/mean:95.53125 - response_length/max:439.0 - response_length/min:4.0 - response_length/clip_ratio:0.03125 - response_length_non_aborted/mean:95.53125 - response_length_non_aborted/max:439.0 - response_length_non_aborted/min:4.0 - response_length_non_aborted/clip_ratio:0.03125 - response/aborted_ratio:0.0 - prompt_length/mean:106.0 - prompt_length/max:113.0 - prompt_length/min:96.0 - prompt_length/clip_ratio:0.25 - timing_s/gen:4.455075727018993 - timing_s/old_log_prob:1.1856292560114525 - timing_s/adv:0.25669849797850475 - timing_s/update_actor:2.1594524240354076 - timing_s/update_weights:1.4830563890282065 - timing_s/step:9.94257935899077 - timing_per_token_ms/adv:0.03865359102221123 - timing_per_token_ms/update_actor:0.32516976720906604 - timing_per_token_ms/gen:1.4129640745382155 - perf/total_num_tokens:6641 - perf/time_per_step:9.94257935899077 - perf/throughput:667.9353274655783 - training/num_turns/mean:np.float64(2.0) - training/num_turns/max:np.int64(2) - training/num_turns/min:np.int64(2) - training/off_policy/trajectory_spans/mean:np.float64(1.0) - training/off_policy/trajectory_spans/max:np.float64(1.0) - training/off_policy/trajectory_spans/min:np.float64(1.0) - training/off_policy/trajectory_staleness/mean:np.float64(0.0) - training/off_policy/trajectory_staleness/max:np.float64(0.0) - training/off_policy/trajectory_staleness/min:np.float64(0.0) - training/off_policy/trajectory_staleness_worst/mean:np.float64(0.0) - training/off_policy/trajectory_staleness_worst/max:np.float64(0.0) - training/off_policy/trajectory_staleness_worst/min:np.float64(0.0)
[36m(TaskRunnerV1 pid=997342)[0m step:4 - global_seqlen/min:7086 - global_seqlen/max:7086 - global_seqlen/minmax_diff:0 - global_seqlen/balanced_min:7086 - global_seqlen/balanced_max:7086 - global_seqlen/mean:7086.0 - actor/entropy:0.8189871311187744 - training/rollout_probs_diff_valid:1 - training/rollout_probs_diff_max:0.08260458707809448 - training/rollout_probs_diff_mean:0.0044381460174918175 - training/rollout_probs_diff_std:0.008194035850465298 - training/rollout_actor_probs_pearson_corr:0.9996697902679443 - rollout_corr/training_ppl:1.2779806852340698 - rollout_corr/training_log_ppl:0.13347986340522766 - rollout_corr/kl:0.0005177327548153698 - rollout_corr/k3_kl:0.0005992519436404109 - rollout_corr/rollout_ppl:1.2788125276565552 - rollout_corr/rollout_log_ppl:0.13416391611099243 - rollout_corr/log_ppl_diff:-0.0006840408896096051 - rollout_corr/log_ppl_abs_diff:0.002169054001569748 - rollout_corr/log_ppl_diff_max:0.03902077674865723 - rollout_corr/log_ppl_diff_min:-0.025745242834091187 - rollout_corr/ppl_ratio:0.9993363618850708 - rollout_corr/chi2_token:0.0013580322265625 - rollout_corr/chi2_seq:0.004701018333435059 - actor/pg_clipfrac:np.float64(0.0) - actor/ppo_kl:np.float64(0.0) - actor/pg_clipfrac_lower:np.float64(0.0) - actor/pg_loss:np.float64(0.44760268926620483) - actor/loss:np.float64(0.44760268926620483) - actor/grad_norm:np.float64(0.1936071515083313) - actor/lr:np.float64(1e-06) - actor/perf/max_memory_allocated_gb:np.float64(14.596413612365723) - actor/perf/max_memory_reserved_gb:np.float64(23.90234375) - actor/perf/cpu_memory_used_gb:np.float64(32.61522674560547) - perf/mfu/actor:np.float64(0.036065708776527025) - training/global_step:4 - training/epoch:0 - critic/score/mean:0.5838541984558105 - critic/score/max:1.0416666269302368 - critic/score/min:-0.0416666679084301 - critic/rewards/mean:0.5838541984558105 - critic/rewards/max:1.0416666269302368 - critic/rewards/min:-0.0416666679084301 - critic/advantages/mean:-0.4476027190685272 - critic/advantages/max:1.2234665155410767 - critic/advantages/min:-1.285295844078064 - critic/returns/mean:-0.4476027190685272 - critic/returns/max:1.2234665155410767 - critic/returns/min:-1.285295844078064 - response_length/mean:102.4375 - response_length/max:512.0 - response_length/min:4.0 - response_length/clip_ratio:0.0625 - response_length_non_aborted/mean:102.4375 - response_length_non_aborted/max:512.0 - response_length_non_aborted/min:4.0 - response_length_non_aborted/clip_ratio:0.0625 - response/aborted_ratio:0.0 - prompt_length/mean:113.0 - prompt_length/max:122.0 - prompt_length/min:103.0 - prompt_length/clip_ratio:0.25 - timing_s/gen:4.455705405969638 - timing_s/old_log_prob:1.2345526379649527 - timing_s/adv:0.23822027101414278 - timing_s/update_actor:2.3819165420136414 - timing_s/update_weights:1.1810026119928807 - timing_s/step:9.896562202018686 - timing_per_token_ms/adv:0.03361844073019232 - timing_per_token_ms/update_actor:0.33614402229941315 - timing_per_token_ms/gen:1.3206002981534197 - perf/total_num_tokens:7086 - perf/time_per_step:9.896562202018686 - perf/throughput:716.0062105762958 - training/num_turns/mean:np.float64(2.0) - training/num_turns/max:np.int64(2) - training/num_turns/min:np.int64(2) - training/off_policy/trajectory_spans/mean:np.float64(1.0) - training/off_policy/trajectory_spans/max:np.float64(1.0) - training/off_policy/trajectory_spans/min:np.float64(1.0) - training/off_policy/trajectory_staleness/mean:np.float64(0.0) - training/off_policy/trajectory_staleness/max:np.float64(0.0) - training/off_policy/trajectory_staleness/min:np.float64(0.0) - training/off_policy/trajectory_staleness_worst/mean:np.float64(0.0) - training/off_policy/trajectory_staleness_worst/max:np.float64(0.0) - training/off_policy/trajectory_staleness_worst/min:np.float64(0.0)[36m(TaskRunnerV1 pid=997342)[0m Training Progress:   3%|▎         | 4/125 [00:40<20:17, 10.06s/it]
[36m(WorkerDict pid=998593)[0m INFO:2026-07-05 14:30:12,380:update_weights done, time cost: 0.47s
[36m(TaskRunnerV1 pid=997342)[0m Training Progress:   4%|▍         | 5/125 [00:50<20:11, 10.10s/it]
[36m(WorkerDict pid=998593)[0m INFO:2026-07-05 14:30:22,119:update_weights done, time cost: 0.50s
[36m(TaskRunnerV1 pid=997342)[0m Training Progress:   5%|▍         | 6/125 [01:00<19:46,  9.97s/it]
[36m(WorkerDict pid=998593)[0m INFO:2026-07-05 14:30:32,000:update_weights done, time cost: 0.48s

[36m(TaskRunnerV1 pid=997342)[0m step:5 - global_seqlen/min:6661 - global_seqlen/max:6661 - global_seqlen/minmax_diff:0 - global_seqlen/balanced_min:6661 - global_seqlen/balanced_max:6661 - global_seqlen/mean:6661.0 - actor/entropy:0.6927689909934998 - training/rollout_probs_diff_valid:1 - training/rollout_probs_diff_max:0.09089767932891846 - training/rollout_probs_diff_mean:0.005335005931556225 - training/rollout_probs_diff_std:0.009301996789872646 - training/rollout_actor_probs_pearson_corr:0.9995151162147522 - rollout_corr/training_ppl:1.20475435256958 - rollout_corr/training_log_ppl:0.11897607147693634 - rollout_corr/kl:4.288771378924139e-05 - rollout_corr/k3_kl:0.0006270626909099519 - rollout_corr/rollout_ppl:1.2036300897598267 - rollout_corr/rollout_log_ppl:0.11847255378961563 - rollout_corr/log_ppl_diff:0.0005035157082602382 - rollout_corr/log_ppl_abs_diff:0.002975251292809844 - rollout_corr/log_ppl_diff_max:0.06077849864959717 - rollout_corr/log_ppl_diff_min:-0.03406941890716553 - rollout_corr/ppl_ratio:1.0005466938018799 - rollout_corr/chi2_token:0.0024259090423583984 - rollout_corr/chi2_seq:0.05588734149932861 - actor/pg_clipfrac:np.float64(0.0) - actor/ppo_kl:np.float64(0.0) - actor/pg_clipfrac_lower:np.float64(0.0) - actor/pg_loss:np.float64(-0.14623712003231049) - actor/loss:np.float64(-0.14623712003231049) - actor/grad_norm:np.float64(0.24993441998958588) - actor/lr:np.float64(1e-06) - actor/perf/max_memory_allocated_gb:np.float64(14.596413612365723) - actor/perf/max_memory_reserved_gb:np.float64(24.41796875) - actor/perf/cpu_memory_used_gb:np.float64(32.60115432739258) - perf/mfu/actor:np.float64(0.03809731593605102) - training/global_step:5 - training/epoch:0 - critic/score/mean:0.6111978888511658 - critic/score/max:1.0750000476837158 - critic/score/min:-0.07500000298023224 - critic/rewards/mean:0.6111978888511658 - critic/rewards/max:1.0750000476837158 - critic/rewards/min:-0.07500000298023224 - critic/advantages/mean:0.14623722434043884 - critic/advantages/max:2.4717814922332764 - critic/advantages/min:-2.474799633026123 - critic/returns/mean:0.14623722434043884 - critic/returns/max:2.4717814922332764 - critic/returns/min:-2.474799633026123 - response_length/mean:89.65625 - response_length/max:481.0 - response_length/min:4.0 - response_length/clip_ratio:0.03125 - response_length_non_aborted/mean:89.65625 - response_length_non_aborted/max:481.0 - response_length_non_aborted/min:4.0 - response_length_non_aborted/clip_ratio:0.03125 - response/aborted_ratio:0.0 - prompt_length/mean:112.5 - prompt_length/max:136.0 - prompt_length/min:97.0 - prompt_length/clip_ratio:0.25 - timing_s/gen:4.445264728972688 - timing_s/old_log_prob:1.2343441279954277 - timing_s/adv:0.24162213102681562 - timing_s/update_actor:2.193727970996406 - timing_s/update_weights:1.199916151992511 - timing_s/step:10.024283413018566 - timing_per_token_ms/adv:0.03627415268380357 - timing_per_token_ms/update_actor:0.3293391339132872 - timing_per_token_ms/gen:1.499246114324684 - perf/total_num_tokens:6661 - perf/time_per_step:10.024283413018566 - perf/throughput:664.4864002298 - training/num_turns/mean:np.float64(2.0) - training/num_turns/max:np.int64(2) - training/num_turns/min:np.int64(2) - training/off_policy/trajectory_spans/mean:np.float64(1.0) - training/off_policy/trajectory_spans/max:np.float64(1.0) - training/off_policy/trajectory_spans/min:np.float64(1.0) - training/off_policy/trajectory_staleness/mean:np.float64(0.0) - training/off_policy/trajectory_staleness/max:np.float64(0.0) - training/off_policy/trajectory_staleness/min:np.float64(0.0) - training/off_policy/trajectory_staleness_worst/mean:np.float64(0.0) - training/off_policy/trajectory_staleness_worst/max:np.float64(0.0) - training/off_policy/trajectory_staleness_worst/min:np.float64(0.0)
[36m(TaskRunnerV1 pid=997342)[0m step:6 - global_seqlen/min:5574 - global_seqlen/max:5574 - global_seqlen/minmax_diff:0 - global_seqlen/balanced_min:5574 - global_seqlen/balanced_max:5574 - global_seqlen/mean:5574.0 - actor/entropy:0.7900280356407166 - training/rollout_probs_diff_valid:1 - training/rollout_probs_diff_max:0.06200322508811951 - training/rollout_probs_diff_mean:0.005967238452285528 - training/rollout_probs_diff_std:0.009597139433026314 - training/rollout_actor_probs_pearson_corr:0.9994678497314453 - rollout_corr/training_ppl:1.1676645278930664 - rollout_corr/training_log_ppl:0.1163497045636177 - rollout_corr/kl:0.0014787869295105338 - rollout_corr/k3_kl:0.0007762457826174796 - rollout_corr/rollout_ppl:1.1684175729751587 - rollout_corr/rollout_log_ppl:0.11701688915491104 - rollout_corr/log_ppl_diff:-0.0006671849405393004 - rollout_corr/log_ppl_abs_diff:0.002678206656128168 - rollout_corr/log_ppl_diff_max:0.04306468367576599 - rollout_corr/log_ppl_diff_min:-0.023052483797073364 - rollout_corr/ppl_ratio:0.9993574023246765 - rollout_corr/chi2_token:0.0001380443572998047 - rollout_corr/chi2_seq:0.013061761856079102 - actor/pg_clipfrac:np.float64(0.0) - actor/ppo_kl:np.float64(0.0) - actor/pg_clipfrac_lower:np.float64(0.0) - actor/pg_loss:np.float64(0.27650442719459534) - actor/loss:np.float64(0.27650442719459534) - actor/grad_norm:np.float64(0.3506985902786255) - actor/lr:np.float64(1e-06) - actor/perf/max_memory_allocated_gb:np.float64(14.596413612365723) - actor/perf/max_memory_reserved_gb:np.float64(24.41796875) - actor/perf/cpu_memory_used_gb:np.float64(32.60598373413086) - perf/mfu/actor:np.float64(0.034073182188272835) - training/global_step:6 - training/epoch:0 - critic/score/mean:0.31718748807907104 - critic/score/max:1.0916666984558105 - critic/score/min:-0.0416666679084301 - critic/rewards/mean:0.31718748807907104 - critic/rewards/max:1.0916666984558105 - critic/rewards/min:-0.0416666679084301 - critic/advantages/mean:-0.27650442719459534 - critic/advantages/max:2.4719741344451904 - critic/advantages/min:-2.3970067501068115 - critic/returns/mean:-0.27650442719459534 - critic/returns/max:2.4719741344451904 - critic/returns/min:-2.3970067501068115 - response_length/mean:58.4375 - response_length/max:289.0 - response_length/min:4.0 - response_length/clip_ratio:0.03125 - response_length_non_aborted/mean:58.4375 - response_length_non_aborted/max:289.0 - response_length_non_aborted/min:4.0 - response_length_non_aborted/clip_ratio:0.03125 - response/aborted_ratio:0.0 - prompt_length/mean:109.75 - prompt_length/max:147.0 - prompt_length/min:84.0 - prompt_length/clip_ratio:0.25 - timing_s/gen:4.41657777200453 - timing_s/old_log_prob:1.205374835000839 - timing_s/adv:0.24200498801656067 - timing_s/update_actor:2.0828665439621545 - timing_s/update_weights:1.2165884170099162 - timing_s/step:9.571367436030414 - timing_per_token_ms/adv:0.04341675421897393 - timing_per_token_ms/update_actor:0.37367537566597675 - timing_per_token_ms/gen:2.24647902950383 - perf/total_num_tokens:5574 - perf/time_per_step:9.571367436030414 - perf/throughput:582.3619286641592 - training/num_turns/mean:np.float64(2.0) - training/num_turns/max:np.int64(2) - training/num_turns/min:np.int64(2) - training/off_policy/trajectory_spans/mean:np.float64(1.0) - training/off_policy/trajectory_spans/max:np.float64(1.0) - training/off_policy/trajectory_spans/min:np.float64(1.0) - training/off_policy/trajectory_staleness/mean:np.float64(0.0) - training/off_policy/trajectory_staleness/max:np.float64(0.0) - training/off_policy/trajectory_staleness/min:np.float64(0.0) - training/off_policy/trajectory_staleness_worst/mean:np.float64(0.0) - training/off_policy/trajectory_staleness_worst/max:np.float64(0.0) - training/off_policy/trajectory_staleness_worst/min:np.float64(0.0)
[36m(TaskRunnerV1 pid=997342)[0m step:7 - global_seqlen/min:6572 - global_seqlen/max:6572 - global_seqlen/minmax_diff:0 - global_seqlen/balanced_min:6572 - global_seqlen/balanced_max:6572 - global_seqlen/mean:6572.0 - actor/entropy:0.564882218837738 - training/rollout_probs_diff_valid:1 - training/rollout_probs_diff_max:0.07758396863937378 - training/rollout_probs_diff_mean:0.004815962631255388 - training/rollout_probs_diff_std:0.008996852673590183 - training/rollout_actor_probs_pearson_corr:0.999502420425415 - rollout_corr/training_ppl:1.216194748878479 - rollout_corr/training_log_ppl:0.10086476057767868 - rollout_corr/kl:0.0011391006410121918 - rollout_corr/k3_kl:0.0005859627272002399 - rollout_corr/rollout_ppl:1.2136411666870117 - rollout_corr/rollout_log_ppl:0.09987320005893707 - rollout_corr/log_ppl_diff:0.0009915600530803204 - rollout_corr/log_ppl_abs_diff:0.0020080518443137407 - rollout_corr/log_ppl_diff_max:0.027840495109558105 - rollout_corr/log_ppl_diff_min:-0.019771546125411987 - rollout_corr/ppl_ratio:1.0010054111480713 - rollout_corr/chi2_token:7.045269012451172e-05 - rollout_corr/chi2_seq:-0.0009676218032836914 - actor/pg_clipfrac:np.float64(0.0) - actor/ppo_kl:np.float64(0.0) - actor/pg_clipfrac_lower:np.float64(0.0) - actor/pg_loss:np.float64(-0.22638511657714844) - actor/loss:np.float64(-0.22638511657714844) - actor/grad_norm:np.float64(0.3268185257911682) - actor/lr:np.float64(1e-06) - actor/perf/max_memory_allocated_gb:np.float64(14.596413612365723) - actor/perf/max_memory_reserved_gb:np.float64(24.41796875) - actor/perf/cpu_memory_used_gb:np.float64(32.618797302246094) - perf/mfu/actor:np.float64(0.0364836179589829) - training/global_step:7 - training/epoch:0 - critic/score/mean:0.6072916388511658 - critic/score/max:1.0583332777023315 - critic/score/min:-0.02500000037252903 - critic/rewards/mean:0.6072916388511658 - critic/rewards/max:1.0583332777023315 - critic/rewards/min:-0.02500000037252903 - critic/advantages/mean:0.2263849675655365 - critic/advantages/max:2.4740777015686035 - critic/advantages/min:-2.474780797958374 - critic/returns/mean:0.2263849675655365 - critic/returns/max:2.4740777015686035 - critic/returns/min:-2.474780797958374 - response_length/mean:81.375 - response_length/max:462.0 - response_length/min:4.0 - response_length/clip_ratio:0.03125 - response_length_non_aborted/mean:81.375 - response_length_non_aborted/max:462.0 - response_length_non_aborted/min:4.0 - response_length_non_aborted/clip_ratio:0.03125 - response/aborted_ratio:0.0 - prompt_length/mean:118.0 - prompt_length/max:137.0 - prompt_length/min:92.0 - prompt_length/clip_ratio:0.25 - timing_s/gen:4.471522286999971 - timing_s/old_log_prob:1.197123683989048 - timing_s/adv:0.24048119300277904 - timing_s/update_actor:2.2631716380128637 - timing_s/update_weights:1.1750658790115267 - timing_s/step:9.750598004029598 - timing_per_token_ms/adv:0.036591782258487374 - timing_per_token_ms/update_actor:0.34436573919854896 - timing_per_token_ms/gen:1.6561193655555446 - perf/total_num_tokens:6572 - perf/time_per_step:9.750598004029598 - perf/throughput:674.0099424962459 - training/num_turns/mean:np.float64(2.0) - training/num_turns/max:np.int64(2) - training/num_turns/min:np.int64(2) - training/off_policy/trajectory_spans/mean:np.float64(1.0) - training/off_policy/trajectory_spans/max:np.float64(1.0) - training/off_policy/trajectory_spans/min:np.float64(1.0) - training/off_policy/trajectory_staleness/mean:np.float64(0.0) - training/off_policy/trajectory_staleness/max:np.float64(0.0) - training/off_policy/trajectory_staleness/min:np.float64(0.0) - training/off_policy/trajectory_staleness_worst/mean:np.float64(0.0) - training/off_policy/trajectory_staleness_worst/max:np.float64(0.0) - training/off_policy/trajectory_staleness_worst/min:np.float64(0.0)[36m(TaskRunnerV1 pid=997342)[0m Training Progress:   6%|▌         | 7/125 [01:10<19:33,  9.94s/it]
[36m(WorkerDict pid=998593)[0m INFO:2026-07-05 14:30:41,566:update_weights done, time cost: 0.42s
[36m(TaskRunnerV1 pid=997342)[0m Training Progress:   6%|▋         | 8/125 [01:19<19:12,  9.85s/it]
[36m(WorkerDict pid=998593)[0m INFO:2026-07-05 14:30:51,463:update_weights done, time cost: 0.45s
[36m(TaskRunnerV1 pid=997342)[0m Training Progress:   7%|▋         | 9/125 [01:29<19:02,  9.85s/it]
[36m(WorkerDict pid=998593)[0m INFO:2026-07-05 14:31:01,594:update_weights done, time cost: 0.66s

[36m(TaskRunnerV1 pid=997342)[0m step:8 - global_seqlen/min:5902 - global_seqlen/max:5902 - global_seqlen/minmax_diff:0 - global_seqlen/balanced_min:5902 - global_seqlen/balanced_max:5902 - global_seqlen/mean:5902.0 - actor/entropy:0.8232426047325134 - training/rollout_probs_diff_valid:1 - training/rollout_probs_diff_max:0.06852835416793823 - training/rollout_probs_diff_mean:0.00563649320974946 - training/rollout_probs_diff_std:0.009260652586817741 - training/rollout_actor_probs_pearson_corr:0.9995388984680176 - rollout_corr/training_ppl:1.1502280235290527 - rollout_corr/training_log_ppl:0.0909658819437027 - rollout_corr/kl:0.002437891671434045 - rollout_corr/k3_kl:0.0006486878846772015 - rollout_corr/rollout_ppl:1.1466188430786133 - rollout_corr/rollout_log_ppl:0.08890645951032639 - rollout_corr/log_ppl_diff:0.002059416612610221 - rollout_corr/log_ppl_abs_diff:0.003225425723940134 - rollout_corr/log_ppl_diff_max:0.051934778690338135 - rollout_corr/log_ppl_diff_min:-0.030936896800994873 - rollout_corr/ppl_ratio:1.0021073818206787 - rollout_corr/chi2_token:-0.0022891759872436523 - rollout_corr/chi2_seq:0.033205628395080566 - actor/pg_clipfrac:np.float64(0.0) - actor/ppo_kl:np.float64(0.0) - actor/pg_clipfrac_lower:np.float64(0.0) - actor/pg_loss:np.float64(0.38528814911842346) - actor/loss:np.float64(0.38528814911842346) - actor/grad_norm:np.float64(0.49155914783477783) - actor/lr:np.float64(1e-06) - actor/perf/max_memory_allocated_gb:np.float64(14.596413612365723) - actor/perf/max_memory_reserved_gb:np.float64(24.41796875) - actor/perf/cpu_memory_used_gb:np.float64(32.63174057006836) - perf/mfu/actor:np.float64(0.03607925996346655) - training/global_step:8 - training/epoch:0 - critic/score/mean:0.4914062023162842 - critic/score/max:1.0499999523162842 - critic/score/min:-0.10000000149011612 - critic/rewards/mean:0.4914062023162842 - critic/rewards/max:1.0499999523162842 - critic/rewards/min:-0.10000000149011612 - critic/advantages/mean:-0.38528814911842346 - critic/advantages/max:1.2282055616378784 - critic/advantages/min:-2.4748663902282715 - critic/returns/mean:-0.38528814911842346 - critic/returns/max:1.2282055616378784 - critic/returns/min:-2.4748663902282715 - response_length/mean:45.6875 - response_length/max:372.0 - response_length/min:4.0 - response_length/clip_ratio:0.03125 - response_length_non_aborted/mean:45.6875 - response_length_non_aborted/max:372.0 - response_length_non_aborted/min:4.0 - response_length_non_aborted/clip_ratio:0.03125 - response/aborted_ratio:0.0 - prompt_length/mean:132.75 - prompt_length/max:152.0 - prompt_length/min:111.0 - prompt_length/clip_ratio:0.5 - timing_s/gen:4.433829360001255 - timing_s/old_log_prob:1.1851209300220944 - timing_s/adv:0.23578043904853985 - timing_s/update_actor:2.075941589951981 - timing_s/update_weights:1.19467481499305 - timing_s/step:9.529305158008356 - timing_per_token_ms/adv:0.03994924416274819 - timing_per_token_ms/update_actor:0.35173527447508995 - timing_per_token_ms/gen:2.845846829269098 - perf/total_num_tokens:5902 - perf/time_per_step:9.529305158008356 - perf/throughput:619.3526077858892 - training/num_turns/mean:np.float64(2.0) - training/num_turns/max:np.int64(2) - training/num_turns/min:np.int64(2) - training/off_policy/trajectory_spans/mean:np.float64(1.0) - training/off_policy/trajectory_spans/max:np.float64(1.0) - training/off_policy/trajectory_spans/min:np.float64(1.0) - training/off_policy/trajectory_staleness/mean:np.float64(0.0) - training/off_policy/trajectory_staleness/max:np.float64(0.0) - training/off_policy/trajectory_staleness/min:np.float64(0.0) - training/off_policy/trajectory_staleness_worst/mean:np.float64(0.0) - training/off_policy/trajectory_staleness_worst/max:np.float64(0.0) - training/off_policy/trajectory_staleness_worst/min:np.float64(0.0)
[36m(TaskRunnerV1 pid=997342)[0m step:9 - global_seqlen/min:6719 - global_seqlen/max:6719 - global_seqlen/minmax_diff:0 - global_seqlen/balanced_min:6719 - global_seqlen/balanced_max:6719 - global_seqlen/mean:6719.0 - actor/entropy:0.7950772643089294 - training/rollout_probs_diff_valid:1 - training/rollout_probs_diff_max:0.0914422869682312 - training/rollout_probs_diff_mean:0.005330190062522888 - training/rollout_probs_diff_std:0.009497452527284622 - training/rollout_actor_probs_pearson_corr:0.9995356202125549 - rollout_corr/training_ppl:1.1612664461135864 - rollout_corr/training_log_ppl:0.10413535684347153 - rollout_corr/kl:0.0017699023010209203 - rollout_corr/k3_kl:0.0006803803844377398 - rollout_corr/rollout_ppl:1.1646835803985596 - rollout_corr/rollout_log_ppl:0.1069304496049881 - rollout_corr/log_ppl_diff:-0.002795096719637513 - rollout_corr/log_ppl_abs_diff:0.0033809521701186895 - rollout_corr/log_ppl_diff_max:0.005970895290374756 - rollout_corr/log_ppl_diff_min:-0.04476279020309448 - rollout_corr/ppl_ratio:0.9972453713417053 - rollout_corr/chi2_token:-0.0008320212364196777 - rollout_corr/chi2_seq:-0.022068917751312256 - actor/pg_clipfrac:np.float64(0.0) - actor/ppo_kl:np.float64(0.0) - actor/pg_clipfrac_lower:np.float64(0.0) - actor/pg_loss:np.float64(0.05823435261845589) - actor/loss:np.float64(0.05823435261845589) - actor/grad_norm:np.float64(0.3201660215854645) - actor/lr:np.float64(1e-06) - actor/perf/max_memory_allocated_gb:np.float64(14.596413612365723) - actor/perf/max_memory_reserved_gb:np.float64(24.41796875) - actor/perf/cpu_memory_used_gb:np.float64(32.611270904541016) - perf/mfu/actor:np.float64(0.03956150556810473) - training/global_step:9 - training/epoch:0 - critic/score/mean:0.401041716337204 - critic/score/max:1.024999976158142 - critic/score/min:-0.05833333358168602 - critic/rewards/mean:0.401041716337204 - critic/rewards/max:1.024999976158142 - critic/rewards/min:-0.05833333358168602 - critic/advantages/mean:-0.05823434889316559 - critic/advantages/max:2.4748666286468506 - critic/advantages/min:-2.4737777709960938 - critic/returns/mean:-0.05823434889316559 - critic/returns/max:2.4748666286468506 - critic/returns/min:-2.4737777709960938 - response_length/mean:89.71875 - response_length/max:428.0 - response_length/min:4.0 - response_length/clip_ratio:0.03125 - response_length_non_aborted/mean:89.71875 - response_length_non_aborted/max:428.0 - response_length_non_aborted/min:4.0 - response_length_non_aborted/clip_ratio:0.03125 - response/aborted_ratio:0.0 - prompt_length/mean:114.25 - prompt_length/max:152.0 - prompt_length/min:90.0 - prompt_length/clip_ratio:0.25 - timing_s/gen:4.443888245034032 - timing_s/old_log_prob:1.2666186630376615 - timing_s/adv:0.23624893598025665 - timing_s/update_actor:2.1713234510389157 - timing_s/update_weights:1.1612866659997962 - timing_s/step:9.689142671006266 - timing_per_token_ms/adv:0.035161324003610155 - timing_per_token_ms/update_actor:0.323161698323994 - timing_per_token_ms/gen:1.49777156893631 - perf/total_num_tokens:6719 - perf/time_per_step:9.689142671006266 - perf/throughput:693.4566068580966 - training/num_turns/mean:np.float64(2.0) - training/num_turns/max:np.int64(2) - training/num_turns/min:np.int64(2) - training/off_policy/trajectory_spans/mean:np.float64(1.0) - training/off_policy/trajectory_spans/max:np.float64(1.0) - training/off_policy/trajectory_spans/min:np.float64(1.0) - training/off_policy/trajectory_staleness/mean:np.float64(0.0) - training/off_policy/trajectory_staleness/max:np.float64(0.0) - training/off_policy/trajectory_staleness/min:np.float64(0.0) - training/off_policy/trajectory_staleness_worst/mean:np.float64(0.0) - training/off_policy/trajectory_staleness_worst/max:np.float64(0.0) - training/off_policy/trajectory_staleness_worst/min:np.float64(0.0)
[36m(TaskRunnerV1 pid=997342)[0m step:10 - global_seqlen/min:7411 - global_seqlen/max:7411 - global_seqlen/minmax_diff:0 - global_seqlen/balanced_min:7411 - global_seqlen/balanced_max:7411 - global_seqlen/mean:7411.0 - actor/entropy:0.8695668578147888 - training/rollout_probs_diff_valid:1 - training/rollout_probs_diff_max:0.06067648530006409 - training/rollout_probs_diff_mean:0.005092947743833065 - training/rollout_probs_diff_std:0.008829385973513126 - training/rollout_actor_probs_pearson_corr:0.9996046423912048 - rollout_corr/training_ppl:1.179674506187439 - rollout_corr/training_log_ppl:0.11852327734231949 - rollout_corr/kl:0.001304394449107349 - rollout_corr/k3_kl:0.0006129590910859406 - rollout_corr/rollout_ppl:1.1822274923324585 - rollout_corr/rollout_log_ppl:0.11988313496112823 - rollout_corr/log_ppl_diff:-0.0013598520308732986 - rollout_corr/log_ppl_abs_diff:0.0025680025573819876 - rollout_corr/log_ppl_diff_max:0.016596823930740356 - rollout_corr/log_ppl_diff_min:-0.05188584327697754 - rollout_corr/ppl_ratio:0.9986677169799805 - rollout_corr/chi2_token:-0.0001652836799621582 - rollout_corr/chi2_seq:-0.011693477630615234 - actor/pg_clipfrac:np.float64(0.0) - actor/ppo_kl:np.float64(0.0) - actor/pg_clipfrac_lower:np.float64(0.0) - actor/pg_loss:np.float64(0.31847676634788513) - actor/loss:np.float64(0.31847676634788513) - actor/grad_norm:np.float64(0.2548862099647522) - actor/lr:np.float64(1e-06) - actor/perf/max_memory_allocated_gb:np.float64(14.996763706207275) - actor/perf/max_memory_reserved_gb:np.float64(24.41796875) - actor/perf/cpu_memory_used_gb:np.float64(32.61722946166992) - perf/mfu/actor:np.float64(0.04084556508249669) - training/global_step:10 - training/epoch:0 - critic/score/mean:0.3255208730697632 - critic/score/max:1.0583332777023315 - critic/score/min:-0.0833333358168602 - critic/rewards/mean:0.3255208730697632 - critic/rewards/max:1.0583332777023315 - critic/rewards/min:-0.0833333358168602 - critic/advantages/mean:-0.3184768259525299 - critic/advantages/max:1.2574599981307983 - critic/advantages/min:-2.474705934524536 - critic/returns/mean:-0.3184768259525299 - critic/returns/max:1.2574599981307983 - critic/returns/min:-2.474705934524536 - response_length/mean:105.09375 - response_length/max:512.0 - response_length/min:4.0 - response_length/clip_ratio:0.03125 - response_length_non_aborted/mean:105.09375 - response_length_non_aborted/max:512.0 - response_length_non_aborted/min:4.0 - response_length_non_aborted/clip_ratio:0.03125 - response/aborted_ratio:0.0 - prompt_length/mean:120.5 - prompt_length/max:154.0 - prompt_length/min:101.0 - prompt_length/clip_ratio:0.25 - timing_s/gen:4.457634509017225 - timing_s/old_log_prob:1.243750028021168 - timing_s/adv:0.23959923902293667 - timing_s/update_actor:2.2666055759764276 - timing_s/update_weights:1.4287049659760669 - timing_s/step:10.038462689961307 - timing_per_token_ms/adv:0.032330217112796746 - timing_per_token_ms/update_actor:0.3058434186987488 - timing_per_token_ms/gen:1.2887061315458876 - perf/total_num_tokens:7411 - perf/time_per_step:10.038462689961307 - perf/throughput:738.260451713505 - training/num_turns/mean:np.float64(2.0) - training/num_turns/max:np.int64(2) - training/num_turns/min:np.int64(2) - training/off_policy/trajectory_spans/mean:np.float64(1.0) - training/off_policy/trajectory_spans/max:np.float64(1.0) - training/off_policy/trajectory_spans/min:np.float64(1.0) - training/off_policy/trajectory_staleness/mean:np.float64(0.0) - training/off_policy/trajectory_staleness/max:np.float64(0.0) - training/off_policy/trajectory_staleness/min:np.float64(0.0) - training/off_policy/trajectory_staleness_worst/mean:np.float64(0.0) - training/off_policy/trajectory_staleness_worst/max:np.float64(0.0) - training/off_policy/trajectory_staleness_worst/min:np.float64(0.0)[36m(TaskRunnerV1 pid=997342)[0m Training Progress:   8%|▊         | 10/125 [01:39<19:04,  9.95s/it]
[36m(WorkerDict pid=998593)[0m INFO:2026-07-05 14:31:11,472:update_weights done, time cost: 0.47s
[36m(TaskRunnerV1 pid=997342)[0m Training Progress:   9%|▉         | 11/125 [01:49<18:49,  9.91s/it]
[36m(WorkerDict pid=998593)[0m INFO:2026-07-05 14:31:20,941:update_weights done, time cost: 0.53s
[36m(TaskRunnerV1 pid=997342)[0m Training Progress:  10%|▉         | 12/125 [01:59<18:24,  9.77s/it]
[36m(WorkerDict pid=998593)[0m INFO:2026-07-05 14:31:31,038:update_weights done, time cost: 0.53s

[36m(TaskRunnerV1 pid=997342)[0m step:11 - global_seqlen/min:6576 - global_seqlen/max:6576 - global_seqlen/minmax_diff:0 - global_seqlen/balanced_min:6576 - global_seqlen/balanced_max:6576 - global_seqlen/mean:6576.0 - actor/entropy:0.8939841985702515 - training/rollout_probs_diff_valid:1 - training/rollout_probs_diff_max:0.08380347490310669 - training/rollout_probs_diff_mean:0.004694639705121517 - training/rollout_probs_diff_std:0.008711530826985836 - training/rollout_actor_probs_pearson_corr:0.9996445775032043 - rollout_corr/training_ppl:1.243679165840149 - rollout_corr/training_log_ppl:0.15174058079719543 - rollout_corr/kl:-0.00030764195253141224 - rollout_corr/k3_kl:0.0006658448837697506 - rollout_corr/rollout_ppl:1.2419462203979492 - rollout_corr/rollout_log_ppl:0.15033452212810516 - rollout_corr/log_ppl_diff:0.0014060549437999725 - rollout_corr/log_ppl_abs_diff:0.0030180886387825012 - rollout_corr/log_ppl_diff_max:0.0478702187538147 - rollout_corr/log_ppl_diff_min:-0.02938377857208252 - rollout_corr/ppl_ratio:1.0014455318450928 - rollout_corr/chi2_token:0.003275632858276367 - rollout_corr/chi2_seq:0.14947009086608887 - actor/pg_clipfrac:np.float64(0.0) - actor/ppo_kl:np.float64(0.0) - actor/pg_clipfrac_lower:np.float64(0.0) - actor/pg_loss:np.float64(0.2675369083881378) - actor/loss:np.float64(0.2675369083881378) - actor/grad_norm:np.float64(0.20862407982349396) - actor/lr:np.float64(1e-06) - actor/perf/max_memory_allocated_gb:np.float64(14.996763706207275) - actor/perf/max_memory_reserved_gb:np.float64(25.208984375) - actor/perf/cpu_memory_used_gb:np.float64(32.62674331665039) - perf/mfu/actor:np.float64(0.038292608092758314) - training/global_step:11 - training/epoch:0 - critic/score/mean:0.38203123211860657 - critic/score/max:1.0416666269302368 - critic/score/min:-0.06666667014360428 - critic/rewards/mean:0.38203123211860657 - critic/rewards/max:1.0416666269302368 - critic/rewards/min:-0.06666667014360428 - critic/advantages/mean:-0.26753687858581543 - critic/advantages/max:1.6549906730651855 - critic/advantages/min:-1.0311787128448486 - critic/returns/mean:-0.26753687858581543 - critic/returns/max:1.6549906730651855 - critic/returns/min:-1.0311787128448486 - response_length/mean:93.25 - response_length/max:507.0 - response_length/min:4.0 - response_length/clip_ratio:0.03125 - response_length_non_aborted/mean:93.25 - response_length_non_aborted/max:507.0 - response_length_non_aborted/min:4.0 - response_length_non_aborted/clip_ratio:0.03125 - response/aborted_ratio:0.0 - prompt_length/mean:106.25 - prompt_length/max:117.0 - prompt_length/min:83.0 - prompt_length/clip_ratio:0.25 - timing_s/gen:4.438805822050199 - timing_s/old_log_prob:1.243138536985498 - timing_s/adv:0.24206859298283234 - timing_s/update_actor:2.1557571759913117 - timing_s/update_weights:1.2056078939931467 - timing_s/step:9.683587678009644 - timing_per_token_ms/adv:0.03681091742439665 - timing_per_token_ms/update_actor:0.32782195498651334 - timing_per_token_ms/gen:1.4411707214448697 - perf/total_num_tokens:6576 - perf/time_per_step:9.683587678009644 - perf/throughput:679.0871543336534 - training/num_turns/mean:np.float64(2.0) - training/num_turns/max:np.int64(2) - training/num_turns/min:np.int64(2) - training/off_policy/trajectory_spans/mean:np.float64(1.0) - training/off_policy/trajectory_spans/max:np.float64(1.0) - training/off_policy/trajectory_spans/min:np.float64(1.0) - training/off_policy/trajectory_staleness/mean:np.float64(0.0) - training/off_policy/trajectory_staleness/max:np.float64(0.0) - training/off_policy/trajectory_staleness/min:np.float64(0.0) - training/off_policy/trajectory_staleness_worst/mean:np.float64(0.0) - training/off_policy/trajectory_staleness_worst/max:np.float64(0.0) - training/off_policy/trajectory_staleness_worst/min:np.float64(0.0)
[36m(TaskRunnerV1 pid=997342)[0m step:12 - global_seqlen/min:4331 - global_seqlen/max:4331 - global_seqlen/minmax_diff:0 - global_seqlen/balanced_min:4331 - global_seqlen/balanced_max:4331 - global_seqlen/mean:4331.0 - actor/entropy:0.5680758953094482 - training/rollout_probs_diff_valid:1 - training/rollout_probs_diff_max:0.09122782945632935 - training/rollout_probs_diff_mean:0.005621791817247868 - training/rollout_probs_diff_std:0.010472137480974197 - training/rollout_actor_probs_pearson_corr:0.9992933869361877 - rollout_corr/training_ppl:1.1519557237625122 - rollout_corr/training_log_ppl:0.10968533158302307 - rollout_corr/kl:0.0013677749084308743 - rollout_corr/k3_kl:0.0005760064232163131 - rollout_corr/rollout_ppl:1.1528851985931396 - rollout_corr/rollout_log_ppl:0.11052516102790833 - rollout_corr/log_ppl_diff:-0.0008398296777158976 - rollout_corr/log_ppl_abs_diff:0.00310686556622386 - rollout_corr/log_ppl_diff_max:0.05871701240539551 - rollout_corr/log_ppl_diff_min:-0.041441500186920166 - rollout_corr/ppl_ratio:0.9992023706436157 - rollout_corr/chi2_token:-0.0004413127899169922 - rollout_corr/chi2_seq:-0.007209718227386475 - actor/pg_clipfrac:np.float64(0.0) - actor/ppo_kl:np.float64(0.0) - actor/pg_clipfrac_lower:np.float64(0.0) - actor/pg_loss:np.float64(-0.17202772200107574) - actor/loss:np.float64(-0.17202772200107574) - actor/grad_norm:np.float64(0.5066182017326355) - actor/lr:np.float64(1e-06) - actor/perf/max_memory_allocated_gb:np.float64(14.996763706207275) - actor/perf/max_memory_reserved_gb:np.float64(25.208984375) - actor/perf/cpu_memory_used_gb:np.float64(32.62381362915039) - perf/mfu/actor:np.float64(0.029588413575433434) - training/global_step:12 - training/epoch:0 - critic/score/mean:0.4999999701976776 - critic/score/max:1.0666667222976685 - critic/score/min:-0.03333333507180214 - critic/rewards/mean:0.4999999701976776 - critic/rewards/max:1.0666667222976685 - critic/rewards/min:-0.03333333507180214 - critic/advantages/mean:0.17202773690223694 - critic/advantages/max:2.4746735095977783 - critic/advantages/min:-1.6179503202438354 - critic/returns/mean:0.17202773690223694 - critic/returns/max:2.4746735095977783 - critic/returns/min:-1.6179503202438354 - response_length/mean:38.84375 - response_length/max:217.0 - response_length/min:4.0 - response_length/clip_ratio:0.03125 - response_length_non_aborted/mean:38.84375 - response_length_non_aborted/max:217.0 - response_length_non_aborted/min:4.0 - response_length_non_aborted/clip_ratio:0.03125 - response/aborted_ratio:0.0 - prompt_length/mean:90.5 - prompt_length/max:110.0 - prompt_length/min:78.0 - prompt_length/clip_ratio:0.25 - timing_s/gen:4.454282368009444 - timing_s/old_log_prob:1.113927936006803 - timing_s/adv:0.23860927601344883 - timing_s/update_actor:1.8869339769589715 - timing_s/update_weights:1.2185796920093708 - timing_s/step:9.318824107991531 - timing_per_token_ms/adv:0.055093344727187445 - timing_per_token_ms/update_actor:0.43568089978272256 - timing_per_token_ms/gen:3.3265738371989877 - perf/total_num_tokens:4331 - perf/time_per_step:9.318824107991531 - perf/throughput:464.75820874072195 - training/num_turns/mean:np.float64(2.0) - training/num_turns/max:np.int64(2) - training/num_turns/min:np.int64(2) - training/off_policy/trajectory_spans/mean:np.float64(1.0) - training/off_policy/trajectory_spans/max:np.float64(1.0) - training/off_policy/trajectory_spans/min:np.float64(1.0) - training/off_policy/trajectory_staleness/mean:np.float64(0.0) - training/off_policy/trajectory_staleness/max:np.float64(0.0) - training/off_policy/trajectory_staleness/min:np.float64(0.0) - training/off_policy/trajectory_staleness_worst/mean:np.float64(0.0) - training/off_policy/trajectory_staleness_worst/max:np.float64(0.0) - training/off_policy/trajectory_staleness_worst/min:np.float64(0.0)
[36m(TaskRunnerV1 pid=997342)[0m step:13 - global_seqlen/min:6677 - global_seqlen/max:6677 - global_seqlen/minmax_diff:0 - global_seqlen/balanced_min:6677 - global_seqlen/balanced_max:6677 - global_seqlen/mean:6677.0 - actor/entropy:0.3826359212398529 - training/rollout_probs_diff_valid:1 - training/rollout_probs_diff_max:0.06266534328460693 - training/rollout_probs_diff_mean:0.0036959487479180098 - training/rollout_probs_diff_std:0.008380032144486904 - training/rollout_actor_probs_pearson_corr:0.9994889497756958 - rollout_corr/training_ppl:1.1257894039154053 - rollout_corr/training_log_ppl:0.09591224789619446 - rollout_corr/kl:-0.0003582359931897372 - rollout_corr/k3_kl:0.000438455754192546 - rollout_corr/rollout_ppl:1.1280804872512817 - rollout_corr/rollout_log_ppl:0.09733659774065018 - rollout_corr/log_ppl_diff:-0.0014243477489799261 - rollout_corr/log_ppl_abs_diff:0.00236756750382483 - rollout_corr/log_ppl_diff_max:0.01891082525253296 - rollout_corr/log_ppl_diff_min:-0.028374075889587402 - rollout_corr/ppl_ratio:0.9985963106155396 - rollout_corr/chi2_token:0.0024758577346801758 - rollout_corr/chi2_seq:0.06720006465911865 - actor/pg_clipfrac:np.float64(0.0) - actor/ppo_kl:np.float64(0.0) - actor/pg_clipfrac_lower:np.float64(0.0) - actor/pg_loss:np.float64(0.40078744292259216) - actor/loss:np.float64(0.40078744292259216) - actor/grad_norm:np.float64(0.1769140660762787) - actor/lr:np.float64(1e-06) - actor/perf/max_memory_allocated_gb:np.float64(14.996763706207275) - actor/perf/max_memory_reserved_gb:np.float64(25.208984375) - actor/perf/cpu_memory_used_gb:np.float64(32.63719177246094) - perf/mfu/actor:np.float64(0.03461097903720071) - training/global_step:13 - training/epoch:0 - critic/score/mean:0.28359371423721313 - critic/score/max:1.0416666269302368 - critic/score/min:-0.07500000298023224 - critic/rewards/mean:0.28359371423721313 - critic/rewards/max:1.0416666269302368 - critic/rewards/min:-0.07500000298023224 - critic/advantages/mean:-0.4007873833179474 - critic/advantages/max:2.4739301204681396 - critic/advantages/min:-1.6548078060150146 - critic/returns/mean:-0.4007873833179474 - critic/returns/max:2.4739301204681396 - critic/returns/min:-1.6548078060150146 - response_length/mean:83.90625 - response_length/max:512.0 - response_length/min:4.0 - response_length/clip_ratio:0.03125 - response_length_non_aborted/mean:83.90625 - response_length_non_aborted/max:512.0 - response_length_non_aborted/min:4.0 - response_length_non_aborted/clip_ratio:0.03125 - response/aborted_ratio:0.0 - prompt_length/mean:118.75 - prompt_length/max:137.0 - prompt_length/min:92.0 - prompt_length/clip_ratio:0.25 - timing_s/gen:4.431986209005117 - timing_s/old_log_prob:1.2614881009794772 - timing_s/adv:0.22961238597054034 - timing_s/update_actor:2.362657295947429 - timing_s/update_weights:1.253417998959776 - timing_s/step:9.940634079976007 - timing_per_token_ms/adv:0.03438855563434781 - timing_per_token_ms/update_actor:0.35385012669573596 - timing_per_token_ms/gen:1.5936663822384456 - perf/total_num_tokens:6677 - perf/time_per_step:9.940634079976007 - perf/throughput:671.6875348474869 - training/num_turns/mean:np.float64(2.0) - training/num_turns/max:np.int64(2) - training/num_turns/min:np.int64(2) - training/off_policy/trajectory_spans/mean:np.float64(1.0) - training/off_policy/trajectory_spans/max:np.float64(1.0) - training/off_policy/trajectory_spans/min:np.float64(1.0) - training/off_policy/trajectory_staleness/mean:np.float64(0.0) - training/off_policy/trajectory_staleness/max:np.float64(0.0) - training/off_policy/trajectory_staleness/min:np.float64(0.0) - training/off_policy/trajectory_staleness_worst/mean:np.float64(0.0) - training/off_policy/trajectory_staleness_worst/max:np.float64(0.0) - training/off_policy/trajectory_staleness_worst/min:np.float64(0.0)[36m(TaskRunnerV1 pid=997342)[0m Training Progress:  10%|█         | 13/125 [02:09<18:25,  9.87s/it]
[36m(WorkerDict pid=998593)[0m INFO:2026-07-05 14:31:41,140:update_weights done, time cost: 0.43s
[36m(TaskRunnerV1 pid=997342)[0m Training Progress:  11%|█         | 14/125 [02:19<18:23,  9.94s/it]
[36m(WorkerDict pid=998593)[0m INFO:2026-07-05 14:31:50,843:update_weights done, time cost: 0.42s
[36m(TaskRunnerV1 pid=997342)[0m Training Progress:  12%|█▏        | 15/125 [02:29<18:05,  9.87s/it]
[36m(WorkerDict pid=998593)[0m INFO:2026-07-05 14:32:00,354:update_weights done, time cost: 0.39s

[36m(TaskRunnerV1 pid=997342)[0m step:14 - global_seqlen/min:6496 - global_seqlen/max:6496 - global_seqlen/minmax_diff:0 - global_seqlen/balanced_min:6496 - global_seqlen/balanced_max:6496 - global_seqlen/mean:6496.0 - actor/entropy:0.6657870411872864 - training/rollout_probs_diff_valid:1 - training/rollout_probs_diff_max:0.06584694981575012 - training/rollout_probs_diff_mean:0.004776574671268463 - training/rollout_probs_diff_std:0.00858204998075962 - training/rollout_actor_probs_pearson_corr:0.9995949864387512 - rollout_corr/training_ppl:1.1894100904464722 - rollout_corr/training_log_ppl:0.13139793276786804 - rollout_corr/kl:0.001349393860436976 - rollout_corr/k3_kl:0.0006261651287786663 - rollout_corr/rollout_ppl:1.189811110496521 - rollout_corr/rollout_log_ppl:0.13205939531326294 - rollout_corr/log_ppl_diff:-0.0006614517187699676 - rollout_corr/log_ppl_abs_diff:0.0021877498365938663 - rollout_corr/log_ppl_diff_max:0.02969449758529663 - rollout_corr/log_ppl_diff_min:-0.02349129319190979 - rollout_corr/ppl_ratio:0.9993557929992676 - rollout_corr/chi2_token:-0.00019854307174682617 - rollout_corr/chi2_seq:-0.026840686798095703 - actor/pg_clipfrac:np.float64(0.0) - actor/ppo_kl:np.float64(0.0) - actor/pg_clipfrac_lower:np.float64(0.0) - actor/pg_loss:np.float64(0.30884167551994324) - actor/loss:np.float64(0.30884167551994324) - actor/grad_norm:np.float64(0.17591695487499237) - actor/lr:np.float64(1e-06) - actor/perf/max_memory_allocated_gb:np.float64(14.996763706207275) - actor/perf/max_memory_reserved_gb:np.float64(25.208984375) - actor/perf/cpu_memory_used_gb:np.float64(32.64056396484375) - perf/mfu/actor:np.float64(0.03671291501873101) - training/global_step:14 - training/epoch:0 - critic/score/mean:0.15052083134651184 - critic/score/max:1.0083333253860474 - critic/score/min:-0.0833333358168602 - critic/rewards/mean:0.15052083134651184 - critic/rewards/max:1.0083333253860474 - critic/rewards/min:-0.0833333358168602 - critic/advantages/mean:-0.308841735124588 - critic/advantages/max:2.4726669788360596 - critic/advantages/min:-1.3707176446914673 - critic/returns/mean:-0.308841735124588 - critic/returns/max:2.4726669788360596 - critic/returns/min:-1.3707176446914673 - response_length/mean:94.0 - response_length/max:512.0 - response_length/min:4.0 - response_length/clip_ratio:0.09375 - response_length_non_aborted/mean:94.0 - response_length_non_aborted/max:512.0 - response_length_non_aborted/min:4.0 - response_length_non_aborted/clip_ratio:0.09375 - response/aborted_ratio:0.0 - prompt_length/mean:103.0 - prompt_length/max:124.0 - prompt_length/min:92.0 - prompt_length/clip_ratio:0.25 - timing_s/gen:4.74799244501628 - timing_s/old_log_prob:1.1892492540064268 - timing_s/adv:0.23927783401450142 - timing_s/update_actor:2.222618861007504 - timing_s/update_weights:1.1567180579877459 - timing_s/step:9.962320194987115 - timing_per_token_ms/adv:0.0368346419357299 - timing_per_token_ms/update_actor:0.34215191825854435 - timing_per_token_ms/gen:1.5296367413067913 - perf/total_num_tokens:6496 - perf/time_per_step:9.962320194987115 - perf/throughput:652.0569378274638 - training/num_turns/mean:np.float64(2.0) - training/num_turns/max:np.int64(2) - training/num_turns/min:np.int64(2) - training/off_policy/trajectory_spans/mean:np.float64(1.0) - training/off_policy/trajectory_spans/max:np.float64(1.0) - training/off_policy/trajectory_spans/min:np.float64(1.0) - training/off_policy/trajectory_staleness/mean:np.float64(0.0) - training/off_policy/trajectory_staleness/max:np.float64(0.0) - training/off_policy/trajectory_staleness/min:np.float64(0.0) - training/off_policy/trajectory_staleness_worst/mean:np.float64(0.0) - training/off_policy/trajectory_staleness_worst/max:np.float64(0.0) - training/off_policy/trajectory_staleness_worst/min:np.float64(0.0)
[36m(TaskRunnerV1 pid=997342)[0m step:15 - global_seqlen/min:6527 - global_seqlen/max:6527 - global_seqlen/minmax_diff:0 - global_seqlen/balanced_min:6527 - global_seqlen/balanced_max:6527 - global_seqlen/mean:6527.0 - actor/entropy:0.7995719313621521 - training/rollout_probs_diff_valid:1 - training/rollout_probs_diff_max:0.060064494609832764 - training/rollout_probs_diff_mean:0.005533538293093443 - training/rollout_probs_diff_std:0.008731073699891567 - training/rollout_actor_probs_pearson_corr:0.9995572566986084 - rollout_corr/training_ppl:1.1438064575195312 - rollout_corr/training_log_ppl:0.1019899845123291 - rollout_corr/kl:0.00022258418903220445 - rollout_corr/k3_kl:0.0007025194354355335 - rollout_corr/rollout_ppl:1.1426349878311157 - rollout_corr/rollout_log_ppl:0.10106565058231354 - rollout_corr/log_ppl_diff:0.0009243369568139315 - rollout_corr/log_ppl_abs_diff:0.001461883308365941 - rollout_corr/log_ppl_diff_max:0.019682884216308594 - rollout_corr/log_ppl_diff_min:-0.023669838905334473 - rollout_corr/ppl_ratio:1.0009324550628662 - rollout_corr/chi2_token:0.0023729801177978516 - rollout_corr/chi2_seq:0.3576521873474121 - actor/pg_clipfrac:np.float64(0.0) - actor/ppo_kl:np.float64(0.0) - actor/pg_clipfrac_lower:np.float64(0.0) - actor/pg_loss:np.float64(0.20891869068145752) - actor/loss:np.float64(0.20891869068145752) - actor/grad_norm:np.float64(0.18274429440498352) - actor/lr:np.float64(1e-06) - actor/perf/max_memory_allocated_gb:np.float64(14.996763706207275) - actor/perf/max_memory_reserved_gb:np.float64(25.208984375) - actor/perf/cpu_memory_used_gb:np.float64(32.646339416503906) - perf/mfu/actor:np.float64(0.03809265218816542) - training/global_step:15 - training/epoch:0 - critic/score/mean:0.14166665077209473 - critic/score/max:1.024999976158142 - critic/score/min:-0.0416666679084301 - critic/rewards/mean:0.14166665077209473 - critic/rewards/max:1.024999976158142 - critic/rewards/min:-0.0416666679084301 - critic/advantages/mean:-0.20891866087913513 - critic/advantages/max:2.4731807708740234 - critic/advantages/min:-2.057819128036499 - critic/returns/mean:-0.20891866087913513 - critic/returns/max:2.4731807708740234 - critic/returns/min:-2.057819128036499 - response_length/mean:88.46875 - response_length/max:510.0 - response_length/min:4.0 - response_length/clip_ratio:0.03125 - response_length_non_aborted/mean:88.46875 - response_length_non_aborted/max:510.0 - response_length_non_aborted/min:4.0 - response_length_non_aborted/clip_ratio:0.03125 - response/aborted_ratio:0.0 - prompt_length/mean:109.5 - prompt_length/max:126.0 - prompt_length/min:101.0 - prompt_length/clip_ratio:0.25 - timing_s/gen:4.453034078003839 - timing_s/old_log_prob:1.1941372230066918 - timing_s/adv:0.23944071301957592 - timing_s/update_actor:2.1592547810287215 - timing_s/update_weights:1.1320295309997164 - timing_s/step:9.578168347012252 - timing_per_token_ms/adv:0.0366846503783631 - timing_per_token_ms/update_actor:0.3308188725338933 - timing_per_token_ms/gen:1.5213645637184279 - perf/total_num_tokens:6527 - perf/time_per_step:9.578168347012252 - perf/throughput:681.4455294091786 - training/num_turns/mean:np.float64(2.0) - training/num_turns/max:np.int64(2) - training/num_turns/min:np.int64(2) - training/off_policy/trajectory_spans/mean:np.float64(1.0) - training/off_policy/trajectory_spans/max:np.float64(1.0) - training/off_policy/trajectory_spans/min:np.float64(1.0) - training/off_policy/trajectory_staleness/mean:np.float64(0.0) - training/off_policy/trajectory_staleness/max:np.float64(0.0) - training/off_policy/trajectory_staleness/min:np.float64(0.0) - training/off_policy/trajectory_staleness_worst/mean:np.float64(0.0) - training/off_policy/trajectory_staleness_worst/max:np.float64(0.0) - training/off_policy/trajectory_staleness_worst/min:np.float64(0.0)
[36m(TaskRunnerV1 pid=997342)[0m step:16 - global_seqlen/min:5746 - global_seqlen/max:5746 - global_seqlen/minmax_diff:0 - global_seqlen/balanced_min:5746 - global_seqlen/balanced_max:5746 - global_seqlen/mean:5746.0 - actor/entropy:0.8347357511520386 - training/rollout_probs_diff_valid:1 - training/rollout_probs_diff_max:0.09801530838012695 - training/rollout_probs_diff_mean:0.005650401581078768 - training/rollout_probs_diff_std:0.009482936933636665 - training/rollout_actor_probs_pearson_corr:0.999504029750824 - rollout_corr/training_ppl:1.1444348096847534 - rollout_corr/training_log_ppl:0.10197024047374725 - rollout_corr/kl:0.0015620035119354725 - rollout_corr/k3_kl:0.0006747745792381465 - rollout_corr/rollout_ppl:1.1452140808105469 - rollout_corr/rollout_log_ppl:0.10280080884695053 - rollout_corr/log_ppl_diff:-0.0008305584196932614 - rollout_corr/log_ppl_abs_diff:0.001987223047763109 - rollout_corr/log_ppl_diff_max:0.025960981845855713 - rollout_corr/log_ppl_diff_min:-0.0345081090927124 - rollout_corr/ppl_ratio:0.9991858005523682 - rollout_corr/chi2_token:-0.0004392862319946289 - rollout_corr/chi2_seq:-0.01071786880493164 - actor/pg_clipfrac:np.float64(0.0) - actor/ppo_kl:np.float64(0.0) - actor/pg_clipfrac_lower:np.float64(0.0) - actor/pg_loss:np.float64(-0.47738274931907654) - actor/loss:np.float64(-0.47738274931907654) - actor/grad_norm:np.float64(0.2756529450416565) - actor/lr:np.float64(1e-06) - actor/perf/max_memory_allocated_gb:np.float64(14.996763706207275) - actor/perf/max_memory_reserved_gb:np.float64(25.208984375) - actor/perf/cpu_memory_used_gb:np.float64(32.652305603027344) - perf/mfu/actor:np.float64(0.036103682482737286) - training/global_step:16 - training/epoch:0 - critic/score/mean:0.3382812440395355 - critic/score/max:1.0333333015441895 - critic/score/min:-0.02500000037252903 - critic/rewards/mean:0.3382812440395355 - critic/rewards/max:1.0333333015441895 - critic/rewards/min:-0.02500000037252903 - critic/advantages/mean:0.47738274931907654 - critic/advantages/max:2.474539279937744 - critic/advantages/min:-1.619723916053772 - critic/returns/mean:0.47738274931907654 - critic/returns/max:2.474539279937744 - critic/returns/min:-1.619723916053772 - response_length/mean:68.0625 - response_length/max:512.0 - response_length/min:4.0 - response_length/clip_ratio:0.03125 - response_length_non_aborted/mean:68.0625 - response_length_non_aborted/max:512.0 - response_length_non_aborted/min:4.0 - response_length_non_aborted/clip_ratio:0.03125 - response/aborted_ratio:0.0 - prompt_length/mean:105.5 - prompt_length/max:121.0 - prompt_length/min:86.0 - prompt_length/clip_ratio:0.25 - timing_s/gen:4.445909440983087 - timing_s/old_log_prob:1.156741476035677 - timing_s/adv:0.24115054699359462 - timing_s/update_actor:2.01886467798613 - timing_s/update_weights:1.1150290419464 - timing_s/step:9.384499415988103 - timing_per_token_ms/adv:0.041968420987398995 - timing_per_token_ms/update_actor:0.35135131882807696 - timing_per_token_ms/gen:1.9551052950673204 - perf/total_num_tokens:5746 - perf/time_per_step:9.384499415988103 - perf/throughput:612.2862547373282 - training/num_turns/mean:np.float64(2.0) - training/num_turns/max:np.int64(2) - training/num_turns/min:np.int64(2) - training/off_policy/trajectory_spans/mean:np.float64(1.0) - training/off_policy/trajectory_spans/max:np.float64(1.0) - training/off_policy/trajectory_spans/min:np.float64(1.0) - training/off_policy/trajectory_staleness/mean:np.float64(0.0) - training/off_policy/trajectory_staleness/max:np.float64(0.0) - training/off_policy/trajectory_staleness/min:np.float64(0.0) - training/off_policy/trajectory_staleness_worst/mean:np.float64(0.0) - training/off_policy/trajectory_staleness_worst/max:np.float64(0.0) - training/off_policy/trajectory_staleness_worst/min:np.float64(0.0)[36m(TaskRunnerV1 pid=997342)[0m Training Progress:  13%|█▎        | 16/125 [02:38<17:44,  9.77s/it]
[36m(WorkerDict pid=998593)[0m INFO:2026-07-05 14:32:10,329:update_weights done, time cost: 0.42s
[36m(TaskRunnerV1 pid=997342)[0m Training Progress:  14%|█▎        | 17/125 [02:48<17:40,  9.82s/it]
[36m(WorkerDict pid=998593)[0m INFO:2026-07-05 14:32:20,166:update_weights done, time cost: 0.37s
[36m(TransferQueueController pid=997550)[0m 2026-07-05 14:32:20,375 - INFO - transfer_queue.utils.perf_utils - TQ_CONTROLLER_83d5afc3: [Performance] Total success requests: 3413, Total req/min: 676.62, Total avg process time: 0.0008s; 
[36m(TransferQueueController pid=997550)[0m Time range: last 5.04 minutes; 
[36m(TransferQueueController pid=997550)[0m Per-operation statistics: KV_RETRIEVE_META: req_count=1324, req/min=262.48, avg_time=0.001696s, max_time=0.012777s, min_time=0.000196s; SET_CUSTOM_META: req_count=1195, req/min=236.91, avg_time=0.000042s, max_time=0.000180s, min_time=0.000013s; KV_LIST: req_count=63, req/min=12.49, avg_time=0.000093s, max_time=0.000251s, min_time=0.000056s; NOTIFY_DATA_UPDATE: req_count=776, req/min=153.84, avg_time=0.000370s, max_time=0.001219s, min_time=0.000092s; CLEAR_META: req_count=37, req/min=7.34, avg_time=0.000890s, max_time=0.001660s, min_time=0.000366s; KV_RETRIEVE_KEYS: req_count=18, req/min=3.57, avg_time=0.000126s, max_time=0.000181s, min_time=0.000106s
[36m(TaskRunnerV1 pid=997342)[0m Training Progress:  14%|█▍        | 18/125 [02:58<17:30,  9.82s/it]
[36m(SimpleStorageUnit pid=997624)[0m Per-operation statistics: PUT_DATA: req_count=159, req/min=31.68, avg_time=0.009029s, max_time=0.013337s, min_time=0.005186s; CLEAR_DATA: req_count=33, req/min=6.58, avg_time=0.010328s, max_time=0.012359s, min_time=0.007700s; GET_DATA: req_count=93, req/min=18.53, avg_time=0.010891s, max_time=0.013979s, min_time=0.007252s
[36m(WorkerDict pid=998593)[0m INFO:2026-07-05 14:32:31,003:update_weights done, time cost: 0.37s
[36m(SimpleStorageUnit pid=997622)[0m 2026-07-05 14:32:21,915 - INFO - transfer_queue.utils.perf_utils - TQ_STORAGE_UNIT_bf827d3b: [Performance] Total success requests: 283, Total req/min: 56.39, Total avg process time: 0.0103s; [32m [repeated 8x across cluster][0m
[36m(SimpleStorageUnit pid=997622)[0m Time range: last 5.02 minutes; [32m [repeated 8x across cluster][0m
[36m(SimpleStorageUnit pid=997622)[0m Per-operation statistics: PUT_DATA: req_count=155, req/min=30.88, avg_time=0.009389s, max_time=0.013973s, min_time=0.003748s; CLEAR_DATA: req_count=34, req/min=6.77, avg_time=0.010736s, max_time=0.013085s, min_time=0.002357s; GET_DATA: req_count=94, req/min=18.73, avg_time=0.011645s, max_time=0.012915s, min_time=0.006869s[32m [repeated 7x across cluster][0m

[36m(TaskRunnerV1 pid=997342)[0m step:17 - global_seqlen/min:7856 - global_seqlen/max:7856 - global_seqlen/minmax_diff:0 - global_seqlen/balanced_min:7856 - global_seqlen/balanced_max:7856 - global_seqlen/mean:7856.0 - actor/entropy:0.8618155717849731 - training/rollout_probs_diff_valid:1 - training/rollout_probs_diff_max:0.06130325794219971 - training/rollout_probs_diff_mean:0.005481275729835033 - training/rollout_probs_diff_std:0.00886609684675932 - training/rollout_actor_probs_pearson_corr:0.999570906162262 - rollout_corr/training_ppl:1.1961058378219604 - rollout_corr/training_log_ppl:0.13059508800506592 - rollout_corr/kl:0.0007002684869803488 - rollout_corr/k3_kl:0.0006728338776156306 - rollout_corr/rollout_ppl:1.1964843273162842 - rollout_corr/rollout_log_ppl:0.1305488497018814 - rollout_corr/log_ppl_diff:4.6219793148338795e-05 - rollout_corr/log_ppl_abs_diff:0.0022986633703112602 - rollout_corr/log_ppl_diff_max:0.025664418935775757 - rollout_corr/log_ppl_diff_min:-0.03794407844543457 - rollout_corr/ppl_ratio:1.0000691413879395 - rollout_corr/chi2_token:0.001299738883972168 - rollout_corr/chi2_seq:-0.0077075958251953125 - actor/pg_clipfrac:np.float64(0.0) - actor/ppo_kl:np.float64(0.0) - actor/pg_clipfrac_lower:np.float64(0.0) - actor/pg_loss:np.float64(-0.37444064021110535) - actor/loss:np.float64(-0.37444064021110535) - actor/grad_norm:np.float64(0.1906840056180954) - actor/lr:np.float64(1e-06) - actor/perf/max_memory_allocated_gb:np.float64(15.545252799987793) - actor/perf/max_memory_reserved_gb:np.float64(25.208984375) - actor/perf/cpu_memory_used_gb:np.float64(32.67782211303711) - perf/mfu/actor:np.float64(0.04124122093390347) - training/global_step:17 - training/epoch:0 - critic/score/mean:0.3307291567325592 - critic/score/max:1.0416666269302368 - critic/score/min:-0.0416666679084301 - critic/rewards/mean:0.3307291567325592 - critic/rewards/max:1.0416666269302368 - critic/rewards/min:-0.0416666679084301 - critic/advantages/mean:0.37444061040878296 - critic/advantages/max:2.474454164505005 - critic/advantages/min:-1.6951860189437866 - critic/returns/mean:0.37444061040878296 - critic/returns/max:2.474454164505005 - critic/returns/min:-1.6951860189437866 - response_length/mean:119.0 - response_length/max:512.0 - response_length/min:4.0 - response_length/clip_ratio:0.09375 - response_length_non_aborted/mean:119.0 - response_length_non_aborted/max:512.0 - response_length_non_aborted/min:4.0 - response_length_non_aborted/clip_ratio:0.09375 - response/aborted_ratio:0.0 - prompt_length/mean:120.5 - prompt_length/max:152.0 - prompt_length/min:103.0 - prompt_length/clip_ratio:0.25 - timing_s/gen:4.4353986470378 - timing_s/old_log_prob:1.2101099949795753 - timing_s/adv:0.24124858202412724 - timing_s/update_actor:2.3644728179788217 - timing_s/update_weights:1.1376794240204617 - timing_s/step:9.798010087979492 - timing_per_token_ms/adv:0.030708831724048785 - timing_per_token_ms/update_actor:0.30097668253294574 - timing_per_token_ms/gen:1.136116456720748 - perf/total_num_tokens:7856 - perf/time_per_step:9.798010087979492 - perf/throughput:801.7954594308889 - training/num_turns/mean:np.float64(2.0) - training/num_turns/max:np.int64(2) - training/num_turns/min:np.int64(2) - training/off_policy/trajectory_spans/mean:np.float64(1.0) - training/off_policy/trajectory_spans/max:np.float64(1.0) - training/off_policy/trajectory_spans/min:np.float64(1.0) - training/off_policy/trajectory_staleness/mean:np.float64(0.0) - training/off_policy/trajectory_staleness/max:np.float64(0.0) - training/off_policy/trajectory_staleness/min:np.float64(0.0) - training/off_policy/trajectory_staleness_worst/mean:np.float64(0.0) - training/off_policy/trajectory_staleness_worst/max:np.float64(0.0) - training/off_policy/trajectory_staleness_worst/min:np.float64(0.0)
[36m(TaskRunnerV1 pid=997342)[0m step:18 - global_seqlen/min:7501 - global_seqlen/max:7501 - global_seqlen/minmax_diff:0 - global_seqlen/balanced_min:7501 - global_seqlen/balanced_max:7501 - global_seqlen/mean:7501.0 - actor/entropy:0.894415020942688 - training/rollout_probs_diff_valid:1 - training/rollout_probs_diff_max:0.07089483737945557 - training/rollout_probs_diff_mean:0.004612081218510866 - training/rollout_probs_diff_std:0.008397212252020836 - training/rollout_actor_probs_pearson_corr:0.9996535778045654 - rollout_corr/training_ppl:1.347273826599121 - rollout_corr/training_log_ppl:0.15275347232818604 - rollout_corr/kl:0.0015495960833504796 - rollout_corr/k3_kl:0.0006545624346472323 - rollout_corr/rollout_ppl:1.3464090824127197 - rollout_corr/rollout_log_ppl:0.1529969871044159 - rollout_corr/log_ppl_diff:-0.00024351011961698532 - rollout_corr/log_ppl_abs_diff:0.0025887377560138702 - rollout_corr/log_ppl_diff_max:0.024199634790420532 - rollout_corr/log_ppl_diff_min:-0.037302106618881226 - rollout_corr/ppl_ratio:0.9997850656509399 - rollout_corr/chi2_token:-0.0004892349243164062 - rollout_corr/chi2_seq:-0.02053743600845337 - actor/pg_clipfrac:np.float64(0.0) - actor/ppo_kl:np.float64(0.0) - actor/pg_clipfrac_lower:np.float64(0.0) - actor/pg_loss:np.float64(-0.3826770782470703) - actor/loss:np.float64(-0.3826770782470703) - actor/grad_norm:np.float64(0.19266697764396667) - actor/lr:np.float64(1e-06) - actor/perf/max_memory_allocated_gb:np.float64(15.545252799987793) - actor/perf/max_memory_reserved_gb:np.float64(26.0703125) - actor/perf/cpu_memory_used_gb:np.float64(32.686580657958984) - perf/mfu/actor:np.float64(0.04065209517861941) - training/global_step:18 - training/epoch:0 - critic/score/mean:0.3960937559604645 - critic/score/max:1.0499999523162842 - critic/score/min:-0.05000000074505806 - critic/rewards/mean:0.3960937559604645 - critic/rewards/max:1.0499999523162842 - critic/rewards/min:-0.05000000074505806 - critic/advantages/mean:0.38267701864242554 - critic/advantages/max:1.6290260553359985 - critic/advantages/min:-1.6774191856384277 - critic/returns/mean:0.38267701864242554 - critic/returns/max:1.6290260553359985 - critic/returns/min:-1.6774191856384277 - response_length/mean:116.90625 - response_length/max:512.0 - response_length/min:4.0 - response_length/clip_ratio:0.03125 - response_length_non_aborted/mean:116.90625 - response_length_non_aborted/max:512.0 - response_length_non_aborted/min:4.0 - response_length_non_aborted/clip_ratio:0.03125 - response/aborted_ratio:0.0 - prompt_length/mean:111.5 - prompt_length/max:154.0 - prompt_length/min:85.0 - prompt_length/clip_ratio:0.25 - timing_s/gen:4.422237664985005 - timing_s/old_log_prob:1.243311685975641 - timing_s/adv:0.24331497901584953 - timing_s/update_actor:2.306699551001657 - timing_s/update_weights:1.0641014790162444 - timing_s/step:9.678222966031171 - timing_per_token_ms/adv:0.03243767217915605 - timing_per_token_ms/update_actor:0.30751893760853977 - timing_per_token_ms/gen:1.152524801924682 - perf/total_num_tokens:7501 - perf/time_per_step:9.678222966031171 - perf/throughput:775.0389742339236 - training/num_turns/mean:np.float64(2.0) - training/num_turns/max:np.int64(2) - training/num_turns/min:np.int64(2) - training/off_policy/trajectory_spans/mean:np.float64(1.0) - training/off_policy/trajectory_spans/max:np.float64(1.0) - training/off_policy/trajectory_spans/min:np.float64(1.0) - training/off_policy/trajectory_staleness/mean:np.float64(0.0) - training/off_policy/trajectory_staleness/max:np.float64(0.0) - training/off_policy/trajectory_staleness/min:np.float64(0.0) - training/off_policy/trajectory_staleness_worst/mean:np.float64(0.0) - training/off_policy/trajectory_staleness_worst/max:np.float64(0.0) - training/off_policy/trajectory_staleness_worst/min:np.float64(0.0)
[36m(TaskRunnerV1 pid=997342)[0m step:19 - global_seqlen/min:10078 - global_seqlen/max:10078 - global_seqlen/minmax_diff:0 - global_seqlen/balanced_min:10078 - global_seqlen/balanced_max:10078 - global_seqlen/mean:10078.0 - actor/entropy:0.6921859979629517 - training/rollout_probs_diff_valid:1 - training/rollout_probs_diff_max:0.06218993663787842 - training/rollout_probs_diff_mean:0.004175954032689333 - training/rollout_probs_diff_std:0.007863328792154789 - training/rollout_actor_probs_pearson_corr:0.9996634125709534 - rollout_corr/training_ppl:1.2369420528411865 - rollout_corr/training_log_ppl:0.14871737360954285 - rollout_corr/kl:0.00040509909740649164 - rollout_corr/k3_kl:0.0005058241076767445 - rollout_corr/rollout_ppl:1.2361600399017334 - rollout_corr/rollout_log_ppl:0.14836090803146362 - rollout_corr/log_ppl_diff:0.0003564575454220176 - rollout_corr/log_ppl_abs_diff:0.0026404913514852524 - rollout_corr/log_ppl_diff_max:0.03668832778930664 - rollout_corr/log_ppl_diff_min:-0.050518155097961426 - rollout_corr/ppl_ratio:1.0003905296325684 - rollout_corr/chi2_token:0.0012134313583374023 - rollout_corr/chi2_seq:0.035152316093444824 - actor/pg_clipfrac:np.float64(0.0) - actor/ppo_kl:np.float64(0.0) - actor/pg_clipfrac_lower:np.float64(0.0) - actor/pg_loss:np.float64(-0.377224862575531) - actor/loss:np.float64(-0.377224862575531) - actor/grad_norm:np.float64(0.15344692766666412) - actor/lr:np.float64(1e-06) - actor/perf/max_memory_allocated_gb:np.float64(18.28952407836914) - actor/perf/max_memory_reserved_gb:np.float64(26.0703125) - actor/perf/cpu_memory_used_gb:np.float64(32.7257080078125) - perf/mfu/actor:np.float64(0.039682309596627635) - training/global_step:19 - training/epoch:0 - critic/score/mean:0.20937499403953552 - critic/score/max:1.0333333015441895 - critic/score/min:-0.03333333507180214 - critic/rewards/mean:0.20937499403953552 - critic/rewards/max:1.0333333015441895 - critic/rewards/min:-0.03333333507180214 - critic/advantages/mean:0.37722480297088623 - critic/advantages/max:2.4711341857910156 - critic/advantages/min:-0.7602965235710144 - critic/returns/mean:0.37722480297088623 - critic/returns/max:2.4711341857910156 - critic/returns/min:-0.7602965235710144 - response_length/mean:171.1875 - response_length/max:512.0 - response_length/min:4.0 - response_length/clip_ratio:0.15625 - response_length_non_aborted/mean:171.1875 - response_length_non_aborted/max:512.0 - response_length_non_aborted/min:4.0 - response_length_non_aborted/clip_ratio:0.15625 - response/aborted_ratio:0.0 - prompt_length/mean:137.75 - prompt_length/max:174.0 - prompt_length/min:95.0 - prompt_length/clip_ratio:0.25 - timing_s/gen:4.452065146993846 - timing_s/old_log_prob:1.475250211020466 - timing_s/adv:0.23841874295612797 - timing_s/update_actor:3.0528743430040777 - timing_s/update_weights:1.1710007530055009 - timing_s/step:10.741566164011601 - timing_per_token_ms/adv:0.023657346989097834 - timing_per_token_ms/update_actor:0.3029246222468821 - timing_per_token_ms/gen:0.7987199761381137 - perf/total_num_tokens:10078 - perf/time_per_step:10.741566164011601 - perf/throughput:938.224449407126 - training/num_turns/mean:np.float64(2.0) - training/num_turns/max:np.int64(2) - training/num_turns/min:np.int64(2) - training/off_policy/trajectory_spans/mean:np.float64(1.0) - training/off_policy/trajectory_spans/max:np.float64(1.0) - training/off_policy/trajectory_spans/min:np.float64(1.0) - training/off_policy/trajectory_staleness/mean:np.float64(0.0) - training/off_policy/trajectory_staleness/max:np.float64(0.0) - training/off_policy/trajectory_staleness/min:np.float64(0.0) - training/off_policy/trajectory_staleness_worst/mean:np.float64(0.0) - training/off_policy/trajectory_staleness_worst/max:np.float64(0.0) - training/off_policy/trajectory_staleness_worst/min:np.float64(0.0)[36m(TaskRunnerV1 pid=997342)[0m Training Progress:  15%|█▌        | 19/125 [03:09<17:54, 10.14s/it]
[36m(WorkerDict pid=998593)[0m INFO:2026-07-05 14:32:40,456:update_weights done, time cost: 0.35s
[36m(TaskRunnerV1 pid=997342)[0m Training Progress:  16%|█▌        | 20/125 [03:18<17:21,  9.92s/it]
[36m(WorkerDict pid=998593)[0m INFO:2026-07-05 14:32:50,020:update_weights done, time cost: 0.41s
[36m(TaskRunnerV1 pid=997342)[0m Training Progress:  17%|█▋        | 21/125 [03:28<17:00,  9.81s/it]
[36m(WorkerDict pid=998593)[0m INFO:2026-07-05 14:32:59,486:update_weights done, time cost: 0.38s

[36m(TaskRunnerV1 pid=997342)[0m step:20 - global_seqlen/min:5686 - global_seqlen/max:5686 - global_seqlen/minmax_diff:0 - global_seqlen/balanced_min:5686 - global_seqlen/balanced_max:5686 - global_seqlen/mean:5686.0 - actor/entropy:0.7315306067466736 - training/rollout_probs_diff_valid:1 - training/rollout_probs_diff_max:0.06217765808105469 - training/rollout_probs_diff_mean:0.005009499844163656 - training/rollout_probs_diff_std:0.008681499399244785 - training/rollout_actor_probs_pearson_corr:0.9995740652084351 - rollout_corr/training_ppl:1.1149095296859741 - rollout_corr/training_log_ppl:0.08669557422399521 - rollout_corr/kl:-0.0004783846961800009 - rollout_corr/k3_kl:0.0005779985804110765 - rollout_corr/rollout_ppl:1.1165014505386353 - rollout_corr/rollout_log_ppl:0.08790230751037598 - rollout_corr/log_ppl_diff:-0.001206725835800171 - rollout_corr/log_ppl_abs_diff:0.002614571712911129 - rollout_corr/log_ppl_diff_max:0.023533403873443604 - rollout_corr/log_ppl_diff_min:-0.05178835988044739 - rollout_corr/ppl_ratio:0.9988223910331726 - rollout_corr/chi2_token:0.00327301025390625 - rollout_corr/chi2_seq:0.05684971809387207 - actor/pg_clipfrac:np.float64(0.0) - actor/ppo_kl:np.float64(0.0) - actor/pg_clipfrac_lower:np.float64(0.0) - actor/pg_loss:np.float64(-0.5171216130256653) - actor/loss:np.float64(-0.5171216130256653) - actor/grad_norm:np.float64(0.33821359276771545) - actor/lr:np.float64(1e-06) - actor/perf/max_memory_allocated_gb:np.float64(18.28952407836914) - actor/perf/max_memory_reserved_gb:np.float64(30.51171875) - actor/perf/cpu_memory_used_gb:np.float64(32.69406509399414) - perf/mfu/actor:np.float64(0.0365613855548826) - training/global_step:20 - training/epoch:0 - critic/score/mean:0.5468750596046448 - critic/score/max:1.0833333730697632 - critic/score/min:-0.0416666679084301 - critic/rewards/mean:0.5468750596046448 - critic/rewards/max:1.0833333730697632 - critic/rewards/min:-0.0416666679084301 - critic/advantages/mean:0.5171216130256653 - critic/advantages/max:2.474453926086426 - critic/advantages/min:-2.4747824668884277 - critic/returns/mean:0.5171216130256653 - critic/returns/max:2.474453926086426 - critic/returns/min:-2.4747824668884277 - response_length/mean:51.4375 - response_length/max:447.0 - response_length/min:4.0 - response_length/clip_ratio:0.03125 - response_length_non_aborted/mean:51.4375 - response_length_non_aborted/max:447.0 - response_length_non_aborted/min:4.0 - response_length_non_aborted/clip_ratio:0.03125 - response/aborted_ratio:0.0 - prompt_length/mean:120.25 - prompt_length/max:148.0 - prompt_length/min:91.0 - prompt_length/clip_ratio:0.25 - timing_s/gen:4.4377794960164465 - timing_s/old_log_prob:1.1922971020103432 - timing_s/adv:0.24104412301676348 - timing_s/update_actor:1.949495519977063 - timing_s/update_weights:1.0176856209873222 - timing_s/step:9.254516837012488 - timing_per_token_ms/adv:0.042392564723314013 - timing_per_token_ms/update_actor:0.34285886738956434 - timing_per_token_ms/gen:2.5475198025352737 - perf/total_num_tokens:5686 - perf/time_per_step:9.254516837012488 - perf/throughput:614.4026857522618 - training/num_turns/mean:np.float64(2.0) - training/num_turns/max:np.int64(2) - training/num_turns/min:np.int64(2) - training/off_policy/trajectory_spans/mean:np.float64(1.0) - training/off_policy/trajectory_spans/max:np.float64(1.0) - training/off_policy/trajectory_spans/min:np.float64(1.0) - training/off_policy/trajectory_staleness/mean:np.float64(0.0) - training/off_policy/trajectory_staleness/max:np.float64(0.0) - training/off_policy/trajectory_staleness/min:np.float64(0.0) - training/off_policy/trajectory_staleness_worst/mean:np.float64(0.0) - training/off_policy/trajectory_staleness_worst/max:np.float64(0.0) - training/off_policy/trajectory_staleness_worst/min:np.float64(0.0)
[36m(TaskRunnerV1 pid=997342)[0m step:21 - global_seqlen/min:6137 - global_seqlen/max:6137 - global_seqlen/minmax_diff:0 - global_seqlen/balanced_min:6137 - global_seqlen/balanced_max:6137 - global_seqlen/mean:6137.0 - actor/entropy:0.7531075477600098 - training/rollout_probs_diff_valid:1 - training/rollout_probs_diff_max:0.06028616428375244 - training/rollout_probs_diff_mean:0.005566038656979799 - training/rollout_probs_diff_std:0.008993505500257015 - training/rollout_actor_probs_pearson_corr:0.9995426535606384 - rollout_corr/training_ppl:1.2164055109024048 - rollout_corr/training_log_ppl:0.14187800884246826 - rollout_corr/kl:0.000737686175853014 - rollout_corr/k3_kl:0.0007239573169499636 - rollout_corr/rollout_ppl:1.216626524925232 - rollout_corr/rollout_log_ppl:0.14220456779003143 - rollout_corr/log_ppl_diff:-0.00032658770214766264 - rollout_corr/log_ppl_abs_diff:0.0017723144264891744 - rollout_corr/log_ppl_diff_max:0.01827538013458252 - rollout_corr/log_ppl_diff_min:-0.029126286506652832 - rollout_corr/ppl_ratio:0.9996870756149292 - rollout_corr/chi2_token:0.0014219284057617188 - rollout_corr/chi2_seq:0.04384589195251465 - actor/pg_clipfrac:np.float64(0.0) - actor/ppo_kl:np.float64(0.0) - actor/pg_clipfrac_lower:np.float64(0.0) - actor/pg_loss:np.float64(-0.08808348327875137) - actor/loss:np.float64(-0.08808348327875137) - actor/grad_norm:np.float64(0.2620420455932617) - actor/lr:np.float64(1e-06) - actor/perf/max_memory_allocated_gb:np.float64(18.28952407836914) - actor/perf/max_memory_reserved_gb:np.float64(30.51171875) - actor/perf/cpu_memory_used_gb:np.float64(32.69432830810547) - perf/mfu/actor:np.float64(0.03706701191389862) - training/global_step:21 - training/epoch:0 - critic/score/mean:0.23749999701976776 - critic/score/max:1.100000023841858 - critic/score/min:-0.05833333358168602 - critic/rewards/mean:0.23749999701976776 - critic/rewards/max:1.100000023841858 - critic/rewards/min:-0.05833333358168602 - critic/advantages/mean:0.08808352798223495 - critic/advantages/max:2.47469162940979 - critic/advantages/min:-1.0211232900619507 - critic/returns/mean:0.08808352798223495 - critic/returns/max:2.47469162940979 - critic/returns/min:-1.0211232900619507 - response_length/mean:82.28125 - response_length/max:435.0 - response_length/min:4.0 - response_length/clip_ratio:0.03125 - response_length_non_aborted/mean:82.28125 - response_length_non_aborted/max:435.0 - response_length_non_aborted/min:4.0 - response_length_non_aborted/clip_ratio:0.03125 - response/aborted_ratio:0.0 - prompt_length/mean:103.5 - prompt_length/max:119.0 - prompt_length/min:90.0 - prompt_length/clip_ratio:0.25 - timing_s/gen:4.4341788530000485 - timing_s/old_log_prob:1.1659906179993413 - timing_s/adv:0.2512156189768575 - timing_s/update_actor:2.0947734939982183 - timing_s/update_weights:1.0876087720389478 - timing_s/step:9.442394935991615 - timing_per_token_ms/adv:0.04093459654177245 - timing_per_token_ms/update_actor:0.3413350976044025 - timing_per_token_ms/gen:1.6248365163063572 - perf/total_num_tokens:6137 - perf/time_per_step:9.442394935991615 - perf/throughput:649.941041610913 - training/num_turns/mean:np.float64(2.0) - training/num_turns/max:np.int64(2) - training/num_turns/min:np.int64(2) - training/off_policy/trajectory_spans/mean:np.float64(1.0) - training/off_policy/trajectory_spans/max:np.float64(1.0) - training/off_policy/trajectory_spans/min:np.float64(1.0) - training/off_policy/trajectory_staleness/mean:np.float64(0.0) - training/off_policy/trajectory_staleness/max:np.float64(0.0) - training/off_policy/trajectory_staleness/min:np.float64(0.0) - training/off_policy/trajectory_staleness_worst/mean:np.float64(0.0) - training/off_policy/trajectory_staleness_worst/max:np.float64(0.0) - training/off_policy/trajectory_staleness_worst/min:np.float64(0.0)
[36m(TaskRunnerV1 pid=997342)[0m step:22 - global_seqlen/min:5987 - global_seqlen/max:5987 - global_seqlen/minmax_diff:0 - global_seqlen/balanced_min:5987 - global_seqlen/balanced_max:5987 - global_seqlen/mean:5987.0 - actor/entropy:0.6332476735115051 - training/rollout_probs_diff_valid:1 - training/rollout_probs_diff_max:0.06139993667602539 - training/rollout_probs_diff_mean:0.005569104570895433 - training/rollout_probs_diff_std:0.009273653849959373 - training/rollout_actor_probs_pearson_corr:0.9994704723358154 - rollout_corr/training_ppl:1.147718071937561 - rollout_corr/training_log_ppl:0.10548949241638184 - rollout_corr/kl:-0.0008273901185020804 - rollout_corr/k3_kl:0.0006193259032443166 - rollout_corr/rollout_ppl:1.1483674049377441 - rollout_corr/rollout_log_ppl:0.10616489499807358 - rollout_corr/log_ppl_diff:-0.0006753910565748811 - rollout_corr/log_ppl_abs_diff:0.0029469351284205914 - rollout_corr/log_ppl_diff_max:0.03615593910217285 - rollout_corr/log_ppl_diff_min:-0.029120445251464844 - rollout_corr/ppl_ratio:0.9993540644645691 - rollout_corr/chi2_token:0.004145383834838867 - rollout_corr/chi2_seq:0.13475608825683594 - actor/pg_clipfrac:np.float64(0.0) - actor/ppo_kl:np.float64(0.0) - actor/pg_clipfrac_lower:np.float64(0.0) - actor/pg_loss:np.float64(-0.5436989068984985) - actor/loss:np.float64(-0.5436989068984985) - actor/grad_norm:np.float64(0.3450067639350891) - actor/lr:np.float64(1e-06) - actor/perf/max_memory_allocated_gb:np.float64(18.28952407836914) - actor/perf/max_memory_reserved_gb:np.float64(30.51171875) - actor/perf/cpu_memory_used_gb:np.float64(32.69539260864258) - perf/mfu/actor:np.float64(0.037211609682318465) - training/global_step:22 - training/epoch:0 - critic/score/mean:0.10260416567325592 - critic/score/max:1.0083333253860474 - critic/score/min:-0.02500000037252903 - critic/rewards/mean:0.10260416567325592 - critic/rewards/max:1.0083333253860474 - critic/rewards/min:-0.02500000037252903 - critic/advantages/mean:0.5436989665031433 - critic/advantages/max:2.474454164505005 - critic/advantages/min:-0.6107102036476135 - critic/returns/mean:0.5436989665031433 - critic/returns/max:2.474454164505005 - critic/returns/min:-0.6107102036476135 - response_length/mean:72.09375 - response_length/max:512.0 - response_length/min:4.0 - response_length/clip_ratio:0.03125 - response_length_non_aborted/mean:72.09375 - response_length_non_aborted/max:512.0 - response_length_non_aborted/min:4.0 - response_length_non_aborted/clip_ratio:0.03125 - response/aborted_ratio:0.0 - prompt_length/mean:109.0 - prompt_length/max:126.0 - prompt_length/min:90.0 - prompt_length/clip_ratio:0.25 - timing_s/gen:4.423379593004938 - timing_s/old_log_prob:1.148763554985635 - timing_s/adv:0.23975571303162724 - timing_s/update_actor:2.0556711219833232 - timing_s/update_weights:1.073308875958901 - timing_s/step:9.345364938024431 - timing_per_token_ms/adv:0.040046051951165396 - timing_per_token_ms/update_actor:0.34335579121151216 - timing_per_token_ms/gen:1.840773863089862 - perf/total_num_tokens:5987 - perf/time_per_step:9.345364938024431 - perf/throughput:640.6384383813721 - training/num_turns/mean:np.float64(2.0) - training/num_turns/max:np.int64(2) - training/num_turns/min:np.int64(2) - training/off_policy/trajectory_spans/mean:np.float64(1.0) - training/off_policy/trajectory_spans/max:np.float64(1.0) - training/off_policy/trajectory_spans/min:np.float64(1.0) - training/off_policy/trajectory_staleness/mean:np.float64(0.0) - training/off_policy/trajectory_staleness/max:np.float64(0.0) - training/off_policy/trajectory_staleness/min:np.float64(0.0) - training/off_policy/trajectory_staleness_worst/mean:np.float64(0.0) - training/off_policy/trajectory_staleness_worst/max:np.float64(0.0) - training/off_policy/trajectory_staleness_worst/min:np.float64(0.0)[36m(TaskRunnerV1 pid=997342)[0m Training Progress:  18%|█▊        | 22/125 [03:37<16:40,  9.72s/it]
[36m(WorkerDict pid=998593)[0m INFO:2026-07-05 14:33:10,205:update_weights done, time cost: 0.81s
[36m(TaskRunnerV1 pid=997342)[0m Training Progress:  18%|█▊        | 23/125 [03:48<17:02, 10.03s/it]
[36m(WorkerDict pid=998593)[0m INFO:2026-07-05 14:33:20,157:update_weights done, time cost: 0.38s
[36m(TaskRunnerV1 pid=997342)[0m Training Progress:  19%|█▉        | 24/125 [03:58<16:50, 10.00s/it]
[36m(WorkerDict pid=998593)[0m INFO:2026-07-05 14:33:29,652:update_weights done, time cost: 0.35s

[36m(TaskRunnerV1 pid=997342)[0m step:23 - global_seqlen/min:7842 - global_seqlen/max:7842 - global_seqlen/minmax_diff:0 - global_seqlen/balanced_min:7842 - global_seqlen/balanced_max:7842 - global_seqlen/mean:7842.0 - actor/entropy:0.684476375579834 - training/rollout_probs_diff_valid:1 - training/rollout_probs_diff_max:0.08915328979492188 - training/rollout_probs_diff_mean:0.005369595251977444 - training/rollout_probs_diff_std:0.009023920632898808 - training/rollout_actor_probs_pearson_corr:0.999515950679779 - rollout_corr/training_ppl:1.1666091680526733 - rollout_corr/training_log_ppl:0.11939172446727753 - rollout_corr/kl:0.00032659873249940574 - rollout_corr/k3_kl:0.0006355232908390462 - rollout_corr/rollout_ppl:1.1654877662658691 - rollout_corr/rollout_log_ppl:0.11887799948453903 - rollout_corr/log_ppl_diff:0.0005137244006618857 - rollout_corr/log_ppl_abs_diff:0.003082074923440814 - rollout_corr/log_ppl_diff_max:0.04001057147979736 - rollout_corr/log_ppl_diff_min:-0.032767415046691895 - rollout_corr/ppl_ratio:1.0005513429641724 - rollout_corr/chi2_token:0.0018862485885620117 - rollout_corr/chi2_seq:0.11318469047546387 - actor/pg_clipfrac:np.float64(0.0) - actor/ppo_kl:np.float64(0.0) - actor/pg_clipfrac_lower:np.float64(0.0) - actor/pg_loss:np.float64(-0.132065549492836) - actor/loss:np.float64(-0.132065549492836) - actor/grad_norm:np.float64(0.18740397691726685) - actor/lr:np.float64(1e-06) - actor/perf/max_memory_allocated_gb:np.float64(18.28952407836914) - actor/perf/max_memory_reserved_gb:np.float64(30.51171875) - actor/perf/cpu_memory_used_gb:np.float64(32.69455337524414) - perf/mfu/actor:np.float64(0.0407759432040937) - training/global_step:23 - training/epoch:0 - critic/score/mean:0.37031251192092896 - critic/score/max:1.0 - critic/score/min:-0.0416666679084301 - critic/rewards/mean:0.37031251192092896 - critic/rewards/max:1.0 - critic/rewards/min:-0.0416666679084301 - critic/advantages/mean:0.13206550478935242 - critic/advantages/max:1.5372419357299805 - critic/advantages/min:-1.718093752861023 - critic/returns/mean:0.13206550478935242 - critic/returns/max:1.5372419357299805 - critic/returns/min:-1.718093752861023 - response_length/mean:129.5625 - response_length/max:512.0 - response_length/min:4.0 - response_length/clip_ratio:0.0625 - response_length_non_aborted/mean:129.5625 - response_length_non_aborted/max:512.0 - response_length_non_aborted/min:4.0 - response_length_non_aborted/clip_ratio:0.0625 - response/aborted_ratio:0.0 - prompt_length/mean:109.5 - prompt_length/max:125.0 - prompt_length/min:90.0 - prompt_length/clip_ratio:0.25 - timing_s/gen:4.423608195967972 - timing_s/old_log_prob:1.2655855540069751 - timing_s/adv:0.24454628099920228 - timing_s/update_actor:2.3805327740265056 - timing_s/update_weights:1.5864283660193905 - timing_s/step:10.605211342975963 - timing_per_token_ms/adv:0.03118417253241549 - timing_per_token_ms/update_actor:0.30356194517042917 - timing_per_token_ms/gen:1.042811927385189 - perf/total_num_tokens:7842 - perf/time_per_step:10.605211342975963 - perf/throughput:739.4477815092208 - training/num_turns/mean:np.float64(2.0) - training/num_turns/max:np.int64(2) - training/num_turns/min:np.int64(2) - training/off_policy/trajectory_spans/mean:np.float64(1.0) - training/off_policy/trajectory_spans/max:np.float64(1.0) - training/off_policy/trajectory_spans/min:np.float64(1.0) - training/off_policy/trajectory_staleness/mean:np.float64(0.0) - training/off_policy/trajectory_staleness/max:np.float64(0.0) - training/off_policy/trajectory_staleness/min:np.float64(0.0) - training/off_policy/trajectory_staleness_worst/mean:np.float64(0.0) - training/off_policy/trajectory_staleness_worst/max:np.float64(0.0) - training/off_policy/trajectory_staleness_worst/min:np.float64(0.0)
[36m(TaskRunnerV1 pid=997342)[0m step:24 - global_seqlen/min:7642 - global_seqlen/max:7642 - global_seqlen/minmax_diff:0 - global_seqlen/balanced_min:7642 - global_seqlen/balanced_max:7642 - global_seqlen/mean:7642.0 - actor/entropy:0.9249539375305176 - training/rollout_probs_diff_valid:1 - training/rollout_probs_diff_max:0.08970439434051514 - training/rollout_probs_diff_mean:0.005789251998066902 - training/rollout_probs_diff_std:0.00890627596527338 - training/rollout_actor_probs_pearson_corr:0.9995599985122681 - rollout_corr/training_ppl:1.2445688247680664 - rollout_corr/training_log_ppl:0.14813661575317383 - rollout_corr/kl:-0.00018178670143242925 - rollout_corr/k3_kl:0.0007774416590109468 - rollout_corr/rollout_ppl:1.245797038078308 - rollout_corr/rollout_log_ppl:0.14875680208206177 - rollout_corr/log_ppl_diff:-0.0006202099611982703 - rollout_corr/log_ppl_abs_diff:0.0019908482208848 - rollout_corr/log_ppl_diff_max:0.018730461597442627 - rollout_corr/log_ppl_diff_min:-0.04363590478897095 - rollout_corr/ppl_ratio:0.9994016885757446 - rollout_corr/chi2_token:0.0034886598587036133 - rollout_corr/chi2_seq:0.37298452854156494 - actor/pg_clipfrac:np.float64(0.0) - actor/ppo_kl:np.float64(0.0) - actor/pg_clipfrac_lower:np.float64(0.0) - actor/pg_loss:np.float64(-0.021104447543621063) - actor/loss:np.float64(-0.021104447543621063) - actor/grad_norm:np.float64(0.1928456574678421) - actor/lr:np.float64(1e-06) - actor/perf/max_memory_allocated_gb:np.float64(18.28952407836914) - actor/perf/max_memory_reserved_gb:np.float64(30.51171875) - actor/perf/cpu_memory_used_gb:np.float64(32.694156646728516) - perf/mfu/actor:np.float64(0.040956610640159034) - training/global_step:24 - training/epoch:0 - critic/score/mean:0.3815104067325592 - critic/score/max:1.0499999523162842 - critic/score/min:-0.06666667014360428 - critic/rewards/mean:0.3815104067325592 - critic/rewards/max:1.0499999523162842 - critic/rewards/min:-0.06666667014360428 - critic/advantages/mean:0.02110445313155651 - critic/advantages/max:2.469921350479126 - critic/advantages/min:-1.2704166173934937 - critic/returns/mean:0.02110445313155651 - critic/returns/max:2.469921350479126 - critic/returns/min:-1.2704166173934937 - response_length/mean:127.5625 - response_length/max:512.0 - response_length/min:4.0 - response_length/clip_ratio:0.0625 - response_length_non_aborted/mean:127.5625 - response_length_non_aborted/max:512.0 - response_length_non_aborted/min:4.0 - response_length_non_aborted/clip_ratio:0.0625 - response/aborted_ratio:0.0 - prompt_length/mean:105.25 - prompt_length/max:128.0 - prompt_length/min:93.0 - prompt_length/clip_ratio:0.25 - timing_s/gen:4.46735447703395 - timing_s/old_log_prob:1.2433835110277869 - timing_s/adv:0.2395075359963812 - timing_s/update_actor:2.3267335720011033 - timing_s/update_weights:1.1397892370005138 - timing_s/step:9.816306648019236 - timing_per_token_ms/adv:0.03134094948918885 - timing_per_token_ms/update_actor:0.3044665757656508 - timing_per_token_ms/gen:1.069256696274282 - perf/total_num_tokens:7642 - perf/time_per_step:9.816306648019236 - perf/throughput:778.5005373219495 - training/num_turns/mean:np.float64(2.0) - training/num_turns/max:np.int64(2) - training/num_turns/min:np.int64(2) - training/off_policy/trajectory_spans/mean:np.float64(1.0) - training/off_policy/trajectory_spans/max:np.float64(1.0) - training/off_policy/trajectory_spans/min:np.float64(1.0) - training/off_policy/trajectory_staleness/mean:np.float64(0.0) - training/off_policy/trajectory_staleness/max:np.float64(0.0) - training/off_policy/trajectory_staleness/min:np.float64(0.0) - training/off_policy/trajectory_staleness_worst/mean:np.float64(0.0) - training/off_policy/trajectory_staleness_worst/max:np.float64(0.0) - training/off_policy/trajectory_staleness_worst/min:np.float64(0.0)
[36m(TaskRunnerV1 pid=997342)[0m Dumped generations to /data2/hjk/projects/AI-HiddenState-ER/rl_audit/mathverse_text_qwen25_1p5b_grpo_c_option_gain_formal_seed42/validation_generations/25.jsonl
[36m(TaskRunnerV1 pid=997342)[0m step:25 - global_seqlen/min:6047 - global_seqlen/max:6047 - global_seqlen/minmax_diff:0 - global_seqlen/balanced_min:6047 - global_seqlen/balanced_max:6047 - global_seqlen/mean:6047.0 - actor/entropy:0.7121405601501465 - training/rollout_probs_diff_valid:1 - training/rollout_probs_diff_max:0.05983874201774597 - training/rollout_probs_diff_mean:0.005150154232978821 - training/rollout_probs_diff_std:0.008679294027388096 - training/rollout_actor_probs_pearson_corr:0.9995774030685425 - rollout_corr/training_ppl:1.1734578609466553 - rollout_corr/training_log_ppl:0.1166563630104065 - rollout_corr/kl:0.0007374865235760808 - rollout_corr/k3_kl:0.0006427218322642148 - rollout_corr/rollout_ppl:1.1741585731506348 - rollout_corr/rollout_log_ppl:0.11743104457855225 - rollout_corr/log_ppl_diff:-0.0007746602641418576 - rollout_corr/log_ppl_abs_diff:0.002355000237002969 - rollout_corr/log_ppl_diff_max:0.021285712718963623 - rollout_corr/log_ppl_diff_min:-0.039274901151657104 - rollout_corr/ppl_ratio:0.9992474317550659 - rollout_corr/chi2_token:0.0010890960693359375 - rollout_corr/chi2_seq:-0.007833659648895264 - actor/pg_clipfrac:np.float64(0.0) - actor/ppo_kl:np.float64(0.0) - actor/pg_clipfrac_lower:np.float64(0.0) - actor/pg_loss:np.float64(0.3170589208602905) - actor/loss:np.float64(0.3170589208602905) - actor/grad_norm:np.float64(0.24050754308700562) - actor/lr:np.float64(1e-06) - actor/perf/max_memory_allocated_gb:np.float64(18.28952407836914) - actor/perf/max_memory_reserved_gb:np.float64(30.51171875) - actor/perf/cpu_memory_used_gb:np.float64(32.68323516845703) - perf/mfu/actor:np.float64(0.03725359092621684) - val-aux/MathVerseTextA0Clean/reward/mean@1:np.float64(0.4602213433754514) - val-aux/MathVerseTextA0Clean/score/mean@1:np.float64(0.4602213541666667) - val-core/MathVerseTextA0Clean/acc/mean@1:np.float64(0.4609375) - val-aux/MathVerseTextA0Clean/answer_reward/mean@1:np.float64(0.4609375) - val-aux/MathVerseTextA0Clean/parsed_answer/mean@1:np.float64(1.0) - val-aux/MathVerseTextA0Clean/option_logit_gain/mean@1:np.float64(-0.003580729166666666) - val-aux/MathVerseTextA0Clean/option_bonus/mean@1:np.float64(-0.0007161458333333332) - val-aux/MathVerseTextA0Clean/option_margin_start/mean@1:np.float64(-0.16015625) - val-aux/MathVerseTextA0Clean/option_margin_end/mean@1:np.float64(-0.1357421875) - val-aux/MathVerseTextA0Clean/option_margin_delta/mean@1:np.float64(0.0244140625) - val-aux/MathVerseTextA0Clean/option_probe_count/mean@1:np.float64(4.0) - val-aux/MathVerseTextA0Clean/option_probe_failed/mean@1:np.float64(0.0) - val-aux/num_turns/min:np.int64(2) - val-aux/num_turns/max:np.int64(2) - val-aux/num_turns/mean:np.float64(2.0) - training/global_step:25 - training/epoch:0 - critic/score/mean:0.0859375 - critic/score/max:1.0 - critic/score/min:-0.07500000298023224 - critic/rewards/mean:0.0859375 - critic/rewards/max:1.0 - critic/rewards/min:-0.07500000298023224 - critic/advantages/mean:-0.31705889105796814 - critic/advantages/max:2.4644808769226074 - critic/advantages/min:-1.507417917251587 - critic/returns/mean:-0.31705889105796814 - critic/returns/max:2.4644808769226074 - critic/returns/min:-1.507417917251587 - response_length/mean:70.21875 - response_length/max:470.0 - response_length/min:4.0 - response_length/clip_ratio:0.03125 - response_length_non_aborted/mean:70.21875 - response_length_non_aborted/max:470.0 - response_length_non_aborted/min:4.0 - response_length_non_aborted/clip_ratio:0.03125 - response/aborted_ratio:0.0 - prompt_length/mean:112.75 - prompt_length/max:138.0 - prompt_length/min:99.0 - prompt_length/clip_ratio:0.25 - timing_s/gen:4.421283933974337 - timing_s/old_log_prob:1.1539221439743415 - timing_s/adv:0.2385851860162802 - timing_s/update_actor:2.0646913949749433 - timing_s/update_weights:1.0076158760348335 - timing_s/step:9.28998976800358 - timing_s/testing:10.533037128974684 - timing_per_token_ms/adv:0.03945513246507032 - timing_per_token_ms/update_actor:0.34144061435008155 - timing_per_token_ms/gen:1.887018324359512 - perf/total_num_tokens:6047 - perf/time_per_step:9.28998976800358 - perf/throughput:650.9156792429387 - training/num_turns/mean:np.float64(2.0) - training/num_turns/max:np.int64(2) - training/num_turns/min:np.int64(2) - training/off_policy/trajectory_spans/mean:np.float64(1.0) - training/off_policy/trajectory_spans/max:np.float64(1.0) - training/off_policy/trajectory_spans/min:np.float64(1.0) - training/off_policy/trajectory_staleness/mean:np.float64(0.0) - training/off_policy/trajectory_staleness/max:np.float64(0.0) - training/off_policy/trajectory_staleness/min:np.float64(0.0) - training/off_policy/trajectory_staleness_worst/mean:np.float64(0.0) - training/off_policy/trajectory_staleness_worst/max:np.float64(0.0) - training/off_policy/trajectory_staleness_worst/min:np.float64(0.0)[36m(TaskRunnerV1 pid=997342)[0m Training Progress:  20%|██        | 25/125 [04:18<21:39, 12.99s/it]
[36m(WorkerDict pid=998593)[0m INFO:2026-07-05 14:33:49,838:update_weights done, time cost: 0.39s
[36m(TaskRunnerV1 pid=997342)[0m Training Progress:  21%|██        | 26/125 [04:28<19:47, 12.00s/it]
[36m(WorkerDict pid=998593)[0m INFO:2026-07-05 14:33:59,263:update_weights done, time cost: 0.39s
[36m(TaskRunnerV1 pid=997342)[0m Training Progress:  22%|██▏       | 27/125 [04:37<18:19, 11.22s/it]
[36m(WorkerDict pid=998593)[0m INFO:2026-07-05 14:34:09,148:update_weights done, time cost: 0.38s

[36m(TaskRunnerV1 pid=997342)[0m step:26 - global_seqlen/min:6417 - global_seqlen/max:6417 - global_seqlen/minmax_diff:0 - global_seqlen/balanced_min:6417 - global_seqlen/balanced_max:6417 - global_seqlen/mean:6417.0 - actor/entropy:0.7514848709106445 - training/rollout_probs_diff_valid:1 - training/rollout_probs_diff_max:0.06226980686187744 - training/rollout_probs_diff_mean:0.0049924287013709545 - training/rollout_probs_diff_std:0.008631723001599312 - training/rollout_actor_probs_pearson_corr:0.9995911121368408 - rollout_corr/training_ppl:1.3310247659683228 - rollout_corr/training_log_ppl:0.13745981454849243 - rollout_corr/kl:0.0002252964914077893 - rollout_corr/k3_kl:0.0006089637172408402 - rollout_corr/rollout_ppl:1.3290425539016724 - rollout_corr/rollout_log_ppl:0.1366843283176422 - rollout_corr/log_ppl_diff:0.0007754973485134542 - rollout_corr/log_ppl_abs_diff:0.0015207241522148252 - rollout_corr/log_ppl_diff_max:0.019468754529953003 - rollout_corr/log_ppl_diff_min:-0.01887640357017517 - rollout_corr/ppl_ratio:1.0007847547531128 - rollout_corr/chi2_token:0.0019843578338623047 - rollout_corr/chi2_seq:0.011083483695983887 - actor/pg_clipfrac:np.float64(0.0) - actor/ppo_kl:np.float64(0.0) - actor/pg_clipfrac_lower:np.float64(0.0) - actor/pg_loss:np.float64(0.4872540831565857) - actor/loss:np.float64(0.4872540831565857) - actor/grad_norm:np.float64(0.28355148434638977) - actor/lr:np.float64(1e-06) - actor/perf/max_memory_allocated_gb:np.float64(18.28952407836914) - actor/perf/max_memory_reserved_gb:np.float64(30.51171875) - actor/perf/cpu_memory_used_gb:np.float64(32.72081756591797) - perf/mfu/actor:np.float64(0.03842508342707028) - training/global_step:26 - training/epoch:0 - critic/score/mean:0.28046873211860657 - critic/score/max:1.100000023841858 - critic/score/min:-0.05833333358168602 - critic/rewards/mean:0.28046873211860657 - critic/rewards/max:1.100000023841858 - critic/rewards/min:-0.05833333358168602 - critic/advantages/mean:-0.4872541129589081 - critic/advantages/max:2.4728498458862305 - critic/advantages/min:-2.3970067501068115 - critic/returns/mean:-0.4872541129589081 - critic/returns/max:2.4728498458862305 - critic/returns/min:-2.3970067501068115 - response_length/mean:78.28125 - response_length/max:512.0 - response_length/min:4.0 - response_length/clip_ratio:0.03125 - response_length_non_aborted/mean:78.28125 - response_length_non_aborted/max:512.0 - response_length_non_aborted/min:4.0 - response_length_non_aborted/clip_ratio:0.03125 - response/aborted_ratio:0.0 - prompt_length/mean:116.25 - prompt_length/max:131.0 - prompt_length/min:103.0 - prompt_length/clip_ratio:0.25 - timing_s/gen:4.513383529963903 - timing_s/old_log_prob:1.1845835609710775 - timing_s/adv:0.2369370409869589 - timing_s/update_actor:2.1116457210155204 - timing_s/update_weights:1.0761718199937604 - timing_s/step:9.52973926498089 - timing_per_token_ms/adv:0.036923335045497725 - timing_per_token_ms/update_actor:0.3290705502595481 - timing_per_token_ms/gen:1.7352493387020005 - perf/total_num_tokens:6417 - perf/time_per_step:9.52973926498089 - perf/throughput:673.3657471176225 - training/num_turns/mean:np.float64(2.0) - training/num_turns/max:np.int64(2) - training/num_turns/min:np.int64(2) - training/off_policy/trajectory_spans/mean:np.float64(1.0) - training/off_policy/trajectory_spans/max:np.float64(1.0) - training/off_policy/trajectory_spans/min:np.float64(1.0) - training/off_policy/trajectory_staleness/mean:np.float64(0.0) - training/off_policy/trajectory_staleness/max:np.float64(0.0) - training/off_policy/trajectory_staleness/min:np.float64(0.0) - training/off_policy/trajectory_staleness_worst/mean:np.float64(0.0) - training/off_policy/trajectory_staleness_worst/max:np.float64(0.0) - training/off_policy/trajectory_staleness_worst/min:np.float64(0.0)
[36m(TaskRunnerV1 pid=997342)[0m step:27 - global_seqlen/min:5570 - global_seqlen/max:5570 - global_seqlen/minmax_diff:0 - global_seqlen/balanced_min:5570 - global_seqlen/balanced_max:5570 - global_seqlen/mean:5570.0 - actor/entropy:0.834513783454895 - training/rollout_probs_diff_valid:1 - training/rollout_probs_diff_max:0.10372847318649292 - training/rollout_probs_diff_mean:0.00573016656562686 - training/rollout_probs_diff_std:0.009703345596790314 - training/rollout_actor_probs_pearson_corr:0.9995114803314209 - rollout_corr/training_ppl:1.1796152591705322 - rollout_corr/training_log_ppl:0.12489499151706696 - rollout_corr/kl:-0.00030006864108145237 - rollout_corr/k3_kl:0.0008358524646610022 - rollout_corr/rollout_ppl:1.1799793243408203 - rollout_corr/rollout_log_ppl:0.12529972195625305 - rollout_corr/log_ppl_diff:-0.000404724502004683 - rollout_corr/log_ppl_abs_diff:0.003947074990719557 - rollout_corr/log_ppl_diff_max:0.039599090814590454 - rollout_corr/log_ppl_diff_min:-0.044671446084976196 - rollout_corr/ppl_ratio:0.9996498227119446 - rollout_corr/chi2_token:0.00394439697265625 - rollout_corr/chi2_seq:0.09876739978790283 - actor/pg_clipfrac:np.float64(0.0) - actor/ppo_kl:np.float64(0.0) - actor/pg_clipfrac_lower:np.float64(0.0) - actor/pg_loss:np.float64(-0.2003154754638672) - actor/loss:np.float64(-0.2003154754638672) - actor/grad_norm:np.float64(0.3139103651046753) - actor/lr:np.float64(1e-06) - actor/perf/max_memory_allocated_gb:np.float64(18.28952407836914) - actor/perf/max_memory_reserved_gb:np.float64(30.51171875) - actor/perf/cpu_memory_used_gb:np.float64(32.73573303222656) - perf/mfu/actor:np.float64(0.03478065389369518) - training/global_step:27 - training/epoch:0 - critic/score/mean:0.2747395932674408 - critic/score/max:1.024999976158142 - critic/score/min:-0.10000000149011612 - critic/rewards/mean:0.2747395932674408 - critic/rewards/max:1.024999976158142 - critic/rewards/min:-0.10000000149011612 - critic/advantages/mean:0.20031549036502838 - critic/advantages/max:2.469393253326416 - critic/advantages/min:-0.9354127049446106 - critic/returns/mean:0.20031549036502838 - critic/returns/max:2.469393253326416 - critic/returns/min:-0.9354127049446106 - response_length/mean:61.0625 - response_length/max:385.0 - response_length/min:4.0 - response_length/clip_ratio:0.03125 - response_length_non_aborted/mean:61.0625 - response_length_non_aborted/max:385.0 - response_length_non_aborted/min:4.0 - response_length_non_aborted/clip_ratio:0.03125 - response/aborted_ratio:0.0 - prompt_length/mean:107.0 - prompt_length/max:134.0 - prompt_length/min:81.0 - prompt_length/clip_ratio:0.25 - timing_s/gen:4.423642484995071 - timing_s/old_log_prob:1.1236560399993323 - timing_s/adv:0.24181190197123215 - timing_s/update_actor:2.0319769289926626 - timing_s/update_weights:1.0589934720192105 - timing_s/step:9.284640347992536 - timing_per_token_ms/adv:0.043413267858389976 - timing_per_token_ms/update_actor:0.36480734811358395 - timing_per_token_ms/gen:2.1578743829244247 - perf/total_num_tokens:5570 - perf/time_per_step:9.284640347992536 - perf/throughput:599.9155369765409 - training/num_turns/mean:np.float64(2.0) - training/num_turns/max:np.int64(2) - training/num_turns/min:np.int64(2) - training/off_policy/trajectory_spans/mean:np.float64(1.0) - training/off_policy/trajectory_spans/max:np.float64(1.0) - training/off_policy/trajectory_spans/min:np.float64(1.0) - training/off_policy/trajectory_staleness/mean:np.float64(0.0) - training/off_policy/trajectory_staleness/max:np.float64(0.0) - training/off_policy/trajectory_staleness/min:np.float64(0.0) - training/off_policy/trajectory_staleness_worst/mean:np.float64(0.0) - training/off_policy/trajectory_staleness_worst/max:np.float64(0.0) - training/off_policy/trajectory_staleness_worst/min:np.float64(0.0)
[36m(TaskRunnerV1 pid=997342)[0m step:28 - global_seqlen/min:7710 - global_seqlen/max:7710 - global_seqlen/minmax_diff:0 - global_seqlen/balanced_min:7710 - global_seqlen/balanced_max:7710 - global_seqlen/mean:7710.0 - actor/entropy:0.6979190111160278 - training/rollout_probs_diff_valid:1 - training/rollout_probs_diff_max:0.06248295307159424 - training/rollout_probs_diff_mean:0.0050991312600672245 - training/rollout_probs_diff_std:0.00873945839703083 - training/rollout_actor_probs_pearson_corr:0.9995657205581665 - rollout_corr/training_ppl:1.2407360076904297 - rollout_corr/training_log_ppl:0.13978904485702515 - rollout_corr/kl:0.0005313715082593262 - rollout_corr/k3_kl:0.0006281875539571047 - rollout_corr/rollout_ppl:1.2414088249206543 - rollout_corr/rollout_log_ppl:0.14030179381370544 - rollout_corr/log_ppl_diff:-0.0005127638578414917 - rollout_corr/log_ppl_abs_diff:0.0018495703116059303 - rollout_corr/log_ppl_diff_max:0.01959812641143799 - rollout_corr/log_ppl_diff_min:-0.032262399792671204 - rollout_corr/ppl_ratio:0.9995039105415344 - rollout_corr/chi2_token:0.001459360122680664 - rollout_corr/chi2_seq:0.038739681243896484 - actor/pg_clipfrac:np.float64(0.0) - actor/ppo_kl:np.float64(0.0) - actor/pg_clipfrac_lower:np.float64(0.0) - actor/pg_loss:np.float64(0.0057474467903375626) - actor/loss:np.float64(0.0057474467903375626) - actor/grad_norm:np.float64(0.17346148192882538) - actor/lr:np.float64(1e-06) - actor/perf/max_memory_allocated_gb:np.float64(18.28952407836914) - actor/perf/max_memory_reserved_gb:np.float64(30.51171875) - actor/perf/cpu_memory_used_gb:np.float64(32.75450134277344) - perf/mfu/actor:np.float64(0.0409792999489422) - training/global_step:28 - training/epoch:0 - critic/score/mean:0.4026041328907013 - critic/score/max:1.0583332777023315 - critic/score/min:-0.07500000298023224 - critic/rewards/mean:0.4026041328907013 - critic/rewards/max:1.0583332777023315 - critic/rewards/min:-0.07500000298023224 - critic/advantages/mean:-0.0057474542409181595 - critic/advantages/max:1.6543604135513306 - critic/advantages/min:-1.0571013689041138 - critic/returns/mean:-0.0057474542409181595 - critic/returns/max:1.6543604135513306 - critic/returns/min:-1.0571013689041138 - response_length/mean:119.1875 - response_length/max:512.0 - response_length/min:4.0 - response_length/clip_ratio:0.03125 - response_length_non_aborted/mean:119.1875 - response_length_non_aborted/max:512.0 - response_length_non_aborted/min:4.0 - response_length_non_aborted/clip_ratio:0.03125 - response/aborted_ratio:0.0 - prompt_length/mean:115.75 - prompt_length/max:126.0 - prompt_length/min:106.0 - prompt_length/clip_ratio:0.25 - timing_s/gen:4.426236018014606 - timing_s/old_log_prob:1.2454566129599698 - timing_s/adv:0.24352510302560404 - timing_s/update_actor:2.3339438299881294 - timing_s/update_weights:1.0878802959923632 - timing_s/step:9.740416919987183 - timing_per_token_ms/adv:0.03158561647543502 - timing_per_token_ms/update_actor:0.3027164500633112 - timing_per_token_ms/gen:1.1320296721264977 - perf/total_num_tokens:7710 - perf/time_per_step:9.740416919987183 - perf/throughput:791.5472267084585 - training/num_turns/mean:np.float64(2.0) - training/num_turns/max:np.int64(2) - training/num_turns/min:np.int64(2) - training/off_policy/trajectory_spans/mean:np.float64(1.0) - training/off_policy/trajectory_spans/max:np.float64(1.0) - training/off_policy/trajectory_spans/min:np.float64(1.0) - training/off_policy/trajectory_staleness/mean:np.float64(0.0) - training/off_policy/trajectory_staleness/max:np.float64(0.0) - training/off_policy/trajectory_staleness/min:np.float64(0.0) - training/off_policy/trajectory_staleness_worst/mean:np.float64(0.0) - training/off_policy/trajectory_staleness_worst/max:np.float64(0.0) - training/off_policy/trajectory_staleness_worst/min:np.float64(0.0)[36m(TaskRunnerV1 pid=997342)[0m Training Progress:  22%|██▏       | 28/125 [04:47<17:29, 10.82s/it]
[36m(WorkerDict pid=998593)[0m INFO:2026-07-05 14:34:19,300:update_weights done, time cost: 0.35s
[36m(TaskRunnerV1 pid=997342)[0m Training Progress:  23%|██▎       | 29/125 [04:57<17:00, 10.63s/it]
[36m(WorkerDict pid=998593)[0m INFO:2026-07-05 14:34:29,223:update_weights done, time cost: 0.42s
[36m(TaskRunnerV1 pid=997342)[0m Training Progress:  24%|██▍       | 30/125 [05:07<16:30, 10.43s/it]
[36m(WorkerDict pid=998593)[0m INFO:2026-07-05 14:34:38,970:update_weights done, time cost: 0.35s

[36m(TaskRunnerV1 pid=997342)[0m step:29 - global_seqlen/min:8603 - global_seqlen/max:8603 - global_seqlen/minmax_diff:0 - global_seqlen/balanced_min:8603 - global_seqlen/balanced_max:8603 - global_seqlen/mean:8603.0 - actor/entropy:0.7880169749259949 - training/rollout_probs_diff_valid:1 - training/rollout_probs_diff_max:0.08014839887619019 - training/rollout_probs_diff_mean:0.00510262930765748 - training/rollout_probs_diff_std:0.008715704083442688 - training/rollout_actor_probs_pearson_corr:0.9995817542076111 - rollout_corr/training_ppl:1.2359716892242432 - rollout_corr/training_log_ppl:0.14005465805530548 - rollout_corr/kl:-0.00042881007539108396 - rollout_corr/k3_kl:0.0006183062796480954 - rollout_corr/rollout_ppl:1.2353575229644775 - rollout_corr/rollout_log_ppl:0.13981032371520996 - rollout_corr/log_ppl_diff:0.0002443484263494611 - rollout_corr/log_ppl_abs_diff:0.002306888112798333 - rollout_corr/log_ppl_diff_max:0.03407016396522522 - rollout_corr/log_ppl_diff_min:-0.02559596300125122 - rollout_corr/ppl_ratio:1.000266194343567 - rollout_corr/chi2_token:0.0033371448516845703 - rollout_corr/chi2_seq:0.07510244846343994 - actor/pg_clipfrac:np.float64(0.0) - actor/ppo_kl:np.float64(0.0) - actor/pg_clipfrac_lower:np.float64(0.0) - actor/pg_loss:np.float64(0.5642375349998474) - actor/loss:np.float64(0.5642375349998474) - actor/grad_norm:np.float64(0.18042941391468048) - actor/lr:np.float64(1e-06) - actor/perf/max_memory_allocated_gb:np.float64(18.28952407836914) - actor/perf/max_memory_reserved_gb:np.float64(30.51171875) - actor/perf/cpu_memory_used_gb:np.float64(32.7469482421875) - perf/mfu/actor:np.float64(0.04074994210377433) - training/global_step:29 - training/epoch:0 - critic/score/mean:0.2200520932674408 - critic/score/max:1.0499999523162842 - critic/score/min:-0.05000000074505806 - critic/rewards/mean:0.2200520932674408 - critic/rewards/max:1.0499999523162842 - critic/rewards/min:-0.05000000074505806 - critic/advantages/mean:-0.564237654209137 - critic/advantages/max:1.6894214153289795 - critic/advantages/min:-1.9994021654129028 - critic/returns/mean:-0.564237654209137 - critic/returns/max:1.6894214153289795 - critic/returns/min:-1.9994021654129028 - response_length/mean:128.09375 - response_length/max:512.0 - response_length/min:4.0 - response_length/clip_ratio:0.0625 - response_length_non_aborted/mean:128.09375 - response_length_non_aborted/max:512.0 - response_length_non_aborted/min:4.0 - response_length_non_aborted/clip_ratio:0.0625 - response/aborted_ratio:0.0 - prompt_length/mean:134.75 - prompt_length/max:167.0 - prompt_length/min:111.0 - prompt_length/clip_ratio:0.25 - timing_s/gen:4.420104374003131 - timing_s/old_log_prob:1.2793037589872256 - timing_s/adv:0.2420113540138118 - timing_s/update_actor:2.591991493012756 - timing_s/update_weights:1.0854737529880367 - timing_s/step:10.030920623976272 - timing_per_token_ms/adv:0.028131041963711703 - timing_per_token_ms/update_actor:0.3012892587484315 - timing_per_token_ms/gen:1.0536601606682077 - perf/total_num_tokens:8603 - perf/time_per_step:10.030920623976272 - perf/throughput:857.6480985640337 - training/num_turns/mean:np.float64(2.0) - training/num_turns/max:np.int64(2) - training/num_turns/min:np.int64(2) - training/off_policy/trajectory_spans/mean:np.float64(1.0) - training/off_policy/trajectory_spans/max:np.float64(1.0) - training/off_policy/trajectory_spans/min:np.float64(1.0) - training/off_policy/trajectory_staleness/mean:np.float64(0.0) - training/off_policy/trajectory_staleness/max:np.float64(0.0) - training/off_policy/trajectory_staleness/min:np.float64(0.0) - training/off_policy/trajectory_staleness_worst/mean:np.float64(0.0) - training/off_policy/trajectory_staleness_worst/max:np.float64(0.0) - training/off_policy/trajectory_staleness_worst/min:np.float64(0.0)
[36m(TaskRunnerV1 pid=997342)[0m step:30 - global_seqlen/min:7436 - global_seqlen/max:7436 - global_seqlen/minmax_diff:0 - global_seqlen/balanced_min:7436 - global_seqlen/balanced_max:7436 - global_seqlen/mean:7436.0 - actor/entropy:0.5740373134613037 - training/rollout_probs_diff_valid:1 - training/rollout_probs_diff_max:0.06202611327171326 - training/rollout_probs_diff_mean:0.0047853305004537106 - training/rollout_probs_diff_std:0.008602939546108246 - training/rollout_actor_probs_pearson_corr:0.9995362758636475 - rollout_corr/training_ppl:1.1564704179763794 - rollout_corr/training_log_ppl:0.10948339104652405 - rollout_corr/kl:0.0005587439518421888 - rollout_corr/k3_kl:0.0005289041437208652 - rollout_corr/rollout_ppl:1.1576875448226929 - rollout_corr/rollout_log_ppl:0.11067880690097809 - rollout_corr/log_ppl_diff:-0.001195423537865281 - rollout_corr/log_ppl_abs_diff:0.0025720526464283466 - rollout_corr/log_ppl_diff_max:0.020496785640716553 - rollout_corr/log_ppl_diff_min:-0.04499584436416626 - rollout_corr/ppl_ratio:0.9988299608230591 - rollout_corr/chi2_token:0.0009812116622924805 - rollout_corr/chi2_seq:0.027595996856689453 - actor/pg_clipfrac:np.float64(0.0) - actor/ppo_kl:np.float64(0.0) - actor/pg_clipfrac_lower:np.float64(0.0) - actor/pg_loss:np.float64(-0.3313721716403961) - actor/loss:np.float64(-0.3313721716403961) - actor/grad_norm:np.float64(0.19989562034606934) - actor/lr:np.float64(1e-06) - actor/perf/max_memory_allocated_gb:np.float64(18.28952407836914) - actor/perf/max_memory_reserved_gb:np.float64(30.51171875) - actor/perf/cpu_memory_used_gb:np.float64(32.735836029052734) - perf/mfu/actor:np.float64(0.0405698085565081) - training/global_step:30 - training/epoch:0 - critic/score/mean:0.21536459028720856 - critic/score/max:1.0416666269302368 - critic/score/min:-0.05833333358168602 - critic/rewards/mean:0.21536459028720856 - critic/rewards/max:1.0416666269302368 - critic/rewards/min:-0.05833333358168602 - critic/advantages/mean:0.3313721716403961 - critic/advantages/max:1.7744228839874268 - critic/advantages/min:-0.9844951629638672 - critic/returns/mean:0.3313721716403961 - critic/returns/max:1.7744228839874268 - critic/returns/min:-0.9844951629638672 - response_length/mean:115.875 - response_length/max:512.0 - response_length/min:4.0 - response_length/clip_ratio:0.09375 - response_length_non_aborted/mean:115.875 - response_length_non_aborted/max:512.0 - response_length_non_aborted/min:4.0 - response_length_non_aborted/clip_ratio:0.09375 - response/aborted_ratio:0.0 - prompt_length/mean:110.5 - prompt_length/max:132.0 - prompt_length/min:78.0 - prompt_length/clip_ratio:0.25 - timing_s/gen:4.446300388022792 - timing_s/old_log_prob:1.2393129830015823 - timing_s/adv:0.24295824096770957 - timing_s/update_actor:2.2907542299944907 - timing_s/update_weights:1.1732319529983215 - timing_s/step:9.811644757981412 - timing_per_token_ms/adv:0.032673243809535985 - timing_per_token_ms/update_actor:0.3080626990309966 - timing_per_token_ms/gen:1.1688486824455289 - perf/total_num_tokens:7436 - perf/time_per_step:9.811644757981412 - perf/throughput:757.8749723843281 - training/num_turns/mean:np.float64(2.0) - training/num_turns/max:np.int64(2) - training/num_turns/min:np.int64(2) - training/off_policy/trajectory_spans/mean:np.float64(1.0) - training/off_policy/trajectory_spans/max:np.float64(1.0) - training/off_policy/trajectory_spans/min:np.float64(1.0) - training/off_policy/trajectory_staleness/mean:np.float64(0.0) - training/off_policy/trajectory_staleness/max:np.float64(0.0) - training/off_policy/trajectory_staleness/min:np.float64(0.0) - training/off_policy/trajectory_staleness_worst/mean:np.float64(0.0) - training/off_policy/trajectory_staleness_worst/max:np.float64(0.0) - training/off_policy/trajectory_staleness_worst/min:np.float64(0.0)
[36m(TaskRunnerV1 pid=997342)[0m step:31 - global_seqlen/min:7217 - global_seqlen/max:7217 - global_seqlen/minmax_diff:0 - global_seqlen/balanced_min:7217 - global_seqlen/balanced_max:7217 - global_seqlen/mean:7217.0 - actor/entropy:0.6608605980873108 - training/rollout_probs_diff_valid:1 - training/rollout_probs_diff_max:0.06987705826759338 - training/rollout_probs_diff_mean:0.00489411735907197 - training/rollout_probs_diff_std:0.008861866779625416 - training/rollout_actor_probs_pearson_corr:0.9995589852333069 - rollout_corr/training_ppl:1.217363715171814 - rollout_corr/training_log_ppl:0.13286109268665314 - rollout_corr/kl:0.0012079434236511588 - rollout_corr/k3_kl:0.0006649685092270374 - rollout_corr/rollout_ppl:1.2168112993240356 - rollout_corr/rollout_log_ppl:0.13268733024597168 - rollout_corr/log_ppl_diff:0.0001737541751936078 - rollout_corr/log_ppl_abs_diff:0.0027428942266851664 - rollout_corr/log_ppl_diff_max:0.029521405696868896 - rollout_corr/log_ppl_diff_min:-0.04620039463043213 - rollout_corr/ppl_ratio:1.0002049207687378 - rollout_corr/chi2_token:0.00023937225341796875 - rollout_corr/chi2_seq:-0.0098000168800354 - actor/pg_clipfrac:np.float64(0.0) - actor/ppo_kl:np.float64(0.0) - actor/pg_clipfrac_lower:np.float64(0.0) - actor/pg_loss:np.float64(-0.6090236902236938) - actor/loss:np.float64(-0.6090236902236938) - actor/grad_norm:np.float64(0.236983522772789) - actor/lr:np.float64(1e-06) - actor/perf/max_memory_allocated_gb:np.float64(18.28952407836914) - actor/perf/max_memory_reserved_gb:np.float64(30.51171875) - actor/perf/cpu_memory_used_gb:np.float64(32.73308563232422) - perf/mfu/actor:np.float64(0.04059444009053008) - training/global_step:31 - training/epoch:0 - critic/score/mean:0.33776038885116577 - critic/score/max:1.0499999523162842 - critic/score/min:-0.06666667014360428 - critic/rewards/mean:0.33776038885116577 - critic/rewards/max:1.0499999523162842 - critic/rewards/min:-0.06666667014360428 - critic/advantages/mean:0.6090236902236938 - critic/advantages/max:1.9739991426467896 - critic/advantages/min:-1.4099994897842407 - critic/returns/mean:0.6090236902236938 - critic/returns/max:1.9739991426467896 - critic/returns/min:-1.4099994897842407 - response_length/mean:92.78125 - response_length/max:512.0 - response_length/min:4.0 - response_length/clip_ratio:0.03125 - response_length_non_aborted/mean:92.78125 - response_length_non_aborted/max:512.0 - response_length_non_aborted/min:4.0 - response_length_non_aborted/clip_ratio:0.03125 - response/aborted_ratio:0.0 - prompt_length/mean:126.75 - prompt_length/max:188.0 - prompt_length/min:94.0 - prompt_length/clip_ratio:0.25 - timing_s/gen:4.438903191999998 - timing_s/old_log_prob:1.2081069460255094 - timing_s/adv:0.23829451098572463 - timing_s/update_actor:2.2196676729945466 - timing_s/update_weights:1.042138168006204 - timing_s/step:9.555154717003461 - timing_per_token_ms/adv:0.03301849951305593 - timing_per_token_ms/update_actor:0.3075609911312937 - timing_per_token_ms/gen:1.4482555275693305 - perf/total_num_tokens:7217 - perf/time_per_step:9.555154717003461 - perf/throughput:755.2991253147686 - training/num_turns/mean:np.float64(2.0) - training/num_turns/max:np.int64(2) - training/num_turns/min:np.int64(2) - training/off_policy/trajectory_spans/mean:np.float64(1.0) - training/off_policy/trajectory_spans/max:np.float64(1.0) - training/off_policy/trajectory_spans/min:np.float64(1.0) - training/off_policy/trajectory_staleness/mean:np.float64(0.0) - training/off_policy/trajectory_staleness/max:np.float64(0.0) - training/off_policy/trajectory_staleness/min:np.float64(0.0) - training/off_policy/trajectory_staleness_worst/mean:np.float64(0.0) - training/off_policy/trajectory_staleness_worst/max:np.float64(0.0) - training/off_policy/trajectory_staleness_worst/min:np.float64(0.0)[36m(TaskRunnerV1 pid=997342)[0m Training Progress:  25%|██▍       | 31/125 [05:17<15:59, 10.21s/it]
[36m(WorkerDict pid=998593)[0m INFO:2026-07-05 14:34:48,116:update_weights done, time cost: 0.38s
[36m(TaskRunnerV1 pid=997342)[0m Training Progress:  26%|██▌       | 32/125 [05:26<15:20,  9.90s/it]
[36m(WorkerDict pid=998593)[0m INFO:2026-07-05 14:34:58,122:update_weights done, time cost: 0.35s
[36m(TaskRunnerV1 pid=997342)[0m Training Progress:  26%|██▋       | 33/125 [05:36<15:12,  9.92s/it]
[36m(WorkerDict pid=998593)[0m INFO:2026-07-05 14:35:07,329:update_weights done, time cost: 0.36s

[36m(TaskRunnerV1 pid=997342)[0m step:32 - global_seqlen/min:4373 - global_seqlen/max:4373 - global_seqlen/minmax_diff:0 - global_seqlen/balanced_min:4373 - global_seqlen/balanced_max:4373 - global_seqlen/mean:4373.0 - actor/entropy:0.894175112247467 - training/rollout_probs_diff_valid:1 - training/rollout_probs_diff_max:0.062196433544158936 - training/rollout_probs_diff_mean:0.006203720346093178 - training/rollout_probs_diff_std:0.009196341037750244 - training/rollout_actor_probs_pearson_corr:0.9995121955871582 - rollout_corr/training_ppl:1.1303255558013916 - rollout_corr/training_log_ppl:0.09343106299638748 - rollout_corr/kl:0.0005096582463011146 - rollout_corr/k3_kl:0.0007586109568364918 - rollout_corr/rollout_ppl:1.1308839321136475 - rollout_corr/rollout_log_ppl:0.09372439980506897 - rollout_corr/log_ppl_diff:-0.00029333331622183323 - rollout_corr/log_ppl_abs_diff:0.0028432682156562805 - rollout_corr/log_ppl_diff_max:0.02727612853050232 - rollout_corr/log_ppl_diff_min:-0.03933674097061157 - rollout_corr/ppl_ratio:0.9997333884239197 - rollout_corr/chi2_token:0.0020275115966796875 - rollout_corr/chi2_seq:0.018894672393798828 - actor/pg_clipfrac:np.float64(0.0) - actor/ppo_kl:np.float64(0.0) - actor/pg_clipfrac_lower:np.float64(0.0) - actor/pg_loss:np.float64(-0.3424154222011566) - actor/loss:np.float64(-0.3424154222011566) - actor/grad_norm:np.float64(0.5278457999229431) - actor/lr:np.float64(1e-06) - actor/perf/max_memory_allocated_gb:np.float64(18.28952407836914) - actor/perf/max_memory_reserved_gb:np.float64(30.51171875) - actor/perf/cpu_memory_used_gb:np.float64(32.71927261352539) - perf/mfu/actor:np.float64(0.03054586236534948) - training/global_step:32 - training/epoch:0 - critic/score/mean:0.25 - critic/score/max:1.0333333015441895 - critic/score/min:-0.05000000074505806 - critic/rewards/mean:0.25 - critic/rewards/max:1.0333333015441895 - critic/rewards/min:-0.05000000074505806 - critic/advantages/mean:0.34241539239883423 - critic/advantages/max:2.4745285511016846 - critic/advantages/min:-1.8704086542129517 - critic/returns/mean:0.34241539239883423 - critic/returns/max:2.4745285511016846 - critic/returns/min:-1.8704086542129517 - response_length/mean:33.65625 - response_length/max:512.0 - response_length/min:4.0 - response_length/clip_ratio:0.03125 - response_length_non_aborted/mean:33.65625 - response_length_non_aborted/max:512.0 - response_length_non_aborted/min:4.0 - response_length_non_aborted/clip_ratio:0.03125 - response/aborted_ratio:0.0 - prompt_length/mean:97.0 - prompt_length/max:108.0 - prompt_length/min:88.0 - prompt_length/clip_ratio:0.25 - timing_s/gen:4.420451278972905 - timing_s/old_log_prob:1.0787930809892714 - timing_s/adv:0.23392265097936615 - timing_s/update_actor:1.8410853049717844 - timing_s/update_weights:1.0585197460022755 - timing_s/step:9.043730987992603 - timing_per_token_ms/adv:0.053492488218469275 - timing_per_token_ms/update_actor:0.42101196088995757 - timing_per_token_ms/gen:3.768500664086023 - perf/total_num_tokens:4373 - perf/time_per_step:9.043730987992603 - perf/throughput:483.539371726785 - training/num_turns/mean:np.float64(2.0) - training/num_turns/max:np.int64(2) - training/num_turns/min:np.int64(2) - training/off_policy/trajectory_spans/mean:np.float64(1.0) - training/off_policy/trajectory_spans/max:np.float64(1.0) - training/off_policy/trajectory_spans/min:np.float64(1.0) - training/off_policy/trajectory_staleness/mean:np.float64(0.0) - training/off_policy/trajectory_staleness/max:np.float64(0.0) - training/off_policy/trajectory_staleness/min:np.float64(0.0) - training/off_policy/trajectory_staleness_worst/mean:np.float64(0.0) - training/off_policy/trajectory_staleness_worst/max:np.float64(0.0) - training/off_policy/trajectory_staleness_worst/min:np.float64(0.0)
[36m(TaskRunnerV1 pid=997342)[0m step:33 - global_seqlen/min:8116 - global_seqlen/max:8116 - global_seqlen/minmax_diff:0 - global_seqlen/balanced_min:8116 - global_seqlen/balanced_max:8116 - global_seqlen/mean:8116.0 - actor/entropy:0.598082959651947 - training/rollout_probs_diff_valid:1 - training/rollout_probs_diff_max:0.060272544622421265 - training/rollout_probs_diff_mean:0.004517396911978722 - training/rollout_probs_diff_std:0.008331659249961376 - training/rollout_actor_probs_pearson_corr:0.9995870590209961 - rollout_corr/training_ppl:1.1568174362182617 - rollout_corr/training_log_ppl:0.11183928698301315 - rollout_corr/kl:0.0003427546180319041 - rollout_corr/k3_kl:0.000501160160638392 - rollout_corr/rollout_ppl:1.1568586826324463 - rollout_corr/rollout_log_ppl:0.1116538792848587 - rollout_corr/log_ppl_diff:0.00018541014287620783 - rollout_corr/log_ppl_abs_diff:0.0025777220726013184 - rollout_corr/log_ppl_diff_max:0.04225271940231323 - rollout_corr/log_ppl_diff_min:-0.04068434238433838 - rollout_corr/ppl_ratio:1.0002150535583496 - rollout_corr/chi2_token:0.0013290643692016602 - rollout_corr/chi2_seq:0.043794989585876465 - actor/pg_clipfrac:np.float64(0.0) - actor/ppo_kl:np.float64(0.0) - actor/pg_clipfrac_lower:np.float64(0.0) - actor/pg_loss:np.float64(0.8141194581985474) - actor/loss:np.float64(0.8141194581985474) - actor/grad_norm:np.float64(0.20207278430461884) - actor/lr:np.float64(1e-06) - actor/perf/max_memory_allocated_gb:np.float64(18.28952407836914) - actor/perf/max_memory_reserved_gb:np.float64(30.51171875) - actor/perf/cpu_memory_used_gb:np.float64(32.7482795715332) - perf/mfu/actor:np.float64(0.041695530775789184) - training/global_step:33 - training/epoch:0 - critic/score/mean:0.22109372913837433 - critic/score/max:1.0583332777023315 - critic/score/min:-0.05000000074505806 - critic/rewards/mean:0.22109372913837433 - critic/rewards/max:1.0583332777023315 - critic/rewards/min:-0.05000000074505806 - critic/advantages/mean:-0.8141193985939026 - critic/advantages/max:1.20761239528656 - critic/advantages/min:-2.4336113929748535 - critic/returns/mean:-0.8141193985939026 - critic/returns/max:1.20761239528656 - critic/returns/min:-2.4336113929748535 - response_length/mean:124.375 - response_length/max:512.0 - response_length/min:4.0 - response_length/clip_ratio:0.0625 - response_length_non_aborted/mean:124.375 - response_length_non_aborted/max:512.0 - response_length_non_aborted/min:4.0 - response_length_non_aborted/clip_ratio:0.0625 - response/aborted_ratio:0.0 - prompt_length/mean:123.25 - prompt_length/max:151.0 - prompt_length/min:104.0 - prompt_length/clip_ratio:0.25 - timing_s/gen:4.433877676026896 - timing_s/old_log_prob:1.272954064013902 - timing_s/adv:0.23990815301658586 - timing_s/update_actor:2.4065364729613066 - timing_s/update_weights:1.07264558901079 - timing_s/step:9.827588782005478 - timing_per_token_ms/adv:0.029559900568825265 - timing_per_token_ms/update_actor:0.29651755457877116 - timing_per_token_ms/gen:1.0878011962774523 - perf/total_num_tokens:8116 - perf/time_per_step:9.827588782005478 - perf/throughput:825.8383800979308 - training/num_turns/mean:np.float64(2.0) - training/num_turns/max:np.int64(2) - training/num_turns/min:np.int64(2) - training/off_policy/trajectory_spans/mean:np.float64(1.0) - training/off_policy/trajectory_spans/max:np.float64(1.0) - training/off_policy/trajectory_spans/min:np.float64(1.0) - training/off_policy/trajectory_staleness/mean:np.float64(0.0) - training/off_policy/trajectory_staleness/max:np.float64(0.0) - training/off_policy/trajectory_staleness/min:np.float64(0.0) - training/off_policy/trajectory_staleness_worst/mean:np.float64(0.0) - training/off_policy/trajectory_staleness_worst/max:np.float64(0.0) - training/off_policy/trajectory_staleness_worst/min:np.float64(0.0)
[36m(TaskRunnerV1 pid=997342)[0m step:34 - global_seqlen/min:4899 - global_seqlen/max:4899 - global_seqlen/minmax_diff:0 - global_seqlen/balanced_min:4899 - global_seqlen/balanced_max:4899 - global_seqlen/mean:4899.0 - actor/entropy:0.8782401084899902 - training/rollout_probs_diff_valid:1 - training/rollout_probs_diff_max:0.08812552690505981 - training/rollout_probs_diff_mean:0.0063180336728692055 - training/rollout_probs_diff_std:0.009859560057520866 - training/rollout_actor_probs_pearson_corr:0.9994624257087708 - rollout_corr/training_ppl:1.2222905158996582 - rollout_corr/training_log_ppl:0.1164572536945343 - rollout_corr/kl:0.001582066179253161 - rollout_corr/k3_kl:0.0007949796854518354 - rollout_corr/rollout_ppl:1.2213821411132812 - rollout_corr/rollout_log_ppl:0.114171601831913 - rollout_corr/log_ppl_diff:0.002285649301484227 - rollout_corr/log_ppl_abs_diff:0.0032142975833266973 - rollout_corr/log_ppl_diff_max:0.051396578550338745 - rollout_corr/log_ppl_diff_min:-0.024675369262695312 - rollout_corr/ppl_ratio:1.0023205280303955 - rollout_corr/chi2_token:7.3909759521484375e-06 - rollout_corr/chi2_seq:-0.012826263904571533 - actor/pg_clipfrac:np.float64(0.0) - actor/ppo_kl:np.float64(0.0) - actor/pg_clipfrac_lower:np.float64(0.0) - actor/pg_loss:np.float64(0.3708403408527374) - actor/loss:np.float64(0.3708403408527374) - actor/grad_norm:np.float64(0.5697219967842102) - actor/lr:np.float64(1e-06) - actor/perf/max_memory_allocated_gb:np.float64(18.28952407836914) - actor/perf/max_memory_reserved_gb:np.float64(30.51171875) - actor/perf/cpu_memory_used_gb:np.float64(32.72492599487305) - perf/mfu/actor:np.float64(0.032893174391650896) - training/global_step:34 - training/epoch:0 - critic/score/mean:0.04609375074505806 - critic/score/max:1.0333333015441895 - critic/score/min:-0.0416666679084301 - critic/rewards/mean:0.04609375074505806 - critic/rewards/max:1.0333333015441895 - critic/rewards/min:-0.0416666679084301 - critic/advantages/mean:-0.3708403706550598 - critic/advantages/max:2.474453926086426 - critic/advantages/min:-2.474705934524536 - critic/returns/mean:-0.3708403706550598 - critic/returns/max:2.474453926086426 - critic/returns/min:-2.474705934524536 - response_length/mean:35.84375 - response_length/max:346.0 - response_length/min:4.0 - response_length/clip_ratio:0.03125 - response_length_non_aborted/mean:35.84375 - response_length_non_aborted/max:346.0 - response_length_non_aborted/min:4.0 - response_length_non_aborted/clip_ratio:0.03125 - response/aborted_ratio:0.0 - prompt_length/mean:111.25 - prompt_length/max:118.0 - prompt_length/min:93.0 - prompt_length/clip_ratio:0.25 - timing_s/gen:4.421459990029689 - timing_s/old_log_prob:1.0836856340174563 - timing_s/adv:0.23412594298133627 - timing_s/update_actor:1.9129473920329474 - timing_s/update_weights:1.0123756179818884 - timing_s/step:9.068830713978969 - timing_per_token_ms/adv:0.04779055786514314 - timing_per_token_ms/update_actor:0.3904771161528776 - timing_per_token_ms/gen:3.5570876830488247 - perf/total_num_tokens:4899 - perf/time_per_step:9.068830713978969 - perf/throughput:540.2019460401366 - training/num_turns/mean:np.float64(2.0) - training/num_turns/max:np.int64(2) - training/num_turns/min:np.int64(2) - training/off_policy/trajectory_spans/mean:np.float64(1.0) - training/off_policy/trajectory_spans/max:np.float64(1.0) - training/off_policy/trajectory_spans/min:np.float64(1.0) - training/off_policy/trajectory_staleness/mean:np.float64(0.0) - training/off_policy/trajectory_staleness/max:np.float64(0.0) - training/off_policy/trajectory_staleness/min:np.float64(0.0) - training/off_policy/trajectory_staleness_worst/mean:np.float64(0.0) - training/off_policy/trajectory_staleness_worst/max:np.float64(0.0) - training/off_policy/trajectory_staleness_worst/min:np.float64(0.0)[36m(TaskRunnerV1 pid=997342)[0m Training Progress:  27%|██▋       | 34/125 [05:45<14:43,  9.71s/it]
[36m(WorkerDict pid=998593)[0m INFO:2026-07-05 14:35:16,789:update_weights done, time cost: 0.38s
[36m(TaskRunnerV1 pid=997342)[0m Training Progress:  28%|██▊       | 35/125 [05:55<14:26,  9.63s/it]
[36m(WorkerDict pid=998593)[0m INFO:2026-07-05 14:35:26,156:update_weights done, time cost: 0.36s
[36m(TaskRunnerV1 pid=997342)[0m Training Progress:  29%|██▉       | 36/125 [06:04<14:10,  9.55s/it]
[36m(WorkerDict pid=998593)[0m INFO:2026-07-05 14:35:35,537:update_weights done, time cost: 0.39s

[36m(TaskRunnerV1 pid=997342)[0m step:35 - global_seqlen/min:5734 - global_seqlen/max:5734 - global_seqlen/minmax_diff:0 - global_seqlen/balanced_min:5734 - global_seqlen/balanced_max:5734 - global_seqlen/mean:5734.0 - actor/entropy:0.884566605091095 - training/rollout_probs_diff_valid:1 - training/rollout_probs_diff_max:0.09454458951950073 - training/rollout_probs_diff_mean:0.005715053062886 - training/rollout_probs_diff_std:0.009435242041945457 - training/rollout_actor_probs_pearson_corr:0.9995340704917908 - rollout_corr/training_ppl:1.185865044593811 - rollout_corr/training_log_ppl:0.11976341158151627 - rollout_corr/kl:-0.00048691051779314876 - rollout_corr/k3_kl:0.0007573453476652503 - rollout_corr/rollout_ppl:1.186158299446106 - rollout_corr/rollout_log_ppl:0.12001807987689972 - rollout_corr/log_ppl_diff:-0.0002546724281273782 - rollout_corr/log_ppl_abs_diff:0.0030944489408284426 - rollout_corr/log_ppl_diff_max:0.05631840229034424 - rollout_corr/log_ppl_diff_min:-0.048014506697654724 - rollout_corr/ppl_ratio:0.9997931122779846 - rollout_corr/chi2_token:0.0040128231048583984 - rollout_corr/chi2_seq:0.08566915988922119 - actor/pg_clipfrac:np.float64(0.0) - actor/ppo_kl:np.float64(0.0) - actor/pg_clipfrac_lower:np.float64(0.0) - actor/pg_loss:np.float64(-0.03326793387532234) - actor/loss:np.float64(-0.03326793387532234) - actor/grad_norm:np.float64(0.25490936636924744) - actor/lr:np.float64(1e-06) - actor/perf/max_memory_allocated_gb:np.float64(18.28952407836914) - actor/perf/max_memory_reserved_gb:np.float64(30.51171875) - actor/perf/cpu_memory_used_gb:np.float64(32.73662185668945) - perf/mfu/actor:np.float64(0.036409443180232585) - training/global_step:35 - training/epoch:0 - critic/score/mean:0.2958333194255829 - critic/score/max:1.0499999523162842 - critic/score/min:-0.05833333358168602 - critic/rewards/mean:0.2958333194255829 - critic/rewards/max:1.0499999523162842 - critic/rewards/min:-0.05833333358168602 - critic/advantages/mean:0.03326794132590294 - critic/advantages/max:2.4717979431152344 - critic/advantages/min:-1.6251184940338135 - critic/returns/mean:0.03326794132590294 - critic/returns/max:2.4717979431152344 - critic/returns/min:-1.6251184940338135 - response_length/mean:69.6875 - response_length/max:348.0 - response_length/min:4.0 - response_length/clip_ratio:0.03125 - response_length_non_aborted/mean:69.6875 - response_length_non_aborted/max:348.0 - response_length_non_aborted/min:4.0 - response_length_non_aborted/clip_ratio:0.03125 - response/aborted_ratio:0.0 - prompt_length/mean:103.5 - prompt_length/max:118.0 - prompt_length/min:95.0 - prompt_length/clip_ratio:0.25 - timing_s/gen:4.456231583026238 - timing_s/old_log_prob:1.169703583989758 - timing_s/adv:0.2411642880178988 - timing_s/update_actor:1.9997203900129534 - timing_s/update_weights:1.0506184970145114 - timing_s/step:9.321094334998634 - timing_per_token_ms/adv:0.04205864806730011 - timing_per_token_ms/update_actor:0.3487478880385339 - timing_per_token_ms/gen:1.9158347304498013 - perf/total_num_tokens:5734 - perf/time_per_step:9.321094334998634 - perf/throughput:615.163820246954 - training/num_turns/mean:np.float64(2.0) - training/num_turns/max:np.int64(2) - training/num_turns/min:np.int64(2) - training/off_policy/trajectory_spans/mean:np.float64(1.0) - training/off_policy/trajectory_spans/max:np.float64(1.0) - training/off_policy/trajectory_spans/min:np.float64(1.0) - training/off_policy/trajectory_staleness/mean:np.float64(0.0) - training/off_policy/trajectory_staleness/max:np.float64(0.0) - training/off_policy/trajectory_staleness/min:np.float64(0.0) - training/off_policy/trajectory_staleness_worst/mean:np.float64(0.0) - training/off_policy/trajectory_staleness_worst/max:np.float64(0.0) - training/off_policy/trajectory_staleness_worst/min:np.float64(0.0)
[36m(TaskRunnerV1 pid=997342)[0m step:36 - global_seqlen/min:5787 - global_seqlen/max:5787 - global_seqlen/minmax_diff:0 - global_seqlen/balanced_min:5787 - global_seqlen/balanced_max:5787 - global_seqlen/mean:5787.0 - actor/entropy:0.9415116310119629 - training/rollout_probs_diff_valid:1 - training/rollout_probs_diff_max:0.06138935685157776 - training/rollout_probs_diff_mean:0.0058683594688773155 - training/rollout_probs_diff_std:0.00910390168428421 - training/rollout_actor_probs_pearson_corr:0.9995555281639099 - rollout_corr/training_ppl:1.2082128524780273 - rollout_corr/training_log_ppl:0.13136987388134003 - rollout_corr/kl:0.0012614937731996179 - rollout_corr/k3_kl:0.0008073046337813139 - rollout_corr/rollout_ppl:1.2090866565704346 - rollout_corr/rollout_log_ppl:0.131911039352417 - rollout_corr/log_ppl_diff:-0.0005411742604337633 - rollout_corr/log_ppl_abs_diff:0.0021944227628409863 - rollout_corr/log_ppl_diff_max:0.026597261428833008 - rollout_corr/log_ppl_diff_min:-0.03388941287994385 - rollout_corr/ppl_ratio:0.9994787573814392 - rollout_corr/chi2_token:0.0006952285766601562 - rollout_corr/chi2_seq:-0.013103187084197998 - actor/pg_clipfrac:np.float64(0.0) - actor/ppo_kl:np.float64(0.0) - actor/pg_clipfrac_lower:np.float64(0.0) - actor/pg_loss:np.float64(0.30474886298179626) - actor/loss:np.float64(0.30474886298179626) - actor/grad_norm:np.float64(0.21843084692955017) - actor/lr:np.float64(1e-06) - actor/perf/max_memory_allocated_gb:np.float64(18.28952407836914) - actor/perf/max_memory_reserved_gb:np.float64(30.51171875) - actor/perf/cpu_memory_used_gb:np.float64(32.74178695678711) - perf/mfu/actor:np.float64(0.036513264665774876) - training/global_step:36 - training/epoch:0 - critic/score/mean:0.2018229067325592 - critic/score/max:1.0499999523162842 - critic/score/min:-0.0833333358168602 - critic/rewards/mean:0.2018229067325592 - critic/rewards/max:1.0499999523162842 - critic/rewards/min:-0.0833333358168602 - critic/advantages/mean:-0.30474886298179626 - critic/advantages/max:2.4748666286468506 - critic/advantages/min:-0.6646201610565186 - critic/returns/mean:-0.30474886298179626 - critic/returns/max:2.4748666286468506 - critic/returns/min:-0.6646201610565186 - response_length/mean:65.59375 - response_length/max:386.0 - response_length/min:4.0 - response_length/clip_ratio:0.03125 - response_length_non_aborted/mean:65.59375 - response_length_non_aborted/max:386.0 - response_length_non_aborted/min:4.0 - response_length_non_aborted/clip_ratio:0.03125 - response/aborted_ratio:0.0 - prompt_length/mean:109.25 - prompt_length/max:128.0 - prompt_length/min:90.0 - prompt_length/clip_ratio:0.25 - timing_s/gen:4.412468547001481 - timing_s/old_log_prob:1.1312728629563935 - timing_s/adv:0.23568451195023954 - timing_s/update_actor:2.014414295030292 - timing_s/update_weights:1.0204853100003675 - timing_s/step:9.221856718999334 - timing_per_token_ms/adv:0.04072654431488501 - timing_per_token_ms/update_actor:0.3480930179765495 - timing_per_token_ms/gen:2.010236240091791 - perf/total_num_tokens:5787 - perf/time_per_step:9.221856718999334 - perf/throughput:627.5308949527844 - training/num_turns/mean:np.float64(2.0) - training/num_turns/max:np.int64(2) - training/num_turns/min:np.int64(2) - training/off_policy/trajectory_spans/mean:np.float64(1.0) - training/off_policy/trajectory_spans/max:np.float64(1.0) - training/off_policy/trajectory_spans/min:np.float64(1.0) - training/off_policy/trajectory_staleness/mean:np.float64(0.0) - training/off_policy/trajectory_staleness/max:np.float64(0.0) - training/off_policy/trajectory_staleness/min:np.float64(0.0) - training/off_policy/trajectory_staleness_worst/mean:np.float64(0.0) - training/off_policy/trajectory_staleness_worst/max:np.float64(0.0) - training/off_policy/trajectory_staleness_worst/min:np.float64(0.0)
[36m(TaskRunnerV1 pid=997342)[0m step:37 - global_seqlen/min:5614 - global_seqlen/max:5614 - global_seqlen/minmax_diff:0 - global_seqlen/balanced_min:5614 - global_seqlen/balanced_max:5614 - global_seqlen/mean:5614.0 - actor/entropy:0.7206879258155823 - training/rollout_probs_diff_valid:1 - training/rollout_probs_diff_max:0.06690919399261475 - training/rollout_probs_diff_mean:0.005593958776444197 - training/rollout_probs_diff_std:0.009595376439392567 - training/rollout_actor_probs_pearson_corr:0.9994679689407349 - rollout_corr/training_ppl:1.15120267868042 - rollout_corr/training_log_ppl:0.1040334403514862 - rollout_corr/kl:0.000580238236580044 - rollout_corr/k3_kl:0.0006716464995406568 - rollout_corr/rollout_ppl:1.1510623693466187 - rollout_corr/rollout_log_ppl:0.10384401679039001 - rollout_corr/log_ppl_diff:0.00018942158203572035 - rollout_corr/log_ppl_abs_diff:0.0027838919777423143 - rollout_corr/log_ppl_diff_max:0.051163941621780396 - rollout_corr/log_ppl_diff_min:-0.036162734031677246 - rollout_corr/ppl_ratio:1.0002222061157227 - rollout_corr/chi2_token:0.0015157461166381836 - rollout_corr/chi2_seq:0.00620114803314209 - actor/pg_clipfrac:np.float64(0.0) - actor/ppo_kl:np.float64(0.0) - actor/pg_clipfrac_lower:np.float64(0.0) - actor/pg_loss:np.float64(0.6656410098075867) - actor/loss:np.float64(0.6656410098075867) - actor/grad_norm:np.float64(0.3568410575389862) - actor/lr:np.float64(1e-06) - actor/perf/max_memory_allocated_gb:np.float64(18.28952407836914) - actor/perf/max_memory_reserved_gb:np.float64(30.51171875) - actor/perf/cpu_memory_used_gb:np.float64(32.74404525756836) - perf/mfu/actor:np.float64(0.03567066157764159) - training/global_step:37 - training/epoch:0 - critic/score/mean:0.293489545583725 - critic/score/max:1.0583332777023315 - critic/score/min:-0.06666667014360428 - critic/rewards/mean:0.293489545583725 - critic/rewards/max:1.0583332777023315 - critic/rewards/min:-0.06666667014360428 - critic/advantages/mean:-0.6656410694122314 - critic/advantages/max:2.4696671962738037 - critic/advantages/min:-2.3970067501068115 - critic/returns/mean:-0.6656410694122314 - critic/returns/max:2.4696671962738037 - critic/returns/min:-2.3970067501068115 - response_length/mean:58.9375 - response_length/max:406.0 - response_length/min:4.0 - response_length/clip_ratio:0.03125 - response_length_non_aborted/mean:58.9375 - response_length_non_aborted/max:406.0 - response_length_non_aborted/min:4.0 - response_length_non_aborted/clip_ratio:0.03125 - response/aborted_ratio:0.0 - prompt_length/mean:110.5 - prompt_length/max:133.0 - prompt_length/min:100.0 - prompt_length/clip_ratio:0.25 - timing_s/gen:4.430164690013044 - timing_s/old_log_prob:1.1259793249773793 - timing_s/adv:0.2390696849906817 - timing_s/update_actor:1.997791406000033 - timing_s/update_weights:1.0900666660163552 - timing_s/step:9.285186646040529 - timing_per_token_ms/adv:0.04258455379242638 - timing_per_token_ms/update_actor:0.35585881831137034 - timing_per_token_ms/gen:2.2351991372416973 - perf/total_num_tokens:5614 - perf/time_per_step:9.285186646040529 - perf/throughput:604.6189714876622 - training/num_turns/mean:np.float64(2.0) - training/num_turns/max:np.int64(2) - training/num_turns/min:np.int64(2) - training/off_policy/trajectory_spans/mean:np.float64(1.0) - training/off_policy/trajectory_spans/max:np.float64(1.0) - training/off_policy/trajectory_spans/min:np.float64(1.0) - training/off_policy/trajectory_staleness/mean:np.float64(0.0) - training/off_policy/trajectory_staleness/max:np.float64(0.0) - training/off_policy/trajectory_staleness/min:np.float64(0.0) - training/off_policy/trajectory_staleness_worst/mean:np.float64(0.0) - training/off_policy/trajectory_staleness_worst/max:np.float64(0.0) - training/off_policy/trajectory_staleness_worst/min:np.float64(0.0)[36m(TaskRunnerV1 pid=997342)[0m Training Progress:  30%|██▉       | 37/125 [06:13<13:57,  9.51s/it]
[36m(WorkerDict pid=998593)[0m INFO:2026-07-05 14:35:45,064:update_weights done, time cost: 0.36s
[36m(TaskRunnerV1 pid=997342)[0m Training Progress:  30%|███       | 38/125 [06:23<13:46,  9.50s/it]
[36m(WorkerDict pid=998593)[0m INFO:2026-07-05 14:35:55,010:update_weights done, time cost: 0.37s
[36m(TaskRunnerV1 pid=997342)[0m Training Progress:  31%|███       | 39/125 [06:33<13:49,  9.65s/it]
[36m(WorkerDict pid=998593)[0m INFO:2026-07-05 14:36:05,493:update_weights done, time cost: 0.35s

[36m(TaskRunnerV1 pid=997342)[0m step:38 - global_seqlen/min:6326 - global_seqlen/max:6326 - global_seqlen/minmax_diff:0 - global_seqlen/balanced_min:6326 - global_seqlen/balanced_max:6326 - global_seqlen/mean:6326.0 - actor/entropy:0.7323712706565857 - training/rollout_probs_diff_valid:1 - training/rollout_probs_diff_max:0.12994801998138428 - training/rollout_probs_diff_mean:0.0046702283434569836 - training/rollout_probs_diff_std:0.00888405367732048 - training/rollout_actor_probs_pearson_corr:0.9995827078819275 - rollout_corr/training_ppl:1.1337302923202515 - rollout_corr/training_log_ppl:0.09823067486286163 - rollout_corr/kl:-0.0011664930498227477 - rollout_corr/k3_kl:0.000595767458435148 - rollout_corr/rollout_ppl:1.1356894969940186 - rollout_corr/rollout_log_ppl:0.09959135949611664 - rollout_corr/log_ppl_diff:-0.0013606883585453033 - rollout_corr/log_ppl_abs_diff:0.003310458967462182 - rollout_corr/log_ppl_diff_max:0.022634536027908325 - rollout_corr/log_ppl_diff_min:-0.0573979914188385 - rollout_corr/ppl_ratio:0.998686671257019 - rollout_corr/chi2_token:0.004724860191345215 - rollout_corr/chi2_seq:0.09897267818450928 - actor/pg_clipfrac:np.float64(0.0) - actor/ppo_kl:np.float64(0.0) - actor/pg_clipfrac_lower:np.float64(0.0) - actor/pg_loss:np.float64(0.7672302722930908) - actor/loss:np.float64(0.7672302722930908) - actor/grad_norm:np.float64(0.3096989393234253) - actor/lr:np.float64(1e-06) - actor/perf/max_memory_allocated_gb:np.float64(18.28952407836914) - actor/perf/max_memory_reserved_gb:np.float64(30.51171875) - actor/perf/cpu_memory_used_gb:np.float64(32.753623962402344) - perf/mfu/actor:np.float64(0.038312906875399406) - training/global_step:38 - training/epoch:0 - critic/score/mean:0.4567708373069763 - critic/score/max:1.0666667222976685 - critic/score/min:-0.02500000037252903 - critic/rewards/mean:0.4567708373069763 - critic/rewards/max:1.0666667222976685 - critic/rewards/min:-0.02500000037252903 - critic/advantages/mean:-0.7672302722930908 - critic/advantages/max:0.9576582908630371 - critic/advantages/min:-2.474705934524536 - critic/returns/mean:-0.7672302722930908 - critic/returns/max:0.9576582908630371 - critic/returns/min:-2.474705934524536 - response_length/mean:85.9375 - response_length/max:500.0 - response_length/min:4.0 - response_length/clip_ratio:0.03125 - response_length_non_aborted/mean:85.9375 - response_length_non_aborted/max:500.0 - response_length_non_aborted/min:4.0 - response_length_non_aborted/clip_ratio:0.03125 - response/aborted_ratio:0.0 - prompt_length/mean:105.75 - prompt_length/max:128.0 - prompt_length/min:81.0 - prompt_length/clip_ratio:0.25 - timing_s/gen:4.4276678069727495 - timing_s/old_log_prob:1.1688066989881918 - timing_s/adv:0.24167976103490219 - timing_s/update_actor:2.0907226429553702 - timing_s/update_weights:1.0354323830106296 - timing_s/step:9.337913151015528 - timing_per_token_ms/adv:0.03820419870927951 - timing_per_token_ms/update_actor:0.3304967820036943 - timing_per_token_ms/gen:1.5557511619721538 - perf/total_num_tokens:6326 - perf/time_per_step:9.337913151015528 - perf/throughput:677.4532915110725 - training/num_turns/mean:np.float64(2.0) - training/num_turns/max:np.int64(2) - training/num_turns/min:np.int64(2) - training/off_policy/trajectory_spans/mean:np.float64(1.0) - training/off_policy/trajectory_spans/max:np.float64(1.0) - training/off_policy/trajectory_spans/min:np.float64(1.0) - training/off_policy/trajectory_staleness/mean:np.float64(0.0) - training/off_policy/trajectory_staleness/max:np.float64(0.0) - training/off_policy/trajectory_staleness/min:np.float64(0.0) - training/off_policy/trajectory_staleness_worst/mean:np.float64(0.0) - training/off_policy/trajectory_staleness_worst/max:np.float64(0.0) - training/off_policy/trajectory_staleness_worst/min:np.float64(0.0)
[36m(TaskRunnerV1 pid=997342)[0m step:39 - global_seqlen/min:8111 - global_seqlen/max:8111 - global_seqlen/minmax_diff:0 - global_seqlen/balanced_min:8111 - global_seqlen/balanced_max:8111 - global_seqlen/mean:8111.0 - actor/entropy:0.7180392742156982 - training/rollout_probs_diff_valid:1 - training/rollout_probs_diff_max:0.09022372961044312 - training/rollout_probs_diff_mean:0.005067284684628248 - training/rollout_probs_diff_std:0.008572843857109547 - training/rollout_actor_probs_pearson_corr:0.999583899974823 - rollout_corr/training_ppl:1.21207594871521 - rollout_corr/training_log_ppl:0.1381634920835495 - rollout_corr/kl:0.002643349813297391 - rollout_corr/k3_kl:0.000612977659329772 - rollout_corr/rollout_ppl:1.21053147315979 - rollout_corr/rollout_log_ppl:0.1373833417892456 - rollout_corr/log_ppl_diff:0.0007801470928825438 - rollout_corr/log_ppl_abs_diff:0.0029938165098428726 - rollout_corr/log_ppl_diff_max:0.05734565854072571 - rollout_corr/log_ppl_diff_min:-0.027260273694992065 - rollout_corr/ppl_ratio:1.0008172988891602 - rollout_corr/chi2_token:-0.0028595924377441406 - rollout_corr/chi2_seq:-0.059826016426086426 - actor/pg_clipfrac:np.float64(0.0) - actor/ppo_kl:np.float64(0.0) - actor/pg_clipfrac_lower:np.float64(0.0) - actor/pg_loss:np.float64(0.06444557756185532) - actor/loss:np.float64(0.06444557756185532) - actor/grad_norm:np.float64(0.19912689924240112) - actor/lr:np.float64(1e-06) - actor/perf/max_memory_allocated_gb:np.float64(18.28952407836914) - actor/perf/max_memory_reserved_gb:np.float64(30.51171875) - actor/perf/cpu_memory_used_gb:np.float64(32.766136169433594) - perf/mfu/actor:np.float64(0.04171158402038363) - training/global_step:39 - training/epoch:0 - critic/score/mean:0.43932288885116577 - critic/score/max:1.0583332777023315 - critic/score/min:-0.0416666679084301 - critic/rewards/mean:0.43932288885116577 - critic/rewards/max:1.0583332777023315 - critic/rewards/min:-0.0416666679084301 - critic/advantages/mean:-0.06444557756185532 - critic/advantages/max:1.6288007497787476 - critic/advantages/min:-1.2703666687011719 - critic/returns/mean:-0.06444557756185532 - critic/returns/max:1.6288007497787476 - critic/returns/min:-1.2703666687011719 - response_length/mean:115.46875 - response_length/max:512.0 - response_length/min:4.0 - response_length/clip_ratio:0.125 - response_length_non_aborted/mean:115.46875 - response_length_non_aborted/max:512.0 - response_length_non_aborted/min:4.0 - response_length_non_aborted/clip_ratio:0.125 - response/aborted_ratio:0.0 - prompt_length/mean:132.0 - prompt_length/max:171.0 - prompt_length/min:93.0 - prompt_length/clip_ratio:0.25 - timing_s/gen:4.414618487004191 - timing_s/old_log_prob:1.2199442149722017 - timing_s/adv:0.2439923039637506 - timing_s/update_actor:2.4177636560052633 - timing_s/update_weights:1.1339430389925838 - timing_s/step:9.848532147996593 - timing_per_token_ms/adv:0.030081655031901196 - timing_per_token_ms/update_actor:0.298084534090157 - timing_per_token_ms/gen:1.1644997327892879 - perf/total_num_tokens:8111 - perf/time_per_step:9.848532147996593 - perf/throughput:823.5745061409943 - training/num_turns/mean:np.float64(2.0) - training/num_turns/max:np.int64(2) - training/num_turns/min:np.int64(2) - training/off_policy/trajectory_spans/mean:np.float64(1.0) - training/off_policy/trajectory_spans/max:np.float64(1.0) - training/off_policy/trajectory_spans/min:np.float64(1.0) - training/off_policy/trajectory_staleness/mean:np.float64(0.0) - training/off_policy/trajectory_staleness/max:np.float64(0.0) - training/off_policy/trajectory_staleness/min:np.float64(0.0) - training/off_policy/trajectory_staleness_worst/mean:np.float64(0.0) - training/off_policy/trajectory_staleness_worst/max:np.float64(0.0) - training/off_policy/trajectory_staleness_worst/min:np.float64(0.0)
[36m(TaskRunnerV1 pid=997342)[0m step:40 - global_seqlen/min:9213 - global_seqlen/max:9213 - global_seqlen/minmax_diff:0 - global_seqlen/balanced_min:9213 - global_seqlen/balanced_max:9213 - global_seqlen/mean:9213.0 - actor/entropy:1.037603497505188 - training/rollout_probs_diff_valid:1 - training/rollout_probs_diff_max:0.06112539768218994 - training/rollout_probs_diff_mean:0.005085357464849949 - training/rollout_probs_diff_std:0.008537707850337029 - training/rollout_actor_probs_pearson_corr:0.9996505975723267 - rollout_corr/training_ppl:1.419632911682129 - rollout_corr/training_log_ppl:0.20937693119049072 - rollout_corr/kl:0.0006283081020228565 - rollout_corr/k3_kl:0.0007165225106291473 - rollout_corr/rollout_ppl:1.4176334142684937 - rollout_corr/rollout_log_ppl:0.20853230357170105 - rollout_corr/log_ppl_diff:0.0008446236606687307 - rollout_corr/log_ppl_abs_diff:0.0018360179383307695 - rollout_corr/log_ppl_diff_max:0.04839426279067993 - rollout_corr/log_ppl_diff_min:-0.022922009229660034 - rollout_corr/ppl_ratio:1.0008643865585327 - rollout_corr/chi2_token:0.0016086101531982422 - rollout_corr/chi2_seq:-0.001940608024597168 - actor/pg_clipfrac:np.float64(0.0) - actor/ppo_kl:np.float64(0.0) - actor/pg_clipfrac_lower:np.float64(0.0) - actor/pg_loss:np.float64(-0.24277131259441376) - actor/loss:np.float64(-0.24277131259441376) - actor/grad_norm:np.float64(0.16069690883159637) - actor/lr:np.float64(1e-06) - actor/perf/max_memory_allocated_gb:np.float64(18.28952407836914) - actor/perf/max_memory_reserved_gb:np.float64(30.51171875) - actor/perf/cpu_memory_used_gb:np.float64(32.78609085083008) - perf/mfu/actor:np.float64(0.041315393306538654) - training/global_step:40 - training/epoch:0 - critic/score/mean:0.3828125298023224 - critic/score/max:1.0750000476837158 - critic/score/min:-0.03333333507180214 - critic/rewards/mean:0.3828125298023224 - critic/rewards/max:1.0750000476837158 - critic/rewards/min:-0.03333333507180214 - critic/advantages/mean:0.24277134239673615 - critic/advantages/max:2.4708235263824463 - critic/advantages/min:-0.9611826539039612 - critic/returns/mean:0.24277134239673615 - critic/returns/max:2.4708235263824463 - critic/returns/min:-0.9611826539039612 - response_length/mean:175.15625 - response_length/max:512.0 - response_length/min:4.0 - response_length/clip_ratio:0.09375 - response_length_non_aborted/mean:175.15625 - response_length_non_aborted/max:512.0 - response_length_non_aborted/min:4.0 - response_length_non_aborted/clip_ratio:0.09375 - response/aborted_ratio:0.0 - prompt_length/mean:106.75 - prompt_length/max:123.0 - prompt_length/min:93.0 - prompt_length/clip_ratio:0.25 - timing_s/gen:4.449143934994936 - timing_s/old_log_prob:1.3874895469634794 - timing_s/adv:0.24202707200311124 - timing_s/update_actor:2.7130666809971444 - timing_s/update_weights:1.1044258690089919 - timing_s/step:10.303970472014043 - timing_per_token_ms/adv:0.026270169543374713 - timing_per_token_ms/update_actor:0.29448243579693306 - timing_per_token_ms/gen:0.7804146526916218 - perf/total_num_tokens:9213 - perf/time_per_step:10.303970472014043 - perf/throughput:894.1213510872184 - training/num_turns/mean:np.float64(2.0) - training/num_turns/max:np.int64(2) - training/num_turns/min:np.int64(2) - training/off_policy/trajectory_spans/mean:np.float64(1.0) - training/off_policy/trajectory_spans/max:np.float64(1.0) - training/off_policy/trajectory_spans/min:np.float64(1.0) - training/off_policy/trajectory_staleness/mean:np.float64(0.0) - training/off_policy/trajectory_staleness/max:np.float64(0.0) - training/off_policy/trajectory_staleness/min:np.float64(0.0) - training/off_policy/trajectory_staleness_worst/mean:np.float64(0.0) - training/off_policy/trajectory_staleness_worst/max:np.float64(0.0) - training/off_policy/trajectory_staleness_worst/min:np.float64(0.0)[36m(TaskRunnerV1 pid=997342)[0m Training Progress:  32%|███▏      | 40/125 [06:43<14:00,  9.89s/it]
[36m(WorkerDict pid=998593)[0m INFO:2026-07-05 14:36:15,051:update_weights done, time cost: 0.37s
[36m(TaskRunnerV1 pid=997342)[0m Training Progress:  33%|███▎      | 41/125 [06:53<13:43,  9.80s/it]
[36m(WorkerDict pid=998593)[0m INFO:2026-07-05 14:36:24,749:update_weights done, time cost: 0.34s
[36m(TaskRunnerV1 pid=997342)[0m Training Progress:  34%|███▎      | 42/125 [07:02<13:29,  9.76s/it]
[36m(WorkerDict pid=998593)[0m INFO:2026-07-05 14:36:34,076:update_weights done, time cost: 0.36s

[36m(TaskRunnerV1 pid=997342)[0m step:41 - global_seqlen/min:4858 - global_seqlen/max:4858 - global_seqlen/minmax_diff:0 - global_seqlen/balanced_min:4858 - global_seqlen/balanced_max:4858 - global_seqlen/mean:4858.0 - actor/entropy:0.8211354613304138 - training/rollout_probs_diff_valid:1 - training/rollout_probs_diff_max:0.0802634060382843 - training/rollout_probs_diff_mean:0.006017716601490974 - training/rollout_probs_diff_std:0.00959750171750784 - training/rollout_actor_probs_pearson_corr:0.9994863867759705 - rollout_corr/training_ppl:1.1539831161499023 - rollout_corr/training_log_ppl:0.1004728302359581 - rollout_corr/kl:0.0014070075703784823 - rollout_corr/k3_kl:0.0008145636529661715 - rollout_corr/rollout_ppl:1.1543898582458496 - rollout_corr/rollout_log_ppl:0.10074111819267273 - rollout_corr/log_ppl_diff:-0.00026830201386474073 - rollout_corr/log_ppl_abs_diff:0.0023442793171852827 - rollout_corr/log_ppl_diff_max:0.03245694935321808 - rollout_corr/log_ppl_diff_min:-0.060130953788757324 - rollout_corr/ppl_ratio:0.9997614622116089 - rollout_corr/chi2_token:0.00043582916259765625 - rollout_corr/chi2_seq:-0.001251816749572754 - actor/pg_clipfrac:np.float64(0.0) - actor/ppo_kl:np.float64(0.0) - actor/pg_clipfrac_lower:np.float64(0.0) - actor/pg_loss:np.float64(-0.12567578256130219) - actor/loss:np.float64(-0.12567578256130219) - actor/grad_norm:np.float64(0.5083969831466675) - actor/lr:np.float64(1e-06) - actor/perf/max_memory_allocated_gb:np.float64(18.28952407836914) - actor/perf/max_memory_reserved_gb:np.float64(30.51171875) - actor/perf/cpu_memory_used_gb:np.float64(32.75140380859375) - perf/mfu/actor:np.float64(0.03276582487612097) - training/global_step:41 - training/epoch:0 - critic/score/mean:0.3218750059604645 - critic/score/max:1.0499999523162842 - critic/score/min:-0.0416666679084301 - critic/rewards/mean:0.3218750059604645 - critic/rewards/max:1.0499999523162842 - critic/rewards/min:-0.0416666679084301 - critic/advantages/mean:0.12567582726478577 - critic/advantages/max:1.628584623336792 - critic/advantages/min:-2.474663734436035 - critic/returns/mean:0.12567582726478577 - critic/returns/max:1.628584623336792 - critic/returns/min:-2.474663734436035 - response_length/mean:39.5625 - response_length/max:371.0 - response_length/min:4.0 - response_length/clip_ratio:0.03125 - response_length_non_aborted/mean:39.5625 - response_length_non_aborted/max:371.0 - response_length_non_aborted/min:4.0 - response_length_non_aborted/clip_ratio:0.03125 - response/aborted_ratio:0.0 - prompt_length/mean:106.25 - prompt_length/max:152.0 - prompt_length/min:80.0 - prompt_length/clip_ratio:0.25 - timing_s/gen:4.42692692601122 - timing_s/old_log_prob:1.096651227970142 - timing_s/adv:0.24014200799865648 - timing_s/update_actor:1.8927751180017367 - timing_s/update_weights:1.0464941870304756 - timing_s/step:9.446410598000512 - timing_per_token_ms/adv:0.04943227830355218 - timing_per_token_ms/update_actor:0.38962023837005694 - timing_per_token_ms/gen:3.2503134552211597 - perf/total_num_tokens:4858 - perf/time_per_step:9.446410598000512 - perf/throughput:514.2694094864219 - training/num_turns/mean:np.float64(2.0) - training/num_turns/max:np.int64(2) - training/num_turns/min:np.int64(2) - training/off_policy/trajectory_spans/mean:np.float64(1.0) - training/off_policy/trajectory_spans/max:np.float64(1.0) - training/off_policy/trajectory_spans/min:np.float64(1.0) - training/off_policy/trajectory_staleness/mean:np.float64(0.0) - training/off_policy/trajectory_staleness/max:np.float64(0.0) - training/off_policy/trajectory_staleness/min:np.float64(0.0) - training/off_policy/trajectory_staleness_worst/mean:np.float64(0.0) - training/off_policy/trajectory_staleness_worst/max:np.float64(0.0) - training/off_policy/trajectory_staleness_worst/min:np.float64(0.0)
[36m(TaskRunnerV1 pid=997342)[0m step:42 - global_seqlen/min:7047 - global_seqlen/max:7047 - global_seqlen/minmax_diff:0 - global_seqlen/balanced_min:7047 - global_seqlen/balanced_max:7047 - global_seqlen/mean:7047.0 - actor/entropy:0.8627105951309204 - training/rollout_probs_diff_valid:1 - training/rollout_probs_diff_max:0.06174874305725098 - training/rollout_probs_diff_mean:0.0053322892636060715 - training/rollout_probs_diff_std:0.008842852897942066 - training/rollout_actor_probs_pearson_corr:0.9995850920677185 - rollout_corr/training_ppl:1.258232593536377 - rollout_corr/training_log_ppl:0.15939292311668396 - rollout_corr/kl:0.001640229718759656 - rollout_corr/k3_kl:0.0006772715132683516 - rollout_corr/rollout_ppl:1.2556995153427124 - rollout_corr/rollout_log_ppl:0.15831154584884644 - rollout_corr/log_ppl_diff:0.0010813809931278229 - rollout_corr/log_ppl_abs_diff:0.0036442268174141645 - rollout_corr/log_ppl_diff_max:0.08554071187973022 - rollout_corr/log_ppl_diff_min:-0.04561483860015869 - rollout_corr/ppl_ratio:1.0011518001556396 - rollout_corr/chi2_token:-0.0005818009376525879 - rollout_corr/chi2_seq:0.01625967025756836 - actor/pg_clipfrac:np.float64(0.0) - actor/ppo_kl:np.float64(0.0) - actor/pg_clipfrac_lower:np.float64(0.0) - actor/pg_loss:np.float64(0.38665738701820374) - actor/loss:np.float64(0.38665738701820374) - actor/grad_norm:np.float64(0.19984310865402222) - actor/lr:np.float64(1e-06) - actor/perf/max_memory_allocated_gb:np.float64(18.28952407836914) - actor/perf/max_memory_reserved_gb:np.float64(30.51171875) - actor/perf/cpu_memory_used_gb:np.float64(32.76731491088867) - perf/mfu/actor:np.float64(0.040123517436551605) - training/global_step:42 - training/epoch:0 - critic/score/mean:0.5057291388511658 - critic/score/max:1.0333333015441895 - critic/score/min:-0.06666667014360428 - critic/rewards/mean:0.5057291388511658 - critic/rewards/max:1.0333333015441895 - critic/rewards/min:-0.06666667014360428 - critic/advantages/mean:-0.38665738701820374 - critic/advantages/max:1.6186758279800415 - critic/advantages/min:-2.4741625785827637 - critic/returns/mean:-0.38665738701820374 - critic/returns/max:1.6186758279800415 - critic/returns/min:-2.4741625785827637 - response_length/mean:110.96875 - response_length/max:512.0 - response_length/min:4.0 - response_length/clip_ratio:0.03125 - response_length_non_aborted/mean:110.96875 - response_length_non_aborted/max:512.0 - response_length_non_aborted/min:4.0 - response_length_non_aborted/clip_ratio:0.03125 - response/aborted_ratio:0.0 - prompt_length/mean:103.25 - prompt_length/max:112.0 - prompt_length/min:86.0 - prompt_length/clip_ratio:0.25 - timing_s/gen:4.4252793560153805 - timing_s/old_log_prob:1.2160480589955114 - timing_s/adv:0.23573381500318646 - timing_s/update_actor:2.2032497379695997 - timing_s/update_weights:1.0212152149761096 - timing_s/step:9.51322467601858 - timing_per_token_ms/adv:0.033451655314770325 - timing_per_token_ms/update_actor:0.3126507361954874 - timing_per_token_ms/gen:1.2134026202400277 - perf/total_num_tokens:7047 - perf/time_per_step:9.51322467601858 - perf/throughput:740.758285438631 - training/num_turns/mean:np.float64(2.0) - training/num_turns/max:np.int64(2) - training/num_turns/min:np.int64(2) - training/off_policy/trajectory_spans/mean:np.float64(1.0) - training/off_policy/trajectory_spans/max:np.float64(1.0) - training/off_policy/trajectory_spans/min:np.float64(1.0) - training/off_policy/trajectory_staleness/mean:np.float64(0.0) - training/off_policy/trajectory_staleness/max:np.float64(0.0) - training/off_policy/trajectory_staleness/min:np.float64(0.0) - training/off_policy/trajectory_staleness_worst/mean:np.float64(0.0) - training/off_policy/trajectory_staleness_worst/max:np.float64(0.0) - training/off_policy/trajectory_staleness_worst/min:np.float64(0.0)
[36m(TaskRunnerV1 pid=997342)[0m step:43 - global_seqlen/min:5651 - global_seqlen/max:5651 - global_seqlen/minmax_diff:0 - global_seqlen/balanced_min:5651 - global_seqlen/balanced_max:5651 - global_seqlen/mean:5651.0 - actor/entropy:1.2673808336257935 - training/rollout_probs_diff_valid:1 - training/rollout_probs_diff_max:0.06204193830490112 - training/rollout_probs_diff_mean:0.005422696005553007 - training/rollout_probs_diff_std:0.009247294627130032 - training/rollout_actor_probs_pearson_corr:0.9996209144592285 - rollout_corr/training_ppl:1.321516752243042 - rollout_corr/training_log_ppl:0.14411237835884094 - rollout_corr/kl:0.0017797022592276335 - rollout_corr/k3_kl:0.0008127593318931758 - rollout_corr/rollout_ppl:1.3224626779556274 - rollout_corr/rollout_log_ppl:0.14498178660869598 - rollout_corr/log_ppl_diff:-0.000869410578161478 - rollout_corr/log_ppl_abs_diff:0.0029506529681384563 - rollout_corr/log_ppl_diff_max:0.03346902132034302 - rollout_corr/log_ppl_diff_min:-0.03073817491531372 - rollout_corr/ppl_ratio:0.9991614818572998 - rollout_corr/chi2_token:-0.00033599138259887695 - rollout_corr/chi2_seq:-0.015481829643249512 - actor/pg_clipfrac:np.float64(0.0) - actor/ppo_kl:np.float64(0.0) - actor/pg_clipfrac_lower:np.float64(0.0) - actor/pg_loss:np.float64(0.29796332120895386) - actor/loss:np.float64(0.29796332120895386) - actor/grad_norm:np.float64(0.40174323320388794) - actor/lr:np.float64(1e-06) - actor/perf/max_memory_allocated_gb:np.float64(18.28952407836914) - actor/perf/max_memory_reserved_gb:np.float64(30.51171875) - actor/perf/cpu_memory_used_gb:np.float64(32.76497268676758) - perf/mfu/actor:np.float64(0.03654189836002605) - training/global_step:43 - training/epoch:0 - critic/score/mean:0.13697916269302368 - critic/score/max:1.0333333015441895 - critic/score/min:-0.0416666679084301 - critic/rewards/mean:0.13697916269302368 - critic/rewards/max:1.0333333015441895 - critic/rewards/min:-0.0416666679084301 - critic/advantages/mean:-0.297963410615921 - critic/advantages/max:2.473602056503296 - critic/advantages/min:-2.4740331172943115 - critic/returns/mean:-0.297963410615921 - critic/returns/max:2.473602056503296 - critic/returns/min:-2.4740331172943115 - response_length/mean:57.09375 - response_length/max:488.0 - response_length/min:4.0 - response_length/clip_ratio:0.03125 - response_length_non_aborted/mean:57.09375 - response_length_non_aborted/max:488.0 - response_length_non_aborted/min:4.0 - response_length_non_aborted/clip_ratio:0.03125 - response/aborted_ratio:0.0 - prompt_length/mean:113.5 - prompt_length/max:133.0 - prompt_length/min:93.0 - prompt_length/clip_ratio:0.25 - timing_s/gen:4.449693084985483 - timing_s/old_log_prob:1.1221188090275973 - timing_s/adv:0.23922881000908092 - timing_s/update_actor:1.968903033004608 - timing_s/update_weights:1.0261379380244762 - timing_s/step:9.21177837101277 - timing_per_token_ms/adv:0.04233388957867296 - timing_per_token_ms/update_actor:0.348416746240419 - timing_per_token_ms/gen:2.3139329615109117 - perf/total_num_tokens:5651 - perf/time_per_step:9.21177837101277 - perf/throughput:613.4537515342668 - training/num_turns/mean:np.float64(2.0) - training/num_turns/max:np.int64(2) - training/num_turns/min:np.int64(2) - training/off_policy/trajectory_spans/mean:np.float64(1.0) - training/off_policy/trajectory_spans/max:np.float64(1.0) - training/off_policy/trajectory_spans/min:np.float64(1.0) - training/off_policy/trajectory_staleness/mean:np.float64(0.0) - training/off_policy/trajectory_staleness/max:np.float64(0.0) - training/off_policy/trajectory_staleness/min:np.float64(0.0) - training/off_policy/trajectory_staleness_worst/mean:np.float64(0.0) - training/off_policy/trajectory_staleness_worst/max:np.float64(0.0) - training/off_policy/trajectory_staleness_worst/min:np.float64(0.0)[36m(TaskRunnerV1 pid=997342)[0m Training Progress:  34%|███▍      | 43/125 [07:12<13:09,  9.63s/it]
[36m(WorkerDict pid=998593)[0m INFO:2026-07-05 14:36:43,204:update_weights done, time cost: 0.35s
[36m(TaskRunnerV1 pid=997342)[0m Training Progress:  35%|███▌      | 44/125 [07:21<12:47,  9.48s/it]
[36m(WorkerDict pid=998593)[0m INFO:2026-07-05 14:36:53,514:update_weights done, time cost: 0.39s
[36m(TaskRunnerV1 pid=997342)[0m Training Progress:  36%|███▌      | 45/125 [07:31<12:59,  9.74s/it]
[36m(WorkerDict pid=998593)[0m INFO:2026-07-05 14:37:03,527:update_weights done, time cost: 0.34s

[36m(TaskRunnerV1 pid=997342)[0m step:44 - global_seqlen/min:4452 - global_seqlen/max:4452 - global_seqlen/minmax_diff:0 - global_seqlen/balanced_min:4452 - global_seqlen/balanced_max:4452 - global_seqlen/mean:4452.0 - actor/entropy:1.037710189819336 - training/rollout_probs_diff_valid:1 - training/rollout_probs_diff_max:0.06217080354690552 - training/rollout_probs_diff_mean:0.005563403479754925 - training/rollout_probs_diff_std:0.008966358378529549 - training/rollout_actor_probs_pearson_corr:0.9995929598808289 - rollout_corr/training_ppl:1.1431434154510498 - rollout_corr/training_log_ppl:0.08183041214942932 - rollout_corr/kl:0.0005073744105175138 - rollout_corr/k3_kl:0.0007796055870130658 - rollout_corr/rollout_ppl:1.1428099870681763 - rollout_corr/rollout_log_ppl:0.08177605271339417 - rollout_corr/log_ppl_diff:5.436345236375928e-05 - rollout_corr/log_ppl_abs_diff:0.0015878119738772511 - rollout_corr/log_ppl_diff_max:0.022755280137062073 - rollout_corr/log_ppl_diff_min:-0.022963151335716248 - rollout_corr/ppl_ratio:1.000065565109253 - rollout_corr/chi2_token:0.002100229263305664 - rollout_corr/chi2_seq:-0.005383849143981934 - actor/pg_clipfrac:np.float64(0.0) - actor/ppo_kl:np.float64(0.0) - actor/pg_clipfrac_lower:np.float64(0.0) - actor/pg_loss:np.float64(-0.3950694501399994) - actor/loss:np.float64(-0.3950694501399994) - actor/grad_norm:np.float64(0.6096048951148987) - actor/lr:np.float64(1e-06) - actor/perf/max_memory_allocated_gb:np.float64(18.28952407836914) - actor/perf/max_memory_reserved_gb:np.float64(30.51171875) - actor/perf/cpu_memory_used_gb:np.float64(32.76203155517578) - perf/mfu/actor:np.float64(0.03048749989959169) - training/global_step:44 - training/epoch:0 - critic/score/mean:0.33515623211860657 - critic/score/max:1.0333333015441895 - critic/score/min:-0.0416666679084301 - critic/rewards/mean:0.33515623211860657 - critic/rewards/max:1.0333333015441895 - critic/rewards/min:-0.0416666679084301 - critic/advantages/mean:0.3950693905353546 - critic/advantages/max:2.474867105484009 - critic/advantages/min:-1.2289024591445923 - critic/returns/mean:0.3950693905353546 - critic/returns/max:2.474867105484009 - critic/returns/min:-1.2289024591445923 - response_length/mean:30.875 - response_length/max:395.0 - response_length/min:4.0 - response_length/clip_ratio:0.03125 - response_length_non_aborted/mean:30.875 - response_length_non_aborted/max:395.0 - response_length_non_aborted/min:4.0 - response_length_non_aborted/clip_ratio:0.03125 - response/aborted_ratio:0.0 - prompt_length/mean:102.25 - prompt_length/max:106.0 - prompt_length/min:99.0 - prompt_length/clip_ratio:0.25 - timing_s/gen:4.423830915009603 - timing_s/old_log_prob:1.0757831869996153 - timing_s/adv:0.2361235209973529 - timing_s/update_actor:1.8896659709862433 - timing_s/update_weights:0.99925032799365 - timing_s/step:8.977596385986544 - timing_per_token_ms/adv:0.053037628256368576 - timing_per_token_ms/update_actor:0.4244532729079612 - timing_per_token_ms/gen:4.081024829344652 - perf/total_num_tokens:4452 - perf/time_per_step:8.977596385986544 - perf/throughput:495.90110855833177 - training/num_turns/mean:np.float64(2.0) - training/num_turns/max:np.int64(2) - training/num_turns/min:np.int64(2) - training/off_policy/trajectory_spans/mean:np.float64(1.0) - training/off_policy/trajectory_spans/max:np.float64(1.0) - training/off_policy/trajectory_spans/min:np.float64(1.0) - training/off_policy/trajectory_staleness/mean:np.float64(0.0) - training/off_policy/trajectory_staleness/max:np.float64(0.0) - training/off_policy/trajectory_staleness/min:np.float64(0.0) - training/off_policy/trajectory_staleness_worst/mean:np.float64(0.0) - training/off_policy/trajectory_staleness_worst/max:np.float64(0.0) - training/off_policy/trajectory_staleness_worst/min:np.float64(0.0)
[36m(TaskRunnerV1 pid=997342)[0m step:45 - global_seqlen/min:8729 - global_seqlen/max:8729 - global_seqlen/minmax_diff:0 - global_seqlen/balanced_min:8729 - global_seqlen/balanced_max:8729 - global_seqlen/mean:8729.0 - actor/entropy:0.8029775619506836 - training/rollout_probs_diff_valid:1 - training/rollout_probs_diff_max:0.06217518448829651 - training/rollout_probs_diff_mean:0.0052484613843262196 - training/rollout_probs_diff_std:0.008860412985086441 - training/rollout_actor_probs_pearson_corr:0.9995775818824768 - rollout_corr/training_ppl:1.2050764560699463 - rollout_corr/training_log_ppl:0.12760494649410248 - rollout_corr/kl:-0.00048200946184806526 - rollout_corr/k3_kl:0.0006384587613865733 - rollout_corr/rollout_ppl:1.2078001499176025 - rollout_corr/rollout_log_ppl:0.12941904366016388 - rollout_corr/log_ppl_diff:-0.0018140897154808044 - rollout_corr/log_ppl_abs_diff:0.0021831931080669165 - rollout_corr/log_ppl_diff_max:0.013189852237701416 - rollout_corr/log_ppl_diff_min:-0.0479198694229126 - rollout_corr/ppl_ratio:0.9982103705406189 - rollout_corr/chi2_token:0.0035163164138793945 - rollout_corr/chi2_seq:0.07247936725616455 - actor/pg_clipfrac:np.float64(0.0) - actor/ppo_kl:np.float64(0.0) - actor/pg_clipfrac_lower:np.float64(0.0) - actor/pg_loss:np.float64(0.06140570342540741) - actor/loss:np.float64(0.06140570342540741) - actor/grad_norm:np.float64(0.19745591282844543) - actor/lr:np.float64(1e-06) - actor/perf/max_memory_allocated_gb:np.float64(18.28952407836914) - actor/perf/max_memory_reserved_gb:np.float64(30.51171875) - actor/perf/cpu_memory_used_gb:np.float64(32.791996002197266) - perf/mfu/actor:np.float64(0.04093024946711408) - training/global_step:45 - training/epoch:0 - critic/score/mean:0.17682291567325592 - critic/score/max:1.0416666269302368 - critic/score/min:-0.05833333358168602 - critic/rewards/mean:0.17682291567325592 - critic/rewards/max:1.0416666269302368 - critic/rewards/min:-0.05833333358168602 - critic/advantages/mean:-0.0614057295024395 - critic/advantages/max:2.4748666286468506 - critic/advantages/min:-1.507417917251587 - critic/returns/mean:-0.0614057295024395 - critic/returns/max:2.4748666286468506 - critic/returns/min:-1.507417917251587 - response_length/mean:125.28125 - response_length/max:512.0 - response_length/min:4.0 - response_length/clip_ratio:0.03125 - response_length_non_aborted/mean:125.28125 - response_length_non_aborted/max:512.0 - response_length_non_aborted/min:4.0 - response_length_non_aborted/clip_ratio:0.03125 - response/aborted_ratio:0.0 - prompt_length/mean:141.5 - prompt_length/max:228.0 - prompt_length/min:101.0 - prompt_length/clip_ratio:0.25 - timing_s/gen:4.440662977984175 - timing_s/old_log_prob:1.3503796129953116 - timing_s/adv:0.23837766103679314 - timing_s/update_actor:2.6118577120359987 - timing_s/update_weights:1.1547899239812978 - timing_s/step:10.20170788699761 - timing_per_token_ms/adv:0.027308702146499386 - timing_per_token_ms/update_actor:0.29921614297582755 - timing_per_token_ms/gen:1.081769300361553 - perf/total_num_tokens:8729 - perf/time_per_step:10.20170788699761 - perf/throughput:855.6410452729565 - training/num_turns/mean:np.float64(2.0) - training/num_turns/max:np.int64(2) - training/num_turns/min:np.int64(2) - training/off_policy/trajectory_spans/mean:np.float64(1.0) - training/off_policy/trajectory_spans/max:np.float64(1.0) - training/off_policy/trajectory_spans/min:np.float64(1.0) - training/off_policy/trajectory_staleness/mean:np.float64(0.0) - training/off_policy/trajectory_staleness/max:np.float64(0.0) - training/off_policy/trajectory_staleness/min:np.float64(0.0) - training/off_policy/trajectory_staleness_worst/mean:np.float64(0.0) - training/off_policy/trajectory_staleness_worst/max:np.float64(0.0) - training/off_policy/trajectory_staleness_worst/min:np.float64(0.0)
[36m(TaskRunnerV1 pid=997342)[0m step:46 - global_seqlen/min:8153 - global_seqlen/max:8153 - global_seqlen/minmax_diff:0 - global_seqlen/balanced_min:8153 - global_seqlen/balanced_max:8153 - global_seqlen/mean:8153.0 - actor/entropy:0.8359556198120117 - training/rollout_probs_diff_valid:1 - training/rollout_probs_diff_max:0.062175750732421875 - training/rollout_probs_diff_mean:0.005225330591201782 - training/rollout_probs_diff_std:0.008667286485433578 - training/rollout_actor_probs_pearson_corr:0.9995948672294617 - rollout_corr/training_ppl:4.161247730255127 - rollout_corr/training_log_ppl:0.18824487924575806 - rollout_corr/kl:8.789731509750709e-05 - rollout_corr/k3_kl:0.0006305128918029368 - rollout_corr/rollout_ppl:4.09999418258667 - rollout_corr/rollout_log_ppl:0.18803445994853973 - rollout_corr/log_ppl_diff:0.00021040113642811775 - rollout_corr/log_ppl_abs_diff:0.0025057215243577957 - rollout_corr/log_ppl_diff_max:0.045917510986328125 - rollout_corr/log_ppl_diff_min:-0.028078794479370117 - rollout_corr/ppl_ratio:1.0002361536026 - rollout_corr/chi2_token:0.0023469924926757812 - rollout_corr/chi2_seq:0.27700912952423096 - actor/pg_clipfrac:np.float64(0.0) - actor/ppo_kl:np.float64(0.0) - actor/pg_clipfrac_lower:np.float64(0.0) - actor/pg_loss:np.float64(-0.07730060070753098) - actor/loss:np.float64(-0.07730060070753098) - actor/grad_norm:np.float64(0.1812158077955246) - actor/lr:np.float64(1e-06) - actor/perf/max_memory_allocated_gb:np.float64(18.28952407836914) - actor/perf/max_memory_reserved_gb:np.float64(30.51171875) - actor/perf/cpu_memory_used_gb:np.float64(32.79555130004883) - perf/mfu/actor:np.float64(0.041749196778292516) - training/global_step:46 - training/epoch:0 - critic/score/mean:0.3226562440395355 - critic/score/max:1.0750000476837158 - critic/score/min:-0.06666667014360428 - critic/rewards/mean:0.3226562440395355 - critic/rewards/max:1.0750000476837158 - critic/rewards/min:-0.06666667014360428 - critic/advantages/mean:0.07730056345462799 - critic/advantages/max:2.472484588623047 - critic/advantages/min:-0.8522220253944397 - critic/returns/mean:0.07730056345462799 - critic/returns/max:2.472484588623047 - critic/returns/min:-0.8522220253944397 - response_length/mean:123.28125 - response_length/max:512.0 - response_length/min:3.0 - response_length/clip_ratio:0.09375 - response_length_non_aborted/mean:123.28125 - response_length_non_aborted/max:512.0 - response_length_non_aborted/min:3.0 - response_length_non_aborted/clip_ratio:0.09375 - response/aborted_ratio:0.0 - prompt_length/mean:125.5 - prompt_length/max:167.0 - prompt_length/min:95.0 - prompt_length/clip_ratio:0.25 - timing_s/gen:4.415268949989695 - timing_s/old_log_prob:1.3092391500249505 - timing_s/adv:0.24186466104583815 - timing_s/update_actor:2.4164284340222366 - timing_s/update_weights:1.0586601059767418 - timing_s/step:9.837142091011629 - timing_per_token_ms/adv:0.0296657256280925 - timing_per_token_ms/update_actor:0.29638518754105686 - timing_per_token_ms/gen:1.0926179039816122 - perf/total_num_tokens:8153 - perf/time_per_step:9.837142091011629 - perf/throughput:828.7976248151931 - training/num_turns/mean:np.float64(2.0) - training/num_turns/max:np.int64(2) - training/num_turns/min:np.int64(2) - training/off_policy/trajectory_spans/mean:np.float64(1.0) - training/off_policy/trajectory_spans/max:np.float64(1.0) - training/off_policy/trajectory_spans/min:np.float64(1.0) - training/off_policy/trajectory_staleness/mean:np.float64(0.0) - training/off_policy/trajectory_staleness/max:np.float64(0.0) - training/off_policy/trajectory_staleness/min:np.float64(0.0) - training/off_policy/trajectory_staleness_worst/mean:np.float64(0.0) - training/off_policy/trajectory_staleness_worst/max:np.float64(0.0) - training/off_policy/trajectory_staleness_worst/min:np.float64(0.0)[36m(TaskRunnerV1 pid=997342)[0m Training Progress:  37%|███▋      | 46/125 [07:41<12:54,  9.81s/it]
[36m(WorkerDict pid=998593)[0m INFO:2026-07-05 14:37:13,196:update_weights done, time cost: 0.40s
[36m(TaskRunnerV1 pid=997342)[0m Training Progress:  38%|███▊      | 47/125 [07:51<12:42,  9.78s/it]
[36m(WorkerDict pid=998593)[0m INFO:2026-07-05 14:37:22,836:update_weights done, time cost: 0.38s
[36m(TransferQueueController pid=997550)[0m 2026-07-05 14:37:23,057 - INFO - transfer_queue.utils.perf_utils - TQ_CONTROLLER_83d5afc3: [Performance] Total success requests: 5080, Total req/min: 1007.00, Total avg process time: 0.0008s; 
[36m(TransferQueueController pid=997550)[0m Time range: last 5.04 minutes; 
[36m(TransferQueueController pid=997550)[0m Per-operation statistics: KV_RETRIEVE_META: req_count=1949, req/min=386.35, avg_time=0.001866s, max_time=0.013180s, min_time=0.000226s; CLEAR_META: req_count=62, req/min=12.29, avg_time=0.000938s, max_time=0.002186s, min_time=0.000358s; SET_CUSTOM_META: req_count=1735, req/min=343.93, avg_time=0.000042s, max_time=0.000351s, min_time=0.000012s; KV_LIST: req_count=96, req/min=19.03, avg_time=0.000093s, max_time=0.000314s, min_time=0.000054s; NOTIFY_DATA_UPDATE: req_count=1208, req/min=239.46, avg_time=0.000373s, max_time=0.001264s, min_time=0.000116s; KV_RETRIEVE_KEYS: req_count=30, req/min=5.95, avg_time=0.000116s, max_time=0.000140s, min_time=0.000043s
[36m(SimpleStorageUnit pid=997619)[0m Per-operation statistics: PUT_DATA: req_count=255, req/min=50.80, avg_time=0.009067s, max_time=0.014146s, min_time=0.002277s; GET_DATA: req_count=164, req/min=32.67, avg_time=0.011078s, max_time=0.014684s, min_time=0.002702s; CLEAR_DATA: req_count=40, req/min=7.97, avg_time=0.011487s, max_time=0.013913s, min_time=0.008263s
[36m(SimpleStorageUnit pid=997624)[0m Per-operation statistics: PUT_DATA: req_count=261, req/min=51.99, avg_time=0.008869s, max_time=0.016402s, min_time=0.002383s; CLEAR_DATA: req_count=46, req/min=9.16, avg_time=0.010560s, max_time=0.012549s, min_time=0.007943s; GET_DATA: req_count=154, req/min=30.67, avg_time=0.010920s, max_time=0.014258s, min_time=0.002232s
[36m(TaskRunnerV1 pid=997342)[0m Training Progress:  38%|███▊      | 48/125 [08:01<12:29,  9.74s/it]
[36m(WorkerDict pid=998593)[0m INFO:2026-07-05 14:37:32,435:update_weights done, time cost: 0.38s
[36m(SimpleStorageUnit pid=997622)[0m 2026-07-05 14:37:23,085 - INFO - transfer_queue.utils.perf_utils - TQ_STORAGE_UNIT_bf827d3b: [Performance] Total success requests: 467, Total req/min: 93.04, Total avg process time: 0.0102s; [32m [repeated 8x across cluster][0m
[36m(SimpleStorageUnit pid=997622)[0m Time range: last 5.02 minutes; [32m [repeated 8x across cluster][0m
[36m(SimpleStorageUnit pid=997622)[0m Per-operation statistics: PUT_DATA: req_count=257, req/min=51.20, avg_time=0.009243s, max_time=0.013893s, min_time=0.004216s; GET_DATA: req_count=160, req/min=31.88, avg_time=0.011487s, max_time=0.015135s, min_time=0.002927s; CLEAR_DATA: req_count=50, req/min=9.96, avg_time=0.011315s, max_time=0.013808s, min_time=0.008616s[32m [repeated 3x across cluster][0m
[36m(SimpleStorageUnit pid=997621)[0m Per-operation statistics: PUT_DATA: req_count=252, req/min=50.19, avg_time=0.009176s, max_time=0.016326s, min_time=0.006769s; CLEAR_DATA: req_count=49, req/min=9.76, avg_time=0.010777s, max_time=0.015372s, min_time=0.005130s; GET_DATA: req_count=154, req/min=30.67, avg_time=0.011465s, max_time=0.014430s, min_time=0.004595s[32m [repeated 3x across cluster][0m

[36m(TaskRunnerV1 pid=997342)[0m step:47 - global_seqlen/min:6933 - global_seqlen/max:6933 - global_seqlen/minmax_diff:0 - global_seqlen/balanced_min:6933 - global_seqlen/balanced_max:6933 - global_seqlen/mean:6933.0 - actor/entropy:0.5854644775390625 - training/rollout_probs_diff_valid:1 - training/rollout_probs_diff_max:0.05969959497451782 - training/rollout_probs_diff_mean:0.004323518835008144 - training/rollout_probs_diff_std:0.008196652866899967 - training/rollout_actor_probs_pearson_corr:0.9996041655540466 - rollout_corr/training_ppl:1.167496919631958 - rollout_corr/training_log_ppl:0.10022532939910889 - rollout_corr/kl:-0.0006733735790476203 - rollout_corr/k3_kl:0.0005266735097393394 - rollout_corr/rollout_ppl:1.168216586112976 - rollout_corr/rollout_log_ppl:0.10111355781555176 - rollout_corr/log_ppl_diff:-0.0008882315596565604 - rollout_corr/log_ppl_abs_diff:0.0022697222884744406 - rollout_corr/log_ppl_diff_max:0.023925036191940308 - rollout_corr/log_ppl_diff_min:-0.03198954463005066 - rollout_corr/ppl_ratio:0.9991335868835449 - rollout_corr/chi2_token:0.003464341163635254 - rollout_corr/chi2_seq:0.06070089340209961 - actor/pg_clipfrac:np.float64(0.0) - actor/ppo_kl:np.float64(0.0) - actor/pg_clipfrac_lower:np.float64(0.0) - actor/pg_loss:np.float64(-0.02196735516190529) - actor/loss:np.float64(-0.02196735516190529) - actor/grad_norm:np.float64(0.1897350251674652) - actor/lr:np.float64(1e-06) - actor/perf/max_memory_allocated_gb:np.float64(18.28952407836914) - actor/perf/max_memory_reserved_gb:np.float64(30.51171875) - actor/perf/cpu_memory_used_gb:np.float64(32.78842544555664) - perf/mfu/actor:np.float64(0.040485084841363074) - training/global_step:47 - training/epoch:0 - critic/score/mean:0.20546874403953552 - critic/score/max:1.0499999523162842 - critic/score/min:-0.07500000298023224 - critic/rewards/mean:0.20546874403953552 - critic/rewards/max:1.0499999523162842 - critic/rewards/min:-0.07500000298023224 - critic/advantages/mean:0.021967360749840736 - critic/advantages/max:1.6887972354888916 - critic/advantages/min:-2.4745936393737793 - critic/returns/mean:0.021967360749840736 - critic/returns/max:1.6887972354888916 - critic/returns/min:-2.4745936393737793 - response_length/mean:85.65625 - response_length/max:512.0 - response_length/min:4.0 - response_length/clip_ratio:0.09375 - response_length_non_aborted/mean:85.65625 - response_length_non_aborted/max:512.0 - response_length_non_aborted/min:4.0 - response_length_non_aborted/clip_ratio:0.09375 - response/aborted_ratio:0.0 - prompt_length/mean:125.0 - prompt_length/max:133.0 - prompt_length/min:114.0 - prompt_length/clip_ratio:0.25 - timing_s/gen:4.431030529958662 - timing_s/old_log_prob:1.2020638579851948 - timing_s/adv:0.2395528140477836 - timing_s/update_actor:2.149987951037474 - timing_s/update_weights:1.154371969983913 - timing_s/step:9.570131760963704 - timing_per_token_ms/adv:0.03455254782169099 - timing_per_token_ms/update_actor:0.31010932511718936 - timing_per_token_ms/gen:1.5618718822554323 - perf/total_num_tokens:6933 - perf/time_per_step:9.570131760963704 - perf/throughput:724.4414364574906 - training/num_turns/mean:np.float64(2.0) - training/num_turns/max:np.int64(2) - training/num_turns/min:np.int64(2) - training/off_policy/trajectory_spans/mean:np.float64(1.0) - training/off_policy/trajectory_spans/max:np.float64(1.0) - training/off_policy/trajectory_spans/min:np.float64(1.0) - training/off_policy/trajectory_staleness/mean:np.float64(0.0) - training/off_policy/trajectory_staleness/max:np.float64(0.0) - training/off_policy/trajectory_staleness/min:np.float64(0.0) - training/off_policy/trajectory_staleness_worst/mean:np.float64(0.0) - training/off_policy/trajectory_staleness_worst/max:np.float64(0.0) - training/off_policy/trajectory_staleness_worst/min:np.float64(0.0)
[36m(TaskRunnerV1 pid=997342)[0m step:48 - global_seqlen/min:6595 - global_seqlen/max:6595 - global_seqlen/minmax_diff:0 - global_seqlen/balanced_min:6595 - global_seqlen/balanced_max:6595 - global_seqlen/mean:6595.0 - actor/entropy:0.8762204051017761 - training/rollout_probs_diff_valid:1 - training/rollout_probs_diff_max:0.05868661403656006 - training/rollout_probs_diff_mean:0.005217097699642181 - training/rollout_probs_diff_std:0.00874871201813221 - training/rollout_actor_probs_pearson_corr:0.9996115565299988 - rollout_corr/training_ppl:1.2529700994491577 - rollout_corr/training_log_ppl:0.14800867438316345 - rollout_corr/kl:5.368108759284951e-05 - rollout_corr/k3_kl:0.0006815355736762285 - rollout_corr/rollout_ppl:1.2524666786193848 - rollout_corr/rollout_log_ppl:0.14766260981559753 - rollout_corr/log_ppl_diff:0.0003460673615336418 - rollout_corr/log_ppl_abs_diff:0.002384517341852188 - rollout_corr/log_ppl_diff_max:0.04267597198486328 - rollout_corr/log_ppl_diff_min:-0.02978217601776123 - rollout_corr/ppl_ratio:1.0003691911697388 - rollout_corr/chi2_token:0.0026215314865112305 - rollout_corr/chi2_seq:0.09013748168945312 - actor/pg_clipfrac:np.float64(0.0) - actor/ppo_kl:np.float64(0.0) - actor/pg_clipfrac_lower:np.float64(0.0) - actor/pg_loss:np.float64(0.31754249334335327) - actor/loss:np.float64(0.31754249334335327) - actor/grad_norm:np.float64(0.19916535913944244) - actor/lr:np.float64(1e-06) - actor/perf/max_memory_allocated_gb:np.float64(18.28952407836914) - actor/perf/max_memory_reserved_gb:np.float64(30.51171875) - actor/perf/cpu_memory_used_gb:np.float64(32.790409088134766) - perf/mfu/actor:np.float64(0.03919643124293218) - training/global_step:48 - training/epoch:0 - critic/score/mean:0.3046875 - critic/score/max:1.024999976158142 - critic/score/min:-0.0416666679084301 - critic/rewards/mean:0.3046875 - critic/rewards/max:1.024999976158142 - critic/rewards/min:-0.0416666679084301 - critic/advantages/mean:-0.31754249334335327 - critic/advantages/max:1.6465866565704346 - critic/advantages/min:-1.2342678308486938 - critic/returns/mean:-0.31754249334335327 - critic/returns/max:1.6465866565704346 - critic/returns/min:-1.2342678308486938 - response_length/mean:82.59375 - response_length/max:512.0 - response_length/min:4.0 - response_length/clip_ratio:0.0625 - response_length_non_aborted/mean:82.59375 - response_length_non_aborted/max:512.0 - response_length_non_aborted/min:4.0 - response_length_non_aborted/clip_ratio:0.0625 - response/aborted_ratio:0.0 - prompt_length/mean:117.5 - prompt_length/max:152.0 - prompt_length/min:95.0 - prompt_length/clip_ratio:0.25 - timing_s/gen:4.434892475022934 - timing_s/old_log_prob:1.1804522519814782 - timing_s/adv:0.24042585701681674 - timing_s/update_actor:2.1296660309890285 - timing_s/update_weights:1.0638601619866677 - timing_s/step:9.460006445995532 - timing_per_token_ms/adv:0.03645577816782665 - timing_per_token_ms/update_actor:0.3229213087170627 - timing_per_token_ms/gen:1.619164832063868 - perf/total_num_tokens:6595 - perf/time_per_step:9.460006445995532 - perf/throughput:697.1454023471301 - training/num_turns/mean:np.float64(2.0) - training/num_turns/max:np.int64(2) - training/num_turns/min:np.int64(2) - training/off_policy/trajectory_spans/mean:np.float64(1.0) - training/off_policy/trajectory_spans/max:np.float64(1.0) - training/off_policy/trajectory_spans/min:np.float64(1.0) - training/off_policy/trajectory_staleness/mean:np.float64(0.0) - training/off_policy/trajectory_staleness/max:np.float64(0.0) - training/off_policy/trajectory_staleness/min:np.float64(0.0) - training/off_policy/trajectory_staleness_worst/mean:np.float64(0.0) - training/off_policy/trajectory_staleness_worst/max:np.float64(0.0) - training/off_policy/trajectory_staleness_worst/min:np.float64(0.0)
[36m(TaskRunnerV1 pid=997342)[0m step:49 - global_seqlen/min:6630 - global_seqlen/max:6630 - global_seqlen/minmax_diff:0 - global_seqlen/balanced_min:6630 - global_seqlen/balanced_max:6630 - global_seqlen/mean:6630.0 - actor/entropy:0.8892760276794434 - training/rollout_probs_diff_valid:1 - training/rollout_probs_diff_max:0.06346827745437622 - training/rollout_probs_diff_mean:0.005123990587890148 - training/rollout_probs_diff_std:0.008613447658717632 - training/rollout_actor_probs_pearson_corr:0.9996240139007568 - rollout_corr/training_ppl:1.2253401279449463 - rollout_corr/training_log_ppl:0.13950234651565552 - rollout_corr/kl:0.0011684162309393287 - rollout_corr/k3_kl:0.0007188617601059377 - rollout_corr/rollout_ppl:1.225957989692688 - rollout_corr/rollout_log_ppl:0.1401144117116928 - rollout_corr/log_ppl_diff:-0.0006120684556663036 - rollout_corr/log_ppl_abs_diff:0.002856823382899165 - rollout_corr/log_ppl_diff_max:0.032685279846191406 - rollout_corr/log_ppl_diff_min:-0.03353509306907654 - rollout_corr/ppl_ratio:0.9994181990623474 - rollout_corr/chi2_token:0.0005296468734741211 - rollout_corr/chi2_seq:-0.005903005599975586 - actor/pg_clipfrac:np.float64(0.0) - actor/ppo_kl:np.float64(0.0) - actor/pg_clipfrac_lower:np.float64(0.0) - actor/pg_loss:np.float64(-0.08805224299430847) - actor/loss:np.float64(-0.08805224299430847) - actor/grad_norm:np.float64(0.1997782438993454) - actor/lr:np.float64(1e-06) - actor/perf/max_memory_allocated_gb:np.float64(18.28952407836914) - actor/perf/max_memory_reserved_gb:np.float64(30.51171875) - actor/perf/cpu_memory_used_gb:np.float64(32.78850173950195) - perf/mfu/actor:np.float64(0.039398452532116254) - training/global_step:49 - training/epoch:0 - critic/score/mean:0.40156251192092896 - critic/score/max:1.0499999523162842 - critic/score/min:-0.09166666865348816 - critic/rewards/mean:0.40156251192092896 - critic/rewards/max:1.0499999523162842 - critic/rewards/min:-0.09166666865348816 - critic/advantages/mean:0.08805226534605026 - critic/advantages/max:1.6454757452011108 - critic/advantages/min:-1.704978346824646 - critic/returns/mean:0.08805226534605026 - critic/returns/max:1.6454757452011108 - critic/returns/min:-1.704978346824646 - response_length/mean:99.6875 - response_length/max:467.0 - response_length/min:4.0 - response_length/clip_ratio:0.03125 - response_length_non_aborted/mean:99.6875 - response_length_non_aborted/max:467.0 - response_length_non_aborted/min:4.0 - response_length_non_aborted/clip_ratio:0.03125 - response/aborted_ratio:0.0 - prompt_length/mean:101.5 - prompt_length/max:114.0 - prompt_length/min:90.0 - prompt_length/clip_ratio:0.25 - timing_s/gen:4.424306978995446 - timing_s/old_log_prob:1.1682667350396514 - timing_s/adv:0.23877233103848994 - timing_s/update_actor:2.1219448049669154 - timing_s/update_weights:1.0980044979951344 - timing_s/step:9.464294127014 - timing_per_token_ms/adv:0.03601392625014931 - timing_per_token_ms/update_actor:0.3200520067823402 - timing_per_token_ms/gen:1.3464111317697645 - perf/total_num_tokens:6630 - perf/time_per_step:9.464294127014 - perf/throughput:700.527679193311 - training/num_turns/mean:np.float64(2.0) - training/num_turns/max:np.int64(2) - training/num_turns/min:np.int64(2) - training/off_policy/trajectory_spans/mean:np.float64(1.0) - training/off_policy/trajectory_spans/max:np.float64(1.0) - training/off_policy/trajectory_spans/min:np.float64(1.0) - training/off_policy/trajectory_staleness/mean:np.float64(0.0) - training/off_policy/trajectory_staleness/max:np.float64(0.0) - training/off_policy/trajectory_staleness/min:np.float64(0.0) - training/off_policy/trajectory_staleness_worst/mean:np.float64(0.0) - training/off_policy/trajectory_staleness_worst/max:np.float64(0.0) - training/off_policy/trajectory_staleness_worst/min:np.float64(0.0)[36m(TaskRunnerV1 pid=997342)[0m Training Progress:  39%|███▉      | 49/125 [08:10<12:16,  9.70s/it]
[36m(WorkerDict pid=998593)[0m INFO:2026-07-05 14:37:42,302:update_weights done, time cost: 0.37s
[36m(TaskRunnerV1 pid=997342)[0m Training Progress:  40%|████      | 50/125 [08:31<16:08, 12.91s/it]
[36m(WorkerDict pid=998593)[0m INFO:2026-07-05 14:38:02,574:update_weights done, time cost: 0.39s

[36m(TaskRunnerV1 pid=997342)[0m Dumped generations to /data2/hjk/projects/AI-HiddenState-ER/rl_audit/mathverse_text_qwen25_1p5b_grpo_c_option_gain_formal_seed42/validation_generations/50.jsonl
[36m(TaskRunnerV1 pid=997342)[0m step:50 - global_seqlen/min:7803 - global_seqlen/max:7803 - global_seqlen/minmax_diff:0 - global_seqlen/balanced_min:7803 - global_seqlen/balanced_max:7803 - global_seqlen/mean:7803.0 - actor/entropy:0.7567824125289917 - training/rollout_probs_diff_valid:1 - training/rollout_probs_diff_max:0.0799979567527771 - training/rollout_probs_diff_mean:0.005083300638943911 - training/rollout_probs_diff_std:0.00923241302371025 - training/rollout_actor_probs_pearson_corr:0.9995478987693787 - rollout_corr/training_ppl:1.185998558998108 - rollout_corr/training_log_ppl:0.12091521918773651 - rollout_corr/kl:0.001093028811737895 - rollout_corr/k3_kl:0.0006628627306781709 - rollout_corr/rollout_ppl:1.1869555711746216 - rollout_corr/rollout_log_ppl:0.12145419418811798 - rollout_corr/log_ppl_diff:-0.0005389865254983306 - rollout_corr/log_ppl_abs_diff:0.0028485043440014124 - rollout_corr/log_ppl_diff_max:0.024298250675201416 - rollout_corr/log_ppl_diff_min:-0.05656695365905762 - rollout_corr/ppl_ratio:0.9994915127754211 - rollout_corr/chi2_token:0.0004622936248779297 - rollout_corr/chi2_seq:-0.012643992900848389 - actor/pg_clipfrac:np.float64(0.0) - actor/ppo_kl:np.float64(0.0) - actor/pg_clipfrac_lower:np.float64(0.0) - actor/pg_loss:np.float64(0.6889176368713379) - actor/loss:np.float64(0.6889176368713379) - actor/grad_norm:np.float64(0.24371132254600525) - actor/lr:np.float64(1e-06) - actor/perf/max_memory_allocated_gb:np.float64(18.28952407836914) - actor/perf/max_memory_reserved_gb:np.float64(30.51171875) - actor/perf/cpu_memory_used_gb:np.float64(32.802040100097656) - perf/mfu/actor:np.float64(0.04132883284148785) - val-aux/MathVerseTextA0Clean/reward/mean@1:np.float64(0.43710936489515007) - val-aux/MathVerseTextA0Clean/score/mean@1:np.float64(0.4371093750000001) - val-core/MathVerseTextA0Clean/acc/mean@1:np.float64(0.4375) - val-aux/MathVerseTextA0Clean/answer_reward/mean@1:np.float64(0.4375) - val-aux/MathVerseTextA0Clean/parsed_answer/mean@1:np.float64(1.0) - val-aux/MathVerseTextA0Clean/option_logit_gain/mean@1:np.float64(-0.0019531249999999972) - val-aux/MathVerseTextA0Clean/option_bonus/mean@1:np.float64(-0.0003906250000000007) - val-aux/MathVerseTextA0Clean/option_margin_start/mean@1:np.float64(-0.16015625) - val-aux/MathVerseTextA0Clean/option_margin_end/mean@1:np.float64(-0.1474609375) - val-aux/MathVerseTextA0Clean/option_margin_delta/mean@1:np.float64(0.0126953125) - val-aux/MathVerseTextA0Clean/option_probe_count/mean@1:np.float64(4.0) - val-aux/MathVerseTextA0Clean/option_probe_failed/mean@1:np.float64(0.0) - val-aux/num_turns/min:np.int64(2) - val-aux/num_turns/max:np.int64(2) - val-aux/num_turns/mean:np.float64(2.0) - training/global_step:50 - training/epoch:0 - critic/score/mean:0.58203125 - critic/score/max:1.0666667222976685 - critic/score/min:-0.10000000149011612 - critic/rewards/mean:0.58203125 - critic/rewards/max:1.0666667222976685 - critic/rewards/min:-0.10000000149011612 - critic/advantages/mean:-0.6889176368713379 - critic/advantages/max:1.2058851718902588 - critic/advantages/min:-2.472968816757202 - critic/returns/mean:-0.6889176368713379 - critic/returns/max:1.2058851718902588 - critic/returns/min:-2.472968816757202 - response_length/mean:107.59375 - response_length/max:512.0 - response_length/min:4.0 - response_length/clip_ratio:0.03125 - response_length_non_aborted/mean:107.59375 - response_length_non_aborted/max:512.0 - response_length_non_aborted/min:4.0 - response_length_non_aborted/clip_ratio:0.03125 - response/aborted_ratio:0.0 - prompt_length/mean:130.25 - prompt_length/max:167.0 - prompt_length/min:108.0 - prompt_length/clip_ratio:0.25 - timing_s/gen:4.424521744018421 - timing_s/old_log_prob:1.2480084639973938 - timing_s/adv:0.24435787001857534 - timing_s/update_actor:2.3497990980395116 - timing_s/update_weights:1.1273225430049933 - timing_s/step:9.729344056977425 - timing_s/testing:10.54192209901521 - timing_per_token_ms/adv:0.03131588748155521 - timing_per_token_ms/update_actor:0.301140471362234 - timing_per_token_ms/gen:1.2502180683861035 - perf/total_num_tokens:7803 - perf/time_per_step:9.729344056977425 - perf/throughput:802.0067904170845 - training/num_turns/mean:np.float64(2.0) - training/num_turns/max:np.int64(2) - training/num_turns/min:np.int64(2) - training/off_policy/trajectory_spans/mean:np.float64(1.0) - training/off_policy/trajectory_spans/max:np.float64(1.0) - training/off_policy/trajectory_spans/min:np.float64(1.0) - training/off_policy/trajectory_staleness/mean:np.float64(0.0) - training/off_policy/trajectory_staleness/max:np.float64(0.0) - training/off_policy/trajectory_staleness/min:np.float64(0.0) - training/off_policy/trajectory_staleness_worst/mean:np.float64(0.0) - training/off_policy/trajectory_staleness_worst/max:np.float64(0.0) - training/off_policy/trajectory_staleness_worst/min:np.float64(0.0)
[36m(TaskRunnerV1 pid=997342)[0m step:51 - global_seqlen/min:6876 - global_seqlen/max:6876 - global_seqlen/minmax_diff:0 - global_seqlen/balanced_min:6876 - global_seqlen/balanced_max:6876 - global_seqlen/mean:6876.0 - actor/entropy:0.7752138376235962 - training/rollout_probs_diff_valid:1 - training/rollout_probs_diff_max:0.07689487934112549 - training/rollout_probs_diff_mean:0.0050661321729421616 - training/rollout_probs_diff_std:0.009123016148805618 - training/rollout_actor_probs_pearson_corr:0.9995639324188232 - rollout_corr/training_ppl:1.2194792032241821 - rollout_corr/training_log_ppl:0.12290257215499878 - rollout_corr/kl:0.0008964763837866485 - rollout_corr/k3_kl:0.00061655486933887 - rollout_corr/rollout_ppl:1.2178964614868164 - rollout_corr/rollout_log_ppl:0.12162339687347412 - rollout_corr/log_ppl_diff:0.0012791668996214867 - rollout_corr/log_ppl_abs_diff:0.0019857368897646666 - rollout_corr/log_ppl_diff_max:0.03517669439315796 - rollout_corr/log_ppl_diff_min:-0.012227892875671387 - rollout_corr/ppl_ratio:1.0012962818145752 - rollout_corr/chi2_token:0.0006657838821411133 - rollout_corr/chi2_seq:0.006166934967041016 - actor/pg_clipfrac:np.float64(0.0) - actor/ppo_kl:np.float64(0.0) - actor/pg_clipfrac_lower:np.float64(0.0) - actor/pg_loss:np.float64(0.06644333899021149) - actor/loss:np.float64(0.06644333899021149) - actor/grad_norm:np.float64(0.19927529990673065) - actor/lr:np.float64(1e-06) - actor/perf/max_memory_allocated_gb:np.float64(18.28952407836914) - actor/perf/max_memory_reserved_gb:np.float64(30.51171875) - actor/perf/cpu_memory_used_gb:np.float64(32.8108024597168) - perf/mfu/actor:np.float64(0.04011334034728227) - training/global_step:51 - training/epoch:0 - critic/score/mean:0.33984375 - critic/score/max:1.0833333730697632 - critic/score/min:-0.05000000074505806 - critic/rewards/mean:0.33984375 - critic/rewards/max:1.0833333730697632 - critic/rewards/min:-0.05000000074505806 - critic/advantages/mean:-0.0664433017373085 - critic/advantages/max:2.4743001461029053 - critic/advantages/min:-1.6638063192367554 - critic/returns/mean:-0.0664433017373085 - critic/returns/max:2.4743001461029053 - critic/returns/min:-1.6638063192367554 - response_length/mean:102.625 - response_length/max:415.0 - response_length/min:4.0 - response_length/clip_ratio:0.03125 - response_length_non_aborted/mean:102.625 - response_length_non_aborted/max:415.0 - response_length_non_aborted/min:4.0 - response_length_non_aborted/clip_ratio:0.03125 - response/aborted_ratio:0.0 - prompt_length/mean:106.25 - prompt_length/max:120.0 - prompt_length/min:92.0 - prompt_length/clip_ratio:0.25 - timing_s/gen:4.488808710011654 - timing_s/old_log_prob:1.1845473729772493 - timing_s/adv:0.24304869101615623 - timing_s/update_actor:2.1597808920196258 - timing_s/update_weights:1.106661519035697 - timing_s/step:9.580472533998545 - timing_per_token_ms/adv:0.03534739543574116 - timing_per_token_ms/update_actor:0.31410426003775826 - timing_per_token_ms/gen:1.3280499142046311 - perf/total_num_tokens:6876 - perf/time_per_step:9.580472533998545 - perf/throughput:717.7099016357395 - training/num_turns/mean:np.float64(2.0) - training/num_turns/max:np.int64(2) - training/num_turns/min:np.int64(2) - training/off_policy/trajectory_spans/mean:np.float64(1.0) - training/off_policy/trajectory_spans/max:np.float64(1.0) - training/off_policy/trajectory_spans/min:np.float64(1.0) - training/off_policy/trajectory_staleness/mean:np.float64(0.0) - training/off_policy/trajectory_staleness/max:np.float64(0.0) - training/off_policy/trajectory_staleness/min:np.float64(0.0) - training/off_policy/trajectory_staleness_worst/mean:np.float64(0.0) - training/off_policy/trajectory_staleness_worst/max:np.float64(0.0) - training/off_policy/trajectory_staleness_worst/min:np.float64(0.0)[36m(TaskRunnerV1 pid=997342)[0m Training Progress:  41%|████      | 51/125 [08:40<14:44, 11.95s/it]
[36m(WorkerDict pid=998593)[0m INFO:2026-07-05 14:38:12,002:update_weights done, time cost: 0.35s
[36m(TaskRunnerV1 pid=997342)[0m Training Progress:  42%|████▏     | 52/125 [08:50<13:36, 11.19s/it]
[36m(WorkerDict pid=998593)[0m INFO:2026-07-05 14:38:21,792:update_weights done, time cost: 0.40s
[36m(TaskRunnerV1 pid=997342)[0m Training Progress:  42%|████▏     | 53/125 [09:00<12:56, 10.78s/it]
[36m(WorkerDict pid=998593)[0m INFO:2026-07-05 14:38:31,774:update_weights done, time cost: 0.35s

[36m(TaskRunnerV1 pid=997342)[0m step:52 - global_seqlen/min:5913 - global_seqlen/max:5913 - global_seqlen/minmax_diff:0 - global_seqlen/balanced_min:5913 - global_seqlen/balanced_max:5913 - global_seqlen/mean:5913.0 - actor/entropy:0.4899596869945526 - training/rollout_probs_diff_valid:1 - training/rollout_probs_diff_max:0.062315285205841064 - training/rollout_probs_diff_mean:0.004587222822010517 - training/rollout_probs_diff_std:0.008895418606698513 - training/rollout_actor_probs_pearson_corr:0.9994811415672302 - rollout_corr/training_ppl:1.1002051830291748 - rollout_corr/training_log_ppl:0.07758837193250656 - rollout_corr/kl:-0.00023413453891407698 - rollout_corr/k3_kl:0.00046337966341525316 - rollout_corr/rollout_ppl:1.1020092964172363 - rollout_corr/rollout_log_ppl:0.07905933260917664 - rollout_corr/log_ppl_diff:-0.0014709543902426958 - rollout_corr/log_ppl_abs_diff:0.002214523497968912 - rollout_corr/log_ppl_diff_max:0.012363910675048828 - rollout_corr/log_ppl_diff_min:-0.038433223962783813 - rollout_corr/ppl_ratio:0.99854975938797 - rollout_corr/chi2_token:0.0023202896118164062 - rollout_corr/chi2_seq:0.028530240058898926 - actor/pg_clipfrac:np.float64(0.0) - actor/ppo_kl:np.float64(0.0) - actor/pg_clipfrac_lower:np.float64(0.0) - actor/pg_loss:np.float64(-0.09958738088607788) - actor/loss:np.float64(-0.09958738088607788) - actor/grad_norm:np.float64(0.26428887248039246) - actor/lr:np.float64(1e-06) - actor/perf/max_memory_allocated_gb:np.float64(18.28952407836914) - actor/perf/max_memory_reserved_gb:np.float64(30.51171875) - actor/perf/cpu_memory_used_gb:np.float64(32.80743408203125) - perf/mfu/actor:np.float64(0.037023283192313794) - training/global_step:52 - training/epoch:0 - critic/score/mean:0.22057291865348816 - critic/score/max:0.9916666746139526 - critic/score/min:-0.05833333358168602 - critic/rewards/mean:0.22057291865348816 - critic/rewards/max:0.9916666746139526 - critic/rewards/min:-0.05833333358168602 - critic/advantages/mean:0.09958741068840027 - critic/advantages/max:2.4748666286468506 - critic/advantages/min:-0.9470686316490173 - critic/returns/mean:0.09958741068840027 - critic/returns/max:2.4748666286468506 - critic/returns/min:-0.9470686316490173 - response_length/mean:71.03125 - response_length/max:512.0 - response_length/min:4.0 - response_length/clip_ratio:0.0625 - response_length_non_aborted/mean:71.03125 - response_length_non_aborted/max:512.0 - response_length_non_aborted/min:4.0 - response_length_non_aborted/clip_ratio:0.0625 - response/aborted_ratio:0.0 - prompt_length/mean:107.75 - prompt_length/max:137.0 - prompt_length/min:83.0 - prompt_length/clip_ratio:0.25 - timing_s/gen:4.418246628949419 - timing_s/old_log_prob:1.1459877589950338 - timing_s/adv:0.242114324006252 - timing_s/update_actor:2.024670238024555 - timing_s/update_weights:1.0330715219606645 - timing_s/step:9.266744063992519 - timing_per_token_ms/adv:0.04094610586948283 - timing_per_token_ms/update_actor:0.3424099844452148 - timing_per_token_ms/gen:1.865026014752815 - perf/total_num_tokens:5913 - perf/time_per_step:9.266744063992519 - perf/throughput:638.0881957208626 - training/num_turns/mean:np.float64(2.0) - training/num_turns/max:np.int64(2) - training/num_turns/min:np.int64(2) - training/off_policy/trajectory_spans/mean:np.float64(1.0) - training/off_policy/trajectory_spans/max:np.float64(1.0) - training/off_policy/trajectory_spans/min:np.float64(1.0) - training/off_policy/trajectory_staleness/mean:np.float64(0.0) - training/off_policy/trajectory_staleness/max:np.float64(0.0) - training/off_policy/trajectory_staleness/min:np.float64(0.0) - training/off_policy/trajectory_staleness_worst/mean:np.float64(0.0) - training/off_policy/trajectory_staleness_worst/max:np.float64(0.0) - training/off_policy/trajectory_staleness_worst/min:np.float64(0.0)
[36m(TaskRunnerV1 pid=997342)[0m step:53 - global_seqlen/min:7262 - global_seqlen/max:7262 - global_seqlen/minmax_diff:0 - global_seqlen/balanced_min:7262 - global_seqlen/balanced_max:7262 - global_seqlen/mean:7262.0 - actor/entropy:0.8246865272521973 - training/rollout_probs_diff_valid:1 - training/rollout_probs_diff_max:0.062186747789382935 - training/rollout_probs_diff_mean:0.005340645555406809 - training/rollout_probs_diff_std:0.008718573488295078 - training/rollout_actor_probs_pearson_corr:0.999597430229187 - rollout_corr/training_ppl:1.2317626476287842 - rollout_corr/training_log_ppl:0.14671862125396729 - rollout_corr/kl:0.00026914774207398295 - rollout_corr/k3_kl:0.0006805034354329109 - rollout_corr/rollout_ppl:1.2334719896316528 - rollout_corr/rollout_log_ppl:0.14799344539642334 - rollout_corr/log_ppl_diff:-0.0012748370645567775 - rollout_corr/log_ppl_abs_diff:0.0020443368703126907 - rollout_corr/log_ppl_diff_max:0.013130038976669312 - rollout_corr/log_ppl_diff_min:-0.03384861350059509 - rollout_corr/ppl_ratio:0.9987448453903198 - rollout_corr/chi2_token:0.002192378044128418 - rollout_corr/chi2_seq:0.00889134407043457 - actor/pg_clipfrac:np.float64(0.0) - actor/ppo_kl:np.float64(0.0) - actor/pg_clipfrac_lower:np.float64(0.0) - actor/pg_loss:np.float64(-0.26165178418159485) - actor/loss:np.float64(-0.26165178418159485) - actor/grad_norm:np.float64(0.2002156525850296) - actor/lr:np.float64(1e-06) - actor/perf/max_memory_allocated_gb:np.float64(18.28952407836914) - actor/perf/max_memory_reserved_gb:np.float64(30.51171875) - actor/perf/cpu_memory_used_gb:np.float64(32.819034576416016) - perf/mfu/actor:np.float64(0.040440376971225545) - training/global_step:53 - training/epoch:0 - critic/score/mean:0.2057291567325592 - critic/score/max:1.0499999523162842 - critic/score/min:-0.07500000298023224 - critic/rewards/mean:0.2057291567325592 - critic/rewards/max:1.0499999523162842 - critic/rewards/min:-0.07500000298023224 - critic/advantages/mean:0.26165181398391724 - critic/advantages/max:1.6545875072479248 - critic/advantages/min:-0.8082819581031799 - critic/returns/mean:0.26165181398391724 - critic/returns/max:1.6545875072479248 - critic/returns/min:-0.8082819581031799 - response_length/mean:117.1875 - response_length/max:492.0 - response_length/min:4.0 - response_length/clip_ratio:0.03125 - response_length_non_aborted/mean:117.1875 - response_length_non_aborted/max:492.0 - response_length_non_aborted/min:4.0 - response_length_non_aborted/clip_ratio:0.03125 - response/aborted_ratio:0.0 - prompt_length/mean:103.75 - prompt_length/max:122.0 - prompt_length/min:85.0 - prompt_length/clip_ratio:0.25 - timing_s/gen:4.421413471980486 - timing_s/old_log_prob:1.211934644030407 - timing_s/adv:0.2398709290428087 - timing_s/update_actor:2.256699894031044 - timing_s/update_weights:1.1371270110248588 - timing_s/step:9.67451759398682 - timing_per_token_ms/adv:0.03303097342919426 - timing_per_token_ms/update_actor:0.310754598462 - timing_per_token_ms/gen:1.1496134872544166 - perf/total_num_tokens:7262 - perf/time_per_step:9.67451759398682 - perf/throughput:750.6317425598237 - training/num_turns/mean:np.float64(2.0) - training/num_turns/max:np.int64(2) - training/num_turns/min:np.int64(2) - training/off_policy/trajectory_spans/mean:np.float64(1.0) - training/off_policy/trajectory_spans/max:np.float64(1.0) - training/off_policy/trajectory_spans/min:np.float64(1.0) - training/off_policy/trajectory_staleness/mean:np.float64(0.0) - training/off_policy/trajectory_staleness/max:np.float64(0.0) - training/off_policy/trajectory_staleness/min:np.float64(0.0) - training/off_policy/trajectory_staleness_worst/mean:np.float64(0.0) - training/off_policy/trajectory_staleness_worst/max:np.float64(0.0) - training/off_policy/trajectory_staleness_worst/min:np.float64(0.0)
[36m(TaskRunnerV1 pid=997342)[0m step:54 - global_seqlen/min:8112 - global_seqlen/max:8112 - global_seqlen/minmax_diff:0 - global_seqlen/balanced_min:8112 - global_seqlen/balanced_max:8112 - global_seqlen/mean:8112.0 - actor/entropy:0.5500573515892029 - training/rollout_probs_diff_valid:1 - training/rollout_probs_diff_max:0.07342243194580078 - training/rollout_probs_diff_mean:0.004344758577644825 - training/rollout_probs_diff_std:0.008146599866449833 - training/rollout_actor_probs_pearson_corr:0.999598503112793 - rollout_corr/training_ppl:1.1389063596725464 - rollout_corr/training_log_ppl:0.10144740343093872 - rollout_corr/kl:0.000797102868091315 - rollout_corr/k3_kl:0.0005187318311072886 - rollout_corr/rollout_ppl:1.1379637718200684 - rollout_corr/rollout_log_ppl:0.10089906305074692 - rollout_corr/log_ppl_diff:0.0005483482964336872 - rollout_corr/log_ppl_abs_diff:0.0021690912544727325 - rollout_corr/log_ppl_diff_max:0.03183168172836304 - rollout_corr/log_ppl_diff_min:-0.02720177173614502 - rollout_corr/ppl_ratio:1.0005671977996826 - rollout_corr/chi2_token:0.0004712343215942383 - rollout_corr/chi2_seq:0.005042433738708496 - actor/pg_clipfrac:np.float64(0.0) - actor/ppo_kl:np.float64(0.0) - actor/pg_clipfrac_lower:np.float64(0.0) - actor/pg_loss:np.float64(0.11639390885829926) - actor/loss:np.float64(0.11639390885829926) - actor/grad_norm:np.float64(0.18196898698806763) - actor/lr:np.float64(1e-06) - actor/perf/max_memory_allocated_gb:np.float64(18.28952407836914) - actor/perf/max_memory_reserved_gb:np.float64(30.51171875) - actor/perf/cpu_memory_used_gb:np.float64(32.81509017944336) - perf/mfu/actor:np.float64(0.041687114186528866) - training/global_step:54 - training/epoch:0 - critic/score/mean:0.3973958492279053 - critic/score/max:1.0083333253860474 - critic/score/min:-0.02500000037252903 - critic/rewards/mean:0.3973958492279053 - critic/rewards/max:1.0083333253860474 - critic/rewards/min:-0.02500000037252903 - critic/advantages/mean:-0.11639395356178284 - critic/advantages/max:2.4731695652008057 - critic/advantages/min:-2.4748666286468506 - critic/returns/mean:-0.11639395356178284 - critic/returns/max:2.4731695652008057 - critic/returns/min:-2.4748666286468506 - response_length/mean:120.5 - response_length/max:512.0 - response_length/min:4.0 - response_length/clip_ratio:0.15625 - response_length_non_aborted/mean:120.5 - response_length_non_aborted/max:512.0 - response_length_non_aborted/min:4.0 - response_length_non_aborted/clip_ratio:0.15625 - response/aborted_ratio:0.0 - prompt_length/mean:127.0 - prompt_length/max:161.0 - prompt_length/min:97.0 - prompt_length/clip_ratio:0.25 - timing_s/gen:4.440549907973036 - timing_s/old_log_prob:1.2791662919917144 - timing_s/adv:0.2415088179986924 - timing_s/update_actor:2.3710417490219697 - timing_s/update_weights:1.0796150579699315 - timing_s/step:9.807969327957835 - timing_per_token_ms/adv:0.02977179709056859 - timing_per_token_ms/update_actor:0.2922881840510318 - timing_per_token_ms/gen:1.123620928130829 - perf/total_num_tokens:8112 - perf/time_per_step:9.807969327957835 - perf/throughput:827.0825212387812 - training/num_turns/mean:np.float64(2.0) - training/num_turns/max:np.int64(2) - training/num_turns/min:np.int64(2) - training/off_policy/trajectory_spans/mean:np.float64(1.0) - training/off_policy/trajectory_spans/max:np.float64(1.0) - training/off_policy/trajectory_spans/min:np.float64(1.0) - training/off_policy/trajectory_staleness/mean:np.float64(0.0) - training/off_policy/trajectory_staleness/max:np.float64(0.0) - training/off_policy/trajectory_staleness/min:np.float64(0.0) - training/off_policy/trajectory_staleness_worst/mean:np.float64(0.0) - training/off_policy/trajectory_staleness_worst/max:np.float64(0.0) - training/off_policy/trajectory_staleness_worst/min:np.float64(0.0)[36m(TaskRunnerV1 pid=997342)[0m Training Progress:  43%|████▎     | 54/125 [09:10<12:27, 10.53s/it]
[36m(WorkerDict pid=998593)[0m INFO:2026-07-05 14:38:41,813:update_weights done, time cost: 0.39s
[36m(TaskRunnerV1 pid=997342)[0m Training Progress:  44%|████▍     | 55/125 [09:20<12:07, 10.39s/it]
[36m(WorkerDict pid=998593)[0m INFO:2026-07-05 14:38:50,930:update_weights done, time cost: 0.35s
[36m(TaskRunnerV1 pid=997342)[0m Training Progress:  45%|████▍     | 56/125 [09:29<11:29,  9.99s/it]
[36m(WorkerDict pid=998593)[0m INFO:2026-07-05 14:39:01,360:update_weights done, time cost: 0.36s

[36m(TaskRunnerV1 pid=997342)[0m step:55 - global_seqlen/min:8164 - global_seqlen/max:8164 - global_seqlen/minmax_diff:0 - global_seqlen/balanced_min:8164 - global_seqlen/balanced_max:8164 - global_seqlen/mean:8164.0 - actor/entropy:0.5590677857398987 - training/rollout_probs_diff_valid:1 - training/rollout_probs_diff_max:0.06471243500709534 - training/rollout_probs_diff_mean:0.004484639037400484 - training/rollout_probs_diff_std:0.008603678084909916 - training/rollout_actor_probs_pearson_corr:0.9995517730712891 - rollout_corr/training_ppl:1.1554203033447266 - rollout_corr/training_log_ppl:0.11483050882816315 - rollout_corr/kl:0.0005197704886086285 - rollout_corr/k3_kl:0.0005295820301398635 - rollout_corr/rollout_ppl:1.1565834283828735 - rollout_corr/rollout_log_ppl:0.11574617773294449 - rollout_corr/log_ppl_diff:-0.0009156627347692847 - rollout_corr/log_ppl_abs_diff:0.002411295659840107 - rollout_corr/log_ppl_diff_max:0.0239676833152771 - rollout_corr/log_ppl_diff_min:-0.03894960880279541 - rollout_corr/ppl_ratio:0.9991086721420288 - rollout_corr/chi2_token:0.0010660886764526367 - rollout_corr/chi2_seq:0.005888104438781738 - actor/pg_clipfrac:np.float64(0.0) - actor/ppo_kl:np.float64(0.0) - actor/pg_clipfrac_lower:np.float64(0.0) - actor/pg_loss:np.float64(0.4115496575832367) - actor/loss:np.float64(0.4115496575832367) - actor/grad_norm:np.float64(0.1488807648420334) - actor/lr:np.float64(1e-06) - actor/perf/max_memory_allocated_gb:np.float64(18.28952407836914) - actor/perf/max_memory_reserved_gb:np.float64(30.51171875) - actor/perf/cpu_memory_used_gb:np.float64(32.82169723510742) - perf/mfu/actor:np.float64(0.04159793515482898) - training/global_step:55 - training/epoch:0 - critic/score/mean:0.4763020873069763 - critic/score/max:1.0666667222976685 - critic/score/min:-0.05000000074505806 - critic/rewards/mean:0.4763020873069763 - critic/rewards/max:1.0666667222976685 - critic/rewards/min:-0.05000000074505806 - critic/advantages/mean:-0.4115495979785919 - critic/advantages/max:2.4720425605773926 - critic/advantages/min:-1.6377394199371338 - critic/returns/mean:-0.4115495979785919 - critic/returns/max:2.4720425605773926 - critic/returns/min:-1.6377394199371338 - response_length/mean:123.125 - response_length/max:512.0 - response_length/min:4.0 - response_length/clip_ratio:0.125 - response_length_non_aborted/mean:123.125 - response_length_non_aborted/max:512.0 - response_length_non_aborted/min:4.0 - response_length_non_aborted/clip_ratio:0.125 - response/aborted_ratio:0.0 - prompt_length/mean:126.0 - prompt_length/max:152.0 - prompt_length/min:94.0 - prompt_length/clip_ratio:0.25 - timing_s/gen:4.421289499034174 - timing_s/old_log_prob:1.2883707389701158 - timing_s/adv:0.24505836400203407 - timing_s/update_actor:2.425209994020406 - timing_s/update_weights:1.1458822670392692 - timing_s/step:9.933239901962224 - timing_per_token_ms/adv:0.03001694806492333 - timing_per_token_ms/update_actor:0.29706148873351373 - timing_per_token_ms/gen:1.0954632059053948 - perf/total_num_tokens:8164 - perf/time_per_step:9.933239901962224 - perf/throughput:821.8869251700318 - training/num_turns/mean:np.float64(2.0) - training/num_turns/max:np.int64(2) - training/num_turns/min:np.int64(2) - training/off_policy/trajectory_spans/mean:np.float64(1.0) - training/off_policy/trajectory_spans/max:np.float64(1.0) - training/off_policy/trajectory_spans/min:np.float64(1.0) - training/off_policy/trajectory_staleness/mean:np.float64(0.0) - training/off_policy/trajectory_staleness/max:np.float64(0.0) - training/off_policy/trajectory_staleness/min:np.float64(0.0) - training/off_policy/trajectory_staleness_worst/mean:np.float64(0.0) - training/off_policy/trajectory_staleness_worst/max:np.float64(0.0) - training/off_policy/trajectory_staleness_worst/min:np.float64(0.0)
[36m(TaskRunnerV1 pid=997342)[0m step:56 - global_seqlen/min:4333 - global_seqlen/max:4333 - global_seqlen/minmax_diff:0 - global_seqlen/balanced_min:4333 - global_seqlen/balanced_max:4333 - global_seqlen/mean:4333.0 - actor/entropy:0.6323188543319702 - training/rollout_probs_diff_valid:1 - training/rollout_probs_diff_max:0.06401330232620239 - training/rollout_probs_diff_mean:0.005675267893821001 - training/rollout_probs_diff_std:0.010177006013691425 - training/rollout_actor_probs_pearson_corr:0.9993663430213928 - rollout_corr/training_ppl:1.1134696006774902 - rollout_corr/training_log_ppl:0.08156584948301315 - rollout_corr/kl:-0.00015511162928305566 - rollout_corr/k3_kl:0.0006439546123147011 - rollout_corr/rollout_ppl:1.1166174411773682 - rollout_corr/rollout_log_ppl:0.0836518406867981 - rollout_corr/log_ppl_diff:-0.0020859851501882076 - rollout_corr/log_ppl_abs_diff:0.0031356520485132933 - rollout_corr/log_ppl_diff_max:0.017932653427124023 - rollout_corr/log_ppl_diff_min:-0.05722394585609436 - rollout_corr/ppl_ratio:0.9979627728462219 - rollout_corr/chi2_token:0.0029163360595703125 - rollout_corr/chi2_seq:0.01154470443725586 - actor/pg_clipfrac:np.float64(0.0) - actor/ppo_kl:np.float64(0.0) - actor/pg_clipfrac_lower:np.float64(0.0) - actor/pg_loss:np.float64(0.9792163372039795) - actor/loss:np.float64(0.9792163372039795) - actor/grad_norm:np.float64(0.6868086457252502) - actor/lr:np.float64(1e-06) - actor/perf/max_memory_allocated_gb:np.float64(18.28952407836914) - actor/perf/max_memory_reserved_gb:np.float64(30.51171875) - actor/perf/cpu_memory_used_gb:np.float64(32.80260467529297) - perf/mfu/actor:np.float64(0.03055285640063144) - training/global_step:56 - training/epoch:0 - critic/score/mean:0.2979166805744171 - critic/score/max:1.0333333015441895 - critic/score/min:-0.07500000298023224 - critic/rewards/mean:0.2979166805744171 - critic/rewards/max:1.0333333015441895 - critic/rewards/min:-0.07500000298023224 - critic/advantages/mean:-0.979216456413269 - critic/advantages/max:2.4748666286468506 - critic/advantages/min:-1.637123942375183 - critic/returns/mean:-0.979216456413269 - critic/returns/max:2.4748666286468506 - critic/returns/min:-1.637123942375183 - response_length/mean:18.40625 - response_length/max:201.0 - response_length/min:4.0 - response_length/clip_ratio:0.03125 - response_length_non_aborted/mean:18.40625 - response_length_non_aborted/max:201.0 - response_length_non_aborted/min:4.0 - response_length_non_aborted/clip_ratio:0.03125 - response/aborted_ratio:0.0 - prompt_length/mean:111.0 - prompt_length/max:152.0 - prompt_length/min:86.0 - prompt_length/clip_ratio:0.25 - timing_s/gen:4.4169086489710025 - timing_s/old_log_prob:1.0599771619890817 - timing_s/adv:0.23656848300015554 - timing_s/update_actor:1.8302911619539373 - timing_s/update_weights:0.9806395519990474 - timing_s/step:8.927891390048899 - timing_per_token_ms/adv:0.05459692660977511 - timing_per_token_ms/update_actor:0.42240737640293957 - timing_per_token_ms/gen:6.448041823315332 - perf/total_num_tokens:4333 - perf/time_per_step:8.927891390048899 - perf/throughput:485.3329650525988 - training/num_turns/mean:np.float64(2.0) - training/num_turns/max:np.int64(2) - training/num_turns/min:np.int64(2) - training/off_policy/trajectory_spans/mean:np.float64(1.0) - training/off_policy/trajectory_spans/max:np.float64(1.0) - training/off_policy/trajectory_spans/min:np.float64(1.0) - training/off_policy/trajectory_staleness/mean:np.float64(0.0) - training/off_policy/trajectory_staleness/max:np.float64(0.0) - training/off_policy/trajectory_staleness/min:np.float64(0.0) - training/off_policy/trajectory_staleness_worst/mean:np.float64(0.0) - training/off_policy/trajectory_staleness_worst/max:np.float64(0.0) - training/off_policy/trajectory_staleness_worst/min:np.float64(0.0)
[36m(TaskRunnerV1 pid=997342)[0m step:57 - global_seqlen/min:9264 - global_seqlen/max:9264 - global_seqlen/minmax_diff:0 - global_seqlen/balanced_min:9264 - global_seqlen/balanced_max:9264 - global_seqlen/mean:9264.0 - actor/entropy:0.7152577042579651 - training/rollout_probs_diff_valid:1 - training/rollout_probs_diff_max:0.080103799700737 - training/rollout_probs_diff_mean:0.004874298349022865 - training/rollout_probs_diff_std:0.008525790646672249 - training/rollout_actor_probs_pearson_corr:0.9995960593223572 - rollout_corr/training_ppl:1.170326828956604 - rollout_corr/training_log_ppl:0.11935567855834961 - rollout_corr/kl:0.0004042061045765877 - rollout_corr/k3_kl:0.0006324758869595826 - rollout_corr/rollout_ppl:1.169051170349121 - rollout_corr/rollout_log_ppl:0.11893659085035324 - rollout_corr/log_ppl_diff:0.00041908782441169024 - rollout_corr/log_ppl_abs_diff:0.0028118279296904802 - rollout_corr/log_ppl_diff_max:0.08498138189315796 - rollout_corr/log_ppl_diff_min:-0.023931562900543213 - rollout_corr/ppl_ratio:1.000470757484436 - rollout_corr/chi2_token:0.0017186403274536133 - rollout_corr/chi2_seq:0.05192267894744873 - actor/pg_clipfrac:np.float64(0.0) - actor/ppo_kl:np.float64(0.0) - actor/pg_clipfrac_lower:np.float64(0.0) - actor/pg_loss:np.float64(0.032346535474061966) - actor/loss:np.float64(0.032346535474061966) - actor/grad_norm:np.float64(0.17823286354541779) - actor/lr:np.float64(1e-06) - actor/perf/max_memory_allocated_gb:np.float64(18.28952407836914) - actor/perf/max_memory_reserved_gb:np.float64(30.51171875) - actor/perf/cpu_memory_used_gb:np.float64(32.839630126953125) - perf/mfu/actor:np.float64(0.04139990916545361) - training/global_step:57 - training/epoch:0 - critic/score/mean:0.22968749701976776 - critic/score/max:1.0416666269302368 - critic/score/min:-0.10000000149011612 - critic/rewards/mean:0.22968749701976776 - critic/rewards/max:1.0416666269302368 - critic/rewards/min:-0.10000000149011612 - critic/advantages/mean:-0.03234652802348137 - critic/advantages/max:2.459500789642334 - critic/advantages/min:-0.912011444568634 - critic/returns/mean:-0.03234652802348137 - critic/returns/max:2.459500789642334 - critic/returns/min:-0.912011444568634 - response_length/mean:160.5 - response_length/max:512.0 - response_length/min:4.0 - response_length/clip_ratio:0.0625 - response_length_non_aborted/mean:160.5 - response_length_non_aborted/max:512.0 - response_length_non_aborted/min:4.0 - response_length_non_aborted/clip_ratio:0.0625 - response/aborted_ratio:0.0 - prompt_length/mean:123.0 - prompt_length/max:164.0 - prompt_length/min:81.0 - prompt_length/clip_ratio:0.25 - timing_s/gen:4.444109043979552 - timing_s/old_log_prob:1.3853784290258773 - timing_s/adv:0.23973849101457745 - timing_s/update_actor:2.727306156011764 - timing_s/update_weights:1.108782063005492 - timing_s/step:10.307483883982059 - timing_per_token_ms/adv:0.025878507233870623 - timing_per_token_ms/update_actor:0.29439833290282424 - timing_per_token_ms/gen:0.8494092209441039 - perf/total_num_tokens:9264 - perf/time_per_step:10.307483883982059 - perf/throughput:898.7644418630967 - training/num_turns/mean:np.float64(2.0) - training/num_turns/max:np.int64(2) - training/num_turns/min:np.int64(2) - training/off_policy/trajectory_spans/mean:np.float64(1.0) - training/off_policy/trajectory_spans/max:np.float64(1.0) - training/off_policy/trajectory_spans/min:np.float64(1.0) - training/off_policy/trajectory_staleness/mean:np.float64(0.0) - training/off_policy/trajectory_staleness/max:np.float64(0.0) - training/off_policy/trajectory_staleness/min:np.float64(0.0) - training/off_policy/trajectory_staleness_worst/mean:np.float64(0.0) - training/off_policy/trajectory_staleness_worst/max:np.float64(0.0) - training/off_policy/trajectory_staleness_worst/min:np.float64(0.0)[36m(TaskRunnerV1 pid=997342)[0m Training Progress:  46%|████▌     | 57/125 [09:39<11:28, 10.13s/it]
[36m(WorkerDict pid=998593)[0m INFO:2026-07-05 14:39:11,907:update_weights done, time cost: 0.41s
[36m(TaskRunnerV1 pid=997342)[0m Training Progress:  46%|████▋     | 58/125 [09:50<11:27, 10.26s/it]
[36m(WorkerDict pid=998593)[0m INFO:2026-07-05 14:39:22,531:update_weights done, time cost: 0.35s
[36m(TaskRunnerV1 pid=997342)[0m Training Progress:  47%|████▋     | 59/125 [10:00<11:23, 10.36s/it]
[36m(WorkerDict pid=998593)[0m INFO:2026-07-05 14:39:31,957:update_weights done, time cost: 0.38s

[36m(TaskRunnerV1 pid=997342)[0m step:58 - global_seqlen/min:8604 - global_seqlen/max:8604 - global_seqlen/minmax_diff:0 - global_seqlen/balanced_min:8604 - global_seqlen/balanced_max:8604 - global_seqlen/mean:8604.0 - actor/entropy:0.810387372970581 - training/rollout_probs_diff_valid:1 - training/rollout_probs_diff_max:0.07546311616897583 - training/rollout_probs_diff_mean:0.005509514827281237 - training/rollout_probs_diff_std:0.00918879546225071 - training/rollout_actor_probs_pearson_corr:0.9995368123054504 - rollout_corr/training_ppl:1.2700434923171997 - rollout_corr/training_log_ppl:0.15092076361179352 - rollout_corr/kl:0.0009445869363844395 - rollout_corr/k3_kl:0.0006576585583388805 - rollout_corr/rollout_ppl:1.2672218084335327 - rollout_corr/rollout_log_ppl:0.1492069959640503 - rollout_corr/log_ppl_diff:0.0017137547256425023 - rollout_corr/log_ppl_abs_diff:0.0025374586693942547 - rollout_corr/log_ppl_diff_max:0.04628726840019226 - rollout_corr/log_ppl_diff_min:-0.01299816370010376 - rollout_corr/ppl_ratio:1.0017476081848145 - rollout_corr/chi2_token:0.0007385015487670898 - rollout_corr/chi2_seq:0.048111677169799805 - actor/pg_clipfrac:np.float64(0.0) - actor/ppo_kl:np.float64(0.0) - actor/pg_clipfrac_lower:np.float64(0.0) - actor/pg_loss:np.float64(-0.3998948931694031) - actor/loss:np.float64(-0.3998948931694031) - actor/grad_norm:np.float64(0.19354714453220367) - actor/lr:np.float64(1e-06) - actor/perf/max_memory_allocated_gb:np.float64(18.28952407836914) - actor/perf/max_memory_reserved_gb:np.float64(30.51171875) - actor/perf/cpu_memory_used_gb:np.float64(32.8401985168457) - perf/mfu/actor:np.float64(0.04095497820414009) - training/global_step:58 - training/epoch:0 - critic/score/mean:0.23619788885116577 - critic/score/max:1.100000023841858 - critic/score/min:-0.06666667014360428 - critic/rewards/mean:0.23619788885116577 - critic/rewards/max:1.100000023841858 - critic/rewards/min:-0.06666667014360428 - critic/advantages/mean:0.3998948037624359 - critic/advantages/max:2.462675094604492 - critic/advantages/min:-0.9876716732978821 - critic/returns/mean:0.3998948037624359 - critic/returns/max:2.462675094604492 - critic/returns/min:-0.9876716732978821 - response_length/mean:144.125 - response_length/max:512.0 - response_length/min:4.0 - response_length/clip_ratio:0.03125 - response_length_non_aborted/mean:144.125 - response_length_non_aborted/max:512.0 - response_length_non_aborted/min:4.0 - response_length_non_aborted/clip_ratio:0.03125 - response/aborted_ratio:0.0 - prompt_length/mean:118.75 - prompt_length/max:142.0 - prompt_length/min:110.0 - prompt_length/clip_ratio:0.25 - timing_s/gen:4.4295505349873565 - timing_s/old_log_prob:1.3118377110222355 - timing_s/adv:0.23629802704090253 - timing_s/update_actor:2.5714580179774202 - timing_s/update_weights:1.172590347006917 - timing_s/step:10.441946162027307 - timing_per_token_ms/adv:0.02746374093920299 - timing_per_token_ms/update_actor:0.2988677380261995 - timing_per_token_ms/gen:0.9408561034382661 - perf/total_num_tokens:8604 - perf/time_per_step:10.441946162027307 - perf/throughput:823.9843288302811 - training/num_turns/mean:np.float64(2.0) - training/num_turns/max:np.int64(2) - training/num_turns/min:np.int64(2) - training/off_policy/trajectory_spans/mean:np.float64(1.0) - training/off_policy/trajectory_spans/max:np.float64(1.0) - training/off_policy/trajectory_spans/min:np.float64(1.0) - training/off_policy/trajectory_staleness/mean:np.float64(0.0) - training/off_policy/trajectory_staleness/max:np.float64(0.0) - training/off_policy/trajectory_staleness/min:np.float64(0.0) - training/off_policy/trajectory_staleness_worst/mean:np.float64(0.0) - training/off_policy/trajectory_staleness_worst/max:np.float64(0.0) - training/off_policy/trajectory_staleness_worst/min:np.float64(0.0)
[36m(TaskRunnerV1 pid=997342)[0m step:59 - global_seqlen/min:9662 - global_seqlen/max:9662 - global_seqlen/minmax_diff:0 - global_seqlen/balanced_min:9662 - global_seqlen/balanced_max:9662 - global_seqlen/mean:9662.0 - actor/entropy:0.5921117067337036 - training/rollout_probs_diff_valid:1 - training/rollout_probs_diff_max:0.06221100687980652 - training/rollout_probs_diff_mean:0.004710903391242027 - training/rollout_probs_diff_std:0.008676130324602127 - training/rollout_actor_probs_pearson_corr:0.9995478391647339 - rollout_corr/training_ppl:1.2094979286193848 - rollout_corr/training_log_ppl:0.1337512880563736 - rollout_corr/kl:0.00034495056024752557 - rollout_corr/k3_kl:0.0005632943939417601 - rollout_corr/rollout_ppl:1.2123327255249023 - rollout_corr/rollout_log_ppl:0.13557742536067963 - rollout_corr/log_ppl_diff:-0.0018261383520439267 - rollout_corr/log_ppl_abs_diff:0.002714666072279215 - rollout_corr/log_ppl_diff_max:0.01129138469696045 - rollout_corr/log_ppl_diff_min:-0.05174762010574341 - rollout_corr/ppl_ratio:0.9982119798660278 - rollout_corr/chi2_token:0.0015653371810913086 - rollout_corr/chi2_seq:0.047380805015563965 - actor/pg_clipfrac:np.float64(0.0) - actor/ppo_kl:np.float64(0.0) - actor/pg_clipfrac_lower:np.float64(0.0) - actor/pg_loss:np.float64(0.003310132771730423) - actor/loss:np.float64(0.003310132771730423) - actor/grad_norm:np.float64(0.12326674908399582) - actor/lr:np.float64(1e-06) - actor/perf/max_memory_allocated_gb:np.float64(18.28952407836914) - actor/perf/max_memory_reserved_gb:np.float64(30.51171875) - actor/perf/cpu_memory_used_gb:np.float64(32.8542366027832) - perf/mfu/actor:np.float64(0.04118606393769431) - training/global_step:59 - training/epoch:0 - critic/score/mean:0.33255207538604736 - critic/score/max:1.100000023841858 - critic/score/min:-0.0416666679084301 - critic/rewards/mean:0.33255207538604736 - critic/rewards/max:1.100000023841858 - critic/rewards/min:-0.0416666679084301 - critic/advantages/mean:-0.003310166532173753 - critic/advantages/max:1.6653200387954712 - critic/advantages/min:-0.9811199903488159 - critic/returns/mean:-0.003310166532173753 - critic/returns/max:1.6653200387954712 - critic/returns/min:-0.9811199903488159 - response_length/mean:167.4375 - response_length/max:512.0 - response_length/min:4.0 - response_length/clip_ratio:0.15625 - response_length_non_aborted/mean:167.4375 - response_length_non_aborted/max:512.0 - response_length_non_aborted/min:4.0 - response_length_non_aborted/clip_ratio:0.15625 - response/aborted_ratio:0.0 - prompt_length/mean:128.5 - prompt_length/max:160.0 - prompt_length/min:99.0 - prompt_length/clip_ratio:0.25 - timing_s/gen:4.440854798012879 - timing_s/old_log_prob:1.411482660972979 - timing_s/adv:0.2485691590118222 - timing_s/update_actor:2.8444343309965916 - timing_s/update_weights:1.0892993570305407 - timing_s/step:10.437539048027247 - timing_per_token_ms/adv:0.025726470607723265 - timing_per_token_ms/update_actor:0.2943939485610217 - timing_per_token_ms/gen:0.8142381367827061 - perf/total_num_tokens:9662 - perf/time_per_step:10.437539048027247 - perf/throughput:925.6971356505892 - training/num_turns/mean:np.float64(2.0) - training/num_turns/max:np.int64(2) - training/num_turns/min:np.int64(2) - training/off_policy/trajectory_spans/mean:np.float64(1.0) - training/off_policy/trajectory_spans/max:np.float64(1.0) - training/off_policy/trajectory_spans/min:np.float64(1.0) - training/off_policy/trajectory_staleness/mean:np.float64(0.0) - training/off_policy/trajectory_staleness/max:np.float64(0.0) - training/off_policy/trajectory_staleness/min:np.float64(0.0) - training/off_policy/trajectory_staleness_worst/mean:np.float64(0.0) - training/off_policy/trajectory_staleness_worst/max:np.float64(0.0) - training/off_policy/trajectory_staleness_worst/min:np.float64(0.0)
[36m(TaskRunnerV1 pid=997342)[0m step:60 - global_seqlen/min:5699 - global_seqlen/max:5699 - global_seqlen/minmax_diff:0 - global_seqlen/balanced_min:5699 - global_seqlen/balanced_max:5699 - global_seqlen/mean:5699.0 - actor/entropy:0.6291214823722839 - training/rollout_probs_diff_valid:1 - training/rollout_probs_diff_max:0.06063076853752136 - training/rollout_probs_diff_mean:0.005296580959111452 - training/rollout_probs_diff_std:0.009177405387163162 - training/rollout_actor_probs_pearson_corr:0.9995014071464539 - rollout_corr/training_ppl:1.1425449848175049 - rollout_corr/training_log_ppl:0.09997651726007462 - rollout_corr/kl:0.0011291326954960823 - rollout_corr/k3_kl:0.0006321906112134457 - rollout_corr/rollout_ppl:1.141094446182251 - rollout_corr/rollout_log_ppl:0.09882762283086777 - rollout_corr/log_ppl_diff:0.0011488980380818248 - rollout_corr/log_ppl_abs_diff:0.0026582470163702965 - rollout_corr/log_ppl_diff_max:0.032424196600914 - rollout_corr/log_ppl_diff_min:-0.027424633502960205 - rollout_corr/ppl_ratio:1.0011749267578125 - rollout_corr/chi2_token:0.00027251243591308594 - rollout_corr/chi2_seq:-0.02367621660232544 - actor/pg_clipfrac:np.float64(0.0) - actor/ppo_kl:np.float64(0.0) - actor/pg_clipfrac_lower:np.float64(0.0) - actor/pg_loss:np.float64(0.871319055557251) - actor/loss:np.float64(0.871319055557251) - actor/grad_norm:np.float64(0.34867775440216064) - actor/lr:np.float64(1e-06) - actor/perf/max_memory_allocated_gb:np.float64(18.28952407836914) - actor/perf/max_memory_reserved_gb:np.float64(30.51171875) - actor/perf/cpu_memory_used_gb:np.float64(32.825565338134766) - perf/mfu/actor:np.float64(0.03601938358340228) - training/global_step:60 - training/epoch:0 - critic/score/mean:0.3817708194255829 - critic/score/max:1.0333333015441895 - critic/score/min:-0.0416666679084301 - critic/rewards/mean:0.3817708194255829 - critic/rewards/max:1.0333333015441895 - critic/rewards/min:-0.0416666679084301 - critic/advantages/mean:-0.871319055557251 - critic/advantages/max:2.47131609916687 - critic/advantages/min:-2.4748668670654297 - critic/returns/mean:-0.871319055557251 - critic/returns/max:2.47131609916687 - critic/returns/min:-2.4748668670654297 - response_length/mean:67.34375 - response_length/max:512.0 - response_length/min:4.0 - response_length/clip_ratio:0.03125 - response_length_non_aborted/mean:67.34375 - response_length_non_aborted/max:512.0 - response_length_non_aborted/min:4.0 - response_length_non_aborted/clip_ratio:0.03125 - response/aborted_ratio:0.0 - prompt_length/mean:104.75 - prompt_length/max:130.0 - prompt_length/min:85.0 - prompt_length/clip_ratio:0.25 - timing_s/gen:4.424680329975672 - timing_s/old_log_prob:1.1645230870344676 - timing_s/adv:0.23894242499954998 - timing_s/update_actor:2.0104334949865006 - timing_s/update_weights:1.0803610329749063 - timing_s/step:9.322305843001232 - timing_per_token_ms/adv:0.04192707931208106 - timing_per_token_ms/update_actor:0.35276952008887535 - timing_per_token_ms/gen:1.9656509684476553 - perf/total_num_tokens:5699 - perf/time_per_step:9.322305843001232 - perf/throughput:611.3294388725245 - training/num_turns/mean:np.float64(2.0) - training/num_turns/max:np.int64(2) - training/num_turns/min:np.int64(2) - training/off_policy/trajectory_spans/mean:np.float64(1.0) - training/off_policy/trajectory_spans/max:np.float64(1.0) - training/off_policy/trajectory_spans/min:np.float64(1.0) - training/off_policy/trajectory_staleness/mean:np.float64(0.0) - training/off_policy/trajectory_staleness/max:np.float64(0.0) - training/off_policy/trajectory_staleness/min:np.float64(0.0) - training/off_policy/trajectory_staleness_worst/mean:np.float64(0.0) - training/off_policy/trajectory_staleness_worst/max:np.float64(0.0) - training/off_policy/trajectory_staleness_worst/min:np.float64(0.0)[36m(TaskRunnerV1 pid=997342)[0m Training Progress:  48%|████▊     | 60/125 [10:10<10:55, 10.09s/it]
[36m(WorkerDict pid=998593)[0m INFO:2026-07-05 14:39:41,455:update_weights done, time cost: 0.38s
[36m(TaskRunnerV1 pid=997342)[0m Training Progress:  49%|████▉     | 61/125 [10:19<10:34,  9.92s/it]
[36m(WorkerDict pid=998593)[0m INFO:2026-07-05 14:39:50,654:update_weights done, time cost: 0.36s
[36m(TaskRunnerV1 pid=997342)[0m Training Progress:  50%|████▉     | 62/125 [10:28<10:11,  9.70s/it]
[36m(WorkerDict pid=998593)[0m INFO:2026-07-05 14:40:00,332:update_weights done, time cost: 0.37s

[36m(TaskRunnerV1 pid=997342)[0m step:61 - global_seqlen/min:6647 - global_seqlen/max:6647 - global_seqlen/minmax_diff:0 - global_seqlen/balanced_min:6647 - global_seqlen/balanced_max:6647 - global_seqlen/mean:6647.0 - actor/entropy:0.7171865701675415 - training/rollout_probs_diff_valid:1 - training/rollout_probs_diff_max:0.06022879481315613 - training/rollout_probs_diff_mean:0.004867161624133587 - training/rollout_probs_diff_std:0.008594430983066559 - training/rollout_actor_probs_pearson_corr:0.9995984435081482 - rollout_corr/training_ppl:1.18831205368042 - rollout_corr/training_log_ppl:0.1124710664153099 - rollout_corr/kl:0.0013219292741268873 - rollout_corr/k3_kl:0.0007034760201349854 - rollout_corr/rollout_ppl:1.1864099502563477 - rollout_corr/rollout_log_ppl:0.11076012998819351 - rollout_corr/log_ppl_diff:0.0017109421314671636 - rollout_corr/log_ppl_abs_diff:0.0020501157268881798 - rollout_corr/log_ppl_diff_max:0.022491455078125 - rollout_corr/log_ppl_diff_min:-0.008920073509216309 - rollout_corr/ppl_ratio:1.0017253160476685 - rollout_corr/chi2_token:0.0001900196075439453 - rollout_corr/chi2_seq:0.002996683120727539 - actor/pg_clipfrac:np.float64(0.0) - actor/ppo_kl:np.float64(0.0) - actor/pg_clipfrac_lower:np.float64(0.0) - actor/pg_loss:np.float64(-0.4471476078033447) - actor/loss:np.float64(-0.4471476078033447) - actor/grad_norm:np.float64(0.2902719974517822) - actor/lr:np.float64(1e-06) - actor/perf/max_memory_allocated_gb:np.float64(18.28952407836914) - actor/perf/max_memory_reserved_gb:np.float64(30.51171875) - actor/perf/cpu_memory_used_gb:np.float64(32.831695556640625) - perf/mfu/actor:np.float64(0.039417482327583735) - training/global_step:61 - training/epoch:0 - critic/score/mean:0.27161458134651184 - critic/score/max:1.0416666269302368 - critic/score/min:-0.05833333358168602 - critic/rewards/mean:0.27161458134651184 - critic/rewards/max:1.0416666269302368 - critic/rewards/min:-0.05833333358168602 - critic/advantages/mean:0.44714754819869995 - critic/advantages/max:2.3040237426757812 - critic/advantages/min:-2.4742074012756348 - critic/returns/mean:0.44714754819869995 - critic/returns/max:2.3040237426757812 - critic/returns/min:-2.4742074012756348 - response_length/mean:91.71875 - response_length/max:468.0 - response_length/min:4.0 - response_length/clip_ratio:0.03125 - response_length_non_aborted/mean:91.71875 - response_length_non_aborted/max:468.0 - response_length_non_aborted/min:4.0 - response_length_non_aborted/clip_ratio:0.03125 - response/aborted_ratio:0.0 - prompt_length/mean:110.0 - prompt_length/max:133.0 - prompt_length/min:99.0 - prompt_length/clip_ratio:0.25 - timing_s/gen:4.436951850017067 - timing_s/old_log_prob:1.1682624359964393 - timing_s/adv:0.23977610998554155 - timing_s/update_actor:2.064950434025377 - timing_s/update_weights:1.0980950269731693 - timing_s/step:9.372580466035288 - timing_per_token_ms/adv:0.03607283135031466 - timing_per_token_ms/update_actor:0.3106590091808902 - timing_per_token_ms/gen:1.4638574232982735 - perf/total_num_tokens:6647 - perf/time_per_step:9.372580466035288 - perf/throughput:709.1963653006395 - training/num_turns/mean:np.float64(2.0) - training/num_turns/max:np.int64(2) - training/num_turns/min:np.int64(2) - training/off_policy/trajectory_spans/mean:np.float64(1.0) - training/off_policy/trajectory_spans/max:np.float64(1.0) - training/off_policy/trajectory_spans/min:np.float64(1.0) - training/off_policy/trajectory_staleness/mean:np.float64(0.0) - training/off_policy/trajectory_staleness/max:np.float64(0.0) - training/off_policy/trajectory_staleness/min:np.float64(0.0) - training/off_policy/trajectory_staleness_worst/mean:np.float64(0.0) - training/off_policy/trajectory_staleness_worst/max:np.float64(0.0) - training/off_policy/trajectory_staleness_worst/min:np.float64(0.0)
[36m(TaskRunnerV1 pid=997342)[0m step:62 - global_seqlen/min:4636 - global_seqlen/max:4636 - global_seqlen/minmax_diff:0 - global_seqlen/balanced_min:4636 - global_seqlen/balanced_max:4636 - global_seqlen/mean:4636.0 - actor/entropy:1.1009397506713867 - training/rollout_probs_diff_valid:1 - training/rollout_probs_diff_max:0.05731192231178284 - training/rollout_probs_diff_mean:0.0058573889546096325 - training/rollout_probs_diff_std:0.008669714443385601 - training/rollout_actor_probs_pearson_corr:0.9996102452278137 - rollout_corr/training_ppl:1.2991758584976196 - rollout_corr/training_log_ppl:0.16455499827861786 - rollout_corr/kl:0.0029744247440248728 - rollout_corr/k3_kl:0.0008412924944423139 - rollout_corr/rollout_ppl:1.2952533960342407 - rollout_corr/rollout_log_ppl:0.162970170378685 - rollout_corr/log_ppl_diff:0.0015848091570660472 - rollout_corr/log_ppl_abs_diff:0.002773366402834654 - rollout_corr/log_ppl_diff_max:0.03620731830596924 - rollout_corr/log_ppl_diff_min:-0.029236018657684326 - rollout_corr/ppl_ratio:1.0016112327575684 - rollout_corr/chi2_token:-0.0026152729988098145 - rollout_corr/chi2_seq:0.01138913631439209 - actor/pg_clipfrac:np.float64(0.0) - actor/ppo_kl:np.float64(0.0) - actor/pg_clipfrac_lower:np.float64(0.0) - actor/pg_loss:np.float64(0.5039497017860413) - actor/loss:np.float64(0.5039497017860413) - actor/grad_norm:np.float64(0.312087744474411) - actor/lr:np.float64(1e-06) - actor/perf/max_memory_allocated_gb:np.float64(18.28952407836914) - actor/perf/max_memory_reserved_gb:np.float64(30.51171875) - actor/perf/cpu_memory_used_gb:np.float64(32.82040786743164) - perf/mfu/actor:np.float64(0.03167254620506275) - training/global_step:62 - training/epoch:0 - critic/score/mean:0.2421874850988388 - critic/score/max:1.024999976158142 - critic/score/min:-0.09166666865348816 - critic/rewards/mean:0.2421874850988388 - critic/rewards/max:1.024999976158142 - critic/rewards/min:-0.09166666865348816 - critic/advantages/mean:-0.5039498209953308 - critic/advantages/max:2.4745285511016846 - critic/advantages/min:-0.7960077524185181 - critic/returns/mean:-0.5039498209953308 - critic/returns/max:2.4745285511016846 - critic/returns/min:-0.7960077524185181 - response_length/mean:45.375 - response_length/max:201.0 - response_length/min:4.0 - response_length/clip_ratio:0.03125 - response_length_non_aborted/mean:45.375 - response_length_non_aborted/max:201.0 - response_length_non_aborted/min:4.0 - response_length_non_aborted/clip_ratio:0.03125 - response/aborted_ratio:0.0 - prompt_length/mean:93.5 - prompt_length/max:110.0 - prompt_length/min:79.0 - prompt_length/clip_ratio:0.25 - timing_s/gen:4.4094897949835286 - timing_s/old_log_prob:1.0906363159883767 - timing_s/adv:0.2357569569721818 - timing_s/update_actor:1.8730680780136026 - timing_s/update_weights:1.035692313045729 - timing_s/step:9.051948425010778 - timing_per_token_ms/adv:0.05085352825111773 - timing_per_token_ms/update_actor:0.4040267640236416 - timing_per_token_ms/gen:2.8485076194984034 - perf/total_num_tokens:4636 - perf/time_per_step:9.051948425010778 - perf/throughput:512.1549286770799 - training/num_turns/mean:np.float64(2.0) - training/num_turns/max:np.int64(2) - training/num_turns/min:np.int64(2) - training/off_policy/trajectory_spans/mean:np.float64(1.0) - training/off_policy/trajectory_spans/max:np.float64(1.0) - training/off_policy/trajectory_spans/min:np.float64(1.0) - training/off_policy/trajectory_staleness/mean:np.float64(0.0) - training/off_policy/trajectory_staleness/max:np.float64(0.0) - training/off_policy/trajectory_staleness/min:np.float64(0.0) - training/off_policy/trajectory_staleness_worst/mean:np.float64(0.0) - training/off_policy/trajectory_staleness_worst/max:np.float64(0.0) - training/off_policy/trajectory_staleness_worst/min:np.float64(0.0)
[36m(TaskRunnerV1 pid=997342)[0m step:63 - global_seqlen/min:7213 - global_seqlen/max:7213 - global_seqlen/minmax_diff:0 - global_seqlen/balanced_min:7213 - global_seqlen/balanced_max:7213 - global_seqlen/mean:7213.0 - actor/entropy:0.6191692352294922 - training/rollout_probs_diff_valid:1 - training/rollout_probs_diff_max:0.062176287174224854 - training/rollout_probs_diff_mean:0.004907590802758932 - training/rollout_probs_diff_std:0.008910717442631721 - training/rollout_actor_probs_pearson_corr:0.9995318651199341 - rollout_corr/training_ppl:1.164713978767395 - rollout_corr/training_log_ppl:0.11679302901029587 - rollout_corr/kl:0.00021077737619634718 - rollout_corr/k3_kl:0.000568336108699441 - rollout_corr/rollout_ppl:1.1626173257827759 - rollout_corr/rollout_log_ppl:0.11540206521749496 - rollout_corr/log_ppl_diff:0.001390969380736351 - rollout_corr/log_ppl_abs_diff:0.003128325566649437 - rollout_corr/log_ppl_diff_max:0.06780821084976196 - rollout_corr/log_ppl_diff_min:-0.04318523406982422 - rollout_corr/ppl_ratio:1.0014406442642212 - rollout_corr/chi2_token:0.0018447637557983398 - rollout_corr/chi2_seq:0.04485046863555908 - actor/pg_clipfrac:np.float64(0.0) - actor/ppo_kl:np.float64(0.0) - actor/pg_clipfrac_lower:np.float64(0.0) - actor/pg_loss:np.float64(-0.09514246881008148) - actor/loss:np.float64(-0.09514246881008148) - actor/grad_norm:np.float64(0.19201870262622833) - actor/lr:np.float64(1e-06) - actor/perf/max_memory_allocated_gb:np.float64(18.28952407836914) - actor/perf/max_memory_reserved_gb:np.float64(30.51171875) - actor/perf/cpu_memory_used_gb:np.float64(32.83604431152344) - perf/mfu/actor:np.float64(0.040515676432011934) - training/global_step:63 - training/epoch:0 - critic/score/mean:0.39140626788139343 - critic/score/max:1.0583332777023315 - critic/score/min:-0.07500000298023224 - critic/rewards/mean:0.39140626788139343 - critic/rewards/max:1.0583332777023315 - critic/rewards/min:-0.07500000298023224 - critic/advantages/mean:0.09514246881008148 - critic/advantages/max:2.4713056087493896 - critic/advantages/min:-1.2965682744979858 - critic/returns/mean:0.09514246881008148 - critic/returns/max:2.4713056087493896 - critic/returns/min:-1.2965682744979858 - response_length/mean:112.15625 - response_length/max:512.0 - response_length/min:4.0 - response_length/clip_ratio:0.03125 - response_length_non_aborted/mean:112.15625 - response_length_non_aborted/max:512.0 - response_length_non_aborted/min:4.0 - response_length_non_aborted/clip_ratio:0.03125 - response/aborted_ratio:0.0 - prompt_length/mean:107.25 - prompt_length/max:119.0 - prompt_length/min:94.0 - prompt_length/clip_ratio:0.25 - timing_s/gen:4.434549438999966 - timing_s/old_log_prob:1.2090662679984234 - timing_s/adv:0.242759954999201 - timing_s/update_actor:2.2229793399455957 - timing_s/update_weights:0.9848690960207023 - timing_s/step:9.492189730983227 - timing_per_token_ms/adv:0.0336558928322752 - timing_per_token_ms/update_actor:0.3081906751622897 - timing_per_token_ms/gen:1.2034055465400177 - perf/total_num_tokens:7213 - perf/time_per_step:9.492189730983227 - perf/throughput:759.8878872444175 - training/num_turns/mean:np.float64(2.0) - training/num_turns/max:np.int64(2) - training/num_turns/min:np.int64(2) - training/off_policy/trajectory_spans/mean:np.float64(1.0) - training/off_policy/trajectory_spans/max:np.float64(1.0) - training/off_policy/trajectory_spans/min:np.float64(1.0) - training/off_policy/trajectory_staleness/mean:np.float64(0.0) - training/off_policy/trajectory_staleness/max:np.float64(0.0) - training/off_policy/trajectory_staleness/min:np.float64(0.0) - training/off_policy/trajectory_staleness_worst/mean:np.float64(0.0) - training/off_policy/trajectory_staleness_worst/max:np.float64(0.0) - training/off_policy/trajectory_staleness_worst/min:np.float64(0.0)[36m(TaskRunnerV1 pid=997342)[0m Training Progress:  50%|█████     | 63/125 [10:38<10:00,  9.68s/it]
[36m(WorkerDict pid=998593)[0m INFO:2026-07-05 14:40:09,512:update_weights done, time cost: 0.35s
[36m(TaskRunnerV1 pid=997342)[0m Training Progress:  51%|█████     | 64/125 [10:47<09:40,  9.52s/it]
[36m(WorkerDict pid=998593)[0m INFO:2026-07-05 14:40:19,012:update_weights done, time cost: 0.38s
[36m(TaskRunnerV1 pid=997342)[0m Training Progress:  52%|█████▏    | 65/125 [10:57<09:32,  9.54s/it]
[36m(WorkerDict pid=998593)[0m INFO:2026-07-05 14:40:29,416:update_weights done, time cost: 0.38s

[36m(TaskRunnerV1 pid=997342)[0m step:64 - global_seqlen/min:4749 - global_seqlen/max:4749 - global_seqlen/minmax_diff:0 - global_seqlen/balanced_min:4749 - global_seqlen/balanced_max:4749 - global_seqlen/mean:4749.0 - actor/entropy:0.76088547706604 - training/rollout_probs_diff_valid:1 - training/rollout_probs_diff_max:0.0848228931427002 - training/rollout_probs_diff_mean:0.005795092787593603 - training/rollout_probs_diff_std:0.00973465945571661 - training/rollout_actor_probs_pearson_corr:0.9994514584541321 - rollout_corr/training_ppl:1.1322375535964966 - rollout_corr/training_log_ppl:0.09492740035057068 - rollout_corr/kl:-0.0006315949722193182 - rollout_corr/k3_kl:0.0006136749871075153 - rollout_corr/rollout_ppl:1.1336891651153564 - rollout_corr/rollout_log_ppl:0.09600897133350372 - rollout_corr/log_ppl_diff:-0.0010815792484208941 - rollout_corr/log_ppl_abs_diff:0.0021991347894072533 - rollout_corr/log_ppl_diff_max:0.03327661752700806 - rollout_corr/log_ppl_diff_min:-0.03797203302383423 - rollout_corr/ppl_ratio:0.9989386796951294 - rollout_corr/chi2_token:0.003707408905029297 - rollout_corr/chi2_seq:0.017017126083374023 - actor/pg_clipfrac:np.float64(0.0) - actor/ppo_kl:np.float64(0.0) - actor/pg_clipfrac_lower:np.float64(0.0) - actor/pg_loss:np.float64(-0.7231826186180115) - actor/loss:np.float64(-0.7231826186180115) - actor/grad_norm:np.float64(0.6027825474739075) - actor/lr:np.float64(1e-06) - actor/perf/max_memory_allocated_gb:np.float64(18.28952407836914) - actor/perf/max_memory_reserved_gb:np.float64(30.51171875) - actor/perf/cpu_memory_used_gb:np.float64(32.817569732666016) - perf/mfu/actor:np.float64(0.03207349247257821) - training/global_step:64 - training/epoch:0 - critic/score/mean:0.0742187425494194 - critic/score/max:1.0333333015441895 - critic/score/min:-0.05833333358168602 - critic/rewards/mean:0.0742187425494194 - critic/rewards/max:1.0333333015441895 - critic/rewards/min:-0.05833333358168602 - critic/advantages/mean:0.7231826186180115 - critic/advantages/max:2.474034309387207 - critic/advantages/min:-0.5699371099472046 - critic/returns/mean:0.7231826186180115 - critic/returns/max:2.474034309387207 - critic/returns/min:-0.5699371099472046 - response_length/mean:29.65625 - response_length/max:358.0 - response_length/min:4.0 - response_length/clip_ratio:0.03125 - response_length_non_aborted/mean:29.65625 - response_length_non_aborted/max:358.0 - response_length_non_aborted/min:4.0 - response_length_non_aborted/clip_ratio:0.03125 - response/aborted_ratio:0.0 - prompt_length/mean:112.75 - prompt_length/max:138.0 - prompt_length/min:98.0 - prompt_length/clip_ratio:0.25 - timing_s/gen:4.437548186979257 - timing_s/old_log_prob:1.0792851330479607 - timing_s/adv:0.23692804900929332 - timing_s/update_actor:1.9006456839852035 - timing_s/update_weights:0.9878991449950263 - timing_s/step:9.041920528979972 - timing_per_token_ms/adv:0.04989009244247069 - timing_per_token_ms/update_actor:0.4002201903527487 - timing_per_token_ms/gen:4.24645759519546 - perf/total_num_tokens:4749 - perf/time_per_step:9.041920528979972 - perf/throughput:525.2202764644006 - training/num_turns/mean:np.float64(2.0) - training/num_turns/max:np.int64(2) - training/num_turns/min:np.int64(2) - training/off_policy/trajectory_spans/mean:np.float64(1.0) - training/off_policy/trajectory_spans/max:np.float64(1.0) - training/off_policy/trajectory_spans/min:np.float64(1.0) - training/off_policy/trajectory_staleness/mean:np.float64(0.0) - training/off_policy/trajectory_staleness/max:np.float64(0.0) - training/off_policy/trajectory_staleness/min:np.float64(0.0) - training/off_policy/trajectory_staleness_worst/mean:np.float64(0.0) - training/off_policy/trajectory_staleness_worst/max:np.float64(0.0) - training/off_policy/trajectory_staleness_worst/min:np.float64(0.0)
[36m(TaskRunnerV1 pid=997342)[0m step:65 - global_seqlen/min:6501 - global_seqlen/max:6501 - global_seqlen/minmax_diff:0 - global_seqlen/balanced_min:6501 - global_seqlen/balanced_max:6501 - global_seqlen/mean:6501.0 - actor/entropy:0.7319508790969849 - training/rollout_probs_diff_valid:1 - training/rollout_probs_diff_max:0.07733035087585449 - training/rollout_probs_diff_mean:0.005340252071619034 - training/rollout_probs_diff_std:0.00863882526755333 - training/rollout_actor_probs_pearson_corr:0.9995676875114441 - rollout_corr/training_ppl:1.4785791635513306 - rollout_corr/training_log_ppl:0.1480385959148407 - rollout_corr/kl:0.00016320891154464334 - rollout_corr/k3_kl:0.0006700376980006695 - rollout_corr/rollout_ppl:1.468982458114624 - rollout_corr/rollout_log_ppl:0.1476074904203415 - rollout_corr/log_ppl_diff:0.00043109909165650606 - rollout_corr/log_ppl_abs_diff:0.0025529467966407537 - rollout_corr/log_ppl_diff_max:0.05910444259643555 - rollout_corr/log_ppl_diff_min:-0.022783488035202026 - rollout_corr/ppl_ratio:1.0004633665084839 - rollout_corr/chi2_token:0.0023611783981323242 - rollout_corr/chi2_seq:0.0838778018951416 - actor/pg_clipfrac:np.float64(0.0) - actor/ppo_kl:np.float64(0.0) - actor/pg_clipfrac_lower:np.float64(0.0) - actor/pg_loss:np.float64(0.0611770823597908) - actor/loss:np.float64(0.0611770823597908) - actor/grad_norm:np.float64(0.22132034599781036) - actor/lr:np.float64(1e-06) - actor/perf/max_memory_allocated_gb:np.float64(18.28952407836914) - actor/perf/max_memory_reserved_gb:np.float64(30.51171875) - actor/perf/cpu_memory_used_gb:np.float64(32.83258056640625) - perf/mfu/actor:np.float64(0.03911996350613736) - training/global_step:65 - training/epoch:0 - critic/score/mean:0.19973957538604736 - critic/score/max:1.0583332777023315 - critic/score/min:-0.05000000074505806 - critic/rewards/mean:0.19973957538604736 - critic/rewards/max:1.0583332777023315 - critic/rewards/min:-0.05000000074505806 - critic/advantages/mean:-0.0611770935356617 - critic/advantages/max:2.4733877182006836 - critic/advantages/min:-0.6403810977935791 - critic/returns/mean:-0.0611770935356617 - critic/returns/max:2.4733877182006836 - critic/returns/min:-0.6403810977935791 - response_length/mean:84.40625 - response_length/max:420.0 - response_length/min:4.0 - response_length/clip_ratio:0.03125 - response_length_non_aborted/mean:84.40625 - response_length_non_aborted/max:420.0 - response_length_non_aborted/min:4.0 - response_length_non_aborted/clip_ratio:0.03125 - response/aborted_ratio:0.0 - prompt_length/mean:112.75 - prompt_length/max:125.0 - prompt_length/min:102.0 - prompt_length/clip_ratio:0.25 - timing_s/gen:4.424775631050579 - timing_s/old_log_prob:1.1659405549871735 - timing_s/adv:0.23737778601935133 - timing_s/update_actor:2.092921068018768 - timing_s/update_weights:1.0974464119644836 - timing_s/step:9.425326443975791 - timing_per_token_ms/adv:0.036514041842693634 - timing_per_token_ms/update_actor:0.3219383276447882 - timing_per_token_ms/gen:1.5819719810692097 - perf/total_num_tokens:6501 - perf/time_per_step:9.425326443975791 - perf/throughput:689.7373834892607 - training/num_turns/mean:np.float64(2.0) - training/num_turns/max:np.int64(2) - training/num_turns/min:np.int64(2) - training/off_policy/trajectory_spans/mean:np.float64(1.0) - training/off_policy/trajectory_spans/max:np.float64(1.0) - training/off_policy/trajectory_spans/min:np.float64(1.0) - training/off_policy/trajectory_staleness/mean:np.float64(0.0) - training/off_policy/trajectory_staleness/max:np.float64(0.0) - training/off_policy/trajectory_staleness/min:np.float64(0.0) - training/off_policy/trajectory_staleness_worst/mean:np.float64(0.0) - training/off_policy/trajectory_staleness_worst/max:np.float64(0.0) - training/off_policy/trajectory_staleness_worst/min:np.float64(0.0)
[36m(TaskRunnerV1 pid=997342)[0m step:66 - global_seqlen/min:9208 - global_seqlen/max:9208 - global_seqlen/minmax_diff:0 - global_seqlen/balanced_min:9208 - global_seqlen/balanced_max:9208 - global_seqlen/mean:9208.0 - actor/entropy:0.568730354309082 - training/rollout_probs_diff_valid:1 - training/rollout_probs_diff_max:0.07957130670547485 - training/rollout_probs_diff_mean:0.004819148685783148 - training/rollout_probs_diff_std:0.008674887008965015 - training/rollout_actor_probs_pearson_corr:0.999525785446167 - rollout_corr/training_ppl:1.1671993732452393 - rollout_corr/training_log_ppl:0.1197611466050148 - rollout_corr/kl:0.0008578566485084593 - rollout_corr/k3_kl:0.0005488175083883107 - rollout_corr/rollout_ppl:1.1672699451446533 - rollout_corr/rollout_log_ppl:0.11941787600517273 - rollout_corr/log_ppl_diff:0.000343277002684772 - rollout_corr/log_ppl_abs_diff:0.002816514577716589 - rollout_corr/log_ppl_diff_max:0.03428010642528534 - rollout_corr/log_ppl_diff_min:-0.03168898820877075 - rollout_corr/ppl_ratio:1.0003726482391357 - rollout_corr/chi2_token:0.0004781484603881836 - rollout_corr/chi2_seq:0.0015724897384643555 - actor/pg_clipfrac:np.float64(0.0) - actor/ppo_kl:np.float64(0.0) - actor/pg_clipfrac_lower:np.float64(0.0) - actor/pg_loss:np.float64(-0.04191180318593979) - actor/loss:np.float64(-0.04191180318593979) - actor/grad_norm:np.float64(0.1611666977405548) - actor/lr:np.float64(1e-06) - actor/perf/max_memory_allocated_gb:np.float64(18.28952407836914) - actor/perf/max_memory_reserved_gb:np.float64(30.51171875) - actor/perf/cpu_memory_used_gb:np.float64(32.857696533203125) - perf/mfu/actor:np.float64(0.04148174124121265) - training/global_step:66 - training/epoch:0 - critic/score/mean:0.4429687261581421 - critic/score/max:1.100000023841858 - critic/score/min:-0.05000000074505806 - critic/rewards/mean:0.4429687261581421 - critic/rewards/max:1.100000023841858 - critic/rewards/min:-0.05000000074505806 - critic/advantages/mean:0.041911810636520386 - critic/advantages/max:1.900949478149414 - critic/advantages/min:-1.8082268238067627 - critic/returns/mean:0.041911810636520386 - critic/returns/max:1.900949478149414 - critic/returns/min:-1.8082268238067627 - response_length/mean:143.25 - response_length/max:512.0 - response_length/min:4.0 - response_length/clip_ratio:0.125 - response_length_non_aborted/mean:143.25 - response_length_non_aborted/max:512.0 - response_length_non_aborted/min:4.0 - response_length_non_aborted/clip_ratio:0.125 - response/aborted_ratio:0.0 - prompt_length/mean:138.5 - prompt_length/max:170.0 - prompt_length/min:109.0 - prompt_length/clip_ratio:0.25 - timing_s/gen:4.433615387999453 - timing_s/old_log_prob:1.3708907690015621 - timing_s/adv:0.20242176798637956 - timing_s/update_actor:2.706500778964255 - timing_s/update_weights:1.1520178399514407 - timing_s/step:10.268792409042362 - timing_per_token_ms/adv:0.021983250215723237 - timing_per_token_ms/update_actor:0.29392927660341606 - timing_per_token_ms/gen:0.9473537153844984 - perf/total_num_tokens:9208 - perf/time_per_step:10.268792409042362 - perf/throughput:896.6974531388654 - training/num_turns/mean:np.float64(2.0) - training/num_turns/max:np.int64(2) - training/num_turns/min:np.int64(2) - training/off_policy/trajectory_spans/mean:np.float64(1.0) - training/off_policy/trajectory_spans/max:np.float64(1.0) - training/off_policy/trajectory_spans/min:np.float64(1.0) - training/off_policy/trajectory_staleness/mean:np.float64(0.0) - training/off_policy/trajectory_staleness/max:np.float64(0.0) - training/off_policy/trajectory_staleness/min:np.float64(0.0) - training/off_policy/trajectory_staleness_worst/mean:np.float64(0.0) - training/off_policy/trajectory_staleness_worst/max:np.float64(0.0) - training/off_policy/trajectory_staleness_worst/min:np.float64(0.0)[36m(TaskRunnerV1 pid=997342)[0m Training Progress:  53%|█████▎    | 66/125 [11:07<09:38,  9.80s/it]
[36m(WorkerDict pid=998593)[0m INFO:2026-07-05 14:40:38,937:update_weights done, time cost: 0.36s
[36m(TaskRunnerV1 pid=997342)[0m Training Progress:  54%|█████▎    | 67/125 [11:17<09:23,  9.71s/it]
[36m(WorkerDict pid=998593)[0m INFO:2026-07-05 14:40:48,535:update_weights done, time cost: 0.37s
[36m(TaskRunnerV1 pid=997342)[0m Training Progress:  54%|█████▍    | 68/125 [11:26<09:11,  9.68s/it]
[36m(WorkerDict pid=998593)[0m INFO:2026-07-05 14:40:58,140:update_weights done, time cost: 0.36s

[36m(TaskRunnerV1 pid=997342)[0m step:67 - global_seqlen/min:6379 - global_seqlen/max:6379 - global_seqlen/minmax_diff:0 - global_seqlen/balanced_min:6379 - global_seqlen/balanced_max:6379 - global_seqlen/mean:6379.0 - actor/entropy:0.7236819267272949 - training/rollout_probs_diff_valid:1 - training/rollout_probs_diff_max:0.062197208404541016 - training/rollout_probs_diff_mean:0.005241059232503176 - training/rollout_probs_diff_std:0.008650140836834908 - training/rollout_actor_probs_pearson_corr:0.9995768666267395 - rollout_corr/training_ppl:1.151387095451355 - rollout_corr/training_log_ppl:0.10255427658557892 - rollout_corr/kl:0.0019252048805356026 - rollout_corr/k3_kl:0.0005890005268156528 - rollout_corr/rollout_ppl:1.1503219604492188 - rollout_corr/rollout_log_ppl:0.1020004078745842 - rollout_corr/log_ppl_diff:0.0005538742407225072 - rollout_corr/log_ppl_abs_diff:0.0019071768037974834 - rollout_corr/log_ppl_diff_max:0.03060784935951233 - rollout_corr/log_ppl_diff_min:-0.019508272409439087 - rollout_corr/ppl_ratio:1.00056791305542 - rollout_corr/chi2_token:-0.0015115737915039062 - rollout_corr/chi2_seq:-0.02475506067276001 - actor/pg_clipfrac:np.float64(0.0) - actor/ppo_kl:np.float64(0.0) - actor/pg_clipfrac_lower:np.float64(0.0) - actor/pg_loss:np.float64(-0.23658306896686554) - actor/loss:np.float64(-0.23658306896686554) - actor/grad_norm:np.float64(0.29369112849235535) - actor/lr:np.float64(1e-06) - actor/perf/max_memory_allocated_gb:np.float64(18.28952407836914) - actor/perf/max_memory_reserved_gb:np.float64(30.51171875) - actor/perf/cpu_memory_used_gb:np.float64(32.84029769897461) - perf/mfu/actor:np.float64(0.038462429586893984) - training/global_step:67 - training/epoch:0 - critic/score/mean:0.11692707985639572 - critic/score/max:1.0416666269302368 - critic/score/min:-0.09166666865348816 - critic/rewards/mean:0.11692707985639572 - critic/rewards/max:1.0416666269302368 - critic/rewards/min:-0.09166666865348816 - critic/advantages/mean:0.2365831434726715 - critic/advantages/max:2.3136870861053467 - critic/advantages/min:-1.8957314491271973 - critic/returns/mean:0.2365831434726715 - critic/returns/max:2.3136870861053467 - critic/returns/min:-1.8957314491271973 - response_length/mean:77.84375 - response_length/max:464.0 - response_length/min:4.0 - response_length/clip_ratio:0.03125 - response_length_non_aborted/mean:77.84375 - response_length_non_aborted/max:464.0 - response_length_non_aborted/min:4.0 - response_length_non_aborted/clip_ratio:0.03125 - response/aborted_ratio:0.0 - prompt_length/mean:115.5 - prompt_length/max:122.0 - prompt_length/min:105.0 - prompt_length/clip_ratio:0.25 - timing_s/gen:4.411142049008049 - timing_s/old_log_prob:1.1675871789921075 - timing_s/adv:0.2413376090116799 - timing_s/update_actor:2.086768518027384 - timing_s/update_weights:1.0606789330486208 - timing_s/step:9.364316199964378 - timing_per_token_ms/adv:0.03783314140330458 - timing_per_token_ms/update_actor:0.3271309794681586 - timing_per_token_ms/gen:1.7051186892184187 - perf/total_num_tokens:6379 - perf/time_per_step:9.364316199964378 - perf/throughput:681.2029692060447 - training/num_turns/mean:np.float64(2.0) - training/num_turns/max:np.int64(2) - training/num_turns/min:np.int64(2) - training/off_policy/trajectory_spans/mean:np.float64(1.0) - training/off_policy/trajectory_spans/max:np.float64(1.0) - training/off_policy/trajectory_spans/min:np.float64(1.0) - training/off_policy/trajectory_staleness/mean:np.float64(0.0) - training/off_policy/trajectory_staleness/max:np.float64(0.0) - training/off_policy/trajectory_staleness/min:np.float64(0.0) - training/off_policy/trajectory_staleness_worst/mean:np.float64(0.0) - training/off_policy/trajectory_staleness_worst/max:np.float64(0.0) - training/off_policy/trajectory_staleness_worst/min:np.float64(0.0)
[36m(TaskRunnerV1 pid=997342)[0m step:68 - global_seqlen/min:6580 - global_seqlen/max:6580 - global_seqlen/minmax_diff:0 - global_seqlen/balanced_min:6580 - global_seqlen/balanced_max:6580 - global_seqlen/mean:6580.0 - actor/entropy:0.6632465124130249 - training/rollout_probs_diff_valid:1 - training/rollout_probs_diff_max:0.06137475371360779 - training/rollout_probs_diff_mean:0.004948935937136412 - training/rollout_probs_diff_std:0.008740154094994068 - training/rollout_actor_probs_pearson_corr:0.9995549917221069 - rollout_corr/training_ppl:1.124511480331421 - rollout_corr/training_log_ppl:0.09021122753620148 - rollout_corr/kl:0.00084867695113644 - rollout_corr/k3_kl:0.0005768382688984275 - rollout_corr/rollout_ppl:1.1228768825531006 - rollout_corr/rollout_log_ppl:0.08930208534002304 - rollout_corr/log_ppl_diff:0.0009091424872167408 - rollout_corr/log_ppl_abs_diff:0.0019069635309278965 - rollout_corr/log_ppl_diff_max:0.0393044650554657 - rollout_corr/log_ppl_diff_min:-0.020038843154907227 - rollout_corr/ppl_ratio:1.0009307861328125 - rollout_corr/chi2_token:0.0006021261215209961 - rollout_corr/chi2_seq:-0.023871898651123047 - actor/pg_clipfrac:np.float64(0.0) - actor/ppo_kl:np.float64(0.0) - actor/pg_clipfrac_lower:np.float64(0.0) - actor/pg_loss:np.float64(-0.24486888945102692) - actor/loss:np.float64(-0.24486888945102692) - actor/grad_norm:np.float64(0.2654978036880493) - actor/lr:np.float64(1e-06) - actor/perf/max_memory_allocated_gb:np.float64(18.28952407836914) - actor/perf/max_memory_reserved_gb:np.float64(30.51171875) - actor/perf/cpu_memory_used_gb:np.float64(32.84103775024414) - perf/mfu/actor:np.float64(0.03922059052804019) - training/global_step:68 - training/epoch:0 - critic/score/mean:0.18020832538604736 - critic/score/max:1.0083333253860474 - critic/score/min:-0.0416666679084301 - critic/rewards/mean:0.18020832538604736 - critic/rewards/max:1.0083333253860474 - critic/rewards/min:-0.0416666679084301 - critic/advantages/mean:0.2448689192533493 - critic/advantages/max:2.4745936393737793 - critic/advantages/min:-0.7633639574050903 - critic/returns/mean:0.2448689192533493 - critic/returns/max:2.4745936393737793 - critic/returns/min:-0.7633639574050903 - response_length/mean:79.875 - response_length/max:461.0 - response_length/min:4.0 - response_length/clip_ratio:0.03125 - response_length_non_aborted/mean:79.875 - response_length_non_aborted/max:461.0 - response_length_non_aborted/min:4.0 - response_length_non_aborted/clip_ratio:0.03125 - response/aborted_ratio:0.0 - prompt_length/mean:119.75 - prompt_length/max:152.0 - prompt_length/min:79.0 - prompt_length/clip_ratio:0.25 - timing_s/gen:4.4467309699975885 - timing_s/old_log_prob:1.1710789270000532 - timing_s/adv:0.23780826904112473 - timing_s/update_actor:2.119059839984402 - timing_s/update_weights:1.0911200870177709 - timing_s/step:9.470771730993874 - timing_per_token_ms/adv:0.036141074322359384 - timing_per_token_ms/update_actor:0.32204556838668724 - timing_per_token_ms/gen:1.6767462179478088 - perf/total_num_tokens:6580 - perf/time_per_step:9.470771730993874 - perf/throughput:694.7691473194748 - training/num_turns/mean:np.float64(2.0) - training/num_turns/max:np.int64(2) - training/num_turns/min:np.int64(2) - training/off_policy/trajectory_spans/mean:np.float64(1.0) - training/off_policy/trajectory_spans/max:np.float64(1.0) - training/off_policy/trajectory_spans/min:np.float64(1.0) - training/off_policy/trajectory_staleness/mean:np.float64(0.0) - training/off_policy/trajectory_staleness/max:np.float64(0.0) - training/off_policy/trajectory_staleness/min:np.float64(0.0) - training/off_policy/trajectory_staleness_worst/mean:np.float64(0.0) - training/off_policy/trajectory_staleness_worst/max:np.float64(0.0) - training/off_policy/trajectory_staleness_worst/min:np.float64(0.0)
[36m(TaskRunnerV1 pid=997342)[0m step:69 - global_seqlen/min:6763 - global_seqlen/max:6763 - global_seqlen/minmax_diff:0 - global_seqlen/balanced_min:6763 - global_seqlen/balanced_max:6763 - global_seqlen/mean:6763.0 - actor/entropy:0.5758429169654846 - training/rollout_probs_diff_valid:1 - training/rollout_probs_diff_max:0.061939895153045654 - training/rollout_probs_diff_mean:0.004876484628766775 - training/rollout_probs_diff_std:0.00918215699493885 - training/rollout_actor_probs_pearson_corr:0.9994809627532959 - rollout_corr/training_ppl:1.1916240453720093 - rollout_corr/training_log_ppl:0.11055447161197662 - rollout_corr/kl:0.0006646299152635038 - rollout_corr/k3_kl:0.00053688685875386 - rollout_corr/rollout_ppl:1.1911441087722778 - rollout_corr/rollout_log_ppl:0.11033165454864502 - rollout_corr/log_ppl_diff:0.00022280996199697256 - rollout_corr/log_ppl_abs_diff:0.0025376826524734497 - rollout_corr/log_ppl_diff_max:0.023330554366111755 - rollout_corr/log_ppl_diff_min:-0.03309115767478943 - rollout_corr/ppl_ratio:1.0002477169036865 - rollout_corr/chi2_token:0.0008070468902587891 - rollout_corr/chi2_seq:0.004657745361328125 - actor/pg_clipfrac:np.float64(0.0) - actor/ppo_kl:np.float64(0.0) - actor/pg_clipfrac_lower:np.float64(0.0) - actor/pg_loss:np.float64(0.6917551159858704) - actor/loss:np.float64(0.6917551159858704) - actor/grad_norm:np.float64(0.21613667905330658) - actor/lr:np.float64(1e-06) - actor/perf/max_memory_allocated_gb:np.float64(18.28952407836914) - actor/perf/max_memory_reserved_gb:np.float64(30.51171875) - actor/perf/cpu_memory_used_gb:np.float64(32.847023010253906) - perf/mfu/actor:np.float64(0.03965426508090326) - training/global_step:69 - training/epoch:0 - critic/score/mean:0.6109374761581421 - critic/score/max:1.0666667222976685 - critic/score/min:-0.03333333507180214 - critic/rewards/mean:0.6109374761581421 - critic/rewards/max:1.0666667222976685 - critic/rewards/min:-0.03333333507180214 - critic/advantages/mean:-0.6917551159858704 - critic/advantages/max:1.6188942193984985 - critic/advantages/min:-1.704728126525879 - critic/returns/mean:-0.6917551159858704 - critic/returns/max:1.6188942193984985 - critic/returns/min:-1.704728126525879 - response_length/mean:91.59375 - response_length/max:459.0 - response_length/min:4.0 - response_length/clip_ratio:0.03125 - response_length_non_aborted/mean:91.59375 - response_length_non_aborted/max:459.0 - response_length_non_aborted/min:4.0 - response_length_non_aborted/clip_ratio:0.03125 - response/aborted_ratio:0.0 - prompt_length/mean:113.75 - prompt_length/max:126.0 - prompt_length/min:92.0 - prompt_length/clip_ratio:0.25 - timing_s/gen:4.438345534028485 - timing_s/old_log_prob:1.1718126109917648 - timing_s/adv:0.2393601110088639 - timing_s/update_actor:2.1382465910282917 - timing_s/update_weights:1.0759495369857177 - timing_s/step:9.46454974700464 - timing_per_token_ms/adv:0.03539259367275823 - timing_per_token_ms/update_actor:0.31616835591132514 - timing_per_token_ms/gen:1.466252241172278 - perf/total_num_tokens:6763 - perf/time_per_step:9.46454974700464 - perf/throughput:714.5611973924453 - training/num_turns/mean:np.float64(2.0) - training/num_turns/max:np.int64(2) - training/num_turns/min:np.int64(2) - training/off_policy/trajectory_spans/mean:np.float64(1.0) - training/off_policy/trajectory_spans/max:np.float64(1.0) - training/off_policy/trajectory_spans/min:np.float64(1.0) - training/off_policy/trajectory_staleness/mean:np.float64(0.0) - training/off_policy/trajectory_staleness/max:np.float64(0.0) - training/off_policy/trajectory_staleness/min:np.float64(0.0) - training/off_policy/trajectory_staleness_worst/mean:np.float64(0.0) - training/off_policy/trajectory_staleness_worst/max:np.float64(0.0) - training/off_policy/trajectory_staleness_worst/min:np.float64(0.0)[36m(TaskRunnerV1 pid=997342)[0m Training Progress:  55%|█████▌    | 69/125 [11:36<09:00,  9.66s/it]
[36m(WorkerDict pid=998593)[0m INFO:2026-07-05 14:41:07,679:update_weights done, time cost: 0.37s
[36m(TaskRunnerV1 pid=997342)[0m Training Progress:  56%|█████▌    | 70/125 [11:45<08:49,  9.62s/it]
[36m(WorkerDict pid=998593)[0m INFO:2026-07-05 14:41:17,072:update_weights done, time cost: 0.36s
[36m(TaskRunnerV1 pid=997342)[0m Training Progress:  57%|█████▋    | 71/125 [11:55<08:35,  9.55s/it]
[36m(WorkerDict pid=998593)[0m INFO:2026-07-05 14:41:26,941:update_weights done, time cost: 0.37s

[36m(TaskRunnerV1 pid=997342)[0m step:70 - global_seqlen/min:6391 - global_seqlen/max:6391 - global_seqlen/minmax_diff:0 - global_seqlen/balanced_min:6391 - global_seqlen/balanced_max:6391 - global_seqlen/mean:6391.0 - actor/entropy:0.7553185820579529 - training/rollout_probs_diff_valid:1 - training/rollout_probs_diff_max:0.07791614532470703 - training/rollout_probs_diff_mean:0.005584766622632742 - training/rollout_probs_diff_std:0.009369999170303345 - training/rollout_actor_probs_pearson_corr:0.9995003938674927 - rollout_corr/training_ppl:1.1826061010360718 - rollout_corr/training_log_ppl:0.12341902405023575 - rollout_corr/kl:0.00021375270443968475 - rollout_corr/k3_kl:0.000703688187059015 - rollout_corr/rollout_ppl:1.182532548904419 - rollout_corr/rollout_log_ppl:0.123074471950531 - rollout_corr/log_ppl_diff:0.00034454616252332926 - rollout_corr/log_ppl_abs_diff:0.0025863531045615673 - rollout_corr/log_ppl_diff_max:0.05282023549079895 - rollout_corr/log_ppl_diff_min:-0.03798335790634155 - rollout_corr/ppl_ratio:1.0003762245178223 - rollout_corr/chi2_token:0.002391338348388672 - rollout_corr/chi2_seq:0.04784584045410156 - actor/pg_clipfrac:np.float64(0.0) - actor/ppo_kl:np.float64(0.0) - actor/pg_clipfrac_lower:np.float64(0.0) - actor/pg_loss:np.float64(0.3393990695476532) - actor/loss:np.float64(0.3393990695476532) - actor/grad_norm:np.float64(0.2077956646680832) - actor/lr:np.float64(1e-06) - actor/perf/max_memory_allocated_gb:np.float64(18.28952407836914) - actor/perf/max_memory_reserved_gb:np.float64(30.51171875) - actor/perf/cpu_memory_used_gb:np.float64(32.84260177612305) - perf/mfu/actor:np.float64(0.03850068911065366) - training/global_step:70 - training/epoch:0 - critic/score/mean:0.5164062976837158 - critic/score/max:1.0750000476837158 - critic/score/min:-0.10000000149011612 - critic/rewards/mean:0.5164062976837158 - critic/rewards/max:1.0750000476837158 - critic/rewards/min:-0.10000000149011612 - critic/advantages/mean:-0.3393990397453308 - critic/advantages/max:1.6179728507995605 - critic/advantages/min:-1.290644884109497 - critic/returns/mean:-0.3393990397453308 - critic/returns/max:1.6179728507995605 - critic/returns/min:-1.290644884109497 - response_length/mean:83.46875 - response_length/max:458.0 - response_length/min:4.0 - response_length/clip_ratio:0.03125 - response_length_non_aborted/mean:83.46875 - response_length_non_aborted/max:458.0 - response_length_non_aborted/min:4.0 - response_length_non_aborted/clip_ratio:0.03125 - response/aborted_ratio:0.0 - prompt_length/mean:110.25 - prompt_length/max:124.0 - prompt_length/min:92.0 - prompt_length/clip_ratio:0.25 - timing_s/gen:4.427085219009314 - timing_s/old_log_prob:1.158091067976784 - timing_s/adv:0.23903959803283215 - timing_s/update_actor:2.09561435400974 - timing_s/update_weights:1.0813578039524145 - timing_s/step:9.404601693968289 - timing_per_token_ms/adv:0.03740253450678018 - timing_per_token_ms/update_actor:0.3279008533891003 - timing_per_token_ms/gen:1.5999585178927769 - perf/total_num_tokens:6391 - perf/time_per_step:9.404601693968289 - perf/throughput:679.5609434580218 - training/num_turns/mean:np.float64(2.0) - training/num_turns/max:np.int64(2) - training/num_turns/min:np.int64(2) - training/off_policy/trajectory_spans/mean:np.float64(1.0) - training/off_policy/trajectory_spans/max:np.float64(1.0) - training/off_policy/trajectory_spans/min:np.float64(1.0) - training/off_policy/trajectory_staleness/mean:np.float64(0.0) - training/off_policy/trajectory_staleness/max:np.float64(0.0) - training/off_policy/trajectory_staleness/min:np.float64(0.0) - training/off_policy/trajectory_staleness_worst/mean:np.float64(0.0) - training/off_policy/trajectory_staleness_worst/max:np.float64(0.0) - training/off_policy/trajectory_staleness_worst/min:np.float64(0.0)
[36m(TaskRunnerV1 pid=997342)[0m step:71 - global_seqlen/min:5324 - global_seqlen/max:5324 - global_seqlen/minmax_diff:0 - global_seqlen/balanced_min:5324 - global_seqlen/balanced_max:5324 - global_seqlen/mean:5324.0 - actor/entropy:0.7799788117408752 - training/rollout_probs_diff_valid:1 - training/rollout_probs_diff_max:0.07219868898391724 - training/rollout_probs_diff_mean:0.005995507352054119 - training/rollout_probs_diff_std:0.009844217449426651 - training/rollout_actor_probs_pearson_corr:0.9994721412658691 - rollout_corr/training_ppl:1.1538379192352295 - rollout_corr/training_log_ppl:0.10899309813976288 - rollout_corr/kl:0.0026183566078543663 - rollout_corr/k3_kl:0.0009075183770619333 - rollout_corr/rollout_ppl:1.1520802974700928 - rollout_corr/rollout_log_ppl:0.107940673828125 - rollout_corr/log_ppl_diff:0.0010524203535169363 - rollout_corr/log_ppl_abs_diff:0.0033602591138333082 - rollout_corr/log_ppl_diff_max:0.045371800661087036 - rollout_corr/log_ppl_diff_min:-0.037820130586624146 - rollout_corr/ppl_ratio:1.0010948181152344 - rollout_corr/chi2_token:-0.0016242265701293945 - rollout_corr/chi2_seq:8.058547973632812e-05 - actor/pg_clipfrac:np.float64(0.0) - actor/ppo_kl:np.float64(0.0) - actor/pg_clipfrac_lower:np.float64(0.0) - actor/pg_loss:np.float64(0.288126140832901) - actor/loss:np.float64(0.288126140832901) - actor/grad_norm:np.float64(0.2643616497516632) - actor/lr:np.float64(1e-06) - actor/perf/max_memory_allocated_gb:np.float64(18.28952407836914) - actor/perf/max_memory_reserved_gb:np.float64(30.51171875) - actor/perf/cpu_memory_used_gb:np.float64(32.83958053588867) - perf/mfu/actor:np.float64(0.03449098707525348) - training/global_step:71 - training/epoch:0 - critic/score/mean:0.4268229305744171 - critic/score/max:1.024999976158142 - critic/score/min:-0.10000000149011612 - critic/rewards/mean:0.4268229305744171 - critic/rewards/max:1.024999976158142 - critic/rewards/min:-0.10000000149011612 - critic/advantages/mean:-0.2881261706352234 - critic/advantages/max:1.6183172464370728 - critic/advantages/min:-1.2129795551300049 - critic/returns/mean:-0.2881261706352234 - critic/returns/max:1.6183172464370728 - critic/returns/min:-1.2129795551300049 - response_length/mean:56.375 - response_length/max:349.0 - response_length/min:4.0 - response_length/clip_ratio:0.03125 - response_length_non_aborted/mean:56.375 - response_length_non_aborted/max:349.0 - response_length_non_aborted/min:4.0 - response_length_non_aborted/clip_ratio:0.03125 - response/aborted_ratio:0.0 - prompt_length/mean:104.0 - prompt_length/max:109.0 - prompt_length/min:99.0 - prompt_length/clip_ratio:0.25 - timing_s/gen:4.455789252009708 - timing_s/old_log_prob:1.1170130650280043 - timing_s/adv:0.2375113780144602 - timing_s/update_actor:1.954713557031937 - timing_s/update_weights:1.078981019963976 - timing_s/step:9.250633266987279 - timing_per_token_ms/adv:0.044611453421198384 - timing_per_token_ms/update_actor:0.36715130673026614 - timing_per_token_ms/gen:2.3451522378998466 - perf/total_num_tokens:5324 - perf/time_per_step:9.250633266987279 - perf/throughput:575.5281661634724 - training/num_turns/mean:np.float64(2.0) - training/num_turns/max:np.int64(2) - training/num_turns/min:np.int64(2) - training/off_policy/trajectory_spans/mean:np.float64(1.0) - training/off_policy/trajectory_spans/max:np.float64(1.0) - training/off_policy/trajectory_spans/min:np.float64(1.0) - training/off_policy/trajectory_staleness/mean:np.float64(0.0) - training/off_policy/trajectory_staleness/max:np.float64(0.0) - training/off_policy/trajectory_staleness/min:np.float64(0.0) - training/off_policy/trajectory_staleness_worst/mean:np.float64(0.0) - training/off_policy/trajectory_staleness_worst/max:np.float64(0.0) - training/off_policy/trajectory_staleness_worst/min:np.float64(0.0)
[36m(TaskRunnerV1 pid=997342)[0m step:72 - global_seqlen/min:7617 - global_seqlen/max:7617 - global_seqlen/minmax_diff:0 - global_seqlen/balanced_min:7617 - global_seqlen/balanced_max:7617 - global_seqlen/mean:7617.0 - actor/entropy:0.6494374871253967 - training/rollout_probs_diff_valid:1 - training/rollout_probs_diff_max:0.06187176704406738 - training/rollout_probs_diff_mean:0.004562615416944027 - training/rollout_probs_diff_std:0.008772586472332478 - training/rollout_actor_probs_pearson_corr:0.9995828866958618 - rollout_corr/training_ppl:1.1859148740768433 - rollout_corr/training_log_ppl:0.1269504725933075 - rollout_corr/kl:0.0003967395459767431 - rollout_corr/k3_kl:0.0006222072406671941 - rollout_corr/rollout_ppl:1.1852664947509766 - rollout_corr/rollout_log_ppl:0.12620055675506592 - rollout_corr/log_ppl_diff:0.0007499341736547649 - rollout_corr/log_ppl_abs_diff:0.0028622797690331936 - rollout_corr/log_ppl_diff_max:0.04654756188392639 - rollout_corr/log_ppl_diff_min:-0.05417931079864502 - rollout_corr/ppl_ratio:1.0007866621017456 - rollout_corr/chi2_token:0.0017096996307373047 - rollout_corr/chi2_seq:0.7169594764709473 - actor/pg_clipfrac:np.float64(0.0) - actor/ppo_kl:np.float64(0.0) - actor/pg_clipfrac_lower:np.float64(0.0) - actor/pg_loss:np.float64(-0.36324426531791687) - actor/loss:np.float64(-0.36324426531791687) - actor/grad_norm:np.float64(0.21165356040000916) - actor/lr:np.float64(1e-06) - actor/perf/max_memory_allocated_gb:np.float64(18.28952407836914) - actor/perf/max_memory_reserved_gb:np.float64(30.51171875) - actor/perf/cpu_memory_used_gb:np.float64(32.86063766479492) - perf/mfu/actor:np.float64(0.04095792068927798) - training/global_step:72 - training/epoch:0 - critic/score/mean:0.26614585518836975 - critic/score/max:1.0499999523162842 - critic/score/min:-0.03333333507180214 - critic/rewards/mean:0.26614585518836975 - critic/rewards/max:1.0499999523162842 - critic/rewards/min:-0.03333333507180214 - critic/advantages/mean:0.36324426531791687 - critic/advantages/max:2.474454164505005 - critic/advantages/min:-0.9840336441993713 - critic/returns/mean:0.36324426531791687 - critic/returns/max:2.474454164505005 - critic/returns/min:-0.9840336441993713 - response_length/mean:110.78125 - response_length/max:512.0 - response_length/min:4.0 - response_length/clip_ratio:0.0625 - response_length_non_aborted/mean:110.78125 - response_length_non_aborted/max:512.0 - response_length_non_aborted/min:4.0 - response_length_non_aborted/clip_ratio:0.0625 - response/aborted_ratio:0.0 - prompt_length/mean:121.25 - prompt_length/max:174.0 - prompt_length/min:81.0 - prompt_length/clip_ratio:0.25 - timing_s/gen:4.413288653013296 - timing_s/old_log_prob:1.2386659369803965 - timing_s/adv:0.23760623397538438 - timing_s/update_actor:2.3232749070157297 - timing_s/update_weights:1.0910250330343843 - timing_s/step:9.708268580958247 - timing_per_token_ms/adv:0.031194201650962896 - timing_per_token_ms/update_actor:0.30501180346799656 - timing_per_token_ms/gen:1.2121089406792904 - perf/total_num_tokens:7617 - perf/time_per_step:9.708268580958247 - perf/throughput:784.5889240167859 - training/num_turns/mean:np.float64(2.0) - training/num_turns/max:np.int64(2) - training/num_turns/min:np.int64(2) - training/off_policy/trajectory_spans/mean:np.float64(1.0) - training/off_policy/trajectory_spans/max:np.float64(1.0) - training/off_policy/trajectory_spans/min:np.float64(1.0) - training/off_policy/trajectory_staleness/mean:np.float64(0.0) - training/off_policy/trajectory_staleness/max:np.float64(0.0) - training/off_policy/trajectory_staleness/min:np.float64(0.0) - training/off_policy/trajectory_staleness_worst/mean:np.float64(0.0) - training/off_policy/trajectory_staleness_worst/max:np.float64(0.0) - training/off_policy/trajectory_staleness_worst/min:np.float64(0.0)[36m(TaskRunnerV1 pid=997342)[0m Training Progress:  58%|█████▊    | 72/125 [12:05<08:31,  9.64s/it]
[36m(WorkerDict pid=998593)[0m INFO:2026-07-05 14:41:36,215:update_weights done, time cost: 0.37s
[36m(TaskRunnerV1 pid=997342)[0m Training Progress:  58%|█████▊    | 73/125 [12:14<08:16,  9.54s/it]
[36m(WorkerDict pid=998593)[0m INFO:2026-07-05 14:41:45,699:update_weights done, time cost: 0.35s
[36m(TaskRunnerV1 pid=997342)[0m Training Progress:  59%|█████▉    | 74/125 [12:23<08:04,  9.51s/it]
[36m(WorkerDict pid=998593)[0m INFO:2026-07-05 14:41:55,608:update_weights done, time cost: 0.39s

[36m(TaskRunnerV1 pid=997342)[0m step:73 - global_seqlen/min:5080 - global_seqlen/max:5080 - global_seqlen/minmax_diff:0 - global_seqlen/balanced_min:5080 - global_seqlen/balanced_max:5080 - global_seqlen/mean:5080.0 - actor/entropy:0.6805586218833923 - training/rollout_probs_diff_valid:1 - training/rollout_probs_diff_max:0.0623268187046051 - training/rollout_probs_diff_mean:0.004795869812369347 - training/rollout_probs_diff_std:0.008790065534412861 - training/rollout_actor_probs_pearson_corr:0.9995788335800171 - rollout_corr/training_ppl:1.1661276817321777 - rollout_corr/training_log_ppl:0.11878567934036255 - rollout_corr/kl:0.00010049741104012355 - rollout_corr/k3_kl:0.0006410512141883373 - rollout_corr/rollout_ppl:1.1644455194473267 - rollout_corr/rollout_log_ppl:0.11806564033031464 - rollout_corr/log_ppl_diff:0.0007200432009994984 - rollout_corr/log_ppl_abs_diff:0.002445269376039505 - rollout_corr/log_ppl_diff_max:0.045216262340545654 - rollout_corr/log_ppl_diff_min:-0.041288554668426514 - rollout_corr/ppl_ratio:1.0007495880126953 - rollout_corr/chi2_token:0.0023665428161621094 - rollout_corr/chi2_seq:0.01264047622680664 - actor/pg_clipfrac:np.float64(0.0) - actor/ppo_kl:np.float64(0.0) - actor/pg_clipfrac_lower:np.float64(0.0) - actor/pg_loss:np.float64(-0.14976440370082855) - actor/loss:np.float64(-0.14976440370082855) - actor/grad_norm:np.float64(0.3676646053791046) - actor/lr:np.float64(1e-06) - actor/perf/max_memory_allocated_gb:np.float64(18.28952407836914) - actor/perf/max_memory_reserved_gb:np.float64(30.51171875) - actor/perf/cpu_memory_used_gb:np.float64(32.842899322509766) - perf/mfu/actor:np.float64(0.033772131091913196) - training/global_step:73 - training/epoch:0 - critic/score/mean:0.3971354365348816 - critic/score/max:1.0583332777023315 - critic/score/min:-0.008333333767950535 - critic/rewards/mean:0.3971354365348816 - critic/rewards/max:1.0583332777023315 - critic/rewards/min:-0.008333333767950535 - critic/advantages/mean:0.14976438879966736 - critic/advantages/max:2.474782705307007 - critic/advantages/min:-0.9393060803413391 - critic/returns/mean:0.14976438879966736 - critic/returns/max:2.474782705307007 - critic/returns/min:-0.9393060803413391 - response_length/mean:29.5 - response_length/max:324.0 - response_length/min:4.0 - response_length/clip_ratio:0.03125 - response_length_non_aborted/mean:29.5 - response_length_non_aborted/max:324.0 - response_length_non_aborted/min:4.0 - response_length_non_aborted/clip_ratio:0.03125 - response/aborted_ratio:0.0 - prompt_length/mean:123.25 - prompt_length/max:141.0 - prompt_length/min:94.0 - prompt_length/clip_ratio:0.25 - timing_s/gen:4.455974425014574 - timing_s/old_log_prob:1.0766321530099958 - timing_s/adv:0.23583779600448906 - timing_s/update_actor:1.9142106020008214 - timing_s/update_weights:1.0655253820004873 - timing_s/step:9.154304423020221 - timing_per_token_ms/adv:0.046424762993009655 - timing_per_token_ms/update_actor:0.37681311063008294 - timing_per_token_ms/gen:4.284590793283244 - perf/total_num_tokens:5080 - perf/time_per_step:9.154304423020221 - perf/throughput:554.9302017120366 - training/num_turns/mean:np.float64(2.0) - training/num_turns/max:np.int64(2) - training/num_turns/min:np.int64(2) - training/off_policy/trajectory_spans/mean:np.float64(1.0) - training/off_policy/trajectory_spans/max:np.float64(1.0) - training/off_policy/trajectory_spans/min:np.float64(1.0) - training/off_policy/trajectory_staleness/mean:np.float64(0.0) - training/off_policy/trajectory_staleness/max:np.float64(0.0) - training/off_policy/trajectory_staleness/min:np.float64(0.0) - training/off_policy/trajectory_staleness_worst/mean:np.float64(0.0) - training/off_policy/trajectory_staleness_worst/max:np.float64(0.0) - training/off_policy/trajectory_staleness_worst/min:np.float64(0.0)
[36m(TaskRunnerV1 pid=997342)[0m step:74 - global_seqlen/min:5968 - global_seqlen/max:5968 - global_seqlen/minmax_diff:0 - global_seqlen/balanced_min:5968 - global_seqlen/balanced_max:5968 - global_seqlen/mean:5968.0 - actor/entropy:0.9294519424438477 - training/rollout_probs_diff_valid:1 - training/rollout_probs_diff_max:0.06228458881378174 - training/rollout_probs_diff_mean:0.00537100899964571 - training/rollout_probs_diff_std:0.008929761126637459 - training/rollout_actor_probs_pearson_corr:0.9996039271354675 - rollout_corr/training_ppl:1.264444351196289 - rollout_corr/training_log_ppl:0.14810848236083984 - rollout_corr/kl:0.0013940000208094716 - rollout_corr/k3_kl:0.0007772782701067626 - rollout_corr/rollout_ppl:1.2645689249038696 - rollout_corr/rollout_log_ppl:0.14847755432128906 - rollout_corr/log_ppl_diff:-0.00036906986497342587 - rollout_corr/log_ppl_abs_diff:0.0018754720222204924 - rollout_corr/log_ppl_diff_max:0.02142488956451416 - rollout_corr/log_ppl_diff_min:-0.02312445640563965 - rollout_corr/ppl_ratio:0.9996435046195984 - rollout_corr/chi2_token:0.0003018379211425781 - rollout_corr/chi2_seq:-0.0152740478515625 - actor/pg_clipfrac:np.float64(0.0) - actor/ppo_kl:np.float64(0.0) - actor/pg_clipfrac_lower:np.float64(0.0) - actor/pg_loss:np.float64(-0.4955560266971588) - actor/loss:np.float64(-0.4955560266971588) - actor/grad_norm:np.float64(0.2666756212711334) - actor/lr:np.float64(1e-06) - actor/perf/max_memory_allocated_gb:np.float64(18.28952407836914) - actor/perf/max_memory_reserved_gb:np.float64(30.51171875) - actor/perf/cpu_memory_used_gb:np.float64(32.85944366455078) - perf/mfu/actor:np.float64(0.03716227893494537) - training/global_step:74 - training/epoch:0 - critic/score/mean:0.22447915375232697 - critic/score/max:1.0499999523162842 - critic/score/min:-0.03333333507180214 - critic/rewards/mean:0.22447915375232697 - critic/rewards/max:1.0499999523162842 - critic/rewards/min:-0.03333333507180214 - critic/advantages/mean:0.4955559968948364 - critic/advantages/max:2.4311201572418213 - critic/advantages/min:-1.2598528861999512 - critic/returns/mean:0.4955559968948364 - critic/returns/max:2.4311201572418213 - critic/returns/min:-1.2598528861999512 - response_length/mean:81.75 - response_length/max:442.0 - response_length/min:4.0 - response_length/clip_ratio:0.03125 - response_length_non_aborted/mean:81.75 - response_length_non_aborted/max:442.0 - response_length_non_aborted/min:4.0 - response_length_non_aborted/clip_ratio:0.03125 - response/aborted_ratio:0.0 - prompt_length/mean:98.75 - prompt_length/max:123.0 - prompt_length/min:86.0 - prompt_length/clip_ratio:0.25 - timing_s/gen:4.423494982009288 - timing_s/old_log_prob:1.1752229940029792 - timing_s/adv:0.24130060500465333 - timing_s/update_actor:2.0312242960208096 - timing_s/update_weights:1.009507675014902 - timing_s/step:9.288419373973738 - timing_per_token_ms/adv:0.04043240700480116 - timing_per_token_ms/update_actor:0.3403525965182322 - timing_per_token_ms/gen:1.6310822205048996 - perf/total_num_tokens:5968 - perf/time_per_step:9.288419373973738 - perf/throughput:642.5205150321277 - training/num_turns/mean:np.float64(2.0) - training/num_turns/max:np.int64(2) - training/num_turns/min:np.int64(2) - training/off_policy/trajectory_spans/mean:np.float64(1.0) - training/off_policy/trajectory_spans/max:np.float64(1.0) - training/off_policy/trajectory_spans/min:np.float64(1.0) - training/off_policy/trajectory_staleness/mean:np.float64(0.0) - training/off_policy/trajectory_staleness/max:np.float64(0.0) - training/off_policy/trajectory_staleness/min:np.float64(0.0) - training/off_policy/trajectory_staleness_worst/mean:np.float64(0.0) - training/off_policy/trajectory_staleness_worst/max:np.float64(0.0) - training/off_policy/trajectory_staleness_worst/min:np.float64(0.0)
[36m(TaskRunnerV1 pid=997342)[0m Dumped generations to /data2/hjk/projects/AI-HiddenState-ER/rl_audit/mathverse_text_qwen25_1p5b_grpo_c_option_gain_formal_seed42/validation_generations/75.jsonl
[36m(TaskRunnerV1 pid=997342)[0m step:75 - global_seqlen/min:8021 - global_seqlen/max:8021 - global_seqlen/minmax_diff:0 - global_seqlen/balanced_min:8021 - global_seqlen/balanced_max:8021 - global_seqlen/mean:8021.0 - actor/entropy:0.534657895565033 - training/rollout_probs_diff_valid:1 - training/rollout_probs_diff_max:0.07981234788894653 - training/rollout_probs_diff_mean:0.004557168111205101 - training/rollout_probs_diff_std:0.008519102819263935 - training/rollout_actor_probs_pearson_corr:0.9995344281196594 - rollout_corr/training_ppl:1.1410472393035889 - rollout_corr/training_log_ppl:0.10155071318149567 - rollout_corr/kl:0.0002991928777191788 - rollout_corr/k3_kl:0.0005098791443742812 - rollout_corr/rollout_ppl:1.143061876296997 - rollout_corr/rollout_log_ppl:0.1027856171131134 - rollout_corr/log_ppl_diff:-0.001234911847859621 - rollout_corr/log_ppl_abs_diff:0.0025489439722150564 - rollout_corr/log_ppl_diff_max:0.028011083602905273 - rollout_corr/log_ppl_diff_min:-0.046276941895484924 - rollout_corr/ppl_ratio:0.998794674873352 - rollout_corr/chi2_token:0.0014350414276123047 - rollout_corr/chi2_seq:0.01673424243927002 - actor/pg_clipfrac:np.float64(0.0) - actor/ppo_kl:np.float64(0.0) - actor/pg_clipfrac_lower:np.float64(0.0) - actor/pg_loss:np.float64(0.024697819724678993) - actor/loss:np.float64(0.024697819724678993) - actor/grad_norm:np.float64(0.17208003997802734) - actor/lr:np.float64(1e-06) - actor/perf/max_memory_allocated_gb:np.float64(18.28952407836914) - actor/perf/max_memory_reserved_gb:np.float64(30.51171875) - actor/perf/cpu_memory_used_gb:np.float64(32.874176025390625) - perf/mfu/actor:np.float64(0.04222012466352821) - val-aux/MathVerseTextA0Clean/reward/mean@1:np.float64(0.46777342694986146) - val-aux/MathVerseTextA0Clean/score/mean@1:np.float64(0.46777343750000006) - val-core/MathVerseTextA0Clean/acc/mean@1:np.float64(0.46875) - val-aux/MathVerseTextA0Clean/answer_reward/mean@1:np.float64(0.46875) - val-aux/MathVerseTextA0Clean/parsed_answer/mean@1:np.float64(1.0) - val-aux/MathVerseTextA0Clean/option_logit_gain/mean@1:np.float64(-0.0048828125) - val-aux/MathVerseTextA0Clean/option_bonus/mean@1:np.float64(-0.0009765625000000004) - val-aux/MathVerseTextA0Clean/option_margin_start/mean@1:np.float64(-0.16015625) - val-aux/MathVerseTextA0Clean/option_margin_end/mean@1:np.float64(-0.142578125) - val-aux/MathVerseTextA0Clean/option_margin_delta/mean@1:np.float64(0.017578125) - val-aux/MathVerseTextA0Clean/option_probe_count/mean@1:np.float64(4.0) - val-aux/MathVerseTextA0Clean/option_probe_failed/mean@1:np.float64(0.0) - val-aux/num_turns/min:np.int64(2) - val-aux/num_turns/max:np.int64(2) - val-aux/num_turns/mean:np.float64(2.0) - training/global_step:75 - training/epoch:0 - critic/score/mean:0.49921876192092896 - critic/score/max:1.0333333015441895 - critic/score/min:-0.07500000298023224 - critic/rewards/mean:0.49921876192092896 - critic/rewards/max:1.0333333015441895 - critic/rewards/min:-0.07500000298023224 - critic/advantages/mean:-0.02469775266945362 - critic/advantages/max:1.2118918895721436 - critic/advantages/min:-1.2807056903839111 - critic/returns/mean:-0.02469775266945362 - critic/returns/max:1.2118918895721436 - critic/returns/min:-1.2807056903839111 - response_length/mean:122.90625 - response_length/max:512.0 - response_length/min:4.0 - response_length/clip_ratio:0.125 - response_length_non_aborted/mean:122.90625 - response_length_non_aborted/max:512.0 - response_length_non_aborted/min:4.0 - response_length_non_aborted/clip_ratio:0.125 - response/aborted_ratio:0.0 - prompt_length/mean:121.75 - prompt_length/max:157.0 - prompt_length/min:90.0 - prompt_length/clip_ratio:0.25 - timing_s/gen:4.433088386955205 - timing_s/old_log_prob:1.2697067449917085 - timing_s/adv:0.24392843496752903 - timing_s/update_actor:2.326300896005705 - timing_s/update_weights:1.1373038009623997 - timing_s/step:9.813858714012895 - timing_s/testing:10.84098883898696 - timing_per_token_ms/adv:0.030411224905564024 - timing_per_token_ms/update_actor:0.29002629298163635 - timing_per_token_ms/gen:1.1002949582911903 - perf/total_num_tokens:8021 - perf/time_per_step:9.813858714012895 - perf/throughput:817.313580085178 - training/num_turns/mean:np.float64(2.0) - training/num_turns/max:np.int64(2) - training/num_turns/min:np.int64(2) - training/off_policy/trajectory_spans/mean:np.float64(1.0) - training/off_policy/trajectory_spans/max:np.float64(1.0) - training/off_policy/trajectory_spans/min:np.float64(1.0) - training/off_policy/trajectory_staleness/mean:np.float64(0.0) - training/off_policy/trajectory_staleness/max:np.float64(0.0) - training/off_policy/trajectory_staleness/min:np.float64(0.0) - training/off_policy/trajectory_staleness_worst/mean:np.float64(0.0) - training/off_policy/trajectory_staleness_worst/max:np.float64(0.0) - training/off_policy/trajectory_staleness_worst/min:np.float64(0.0)[36m(TaskRunnerV1 pid=997342)[0m Training Progress:  60%|██████    | 75/125 [12:44<10:44, 12.89s/it]
[36m(WorkerDict pid=998593)[0m INFO:2026-07-05 14:42:15,619:update_weights done, time cost: 0.35s
[36m(TaskRunnerV1 pid=997342)[0m Training Progress:  61%|██████    | 76/125 [12:53<09:36, 11.76s/it]
[36m(WorkerDict pid=998593)[0m INFO:2026-07-05 14:42:25,118:update_weights done, time cost: 0.36s
[36m(TransferQueueController pid=997550)[0m 2026-07-05 14:42:25,342 - INFO - transfer_queue.utils.perf_utils - TQ_CONTROLLER_83d5afc3: [Performance] Total success requests: 5851, Total req/min: 1161.35, Total avg process time: 0.0008s; 
[36m(TransferQueueController pid=997550)[0m Time range: last 5.04 minutes; 
[36m(TransferQueueController pid=997550)[0m Per-operation statistics: KV_RETRIEVE_META: req_count=2286, req/min=453.74, avg_time=0.001649s, max_time=0.013427s, min_time=0.000175s; CLEAR_META: req_count=62, req/min=12.31, avg_time=0.000995s, max_time=0.001856s, min_time=0.000357s; SET_CUSTOM_META: req_count=2075, req/min=411.86, avg_time=0.000040s, max_time=0.000144s, min_time=0.000011s; KV_LIST: req_count=99, req/min=19.65, avg_time=0.000102s, max_time=0.000359s, min_time=0.000057s; NOTIFY_DATA_UPDATE: req_count=1300, req/min=258.03, avg_time=0.000373s, max_time=0.001309s, min_time=0.000107s; KV_RETRIEVE_KEYS: req_count=29, req/min=5.76, avg_time=0.000123s, max_time=0.000158s, min_time=0.000106s
[36m(SimpleStorageUnit pid=997619)[0m Per-operation statistics: CLEAR_DATA: req_count=44, req/min=8.73, avg_time=0.011485s, max_time=0.014899s, min_time=0.003273s; PUT_DATA: req_count=258, req/min=51.21, avg_time=0.009130s, max_time=0.014844s, min_time=0.002640s; GET_DATA: req_count=157, req/min=31.16, avg_time=0.011325s, max_time=0.013807s, min_time=0.003952s
[36m(TaskRunnerV1 pid=997342)[0m Training Progress:  62%|██████▏   | 77/125 [13:03<08:52, 11.09s/it]
[36m(WorkerDict pid=998593)[0m INFO:2026-07-05 14:42:34,909:update_weights done, time cost: 0.34s
[36m(SimpleStorageUnit pid=997624)[0m 2026-07-05 14:42:25,376 - INFO - transfer_queue.utils.perf_utils - TQ_STORAGE_UNIT_40595069: [Performance] Total success requests: 462, Total req/min: 91.70, Total avg process time: 0.0096s; [32m [repeated 8x across cluster][0m
[36m(SimpleStorageUnit pid=997624)[0m Time range: last 5.04 minutes; [32m [repeated 8x across cluster][0m
[36m(SimpleStorageUnit pid=997624)[0m Per-operation statistics: CLEAR_DATA: req_count=45, req/min=8.93, avg_time=0.010784s, max_time=0.013685s, min_time=0.007385s; PUT_DATA: req_count=266, req/min=52.80, avg_time=0.008690s, max_time=0.012751s, min_time=0.002062s; GET_DATA: req_count=151, req/min=29.97, avg_time=0.010967s, max_time=0.012310s, min_time=0.007233s[32m [repeated 7x across cluster][0m

[36m(TaskRunnerV1 pid=997342)[0m step:76 - global_seqlen/min:4525 - global_seqlen/max:4525 - global_seqlen/minmax_diff:0 - global_seqlen/balanced_min:4525 - global_seqlen/balanced_max:4525 - global_seqlen/mean:4525.0 - actor/entropy:1.015088438987732 - training/rollout_probs_diff_valid:1 - training/rollout_probs_diff_max:0.06603971123695374 - training/rollout_probs_diff_mean:0.006555271800607443 - training/rollout_probs_diff_std:0.009695575572550297 - training/rollout_actor_probs_pearson_corr:0.999482274055481 - rollout_corr/training_ppl:1.2208348512649536 - rollout_corr/training_log_ppl:0.1310010701417923 - rollout_corr/kl:0.0009191993740387261 - rollout_corr/k3_kl:0.0009348256280645728 - rollout_corr/rollout_ppl:1.2216154336929321 - rollout_corr/rollout_log_ppl:0.13178041577339172 - rollout_corr/log_ppl_diff:-0.0007793381810188293 - rollout_corr/log_ppl_abs_diff:0.0027839886024594307 - rollout_corr/log_ppl_diff_max:0.035286545753479004 - rollout_corr/log_ppl_diff_min:-0.059696197509765625 - rollout_corr/ppl_ratio:0.9992575645446777 - rollout_corr/chi2_token:0.0018807649612426758 - rollout_corr/chi2_seq:0.005577802658081055 - actor/pg_clipfrac:np.float64(0.0) - actor/ppo_kl:np.float64(0.0) - actor/pg_clipfrac_lower:np.float64(0.0) - actor/pg_loss:np.float64(-0.12230025976896286) - actor/loss:np.float64(-0.12230025976896286) - actor/grad_norm:np.float64(0.39854493737220764) - actor/lr:np.float64(1e-06) - actor/perf/max_memory_allocated_gb:np.float64(18.28952407836914) - actor/perf/max_memory_reserved_gb:np.float64(30.51171875) - actor/perf/cpu_memory_used_gb:np.float64(32.85503387451172) - perf/mfu/actor:np.float64(0.030978278944668352) - training/global_step:76 - training/epoch:0 - critic/score/mean:0.32760414481163025 - critic/score/max:1.0333333015441895 - critic/score/min:-0.03333333507180214 - critic/rewards/mean:0.32760414481163025 - critic/rewards/max:1.0333333015441895 - critic/rewards/min:-0.03333333507180214 - critic/advantages/mean:0.12230028957128525 - critic/advantages/max:2.4741039276123047 - critic/advantages/min:-1.620181679725647 - critic/returns/mean:0.12230028957128525 - critic/returns/max:2.4741039276123047 - critic/returns/min:-1.620181679725647 - response_length/mean:32.15625 - response_length/max:202.0 - response_length/min:4.0 - response_length/clip_ratio:0.03125 - response_length_non_aborted/mean:32.15625 - response_length_non_aborted/max:202.0 - response_length_non_aborted/min:4.0 - response_length_non_aborted/clip_ratio:0.03125 - response/aborted_ratio:0.0 - prompt_length/mean:103.25 - prompt_length/max:108.0 - prompt_length/min:92.0 - prompt_length/clip_ratio:0.25 - timing_s/gen:4.458521399996243 - timing_s/old_log_prob:1.0886525140376762 - timing_s/adv:0.23631246999138966 - timing_s/update_actor:1.8717424090136774 - timing_s/update_weights:0.987155670998618 - timing_s/step:8.987252759980038 - timing_per_token_ms/adv:0.05222375027434026 - timing_per_token_ms/update_actor:0.41364473127374085 - timing_per_token_ms/gen:3.963130133329994 - perf/total_num_tokens:4525 - perf/time_per_step:8.987252759980038 - perf/throughput:503.4909021530681 - training/num_turns/mean:np.float64(2.0) - training/num_turns/max:np.int64(2) - training/num_turns/min:np.int64(2) - training/off_policy/trajectory_spans/mean:np.float64(1.0) - training/off_policy/trajectory_spans/max:np.float64(1.0) - training/off_policy/trajectory_spans/min:np.float64(1.0) - training/off_policy/trajectory_staleness/mean:np.float64(0.0) - training/off_policy/trajectory_staleness/max:np.float64(0.0) - training/off_policy/trajectory_staleness/min:np.float64(0.0) - training/off_policy/trajectory_staleness_worst/mean:np.float64(0.0) - training/off_policy/trajectory_staleness_worst/max:np.float64(0.0) - training/off_policy/trajectory_staleness_worst/min:np.float64(0.0)
[36m(TaskRunnerV1 pid=997342)[0m step:77 - global_seqlen/min:6268 - global_seqlen/max:6268 - global_seqlen/minmax_diff:0 - global_seqlen/balanced_min:6268 - global_seqlen/balanced_max:6268 - global_seqlen/mean:6268.0 - actor/entropy:0.7947059869766235 - training/rollout_probs_diff_valid:1 - training/rollout_probs_diff_max:0.06205335259437561 - training/rollout_probs_diff_mean:0.00552176870405674 - training/rollout_probs_diff_std:0.009030713699758053 - training/rollout_actor_probs_pearson_corr:0.9995393753051758 - rollout_corr/training_ppl:1.168889045715332 - rollout_corr/training_log_ppl:0.10420702397823334 - rollout_corr/kl:-0.00014485268911812454 - rollout_corr/k3_kl:0.0006644398090429604 - rollout_corr/rollout_ppl:1.168606162071228 - rollout_corr/rollout_log_ppl:0.10387935489416122 - rollout_corr/log_ppl_diff:0.00032765569631010294 - rollout_corr/log_ppl_abs_diff:0.0020627642516046762 - rollout_corr/log_ppl_diff_max:0.03256690502166748 - rollout_corr/log_ppl_diff_min:-0.024391651153564453 - rollout_corr/ppl_ratio:1.000343680381775 - rollout_corr/chi2_token:0.002965211868286133 - rollout_corr/chi2_seq:0.04683995246887207 - actor/pg_clipfrac:np.float64(0.0) - actor/ppo_kl:np.float64(0.0) - actor/pg_clipfrac_lower:np.float64(0.0) - actor/pg_loss:np.float64(-0.44158935546875) - actor/loss:np.float64(-0.44158935546875) - actor/grad_norm:np.float64(0.29629284143447876) - actor/lr:np.float64(1e-06) - actor/perf/max_memory_allocated_gb:np.float64(18.28952407836914) - actor/perf/max_memory_reserved_gb:np.float64(30.51171875) - actor/perf/cpu_memory_used_gb:np.float64(32.8676643371582) - perf/mfu/actor:np.float64(0.03790808397897056) - training/global_step:77 - training/epoch:0 - critic/score/mean:0.3958333134651184 - critic/score/max:1.0833333730697632 - critic/score/min:-0.02500000037252903 - critic/rewards/mean:0.3958333134651184 - critic/rewards/max:1.0833333730697632 - critic/rewards/min:-0.02500000037252903 - critic/advantages/mean:0.4415893852710724 - critic/advantages/max:2.4747118949890137 - critic/advantages/min:-0.7629179954528809 - critic/returns/mean:0.4415893852710724 - critic/returns/max:2.4747118949890137 - critic/returns/min:-0.7629179954528809 - response_length/mean:72.125 - response_length/max:462.0 - response_length/min:4.0 - response_length/clip_ratio:0.03125 - response_length_non_aborted/mean:72.125 - response_length_non_aborted/max:462.0 - response_length_non_aborted/min:4.0 - response_length_non_aborted/clip_ratio:0.03125 - response/aborted_ratio:0.0 - prompt_length/mean:117.75 - prompt_length/max:152.0 - prompt_length/min:91.0 - prompt_length/clip_ratio:0.25 - timing_s/gen:4.445869267045055 - timing_s/old_log_prob:1.1555967720341869 - timing_s/adv:0.23903665400575846 - timing_s/update_actor:2.0844321369659156 - timing_s/update_weights:1.0439413050189614 - timing_s/step:9.375444205012172 - timing_per_token_ms/adv:0.03813603286626651 - timing_per_token_ms/update_actor:0.3325513939001142 - timing_per_token_ms/gen:1.8493632558423687 - perf/total_num_tokens:6268 - perf/time_per_step:9.375444205012172 - perf/throughput:668.5549892824371 - training/num_turns/mean:np.float64(2.0) - training/num_turns/max:np.int64(2) - training/num_turns/min:np.int64(2) - training/off_policy/trajectory_spans/mean:np.float64(1.0) - training/off_policy/trajectory_spans/max:np.float64(1.0) - training/off_policy/trajectory_spans/min:np.float64(1.0) - training/off_policy/trajectory_staleness/mean:np.float64(0.0) - training/off_policy/trajectory_staleness/max:np.float64(0.0) - training/off_policy/trajectory_staleness/min:np.float64(0.0) - training/off_policy/trajectory_staleness_worst/mean:np.float64(0.0) - training/off_policy/trajectory_staleness_worst/max:np.float64(0.0) - training/off_policy/trajectory_staleness_worst/min:np.float64(0.0)
[36m(TaskRunnerV1 pid=997342)[0m step:78 - global_seqlen/min:7742 - global_seqlen/max:7742 - global_seqlen/minmax_diff:0 - global_seqlen/balanced_min:7742 - global_seqlen/balanced_max:7742 - global_seqlen/mean:7742.0 - actor/entropy:0.7734752893447876 - training/rollout_probs_diff_valid:1 - training/rollout_probs_diff_max:0.08353394269943237 - training/rollout_probs_diff_mean:0.005675136111676693 - training/rollout_probs_diff_std:0.008951514028012753 - training/rollout_actor_probs_pearson_corr:0.9995392560958862 - rollout_corr/training_ppl:1.2069709300994873 - rollout_corr/training_log_ppl:0.13692209124565125 - rollout_corr/kl:0.0009714284678921103 - rollout_corr/k3_kl:0.0007096556364558637 - rollout_corr/rollout_ppl:1.2051972150802612 - rollout_corr/rollout_log_ppl:0.13607794046401978 - rollout_corr/log_ppl_diff:0.0008441635291092098 - rollout_corr/log_ppl_abs_diff:0.002062578685581684 - rollout_corr/log_ppl_diff_max:0.05377393960952759 - rollout_corr/log_ppl_diff_min:-0.018455952405929565 - rollout_corr/ppl_ratio:1.0008721351623535 - rollout_corr/chi2_token:0.0008962154388427734 - rollout_corr/chi2_seq:0.04818594455718994 - actor/pg_clipfrac:np.float64(0.0) - actor/ppo_kl:np.float64(0.0) - actor/pg_clipfrac_lower:np.float64(0.0) - actor/pg_loss:np.float64(0.5306124687194824) - actor/loss:np.float64(0.5306124687194824) - actor/grad_norm:np.float64(0.16787868738174438) - actor/lr:np.float64(1e-06) - actor/perf/max_memory_allocated_gb:np.float64(18.28952407836914) - actor/perf/max_memory_reserved_gb:np.float64(30.51171875) - actor/perf/cpu_memory_used_gb:np.float64(32.8787841796875) - perf/mfu/actor:np.float64(0.04142260229758221) - training/global_step:78 - training/epoch:0 - critic/score/mean:0.38880208134651184 - critic/score/max:1.0750000476837158 - critic/score/min:-0.0416666679084301 - critic/rewards/mean:0.38880208134651184 - critic/rewards/max:1.0750000476837158 - critic/rewards/min:-0.0416666679084301 - critic/advantages/mean:-0.5306125283241272 - critic/advantages/max:2.4712932109832764 - critic/advantages/min:-1.217444896697998 - critic/returns/mean:-0.5306125283241272 - critic/returns/max:2.4712932109832764 - critic/returns/min:-1.217444896697998 - response_length/mean:132.4375 - response_length/max:425.0 - response_length/min:4.0 - response_length/clip_ratio:0.03125 - response_length_non_aborted/mean:132.4375 - response_length_non_aborted/max:425.0 - response_length_non_aborted/min:4.0 - response_length_non_aborted/clip_ratio:0.03125 - response/aborted_ratio:0.0 - prompt_length/mean:103.5 - prompt_length/max:107.0 - prompt_length/min:101.0 - prompt_length/clip_ratio:0.25 - timing_s/gen:4.427321744034998 - timing_s/old_log_prob:1.244651535002049 - timing_s/adv:0.2363441459601745 - timing_s/update_actor:2.320205054944381 - timing_s/update_weights:1.0447132469853386 - timing_s/step:9.642630436981563 - timing_per_token_ms/adv:0.030527531123763173 - timing_per_token_ms/update_actor:0.29969065550818663 - timing_per_token_ms/gen:1.0215324743966308 - perf/total_num_tokens:7742 - perf/time_per_step:9.642630436981563 - perf/throughput:802.8929502791857 - training/num_turns/mean:np.float64(2.0) - training/num_turns/max:np.int64(2) - training/num_turns/min:np.int64(2) - training/off_policy/trajectory_spans/mean:np.float64(1.0) - training/off_policy/trajectory_spans/max:np.float64(1.0) - training/off_policy/trajectory_spans/min:np.float64(1.0) - training/off_policy/trajectory_staleness/mean:np.float64(0.0) - training/off_policy/trajectory_staleness/max:np.float64(0.0) - training/off_policy/trajectory_staleness/min:np.float64(0.0) - training/off_policy/trajectory_staleness_worst/mean:np.float64(0.0) - training/off_policy/trajectory_staleness_worst/max:np.float64(0.0) - training/off_policy/trajectory_staleness_worst/min:np.float64(0.0)[36m(TaskRunnerV1 pid=997342)[0m Training Progress:  62%|██████▏   | 78/125 [13:13<08:22, 10.70s/it]
[36m(WorkerDict pid=998593)[0m INFO:2026-07-05 14:42:44,305:update_weights done, time cost: 0.39s
[36m(TaskRunnerV1 pid=997342)[0m Training Progress:  63%|██████▎   | 79/125 [13:22<07:54, 10.32s/it]
[36m(WorkerDict pid=998593)[0m INFO:2026-07-05 14:42:54,528:update_weights done, time cost: 0.38s
[36m(TaskRunnerV1 pid=997342)[0m Training Progress:  64%|██████▍   | 80/125 [13:32<07:42, 10.28s/it]
[36m(WorkerDict pid=998593)[0m INFO:2026-07-05 14:43:03,829:update_weights done, time cost: 0.36s

[36m(TaskRunnerV1 pid=997342)[0m step:79 - global_seqlen/min:6141 - global_seqlen/max:6141 - global_seqlen/minmax_diff:0 - global_seqlen/balanced_min:6141 - global_seqlen/balanced_max:6141 - global_seqlen/mean:6141.0 - actor/entropy:0.7289773225784302 - training/rollout_probs_diff_valid:1 - training/rollout_probs_diff_max:0.09017050266265869 - training/rollout_probs_diff_mean:0.005121801979839802 - training/rollout_probs_diff_std:0.009104431606829166 - training/rollout_actor_probs_pearson_corr:0.999558687210083 - rollout_corr/training_ppl:1.201013445854187 - rollout_corr/training_log_ppl:0.1349230855703354 - rollout_corr/kl:0.0008435834315605462 - rollout_corr/k3_kl:0.0006764412974007428 - rollout_corr/rollout_ppl:1.1976343393325806 - rollout_corr/rollout_log_ppl:0.13266851007938385 - rollout_corr/log_ppl_diff:0.0022545710671693087 - rollout_corr/log_ppl_abs_diff:0.0036324269603937864 - rollout_corr/log_ppl_diff_max:0.06025245785713196 - rollout_corr/log_ppl_diff_min:-0.029609382152557373 - rollout_corr/ppl_ratio:1.0023176670074463 - rollout_corr/chi2_token:0.0010138750076293945 - rollout_corr/chi2_seq:0.0075225830078125 - actor/pg_clipfrac:np.float64(0.0) - actor/ppo_kl:np.float64(0.0) - actor/pg_clipfrac_lower:np.float64(0.0) - actor/pg_loss:np.float64(-0.5573422312736511) - actor/loss:np.float64(-0.5573422312736511) - actor/grad_norm:np.float64(0.25983569025993347) - actor/lr:np.float64(1e-06) - actor/perf/max_memory_allocated_gb:np.float64(18.28952407836914) - actor/perf/max_memory_reserved_gb:np.float64(30.51171875) - actor/perf/cpu_memory_used_gb:np.float64(32.877113342285156) - perf/mfu/actor:np.float64(0.03771186924644735) - training/global_step:79 - training/epoch:0 - critic/score/mean:0.22213539481163025 - critic/score/max:1.0750000476837158 - critic/score/min:-0.06666667014360428 - critic/rewards/mean:0.22213539481163025 - critic/rewards/max:1.0750000476837158 - critic/rewards/min:-0.06666667014360428 - critic/advantages/mean:0.5573423504829407 - critic/advantages/max:2.4633030891418457 - critic/advantages/min:-1.6183277368545532 - critic/returns/mean:0.5573423504829407 - critic/returns/max:2.4633030891418457 - critic/returns/min:-1.6183277368545532 - response_length/mean:70.15625 - response_length/max:512.0 - response_length/min:4.0 - response_length/clip_ratio:0.03125 - response_length_non_aborted/mean:70.15625 - response_length_non_aborted/max:512.0 - response_length_non_aborted/min:4.0 - response_length_non_aborted/clip_ratio:0.03125 - response/aborted_ratio:0.0 - prompt_length/mean:115.75 - prompt_length/max:124.0 - prompt_length/min:97.0 - prompt_length/clip_ratio:0.25 - timing_s/gen:4.429994641046505 - timing_s/old_log_prob:1.0912816710188054 - timing_s/adv:0.22331716195913032 - timing_s/update_actor:2.0541567789623514 - timing_s/update_weights:1.1076878319727257 - timing_s/step:9.303060649021063 - timing_per_token_ms/adv:0.03636495065284649 - timing_per_token_ms/update_actor:0.3344987427067825 - timing_per_token_ms/gen:1.8923514058293487 - perf/total_num_tokens:6141 - perf/time_per_step:9.303060649021063 - perf/throughput:660.1053386281214 - training/num_turns/mean:np.float64(2.0) - training/num_turns/max:np.int64(2) - training/num_turns/min:np.int64(2) - training/off_policy/trajectory_spans/mean:np.float64(1.0) - training/off_policy/trajectory_spans/max:np.float64(1.0) - training/off_policy/trajectory_spans/min:np.float64(1.0) - training/off_policy/trajectory_staleness/mean:np.float64(0.0) - training/off_policy/trajectory_staleness/max:np.float64(0.0) - training/off_policy/trajectory_staleness/min:np.float64(0.0) - training/off_policy/trajectory_staleness_worst/mean:np.float64(0.0) - training/off_policy/trajectory_staleness_worst/max:np.float64(0.0) - training/off_policy/trajectory_staleness_worst/min:np.float64(0.0)
[36m(TaskRunnerV1 pid=997342)[0m step:80 - global_seqlen/min:8564 - global_seqlen/max:8564 - global_seqlen/minmax_diff:0 - global_seqlen/balanced_min:8564 - global_seqlen/balanced_max:8564 - global_seqlen/mean:8564.0 - actor/entropy:0.4996848702430725 - training/rollout_probs_diff_valid:1 - training/rollout_probs_diff_max:0.09249734878540039 - training/rollout_probs_diff_mean:0.004044203087687492 - training/rollout_probs_diff_std:0.008243642747402191 - training/rollout_actor_probs_pearson_corr:0.9995719194412231 - rollout_corr/training_ppl:1.1910521984100342 - rollout_corr/training_log_ppl:0.12572884559631348 - rollout_corr/kl:0.0006410549394786358 - rollout_corr/k3_kl:0.0004856082668993622 - rollout_corr/rollout_ppl:1.1896854639053345 - rollout_corr/rollout_log_ppl:0.12481938302516937 - rollout_corr/log_ppl_diff:0.0009094628039747477 - rollout_corr/log_ppl_abs_diff:0.0019892363343387842 - rollout_corr/log_ppl_diff_max:0.06069076061248779 - rollout_corr/log_ppl_diff_min:-0.02074483036994934 - rollout_corr/ppl_ratio:1.0009385347366333 - rollout_corr/chi2_token:0.0006580352783203125 - rollout_corr/chi2_seq:-0.0010619163513183594 - actor/pg_clipfrac:np.float64(0.0) - actor/ppo_kl:np.float64(0.0) - actor/pg_clipfrac_lower:np.float64(0.0) - actor/pg_loss:np.float64(-0.1336601972579956) - actor/loss:np.float64(-0.1336601972579956) - actor/grad_norm:np.float64(0.16121713817119598) - actor/lr:np.float64(1e-06) - actor/perf/max_memory_allocated_gb:np.float64(18.28952407836914) - actor/perf/max_memory_reserved_gb:np.float64(30.51171875) - actor/perf/cpu_memory_used_gb:np.float64(32.89801025390625) - perf/mfu/actor:np.float64(0.040955555378279086) - training/global_step:80 - training/epoch:0 - critic/score/mean:0.37421873211860657 - critic/score/max:1.0916666984558105 - critic/score/min:-0.07500000298023224 - critic/rewards/mean:0.37421873211860657 - critic/rewards/max:1.0916666984558105 - critic/rewards/min:-0.07500000298023224 - critic/advantages/mean:0.1336602121591568 - critic/advantages/max:1.9800552129745483 - critic/advantages/min:-1.6200451850891113 - critic/returns/mean:0.1336602121591568 - critic/returns/max:1.9800552129745483 - critic/returns/min:-1.6200451850891113 - response_length/mean:151.125 - response_length/max:512.0 - response_length/min:4.0 - response_length/clip_ratio:0.1875 - response_length_non_aborted/mean:151.125 - response_length_non_aborted/max:512.0 - response_length_non_aborted/min:4.0 - response_length_non_aborted/clip_ratio:0.1875 - response/aborted_ratio:0.0 - prompt_length/mean:110.5 - prompt_length/max:174.0 - prompt_length/min:79.0 - prompt_length/clip_ratio:0.25 - timing_s/gen:4.420731172023807 - timing_s/old_log_prob:1.3169673240045086 - timing_s/adv:0.24291852297028527 - timing_s/update_actor:2.571059980953578 - timing_s/update_weights:1.1226524320081808 - timing_s/step:10.068671729008202 - timing_per_token_ms/adv:0.028365077413625088 - timing_per_token_ms/update_actor:0.3002171860057891 - timing_per_token_ms/gen:0.8963364095749811 - perf/total_num_tokens:8564 - perf/time_per_step:10.068671729008202 - perf/throughput:850.5590638462083 - training/num_turns/mean:np.float64(2.0) - training/num_turns/max:np.int64(2) - training/num_turns/min:np.int64(2) - training/off_policy/trajectory_spans/mean:np.float64(1.0) - training/off_policy/trajectory_spans/max:np.float64(1.0) - training/off_policy/trajectory_spans/min:np.float64(1.0) - training/off_policy/trajectory_staleness/mean:np.float64(0.0) - training/off_policy/trajectory_staleness/max:np.float64(0.0) - training/off_policy/trajectory_staleness/min:np.float64(0.0) - training/off_policy/trajectory_staleness_worst/mean:np.float64(0.0) - training/off_policy/trajectory_staleness_worst/max:np.float64(0.0) - training/off_policy/trajectory_staleness_worst/min:np.float64(0.0)
[36m(TaskRunnerV1 pid=997342)[0m step:81 - global_seqlen/min:5621 - global_seqlen/max:5621 - global_seqlen/minmax_diff:0 - global_seqlen/balanced_min:5621 - global_seqlen/balanced_max:5621 - global_seqlen/mean:5621.0 - actor/entropy:0.9564101099967957 - training/rollout_probs_diff_valid:1 - training/rollout_probs_diff_max:0.08249983191490173 - training/rollout_probs_diff_mean:0.005912382155656815 - training/rollout_probs_diff_std:0.00918278656899929 - training/rollout_actor_probs_pearson_corr:0.9995430707931519 - rollout_corr/training_ppl:1.2584340572357178 - rollout_corr/training_log_ppl:0.15008369088172913 - rollout_corr/kl:0.00010241148993372917 - rollout_corr/k3_kl:0.000783759169280529 - rollout_corr/rollout_ppl:1.2590768337249756 - rollout_corr/rollout_log_ppl:0.15030278265476227 - rollout_corr/log_ppl_diff:-0.00021908112103119493 - rollout_corr/log_ppl_abs_diff:0.0019603827968239784 - rollout_corr/log_ppl_diff_max:0.03263470530509949 - rollout_corr/log_ppl_diff_min:-0.027899116277694702 - rollout_corr/ppl_ratio:0.9997967481613159 - rollout_corr/chi2_token:0.0029382705688476562 - rollout_corr/chi2_seq:0.05081760883331299 - actor/pg_clipfrac:np.float64(0.0) - actor/ppo_kl:np.float64(0.0) - actor/pg_clipfrac_lower:np.float64(0.0) - actor/pg_loss:np.float64(0.3500610888004303) - actor/loss:np.float64(0.3500610888004303) - actor/grad_norm:np.float64(0.33500635623931885) - actor/lr:np.float64(1e-06) - actor/perf/max_memory_allocated_gb:np.float64(18.28952407836914) - actor/perf/max_memory_reserved_gb:np.float64(30.51171875) - actor/perf/cpu_memory_used_gb:np.float64(32.88108825683594) - perf/mfu/actor:np.float64(0.03590448965436726) - training/global_step:81 - training/epoch:0 - critic/score/mean:0.18932291865348816 - critic/score/max:1.0499999523162842 - critic/score/min:-0.10000000149011612 - critic/rewards/mean:0.18932291865348816 - critic/rewards/max:1.0499999523162842 - critic/rewards/min:-0.10000000149011612 - critic/advantages/mean:-0.3500610589981079 - critic/advantages/max:1.628005862236023 - critic/advantages/min:-1.8890804052352905 - critic/returns/mean:-0.3500610589981079 - critic/returns/max:1.628005862236023 - critic/returns/min:-1.8890804052352905 - response_length/mean:79.40625 - response_length/max:401.0 - response_length/min:4.0 - response_length/clip_ratio:0.03125 - response_length_non_aborted/mean:79.40625 - response_length_non_aborted/max:401.0 - response_length_non_aborted/min:4.0 - response_length_non_aborted/clip_ratio:0.03125 - response/aborted_ratio:0.0 - prompt_length/mean:90.25 - prompt_length/max:111.0 - prompt_length/min:79.0 - prompt_length/clip_ratio:0.25 - timing_s/gen:4.413091875030659 - timing_s/old_log_prob:1.1153979559894651 - timing_s/adv:0.20539160998305306 - timing_s/update_actor:1.980860017996747 - timing_s/update_weights:1.032587835972663 - timing_s/step:9.15599946200382 - timing_per_token_ms/adv:0.03654004803114269 - timing_per_token_ms/update_actor:0.35240349012573335 - timing_per_token_ms/gen:1.6735274459729461 - perf/total_num_tokens:5621 - perf/time_per_step:9.15599946200382 - perf/throughput:613.9144091615998 - training/num_turns/mean:np.float64(2.0) - training/num_turns/max:np.int64(2) - training/num_turns/min:np.int64(2) - training/off_policy/trajectory_spans/mean:np.float64(1.0) - training/off_policy/trajectory_spans/max:np.float64(1.0) - training/off_policy/trajectory_spans/min:np.float64(1.0) - training/off_policy/trajectory_staleness/mean:np.float64(0.0) - training/off_policy/trajectory_staleness/max:np.float64(0.0) - training/off_policy/trajectory_staleness/min:np.float64(0.0) - training/off_policy/trajectory_staleness_worst/mean:np.float64(0.0) - training/off_policy/trajectory_staleness_worst/max:np.float64(0.0) - training/off_policy/trajectory_staleness_worst/min:np.float64(0.0)[36m(TaskRunnerV1 pid=997342)[0m Training Progress:  65%|██████▍   | 81/125 [13:42<07:19,  9.99s/it]
[36m(WorkerDict pid=998593)[0m INFO:2026-07-05 14:43:14,074:update_weights done, time cost: 0.41s
[36m(TaskRunnerV1 pid=997342)[0m Training Progress:  66%|██████▌   | 82/125 [13:52<07:13, 10.07s/it]
[36m(WorkerDict pid=998593)[0m INFO:2026-07-05 14:43:23,837:update_weights done, time cost: 0.35s
[36m(TaskRunnerV1 pid=997342)[0m Training Progress:  66%|██████▋   | 83/125 [14:02<06:58,  9.97s/it]
[36m(WorkerDict pid=998593)[0m INFO:2026-07-05 14:43:33,219:update_weights done, time cost: 0.36s

[36m(TaskRunnerV1 pid=997342)[0m step:82 - global_seqlen/min:8582 - global_seqlen/max:8582 - global_seqlen/minmax_diff:0 - global_seqlen/balanced_min:8582 - global_seqlen/balanced_max:8582 - global_seqlen/mean:8582.0 - actor/entropy:0.9702870845794678 - training/rollout_probs_diff_valid:1 - training/rollout_probs_diff_max:0.07293802499771118 - training/rollout_probs_diff_mean:0.004870050121098757 - training/rollout_probs_diff_std:0.008499433286488056 - training/rollout_actor_probs_pearson_corr:0.9996564388275146 - rollout_corr/training_ppl:1.3440864086151123 - rollout_corr/training_log_ppl:0.1686905324459076 - rollout_corr/kl:0.0017532911151647568 - rollout_corr/k3_kl:0.0007285386673174798 - rollout_corr/rollout_ppl:1.3389075994491577 - rollout_corr/rollout_log_ppl:0.16825515031814575 - rollout_corr/log_ppl_diff:0.0004353791009634733 - rollout_corr/log_ppl_abs_diff:0.002211945131421089 - rollout_corr/log_ppl_diff_max:0.07188606262207031 - rollout_corr/log_ppl_diff_min:-0.025465667247772217 - rollout_corr/ppl_ratio:1.0004682540893555 - rollout_corr/chi2_token:-0.0006056427955627441 - rollout_corr/chi2_seq:-0.022351443767547607 - actor/pg_clipfrac:np.float64(0.0) - actor/ppo_kl:np.float64(0.0) - actor/pg_clipfrac_lower:np.float64(0.0) - actor/pg_loss:np.float64(0.19364792108535767) - actor/loss:np.float64(0.19364792108535767) - actor/grad_norm:np.float64(0.1826155185699463) - actor/lr:np.float64(1e-06) - actor/perf/max_memory_allocated_gb:np.float64(18.28952407836914) - actor/perf/max_memory_reserved_gb:np.float64(30.51171875) - actor/perf/cpu_memory_used_gb:np.float64(32.90943908691406) - perf/mfu/actor:np.float64(0.0409149236704014) - training/global_step:82 - training/epoch:0 - critic/score/mean:0.44062501192092896 - critic/score/max:1.0416666269302368 - critic/score/min:-0.07500000298023224 - critic/rewards/mean:0.44062501192092896 - critic/rewards/max:1.0416666269302368 - critic/rewards/min:-0.07500000298023224 - critic/advantages/mean:-0.19364798069000244 - critic/advantages/max:2.468334913253784 - critic/advantages/min:-1.2455404996871948 - critic/returns/mean:-0.19364798069000244 - critic/returns/max:2.468334913253784 - critic/returns/min:-1.2455404996871948 - response_length/mean:135.1875 - response_length/max:512.0 - response_length/min:4.0 - response_length/clip_ratio:0.03125 - response_length_non_aborted/mean:135.1875 - response_length_non_aborted/max:512.0 - response_length_non_aborted/min:4.0 - response_length_non_aborted/clip_ratio:0.03125 - response/aborted_ratio:0.0 - prompt_length/mean:127.0 - prompt_length/max:164.0 - prompt_length/min:103.0 - prompt_length/clip_ratio:0.25 - timing_s/gen:4.469091685023159 - timing_s/old_log_prob:1.336086464987602 - timing_s/adv:0.24771379795856774 - timing_s/update_actor:2.5737759370240383 - timing_s/update_weights:1.116420198988635 - timing_s/step:10.139911892008968 - timing_per_token_ms/adv:0.028864343737889507 - timing_per_token_ms/update_actor:0.29990397774691663 - timing_per_token_ms/gen:1.0106494086438622 - perf/total_num_tokens:8582 - perf/time_per_step:10.139911892008968 - perf/throughput:846.3584389488905 - training/num_turns/mean:np.float64(2.0) - training/num_turns/max:np.int64(2) - training/num_turns/min:np.int64(2) - training/off_policy/trajectory_spans/mean:np.float64(1.0) - training/off_policy/trajectory_spans/max:np.float64(1.0) - training/off_policy/trajectory_spans/min:np.float64(1.0) - training/off_policy/trajectory_staleness/mean:np.float64(0.0) - training/off_policy/trajectory_staleness/max:np.float64(0.0) - training/off_policy/trajectory_staleness/min:np.float64(0.0) - training/off_policy/trajectory_staleness_worst/mean:np.float64(0.0) - training/off_policy/trajectory_staleness_worst/max:np.float64(0.0) - training/off_policy/trajectory_staleness_worst/min:np.float64(0.0)
[36m(TaskRunnerV1 pid=997342)[0m step:83 - global_seqlen/min:7457 - global_seqlen/max:7457 - global_seqlen/minmax_diff:0 - global_seqlen/balanced_min:7457 - global_seqlen/balanced_max:7457 - global_seqlen/mean:7457.0 - actor/entropy:0.634512186050415 - training/rollout_probs_diff_valid:1 - training/rollout_probs_diff_max:0.06134265661239624 - training/rollout_probs_diff_mean:0.004766126628965139 - training/rollout_probs_diff_std:0.008540067821741104 - training/rollout_actor_probs_pearson_corr:0.9995725154876709 - rollout_corr/training_ppl:1.186826467514038 - rollout_corr/training_log_ppl:0.12502813339233398 - rollout_corr/kl:0.00130949926096946 - rollout_corr/k3_kl:0.0005498045356944203 - rollout_corr/rollout_ppl:1.1867523193359375 - rollout_corr/rollout_log_ppl:0.1254066377878189 - rollout_corr/log_ppl_diff:-0.0003785107983276248 - rollout_corr/log_ppl_abs_diff:0.00297088292427361 - rollout_corr/log_ppl_diff_max:0.03527843952178955 - rollout_corr/log_ppl_diff_min:-0.042234569787979126 - rollout_corr/ppl_ratio:0.9996542930603027 - rollout_corr/chi2_token:-0.0004248619079589844 - rollout_corr/chi2_seq:-0.021309375762939453 - actor/pg_clipfrac:np.float64(0.0) - actor/ppo_kl:np.float64(0.0) - actor/pg_clipfrac_lower:np.float64(0.0) - actor/pg_loss:np.float64(0.15218794345855713) - actor/loss:np.float64(0.15218794345855713) - actor/grad_norm:np.float64(0.14356951415538788) - actor/lr:np.float64(1e-06) - actor/perf/max_memory_allocated_gb:np.float64(18.28952407836914) - actor/perf/max_memory_reserved_gb:np.float64(30.51171875) - actor/perf/cpu_memory_used_gb:np.float64(32.906192779541016) - perf/mfu/actor:np.float64(0.04091085297135265) - training/global_step:83 - training/epoch:0 - critic/score/mean:0.26380211114883423 - critic/score/max:1.0583332777023315 - critic/score/min:-0.0416666679084301 - critic/rewards/mean:0.26380211114883423 - critic/rewards/max:1.0583332777023315 - critic/rewards/min:-0.0416666679084301 - critic/advantages/mean:-0.15218792855739594 - critic/advantages/max:2.4748666286468506 - critic/advantages/min:-0.935412585735321 - critic/returns/mean:-0.15218792855739594 - critic/returns/max:2.4748666286468506 - critic/returns/min:-0.935412585735321 - response_length/mean:101.78125 - response_length/max:512.0 - response_length/min:4.0 - response_length/clip_ratio:0.09375 - response_length_non_aborted/mean:101.78125 - response_length_non_aborted/max:512.0 - response_length_non_aborted/min:4.0 - response_length_non_aborted/clip_ratio:0.09375 - response/aborted_ratio:0.0 - prompt_length/mean:125.25 - prompt_length/max:160.0 - prompt_length/min:85.0 - prompt_length/clip_ratio:0.25 - timing_s/gen:4.42573038401315 - timing_s/old_log_prob:1.2349075839738362 - timing_s/adv:0.2372690030024387 - timing_s/update_actor:2.2116185159538873 - timing_s/update_weights:1.070333665004 - timing_s/step:9.595270785037428 - timing_per_token_ms/adv:0.03181829194078566 - timing_per_token_ms/update_actor:0.2965828772903161 - timing_per_token_ms/gen:1.3199315192404264 - perf/total_num_tokens:7457 - perf/time_per_step:9.595270785037428 - perf/throughput:777.153679876155 - training/num_turns/mean:np.float64(2.0) - training/num_turns/max:np.int64(2) - training/num_turns/min:np.int64(2) - training/off_policy/trajectory_spans/mean:np.float64(1.0) - training/off_policy/trajectory_spans/max:np.float64(1.0) - training/off_policy/trajectory_spans/min:np.float64(1.0) - training/off_policy/trajectory_staleness/mean:np.float64(0.0) - training/off_policy/trajectory_staleness/max:np.float64(0.0) - training/off_policy/trajectory_staleness/min:np.float64(0.0) - training/off_policy/trajectory_staleness_worst/mean:np.float64(0.0) - training/off_policy/trajectory_staleness_worst/max:np.float64(0.0) - training/off_policy/trajectory_staleness_worst/min:np.float64(0.0)
[36m(TaskRunnerV1 pid=997342)[0m step:84 - global_seqlen/min:5628 - global_seqlen/max:5628 - global_seqlen/minmax_diff:0 - global_seqlen/balanced_min:5628 - global_seqlen/balanced_max:5628 - global_seqlen/mean:5628.0 - actor/entropy:0.7145214676856995 - training/rollout_probs_diff_valid:1 - training/rollout_probs_diff_max:0.1511784791946411 - training/rollout_probs_diff_mean:0.005601738579571247 - training/rollout_probs_diff_std:0.010030001401901245 - training/rollout_actor_probs_pearson_corr:0.9994254112243652 - rollout_corr/training_ppl:1.1843953132629395 - rollout_corr/training_log_ppl:0.12916134297847748 - rollout_corr/kl:0.0015883519081398845 - rollout_corr/k3_kl:0.0006192427827045321 - rollout_corr/rollout_ppl:1.1833282709121704 - rollout_corr/rollout_log_ppl:0.12848778069019318 - rollout_corr/log_ppl_diff:0.0006735536735504866 - rollout_corr/log_ppl_abs_diff:0.0032948090229183435 - rollout_corr/log_ppl_diff_max:0.0334240198135376 - rollout_corr/log_ppl_diff_min:-0.024473875761032104 - rollout_corr/ppl_ratio:1.000706434249878 - rollout_corr/chi2_token:-0.0007193088531494141 - rollout_corr/chi2_seq:0.008017778396606445 - actor/pg_clipfrac:np.float64(0.0) - actor/ppo_kl:np.float64(0.0) - actor/pg_clipfrac_lower:np.float64(0.0) - actor/pg_loss:np.float64(-0.04845305159687996) - actor/loss:np.float64(-0.04845305159687996) - actor/grad_norm:np.float64(0.2194918692111969) - actor/lr:np.float64(1e-06) - actor/perf/max_memory_allocated_gb:np.float64(18.28952407836914) - actor/perf/max_memory_reserved_gb:np.float64(30.51171875) - actor/perf/cpu_memory_used_gb:np.float64(32.892845153808594) - perf/mfu/actor:np.float64(0.03606034978639948) - training/global_step:84 - training/epoch:0 - critic/score/mean:0.2239583432674408 - critic/score/max:1.0499999523162842 - critic/score/min:-0.03333333507180214 - critic/rewards/mean:0.2239583432674408 - critic/rewards/max:1.0499999523162842 - critic/rewards/min:-0.03333333507180214 - critic/advantages/mean:0.04845306649804115 - critic/advantages/max:2.4716591835021973 - critic/advantages/min:-0.9589377641677856 - critic/returns/mean:0.04845306649804115 - critic/returns/max:2.4716591835021973 - critic/returns/min:-0.9589377641677856 - response_length/mean:66.875 - response_length/max:391.0 - response_length/min:4.0 - response_length/clip_ratio:0.03125 - response_length_non_aborted/mean:66.875 - response_length_non_aborted/max:391.0 - response_length_non_aborted/min:4.0 - response_length_non_aborted/clip_ratio:0.03125 - response/aborted_ratio:0.0 - prompt_length/mean:103.0 - prompt_length/max:126.0 - prompt_length/min:79.0 - prompt_length/clip_ratio:0.25 - timing_s/gen:4.447772725019604 - timing_s/old_log_prob:1.1266223710263148 - timing_s/adv:0.24290982796810567 - timing_s/update_actor:1.9765602499828674 - timing_s/update_weights:1.050051268946845 - timing_s/step:9.254501509014517 - timing_per_token_ms/adv:0.043160950243089136 - timing_per_token_ms/update_actor:0.3512011815889956 - timing_per_token_ms/gen:1.9891649038549213 - perf/total_num_tokens:5628 - perf/time_per_step:9.254501509014517 - perf/throughput:608.1364830421113 - training/num_turns/mean:np.float64(2.0) - training/num_turns/max:np.int64(2) - training/num_turns/min:np.int64(2) - training/off_policy/trajectory_spans/mean:np.float64(1.0) - training/off_policy/trajectory_spans/max:np.float64(1.0) - training/off_policy/trajectory_spans/min:np.float64(1.0) - training/off_policy/trajectory_staleness/mean:np.float64(0.0) - training/off_policy/trajectory_staleness/max:np.float64(0.0) - training/off_policy/trajectory_staleness/min:np.float64(0.0) - training/off_policy/trajectory_staleness_worst/mean:np.float64(0.0) - training/off_policy/trajectory_staleness_worst/max:np.float64(0.0) - training/off_policy/trajectory_staleness_worst/min:np.float64(0.0)[36m(TaskRunnerV1 pid=997342)[0m Training Progress:  67%|██████▋   | 84/125 [14:11<06:41,  9.80s/it]
[36m(WorkerDict pid=998593)[0m INFO:2026-07-05 14:43:42,553:update_weights done, time cost: 0.38s
[36m(TaskRunnerV1 pid=997342)[0m Training Progress:  68%|██████▊   | 85/125 [14:20<06:26,  9.66s/it]
[36m(WorkerDict pid=998593)[0m INFO:2026-07-05 14:43:51,965:update_weights done, time cost: 0.36s
[36m(TaskRunnerV1 pid=997342)[0m Training Progress:  69%|██████▉   | 86/125 [14:30<06:13,  9.58s/it]
[36m(WorkerDict pid=998593)[0m INFO:2026-07-05 14:44:01,790:update_weights done, time cost: 0.38s

[36m(TaskRunnerV1 pid=997342)[0m step:85 - global_seqlen/min:5551 - global_seqlen/max:5551 - global_seqlen/minmax_diff:0 - global_seqlen/balanced_min:5551 - global_seqlen/balanced_max:5551 - global_seqlen/mean:5551.0 - actor/entropy:0.6712716221809387 - training/rollout_probs_diff_valid:1 - training/rollout_probs_diff_max:0.07838457822799683 - training/rollout_probs_diff_mean:0.005828171968460083 - training/rollout_probs_diff_std:0.009957780130207539 - training/rollout_actor_probs_pearson_corr:0.9994093775749207 - rollout_corr/training_ppl:1.097489595413208 - rollout_corr/training_log_ppl:0.07238864153623581 - rollout_corr/kl:0.002123643644154072 - rollout_corr/k3_kl:0.0006759192910976708 - rollout_corr/rollout_ppl:1.0959182977676392 - rollout_corr/rollout_log_ppl:0.07120019197463989 - rollout_corr/log_ppl_diff:0.0011884479317814112 - rollout_corr/log_ppl_abs_diff:0.002162899123504758 - rollout_corr/log_ppl_diff_max:0.05318629741668701 - rollout_corr/log_ppl_diff_min:-0.018664300441741943 - rollout_corr/ppl_ratio:1.001213788986206 - rollout_corr/chi2_token:-0.00156325101852417 - rollout_corr/chi2_seq:-0.024308323860168457 - actor/pg_clipfrac:np.float64(0.0) - actor/ppo_kl:np.float64(0.0) - actor/pg_clipfrac_lower:np.float64(0.0) - actor/pg_loss:np.float64(-0.7503910064697266) - actor/loss:np.float64(-0.7503910064697266) - actor/grad_norm:np.float64(0.6302114129066467) - actor/lr:np.float64(1e-06) - actor/perf/max_memory_allocated_gb:np.float64(18.28952407836914) - actor/perf/max_memory_reserved_gb:np.float64(30.51171875) - actor/perf/cpu_memory_used_gb:np.float64(32.8914909362793) - perf/mfu/actor:np.float64(0.03563804698791072) - training/global_step:85 - training/epoch:0 - critic/score/mean:0.5333333611488342 - critic/score/max:1.0416666269302368 - critic/score/min:-0.02500000037252903 - critic/rewards/mean:0.5333333611488342 - critic/rewards/max:1.0416666269302368 - critic/rewards/min:-0.02500000037252903 - critic/advantages/mean:0.7503908276557922 - critic/advantages/max:2.474453926086426 - critic/advantages/min:-2.4748666286468506 - critic/returns/mean:0.7503908276557922 - critic/returns/max:2.474453926086426 - critic/returns/min:-2.4748666286468506 - response_length/mean:33.71875 - response_length/max:285.0 - response_length/min:4.0 - response_length/clip_ratio:0.03125 - response_length_non_aborted/mean:33.71875 - response_length_non_aborted/max:285.0 - response_length_non_aborted/min:4.0 - response_length_non_aborted/clip_ratio:0.03125 - response/aborted_ratio:0.0 - prompt_length/mean:133.75 - prompt_length/max:218.0 - prompt_length/min:81.0 - prompt_length/clip_ratio:0.25 - timing_s/gen:4.40723292005714 - timing_s/old_log_prob:1.1358396249706857 - timing_s/adv:0.19231328601017594 - timing_s/update_actor:1.9793164739967324 - timing_s/update_weights:1.0778129989630543 - timing_s/step:9.203290935023688 - timing_per_token_ms/adv:0.03464480021801044 - timing_per_token_ms/update_actor:0.3565693521882062 - timing_per_token_ms/gen:3.7508365277082043 - perf/total_num_tokens:5551 - perf/time_per_step:9.203290935023688 - perf/throughput:603.1538108694716 - training/num_turns/mean:np.float64(2.0) - training/num_turns/max:np.int64(2) - training/num_turns/min:np.int64(2) - training/off_policy/trajectory_spans/mean:np.float64(1.0) - training/off_policy/trajectory_spans/max:np.float64(1.0) - training/off_policy/trajectory_spans/min:np.float64(1.0) - training/off_policy/trajectory_staleness/mean:np.float64(0.0) - training/off_policy/trajectory_staleness/max:np.float64(0.0) - training/off_policy/trajectory_staleness/min:np.float64(0.0) - training/off_policy/trajectory_staleness_worst/mean:np.float64(0.0) - training/off_policy/trajectory_staleness_worst/max:np.float64(0.0) - training/off_policy/trajectory_staleness_worst/min:np.float64(0.0)
[36m(TaskRunnerV1 pid=997342)[0m step:86 - global_seqlen/min:4310 - global_seqlen/max:4310 - global_seqlen/minmax_diff:0 - global_seqlen/balanced_min:4310 - global_seqlen/balanced_max:4310 - global_seqlen/mean:4310.0 - actor/entropy:0.7317708134651184 - training/rollout_probs_diff_valid:1 - training/rollout_probs_diff_max:0.08520299196243286 - training/rollout_probs_diff_mean:0.005135179031640291 - training/rollout_probs_diff_std:0.009212068282067776 - training/rollout_actor_probs_pearson_corr:0.9995438456535339 - rollout_corr/training_ppl:1.1251099109649658 - rollout_corr/training_log_ppl:0.09188367426395416 - rollout_corr/kl:0.003164134453982115 - rollout_corr/k3_kl:0.0006925511406734586 - rollout_corr/rollout_ppl:1.1247990131378174 - rollout_corr/rollout_log_ppl:0.09174185991287231 - rollout_corr/log_ppl_diff:0.00014182250015437603 - rollout_corr/log_ppl_abs_diff:0.00231144018471241 - rollout_corr/log_ppl_diff_max:0.02744060754776001 - rollout_corr/log_ppl_diff_min:-0.050533145666122437 - rollout_corr/ppl_ratio:1.0001676082611084 - rollout_corr/chi2_token:-0.003568410873413086 - rollout_corr/chi2_seq:-0.017887353897094727 - actor/pg_clipfrac:np.float64(0.0) - actor/ppo_kl:np.float64(0.0) - actor/pg_clipfrac_lower:np.float64(0.0) - actor/pg_loss:np.float64(1.3322352170944214) - actor/loss:np.float64(1.3322352170944214) - actor/grad_norm:np.float64(0.7525975108146667) - actor/lr:np.float64(1e-06) - actor/perf/max_memory_allocated_gb:np.float64(18.28952407836914) - actor/perf/max_memory_reserved_gb:np.float64(30.51171875) - actor/perf/cpu_memory_used_gb:np.float64(32.893836975097656) - perf/mfu/actor:np.float64(0.030080420318940815) - training/global_step:86 - training/epoch:0 - critic/score/mean:0.2291666567325592 - critic/score/max:1.0333333015441895 - critic/score/min:-0.06666667014360428 - critic/rewards/mean:0.2291666567325592 - critic/rewards/max:1.0333333015441895 - critic/rewards/min:-0.06666667014360428 - critic/advantages/mean:-1.33223557472229 - critic/advantages/max:1.2074623107910156 - critic/advantages/min:-2.338273525238037 - critic/returns/mean:-1.33223557472229 - critic/returns/max:1.2074623107910156 - critic/returns/min:-2.338273525238037 - response_length/mean:27.9375 - response_length/max:436.0 - response_length/min:4.0 - response_length/clip_ratio:0.03125 - response_length_non_aborted/mean:27.9375 - response_length_non_aborted/max:436.0 - response_length_non_aborted/min:4.0 - response_length_non_aborted/clip_ratio:0.03125 - response/aborted_ratio:0.0 - prompt_length/mean:100.75 - prompt_length/max:120.0 - prompt_length/min:85.0 - prompt_length/clip_ratio:0.25 - timing_s/gen:4.4097596110077575 - timing_s/old_log_prob:1.3338019250077195 - timing_s/adv:0.24169976398115978 - timing_s/update_actor:1.8431738350191154 - timing_s/update_weights:0.9966127590159886 - timing_s/step:9.228521950019058 - timing_per_token_ms/adv:0.05607883155015308 - timing_per_token_ms/update_actor:0.42765054176777617 - timing_per_token_ms/gen:4.4543026373815735 - perf/total_num_tokens:4310 - perf/time_per_step:9.228521950019058 - perf/throughput:467.0303677384762 - training/num_turns/mean:np.float64(2.0) - training/num_turns/max:np.int64(2) - training/num_turns/min:np.int64(2) - training/off_policy/trajectory_spans/mean:np.float64(1.0) - training/off_policy/trajectory_spans/max:np.float64(1.0) - training/off_policy/trajectory_spans/min:np.float64(1.0) - training/off_policy/trajectory_staleness/mean:np.float64(0.0) - training/off_policy/trajectory_staleness/max:np.float64(0.0) - training/off_policy/trajectory_staleness/min:np.float64(0.0) - training/off_policy/trajectory_staleness_worst/mean:np.float64(0.0) - training/off_policy/trajectory_staleness_worst/max:np.float64(0.0) - training/off_policy/trajectory_staleness_worst/min:np.float64(0.0)
[36m(TaskRunnerV1 pid=997342)[0m step:87 - global_seqlen/min:7555 - global_seqlen/max:7555 - global_seqlen/minmax_diff:0 - global_seqlen/balanced_min:7555 - global_seqlen/balanced_max:7555 - global_seqlen/mean:7555.0 - actor/entropy:0.5369420647621155 - training/rollout_probs_diff_valid:1 - training/rollout_probs_diff_max:0.07305598258972168 - training/rollout_probs_diff_mean:0.004246059339493513 - training/rollout_probs_diff_std:0.008846980519592762 - training/rollout_actor_probs_pearson_corr:0.9995346069335938 - rollout_corr/training_ppl:1.3332678079605103 - rollout_corr/training_log_ppl:0.11515606939792633 - rollout_corr/kl:0.0004216688685119152 - rollout_corr/k3_kl:0.0005572654190473258 - rollout_corr/rollout_ppl:1.3320398330688477 - rollout_corr/rollout_log_ppl:0.11418744921684265 - rollout_corr/log_ppl_diff:0.0009686208795756102 - rollout_corr/log_ppl_abs_diff:0.002239059889689088 - rollout_corr/log_ppl_diff_max:0.0423506498336792 - rollout_corr/log_ppl_diff_min:-0.03724169731140137 - rollout_corr/ppl_ratio:1.0009922981262207 - rollout_corr/chi2_token:0.0013750791549682617 - rollout_corr/chi2_seq:-0.012492239475250244 - actor/pg_clipfrac:np.float64(0.0) - actor/ppo_kl:np.float64(0.0) - actor/pg_clipfrac_lower:np.float64(0.0) - actor/pg_loss:np.float64(-0.428498774766922) - actor/loss:np.float64(-0.428498774766922) - actor/grad_norm:np.float64(0.24473409354686737) - actor/lr:np.float64(1e-06) - actor/perf/max_memory_allocated_gb:np.float64(18.28952407836914) - actor/perf/max_memory_reserved_gb:np.float64(30.51171875) - actor/perf/cpu_memory_used_gb:np.float64(32.92061233520508) - perf/mfu/actor:np.float64(0.041016596902169446) - training/global_step:87 - training/epoch:0 - critic/score/mean:0.3645833432674408 - critic/score/max:1.0499999523162842 - critic/score/min:-0.02500000037252903 - critic/rewards/mean:0.3645833432674408 - critic/rewards/max:1.0499999523162842 - critic/rewards/min:-0.02500000037252903 - critic/advantages/mean:0.428498774766922 - critic/advantages/max:1.7438231706619263 - critic/advantages/min:-1.2906445264816284 - critic/returns/mean:0.428498774766922 - critic/returns/max:1.7438231706619263 - critic/returns/min:-1.2906445264816284 - response_length/mean:87.09375 - response_length/max:512.0 - response_length/min:4.0 - response_length/clip_ratio:0.03125 - response_length_non_aborted/mean:87.09375 - response_length_non_aborted/max:512.0 - response_length_non_aborted/min:4.0 - response_length_non_aborted/clip_ratio:0.03125 - response/aborted_ratio:0.0 - prompt_length/mean:143.0 - prompt_length/max:182.0 - prompt_length/min:116.0 - prompt_length/clip_ratio:0.25 - timing_s/gen:4.447993364010472 - timing_s/old_log_prob:1.2274327549966983 - timing_s/adv:0.23884882300626487 - timing_s/update_actor:2.289963882009033 - timing_s/update_weights:1.1234500530408695 - timing_s/step:9.72528696100926 - timing_per_token_ms/adv:0.03161466882941957 - timing_per_token_ms/update_actor:0.3031057421587072 - timing_per_token_ms/gen:1.5428350204684258 - perf/total_num_tokens:7555 - perf/time_per_step:9.72528696100926 - perf/throughput:776.8408305368879 - training/num_turns/mean:np.float64(2.0) - training/num_turns/max:np.int64(2) - training/num_turns/min:np.int64(2) - training/off_policy/trajectory_spans/mean:np.float64(1.0) - training/off_policy/trajectory_spans/max:np.float64(1.0) - training/off_policy/trajectory_spans/min:np.float64(1.0) - training/off_policy/trajectory_staleness/mean:np.float64(0.0) - training/off_policy/trajectory_staleness/max:np.float64(0.0) - training/off_policy/trajectory_staleness/min:np.float64(0.0) - training/off_policy/trajectory_staleness_worst/mean:np.float64(0.0) - training/off_policy/trajectory_staleness_worst/max:np.float64(0.0) - training/off_policy/trajectory_staleness_worst/min:np.float64(0.0)[36m(TaskRunnerV1 pid=997342)[0m Training Progress:  70%|██████▉   | 87/125 [14:40<06:07,  9.66s/it]
[36m(WorkerDict pid=998593)[0m INFO:2026-07-05 14:44:11,350:update_weights done, time cost: 0.35s
[36m(TaskRunnerV1 pid=997342)[0m Training Progress:  70%|███████   | 88/125 [14:49<05:55,  9.62s/it]
[36m(WorkerDict pid=998593)[0m INFO:2026-07-05 14:44:20,548:update_weights done, time cost: 0.41s
[36m(TaskRunnerV1 pid=997342)[0m Training Progress:  71%|███████   | 89/125 [14:58<05:42,  9.51s/it]
[36m(WorkerDict pid=998593)[0m INFO:2026-07-05 14:44:29,987:update_weights done, time cost: 0.41s

[36m(TaskRunnerV1 pid=997342)[0m step:88 - global_seqlen/min:6626 - global_seqlen/max:6626 - global_seqlen/minmax_diff:0 - global_seqlen/balanced_min:6626 - global_seqlen/balanced_max:6626 - global_seqlen/mean:6626.0 - actor/entropy:0.5812647342681885 - training/rollout_probs_diff_valid:1 - training/rollout_probs_diff_max:0.06059467792510986 - training/rollout_probs_diff_mean:0.004613082855939865 - training/rollout_probs_diff_std:0.008386644534766674 - training/rollout_actor_probs_pearson_corr:0.9995624423027039 - rollout_corr/training_ppl:1.1687349081039429 - rollout_corr/training_log_ppl:0.10584042221307755 - rollout_corr/kl:-0.00020743599452544004 - rollout_corr/k3_kl:0.0005488600581884384 - rollout_corr/rollout_ppl:1.1682063341140747 - rollout_corr/rollout_log_ppl:0.1052490770816803 - rollout_corr/log_ppl_diff:0.0005913629429414868 - rollout_corr/log_ppl_abs_diff:0.0021848008036613464 - rollout_corr/log_ppl_diff_max:0.022634342312812805 - rollout_corr/log_ppl_diff_min:-0.03648599982261658 - rollout_corr/ppl_ratio:1.0006086826324463 - rollout_corr/chi2_token:0.0026221275329589844 - rollout_corr/chi2_seq:0.023572206497192383 - actor/pg_clipfrac:np.float64(0.0) - actor/ppo_kl:np.float64(0.0) - actor/pg_clipfrac_lower:np.float64(0.0) - actor/pg_loss:np.float64(0.8421356081962585) - actor/loss:np.float64(0.8421356081962585) - actor/grad_norm:np.float64(0.3162981867790222) - actor/lr:np.float64(1e-06) - actor/perf/max_memory_allocated_gb:np.float64(18.28952407836914) - actor/perf/max_memory_reserved_gb:np.float64(30.51171875) - actor/perf/cpu_memory_used_gb:np.float64(32.9144401550293) - perf/mfu/actor:np.float64(0.039481706050045765) - training/global_step:88 - training/epoch:0 - critic/score/mean:0.49765628576278687 - critic/score/max:1.0166666507720947 - critic/score/min:-0.05000000074505806 - critic/rewards/mean:0.49765628576278687 - critic/rewards/max:1.0166666507720947 - critic/rewards/min:-0.05000000074505806 - critic/advantages/mean:-0.8421357274055481 - critic/advantages/max:2.119702100753784 - critic/advantages/min:-2.474061965942383 - critic/returns/mean:-0.8421357274055481 - critic/returns/max:2.119702100753784 - critic/returns/min:-2.474061965942383 - response_length/mean:80.3125 - response_length/max:512.0 - response_length/min:4.0 - response_length/clip_ratio:0.03125 - response_length_non_aborted/mean:80.3125 - response_length_non_aborted/max:512.0 - response_length_non_aborted/min:4.0 - response_length_non_aborted/clip_ratio:0.03125 - response/aborted_ratio:0.0 - prompt_length/mean:120.75 - prompt_length/max:139.0 - prompt_length/min:85.0 - prompt_length/clip_ratio:0.25 - timing_s/gen:4.421284039970487 - timing_s/old_log_prob:1.168580538011156 - timing_s/adv:0.24477082502562553 - timing_s/update_actor:2.111930252984166 - timing_s/update_weights:1.0314445010153577 - timing_s/step:9.38405926595442 - timing_per_token_ms/adv:0.03694096363199902 - timing_per_token_ms/update_actor:0.31873381421433233 - timing_per_token_ms/gen:1.658396114017437 - perf/total_num_tokens:6626 - perf/time_per_step:9.38405926595442 - perf/throughput:706.0910222550788 - training/num_turns/mean:np.float64(2.0) - training/num_turns/max:np.int64(2) - training/num_turns/min:np.int64(2) - training/off_policy/trajectory_spans/mean:np.float64(1.0) - training/off_policy/trajectory_spans/max:np.float64(1.0) - training/off_policy/trajectory_spans/min:np.float64(1.0) - training/off_policy/trajectory_staleness/mean:np.float64(0.0) - training/off_policy/trajectory_staleness/max:np.float64(0.0) - training/off_policy/trajectory_staleness/min:np.float64(0.0) - training/off_policy/trajectory_staleness_worst/mean:np.float64(0.0) - training/off_policy/trajectory_staleness_worst/max:np.float64(0.0) - training/off_policy/trajectory_staleness_worst/min:np.float64(0.0)
[36m(TaskRunnerV1 pid=997342)[0m step:89 - global_seqlen/min:4571 - global_seqlen/max:4571 - global_seqlen/minmax_diff:0 - global_seqlen/balanced_min:4571 - global_seqlen/balanced_max:4571 - global_seqlen/mean:4571.0 - actor/entropy:0.8936575055122375 - training/rollout_probs_diff_valid:1 - training/rollout_probs_diff_max:0.05441814661026001 - training/rollout_probs_diff_mean:0.0052451929077506065 - training/rollout_probs_diff_std:0.008764473721385002 - training/rollout_actor_probs_pearson_corr:0.9995898008346558 - rollout_corr/training_ppl:1.1454620361328125 - rollout_corr/training_log_ppl:0.09103851765394211 - rollout_corr/kl:-0.000412951922044158 - rollout_corr/k3_kl:0.0006002183072268963 - rollout_corr/rollout_ppl:1.147164225578308 - rollout_corr/rollout_log_ppl:0.09259876608848572 - rollout_corr/log_ppl_diff:-0.001560233999043703 - rollout_corr/log_ppl_abs_diff:0.002682939637452364 - rollout_corr/log_ppl_diff_max:0.028960227966308594 - rollout_corr/log_ppl_diff_min:-0.04675278067588806 - rollout_corr/ppl_ratio:0.9984676837921143 - rollout_corr/chi2_token:0.0032411813735961914 - rollout_corr/chi2_seq:0.012658953666687012 - actor/pg_clipfrac:np.float64(0.0) - actor/ppo_kl:np.float64(0.0) - actor/pg_clipfrac_lower:np.float64(0.0) - actor/pg_loss:np.float64(-0.4645825922489166) - actor/loss:np.float64(-0.4645825922489166) - actor/grad_norm:np.float64(0.4462631046772003) - actor/lr:np.float64(1e-06) - actor/perf/max_memory_allocated_gb:np.float64(18.28952407836914) - actor/perf/max_memory_reserved_gb:np.float64(30.51171875) - actor/perf/cpu_memory_used_gb:np.float64(32.89967727661133) - perf/mfu/actor:np.float64(0.03140502750705172) - training/global_step:89 - training/epoch:0 - critic/score/mean:0.36145836114883423 - critic/score/max:1.0333333015441895 - critic/score/min:-0.05833333358168602 - critic/rewards/mean:0.36145836114883423 - critic/rewards/max:1.0333333015441895 - critic/rewards/min:-0.05833333358168602 - critic/advantages/mean:0.464582622051239 - critic/advantages/max:2.465656042098999 - critic/advantages/min:-0.5400605201721191 - critic/returns/mean:0.464582622051239 - critic/returns/max:2.465656042098999 - critic/returns/min:-0.5400605201721191 - response_length/mean:33.84375 - response_length/max:384.0 - response_length/min:4.0 - response_length/clip_ratio:0.03125 - response_length_non_aborted/mean:33.84375 - response_length_non_aborted/max:384.0 - response_length_non_aborted/min:4.0 - response_length_non_aborted/clip_ratio:0.03125 - response/aborted_ratio:0.0 - prompt_length/mean:103.0 - prompt_length/max:119.0 - prompt_length/min:93.0 - prompt_length/clip_ratio:0.25 - timing_s/gen:4.428532552032266 - timing_s/old_log_prob:1.092627473990433 - timing_s/adv:0.23631659103557467 - timing_s/update_actor:1.8635305379866622 - timing_s/update_weights:1.065128269023262 - timing_s/step:9.099551188002806 - timing_per_token_ms/adv:0.05169910107975819 - timing_per_token_ms/update_actor:0.40768552570261696 - timing_per_token_ms/gen:3.756176888916256 - perf/total_num_tokens:4571 - perf/time_per_step:9.099551188002806 - perf/throughput:502.33246734482685 - training/num_turns/mean:np.float64(2.0) - training/num_turns/max:np.int64(2) - training/num_turns/min:np.int64(2) - training/off_policy/trajectory_spans/mean:np.float64(1.0) - training/off_policy/trajectory_spans/max:np.float64(1.0) - training/off_policy/trajectory_spans/min:np.float64(1.0) - training/off_policy/trajectory_staleness/mean:np.float64(0.0) - training/off_policy/trajectory_staleness/max:np.float64(0.0) - training/off_policy/trajectory_staleness/min:np.float64(0.0) - training/off_policy/trajectory_staleness_worst/mean:np.float64(0.0) - training/off_policy/trajectory_staleness_worst/max:np.float64(0.0) - training/off_policy/trajectory_staleness_worst/min:np.float64(0.0)
[36m(TaskRunnerV1 pid=997342)[0m step:90 - global_seqlen/min:5876 - global_seqlen/max:5876 - global_seqlen/minmax_diff:0 - global_seqlen/balanced_min:5876 - global_seqlen/balanced_max:5876 - global_seqlen/mean:5876.0 - actor/entropy:0.8943331837654114 - training/rollout_probs_diff_valid:1 - training/rollout_probs_diff_max:0.0723525881767273 - training/rollout_probs_diff_mean:0.005901128984987736 - training/rollout_probs_diff_std:0.009065416641533375 - training/rollout_actor_probs_pearson_corr:0.999541163444519 - rollout_corr/training_ppl:1.2079386711120605 - rollout_corr/training_log_ppl:0.13512814044952393 - rollout_corr/kl:0.0010451240232214332 - rollout_corr/k3_kl:0.0007534624310210347 - rollout_corr/rollout_ppl:1.2092050313949585 - rollout_corr/rollout_log_ppl:0.1360364556312561 - rollout_corr/log_ppl_diff:-0.0009083060431294143 - rollout_corr/log_ppl_abs_diff:0.003211855422705412 - rollout_corr/log_ppl_diff_max:0.06316575407981873 - rollout_corr/log_ppl_diff_min:-0.05606043338775635 - rollout_corr/ppl_ratio:0.9991470575332642 - rollout_corr/chi2_token:0.0009140968322753906 - rollout_corr/chi2_seq:-0.010634124279022217 - actor/pg_clipfrac:np.float64(0.0) - actor/ppo_kl:np.float64(0.0) - actor/pg_clipfrac_lower:np.float64(0.0) - actor/pg_loss:np.float64(0.09060297161340714) - actor/loss:np.float64(0.09060297161340714) - actor/grad_norm:np.float64(0.2705482542514801) - actor/lr:np.float64(1e-06) - actor/perf/max_memory_allocated_gb:np.float64(18.28952407836914) - actor/perf/max_memory_reserved_gb:np.float64(30.51171875) - actor/perf/cpu_memory_used_gb:np.float64(32.90487289428711) - perf/mfu/actor:np.float64(0.03672871825676591) - training/global_step:90 - training/epoch:0 - critic/score/mean:0.1565103977918625 - critic/score/max:1.0583332777023315 - critic/score/min:-0.05000000074505806 - critic/rewards/mean:0.1565103977918625 - critic/rewards/max:1.0583332777023315 - critic/rewards/min:-0.05000000074505806 - critic/advantages/mean:-0.09060295671224594 - critic/advantages/max:2.474102258682251 - critic/advantages/min:-0.9955965280532837 - critic/returns/mean:-0.09060295671224594 - critic/returns/max:2.474102258682251 - critic/returns/min:-0.9955965280532837 - response_length/mean:66.125 - response_length/max:403.0 - response_length/min:4.0 - response_length/clip_ratio:0.03125 - response_length_non_aborted/mean:66.125 - response_length_non_aborted/max:403.0 - response_length_non_aborted/min:4.0 - response_length_non_aborted/clip_ratio:0.03125 - response/aborted_ratio:0.0 - prompt_length/mean:111.5 - prompt_length/max:126.0 - prompt_length/min:95.0 - prompt_length/clip_ratio:0.25 - timing_s/gen:4.41193021700019 - timing_s/old_log_prob:1.1349733340321109 - timing_s/adv:0.24210442299954593 - timing_s/update_actor:2.0309667990077287 - timing_s/update_weights:1.0868911020224914 - timing_s/step:9.302640004025307 - timing_per_token_ms/adv:0.04120225034029032 - timing_per_token_ms/update_actor:0.34563764448736023 - timing_per_token_ms/gen:1.994543497739688 - perf/total_num_tokens:5876 - perf/time_per_step:9.302640004025307 - perf/throughput:631.6486500023026 - training/num_turns/mean:np.float64(2.0) - training/num_turns/max:np.int64(2) - training/num_turns/min:np.int64(2) - training/off_policy/trajectory_spans/mean:np.float64(1.0) - training/off_policy/trajectory_spans/max:np.float64(1.0) - training/off_policy/trajectory_spans/min:np.float64(1.0) - training/off_policy/trajectory_staleness/mean:np.float64(0.0) - training/off_policy/trajectory_staleness/max:np.float64(0.0) - training/off_policy/trajectory_staleness/min:np.float64(0.0) - training/off_policy/trajectory_staleness_worst/mean:np.float64(0.0) - training/off_policy/trajectory_staleness_worst/max:np.float64(0.0) - training/off_policy/trajectory_staleness_worst/min:np.float64(0.0)[36m(TaskRunnerV1 pid=997342)[0m Training Progress:  72%|███████▏  | 90/125 [15:08<05:32,  9.49s/it]
[36m(WorkerDict pid=998593)[0m INFO:2026-07-05 14:44:39,740:update_weights done, time cost: 0.35s
[36m(TaskRunnerV1 pid=997342)[0m Training Progress:  73%|███████▎  | 91/125 [15:18<05:25,  9.56s/it]
[36m(WorkerDict pid=998593)[0m INFO:2026-07-05 14:44:50,043:update_weights done, time cost: 0.37s
[36m(TaskRunnerV1 pid=997342)[0m Training Progress:  74%|███████▎  | 92/125 [15:28<05:22,  9.78s/it]
[36m(WorkerDict pid=998593)[0m INFO:2026-07-05 14:45:00,603:update_weights done, time cost: 0.37s

[36m(TaskRunnerV1 pid=997342)[0m step:91 - global_seqlen/min:7175 - global_seqlen/max:7175 - global_seqlen/minmax_diff:0 - global_seqlen/balanced_min:7175 - global_seqlen/balanced_max:7175 - global_seqlen/mean:7175.0 - actor/entropy:0.6596371531486511 - training/rollout_probs_diff_valid:1 - training/rollout_probs_diff_max:0.10300271213054657 - training/rollout_probs_diff_mean:0.0048707458190619946 - training/rollout_probs_diff_std:0.008817843161523342 - training/rollout_actor_probs_pearson_corr:0.9995492696762085 - rollout_corr/training_ppl:1.2424033880233765 - rollout_corr/training_log_ppl:0.12872010469436646 - rollout_corr/kl:0.0005341228097677231 - rollout_corr/k3_kl:0.0005777133046649396 - rollout_corr/rollout_ppl:1.2428123950958252 - rollout_corr/rollout_log_ppl:0.1294451206922531 - rollout_corr/log_ppl_diff:-0.000725019839592278 - rollout_corr/log_ppl_abs_diff:0.0028285766020417213 - rollout_corr/log_ppl_diff_max:0.06793645024299622 - rollout_corr/log_ppl_diff_min:-0.03846682608127594 - rollout_corr/ppl_ratio:0.9993165135383606 - rollout_corr/chi2_token:0.0012377500534057617 - rollout_corr/chi2_seq:0.055902719497680664 - actor/pg_clipfrac:np.float64(0.0) - actor/ppo_kl:np.float64(0.0) - actor/pg_clipfrac_lower:np.float64(0.0) - actor/pg_loss:np.float64(-0.09849029779434204) - actor/loss:np.float64(-0.09849029779434204) - actor/grad_norm:np.float64(0.17316751182079315) - actor/lr:np.float64(1e-06) - actor/perf/max_memory_allocated_gb:np.float64(18.28952407836914) - actor/perf/max_memory_reserved_gb:np.float64(30.51171875) - actor/perf/cpu_memory_used_gb:np.float64(32.910396575927734) - perf/mfu/actor:np.float64(0.040274855422371844) - training/global_step:91 - training/epoch:0 - critic/score/mean:0.5255208611488342 - critic/score/max:1.0750000476837158 - critic/score/min:-0.10000000149011612 - critic/rewards/mean:0.5255208611488342 - critic/rewards/max:1.0750000476837158 - critic/rewards/min:-0.10000000149011612 - critic/advantages/mean:0.09849030524492264 - critic/advantages/max:2.4724748134613037 - critic/advantages/min:-1.6903446912765503 - critic/returns/mean:0.09849030524492264 - critic/returns/max:2.4724748134613037 - critic/returns/min:-1.6903446912765503 - response_length/mean:100.96875 - response_length/max:512.0 - response_length/min:4.0 - response_length/clip_ratio:0.03125 - response_length_non_aborted/mean:100.96875 - response_length_non_aborted/max:512.0 - response_length_non_aborted/min:4.0 - response_length_non_aborted/clip_ratio:0.03125 - response/aborted_ratio:0.0 - prompt_length/mean:117.25 - prompt_length/max:161.0 - prompt_length/min:81.0 - prompt_length/clip_ratio:0.25 - timing_s/gen:4.420187482028268 - timing_s/old_log_prob:1.2093284690054134 - timing_s/adv:0.24268276197835803 - timing_s/update_actor:2.22892134799622 - timing_s/update_weights:1.0740008560242131 - timing_s/step:9.588381477980874 - timing_per_token_ms/adv:0.03382338146039833 - timing_per_token_ms/update_actor:0.310651058954177 - timing_per_token_ms/gen:1.3285805476490136 - perf/total_num_tokens:7175 - perf/time_per_step:9.588381477980874 - perf/throughput:748.3014747042495 - training/num_turns/mean:np.float64(2.0) - training/num_turns/max:np.int64(2) - training/num_turns/min:np.int64(2) - training/off_policy/trajectory_spans/mean:np.float64(1.0) - training/off_policy/trajectory_spans/max:np.float64(1.0) - training/off_policy/trajectory_spans/min:np.float64(1.0) - training/off_policy/trajectory_staleness/mean:np.float64(0.0) - training/off_policy/trajectory_staleness/max:np.float64(0.0) - training/off_policy/trajectory_staleness/min:np.float64(0.0) - training/off_policy/trajectory_staleness_worst/mean:np.float64(0.0) - training/off_policy/trajectory_staleness_worst/max:np.float64(0.0) - training/off_policy/trajectory_staleness_worst/min:np.float64(0.0)
[36m(TaskRunnerV1 pid=997342)[0m step:92 - global_seqlen/min:8728 - global_seqlen/max:8728 - global_seqlen/minmax_diff:0 - global_seqlen/balanced_min:8728 - global_seqlen/balanced_max:8728 - global_seqlen/mean:8728.0 - actor/entropy:0.6384515762329102 - training/rollout_probs_diff_valid:1 - training/rollout_probs_diff_max:0.06219428777694702 - training/rollout_probs_diff_mean:0.003930804319679737 - training/rollout_probs_diff_std:0.008006485179066658 - training/rollout_actor_probs_pearson_corr:0.9996584057807922 - rollout_corr/training_ppl:1.1521919965744019 - rollout_corr/training_log_ppl:0.09924904257059097 - rollout_corr/kl:0.0012990189716219902 - rollout_corr/k3_kl:0.0005236025317572057 - rollout_corr/rollout_ppl:1.1521058082580566 - rollout_corr/rollout_log_ppl:0.09909749776124954 - rollout_corr/log_ppl_diff:0.00015153770800679922 - rollout_corr/log_ppl_abs_diff:0.001727361581288278 - rollout_corr/log_ppl_diff_max:0.017727047204971313 - rollout_corr/log_ppl_diff_min:-0.03992840647697449 - rollout_corr/ppl_ratio:1.0001658201217651 - rollout_corr/chi2_token:-0.0004997849464416504 - rollout_corr/chi2_seq:-0.033003270626068115 - actor/pg_clipfrac:np.float64(0.0) - actor/ppo_kl:np.float64(0.0) - actor/pg_clipfrac_lower:np.float64(0.0) - actor/pg_loss:np.float64(0.13084182143211365) - actor/loss:np.float64(0.13084182143211365) - actor/grad_norm:np.float64(0.1362154483795166) - actor/lr:np.float64(1e-06) - actor/perf/max_memory_allocated_gb:np.float64(18.28952407836914) - actor/perf/max_memory_reserved_gb:np.float64(30.51171875) - actor/perf/cpu_memory_used_gb:np.float64(32.934635162353516) - perf/mfu/actor:np.float64(0.041132774001831386) - training/global_step:92 - training/epoch:0 - critic/score/mean:0.39531248807907104 - critic/score/max:1.0416666269302368 - critic/score/min:-0.05000000074505806 - critic/rewards/mean:0.39531248807907104 - critic/rewards/max:1.0416666269302368 - critic/rewards/min:-0.05000000074505806 - critic/advantages/mean:-0.13084183633327484 - critic/advantages/max:2.4735047817230225 - critic/advantages/min:-1.2805744409561157 - critic/returns/mean:-0.13084183633327484 - critic/returns/max:2.4735047817230225 - critic/returns/min:-1.2805744409561157 - response_length/mean:144.25 - response_length/max:512.0 - response_length/min:4.0 - response_length/clip_ratio:0.0625 - response_length_non_aborted/mean:144.25 - response_length_non_aborted/max:512.0 - response_length_non_aborted/min:4.0 - response_length_non_aborted/clip_ratio:0.0625 - response/aborted_ratio:0.0 - prompt_length/mean:122.5 - prompt_length/max:147.0 - prompt_length/min:100.0 - prompt_length/clip_ratio:0.25 - timing_s/gen:4.447925087995827 - timing_s/old_log_prob:1.3316102299722843 - timing_s/adv:0.24215656897285953 - timing_s/update_actor:2.6041180409956723 - timing_s/update_weights:1.0980443339794874 - timing_s/step:10.135162908001803 - timing_per_token_ms/adv:0.02774479479524055 - timing_per_token_ms/update_actor:0.2983636618922631 - timing_per_token_ms/gen:0.9439569371807782 - perf/total_num_tokens:8728 - perf/time_per_step:10.135162908001803 - perf/throughput:861.1603068668156 - training/num_turns/mean:np.float64(2.0) - training/num_turns/max:np.int64(2) - training/num_turns/min:np.int64(2) - training/off_policy/trajectory_spans/mean:np.float64(1.0) - training/off_policy/trajectory_spans/max:np.float64(1.0) - training/off_policy/trajectory_spans/min:np.float64(1.0) - training/off_policy/trajectory_staleness/mean:np.float64(0.0) - training/off_policy/trajectory_staleness/max:np.float64(0.0) - training/off_policy/trajectory_staleness/min:np.float64(0.0) - training/off_policy/trajectory_staleness_worst/mean:np.float64(0.0) - training/off_policy/trajectory_staleness_worst/max:np.float64(0.0) - training/off_policy/trajectory_staleness_worst/min:np.float64(0.0)
[36m(TaskRunnerV1 pid=997342)[0m step:93 - global_seqlen/min:8701 - global_seqlen/max:8701 - global_seqlen/minmax_diff:0 - global_seqlen/balanced_min:8701 - global_seqlen/balanced_max:8701 - global_seqlen/mean:8701.0 - actor/entropy:0.8672861456871033 - training/rollout_probs_diff_valid:1 - training/rollout_probs_diff_max:0.06216830015182495 - training/rollout_probs_diff_mean:0.0050825877115130424 - training/rollout_probs_diff_std:0.008855818770825863 - training/rollout_actor_probs_pearson_corr:0.9995951652526855 - rollout_corr/training_ppl:1.603655219078064 - rollout_corr/training_log_ppl:0.16487567126750946 - rollout_corr/kl:-0.00011189826909685507 - rollout_corr/k3_kl:0.00063345703529194 - rollout_corr/rollout_ppl:1.6143522262573242 - rollout_corr/rollout_log_ppl:0.16485252976417542 - rollout_corr/log_ppl_diff:2.314150333404541e-05 - rollout_corr/log_ppl_abs_diff:0.0021252320148050785 - rollout_corr/log_ppl_diff_max:0.03258723020553589 - rollout_corr/log_ppl_diff_min:-0.031090497970581055 - rollout_corr/ppl_ratio:1.0000444650650024 - rollout_corr/chi2_token:0.0027729272842407227 - rollout_corr/chi2_seq:0.1030348539352417 - actor/pg_clipfrac:np.float64(0.0) - actor/ppo_kl:np.float64(0.0) - actor/pg_clipfrac_lower:np.float64(0.0) - actor/pg_loss:np.float64(-0.18954917788505554) - actor/loss:np.float64(-0.18954917788505554) - actor/grad_norm:np.float64(0.16821688413619995) - actor/lr:np.float64(1e-06) - actor/perf/max_memory_allocated_gb:np.float64(18.28952407836914) - actor/perf/max_memory_reserved_gb:np.float64(30.51171875) - actor/perf/cpu_memory_used_gb:np.float64(32.937496185302734) - perf/mfu/actor:np.float64(0.041331001454098355) - training/global_step:93 - training/epoch:0 - critic/score/mean:0.2744791507720947 - critic/score/max:1.0416666269302368 - critic/score/min:-0.10000000149011612 - critic/rewards/mean:0.2744791507720947 - critic/rewards/max:1.0416666269302368 - critic/rewards/min:-0.10000000149011612 - critic/advantages/mean:0.18954920768737793 - critic/advantages/max:1.9842084646224976 - critic/advantages/min:-1.8216291666030884 - critic/returns/mean:0.18954920768737793 - critic/returns/max:1.9842084646224976 - critic/returns/min:-1.8216291666030884 - response_length/mean:131.90625 - response_length/max:512.0 - response_length/min:2.0 - response_length/clip_ratio:0.09375 - response_length_non_aborted/mean:131.90625 - response_length_non_aborted/max:512.0 - response_length_non_aborted/min:2.0 - response_length_non_aborted/clip_ratio:0.09375 - response/aborted_ratio:0.0 - prompt_length/mean:134.0 - prompt_length/max:169.0 - prompt_length/min:108.0 - prompt_length/clip_ratio:0.25 - timing_s/gen:4.4337839059880935 - timing_s/old_log_prob:1.3463728500064462 - timing_s/adv:0.2422737890155986 - timing_s/update_actor:2.5861055449931882 - timing_s/update_weights:1.103396053018514 - timing_s/step:10.422995720000472 - timing_per_token_ms/adv:0.02784436145449932 - timing_per_token_ms/update_actor:0.2972193477753348 - timing_per_token_ms/gen:1.0270520977503113 - perf/total_num_tokens:8701 - perf/time_per_step:10.422995720000472 - perf/throughput:834.7887914128019 - training/num_turns/mean:np.float64(2.0) - training/num_turns/max:np.int64(2) - training/num_turns/min:np.int64(2) - training/off_policy/trajectory_spans/mean:np.float64(1.0) - training/off_policy/trajectory_spans/max:np.float64(1.0) - training/off_policy/trajectory_spans/min:np.float64(1.0) - training/off_policy/trajectory_staleness/mean:np.float64(0.0) - training/off_policy/trajectory_staleness/max:np.float64(0.0) - training/off_policy/trajectory_staleness/min:np.float64(0.0) - training/off_policy/trajectory_staleness_worst/mean:np.float64(0.0) - training/off_policy/trajectory_staleness_worst/max:np.float64(0.0) - training/off_policy/trajectory_staleness_worst/min:np.float64(0.0)[36m(TaskRunnerV1 pid=997342)[0m Training Progress:  74%|███████▍  | 93/125 [15:38<05:20, 10.01s/it]
[36m(WorkerDict pid=998593)[0m INFO:2026-07-05 14:45:10,098:update_weights done, time cost: 0.39s
[36m(TaskRunnerV1 pid=997342)[0m Training Progress:  75%|███████▌  | 94/125 [15:48<05:05,  9.87s/it]
[36m(WorkerDict pid=998593)[0m INFO:2026-07-05 14:45:20,243:update_weights done, time cost: 0.37s
[36m(TaskRunnerV1 pid=997342)[0m Training Progress:  76%|███████▌  | 95/125 [15:58<04:58,  9.94s/it]
[36m(WorkerDict pid=998593)[0m INFO:2026-07-05 14:45:30,179:update_weights done, time cost: 0.38s

[36m(TaskRunnerV1 pid=997342)[0m step:94 - global_seqlen/min:6191 - global_seqlen/max:6191 - global_seqlen/minmax_diff:0 - global_seqlen/balanced_min:6191 - global_seqlen/balanced_max:6191 - global_seqlen/mean:6191.0 - actor/entropy:0.6662198305130005 - training/rollout_probs_diff_valid:1 - training/rollout_probs_diff_max:0.06210210919380188 - training/rollout_probs_diff_mean:0.004795115906745195 - training/rollout_probs_diff_std:0.008303594775497913 - training/rollout_actor_probs_pearson_corr:0.9995993971824646 - rollout_corr/training_ppl:1.1643483638763428 - rollout_corr/training_log_ppl:0.11067981272935867 - rollout_corr/kl:0.0008824164979159832 - rollout_corr/k3_kl:0.0005942182615399361 - rollout_corr/rollout_ppl:1.164445400238037 - rollout_corr/rollout_log_ppl:0.11078411340713501 - rollout_corr/log_ppl_diff:-0.00010429631220176816 - rollout_corr/log_ppl_abs_diff:0.002359423553571105 - rollout_corr/log_ppl_diff_max:0.03134888410568237 - rollout_corr/log_ppl_diff_min:-0.05576622486114502 - rollout_corr/ppl_ratio:0.9999250173568726 - rollout_corr/chi2_token:0.0006209611892700195 - rollout_corr/chi2_seq:0.010918855667114258 - actor/pg_clipfrac:np.float64(0.0) - actor/ppo_kl:np.float64(0.0) - actor/pg_clipfrac_lower:np.float64(0.0) - actor/pg_loss:np.float64(0.4426429867744446) - actor/loss:np.float64(0.4426429867744446) - actor/grad_norm:np.float64(0.24759529531002045) - actor/lr:np.float64(1e-06) - actor/perf/max_memory_allocated_gb:np.float64(18.28952407836914) - actor/perf/max_memory_reserved_gb:np.float64(30.51171875) - actor/perf/cpu_memory_used_gb:np.float64(32.92475509643555) - perf/mfu/actor:np.float64(0.037750463911671896) - training/global_step:94 - training/epoch:0 - critic/score/mean:0.395052045583725 - critic/score/max:1.0666667222976685 - critic/score/min:-0.03333333507180214 - critic/rewards/mean:0.395052045583725 - critic/rewards/max:1.0666667222976685 - critic/rewards/min:-0.03333333507180214 - critic/advantages/mean:-0.44264310598373413 - critic/advantages/max:1.6194117069244385 - critic/advantages/min:-1.016621470451355 - critic/returns/mean:-0.44264310598373413 - critic/returns/max:1.6194117069244385 - critic/returns/min:-1.016621470451355 - response_length/mean:77.71875 - response_length/max:512.0 - response_length/min:4.0 - response_length/clip_ratio:0.03125 - response_length_non_aborted/mean:77.71875 - response_length_non_aborted/max:512.0 - response_length_non_aborted/min:4.0 - response_length_non_aborted/clip_ratio:0.03125 - response/aborted_ratio:0.0 - prompt_length/mean:109.75 - prompt_length/max:135.0 - prompt_length/min:81.0 - prompt_length/clip_ratio:0.25 - timing_s/gen:4.424323333019856 - timing_s/old_log_prob:1.1483339899568819 - timing_s/adv:0.24220843601506203 - timing_s/update_actor:2.066761310037691 - timing_s/update_weights:1.1076769049977884 - timing_s/step:9.391806514002383 - timing_per_token_ms/adv:0.03912266774593152 - timing_per_token_ms/update_actor:0.3338331949665145 - timing_per_token_ms/gen:1.7128623046921627 - perf/total_num_tokens:6191 - perf/time_per_step:9.391806514002383 - perf/throughput:659.1916039549736 - training/num_turns/mean:np.float64(2.0) - training/num_turns/max:np.int64(2) - training/num_turns/min:np.int64(2) - training/off_policy/trajectory_spans/mean:np.float64(1.0) - training/off_policy/trajectory_spans/max:np.float64(1.0) - training/off_policy/trajectory_spans/min:np.float64(1.0) - training/off_policy/trajectory_staleness/mean:np.float64(0.0) - training/off_policy/trajectory_staleness/max:np.float64(0.0) - training/off_policy/trajectory_staleness/min:np.float64(0.0) - training/off_policy/trajectory_staleness_worst/mean:np.float64(0.0) - training/off_policy/trajectory_staleness_worst/max:np.float64(0.0) - training/off_policy/trajectory_staleness_worst/min:np.float64(0.0)
[36m(TaskRunnerV1 pid=997342)[0m step:95 - global_seqlen/min:8570 - global_seqlen/max:8570 - global_seqlen/minmax_diff:0 - global_seqlen/balanced_min:8570 - global_seqlen/balanced_max:8570 - global_seqlen/mean:8570.0 - actor/entropy:0.6018178462982178 - training/rollout_probs_diff_valid:1 - training/rollout_probs_diff_max:0.0623476505279541 - training/rollout_probs_diff_mean:0.004863612819463015 - training/rollout_probs_diff_std:0.008861994370818138 - training/rollout_actor_probs_pearson_corr:0.9995299577713013 - rollout_corr/training_ppl:1.1694884300231934 - rollout_corr/training_log_ppl:0.12393634766340256 - rollout_corr/kl:-0.0004972678143531084 - rollout_corr/k3_kl:0.000577375409193337 - rollout_corr/rollout_ppl:1.1721292734146118 - rollout_corr/rollout_log_ppl:0.12559013068675995 - rollout_corr/log_ppl_diff:-0.001653779181651771 - rollout_corr/log_ppl_abs_diff:0.00292423483915627 - rollout_corr/log_ppl_diff_max:0.01750999689102173 - rollout_corr/log_ppl_diff_min:-0.045473694801330566 - rollout_corr/ppl_ratio:0.998382568359375 - rollout_corr/chi2_token:0.003320932388305664 - rollout_corr/chi2_seq:0.09168422222137451 - actor/pg_clipfrac:np.float64(0.0) - actor/ppo_kl:np.float64(0.0) - actor/pg_clipfrac_lower:np.float64(0.0) - actor/pg_loss:np.float64(0.2674482762813568) - actor/loss:np.float64(0.2674482762813568) - actor/grad_norm:np.float64(0.1265813410282135) - actor/lr:np.float64(1e-06) - actor/perf/max_memory_allocated_gb:np.float64(18.28952407836914) - actor/perf/max_memory_reserved_gb:np.float64(30.51171875) - actor/perf/cpu_memory_used_gb:np.float64(32.94660186767578) - perf/mfu/actor:np.float64(0.04114455431021584) - training/global_step:95 - training/epoch:0 - critic/score/mean:0.2770833373069763 - critic/score/max:1.0333333015441895 - critic/score/min:-0.05833333358168602 - critic/rewards/mean:0.2770833373069763 - critic/rewards/max:1.0333333015441895 - critic/rewards/min:-0.05833333358168602 - critic/advantages/mean:-0.2674483060836792 - critic/advantages/max:2.4736227989196777 - critic/advantages/min:-0.9964407086372375 - critic/returns/mean:-0.2674483060836792 - critic/returns/max:2.4736227989196777 - critic/returns/min:-0.9964407086372375 - response_length/mean:127.3125 - response_length/max:512.0 - response_length/min:4.0 - response_length/clip_ratio:0.125 - response_length_non_aborted/mean:127.3125 - response_length_non_aborted/max:512.0 - response_length_non_aborted/min:4.0 - response_length_non_aborted/clip_ratio:0.125 - response/aborted_ratio:0.0 - prompt_length/mean:134.5 - prompt_length/max:165.0 - prompt_length/min:101.0 - prompt_length/clip_ratio:0.25 - timing_s/gen:4.411700455006212 - timing_s/old_log_prob:1.3161219229805283 - timing_s/adv:0.24276127596385777 - timing_s/update_actor:2.4940950740128756 - timing_s/update_weights:1.0949708920088597 - timing_s/step:9.964863635017537 - timing_per_token_ms/adv:0.028326870007451314 - timing_per_token_ms/update_actor:0.2910262630120041 - timing_per_token_ms/gen:1.0579617398096433 - perf/total_num_tokens:8570 - perf/time_per_step:9.964863635017537 - perf/throughput:860.0218039998215 - training/num_turns/mean:np.float64(2.0) - training/num_turns/max:np.int64(2) - training/num_turns/min:np.int64(2) - training/off_policy/trajectory_spans/mean:np.float64(1.0) - training/off_policy/trajectory_spans/max:np.float64(1.0) - training/off_policy/trajectory_spans/min:np.float64(1.0) - training/off_policy/trajectory_staleness/mean:np.float64(0.0) - training/off_policy/trajectory_staleness/max:np.float64(0.0) - training/off_policy/trajectory_staleness/min:np.float64(0.0) - training/off_policy/trajectory_staleness_worst/mean:np.float64(0.0) - training/off_policy/trajectory_staleness_worst/max:np.float64(0.0) - training/off_policy/trajectory_staleness_worst/min:np.float64(0.0)
[36m(TaskRunnerV1 pid=997342)[0m step:96 - global_seqlen/min:7939 - global_seqlen/max:7939 - global_seqlen/minmax_diff:0 - global_seqlen/balanced_min:7939 - global_seqlen/balanced_max:7939 - global_seqlen/mean:7939.0 - actor/entropy:1.1814371347427368 - training/rollout_probs_diff_valid:1 - training/rollout_probs_diff_max:0.07752230763435364 - training/rollout_probs_diff_mean:0.005353012587875128 - training/rollout_probs_diff_std:0.00890060979872942 - training/rollout_actor_probs_pearson_corr:0.9996325969696045 - rollout_corr/training_ppl:1.3793582916259766 - rollout_corr/training_log_ppl:0.17744497954845428 - rollout_corr/kl:0.0002111423818860203 - rollout_corr/k3_kl:0.0007940653013065457 - rollout_corr/rollout_ppl:1.379848599433899 - rollout_corr/rollout_log_ppl:0.17795929312705994 - rollout_corr/log_ppl_diff:-0.0005143285961821675 - rollout_corr/log_ppl_abs_diff:0.0017021928215399384 - rollout_corr/log_ppl_diff_max:0.02170616388320923 - rollout_corr/log_ppl_diff_min:-0.025490015745162964 - rollout_corr/ppl_ratio:0.9994974136352539 - rollout_corr/chi2_token:0.0027614831924438477 - rollout_corr/chi2_seq:0.07053613662719727 - actor/pg_clipfrac:np.float64(0.0) - actor/ppo_kl:np.float64(0.0) - actor/pg_clipfrac_lower:np.float64(0.0) - actor/pg_loss:np.float64(-0.42135560512542725) - actor/loss:np.float64(-0.42135560512542725) - actor/grad_norm:np.float64(0.22737792134284973) - actor/lr:np.float64(1e-06) - actor/perf/max_memory_allocated_gb:np.float64(18.28952407836914) - actor/perf/max_memory_reserved_gb:np.float64(30.51171875) - actor/perf/cpu_memory_used_gb:np.float64(32.94377136230469) - perf/mfu/actor:np.float64(0.04128095401139075) - training/global_step:96 - training/epoch:0 - critic/score/mean:0.27916663885116577 - critic/score/max:1.0416666269302368 - critic/score/min:-0.05000000074505806 - critic/rewards/mean:0.27916663885116577 - critic/rewards/max:1.0416666269302368 - critic/rewards/min:-0.05000000074505806 - critic/advantages/mean:0.421355664730072 - critic/advantages/max:2.462306022644043 - critic/advantages/min:-1.280574083328247 - critic/returns/mean:0.421355664730072 - critic/returns/max:2.462306022644043 - critic/returns/min:-1.280574083328247 - response_length/mean:113.59375 - response_length/max:450.0 - response_length/min:4.0 - response_length/clip_ratio:0.03125 - response_length_non_aborted/mean:113.59375 - response_length_non_aborted/max:450.0 - response_length_non_aborted/min:4.0 - response_length_non_aborted/clip_ratio:0.03125 - response/aborted_ratio:0.0 - prompt_length/mean:128.5 - prompt_length/max:171.0 - prompt_length/min:92.0 - prompt_length/clip_ratio:0.25 - timing_s/gen:4.411905702960212 - timing_s/old_log_prob:1.2679627779871225 - timing_s/adv:0.238069067010656 - timing_s/update_actor:2.3771638369653374 - timing_s/update_weights:1.0970439920201898 - timing_s/step:9.797282647981774 - timing_per_token_ms/adv:0.02998728643540194 - timing_per_token_ms/update_actor:0.29942862287005134 - timing_per_token_ms/gen:1.1824995183490248 - perf/total_num_tokens:7939 - perf/time_per_step:9.797282647981774 - perf/throughput:810.3267288747071 - training/num_turns/mean:np.float64(2.0) - training/num_turns/max:np.int64(2) - training/num_turns/min:np.int64(2) - training/off_policy/trajectory_spans/mean:np.float64(1.0) - training/off_policy/trajectory_spans/max:np.float64(1.0) - training/off_policy/trajectory_spans/min:np.float64(1.0) - training/off_policy/trajectory_staleness/mean:np.float64(0.0) - training/off_policy/trajectory_staleness/max:np.float64(0.0) - training/off_policy/trajectory_staleness/min:np.float64(0.0) - training/off_policy/trajectory_staleness_worst/mean:np.float64(0.0) - training/off_policy/trajectory_staleness_worst/max:np.float64(0.0) - training/off_policy/trajectory_staleness_worst/min:np.float64(0.0)[36m(TaskRunnerV1 pid=997342)[0m Training Progress:  77%|███████▋  | 96/125 [16:08<04:48,  9.94s/it]
[36m(WorkerDict pid=998593)[0m INFO:2026-07-05 14:45:39,464:update_weights done, time cost: 0.38s
[36m(TaskRunnerV1 pid=997342)[0m Training Progress:  78%|███████▊  | 97/125 [16:17<04:33,  9.75s/it]
[36m(WorkerDict pid=998593)[0m INFO:2026-07-05 14:45:49,926:update_weights done, time cost: 0.35s
[36m(TaskRunnerV1 pid=997342)[0m Training Progress:  78%|███████▊  | 98/125 [16:28<04:28,  9.96s/it]
[36m(WorkerDict pid=998593)[0m INFO:2026-07-05 14:45:59,898:update_weights done, time cost: 0.38s

[36m(TaskRunnerV1 pid=997342)[0m step:97 - global_seqlen/min:4979 - global_seqlen/max:4979 - global_seqlen/minmax_diff:0 - global_seqlen/balanced_min:4979 - global_seqlen/balanced_max:4979 - global_seqlen/mean:4979.0 - actor/entropy:0.7920454144477844 - training/rollout_probs_diff_valid:1 - training/rollout_probs_diff_max:0.0875314474105835 - training/rollout_probs_diff_mean:0.005935399793088436 - training/rollout_probs_diff_std:0.009577760472893715 - training/rollout_actor_probs_pearson_corr:0.9994747042655945 - rollout_corr/training_ppl:1.164669156074524 - rollout_corr/training_log_ppl:0.1116570308804512 - rollout_corr/kl:-0.0009418249828740954 - rollout_corr/k3_kl:0.000888122187461704 - rollout_corr/rollout_ppl:1.1646584272384644 - rollout_corr/rollout_log_ppl:0.11162113398313522 - rollout_corr/log_ppl_diff:3.5900098737329245e-05 - rollout_corr/log_ppl_abs_diff:0.0036655771546065807 - rollout_corr/log_ppl_diff_max:0.03176145255565643 - rollout_corr/log_ppl_diff_min:-0.05183061957359314 - rollout_corr/ppl_ratio:1.000083327293396 - rollout_corr/chi2_token:0.005473732948303223 - rollout_corr/chi2_seq:0.06157207489013672 - actor/pg_clipfrac:np.float64(0.0) - actor/ppo_kl:np.float64(0.0) - actor/pg_clipfrac_lower:np.float64(0.0) - actor/pg_loss:np.float64(0.1623775064945221) - actor/loss:np.float64(0.1623775064945221) - actor/grad_norm:np.float64(0.34409433603286743) - actor/lr:np.float64(1e-06) - actor/perf/max_memory_allocated_gb:np.float64(18.28952407836914) - actor/perf/max_memory_reserved_gb:np.float64(30.51171875) - actor/perf/cpu_memory_used_gb:np.float64(32.92097473144531) - perf/mfu/actor:np.float64(0.033170492695035116) - training/global_step:97 - training/epoch:0 - critic/score/mean:0.2109375 - critic/score/max:1.0333333015441895 - critic/score/min:-0.06666667014360428 - critic/rewards/mean:0.2109375 - critic/rewards/max:1.0333333015441895 - critic/rewards/min:-0.06666667014360428 - critic/advantages/mean:-0.1623774915933609 - critic/advantages/max:2.474531650543213 - critic/advantages/min:-0.773094654083252 - critic/returns/mean:-0.1623774915933609 - critic/returns/max:2.474531650543213 - critic/returns/min:-0.773094654083252 - response_length/mean:53.34375 - response_length/max:384.0 - response_length/min:4.0 - response_length/clip_ratio:0.03125 - response_length_non_aborted/mean:53.34375 - response_length_non_aborted/max:384.0 - response_length_non_aborted/min:4.0 - response_length_non_aborted/clip_ratio:0.03125 - response/aborted_ratio:0.0 - prompt_length/mean:96.25 - prompt_length/max:115.0 - prompt_length/min:85.0 - prompt_length/clip_ratio:0.25 - timing_s/gen:4.447500718000811 - timing_s/old_log_prob:1.0952865480212495 - timing_s/adv:0.23874030500883237 - timing_s/update_actor:1.9119824490044266 - timing_s/update_weights:1.081543015956413 - timing_s/step:9.178343471023254 - timing_per_token_ms/adv:0.047949448686248716 - timing_per_token_ms/update_actor:0.3840093289826123 - timing_per_token_ms/gen:2.4667225280093237 - perf/total_num_tokens:4979 - perf/time_per_step:9.178343471023254 - perf/throughput:542.4726167329749 - training/num_turns/mean:np.float64(2.0) - training/num_turns/max:np.int64(2) - training/num_turns/min:np.int64(2) - training/off_policy/trajectory_spans/mean:np.float64(1.0) - training/off_policy/trajectory_spans/max:np.float64(1.0) - training/off_policy/trajectory_spans/min:np.float64(1.0) - training/off_policy/trajectory_staleness/mean:np.float64(0.0) - training/off_policy/trajectory_staleness/max:np.float64(0.0) - training/off_policy/trajectory_staleness/min:np.float64(0.0) - training/off_policy/trajectory_staleness_worst/mean:np.float64(0.0) - training/off_policy/trajectory_staleness_worst/max:np.float64(0.0) - training/off_policy/trajectory_staleness_worst/min:np.float64(0.0)
[36m(TaskRunnerV1 pid=997342)[0m step:98 - global_seqlen/min:9223 - global_seqlen/max:9223 - global_seqlen/minmax_diff:0 - global_seqlen/balanced_min:9223 - global_seqlen/balanced_max:9223 - global_seqlen/mean:9223.0 - actor/entropy:0.7863544225692749 - training/rollout_probs_diff_valid:1 - training/rollout_probs_diff_max:0.11479011178016663 - training/rollout_probs_diff_mean:0.005053496453911066 - training/rollout_probs_diff_std:0.008959448896348476 - training/rollout_actor_probs_pearson_corr:0.9995782375335693 - rollout_corr/training_ppl:1.2396759986877441 - rollout_corr/training_log_ppl:0.14082038402557373 - rollout_corr/kl:0.0002984638267662376 - rollout_corr/k3_kl:0.0006474609836004674 - rollout_corr/rollout_ppl:1.2405180931091309 - rollout_corr/rollout_log_ppl:0.141516774892807 - rollout_corr/log_ppl_diff:-0.0006964035565033555 - rollout_corr/log_ppl_abs_diff:0.001620751922018826 - rollout_corr/log_ppl_diff_max:0.017337501049041748 - rollout_corr/log_ppl_diff_min:-0.035368412733078 - rollout_corr/ppl_ratio:0.999317467212677 - rollout_corr/chi2_token:0.0019965171813964844 - rollout_corr/chi2_seq:0.007662177085876465 - actor/pg_clipfrac:np.float64(0.0) - actor/ppo_kl:np.float64(0.0) - actor/pg_clipfrac_lower:np.float64(0.0) - actor/pg_loss:np.float64(0.10155893117189407) - actor/loss:np.float64(0.10155893117189407) - actor/grad_norm:np.float64(0.1512855440378189) - actor/lr:np.float64(1e-06) - actor/perf/max_memory_allocated_gb:np.float64(18.28952407836914) - actor/perf/max_memory_reserved_gb:np.float64(30.51171875) - actor/perf/cpu_memory_used_gb:np.float64(32.95722961425781) - perf/mfu/actor:np.float64(0.040902171604821534) - training/global_step:98 - training/epoch:0 - critic/score/mean:0.4013020992279053 - critic/score/max:1.0499999523162842 - critic/score/min:-0.07500000298023224 - critic/rewards/mean:0.4013020992279053 - critic/rewards/max:1.0499999523162842 - critic/rewards/min:-0.07500000298023224 - critic/advantages/mean:-0.10155890882015228 - critic/advantages/max:1.677457332611084 - critic/advantages/min:-1.3284289836883545 - critic/returns/mean:-0.10155890882015228 - critic/returns/max:1.677457332611084 - critic/returns/min:-1.3284289836883545 - response_length/mean:137.96875 - response_length/max:512.0 - response_length/min:4.0 - response_length/clip_ratio:0.0625 - response_length_non_aborted/mean:137.96875 - response_length_non_aborted/max:512.0 - response_length_non_aborted/min:4.0 - response_length_non_aborted/clip_ratio:0.0625 - response/aborted_ratio:0.0 - prompt_length/mean:144.25 - prompt_length/max:257.0 - prompt_length/min:90.0 - prompt_length/clip_ratio:0.25 - timing_s/gen:4.410436915000901 - timing_s/old_log_prob:1.3724683489999734 - timing_s/adv:0.24218982504680753 - timing_s/update_actor:2.7458886459935457 - timing_s/update_weights:1.1084986029891297 - timing_s/step:10.286329653987195 - timing_per_token_ms/adv:0.026259332651719345 - timing_per_token_ms/update_actor:0.29772185254185685 - timing_per_token_ms/gen:0.9777071414322547 - perf/total_num_tokens:9223 - perf/time_per_step:10.286329653987195 - perf/throughput:896.6269126349624 - training/num_turns/mean:np.float64(2.0) - training/num_turns/max:np.int64(2) - training/num_turns/min:np.int64(2) - training/off_policy/trajectory_spans/mean:np.float64(1.0) - training/off_policy/trajectory_spans/max:np.float64(1.0) - training/off_policy/trajectory_spans/min:np.float64(1.0) - training/off_policy/trajectory_staleness/mean:np.float64(0.0) - training/off_policy/trajectory_staleness/max:np.float64(0.0) - training/off_policy/trajectory_staleness/min:np.float64(0.0) - training/off_policy/trajectory_staleness_worst/mean:np.float64(0.0) - training/off_policy/trajectory_staleness_worst/max:np.float64(0.0) - training/off_policy/trajectory_staleness_worst/min:np.float64(0.0)
[36m(TaskRunnerV1 pid=997342)[0m step:99 - global_seqlen/min:8035 - global_seqlen/max:8035 - global_seqlen/minmax_diff:0 - global_seqlen/balanced_min:8035 - global_seqlen/balanced_max:8035 - global_seqlen/mean:8035.0 - actor/entropy:0.7235497832298279 - training/rollout_probs_diff_valid:1 - training/rollout_probs_diff_max:0.09052455425262451 - training/rollout_probs_diff_mean:0.005345412064343691 - training/rollout_probs_diff_std:0.009092677384614944 - training/rollout_actor_probs_pearson_corr:0.9995260834693909 - rollout_corr/training_ppl:1.2839410305023193 - rollout_corr/training_log_ppl:0.13949084281921387 - rollout_corr/kl:0.0005630957894027233 - rollout_corr/k3_kl:0.0006674395990557969 - rollout_corr/rollout_ppl:1.27566397190094 - rollout_corr/rollout_log_ppl:0.13862843811511993 - rollout_corr/log_ppl_diff:0.0008624081965535879 - rollout_corr/log_ppl_abs_diff:0.002348272828385234 - rollout_corr/log_ppl_diff_max:0.06848454475402832 - rollout_corr/log_ppl_diff_min:-0.036110103130340576 - rollout_corr/ppl_ratio:1.0008976459503174 - rollout_corr/chi2_token:0.0015469789505004883 - rollout_corr/chi2_seq:0.016692161560058594 - actor/pg_clipfrac:np.float64(0.0) - actor/ppo_kl:np.float64(0.0) - actor/pg_clipfrac_lower:np.float64(0.0) - actor/pg_loss:np.float64(0.04558367654681206) - actor/loss:np.float64(0.04558367654681206) - actor/grad_norm:np.float64(0.1709814965724945) - actor/lr:np.float64(1e-06) - actor/perf/max_memory_allocated_gb:np.float64(18.28952407836914) - actor/perf/max_memory_reserved_gb:np.float64(30.51171875) - actor/perf/cpu_memory_used_gb:np.float64(32.9455451965332) - perf/mfu/actor:np.float64(0.04142074080841837) - training/global_step:99 - training/epoch:0 - critic/score/mean:0.5731770396232605 - critic/score/max:1.100000023841858 - critic/score/min:-0.05833333358168602 - critic/rewards/mean:0.5731770396232605 - critic/rewards/max:1.100000023841858 - critic/rewards/min:-0.05833333358168602 - critic/advantages/mean:-0.04558368772268295 - critic/advantages/max:1.2989938259124756 - critic/advantages/min:-1.0468326807022095 - critic/returns/mean:-0.04558368772268295 - critic/returns/max:1.2989938259124756 - critic/returns/min:-1.0468326807022095 - response_length/mean:125.59375 - response_length/max:512.0 - response_length/min:4.0 - response_length/clip_ratio:0.0625 - response_length_non_aborted/mean:125.59375 - response_length_non_aborted/max:512.0 - response_length_non_aborted/min:4.0 - response_length_non_aborted/clip_ratio:0.0625 - response/aborted_ratio:0.0 - prompt_length/mean:119.5 - prompt_length/max:133.0 - prompt_length/min:108.0 - prompt_length/clip_ratio:0.25 - timing_s/gen:4.415092946961522 - timing_s/old_log_prob:1.2695271230186336 - timing_s/adv:0.23970968299545348 - timing_s/update_actor:2.3988842119579203 - timing_s/update_weights:1.140657521027606 - timing_s/step:9.869914830022026 - timing_per_token_ms/adv:0.029833190167449095 - timing_per_token_ms/update_actor:0.29855435120820417 - timing_per_token_ms/gen:1.072926597074489 - perf/total_num_tokens:8035 - perf/time_per_step:9.869914830022026 - perf/throughput:814.0901049682177 - training/num_turns/mean:np.float64(2.0) - training/num_turns/max:np.int64(2) - training/num_turns/min:np.int64(2) - training/off_policy/trajectory_spans/mean:np.float64(1.0) - training/off_policy/trajectory_spans/max:np.float64(1.0) - training/off_policy/trajectory_spans/min:np.float64(1.0) - training/off_policy/trajectory_staleness/mean:np.float64(0.0) - training/off_policy/trajectory_staleness/max:np.float64(0.0) - training/off_policy/trajectory_staleness/min:np.float64(0.0) - training/off_policy/trajectory_staleness_worst/mean:np.float64(0.0) - training/off_policy/trajectory_staleness_worst/max:np.float64(0.0) - training/off_policy/trajectory_staleness_worst/min:np.float64(0.0)[36m(TaskRunnerV1 pid=997342)[0m Training Progress:  79%|███████▉  | 99/125 [16:38<04:19,  9.97s/it]
[36m(WorkerDict pid=998593)[0m INFO:2026-07-05 14:46:09,485:update_weights done, time cost: 0.34s
[36m(TaskRunnerV1 pid=997342)[0m Training Progress:  80%|████████  | 100/125 [16:58<05:25, 13.01s/it]
[36m(WorkerDict pid=998593)[0m INFO:2026-07-05 14:46:30,023:update_weights done, time cost: 0.39s

[36m(TaskRunnerV1 pid=997342)[0m Dumped generations to /data2/hjk/projects/AI-HiddenState-ER/rl_audit/mathverse_text_qwen25_1p5b_grpo_c_option_gain_formal_seed42/validation_generations/100.jsonl
[36m(TaskRunnerV1 pid=997342)[0m step:100 - global_seqlen/min:6751 - global_seqlen/max:6751 - global_seqlen/minmax_diff:0 - global_seqlen/balanced_min:6751 - global_seqlen/balanced_max:6751 - global_seqlen/mean:6751.0 - actor/entropy:0.7875145077705383 - training/rollout_probs_diff_valid:1 - training/rollout_probs_diff_max:0.06217396259307861 - training/rollout_probs_diff_mean:0.004878557752817869 - training/rollout_probs_diff_std:0.008389068767428398 - training/rollout_actor_probs_pearson_corr:0.9996386170387268 - rollout_corr/training_ppl:1.24339759349823 - rollout_corr/training_log_ppl:0.13579906523227692 - rollout_corr/kl:0.0006424032035283744 - rollout_corr/k3_kl:0.0006512515828944743 - rollout_corr/rollout_ppl:1.2416470050811768 - rollout_corr/rollout_log_ppl:0.13500341773033142 - rollout_corr/log_ppl_diff:0.0007956585614010692 - rollout_corr/log_ppl_abs_diff:0.0019290634663775563 - rollout_corr/log_ppl_diff_max:0.03469192981719971 - rollout_corr/log_ppl_diff_min:-0.035989224910736084 - rollout_corr/ppl_ratio:1.0008128881454468 - rollout_corr/chi2_token:0.0013275146484375 - rollout_corr/chi2_seq:0.01692521572113037 - actor/pg_clipfrac:np.float64(0.0) - actor/ppo_kl:np.float64(0.0) - actor/pg_clipfrac_lower:np.float64(0.0) - actor/pg_loss:np.float64(0.6606736183166504) - actor/loss:np.float64(0.6606736183166504) - actor/grad_norm:np.float64(0.25059154629707336) - actor/lr:np.float64(1e-06) - actor/perf/max_memory_allocated_gb:np.float64(18.28952407836914) - actor/perf/max_memory_reserved_gb:np.float64(30.51171875) - actor/perf/cpu_memory_used_gb:np.float64(32.9464225769043) - perf/mfu/actor:np.float64(0.03994999543305249) - val-aux/MathVerseTextA0Clean/reward/mean@1:np.float64(0.4360676983706071) - val-aux/MathVerseTextA0Clean/score/mean@1:np.float64(0.43606770833333336) - val-core/MathVerseTextA0Clean/acc/mean@1:np.float64(0.4375) - val-aux/MathVerseTextA0Clean/answer_reward/mean@1:np.float64(0.4375) - val-aux/MathVerseTextA0Clean/parsed_answer/mean@1:np.float64(1.0) - val-aux/MathVerseTextA0Clean/option_logit_gain/mean@1:np.float64(-0.007161458333333331) - val-aux/MathVerseTextA0Clean/option_bonus/mean@1:np.float64(-0.0014322916666666666) - val-aux/MathVerseTextA0Clean/option_margin_start/mean@1:np.float64(-0.16015625) - val-aux/MathVerseTextA0Clean/option_margin_end/mean@1:np.float64(-0.15234375) - val-aux/MathVerseTextA0Clean/option_margin_delta/mean@1:np.float64(0.0078125) - val-aux/MathVerseTextA0Clean/option_probe_count/mean@1:np.float64(4.0) - val-aux/MathVerseTextA0Clean/option_probe_failed/mean@1:np.float64(0.0) - val-aux/num_turns/min:np.int64(2) - val-aux/num_turns/max:np.int64(2) - val-aux/num_turns/mean:np.float64(2.0) - training/global_step:100 - training/epoch:0 - critic/score/mean:0.43281248211860657 - critic/score/max:1.0666667222976685 - critic/score/min:-0.0833333358168602 - critic/rewards/mean:0.43281248211860657 - critic/rewards/max:1.0666667222976685 - critic/rewards/min:-0.0833333358168602 - critic/advantages/mean:-0.6606736183166504 - critic/advantages/max:2.464986562728882 - critic/advantages/min:-1.6366087198257446 - critic/returns/mean:-0.6606736183166504 - critic/returns/max:2.464986562728882 - critic/returns/min:-1.6366087198257446 - response_length/mean:84.71875 - response_length/max:512.0 - response_length/min:4.0 - response_length/clip_ratio:0.03125 - response_length_non_aborted/mean:84.71875 - response_length_non_aborted/max:512.0 - response_length_non_aborted/min:4.0 - response_length_non_aborted/clip_ratio:0.03125 - response/aborted_ratio:0.0 - prompt_length/mean:120.25 - prompt_length/max:159.0 - prompt_length/min:103.0 - prompt_length/clip_ratio:0.25 - timing_s/gen:4.423277117020916 - timing_s/old_log_prob:1.1726314770057797 - timing_s/adv:0.2407274459837936 - timing_s/update_actor:2.1315811250242405 - timing_s/update_weights:1.0285979050095193 - timing_s/step:9.404701524996199 - timing_s/testing:10.536417794995941 - timing_per_token_ms/adv:0.03565804265794602 - timing_per_token_ms/update_actor:0.3157430195562495 - timing_per_token_ms/gen:1.575802321703212 - perf/total_num_tokens:6751 - perf/time_per_step:9.404701524996199 - perf/throughput:717.8324566767927 - training/num_turns/mean:np.float64(2.0) - training/num_turns/max:np.int64(2) - training/num_turns/min:np.int64(2) - training/off_policy/trajectory_spans/mean:np.float64(1.0) - training/off_policy/trajectory_spans/max:np.float64(1.0) - training/off_policy/trajectory_spans/min:np.float64(1.0) - training/off_policy/trajectory_staleness/mean:np.float64(0.0) - training/off_policy/trajectory_staleness/max:np.float64(0.0) - training/off_policy/trajectory_staleness/min:np.float64(0.0) - training/off_policy/trajectory_staleness_worst/mean:np.float64(0.0) - training/off_policy/trajectory_staleness_worst/max:np.float64(0.0) - training/off_policy/trajectory_staleness_worst/min:np.float64(0.0)
[36m(TaskRunnerV1 pid=997342)[0m step:101 - global_seqlen/min:7835 - global_seqlen/max:7835 - global_seqlen/minmax_diff:0 - global_seqlen/balanced_min:7835 - global_seqlen/balanced_max:7835 - global_seqlen/mean:7835.0 - actor/entropy:0.9861090779304504 - training/rollout_probs_diff_valid:1 - training/rollout_probs_diff_max:0.085357666015625 - training/rollout_probs_diff_mean:0.0056112390011549 - training/rollout_probs_diff_std:0.00881355069577694 - training/rollout_actor_probs_pearson_corr:0.9995956420898438 - rollout_corr/training_ppl:1.229778528213501 - rollout_corr/training_log_ppl:0.12593573331832886 - rollout_corr/kl:0.0010380103485658765 - rollout_corr/k3_kl:0.0008028522715903819 - rollout_corr/rollout_ppl:1.2287802696228027 - rollout_corr/rollout_log_ppl:0.12523460388183594 - rollout_corr/log_ppl_diff:0.0007011231500655413 - rollout_corr/log_ppl_abs_diff:0.001669322606176138 - rollout_corr/log_ppl_diff_max:0.03250598907470703 - rollout_corr/log_ppl_diff_min:-0.0274122953414917 - rollout_corr/ppl_ratio:1.0007137060165405 - rollout_corr/chi2_token:0.0011301040649414062 - rollout_corr/chi2_seq:0.016560912132263184 - actor/pg_clipfrac:np.float64(0.0) - actor/ppo_kl:np.float64(0.0) - actor/pg_clipfrac_lower:np.float64(0.0) - actor/pg_loss:np.float64(-0.5030860900878906) - actor/loss:np.float64(-0.5030860900878906) - actor/grad_norm:np.float64(0.23949337005615234) - actor/lr:np.float64(1e-06) - actor/perf/max_memory_allocated_gb:np.float64(18.28952407836914) - actor/perf/max_memory_reserved_gb:np.float64(30.51171875) - actor/perf/cpu_memory_used_gb:np.float64(32.962791442871094) - perf/mfu/actor:np.float64(0.04017718557580392) - training/global_step:101 - training/epoch:0 - critic/score/mean:0.4041666090488434 - critic/score/max:1.0499999523162842 - critic/score/min:-0.0416666679084301 - critic/rewards/mean:0.4041666090488434 - critic/rewards/max:1.0499999523162842 - critic/rewards/min:-0.0416666679084301 - critic/advantages/mean:0.5030860304832458 - critic/advantages/max:2.4746687412261963 - critic/advantages/min:-0.5721314549446106 - critic/returns/mean:0.5030860304832458 - critic/returns/max:2.4746687412261963 - critic/returns/min:-0.5721314549446106 - response_length/mean:125.59375 - response_length/max:512.0 - response_length/min:4.0 - response_length/clip_ratio:0.0625 - response_length_non_aborted/mean:125.59375 - response_length_non_aborted/max:512.0 - response_length_non_aborted/min:4.0 - response_length_non_aborted/clip_ratio:0.0625 - response/aborted_ratio:0.0 - prompt_length/mean:113.25 - prompt_length/max:131.0 - prompt_length/min:95.0 - prompt_length/clip_ratio:0.25 - timing_s/gen:4.493335784005467 - timing_s/old_log_prob:1.213531684014015 - timing_s/adv:0.24616517400136217 - timing_s/update_actor:2.4082420730264857 - timing_s/update_weights:1.1373825119808316 - timing_s/step:9.900761940982193 - timing_per_token_ms/adv:0.03141865654133531 - timing_per_token_ms/update_actor:0.30736976043733066 - timing_per_token_ms/gen:1.0919406522492021 - perf/total_num_tokens:7835 - perf/time_per_step:9.900761940982193 - perf/throughput:791.3532359129462 - training/num_turns/mean:np.float64(2.0) - training/num_turns/max:np.int64(2) - training/num_turns/min:np.int64(2) - training/off_policy/trajectory_spans/mean:np.float64(1.0) - training/off_policy/trajectory_spans/max:np.float64(1.0) - training/off_policy/trajectory_spans/min:np.float64(1.0) - training/off_policy/trajectory_staleness/mean:np.float64(0.0) - training/off_policy/trajectory_staleness/max:np.float64(0.0) - training/off_policy/trajectory_staleness/min:np.float64(0.0) - training/off_policy/trajectory_staleness_worst/mean:np.float64(0.0) - training/off_policy/trajectory_staleness_worst/max:np.float64(0.0) - training/off_policy/trajectory_staleness_worst/min:np.float64(0.0)[36m(TaskRunnerV1 pid=997342)[0m Training Progress:  81%|████████  | 101/125 [17:08<04:50, 12.12s/it]
[36m(WorkerDict pid=998593)[0m INFO:2026-07-05 14:46:39,776:update_weights done, time cost: 0.37s
[36m(TaskRunnerV1 pid=997342)[0m Training Progress:  82%|████████▏ | 102/125 [17:18<04:22, 11.39s/it]
[36m(WorkerDict pid=998593)[0m INFO:2026-07-05 14:46:49,175:update_weights done, time cost: 0.37s
[36m(TaskRunnerV1 pid=997342)[0m Training Progress:  82%|████████▏ | 103/125 [17:27<03:57, 10.81s/it]
[36m(WorkerDict pid=998593)[0m INFO:2026-07-05 14:46:58,543:update_weights done, time cost: 0.35s

[36m(TaskRunnerV1 pid=997342)[0m step:102 - global_seqlen/min:7134 - global_seqlen/max:7134 - global_seqlen/minmax_diff:0 - global_seqlen/balanced_min:7134 - global_seqlen/balanced_max:7134 - global_seqlen/mean:7134.0 - actor/entropy:0.924121081829071 - training/rollout_probs_diff_valid:1 - training/rollout_probs_diff_max:0.08668971061706543 - training/rollout_probs_diff_mean:0.0057252636179327965 - training/rollout_probs_diff_std:0.009202681481838226 - training/rollout_actor_probs_pearson_corr:0.9995576739311218 - rollout_corr/training_ppl:1.2614219188690186 - rollout_corr/training_log_ppl:0.1623808890581131 - rollout_corr/kl:0.0005983556620776653 - rollout_corr/k3_kl:0.0007983428658917546 - rollout_corr/rollout_ppl:1.2622981071472168 - rollout_corr/rollout_log_ppl:0.16303789615631104 - rollout_corr/log_ppl_diff:-0.0006569839315488935 - rollout_corr/log_ppl_abs_diff:0.0024019842967391014 - rollout_corr/log_ppl_diff_max:0.02892988920211792 - rollout_corr/log_ppl_diff_min:-0.028721511363983154 - rollout_corr/ppl_ratio:0.9993661642074585 - rollout_corr/chi2_token:0.0019899606704711914 - rollout_corr/chi2_seq:0.01991593837738037 - actor/pg_clipfrac:np.float64(0.0) - actor/ppo_kl:np.float64(0.0) - actor/pg_clipfrac_lower:np.float64(0.0) - actor/pg_loss:np.float64(0.48986130952835083) - actor/loss:np.float64(0.48986130952835083) - actor/grad_norm:np.float64(0.2204986810684204) - actor/lr:np.float64(1e-06) - actor/perf/max_memory_allocated_gb:np.float64(18.28952407836914) - actor/perf/max_memory_reserved_gb:np.float64(30.51171875) - actor/perf/cpu_memory_used_gb:np.float64(32.95606994628906) - perf/mfu/actor:np.float64(0.04041009066801093) - training/global_step:102 - training/epoch:0 - critic/score/mean:0.2593749761581421 - critic/score/max:1.0750000476837158 - critic/score/min:-0.0416666679084301 - critic/rewards/mean:0.2593749761581421 - critic/rewards/max:1.0750000476837158 - critic/rewards/min:-0.0416666679084301 - critic/advantages/mean:-0.48986130952835083 - critic/advantages/max:2.474782705307007 - critic/advantages/min:-1.566188931465149 - critic/returns/mean:-0.48986130952835083 - critic/returns/max:2.474782705307007 - critic/returns/min:-1.566188931465149 - response_length/mean:110.9375 - response_length/max:397.0 - response_length/min:4.0 - response_length/clip_ratio:0.03125 - response_length_non_aborted/mean:110.9375 - response_length_non_aborted/max:397.0 - response_length_non_aborted/min:4.0 - response_length_non_aborted/clip_ratio:0.03125 - response/aborted_ratio:0.0 - prompt_length/mean:106.0 - prompt_length/max:126.0 - prompt_length/min:83.0 - prompt_length/clip_ratio:0.25 - timing_s/gen:4.416605965001509 - timing_s/old_log_prob:1.2130968930432573 - timing_s/adv:0.2414905889891088 - timing_s/update_actor:2.2129392739734612 - timing_s/update_weights:1.0650658860104159 - timing_s/step:9.566487987001892 - timing_per_token_ms/adv:0.033850657273494365 - timing_per_token_ms/update_actor:0.3101961415718337 - timing_per_token_ms/gen:1.211356545529761 - perf/total_num_tokens:7134 - perf/time_per_step:9.566487987001892 - perf/throughput:745.7282139164399 - training/num_turns/mean:np.float64(2.0) - training/num_turns/max:np.int64(2) - training/num_turns/min:np.int64(2) - training/off_policy/trajectory_spans/mean:np.float64(1.0) - training/off_policy/trajectory_spans/max:np.float64(1.0) - training/off_policy/trajectory_spans/min:np.float64(1.0) - training/off_policy/trajectory_staleness/mean:np.float64(0.0) - training/off_policy/trajectory_staleness/max:np.float64(0.0) - training/off_policy/trajectory_staleness/min:np.float64(0.0) - training/off_policy/trajectory_staleness_worst/mean:np.float64(0.0) - training/off_policy/trajectory_staleness_worst/max:np.float64(0.0) - training/off_policy/trajectory_staleness_worst/min:np.float64(0.0)
[36m(TaskRunnerV1 pid=997342)[0m step:103 - global_seqlen/min:5945 - global_seqlen/max:5945 - global_seqlen/minmax_diff:0 - global_seqlen/balanced_min:5945 - global_seqlen/balanced_max:5945 - global_seqlen/mean:5945.0 - actor/entropy:0.6434646844863892 - training/rollout_probs_diff_valid:1 - training/rollout_probs_diff_max:0.06216183304786682 - training/rollout_probs_diff_mean:0.004607622046023607 - training/rollout_probs_diff_std:0.008693141862750053 - training/rollout_actor_probs_pearson_corr:0.9995971322059631 - rollout_corr/training_ppl:1.1856474876403809 - rollout_corr/training_log_ppl:0.12882040441036224 - rollout_corr/kl:0.0006564119248650968 - rollout_corr/k3_kl:0.000535874511115253 - rollout_corr/rollout_ppl:1.1858309507369995 - rollout_corr/rollout_log_ppl:0.12909141182899475 - rollout_corr/log_ppl_diff:-0.00027099926955997944 - rollout_corr/log_ppl_abs_diff:0.0025591584853827953 - rollout_corr/log_ppl_diff_max:0.02527022361755371 - rollout_corr/log_ppl_diff_min:-0.04063558578491211 - rollout_corr/ppl_ratio:0.9997571706771851 - rollout_corr/chi2_token:0.0008308887481689453 - rollout_corr/chi2_seq:0.010316610336303711 - actor/pg_clipfrac:np.float64(0.0) - actor/ppo_kl:np.float64(0.0) - actor/pg_clipfrac_lower:np.float64(0.0) - actor/pg_loss:np.float64(0.03968335688114166) - actor/loss:np.float64(0.03968335688114166) - actor/grad_norm:np.float64(0.16613923013210297) - actor/lr:np.float64(1e-06) - actor/perf/max_memory_allocated_gb:np.float64(18.28952407836914) - actor/perf/max_memory_reserved_gb:np.float64(30.51171875) - actor/perf/cpu_memory_used_gb:np.float64(32.94227600097656) - perf/mfu/actor:np.float64(0.036972833251059274) - training/global_step:103 - training/epoch:0 - critic/score/mean:0.12343748658895493 - critic/score/max:1.0166666507720947 - critic/score/min:-0.05000000074505806 - critic/rewards/mean:0.12343748658895493 - critic/rewards/max:1.0166666507720947 - critic/rewards/min:-0.05000000074505806 - critic/advantages/mean:-0.03968336060643196 - critic/advantages/max:2.4736227989196777 - critic/advantages/min:-0.7015213966369629 - critic/returns/mean:-0.03968336060643196 - critic/returns/max:2.4736227989196777 - critic/returns/min:-0.7015213966369629 - response_length/mean:80.53125 - response_length/max:512.0 - response_length/min:4.0 - response_length/clip_ratio:0.03125 - response_length_non_aborted/mean:80.53125 - response_length_non_aborted/max:512.0 - response_length_non_aborted/min:4.0 - response_length_non_aborted/clip_ratio:0.03125 - response/aborted_ratio:0.0 - prompt_length/mean:99.25 - prompt_length/max:107.0 - prompt_length/min:91.0 - prompt_length/clip_ratio:0.25 - timing_s/gen:4.442622667993419 - timing_s/old_log_prob:1.0965535960276611 - timing_s/adv:0.23834466200787574 - timing_s/update_actor:2.0335274760145694 - timing_s/update_weights:1.082203001016751 - timing_s/step:9.295139927009586 - timing_per_token_ms/adv:0.04009161682218263 - timing_per_token_ms/update_actor:0.34205676636073495 - timing_per_token_ms/gen:1.6620361646065913 - perf/total_num_tokens:5945 - perf/time_per_step:9.295139927009586 - perf/throughput:639.5815497865898 - training/num_turns/mean:np.float64(2.0) - training/num_turns/max:np.int64(2) - training/num_turns/min:np.int64(2) - training/off_policy/trajectory_spans/mean:np.float64(1.0) - training/off_policy/trajectory_spans/max:np.float64(1.0) - training/off_policy/trajectory_spans/min:np.float64(1.0) - training/off_policy/trajectory_staleness/mean:np.float64(0.0) - training/off_policy/trajectory_staleness/max:np.float64(0.0) - training/off_policy/trajectory_staleness/min:np.float64(0.0) - training/off_policy/trajectory_staleness_worst/mean:np.float64(0.0) - training/off_policy/trajectory_staleness_worst/max:np.float64(0.0) - training/off_policy/trajectory_staleness_worst/min:np.float64(0.0)
[36m(TaskRunnerV1 pid=997342)[0m step:104 - global_seqlen/min:5469 - global_seqlen/max:5469 - global_seqlen/minmax_diff:0 - global_seqlen/balanced_min:5469 - global_seqlen/balanced_max:5469 - global_seqlen/mean:5469.0 - actor/entropy:0.7021470069885254 - training/rollout_probs_diff_valid:1 - training/rollout_probs_diff_max:0.0602802038192749 - training/rollout_probs_diff_mean:0.005206631496548653 - training/rollout_probs_diff_std:0.008740730583667755 - training/rollout_actor_probs_pearson_corr:0.9995445609092712 - rollout_corr/training_ppl:1.14486825466156 - rollout_corr/training_log_ppl:0.1070222482085228 - rollout_corr/kl:0.0013278467813506722 - rollout_corr/k3_kl:0.0005853297188878059 - rollout_corr/rollout_ppl:1.1456996202468872 - rollout_corr/rollout_log_ppl:0.10764427483081818 - rollout_corr/log_ppl_diff:-0.0006220252253115177 - rollout_corr/log_ppl_abs_diff:0.0029392396099865437 - rollout_corr/log_ppl_diff_max:0.02954423427581787 - rollout_corr/log_ppl_diff_min:-0.04929642379283905 - rollout_corr/ppl_ratio:0.9994144439697266 - rollout_corr/chi2_token:-0.0003215670585632324 - rollout_corr/chi2_seq:-0.008078575134277344 - actor/pg_clipfrac:np.float64(0.0) - actor/ppo_kl:np.float64(0.0) - actor/pg_clipfrac_lower:np.float64(0.0) - actor/pg_loss:np.float64(0.13557830452919006) - actor/loss:np.float64(0.13557830452919006) - actor/grad_norm:np.float64(0.2337166666984558) - actor/lr:np.float64(1e-06) - actor/perf/max_memory_allocated_gb:np.float64(18.28952407836914) - actor/perf/max_memory_reserved_gb:np.float64(30.51171875) - actor/perf/cpu_memory_used_gb:np.float64(32.942569732666016) - perf/mfu/actor:np.float64(0.03499475487183008) - training/global_step:104 - training/epoch:0 - critic/score/mean:0.3932291865348816 - critic/score/max:1.0666667222976685 - critic/score/min:-0.05833333358168602 - critic/rewards/mean:0.3932291865348816 - critic/rewards/max:1.0666667222976685 - critic/rewards/min:-0.05833333358168602 - critic/advantages/mean:-0.13557830452919006 - critic/advantages/max:2.472789764404297 - critic/advantages/min:-1.3155525922775269 - critic/returns/mean:-0.13557830452919006 - critic/returns/max:2.472789764404297 - critic/returns/min:-1.3155525922775269 - response_length/mean:64.65625 - response_length/max:360.0 - response_length/min:4.0 - response_length/clip_ratio:0.03125 - response_length_non_aborted/mean:64.65625 - response_length_non_aborted/max:360.0 - response_length_non_aborted/min:4.0 - response_length_non_aborted/clip_ratio:0.03125 - response/aborted_ratio:0.0 - prompt_length/mean:100.25 - prompt_length/max:109.0 - prompt_length/min:86.0 - prompt_length/clip_ratio:0.25 - timing_s/gen:4.432465560967103 - timing_s/old_log_prob:1.1136830850155093 - timing_s/adv:0.2374657559557818 - timing_s/update_actor:1.9830145939486101 - timing_s/update_weights:1.0199398879776709 - timing_s/step:9.19762711803196 - timing_per_token_ms/adv:0.043420324731355237 - timing_per_token_ms/update_actor:0.362591807267985 - timing_per_token_ms/gen:2.047328203679955 - perf/total_num_tokens:5469 - perf/time_per_step:9.19762711803196 - perf/throughput:594.6098846818892 - training/num_turns/mean:np.float64(2.0) - training/num_turns/max:np.int64(2) - training/num_turns/min:np.int64(2) - training/off_policy/trajectory_spans/mean:np.float64(1.0) - training/off_policy/trajectory_spans/max:np.float64(1.0) - training/off_policy/trajectory_spans/min:np.float64(1.0) - training/off_policy/trajectory_staleness/mean:np.float64(0.0) - training/off_policy/trajectory_staleness/max:np.float64(0.0) - training/off_policy/trajectory_staleness/min:np.float64(0.0) - training/off_policy/trajectory_staleness_worst/mean:np.float64(0.0) - training/off_policy/trajectory_staleness_worst/max:np.float64(0.0) - training/off_policy/trajectory_staleness_worst/min:np.float64(0.0)[36m(TaskRunnerV1 pid=997342)[0m Training Progress:  83%|████████▎ | 104/125 [17:36<03:37, 10.37s/it]
[36m(WorkerDict pid=998593)[0m INFO:2026-07-05 14:47:08,161:update_weights done, time cost: 0.40s
[36m(TaskRunnerV1 pid=997342)[0m Training Progress:  84%|████████▍ | 105/125 [17:46<03:23, 10.15s/it]
[36m(WorkerDict pid=998593)[0m INFO:2026-07-05 14:47:17,817:update_weights done, time cost: 0.36s
[36m(TaskRunnerV1 pid=997342)[0m Training Progress:  85%|████████▍ | 106/125 [17:56<03:09, 10.00s/it]
[36m(WorkerDict pid=998593)[0m INFO:2026-07-05 14:47:27,082:update_weights done, time cost: 0.36s
[36m(TransferQueueController pid=997550)[0m 2026-07-05 14:47:27,303 - INFO - transfer_queue.utils.perf_utils - TQ_CONTROLLER_83d5afc3: [Performance] Total success requests: 5080, Total req/min: 1009.40, Total avg process time: 0.0009s; 
[36m(TransferQueueController pid=997550)[0m Time range: last 5.03 minutes; 
[36m(TransferQueueController pid=997550)[0m Per-operation statistics: KV_RETRIEVE_META: req_count=1949, req/min=387.27, avg_time=0.001992s, max_time=0.266516s, min_time=0.000192s; CLEAR_META: req_count=62, req/min=12.32, avg_time=0.001037s, max_time=0.001847s, min_time=0.000357s; SET_CUSTOM_META: req_count=1735, req/min=344.75, avg_time=0.000042s, max_time=0.000282s, min_time=0.000012s; KV_LIST: req_count=96, req/min=19.08, avg_time=0.000098s, max_time=0.000324s, min_time=0.000049s; NOTIFY_DATA_UPDATE: req_count=1208, req/min=240.03, avg_time=0.000377s, max_time=0.002110s, min_time=0.000173s; KV_RETRIEVE_KEYS: req_count=30, req/min=5.96, avg_time=0.000125s, max_time=0.000175s, min_time=0.000043s
[36m(SimpleStorageUnit pid=997619)[0m Per-operation statistics: CLEAR_DATA: req_count=44, req/min=8.74, avg_time=0.011143s, max_time=0.014080s, min_time=0.007290s; PUT_DATA: req_count=252, req/min=50.07, avg_time=0.009126s, max_time=0.014268s, min_time=0.002489s; GET_DATA: req_count=158, req/min=31.39, avg_time=0.011301s, max_time=0.014958s, min_time=0.003918s

[36m(TaskRunnerV1 pid=997342)[0m step:105 - global_seqlen/min:6450 - global_seqlen/max:6450 - global_seqlen/minmax_diff:0 - global_seqlen/balanced_min:6450 - global_seqlen/balanced_max:6450 - global_seqlen/mean:6450.0 - actor/entropy:1.1155190467834473 - training/rollout_probs_diff_valid:1 - training/rollout_probs_diff_max:0.0815446674823761 - training/rollout_probs_diff_mean:0.005043655633926392 - training/rollout_probs_diff_std:0.008563925512135029 - training/rollout_actor_probs_pearson_corr:0.9996646642684937 - rollout_corr/training_ppl:1.2964085340499878 - rollout_corr/training_log_ppl:0.15466880798339844 - rollout_corr/kl:0.002314680954441428 - rollout_corr/k3_kl:0.0007145368144847453 - rollout_corr/rollout_ppl:1.292514681816101 - rollout_corr/rollout_log_ppl:0.15245173871517181 - rollout_corr/log_ppl_diff:0.0022170688025653362 - rollout_corr/log_ppl_abs_diff:0.0027835743967443705 - rollout_corr/log_ppl_diff_max:0.037066370248794556 - rollout_corr/log_ppl_diff_min:-0.018443435430526733 - rollout_corr/ppl_ratio:1.0022450685501099 - rollout_corr/chi2_token:-0.0017753839492797852 - rollout_corr/chi2_seq:-0.033962249755859375 - actor/pg_clipfrac:np.float64(0.0) - actor/ppo_kl:np.float64(0.0) - actor/pg_clipfrac_lower:np.float64(0.0) - actor/pg_loss:np.float64(-0.5138917565345764) - actor/loss:np.float64(-0.5138917565345764) - actor/grad_norm:np.float64(0.25654295086860657) - actor/lr:np.float64(1e-06) - actor/perf/max_memory_allocated_gb:np.float64(18.28952407836914) - actor/perf/max_memory_reserved_gb:np.float64(30.51171875) - actor/perf/cpu_memory_used_gb:np.float64(32.95581817626953) - perf/mfu/actor:np.float64(0.038646553689722564) - training/global_step:105 - training/epoch:0 - critic/score/mean:0.22291666269302368 - critic/score/max:1.0583332777023315 - critic/score/min:-0.06666667014360428 - critic/rewards/mean:0.22291666269302368 - critic/rewards/max:1.0583332777023315 - critic/rewards/min:-0.06666667014360428 - critic/advantages/mean:0.5138916969299316 - critic/advantages/max:2.4689905643463135 - critic/advantages/min:-0.5976978540420532 - critic/returns/mean:0.5138916969299316 - critic/returns/max:2.4689905643463135 - critic/returns/min:-0.5976978540420532 - response_length/mean:90.0625 - response_length/max:512.0 - response_length/min:4.0 - response_length/clip_ratio:0.0625 - response_length_non_aborted/mean:90.0625 - response_length_non_aborted/max:512.0 - response_length_non_aborted/min:4.0 - response_length_non_aborted/clip_ratio:0.0625 - response/aborted_ratio:0.0 - prompt_length/mean:105.5 - prompt_length/max:113.0 - prompt_length/min:102.0 - prompt_length/clip_ratio:0.25 - timing_s/gen:4.431190546019934 - timing_s/old_log_prob:1.1974536050111055 - timing_s/adv:0.2415719609707594 - timing_s/update_actor:2.1012682850123383 - timing_s/update_weights:1.1335631069960073 - timing_s/step:9.511215348960832 - timing_per_token_ms/adv:0.0374530172047689 - timing_per_token_ms/update_actor:0.32577802868408345 - timing_per_token_ms/gen:1.4879753344593465 - perf/total_num_tokens:6450 - perf/time_per_step:9.511215348960832 - perf/throughput:678.1467733989125 - training/num_turns/mean:np.float64(2.0) - training/num_turns/max:np.int64(2) - training/num_turns/min:np.int64(2) - training/off_policy/trajectory_spans/mean:np.float64(1.0) - training/off_policy/trajectory_spans/max:np.float64(1.0) - training/off_policy/trajectory_spans/min:np.float64(1.0) - training/off_policy/trajectory_staleness/mean:np.float64(0.0) - training/off_policy/trajectory_staleness/max:np.float64(0.0) - training/off_policy/trajectory_staleness/min:np.float64(0.0) - training/off_policy/trajectory_staleness_worst/mean:np.float64(0.0) - training/off_policy/trajectory_staleness_worst/max:np.float64(0.0) - training/off_policy/trajectory_staleness_worst/min:np.float64(0.0)
[36m(TaskRunnerV1 pid=997342)[0m step:106 - global_seqlen/min:6903 - global_seqlen/max:6903 - global_seqlen/minmax_diff:0 - global_seqlen/balanced_min:6903 - global_seqlen/balanced_max:6903 - global_seqlen/mean:6903.0 - actor/entropy:0.6277905702590942 - training/rollout_probs_diff_valid:1 - training/rollout_probs_diff_max:0.09083360433578491 - training/rollout_probs_diff_mean:0.003946636337786913 - training/rollout_probs_diff_std:0.008231882937252522 - training/rollout_actor_probs_pearson_corr:0.9996427893638611 - rollout_corr/training_ppl:1.243645191192627 - rollout_corr/training_log_ppl:0.12817101180553436 - rollout_corr/kl:0.0004867498646490276 - rollout_corr/k3_kl:0.0005575091927312315 - rollout_corr/rollout_ppl:1.2407662868499756 - rollout_corr/rollout_log_ppl:0.12819966673851013 - rollout_corr/log_ppl_diff:-2.867233706638217e-05 - rollout_corr/log_ppl_abs_diff:0.003200892359018326 - rollout_corr/log_ppl_diff_max:0.06050044298171997 - rollout_corr/log_ppl_diff_min:-0.03154607117176056 - rollout_corr/ppl_ratio:1.0000150203704834 - rollout_corr/chi2_token:0.0012482404708862305 - rollout_corr/chi2_seq:0.01286935806274414 - actor/pg_clipfrac:np.float64(0.0) - actor/ppo_kl:np.float64(0.0) - actor/pg_clipfrac_lower:np.float64(0.0) - actor/pg_loss:np.float64(0.37089672684669495) - actor/loss:np.float64(0.37089672684669495) - actor/grad_norm:np.float64(0.28952842950820923) - actor/lr:np.float64(1e-06) - actor/perf/max_memory_allocated_gb:np.float64(18.28952407836914) - actor/perf/max_memory_reserved_gb:np.float64(30.51171875) - actor/perf/cpu_memory_used_gb:np.float64(32.96323776245117) - perf/mfu/actor:np.float64(0.040139780818583215) - training/global_step:106 - training/epoch:0 - critic/score/mean:0.5807291269302368 - critic/score/max:1.0833333730697632 - critic/score/min:-0.09166666865348816 - critic/rewards/mean:0.5807291269302368 - critic/rewards/max:1.0833333730697632 - critic/rewards/min:-0.09166666865348816 - critic/advantages/mean:-0.3708968162536621 - critic/advantages/max:1.2379635572433472 - critic/advantages/min:-2.4702062606811523 - critic/returns/mean:-0.3708968162536621 - critic/returns/max:1.2379635572433472 - critic/returns/min:-2.4702062606811523 - response_length/mean:90.96875 - response_length/max:512.0 - response_length/min:4.0 - response_length/clip_ratio:0.0625 - response_length_non_aborted/mean:90.96875 - response_length_non_aborted/max:512.0 - response_length_non_aborted/min:4.0 - response_length_non_aborted/clip_ratio:0.0625 - response/aborted_ratio:0.0 - prompt_length/mean:118.75 - prompt_length/max:174.0 - prompt_length/min:81.0 - prompt_length/clip_ratio:0.25 - timing_s/gen:4.422890375950374 - timing_s/old_log_prob:1.1833791179815307 - timing_s/adv:0.23955621401546523 - timing_s/update_actor:2.1634639429976232 - timing_s/update_weights:1.0749932419857942 - timing_s/step:9.49546481797006 - timing_per_token_ms/adv:0.03470320353693542 - timing_per_token_ms/update_actor:0.31340923410077115 - timing_per_token_ms/gen:1.4708647741770449 - perf/total_num_tokens:6903 - perf/time_per_step:9.49546481797006 - perf/throughput:726.9786295175514 - training/num_turns/mean:np.float64(2.0) - training/num_turns/max:np.int64(2) - training/num_turns/min:np.int64(2) - training/off_policy/trajectory_spans/mean:np.float64(1.0) - training/off_policy/trajectory_spans/max:np.float64(1.0) - training/off_policy/trajectory_spans/min:np.float64(1.0) - training/off_policy/trajectory_staleness/mean:np.float64(0.0) - training/off_policy/trajectory_staleness/max:np.float64(0.0) - training/off_policy/trajectory_staleness/min:np.float64(0.0) - training/off_policy/trajectory_staleness_worst/mean:np.float64(0.0) - training/off_policy/trajectory_staleness_worst/max:np.float64(0.0) - training/off_policy/trajectory_staleness_worst/min:np.float64(0.0)
[36m(TaskRunnerV1 pid=997342)[0m step:107 - global_seqlen/min:5214 - global_seqlen/max:5214 - global_seqlen/minmax_diff:0 - global_seqlen/balanced_min:5214 - global_seqlen/balanced_max:5214 - global_seqlen/mean:5214.0 - actor/entropy:0.9379414916038513 - training/rollout_probs_diff_valid:1 - training/rollout_probs_diff_max:0.056239813566207886 - training/rollout_probs_diff_mean:0.0063004205003380775 - training/rollout_probs_diff_std:0.009315871633589268 - training/rollout_actor_probs_pearson_corr:0.999515950679779 - rollout_corr/training_ppl:1.2101821899414062 - rollout_corr/training_log_ppl:0.13650792837142944 - rollout_corr/kl:0.0019970941357314587 - rollout_corr/k3_kl:0.0007887091487646103 - rollout_corr/rollout_ppl:1.209160327911377 - rollout_corr/rollout_log_ppl:0.13610737025737762 - rollout_corr/log_ppl_diff:0.0004005627706646919 - rollout_corr/log_ppl_abs_diff:0.002554576378315687 - rollout_corr/log_ppl_diff_max:0.04519295692443848 - rollout_corr/log_ppl_diff_min:-0.03436487913131714 - rollout_corr/ppl_ratio:1.0004291534423828 - rollout_corr/chi2_token:-0.0008463263511657715 - rollout_corr/chi2_seq:-0.026056885719299316 - actor/pg_clipfrac:np.float64(0.0) - actor/ppo_kl:np.float64(0.0) - actor/pg_clipfrac_lower:np.float64(0.0) - actor/pg_loss:np.float64(-0.742541491985321) - actor/loss:np.float64(-0.742541491985321) - actor/grad_norm:np.float64(0.44436031579971313) - actor/lr:np.float64(1e-06) - actor/perf/max_memory_allocated_gb:np.float64(18.28952407836914) - actor/perf/max_memory_reserved_gb:np.float64(30.51171875) - actor/perf/cpu_memory_used_gb:np.float64(32.951480865478516) - perf/mfu/actor:np.float64(0.03426893247166192) - training/global_step:107 - training/epoch:0 - critic/score/mean:0.23125001788139343 - critic/score/max:1.0750000476837158 - critic/score/min:-0.05833333358168602 - critic/rewards/mean:0.23125001788139343 - critic/rewards/max:1.0750000476837158 - critic/rewards/min:-0.05833333358168602 - critic/advantages/mean:0.742541491985321 - critic/advantages/max:2.472243070602417 - critic/advantages/min:-0.9349851608276367 - critic/returns/mean:0.742541491985321 - critic/returns/max:2.472243070602417 - critic/returns/min:-0.9349851608276367 - response_length/mean:54.9375 - response_length/max:446.0 - response_length/min:4.0 - response_length/clip_ratio:0.03125 - response_length_non_aborted/mean:54.9375 - response_length_non_aborted/max:446.0 - response_length_non_aborted/min:4.0 - response_length_non_aborted/clip_ratio:0.03125 - response/aborted_ratio:0.0 - prompt_length/mean:102.0 - prompt_length/max:113.0 - prompt_length/min:86.0 - prompt_length/clip_ratio:0.25 - timing_s/gen:4.4084443529718556 - timing_s/old_log_prob:1.100584666011855 - timing_s/adv:0.24441605497850105 - timing_s/update_actor:1.9333773049875163 - timing_s/update_weights:1.0159340419922955 - timing_s/step:9.108219534973614 - timing_per_token_ms/adv:0.046876880509877455 - timing_per_token_ms/update_actor:0.3708050067103023 - timing_per_token_ms/gen:2.3778017006320686 - perf/total_num_tokens:5214 - perf/time_per_step:9.108219534973614 - perf/throughput:572.4499700495093 - training/num_turns/mean:np.float64(2.0) - training/num_turns/max:np.int64(2) - training/num_turns/min:np.int64(2) - training/off_policy/trajectory_spans/mean:np.float64(1.0) - training/off_policy/trajectory_spans/max:np.float64(1.0) - training/off_policy/trajectory_spans/min:np.float64(1.0) - training/off_policy/trajectory_staleness/mean:np.float64(0.0) - training/off_policy/trajectory_staleness/max:np.float64(0.0) - training/off_policy/trajectory_staleness/min:np.float64(0.0) - training/off_policy/trajectory_staleness_worst/mean:np.float64(0.0) - training/off_policy/trajectory_staleness_worst/max:np.float64(0.0) - training/off_policy/trajectory_staleness_worst/min:np.float64(0.0)[36m(TaskRunnerV1 pid=997342)[0m Training Progress:  86%|████████▌ | 107/125 [18:05<02:55,  9.77s/it]
[36m(WorkerDict pid=998593)[0m INFO:2026-07-05 14:47:36,715:update_weights done, time cost: 0.37s
[36m(SimpleStorageUnit pid=997622)[0m 2026-07-05 14:47:27,327 - INFO - transfer_queue.utils.perf_utils - TQ_STORAGE_UNIT_bf827d3b: [Performance] Total success requests: 460, Total req/min: 91.41, Total avg process time: 0.0105s; [32m [repeated 8x across cluster][0m
[36m(SimpleStorageUnit pid=997622)[0m Time range: last 5.03 minutes; [32m [repeated 8x across cluster][0m
[36m(SimpleStorageUnit pid=997622)[0m Per-operation statistics: CLEAR_DATA: req_count=46, req/min=9.14, avg_time=0.011572s, max_time=0.016163s, min_time=0.007344s; PUT_DATA: req_count=258, req/min=51.27, avg_time=0.009258s, max_time=0.016862s, min_time=0.003586s; GET_DATA: req_count=156, req/min=31.00, avg_time=0.012126s, max_time=0.015845s, min_time=0.006732s[32m [repeated 7x across cluster][0m
[36m(TaskRunnerV1 pid=997342)[0m Training Progress:  86%|████████▋ | 108/125 [18:14<02:45,  9.74s/it]
[36m(WorkerDict pid=998593)[0m INFO:2026-07-05 14:47:46,343:update_weights done, time cost: 0.35s
[36m(TaskRunnerV1 pid=997342)[0m Training Progress:  87%|████████▋ | 109/125 [18:24<02:35,  9.69s/it]
[36m(WorkerDict pid=998593)[0m INFO:2026-07-05 14:47:56,212:update_weights done, time cost: 0.39s

[36m(TaskRunnerV1 pid=997342)[0m step:108 - global_seqlen/min:6891 - global_seqlen/max:6891 - global_seqlen/minmax_diff:0 - global_seqlen/balanced_min:6891 - global_seqlen/balanced_max:6891 - global_seqlen/mean:6891.0 - actor/entropy:0.8030032515525818 - training/rollout_probs_diff_valid:1 - training/rollout_probs_diff_max:0.05867797136306763 - training/rollout_probs_diff_mean:0.004553270526230335 - training/rollout_probs_diff_std:0.00821002945303917 - training/rollout_actor_probs_pearson_corr:0.9996643662452698 - rollout_corr/training_ppl:1.1918926239013672 - rollout_corr/training_log_ppl:0.1279883086681366 - rollout_corr/kl:0.0019517040345817804 - rollout_corr/k3_kl:0.0006179104093462229 - rollout_corr/rollout_ppl:1.19110107421875 - rollout_corr/rollout_log_ppl:0.12759876251220703 - rollout_corr/log_ppl_diff:0.0003895420231856406 - rollout_corr/log_ppl_abs_diff:0.0023478439543396235 - rollout_corr/log_ppl_diff_max:0.032209426164627075 - rollout_corr/log_ppl_diff_min:-0.0224820077419281 - rollout_corr/ppl_ratio:1.0004111528396606 - rollout_corr/chi2_token:-0.0014386773109436035 - rollout_corr/chi2_seq:-0.006852328777313232 - actor/pg_clipfrac:np.float64(0.0) - actor/ppo_kl:np.float64(0.0) - actor/pg_clipfrac_lower:np.float64(0.0) - actor/pg_loss:np.float64(0.2931402325630188) - actor/loss:np.float64(0.2931402325630188) - actor/grad_norm:np.float64(0.1489941030740738) - actor/lr:np.float64(1e-06) - actor/perf/max_memory_allocated_gb:np.float64(18.28952407836914) - actor/perf/max_memory_reserved_gb:np.float64(30.51171875) - actor/perf/cpu_memory_used_gb:np.float64(32.973819732666016) - perf/mfu/actor:np.float64(0.04010525448709124) - training/global_step:108 - training/epoch:0 - critic/score/mean:0.2148437649011612 - critic/score/max:1.0083333253860474 - critic/score/min:-0.05000000074505806 - critic/rewards/mean:0.2148437649011612 - critic/rewards/max:1.0083333253860474 - critic/rewards/min:-0.05000000074505806 - critic/advantages/mean:-0.2931402325630188 - critic/advantages/max:2.463895559310913 - critic/advantages/min:-0.5838684439659119 - critic/returns/mean:-0.2931402325630188 - critic/returns/max:2.463895559310913 - critic/returns/min:-0.5838684439659119 - response_length/mean:104.59375 - response_length/max:512.0 - response_length/min:4.0 - response_length/clip_ratio:0.03125 - response_length_non_aborted/mean:104.59375 - response_length_non_aborted/max:512.0 - response_length_non_aborted/min:4.0 - response_length_non_aborted/clip_ratio:0.03125 - response/aborted_ratio:0.0 - prompt_length/mean:104.75 - prompt_length/max:119.0 - prompt_length/min:96.0 - prompt_length/clip_ratio:0.25 - timing_s/gen:4.448172482021619 - timing_s/old_log_prob:1.1886743089999072 - timing_s/adv:0.23907704802695662 - timing_s/update_actor:2.159067002008669 - timing_s/update_weights:1.0722326600225642 - timing_s/step:9.511010234011337 - timing_per_token_ms/adv:0.03469410071498427 - timing_per_token_ms/update_actor:0.3133169354242736 - timing_per_token_ms/gen:1.2919466982345682 - perf/total_num_tokens:6891 - perf/time_per_step:9.511010234011337 - perf/throughput:724.5287125607131 - training/num_turns/mean:np.float64(2.0) - training/num_turns/max:np.int64(2) - training/num_turns/min:np.int64(2) - training/off_policy/trajectory_spans/mean:np.float64(1.0) - training/off_policy/trajectory_spans/max:np.float64(1.0) - training/off_policy/trajectory_spans/min:np.float64(1.0) - training/off_policy/trajectory_staleness/mean:np.float64(0.0) - training/off_policy/trajectory_staleness/max:np.float64(0.0) - training/off_policy/trajectory_staleness/min:np.float64(0.0) - training/off_policy/trajectory_staleness_worst/mean:np.float64(0.0) - training/off_policy/trajectory_staleness_worst/max:np.float64(0.0) - training/off_policy/trajectory_staleness_worst/min:np.float64(0.0)
[36m(TaskRunnerV1 pid=997342)[0m step:109 - global_seqlen/min:6767 - global_seqlen/max:6767 - global_seqlen/minmax_diff:0 - global_seqlen/balanced_min:6767 - global_seqlen/balanced_max:6767 - global_seqlen/mean:6767.0 - actor/entropy:0.6974815130233765 - training/rollout_probs_diff_valid:1 - training/rollout_probs_diff_max:0.0750320553779602 - training/rollout_probs_diff_mean:0.005569916218519211 - training/rollout_probs_diff_std:0.009522851556539536 - training/rollout_actor_probs_pearson_corr:0.9994766712188721 - rollout_corr/training_ppl:1.1816825866699219 - rollout_corr/training_log_ppl:0.12479667365550995 - rollout_corr/kl:0.0005364915123209357 - rollout_corr/k3_kl:0.0007123775430954993 - rollout_corr/rollout_ppl:1.1826061010360718 - rollout_corr/rollout_log_ppl:0.12589696049690247 - rollout_corr/log_ppl_diff:-0.001100294291973114 - rollout_corr/log_ppl_abs_diff:0.003181162290275097 - rollout_corr/log_ppl_diff_max:0.0309792160987854 - rollout_corr/log_ppl_diff_min:-0.03019091486930847 - rollout_corr/ppl_ratio:0.9989330768585205 - rollout_corr/chi2_token:0.0017857551574707031 - rollout_corr/chi2_seq:0.0010107755661010742 - actor/pg_clipfrac:np.float64(0.0) - actor/ppo_kl:np.float64(0.0) - actor/pg_clipfrac_lower:np.float64(0.0) - actor/pg_loss:np.float64(-0.3669925630092621) - actor/loss:np.float64(-0.3669925630092621) - actor/grad_norm:np.float64(0.28446435928344727) - actor/lr:np.float64(1e-06) - actor/perf/max_memory_allocated_gb:np.float64(18.28952407836914) - actor/perf/max_memory_reserved_gb:np.float64(30.51171875) - actor/perf/cpu_memory_used_gb:np.float64(32.97606658935547) - perf/mfu/actor:np.float64(0.03944868571755031) - training/global_step:109 - training/epoch:0 - critic/score/mean:0.3156249523162842 - critic/score/max:1.0499999523162842 - critic/score/min:-0.09166666865348816 - critic/rewards/mean:0.3156249523162842 - critic/rewards/max:1.0499999523162842 - critic/rewards/min:-0.09166666865348816 - critic/advantages/mean:0.3669924736022949 - critic/advantages/max:1.6735938787460327 - critic/advantages/min:-1.662756323814392 - critic/returns/mean:0.3669924736022949 - critic/returns/max:1.6735938787460327 - critic/returns/min:-1.662756323814392 - response_length/mean:78.96875 - response_length/max:484.0 - response_length/min:4.0 - response_length/clip_ratio:0.03125 - response_length_non_aborted/mean:78.96875 - response_length_non_aborted/max:484.0 - response_length_non_aborted/min:4.0 - response_length_non_aborted/clip_ratio:0.03125 - response/aborted_ratio:0.0 - prompt_length/mean:126.5 - prompt_length/max:196.0 - prompt_length/min:95.0 - prompt_length/clip_ratio:0.25 - timing_s/gen:4.440069859032519 - timing_s/old_log_prob:1.1714783710194752 - timing_s/adv:0.23792667698580772 - timing_s/update_actor:2.162826848041732 - timing_s/update_weights:1.0300565109937452 - timing_s/step:9.451370225986466 - timing_per_token_ms/adv:0.035159845867564314 - timing_per_token_ms/update_actor:0.3196138389303579 - timing_per_token_ms/gen:1.6927448947893706 - perf/total_num_tokens:6767 - perf/time_per_step:9.451370225986466 - perf/throughput:715.9808406821467 - training/num_turns/mean:np.float64(2.0) - training/num_turns/max:np.int64(2) - training/num_turns/min:np.int64(2) - training/off_policy/trajectory_spans/mean:np.float64(1.0) - training/off_policy/trajectory_spans/max:np.float64(1.0) - training/off_policy/trajectory_spans/min:np.float64(1.0) - training/off_policy/trajectory_staleness/mean:np.float64(0.0) - training/off_policy/trajectory_staleness/max:np.float64(0.0) - training/off_policy/trajectory_staleness/min:np.float64(0.0) - training/off_policy/trajectory_staleness_worst/mean:np.float64(0.0) - training/off_policy/trajectory_staleness_worst/max:np.float64(0.0) - training/off_policy/trajectory_staleness_worst/min:np.float64(0.0)
[36m(TaskRunnerV1 pid=997342)[0m step:110 - global_seqlen/min:5403 - global_seqlen/max:5403 - global_seqlen/minmax_diff:0 - global_seqlen/balanced_min:5403 - global_seqlen/balanced_max:5403 - global_seqlen/mean:5403.0 - actor/entropy:0.8899306654930115 - training/rollout_probs_diff_valid:1 - training/rollout_probs_diff_max:0.06168827414512634 - training/rollout_probs_diff_mean:0.005320344585925341 - training/rollout_probs_diff_std:0.008540406823158264 - training/rollout_actor_probs_pearson_corr:0.9996137619018555 - rollout_corr/training_ppl:1.148228406906128 - rollout_corr/training_log_ppl:0.09538958966732025 - rollout_corr/kl:0.0003975100116804242 - rollout_corr/k3_kl:0.0007190698524937034 - rollout_corr/rollout_ppl:1.1479213237762451 - rollout_corr/rollout_log_ppl:0.09490232914686203 - rollout_corr/log_ppl_diff:0.0004872643039561808 - rollout_corr/log_ppl_abs_diff:0.0014452950563281775 - rollout_corr/log_ppl_diff_max:0.017789170145988464 - rollout_corr/log_ppl_diff_min:-0.021273136138916016 - rollout_corr/ppl_ratio:1.0004966259002686 - rollout_corr/chi2_token:0.0020934343338012695 - rollout_corr/chi2_seq:0.004358649253845215 - actor/pg_clipfrac:np.float64(0.0) - actor/ppo_kl:np.float64(0.0) - actor/pg_clipfrac_lower:np.float64(0.0) - actor/pg_loss:np.float64(0.3775961399078369) - actor/loss:np.float64(0.3775961399078369) - actor/grad_norm:np.float64(0.38317835330963135) - actor/lr:np.float64(1e-06) - actor/perf/max_memory_allocated_gb:np.float64(18.28952407836914) - actor/perf/max_memory_reserved_gb:np.float64(30.51171875) - actor/perf/cpu_memory_used_gb:np.float64(32.95957946777344) - perf/mfu/actor:np.float64(0.034451519411844364) - training/global_step:110 - training/epoch:0 - critic/score/mean:0.16953124105930328 - critic/score/max:1.0166666507720947 - critic/score/min:-0.06666667014360428 - critic/rewards/mean:0.16953124105930328 - critic/rewards/max:1.0166666507720947 - critic/rewards/min:-0.06666667014360428 - critic/advantages/mean:-0.3775961697101593 - critic/advantages/max:2.470470428466797 - critic/advantages/min:-2.3603434562683105 - critic/returns/mean:-0.3775961697101593 - critic/returns/max:2.470470428466797 - critic/returns/min:-2.3603434562683105 - response_length/mean:55.34375 - response_length/max:512.0 - response_length/min:4.0 - response_length/clip_ratio:0.03125 - response_length_non_aborted/mean:55.34375 - response_length_non_aborted/max:512.0 - response_length_non_aborted/min:4.0 - response_length_non_aborted/clip_ratio:0.03125 - response/aborted_ratio:0.0 - prompt_length/mean:107.5 - prompt_length/max:147.0 - prompt_length/min:85.0 - prompt_length/clip_ratio:0.25 - timing_s/gen:4.422818885999732 - timing_s/old_log_prob:1.1042386469780467 - timing_s/adv:0.23919227498117834 - timing_s/update_actor:2.002477624977473 - timing_s/update_weights:1.0844882620149292 - timing_s/step:9.772750062984414 - timing_per_token_ms/adv:0.044270271142176264 - timing_per_token_ms/update_actor:0.3706232879839854 - timing_per_token_ms/gen:2.3689442346008205 - perf/total_num_tokens:5403 - perf/time_per_step:9.772750062984414 - perf/throughput:552.8638269860782 - training/num_turns/mean:np.float64(2.0) - training/num_turns/max:np.int64(2) - training/num_turns/min:np.int64(2) - training/off_policy/trajectory_spans/mean:np.float64(1.0) - training/off_policy/trajectory_spans/max:np.float64(1.0) - training/off_policy/trajectory_spans/min:np.float64(1.0) - training/off_policy/trajectory_staleness/mean:np.float64(0.0) - training/off_policy/trajectory_staleness/max:np.float64(0.0) - training/off_policy/trajectory_staleness/min:np.float64(0.0) - training/off_policy/trajectory_staleness_worst/mean:np.float64(0.0) - training/off_policy/trajectory_staleness_worst/max:np.float64(0.0) - training/off_policy/trajectory_staleness_worst/min:np.float64(0.0)[36m(TaskRunnerV1 pid=997342)[0m Training Progress:  88%|████████▊ | 110/125 [18:34<02:26,  9.76s/it]
[36m(WorkerDict pid=998593)[0m INFO:2026-07-05 14:48:05,655:update_weights done, time cost: 0.34s
[36m(TaskRunnerV1 pid=997342)[0m Training Progress:  89%|████████▉ | 111/125 [18:43<02:15,  9.65s/it]
[36m(WorkerDict pid=998593)[0m INFO:2026-07-05 14:48:15,331:update_weights done, time cost: 0.36s
[36m(TaskRunnerV1 pid=997342)[0m Training Progress:  90%|████████▉ | 112/125 [18:53<02:05,  9.66s/it]
[36m(WorkerDict pid=998593)[0m INFO:2026-07-05 14:48:24,673:update_weights done, time cost: 0.37s

[36m(TaskRunnerV1 pid=997342)[0m step:111 - global_seqlen/min:5877 - global_seqlen/max:5877 - global_seqlen/minmax_diff:0 - global_seqlen/balanced_min:5877 - global_seqlen/balanced_max:5877 - global_seqlen/mean:5877.0 - actor/entropy:0.29445338249206543 - training/rollout_probs_diff_valid:1 - training/rollout_probs_diff_max:0.062161028385162354 - training/rollout_probs_diff_mean:0.003390795784071088 - training/rollout_probs_diff_std:0.008072108030319214 - training/rollout_actor_probs_pearson_corr:0.9994242787361145 - rollout_corr/training_ppl:1.1242704391479492 - rollout_corr/training_log_ppl:0.09689037501811981 - rollout_corr/kl:0.0013117896160110831 - rollout_corr/k3_kl:0.00034564416273497045 - rollout_corr/rollout_ppl:1.120569109916687 - rollout_corr/rollout_log_ppl:0.09473531693220139 - rollout_corr/log_ppl_diff:0.002155046910047531 - rollout_corr/log_ppl_abs_diff:0.0034515378065407276 - rollout_corr/log_ppl_diff_max:0.05091148614883423 - rollout_corr/log_ppl_diff_min:-0.022279977798461914 - rollout_corr/ppl_ratio:1.0021960735321045 - rollout_corr/chi2_token:-0.001262664794921875 - rollout_corr/chi2_seq:-0.02259659767150879 - actor/pg_clipfrac:np.float64(0.0) - actor/ppo_kl:np.float64(0.0) - actor/pg_clipfrac_lower:np.float64(0.0) - actor/pg_loss:np.float64(0.5070509910583496) - actor/loss:np.float64(0.5070509910583496) - actor/grad_norm:np.float64(0.20637142658233643) - actor/lr:np.float64(1e-06) - actor/perf/max_memory_allocated_gb:np.float64(18.28952407836914) - actor/perf/max_memory_reserved_gb:np.float64(30.51171875) - actor/perf/cpu_memory_used_gb:np.float64(32.96788787841797) - perf/mfu/actor:np.float64(0.03686266864150783) - training/global_step:111 - training/epoch:0 - critic/score/mean:0.3552083671092987 - critic/score/max:0.9916666746139526 - critic/score/min:-0.0416666679084301 - critic/rewards/mean:0.3552083671092987 - critic/rewards/max:0.9916666746139526 - critic/rewards/min:-0.0416666679084301 - critic/advantages/mean:-0.5070510506629944 - critic/advantages/max:2.4710817337036133 - critic/advantages/min:-0.9815954566001892 - critic/returns/mean:-0.5070510506629944 - critic/returns/max:2.4710817337036133 - critic/returns/min:-0.9815954566001892 - response_length/mean:64.15625 - response_length/max:512.0 - response_length/min:4.0 - response_length/clip_ratio:0.0625 - response_length_non_aborted/mean:64.15625 - response_length_non_aborted/max:512.0 - response_length_non_aborted/min:4.0 - response_length_non_aborted/clip_ratio:0.0625 - response/aborted_ratio:0.0 - prompt_length/mean:113.5 - prompt_length/max:125.0 - prompt_length/min:92.0 - prompt_length/clip_ratio:0.25 - timing_s/gen:4.44634036795469 - timing_s/old_log_prob:1.1297925409744494 - timing_s/adv:0.23789622395997867 - timing_s/update_actor:2.0299055890063755 - timing_s/update_weights:1.0104720289818943 - timing_s/step:9.265221621026285 - timing_per_token_ms/adv:0.04047919413986365 - timing_per_token_ms/update_actor:0.34539826255000433 - timing_per_token_ms/gen:2.0690276258514144 - perf/total_num_tokens:5877 - perf/time_per_step:9.265221621026285 - perf/throughput:634.3075471247087 - training/num_turns/mean:np.float64(2.0) - training/num_turns/max:np.int64(2) - training/num_turns/min:np.int64(2) - training/off_policy/trajectory_spans/mean:np.float64(1.0) - training/off_policy/trajectory_spans/max:np.float64(1.0) - training/off_policy/trajectory_spans/min:np.float64(1.0) - training/off_policy/trajectory_staleness/mean:np.float64(0.0) - training/off_policy/trajectory_staleness/max:np.float64(0.0) - training/off_policy/trajectory_staleness/min:np.float64(0.0) - training/off_policy/trajectory_staleness_worst/mean:np.float64(0.0) - training/off_policy/trajectory_staleness_worst/max:np.float64(0.0) - training/off_policy/trajectory_staleness_worst/min:np.float64(0.0)
[36m(TaskRunnerV1 pid=997342)[0m step:112 - global_seqlen/min:7436 - global_seqlen/max:7436 - global_seqlen/minmax_diff:0 - global_seqlen/balanced_min:7436 - global_seqlen/balanced_max:7436 - global_seqlen/mean:7436.0 - actor/entropy:0.5643766522407532 - training/rollout_probs_diff_valid:1 - training/rollout_probs_diff_max:0.05986589193344116 - training/rollout_probs_diff_mean:0.004780267830938101 - training/rollout_probs_diff_std:0.008781904354691505 - training/rollout_actor_probs_pearson_corr:0.9995189905166626 - rollout_corr/training_ppl:1.2083386182785034 - rollout_corr/training_log_ppl:0.1336672604084015 - rollout_corr/kl:0.0006380394333973527 - rollout_corr/k3_kl:0.0005457422230392694 - rollout_corr/rollout_ppl:1.2090425491333008 - rollout_corr/rollout_log_ppl:0.13403722643852234 - rollout_corr/log_ppl_diff:-0.00036996440030634403 - rollout_corr/log_ppl_abs_diff:0.002802480012178421 - rollout_corr/log_ppl_diff_max:0.042772114276885986 - rollout_corr/log_ppl_diff_min:-0.03706473112106323 - rollout_corr/ppl_ratio:0.9996658563613892 - rollout_corr/chi2_token:0.0009121894836425781 - rollout_corr/chi2_seq:0.045752644538879395 - actor/pg_clipfrac:np.float64(0.0) - actor/ppo_kl:np.float64(0.0) - actor/pg_clipfrac_lower:np.float64(0.0) - actor/pg_loss:np.float64(0.40058740973472595) - actor/loss:np.float64(0.40058740973472595) - actor/grad_norm:np.float64(0.19144244492053986) - actor/lr:np.float64(1e-06) - actor/perf/max_memory_allocated_gb:np.float64(18.28952407836914) - actor/perf/max_memory_reserved_gb:np.float64(30.51171875) - actor/perf/cpu_memory_used_gb:np.float64(32.986759185791016) - perf/mfu/actor:np.float64(0.0415924973535214) - training/global_step:112 - training/epoch:0 - critic/score/mean:0.3479166626930237 - critic/score/max:1.0666667222976685 - critic/score/min:-0.02500000037252903 - critic/rewards/mean:0.3479166626930237 - critic/rewards/max:1.0666667222976685 - critic/rewards/min:-0.02500000037252903 - critic/advantages/mean:-0.40058737993240356 - critic/advantages/max:1.6691410541534424 - critic/advantages/min:-1.2498364448547363 - critic/returns/mean:-0.40058737993240356 - critic/returns/max:1.6691410541534424 - critic/returns/min:-1.2498364448547363 - response_length/mean:110.875 - response_length/max:512.0 - response_length/min:4.0 - response_length/clip_ratio:0.03125 - response_length_non_aborted/mean:110.875 - response_length_non_aborted/max:512.0 - response_length_non_aborted/min:4.0 - response_length_non_aborted/clip_ratio:0.03125 - response/aborted_ratio:0.0 - prompt_length/mean:115.5 - prompt_length/max:127.0 - prompt_length/min:81.0 - prompt_length/clip_ratio:0.75 - timing_s/gen:4.409450110979378 - timing_s/old_log_prob:1.218708014988806 - timing_s/adv:0.2399691009777598 - timing_s/update_actor:2.1961522410274483 - timing_s/update_weights:1.0570697769871913 - timing_s/step:9.53058056201553 - timing_per_token_ms/adv:0.032271261562366836 - timing_per_token_ms/update_actor:0.295340538061787 - timing_per_token_ms/gen:1.2100576594345165 - perf/total_num_tokens:7436 - perf/time_per_step:9.53058056201553 - perf/throughput:780.2252917976944 - training/num_turns/mean:np.float64(2.0) - training/num_turns/max:np.int64(2) - training/num_turns/min:np.int64(2) - training/off_policy/trajectory_spans/mean:np.float64(1.0) - training/off_policy/trajectory_spans/max:np.float64(1.0) - training/off_policy/trajectory_spans/min:np.float64(1.0) - training/off_policy/trajectory_staleness/mean:np.float64(0.0) - training/off_policy/trajectory_staleness/max:np.float64(0.0) - training/off_policy/trajectory_staleness/min:np.float64(0.0) - training/off_policy/trajectory_staleness_worst/mean:np.float64(0.0) - training/off_policy/trajectory_staleness_worst/max:np.float64(0.0) - training/off_policy/trajectory_staleness_worst/min:np.float64(0.0)
[36m(TaskRunnerV1 pid=997342)[0m step:113 - global_seqlen/min:5419 - global_seqlen/max:5419 - global_seqlen/minmax_diff:0 - global_seqlen/balanced_min:5419 - global_seqlen/balanced_max:5419 - global_seqlen/mean:5419.0 - actor/entropy:0.9374364018440247 - training/rollout_probs_diff_valid:1 - training/rollout_probs_diff_max:0.0884178876876831 - training/rollout_probs_diff_mean:0.0059916372410953045 - training/rollout_probs_diff_std:0.009431634098291397 - training/rollout_actor_probs_pearson_corr:0.9995319843292236 - rollout_corr/training_ppl:1.357126235961914 - rollout_corr/training_log_ppl:0.1831848919391632 - rollout_corr/kl:0.0016352002276107669 - rollout_corr/k3_kl:0.0008540372364223003 - rollout_corr/rollout_ppl:1.3550083637237549 - rollout_corr/rollout_log_ppl:0.18184992671012878 - rollout_corr/log_ppl_diff:0.0013349625514820218 - rollout_corr/log_ppl_abs_diff:0.002678430173546076 - rollout_corr/log_ppl_diff_max:0.05620449781417847 - rollout_corr/log_ppl_diff_min:-0.039802491664886475 - rollout_corr/ppl_ratio:1.001373529434204 - rollout_corr/chi2_token:0.0001512765884399414 - rollout_corr/chi2_seq:0.008928656578063965 - actor/pg_clipfrac:np.float64(0.0) - actor/ppo_kl:np.float64(0.0) - actor/pg_clipfrac_lower:np.float64(0.0) - actor/pg_loss:np.float64(0.206825852394104) - actor/loss:np.float64(0.206825852394104) - actor/grad_norm:np.float64(0.28115856647491455) - actor/lr:np.float64(1e-06) - actor/perf/max_memory_allocated_gb:np.float64(18.28952407836914) - actor/perf/max_memory_reserved_gb:np.float64(30.51171875) - actor/perf/cpu_memory_used_gb:np.float64(32.974342346191406) - perf/mfu/actor:np.float64(0.03499221521056282) - training/global_step:113 - training/epoch:0 - critic/score/mean:0.20390625298023224 - critic/score/max:1.100000023841858 - critic/score/min:-0.0833333358168602 - critic/rewards/mean:0.20390625298023224 - critic/rewards/max:1.100000023841858 - critic/rewards/min:-0.0833333358168602 - critic/advantages/mean:-0.2068258672952652 - critic/advantages/max:2.46002459526062 - critic/advantages/min:-0.6198920607566833 - critic/returns/mean:-0.2068258672952652 - critic/returns/max:2.46002459526062 - critic/returns/min:-0.6198920607566833 - response_length/mean:65.34375 - response_length/max:329.0 - response_length/min:4.0 - response_length/clip_ratio:0.03125 - response_length_non_aborted/mean:65.34375 - response_length_non_aborted/max:329.0 - response_length_non_aborted/min:4.0 - response_length_non_aborted/clip_ratio:0.03125 - response/aborted_ratio:0.0 - prompt_length/mean:98.0 - prompt_length/max:106.0 - prompt_length/min:81.0 - prompt_length/clip_ratio:0.25 - timing_s/gen:4.460249904019292 - timing_s/old_log_prob:1.114645515976008 - timing_s/adv:0.23644874000456184 - timing_s/update_actor:1.9699146000202745 - timing_s/update_weights:1.05956399301067 - timing_s/step:9.239574945997447 - timing_per_token_ms/adv:0.04363327920364677 - timing_per_token_ms/update_actor:0.36351994833369156 - timing_per_token_ms/gen:2.0394375418469557 - perf/total_num_tokens:5419 - perf/time_per_step:9.239574945997447 - perf/throughput:586.4988413073582 - training/num_turns/mean:np.float64(2.0) - training/num_turns/max:np.int64(2) - training/num_turns/min:np.int64(2) - training/off_policy/trajectory_spans/mean:np.float64(1.0) - training/off_policy/trajectory_spans/max:np.float64(1.0) - training/off_policy/trajectory_spans/min:np.float64(1.0) - training/off_policy/trajectory_staleness/mean:np.float64(0.0) - training/off_policy/trajectory_staleness/max:np.float64(0.0) - training/off_policy/trajectory_staleness/min:np.float64(0.0) - training/off_policy/trajectory_staleness_worst/mean:np.float64(0.0) - training/off_policy/trajectory_staleness_worst/max:np.float64(0.0) - training/off_policy/trajectory_staleness_worst/min:np.float64(0.0)[36m(TaskRunnerV1 pid=997342)[0m Training Progress:  90%|█████████ | 113/125 [19:02<01:54,  9.58s/it]
[36m(WorkerDict pid=998593)[0m INFO:2026-07-05 14:48:34,724:update_weights done, time cost: 0.36s
[36m(TaskRunnerV1 pid=997342)[0m Training Progress:  91%|█████████ | 114/125 [19:12<01:46,  9.71s/it]
[36m(WorkerDict pid=998593)[0m INFO:2026-07-05 14:48:44,379:update_weights done, time cost: 0.40s
[36m(TaskRunnerV1 pid=997342)[0m Training Progress:  92%|█████████▏| 115/125 [19:22<01:37,  9.70s/it]
[36m(WorkerDict pid=998593)[0m INFO:2026-07-05 14:48:53,855:update_weights done, time cost: 0.38s

[36m(TaskRunnerV1 pid=997342)[0m step:114 - global_seqlen/min:8313 - global_seqlen/max:8313 - global_seqlen/minmax_diff:0 - global_seqlen/balanced_min:8313 - global_seqlen/balanced_max:8313 - global_seqlen/mean:8313.0 - actor/entropy:0.6972595453262329 - training/rollout_probs_diff_valid:1 - training/rollout_probs_diff_max:0.061517566442489624 - training/rollout_probs_diff_mean:0.004954835865646601 - training/rollout_probs_diff_std:0.008683238178491592 - training/rollout_actor_probs_pearson_corr:0.9995810389518738 - rollout_corr/training_ppl:1.1961126327514648 - rollout_corr/training_log_ppl:0.1356852799654007 - rollout_corr/kl:0.001068148179911077 - rollout_corr/k3_kl:0.0006350382464006543 - rollout_corr/rollout_ppl:1.195467472076416 - rollout_corr/rollout_log_ppl:0.13512317836284637 - rollout_corr/log_ppl_diff:0.0005621139425784349 - rollout_corr/log_ppl_abs_diff:0.0022420568857342005 - rollout_corr/log_ppl_diff_max:0.04461914300918579 - rollout_corr/log_ppl_diff_min:-0.03660178184509277 - rollout_corr/ppl_ratio:1.0005900859832764 - rollout_corr/chi2_token:0.00040149688720703125 - rollout_corr/chi2_seq:0.020795702934265137 - actor/pg_clipfrac:np.float64(0.0) - actor/ppo_kl:np.float64(0.0) - actor/pg_clipfrac_lower:np.float64(0.0) - actor/pg_loss:np.float64(0.025492027401924133) - actor/loss:np.float64(0.025492027401924133) - actor/grad_norm:np.float64(0.16946081817150116) - actor/lr:np.float64(1e-06) - actor/perf/max_memory_allocated_gb:np.float64(18.28952407836914) - actor/perf/max_memory_reserved_gb:np.float64(30.51171875) - actor/perf/cpu_memory_used_gb:np.float64(33.00156021118164) - perf/mfu/actor:np.float64(0.041964167922688034) - training/global_step:114 - training/epoch:0 - critic/score/mean:0.19322915375232697 - critic/score/max:1.0499999523162842 - critic/score/min:-0.0416666679084301 - critic/rewards/mean:0.19322915375232697 - critic/rewards/max:1.0499999523162842 - critic/rewards/min:-0.0416666679084301 - critic/advantages/mean:-0.025492003187537193 - critic/advantages/max:1.6271538734436035 - critic/advantages/min:-1.601282000541687 - critic/returns/mean:-0.025492003187537193 - critic/returns/max:1.6271538734436035 - critic/returns/min:-1.601282000541687 - response_length/mean:139.03125 - response_length/max:512.0 - response_length/min:4.0 - response_length/clip_ratio:0.03125 - response_length_non_aborted/mean:139.03125 - response_length_non_aborted/max:512.0 - response_length_non_aborted/min:4.0 - response_length_non_aborted/clip_ratio:0.03125 - response/aborted_ratio:0.0 - prompt_length/mean:114.75 - prompt_length/max:120.0 - prompt_length/min:102.0 - prompt_length/clip_ratio:0.25 - timing_s/gen:4.416970868012868 - timing_s/old_log_prob:1.2977154849795625 - timing_s/adv:0.23798813699977472 - timing_s/update_actor:2.4401681020390242 - timing_s/update_weights:1.0737015689956024 - timing_s/step:9.876572426990606 - timing_per_token_ms/adv:0.02862842980870621 - timing_per_token_ms/update_actor:0.29353640106327733 - timing_per_token_ms/gen:0.971830774040235 - perf/total_num_tokens:8313 - perf/time_per_step:9.876572426990606 - perf/throughput:841.6887600887035 - training/num_turns/mean:np.float64(2.0) - training/num_turns/max:np.int64(2) - training/num_turns/min:np.int64(2) - training/off_policy/trajectory_spans/mean:np.float64(1.0) - training/off_policy/trajectory_spans/max:np.float64(1.0) - training/off_policy/trajectory_spans/min:np.float64(1.0) - training/off_policy/trajectory_staleness/mean:np.float64(0.0) - training/off_policy/trajectory_staleness/max:np.float64(0.0) - training/off_policy/trajectory_staleness/min:np.float64(0.0) - training/off_policy/trajectory_staleness_worst/mean:np.float64(0.0) - training/off_policy/trajectory_staleness_worst/max:np.float64(0.0) - training/off_policy/trajectory_staleness_worst/min:np.float64(0.0)
[36m(TaskRunnerV1 pid=997342)[0m step:115 - global_seqlen/min:6647 - global_seqlen/max:6647 - global_seqlen/minmax_diff:0 - global_seqlen/balanced_min:6647 - global_seqlen/balanced_max:6647 - global_seqlen/mean:6647.0 - actor/entropy:0.7161672115325928 - training/rollout_probs_diff_valid:1 - training/rollout_probs_diff_max:0.09761297702789307 - training/rollout_probs_diff_mean:0.004982102662324905 - training/rollout_probs_diff_std:0.009292074479162693 - training/rollout_actor_probs_pearson_corr:0.9995442032814026 - rollout_corr/training_ppl:1.216890811920166 - rollout_corr/training_log_ppl:0.13679029047489166 - rollout_corr/kl:0.0005540906568057835 - rollout_corr/k3_kl:0.0006497885333374143 - rollout_corr/rollout_ppl:1.2181951999664307 - rollout_corr/rollout_log_ppl:0.13786862790584564 - rollout_corr/log_ppl_diff:-0.001078340457752347 - rollout_corr/log_ppl_abs_diff:0.0015720822848379612 - rollout_corr/log_ppl_diff_max:0.011837661266326904 - rollout_corr/log_ppl_diff_min:-0.022511333227157593 - rollout_corr/ppl_ratio:0.9989316463470459 - rollout_corr/chi2_token:0.0014973878860473633 - rollout_corr/chi2_seq:0.042703866958618164 - actor/pg_clipfrac:np.float64(0.0) - actor/ppo_kl:np.float64(0.0) - actor/pg_clipfrac_lower:np.float64(0.0) - actor/pg_loss:np.float64(0.19157110154628754) - actor/loss:np.float64(0.19157110154628754) - actor/grad_norm:np.float64(0.19007031619548798) - actor/lr:np.float64(1e-06) - actor/perf/max_memory_allocated_gb:np.float64(18.28952407836914) - actor/perf/max_memory_reserved_gb:np.float64(30.51171875) - actor/perf/cpu_memory_used_gb:np.float64(32.99137878417969) - perf/mfu/actor:np.float64(0.0395166987524285) - training/global_step:115 - training/epoch:0 - critic/score/mean:0.44609373807907104 - critic/score/max:1.0583332777023315 - critic/score/min:-0.06666667014360428 - critic/rewards/mean:0.44609373807907104 - critic/rewards/max:1.0583332777023315 - critic/rewards/min:-0.06666667014360428 - critic/advantages/mean:-0.19157114624977112 - critic/advantages/max:2.4728498458862305 - critic/advantages/min:-1.258776307106018 - critic/returns/mean:-0.19157114624977112 - critic/returns/max:2.4728498458862305 - critic/returns/min:-1.258776307106018 - response_length/mean:100.21875 - response_length/max:512.0 - response_length/min:4.0 - response_length/clip_ratio:0.03125 - response_length_non_aborted/mean:100.21875 - response_length_non_aborted/max:512.0 - response_length_non_aborted/min:4.0 - response_length_non_aborted/clip_ratio:0.03125 - response/aborted_ratio:0.0 - prompt_length/mean:101.5 - prompt_length/max:132.0 - prompt_length/min:81.0 - prompt_length/clip_ratio:0.25 - timing_s/gen:4.425518483971246 - timing_s/old_log_prob:1.1699754580040462 - timing_s/adv:0.2424593839677982 - timing_s/update_actor:2.1123836130136624 - timing_s/update_weights:1.1946373489918187 - timing_s/step:9.552751835028175 - timing_per_token_ms/adv:0.03647651330943256 - timing_per_token_ms/update_actor:0.3177950373121201 - timing_per_token_ms/gen:1.339848163479033 - perf/total_num_tokens:6647 - perf/time_per_step:9.552751835028175 - perf/throughput:695.8204415639354 - training/num_turns/mean:np.float64(2.0) - training/num_turns/max:np.int64(2) - training/num_turns/min:np.int64(2) - training/off_policy/trajectory_spans/mean:np.float64(1.0) - training/off_policy/trajectory_spans/max:np.float64(1.0) - training/off_policy/trajectory_spans/min:np.float64(1.0) - training/off_policy/trajectory_staleness/mean:np.float64(0.0) - training/off_policy/trajectory_staleness/max:np.float64(0.0) - training/off_policy/trajectory_staleness/min:np.float64(0.0) - training/off_policy/trajectory_staleness_worst/mean:np.float64(0.0) - training/off_policy/trajectory_staleness_worst/max:np.float64(0.0) - training/off_policy/trajectory_staleness_worst/min:np.float64(0.0)
[36m(TaskRunnerV1 pid=997342)[0m step:116 - global_seqlen/min:5780 - global_seqlen/max:5780 - global_seqlen/minmax_diff:0 - global_seqlen/balanced_min:5780 - global_seqlen/balanced_max:5780 - global_seqlen/mean:5780.0 - actor/entropy:0.7965848445892334 - training/rollout_probs_diff_valid:1 - training/rollout_probs_diff_max:0.061764419078826904 - training/rollout_probs_diff_mean:0.0053811161778867245 - training/rollout_probs_diff_std:0.009335842914879322 - training/rollout_actor_probs_pearson_corr:0.999547004699707 - rollout_corr/training_ppl:1.2399636507034302 - rollout_corr/training_log_ppl:0.145948588848114 - rollout_corr/kl:0.0006047313218005002 - rollout_corr/k3_kl:0.0007564276456832886 - rollout_corr/rollout_ppl:1.2360363006591797 - rollout_corr/rollout_log_ppl:0.143906369805336 - rollout_corr/log_ppl_diff:0.002042233943939209 - rollout_corr/log_ppl_abs_diff:0.0031929067336022854 - rollout_corr/log_ppl_diff_max:0.040029168128967285 - rollout_corr/log_ppl_diff_min:-0.025476396083831787 - rollout_corr/ppl_ratio:1.0020760297775269 - rollout_corr/chi2_token:0.00177764892578125 - rollout_corr/chi2_seq:0.043042898178100586 - actor/pg_clipfrac:np.float64(0.0) - actor/ppo_kl:np.float64(0.0) - actor/pg_clipfrac_lower:np.float64(0.0) - actor/pg_loss:np.float64(0.21518199145793915) - actor/loss:np.float64(0.21518199145793915) - actor/grad_norm:np.float64(0.2777354121208191) - actor/lr:np.float64(1e-06) - actor/perf/max_memory_allocated_gb:np.float64(18.28952407836914) - actor/perf/max_memory_reserved_gb:np.float64(30.51171875) - actor/perf/cpu_memory_used_gb:np.float64(32.98798751831055) - perf/mfu/actor:np.float64(0.03624977737577701) - training/global_step:116 - training/epoch:0 - critic/score/mean:0.37109375 - critic/score/max:1.0666667222976685 - critic/score/min:-0.07500000298023224 - critic/rewards/mean:0.37109375 - critic/rewards/max:1.0666667222976685 - critic/rewards/min:-0.07500000298023224 - critic/advantages/mean:-0.21518197655677795 - critic/advantages/max:2.4673564434051514 - critic/advantages/min:-1.075756549835205 - critic/returns/mean:-0.21518197655677795 - critic/returns/max:2.4673564434051514 - critic/returns/min:-1.075756549835205 - response_length/mean:70.625 - response_length/max:512.0 - response_length/min:4.0 - response_length/clip_ratio:0.03125 - response_length_non_aborted/mean:70.625 - response_length_non_aborted/max:512.0 - response_length_non_aborted/min:4.0 - response_length_non_aborted/clip_ratio:0.03125 - response/aborted_ratio:0.0 - prompt_length/mean:104.0 - prompt_length/max:117.0 - prompt_length/min:81.0 - prompt_length/clip_ratio:0.25 - timing_s/gen:4.451281443994958 - timing_s/old_log_prob:1.131565879972186 - timing_s/adv:0.23919365101028234 - timing_s/update_actor:2.018586541991681 - timing_s/update_weights:1.0448325510369614 - timing_s/step:9.294266603013966 - timing_per_token_ms/adv:0.041382984603855075 - timing_per_token_ms/update_actor:0.3492364259501178 - timing_per_token_ms/gen:1.8893384736820704 - perf/total_num_tokens:5780 - perf/time_per_step:9.294266603013966 - perf/throughput:621.8887672240485 - training/num_turns/mean:np.float64(2.0) - training/num_turns/max:np.int64(2) - training/num_turns/min:np.int64(2) - training/off_policy/trajectory_spans/mean:np.float64(1.0) - training/off_policy/trajectory_spans/max:np.float64(1.0) - training/off_policy/trajectory_spans/min:np.float64(1.0) - training/off_policy/trajectory_staleness/mean:np.float64(0.0) - training/off_policy/trajectory_staleness/max:np.float64(0.0) - training/off_policy/trajectory_staleness/min:np.float64(0.0) - training/off_policy/trajectory_staleness_worst/mean:np.float64(0.0) - training/off_policy/trajectory_staleness_worst/max:np.float64(0.0) - training/off_policy/trajectory_staleness_worst/min:np.float64(0.0)[36m(TaskRunnerV1 pid=997342)[0m Training Progress:  93%|█████████▎| 116/125 [19:32<01:26,  9.62s/it]
[36m(WorkerDict pid=998593)[0m INFO:2026-07-05 14:49:03,715:update_weights done, time cost: 0.37s
[36m(TaskRunnerV1 pid=997342)[0m Training Progress:  94%|█████████▎| 117/125 [19:41<01:17,  9.70s/it]
[36m(WorkerDict pid=998593)[0m INFO:2026-07-05 14:49:13,268:update_weights done, time cost: 0.37s
[36m(TaskRunnerV1 pid=997342)[0m Training Progress:  94%|█████████▍| 118/125 [19:51<01:07,  9.67s/it]
[36m(WorkerDict pid=998593)[0m INFO:2026-07-05 14:49:22,745:update_weights done, time cost: 0.37s

[36m(TaskRunnerV1 pid=997342)[0m step:117 - global_seqlen/min:7711 - global_seqlen/max:7711 - global_seqlen/minmax_diff:0 - global_seqlen/balanced_min:7711 - global_seqlen/balanced_max:7711 - global_seqlen/mean:7711.0 - actor/entropy:0.481494277715683 - training/rollout_probs_diff_valid:1 - training/rollout_probs_diff_max:0.08151081204414368 - training/rollout_probs_diff_mean:0.004317102488130331 - training/rollout_probs_diff_std:0.008522018790245056 - training/rollout_actor_probs_pearson_corr:0.9995091557502747 - rollout_corr/training_ppl:1.121788501739502 - rollout_corr/training_log_ppl:0.08698228001594543 - rollout_corr/kl:0.0015903908060863614 - rollout_corr/k3_kl:0.00045924197183921933 - rollout_corr/rollout_ppl:1.120967149734497 - rollout_corr/rollout_log_ppl:0.08649470657110214 - rollout_corr/log_ppl_diff:0.000487573619466275 - rollout_corr/log_ppl_abs_diff:0.002294279169291258 - rollout_corr/log_ppl_diff_max:0.05096203088760376 - rollout_corr/log_ppl_diff_min:-0.028877973556518555 - rollout_corr/ppl_ratio:1.000514030456543 - rollout_corr/chi2_token:-0.0013652443885803223 - rollout_corr/chi2_seq:-0.042729735374450684 - actor/pg_clipfrac:np.float64(0.0) - actor/ppo_kl:np.float64(0.0) - actor/pg_clipfrac_lower:np.float64(0.0) - actor/pg_loss:np.float64(-0.5609298944473267) - actor/loss:np.float64(-0.5609298944473267) - actor/grad_norm:np.float64(0.17899148166179657) - actor/lr:np.float64(1e-06) - actor/perf/max_memory_allocated_gb:np.float64(18.28952407836914) - actor/perf/max_memory_reserved_gb:np.float64(30.51171875) - actor/perf/cpu_memory_used_gb:np.float64(33.015403747558594) - perf/mfu/actor:np.float64(0.04128074424445237) - training/global_step:117 - training/epoch:0 - critic/score/mean:0.4625000059604645 - critic/score/max:1.0416666269302368 - critic/score/min:-0.10000000149011612 - critic/rewards/mean:0.4625000059604645 - critic/rewards/max:1.0416666269302368 - critic/rewards/min:-0.10000000149011612 - critic/advantages/mean:0.5609298944473267 - critic/advantages/max:2.474658489227295 - critic/advantages/min:-1.6193896532058716 - critic/returns/mean:0.5609298944473267 - critic/returns/max:2.474658489227295 - critic/returns/min:-1.6193896532058716 - response_length/mean:112.96875 - response_length/max:512.0 - response_length/min:4.0 - response_length/clip_ratio:0.09375 - response_length_non_aborted/mean:112.96875 - response_length_non_aborted/max:512.0 - response_length_non_aborted/min:4.0 - response_length_non_aborted/clip_ratio:0.09375 - response/aborted_ratio:0.0 - prompt_length/mean:122.0 - prompt_length/max:148.0 - prompt_length/min:85.0 - prompt_length/clip_ratio:0.25 - timing_s/gen:4.426414130022749 - timing_s/old_log_prob:1.2380810009781271 - timing_s/adv:0.23698087001685053 - timing_s/update_actor:2.322830814984627 - timing_s/update_weights:1.0933255859999917 - timing_s/step:9.73468076903373 - timing_per_token_ms/adv:0.030732832319653812 - timing_per_token_ms/update_actor:0.3012360024620188 - timing_per_token_ms/gen:1.192782034498181 - perf/total_num_tokens:7711 - perf/time_per_step:9.73468076903373 - perf/throughput:792.1163706291109 - training/num_turns/mean:np.float64(2.0) - training/num_turns/max:np.int64(2) - training/num_turns/min:np.int64(2) - training/off_policy/trajectory_spans/mean:np.float64(1.0) - training/off_policy/trajectory_spans/max:np.float64(1.0) - training/off_policy/trajectory_spans/min:np.float64(1.0) - training/off_policy/trajectory_staleness/mean:np.float64(0.0) - training/off_policy/trajectory_staleness/max:np.float64(0.0) - training/off_policy/trajectory_staleness/min:np.float64(0.0) - training/off_policy/trajectory_staleness_worst/mean:np.float64(0.0) - training/off_policy/trajectory_staleness_worst/max:np.float64(0.0) - training/off_policy/trajectory_staleness_worst/min:np.float64(0.0)
[36m(TaskRunnerV1 pid=997342)[0m step:118 - global_seqlen/min:6355 - global_seqlen/max:6355 - global_seqlen/minmax_diff:0 - global_seqlen/balanced_min:6355 - global_seqlen/balanced_max:6355 - global_seqlen/mean:6355.0 - actor/entropy:0.7001169919967651 - training/rollout_probs_diff_valid:1 - training/rollout_probs_diff_max:0.0613330602645874 - training/rollout_probs_diff_mean:0.005159864667803049 - training/rollout_probs_diff_std:0.009285226464271545 - training/rollout_actor_probs_pearson_corr:0.9995186924934387 - rollout_corr/training_ppl:1.116554617881775 - rollout_corr/training_log_ppl:0.08271096646785736 - rollout_corr/kl:0.0020197753328830004 - rollout_corr/k3_kl:0.0006009279750287533 - rollout_corr/rollout_ppl:1.1149086952209473 - rollout_corr/rollout_log_ppl:0.08168180286884308 - rollout_corr/log_ppl_diff:0.0010291557991877198 - rollout_corr/log_ppl_abs_diff:0.002706955187022686 - rollout_corr/log_ppl_diff_max:0.04580718278884888 - rollout_corr/log_ppl_diff_min:-0.025980889797210693 - rollout_corr/ppl_ratio:1.0010613203048706 - rollout_corr/chi2_token:-0.0016542673110961914 - rollout_corr/chi2_seq:-0.027132272720336914 - actor/pg_clipfrac:np.float64(0.0) - actor/ppo_kl:np.float64(0.0) - actor/pg_clipfrac_lower:np.float64(0.0) - actor/pg_loss:np.float64(0.029504336416721344) - actor/loss:np.float64(0.029504336416721344) - actor/grad_norm:np.float64(0.35418280959129333) - actor/lr:np.float64(1e-06) - actor/perf/max_memory_allocated_gb:np.float64(18.28952407836914) - actor/perf/max_memory_reserved_gb:np.float64(30.51171875) - actor/perf/cpu_memory_used_gb:np.float64(33.00529861450195) - perf/mfu/actor:np.float64(0.03825687510961296) - training/global_step:118 - training/epoch:0 - critic/score/mean:0.44869792461395264 - critic/score/max:1.0666667222976685 - critic/score/min:-0.05000000074505806 - critic/rewards/mean:0.44869792461395264 - critic/rewards/max:1.0666667222976685 - critic/rewards/min:-0.05000000074505806 - critic/advantages/mean:-0.029504384845495224 - critic/advantages/max:2.075368881225586 - critic/advantages/min:-1.663806438446045 - critic/returns/mean:-0.029504384845495224 - critic/returns/max:2.075368881225586 - critic/returns/min:-1.663806438446045 - response_length/mean:63.34375 - response_length/max:512.0 - response_length/min:4.0 - response_length/clip_ratio:0.03125 - response_length_non_aborted/mean:63.34375 - response_length_non_aborted/max:512.0 - response_length_non_aborted/min:4.0 - response_length_non_aborted/clip_ratio:0.03125 - response/aborted_ratio:0.0 - prompt_length/mean:129.25 - prompt_length/max:147.0 - prompt_length/min:109.0 - prompt_length/clip_ratio:0.25 - timing_s/gen:4.418549645983148 - timing_s/old_log_prob:1.166842860984616 - timing_s/adv:0.2391815739683807 - timing_s/update_actor:2.09411090798676 - timing_s/update_weights:1.1153062270022929 - timing_s/step:9.44836475502234 - timing_per_token_ms/adv:0.03763675436166494 - timing_per_token_ms/update_actor:0.3295217793842266 - timing_per_token_ms/gen:2.081276328772091 - perf/total_num_tokens:6355 - perf/time_per_step:9.44836475502234 - perf/throughput:672.6031609461265 - training/num_turns/mean:np.float64(2.0) - training/num_turns/max:np.int64(2) - training/num_turns/min:np.int64(2) - training/off_policy/trajectory_spans/mean:np.float64(1.0) - training/off_policy/trajectory_spans/max:np.float64(1.0) - training/off_policy/trajectory_spans/min:np.float64(1.0) - training/off_policy/trajectory_staleness/mean:np.float64(0.0) - training/off_policy/trajectory_staleness/max:np.float64(0.0) - training/off_policy/trajectory_staleness/min:np.float64(0.0) - training/off_policy/trajectory_staleness_worst/mean:np.float64(0.0) - training/off_policy/trajectory_staleness_worst/max:np.float64(0.0) - training/off_policy/trajectory_staleness_worst/min:np.float64(0.0)
[36m(TaskRunnerV1 pid=997342)[0m step:119 - global_seqlen/min:6293 - global_seqlen/max:6293 - global_seqlen/minmax_diff:0 - global_seqlen/balanced_min:6293 - global_seqlen/balanced_max:6293 - global_seqlen/mean:6293.0 - actor/entropy:0.9435967803001404 - training/rollout_probs_diff_valid:1 - training/rollout_probs_diff_max:0.060574233531951904 - training/rollout_probs_diff_mean:0.0048767863772809505 - training/rollout_probs_diff_std:0.008465340360999107 - training/rollout_actor_probs_pearson_corr:0.9996564984321594 - rollout_corr/training_ppl:1.2062268257141113 - rollout_corr/training_log_ppl:0.10994381457567215 - rollout_corr/kl:0.000667460379190743 - rollout_corr/k3_kl:0.0006910274969413877 - rollout_corr/rollout_ppl:1.204533338546753 - rollout_corr/rollout_log_ppl:0.10880517959594727 - rollout_corr/log_ppl_diff:0.0011386302066966891 - rollout_corr/log_ppl_abs_diff:0.0028953549917787313 - rollout_corr/log_ppl_diff_max:0.04269057512283325 - rollout_corr/log_ppl_diff_min:-0.05869615077972412 - rollout_corr/ppl_ratio:1.0011827945709229 - rollout_corr/chi2_token:0.0014346837997436523 - rollout_corr/chi2_seq:0.10904955863952637 - actor/pg_clipfrac:np.float64(0.0) - actor/ppo_kl:np.float64(0.0) - actor/pg_clipfrac_lower:np.float64(0.0) - actor/pg_loss:np.float64(0.00429581431671977) - actor/loss:np.float64(0.00429581431671977) - actor/grad_norm:np.float64(0.1891501247882843) - actor/lr:np.float64(1e-06) - actor/perf/max_memory_allocated_gb:np.float64(18.28952407836914) - actor/perf/max_memory_reserved_gb:np.float64(30.51171875) - actor/perf/cpu_memory_used_gb:np.float64(33.00537109375) - perf/mfu/actor:np.float64(0.037742230452511974) - training/global_step:119 - training/epoch:0 - critic/score/mean:0.4911457896232605 - critic/score/max:1.0416666269302368 - critic/score/min:-0.05833333358168602 - critic/rewards/mean:0.4911457896232605 - critic/rewards/max:1.0416666269302368 - critic/rewards/min:-0.05833333358168602 - critic/advantages/mean:-0.004295802675187588 - critic/advantages/max:2.472382068634033 - critic/advantages/min:-2.4747819900512695 - critic/returns/mean:-0.004295802675187588 - critic/returns/max:2.472382068634033 - critic/returns/min:-2.4747819900512695 - response_length/mean:70.40625 - response_length/max:452.0 - response_length/min:4.0 - response_length/clip_ratio:0.03125 - response_length_non_aborted/mean:70.40625 - response_length_non_aborted/max:452.0 - response_length_non_aborted/min:4.0 - response_length_non_aborted/clip_ratio:0.03125 - response/aborted_ratio:0.0 - prompt_length/mean:120.25 - prompt_length/max:152.0 - prompt_length/min:99.0 - prompt_length/clip_ratio:0.25 - timing_s/gen:4.405733980005607 - timing_s/old_log_prob:1.0843571390141733 - timing_s/adv:0.24260719597805291 - timing_s/update_actor:2.0998282919754274 - timing_s/update_weights:1.048044290044345 - timing_s/step:9.287397849024273 - timing_per_token_ms/adv:0.03855191418688271 - timing_per_token_ms/update_actor:0.3336768301248097 - timing_per_token_ms/gen:1.8755785355494283 - perf/total_num_tokens:6293 - perf/time_per_step:9.287397849024273 - perf/throughput:677.5848415561456 - training/num_turns/mean:np.float64(2.0) - training/num_turns/max:np.int64(2) - training/num_turns/min:np.int64(2) - training/off_policy/trajectory_spans/mean:np.float64(1.0) - training/off_policy/trajectory_spans/max:np.float64(1.0) - training/off_policy/trajectory_spans/min:np.float64(1.0) - training/off_policy/trajectory_staleness/mean:np.float64(0.0) - training/off_policy/trajectory_staleness/max:np.float64(0.0) - training/off_policy/trajectory_staleness/min:np.float64(0.0) - training/off_policy/trajectory_staleness_worst/mean:np.float64(0.0) - training/off_policy/trajectory_staleness_worst/max:np.float64(0.0) - training/off_policy/trajectory_staleness_worst/min:np.float64(0.0)[36m(TaskRunnerV1 pid=997342)[0m Training Progress:  95%|█████████▌| 119/125 [20:00<00:57,  9.59s/it]
[36m(WorkerDict pid=998593)[0m INFO:2026-07-05 14:49:32,432:update_weights done, time cost: 0.37s
[36m(TaskRunnerV1 pid=997342)[0m Training Progress:  96%|█████████▌| 120/125 [20:10<00:48,  9.63s/it]
[36m(WorkerDict pid=998593)[0m INFO:2026-07-05 14:49:42,240:update_weights done, time cost: 0.34s
[36m(TaskRunnerV1 pid=997342)[0m Training Progress:  97%|█████████▋| 121/125 [20:20<00:38,  9.68s/it]
[36m(WorkerDict pid=998593)[0m INFO:2026-07-05 14:49:51,646:update_weights done, time cost: 0.37s

[36m(TaskRunnerV1 pid=997342)[0m step:120 - global_seqlen/min:7026 - global_seqlen/max:7026 - global_seqlen/minmax_diff:0 - global_seqlen/balanced_min:7026 - global_seqlen/balanced_max:7026 - global_seqlen/mean:7026.0 - actor/entropy:0.8458932638168335 - training/rollout_probs_diff_valid:1 - training/rollout_probs_diff_max:0.06116384267807007 - training/rollout_probs_diff_mean:0.004933379590511322 - training/rollout_probs_diff_std:0.008375236764550209 - training/rollout_actor_probs_pearson_corr:0.9996410012245178 - rollout_corr/training_ppl:1.2752132415771484 - rollout_corr/training_log_ppl:0.14861108362674713 - rollout_corr/kl:0.0018189578549936414 - rollout_corr/k3_kl:0.0006958657177165151 - rollout_corr/rollout_ppl:1.2750298976898193 - rollout_corr/rollout_log_ppl:0.14859294891357422 - rollout_corr/log_ppl_diff:1.8134014680981636e-05 - rollout_corr/log_ppl_abs_diff:0.0022233102936297655 - rollout_corr/log_ppl_diff_max:0.02509954571723938 - rollout_corr/log_ppl_diff_min:-0.037603795528411865 - rollout_corr/ppl_ratio:1.0000379085540771 - rollout_corr/chi2_token:-0.0008566379547119141 - rollout_corr/chi2_seq:-0.00863337516784668 - actor/pg_clipfrac:np.float64(0.0) - actor/ppo_kl:np.float64(0.0) - actor/pg_clipfrac_lower:np.float64(0.0) - actor/pg_loss:np.float64(0.050566934049129486) - actor/loss:np.float64(0.050566934049129486) - actor/grad_norm:np.float64(0.21005339920520782) - actor/lr:np.float64(1e-06) - actor/perf/max_memory_allocated_gb:np.float64(18.28952407836914) - actor/perf/max_memory_reserved_gb:np.float64(30.51171875) - actor/perf/cpu_memory_used_gb:np.float64(33.01811599731445) - perf/mfu/actor:np.float64(0.040127528595045404) - training/global_step:120 - training/epoch:0 - critic/score/mean:0.44895830750465393 - critic/score/max:1.0499999523162842 - critic/score/min:-0.0416666679084301 - critic/rewards/mean:0.44895830750465393 - critic/rewards/max:1.0499999523162842 - critic/rewards/min:-0.0416666679084301 - critic/advantages/mean:-0.05056693032383919 - critic/advantages/max:2.4720401763916016 - critic/advantages/min:-1.6369714736938477 - critic/returns/mean:-0.05056693032383919 - critic/returns/max:2.4720401763916016 - critic/returns/min:-1.6369714736938477 - response_length/mean:89.5625 - response_length/max:512.0 - response_length/min:4.0 - response_length/clip_ratio:0.0625 - response_length_non_aborted/mean:89.5625 - response_length_non_aborted/max:512.0 - response_length_non_aborted/min:4.0 - response_length_non_aborted/clip_ratio:0.0625 - response/aborted_ratio:0.0 - prompt_length/mean:124.0 - prompt_length/max:161.0 - prompt_length/min:93.0 - prompt_length/clip_ratio:0.25 - timing_s/gen:4.441076241026167 - timing_s/old_log_prob:1.1357242839876562 - timing_s/adv:0.23742387897800654 - timing_s/update_actor:2.1894842110341415 - timing_s/update_weights:1.1752720070071518 - timing_s/step:9.584180543024559 - timing_per_token_ms/adv:0.033792183173641695 - timing_per_token_ms/update_actor:0.31162599075350716 - timing_per_token_ms/gen:1.4993505202654176 - perf/total_num_tokens:7026 - perf/time_per_step:9.584180543024559 - perf/throughput:733.0830182569523 - training/num_turns/mean:np.float64(2.0) - training/num_turns/max:np.int64(2) - training/num_turns/min:np.int64(2) - training/off_policy/trajectory_spans/mean:np.float64(1.0) - training/off_policy/trajectory_spans/max:np.float64(1.0) - training/off_policy/trajectory_spans/min:np.float64(1.0) - training/off_policy/trajectory_staleness/mean:np.float64(0.0) - training/off_policy/trajectory_staleness/max:np.float64(0.0) - training/off_policy/trajectory_staleness/min:np.float64(0.0) - training/off_policy/trajectory_staleness_worst/mean:np.float64(0.0) - training/off_policy/trajectory_staleness_worst/max:np.float64(0.0) - training/off_policy/trajectory_staleness_worst/min:np.float64(0.0)
[36m(TaskRunnerV1 pid=997342)[0m step:121 - global_seqlen/min:7607 - global_seqlen/max:7607 - global_seqlen/minmax_diff:0 - global_seqlen/balanced_min:7607 - global_seqlen/balanced_max:7607 - global_seqlen/mean:7607.0 - actor/entropy:0.6362138986587524 - training/rollout_probs_diff_valid:1 - training/rollout_probs_diff_max:0.05957689881324768 - training/rollout_probs_diff_mean:0.00468804594129324 - training/rollout_probs_diff_std:0.008373137563467026 - training/rollout_actor_probs_pearson_corr:0.9995908737182617 - rollout_corr/training_ppl:1.2185938358306885 - rollout_corr/training_log_ppl:0.13399472832679749 - rollout_corr/kl:0.0012078165309503675 - rollout_corr/k3_kl:0.0005545131862163544 - rollout_corr/rollout_ppl:1.2170400619506836 - rollout_corr/rollout_log_ppl:0.1331523060798645 - rollout_corr/log_ppl_diff:0.0008424146217294037 - rollout_corr/log_ppl_abs_diff:0.0018629394471645355 - rollout_corr/log_ppl_diff_max:0.016809940338134766 - rollout_corr/log_ppl_diff_min:-0.019307196140289307 - rollout_corr/ppl_ratio:1.0008540153503418 - rollout_corr/chi2_token:-0.00020360946655273438 - rollout_corr/chi2_seq:0.0023946762084960938 - actor/pg_clipfrac:np.float64(0.0) - actor/ppo_kl:np.float64(0.0) - actor/pg_clipfrac_lower:np.float64(0.0) - actor/pg_loss:np.float64(-0.43205830454826355) - actor/loss:np.float64(-0.43205830454826355) - actor/grad_norm:np.float64(0.209620863199234) - actor/lr:np.float64(1e-06) - actor/perf/max_memory_allocated_gb:np.float64(18.28952407836914) - actor/perf/max_memory_reserved_gb:np.float64(30.51171875) - actor/perf/cpu_memory_used_gb:np.float64(33.02348709106445) - perf/mfu/actor:np.float64(0.040837078775521694) - training/global_step:121 - training/epoch:0 - critic/score/mean:0.3062500059604645 - critic/score/max:1.0666667222976685 - critic/score/min:-0.05833333358168602 - critic/rewards/mean:0.3062500059604645 - critic/rewards/max:1.0666667222976685 - critic/rewards/min:-0.05833333358168602 - critic/advantages/mean:0.43205830454826355 - critic/advantages/max:2.4745936393737793 - critic/advantages/min:-0.9467713832855225 - critic/returns/mean:0.43205830454826355 - critic/returns/max:2.4745936393737793 - critic/returns/min:-0.9467713832855225 - response_length/mean:112.71875 - response_length/max:512.0 - response_length/min:4.0 - response_length/clip_ratio:0.03125 - response_length_non_aborted/mean:112.71875 - response_length_non_aborted/max:512.0 - response_length_non_aborted/min:4.0 - response_length_non_aborted/clip_ratio:0.03125 - response/aborted_ratio:0.0 - prompt_length/mean:119.0 - prompt_length/max:160.0 - prompt_length/min:102.0 - prompt_length/clip_ratio:0.25 - timing_s/gen:4.439941764052492 - timing_s/old_log_prob:1.2436573219601996 - timing_s/adv:0.2444881810224615 - timing_s/update_actor:2.316455874009989 - timing_s/update_weights:0.9862420390127227 - timing_s/step:9.634667331993114 - timing_per_token_ms/adv:0.03213989496811641 - timing_per_token_ms/update_actor:0.3045163499421571 - timing_per_token_ms/gen:1.199012088591005 - perf/total_num_tokens:7607 - perf/time_per_step:9.634667331993114 - perf/throughput:789.5446451731663 - training/num_turns/mean:np.float64(2.0) - training/num_turns/max:np.int64(2) - training/num_turns/min:np.int64(2) - training/off_policy/trajectory_spans/mean:np.float64(1.0) - training/off_policy/trajectory_spans/max:np.float64(1.0) - training/off_policy/trajectory_spans/min:np.float64(1.0) - training/off_policy/trajectory_staleness/mean:np.float64(0.0) - training/off_policy/trajectory_staleness/max:np.float64(0.0) - training/off_policy/trajectory_staleness/min:np.float64(0.0) - training/off_policy/trajectory_staleness_worst/mean:np.float64(0.0) - training/off_policy/trajectory_staleness_worst/max:np.float64(0.0) - training/off_policy/trajectory_staleness_worst/min:np.float64(0.0)
[36m(TaskRunnerV1 pid=997342)[0m step:122 - global_seqlen/min:5672 - global_seqlen/max:5672 - global_seqlen/minmax_diff:0 - global_seqlen/balanced_min:5672 - global_seqlen/balanced_max:5672 - global_seqlen/mean:5672.0 - actor/entropy:0.5369769334793091 - training/rollout_probs_diff_valid:1 - training/rollout_probs_diff_max:0.09036237001419067 - training/rollout_probs_diff_mean:0.004997943062335253 - training/rollout_probs_diff_std:0.009850914590060711 - training/rollout_actor_probs_pearson_corr:0.9994018077850342 - rollout_corr/training_ppl:1.1233195066452026 - rollout_corr/training_log_ppl:0.09430491179227829 - rollout_corr/kl:0.000524859584402293 - rollout_corr/k3_kl:0.0005712634301744401 - rollout_corr/rollout_ppl:1.123134970664978 - rollout_corr/rollout_log_ppl:0.09424940496683121 - rollout_corr/log_ppl_diff:5.550379864871502e-05 - rollout_corr/log_ppl_abs_diff:0.0025521214120090008 - rollout_corr/log_ppl_diff_max:0.032182514667510986 - rollout_corr/log_ppl_diff_min:-0.04484865069389343 - rollout_corr/ppl_ratio:1.0000859498977661 - rollout_corr/chi2_token:0.0012331008911132812 - rollout_corr/chi2_seq:0.020816802978515625 - actor/pg_clipfrac:np.float64(0.0) - actor/ppo_kl:np.float64(0.0) - actor/pg_clipfrac_lower:np.float64(0.0) - actor/pg_loss:np.float64(-0.17437446117401123) - actor/loss:np.float64(-0.17437446117401123) - actor/grad_norm:np.float64(0.2641965448856354) - actor/lr:np.float64(1e-06) - actor/perf/max_memory_allocated_gb:np.float64(18.28952407836914) - actor/perf/max_memory_reserved_gb:np.float64(30.51171875) - actor/perf/cpu_memory_used_gb:np.float64(33.015403747558594) - perf/mfu/actor:np.float64(0.03549757270830767) - training/global_step:122 - training/epoch:0 - critic/score/mean:0.48750001192092896 - critic/score/max:1.0750000476837158 - critic/score/min:-0.03333333507180214 - critic/rewards/mean:0.48750001192092896 - critic/rewards/max:1.0750000476837158 - critic/rewards/min:-0.03333333507180214 - critic/advantages/mean:0.17437441647052765 - critic/advantages/max:2.469393253326416 - critic/advantages/min:-2.4748668670654297 - critic/returns/mean:0.17437441647052765 - critic/returns/max:2.469393253326416 - critic/returns/min:-2.4748668670654297 - response_length/mean:59.0 - response_length/max:510.0 - response_length/min:4.0 - response_length/clip_ratio:0.03125 - response_length_non_aborted/mean:59.0 - response_length_non_aborted/max:510.0 - response_length_non_aborted/min:4.0 - response_length_non_aborted/clip_ratio:0.03125 - response/aborted_ratio:0.0 - prompt_length/mean:112.25 - prompt_length/max:135.0 - prompt_length/min:95.0 - prompt_length/clip_ratio:0.25 - timing_s/gen:4.4252397189848125 - timing_s/old_log_prob:1.1224030039738864 - timing_s/adv:0.23830105597153306 - timing_s/update_actor:2.0262106240261346 - timing_s/update_weights:1.0945536600193009 - timing_s/step:9.30841459397925 - timing_per_token_ms/adv:0.04201358532643389 - timing_per_token_ms/update_actor:0.3572303638974144 - timing_per_token_ms/gen:2.2304635680366998 - perf/total_num_tokens:5672 - perf/time_per_step:9.30841459397925 - perf/throughput:609.3411442662524 - training/num_turns/mean:np.float64(2.0) - training/num_turns/max:np.int64(2) - training/num_turns/min:np.int64(2) - training/off_policy/trajectory_spans/mean:np.float64(1.0) - training/off_policy/trajectory_spans/max:np.float64(1.0) - training/off_policy/trajectory_spans/min:np.float64(1.0) - training/off_policy/trajectory_staleness/mean:np.float64(0.0) - training/off_policy/trajectory_staleness/max:np.float64(0.0) - training/off_policy/trajectory_staleness/min:np.float64(0.0) - training/off_policy/trajectory_staleness_worst/mean:np.float64(0.0) - training/off_policy/trajectory_staleness_worst/max:np.float64(0.0) - training/off_policy/trajectory_staleness_worst/min:np.float64(0.0)[36m(TaskRunnerV1 pid=997342)[0m Training Progress:  98%|█████████▊| 122/125 [20:29<00:28,  9.61s/it]
[36m(WorkerDict pid=998593)[0m INFO:2026-07-05 14:50:01,656:update_weights done, time cost: 0.36s
[36m(TaskRunnerV1 pid=997342)[0m Training Progress:  98%|█████████▊| 123/125 [20:39<00:19,  9.72s/it]
[36m(WorkerDict pid=998593)[0m INFO:2026-07-05 14:50:10,829:update_weights done, time cost: 0.35s
[36m(TaskRunnerV1 pid=997342)[0m Training Progress:  99%|█████████▉| 124/125 [20:49<00:09,  9.55s/it]
[36m(TaskRunnerV1 pid=997342)[0m INFO:2026-07-05 14:50:19,690:Saving checkpoint to /data2/hjk/checkpoints/verl_qwen3vl/mathverse_text_qwen25_1p5b_grpo_c_option_gain_formal_seed42/global_step_125
[36m(WorkerDict pid=998593)[0m INFO:2026-07-05 14:50:29,889:[Rank 0] Saved model to /data2/hjk/checkpoints/verl_qwen3vl/mathverse_text_qwen25_1p5b_grpo_c_option_gain_formal_seed42/global_step_125/actor/model_world_size_1_rank_0.pt
[36m(WorkerDict pid=998593)[0m INFO:2026-07-05 14:50:30,006:[Rank 0] Saved optim to /data2/hjk/checkpoints/verl_qwen3vl/mathverse_text_qwen25_1p5b_grpo_c_option_gain_formal_seed42/global_step_125/actor/optim_world_size_1_rank_0.pt
[36m(WorkerDict pid=998593)[0m INFO:2026-07-05 14:50:30,007:[Rank 0] Saved extra_state to /data2/hjk/checkpoints/verl_qwen3vl/mathverse_text_qwen25_1p5b_grpo_c_option_gain_formal_seed42/global_step_125/actor/extra_state_world_size_1_rank_0.pt
[36m(WorkerDict pid=998593)[0m INFO:2026-07-05 14:50:30,172:[Rank 0] Saved model config and tokenizer class to /data2/hjk/checkpoints/verl_qwen3vl/mathverse_text_qwen25_1p5b_grpo_c_option_gain_formal_seed42/global_step_125/actor/huggingface
[36m(WorkerDict pid=998593)[0m INFO:2026-07-05 14:50:30,173:[Rank 0] Saved LoRA rank/alpha metadata to /data2/hjk/checkpoints/verl_qwen3vl/mathverse_text_qwen25_1p5b_grpo_c_option_gain_formal_seed42/global_step_125/actor/lora_train_meta.json
[36m(WorkerDict pid=998593)[0m INFO:2026-07-05 14:50:31,057:update_weights done, time cost: 0.39s

[36m(TaskRunnerV1 pid=997342)[0m step:123 - global_seqlen/min:7957 - global_seqlen/max:7957 - global_seqlen/minmax_diff:0 - global_seqlen/balanced_min:7957 - global_seqlen/balanced_max:7957 - global_seqlen/mean:7957.0 - actor/entropy:0.6213637590408325 - training/rollout_probs_diff_valid:1 - training/rollout_probs_diff_max:0.07233086228370667 - training/rollout_probs_diff_mean:0.004797777161002159 - training/rollout_probs_diff_std:0.008500190451741219 - training/rollout_actor_probs_pearson_corr:0.9995741844177246 - rollout_corr/training_ppl:1.166452407836914 - rollout_corr/training_log_ppl:0.11989536136388779 - rollout_corr/kl:0.0011398099595680833 - rollout_corr/k3_kl:0.0005858716904185712 - rollout_corr/rollout_ppl:1.1636360883712769 - rollout_corr/rollout_log_ppl:0.11839038878679276 - rollout_corr/log_ppl_diff:0.0015049698995426297 - rollout_corr/log_ppl_abs_diff:0.0025754948146641254 - rollout_corr/log_ppl_diff_max:0.0657910704612732 - rollout_corr/log_ppl_diff_min:-0.016305774450302124 - rollout_corr/ppl_ratio:1.001539707183838 - rollout_corr/chi2_token:6.628036499023438e-05 - rollout_corr/chi2_seq:-0.016824007034301758 - actor/pg_clipfrac:np.float64(0.0) - actor/ppo_kl:np.float64(0.0) - actor/pg_clipfrac_lower:np.float64(0.0) - actor/pg_loss:np.float64(0.6182054877281189) - actor/loss:np.float64(0.6182054877281189) - actor/grad_norm:np.float64(0.16925865411758423) - actor/lr:np.float64(1e-06) - actor/perf/max_memory_allocated_gb:np.float64(18.28952407836914) - actor/perf/max_memory_reserved_gb:np.float64(30.51171875) - actor/perf/cpu_memory_used_gb:np.float64(33.03104019165039) - perf/mfu/actor:np.float64(0.04118370024146367) - training/global_step:123 - training/epoch:0 - critic/score/mean:0.48828125 - critic/score/max:1.0583332777023315 - critic/score/min:-0.03333333507180214 - critic/rewards/mean:0.48828125 - critic/rewards/max:1.0583332777023315 - critic/rewards/min:-0.03333333507180214 - critic/advantages/mean:-0.6182056069374084 - critic/advantages/max:2.4675002098083496 - critic/advantages/min:-1.6597554683685303 - critic/returns/mean:-0.6182056069374084 - critic/returns/max:2.4675002098083496 - critic/returns/min:-1.6597554683685303 - response_length/mean:110.90625 - response_length/max:512.0 - response_length/min:4.0 - response_length/clip_ratio:0.0625 - response_length_non_aborted/mean:110.90625 - response_length_non_aborted/max:512.0 - response_length_non_aborted/min:4.0 - response_length_non_aborted/clip_ratio:0.0625 - response/aborted_ratio:0.0 - prompt_length/mean:131.75 - prompt_length/max:180.0 - prompt_length/min:103.0 - prompt_length/clip_ratio:0.25 - timing_s/gen:4.438041382993106 - timing_s/old_log_prob:1.279427126981318 - timing_s/adv:0.24083353200694546 - timing_s/update_actor:2.3869587990338914 - timing_s/update_weights:1.1022993010119535 - timing_s/step:9.851581391994841 - timing_per_token_ms/adv:0.030266875959148606 - timing_per_token_ms/update_actor:0.29998225449715865 - timing_per_token_ms/gen:1.2175696523986572 - perf/total_num_tokens:7957 - perf/time_per_step:9.851581391994841 - perf/throughput:807.6875867325897 - training/num_turns/mean:np.float64(2.0) - training/num_turns/max:np.int64(2) - training/num_turns/min:np.int64(2) - training/off_policy/trajectory_spans/mean:np.float64(1.0) - training/off_policy/trajectory_spans/max:np.float64(1.0) - training/off_policy/trajectory_spans/min:np.float64(1.0) - training/off_policy/trajectory_staleness/mean:np.float64(0.0) - training/off_policy/trajectory_staleness/max:np.float64(0.0) - training/off_policy/trajectory_staleness/min:np.float64(0.0) - training/off_policy/trajectory_staleness_worst/mean:np.float64(0.0) - training/off_policy/trajectory_staleness_worst/max:np.float64(0.0) - training/off_policy/trajectory_staleness_worst/min:np.float64(0.0)
[36m(TaskRunnerV1 pid=997342)[0m step:124 - global_seqlen/min:4573 - global_seqlen/max:4573 - global_seqlen/minmax_diff:0 - global_seqlen/balanced_min:4573 - global_seqlen/balanced_max:4573 - global_seqlen/mean:4573.0 - actor/entropy:1.0167661905288696 - training/rollout_probs_diff_valid:1 - training/rollout_probs_diff_max:0.062318503856658936 - training/rollout_probs_diff_mean:0.006213711574673653 - training/rollout_probs_diff_std:0.009356632828712463 - training/rollout_actor_probs_pearson_corr:0.9995232224464417 - rollout_corr/training_ppl:1.1967778205871582 - rollout_corr/training_log_ppl:0.10961353033781052 - rollout_corr/kl:0.001107998425140977 - rollout_corr/k3_kl:0.0008612751844339073 - rollout_corr/rollout_ppl:1.1983835697174072 - rollout_corr/rollout_log_ppl:0.11096446216106415 - rollout_corr/log_ppl_diff:-0.0013509341515600681 - rollout_corr/log_ppl_abs_diff:0.0022020451724529266 - rollout_corr/log_ppl_diff_max:0.025857865810394287 - rollout_corr/log_ppl_diff_min:-0.0268172025680542 - rollout_corr/ppl_ratio:0.99866783618927 - rollout_corr/chi2_token:0.0012116432189941406 - rollout_corr/chi2_seq:-0.0005140304565429688 - actor/pg_clipfrac:np.float64(0.0) - actor/ppo_kl:np.float64(0.0) - actor/pg_clipfrac_lower:np.float64(0.0) - actor/pg_loss:np.float64(0.7615740299224854) - actor/loss:np.float64(0.7615740299224854) - actor/grad_norm:np.float64(0.4907061755657196) - actor/lr:np.float64(1e-06) - actor/perf/max_memory_allocated_gb:np.float64(18.28952407836914) - actor/perf/max_memory_reserved_gb:np.float64(30.51171875) - actor/perf/cpu_memory_used_gb:np.float64(33.01014709472656) - perf/mfu/actor:np.float64(0.031056035223823296) - training/global_step:124 - training/epoch:0 - critic/score/mean:0.653124988079071 - critic/score/max:1.0666667222976685 - critic/score/min:-0.0416666679084301 - critic/rewards/mean:0.653124988079071 - critic/rewards/max:1.0666667222976685 - critic/rewards/min:-0.0416666679084301 - critic/advantages/mean:-0.7615739107131958 - critic/advantages/max:1.620055913925171 - critic/advantages/min:-2.4748666286468506 - critic/returns/mean:-0.7615739107131958 - critic/returns/max:1.620055913925171 - critic/returns/min:-2.4748666286468506 - response_length/mean:42.40625 - response_length/max:406.0 - response_length/min:4.0 - response_length/clip_ratio:0.03125 - response_length_non_aborted/mean:42.40625 - response_length_non_aborted/max:406.0 - response_length_non_aborted/min:4.0 - response_length_non_aborted/clip_ratio:0.03125 - response/aborted_ratio:0.0 - prompt_length/mean:94.5 - prompt_length/max:119.0 - prompt_length/min:83.0 - prompt_length/clip_ratio:0.25 - timing_s/gen:4.414194673008751 - timing_s/old_log_prob:1.0637959419982508 - timing_s/adv:0.23998945904895663 - timing_s/update_actor:1.8838772400049493 - timing_s/update_weights:1.0017481000395492 - timing_s/step:9.00838501699036 - timing_per_token_ms/adv:0.05247965428579852 - timing_per_token_ms/update_actor:0.41195653619176675 - timing_per_token_ms/gen:3.0379866985607373 - perf/total_num_tokens:4573 - perf/time_per_step:9.00838501699036 - perf/throughput:507.63816059982395 - training/num_turns/mean:np.float64(2.0) - training/num_turns/max:np.int64(2) - training/num_turns/min:np.int64(2) - training/off_policy/trajectory_spans/mean:np.float64(1.0) - training/off_policy/trajectory_spans/max:np.float64(1.0) - training/off_policy/trajectory_spans/min:np.float64(1.0) - training/off_policy/trajectory_staleness/mean:np.float64(0.0) - training/off_policy/trajectory_staleness/max:np.float64(0.0) - training/off_policy/trajectory_staleness/min:np.float64(0.0) - training/off_policy/trajectory_staleness_worst/mean:np.float64(0.0) - training/off_policy/trajectory_staleness_worst/max:np.float64(0.0) - training/off_policy/trajectory_staleness_worst/min:np.float64(0.0)
[36m(TaskRunnerV1 pid=997342)[0m Dumped generations to /data2/hjk/projects/AI-HiddenState-ER/rl_audit/mathverse_text_qwen25_1p5b_grpo_c_option_gain_formal_seed42/validation_generations/125.jsonl
[36m(TaskRunnerV1 pid=997342)[0m Training Progress: 100%|██████████| 125/125 [21:19<00:00, 15.92s/it]Training Progress: 100%|██████████| 125/125 [21:19<00:00, 10.24s/it]
[36m(TaskRunnerV1 pid=997342)[0m step:125 - global_seqlen/min:7059 - global_seqlen/max:7059 - global_seqlen/minmax_diff:0 - global_seqlen/balanced_min:7059 - global_seqlen/balanced_max:7059 - global_seqlen/mean:7059.0 - actor/entropy:0.6295068860054016 - training/rollout_probs_diff_valid:1 - training/rollout_probs_diff_max:0.06209689378738403 - training/rollout_probs_diff_mean:0.005605482496321201 - training/rollout_probs_diff_std:0.009432239457964897 - training/rollout_actor_probs_pearson_corr:0.999461829662323 - rollout_corr/training_ppl:1.1636052131652832 - rollout_corr/training_log_ppl:0.11574368178844452 - rollout_corr/kl:0.0005990799982100725 - rollout_corr/k3_kl:0.0006615398451685905 - rollout_corr/rollout_ppl:1.1654412746429443 - rollout_corr/rollout_log_ppl:0.11694925278425217 - rollout_corr/log_ppl_diff:-0.0012055756524205208 - rollout_corr/log_ppl_abs_diff:0.0027960347943007946 - rollout_corr/log_ppl_diff_max:0.03461885452270508 - rollout_corr/log_ppl_diff_min:-0.05909329652786255 - rollout_corr/ppl_ratio:0.9988325238227844 - rollout_corr/chi2_token:0.0014365911483764648 - rollout_corr/chi2_seq:-0.008223533630371094 - actor/pg_clipfrac:np.float64(0.0) - actor/ppo_kl:np.float64(0.0) - actor/pg_clipfrac_lower:np.float64(0.0) - actor/pg_loss:np.float64(0.5017229914665222) - actor/loss:np.float64(0.5017229914665222) - actor/grad_norm:np.float64(0.20948320627212524) - actor/lr:np.float64(1e-06) - actor/perf/max_memory_allocated_gb:np.float64(18.28952407836914) - actor/perf/max_memory_reserved_gb:np.float64(30.51171875) - actor/perf/cpu_memory_used_gb:np.float64(33.03286361694336) - perf/mfu/actor:np.float64(0.04029089022493593) - val-aux/MathVerseTextA0Clean/reward/mean@1:np.float64(0.4516926982323639) - val-aux/MathVerseTextA0Clean/score/mean@1:np.float64(0.45169270833333336) - val-core/MathVerseTextA0Clean/acc/mean@1:np.float64(0.453125) - val-aux/MathVerseTextA0Clean/answer_reward/mean@1:np.float64(0.453125) - val-aux/MathVerseTextA0Clean/parsed_answer/mean@1:np.float64(1.0) - val-aux/MathVerseTextA0Clean/option_logit_gain/mean@1:np.float64(-0.007161458333333334) - val-aux/MathVerseTextA0Clean/option_bonus/mean@1:np.float64(-0.0014322916666666674) - val-aux/MathVerseTextA0Clean/option_margin_start/mean@1:np.float64(-0.16015625) - val-aux/MathVerseTextA0Clean/option_margin_end/mean@1:np.float64(-0.1474609375) - val-aux/MathVerseTextA0Clean/option_margin_delta/mean@1:np.float64(0.0126953125) - val-aux/MathVerseTextA0Clean/option_probe_count/mean@1:np.float64(4.0) - val-aux/MathVerseTextA0Clean/option_probe_failed/mean@1:np.float64(0.0) - val-aux/num_turns/min:np.int64(2) - val-aux/num_turns/max:np.int64(2) - val-aux/num_turns/mean:np.float64(2.0) - training/global_step:125 - training/epoch:0 - critic/score/mean:0.391145795583725 - critic/score/max:1.0416666269302368 - critic/score/min:-0.0416666679084301 - critic/rewards/mean:0.391145795583725 - critic/rewards/max:1.0416666269302368 - critic/rewards/min:-0.0416666679084301 - critic/advantages/mean:-0.501723051071167 - critic/advantages/max:1.619665265083313 - critic/advantages/min:-1.6201817989349365 - critic/returns/mean:-0.501723051071167 - critic/returns/max:1.619665265083313 - critic/returns/min:-1.6201817989349365 - response_length/mean:93.59375 - response_length/max:512.0 - response_length/min:4.0 - response_length/clip_ratio:0.03125 - response_length_non_aborted/mean:93.59375 - response_length_non_aborted/max:512.0 - response_length_non_aborted/min:4.0 - response_length_non_aborted/clip_ratio:0.03125 - response/aborted_ratio:0.0 - prompt_length/mean:121.0 - prompt_length/max:142.0 - prompt_length/min:96.0 - prompt_length/clip_ratio:0.25 - timing_s/gen:4.4485781990224496 - timing_s/old_log_prob:1.2049834639765322 - timing_s/adv:0.24152476503513753 - timing_s/update_actor:2.2164700090070255 - timing_s/save_checkpoint:10.497164180967957 - timing_s/update_weights:1.1026173209538683 - timing_s/step:20.114183652040083 - timing_s/testing:10.541334508976433 - timing_per_token_ms/adv:0.03421515300115279 - timing_per_token_ms/update_actor:0.3139920681409584 - timing_per_token_ms/gen:1.4392035584026042 - perf/total_num_tokens:7059 - perf/time_per_step:20.114183652040083 - perf/throughput:350.9463830158496 - training/num_turns/mean:np.float64(2.0) - training/num_turns/max:np.int64(2) - training/num_turns/min:np.int64(2) - training/off_policy/trajectory_spans/mean:np.float64(1.0) - training/off_policy/trajectory_spans/max:np.float64(1.0) - training/off_policy/trajectory_spans/min:np.float64(1.0) - training/off_policy/trajectory_staleness/mean:np.float64(0.0) - training/off_policy/trajectory_staleness/max:np.float64(0.0) - training/off_policy/trajectory_staleness/min:np.float64(0.0) - training/off_policy/trajectory_staleness_worst/mean:np.float64(0.0) - training/off_policy/trajectory_staleness_worst/max:np.float64(0.0) - training/off_policy/trajectory_staleness_worst/min:np.float64(0.0)
[36m(TaskRunnerV1 pid=997342)[0m ("Final validation metrics: {'val-aux/MathVerseTextA0Clean/reward/mean@1': "
[36m(TaskRunnerV1 pid=997342)[0m  "np.float64(0.4516926982323639), 'val-aux/MathVerseTextA0Clean/score/mean@1': "
[36m(TaskRunnerV1 pid=997342)[0m  "np.float64(0.45169270833333336), 'val-core/MathVerseTextA0Clean/acc/mean@1': "
[36m(TaskRunnerV1 pid=997342)[0m  "np.float64(0.453125), 'val-aux/MathVerseTextA0Clean/answer_reward/mean@1': "
[36m(TaskRunnerV1 pid=997342)[0m  "np.float64(0.453125), 'val-aux/MathVerseTextA0Clean/parsed_answer/mean@1': "
[36m(TaskRunnerV1 pid=997342)[0m  "np.float64(1.0), 'val-aux/MathVerseTextA0Clean/option_logit_gain/mean@1': "
[36m(TaskRunnerV1 pid=997342)[0m  'np.float64(-0.007161458333333334), '
[36m(TaskRunnerV1 pid=997342)[0m  "'val-aux/MathVerseTextA0Clean/option_bonus/mean@1': "
[36m(TaskRunnerV1 pid=997342)[0m  'np.float64(-0.0014322916666666674), '
[36m(TaskRunnerV1 pid=997342)[0m  "'val-aux/MathVerseTextA0Clean/option_margin_start/mean@1': "
[36m(TaskRunnerV1 pid=997342)[0m  'np.float64(-0.16015625), '
[36m(TaskRunnerV1 pid=997342)[0m  "'val-aux/MathVerseTextA0Clean/option_margin_end/mean@1': "
[36m(TaskRunnerV1 pid=997342)[0m  'np.float64(-0.1474609375), '
[36m(TaskRunnerV1 pid=997342)[0m  "'val-aux/MathVerseTextA0Clean/option_margin_delta/mean@1': "
[36m(TaskRunnerV1 pid=997342)[0m  'np.float64(0.0126953125), '
[36m(TaskRunnerV1 pid=997342)[0m  "'val-aux/MathVerseTextA0Clean/option_probe_count/mean@1': np.float64(4.0), "
[36m(TaskRunnerV1 pid=997342)[0m  "'val-aux/MathVerseTextA0Clean/option_probe_failed/mean@1': np.float64(0.0), "
[36m(TaskRunnerV1 pid=997342)[0m  "'val-aux/num_turns/min': np.int64(2), 'val-aux/num_turns/max': np.int64(2), "
[36m(TaskRunnerV1 pid=997342)[0m  "'val-aux/num_turns/mean': np.float64(2.0)}")
+ status=0
+ echo C_OPTION_GAIN_SMOKE_EXIT_CODE=0
C_OPTION_GAIN_SMOKE_EXIT_CODE=0
+ df -h / /data2
Filesystem      Size  Used Avail Use% Mounted on
/dev/sda3       434G   99G  313G  25% /
/dev/nvme1n1p1  7.0T  150G  6.5T   3% /data2
+ exit 0
