+ PROJECT_ROOT=/data2/hjk/projects/AI-HiddenState-ER
+ VERL_ROOT=/data2/hjk/projects/verl
+ ENV_ROOT=/data2/hjk/envs/verl_qwen3vl_py311
+ MODEL_PATH=/data2/hjk/models/huggingface/hub/models--Qwen--Qwen3-VL-8B-Thinking/snapshots/92f3c4b4feadd3a016ef468d103bb5f58b2a2c6b
+ TRAIN_FILE=/data2/hjk/projects/AI-HiddenState-ER/rl_data/mathverse_verl_smoke16/mathverse_grpo_train.parquet
+ TEST_FILE=/data2/hjk/projects/AI-HiddenState-ER/rl_data/mathverse_verl_smoke16/mathverse_grpo_val.parquet
+ REWARD_PATH=/data2/hjk/projects/AI-HiddenState-ER/scripts/mathverse_answer_reward.py
+ MAX_RESPONSE_LENGTH=1024
+ MAX_PROMPT_LENGTH=2048
+ ROLLOUT_N=2
+ TRAIN_BATCH_SIZE=1
+ TOTAL_STEPS=2
+ ROLLOUT_GPU_MEM_UTIL=0.50
+ PPO_MAX_TOKEN_LEN_PER_GPU=65536
+ PPO_MINI_BATCH_SIZE=2
+ LORA_RANK=8
+ LORA_ALPHA=16
+ RUN_NAME=qwen3vl8b_answer_resource_smoke_len1024_n2
+ CKPT_DIR=/data2/hjk/checkpoints/verl_qwen3vl/qwen3vl8b_answer_resource_smoke_len1024_n2
+ LOG_DIR=/data2/hjk/projects/AI-HiddenState-ER/logs
+ '[' -f /data2/hjk/envs/verl_qwen3vl_py311/bin/activate ']'
+ export CONDA_PREFIX=/data2/hjk/envs/verl_qwen3vl_py311
+ CONDA_PREFIX=/data2/hjk/envs/verl_qwen3vl_py311
++ basename /data2/hjk/envs/verl_qwen3vl_py311
+ export CONDA_DEFAULT_ENV=verl_qwen3vl_py311
+ CONDA_DEFAULT_ENV=verl_qwen3vl_py311
+ export PATH=/data2/hjk/envs/verl_qwen3vl_py311/bin:/usr/local/sbin:/usr/local/bin:/usr/sbin:/usr/bin:/sbin:/bin:/usr/games:/usr/local/games:/snap/bin
+ PATH=/data2/hjk/envs/verl_qwen3vl_py311/bin:/usr/local/sbin:/usr/local/bin:/usr/sbin:/usr/bin:/sbin:/bin:/usr/games:/usr/local/games:/snap/bin
+ export HF_HOME=/data2/hjk/cache/huggingface
+ HF_HOME=/data2/hjk/cache/huggingface
+ export HUGGINGFACE_HUB_CACHE=/data2/hjk/cache/huggingface/hub
+ HUGGINGFACE_HUB_CACHE=/data2/hjk/cache/huggingface/hub
+ export TRANSFORMERS_CACHE=/data2/hjk/cache/huggingface
+ TRANSFORMERS_CACHE=/data2/hjk/cache/huggingface
+ export HF_DATASETS_CACHE=/data2/hjk/cache/huggingface/datasets
+ HF_DATASETS_CACHE=/data2/hjk/cache/huggingface/datasets
+ export TORCH_HOME=/data2/hjk/cache/torch
+ TORCH_HOME=/data2/hjk/cache/torch
+ export PIP_CACHE_DIR=/data2/hjk/cache/pip
+ PIP_CACHE_DIR=/data2/hjk/cache/pip
+ export TMPDIR=/data2/hjk/tmp
+ TMPDIR=/data2/hjk/tmp
+ export RAY_TMPDIR=/data2/hjk/cache/ray
+ RAY_TMPDIR=/data2/hjk/cache/ray
+ export WANDB_DIR=/data2/hjk/checkpoints/wandb
+ WANDB_DIR=/data2/hjk/checkpoints/wandb
+ export TOKENIZERS_PARALLELISM=false
+ TOKENIZERS_PARALLELISM=false
+ export RAY_DEDUP_LOGS=0
+ RAY_DEDUP_LOGS=0
+ mkdir -p /data2/hjk/cache/huggingface /data2/hjk/cache/pip /data2/hjk/tmp /data2/hjk/cache/ray /data2/hjk/checkpoints/wandb /data2/hjk/checkpoints/verl_qwen3vl/qwen3vl8b_answer_resource_smoke_len1024_n2 /data2/hjk/projects/AI-HiddenState-ER/logs
+ python --version
Python 3.11.15
+ df -h / /data2
Filesystem      Size  Used Avail Use% Mounted on
/dev/sda3       434G   99G  313G  25% /
/dev/nvme1n1p1  7.0T  150G  6.5T   3% /data2
+ free -h
               total        used        free      shared  buff/cache   available
Mem:           125Gi       2.1Gi        54Gi       5.0Mi        69Gi       122Gi
Swap:          8.0Gi        94Mi       7.9Gi
+ nvidia-smi
Mon Jul  6 00:12:03 2026       
+-----------------------------------------------------------------------------------------+
| NVIDIA-SMI 580.95.05              Driver Version: 580.95.05      CUDA Version: 13.0     |
+-----------------------------------------+------------------------+----------------------+
| GPU  Name                 Persistence-M | Bus-Id          Disp.A | Volatile Uncorr. ECC |
| Fan  Temp   Perf          Pwr:Usage/Cap |           Memory-Usage | GPU-Util  Compute M. |
|                                         |                        |               MIG M. |
|=========================================+========================+======================|
|   0  NVIDIA H200                    Off |   00000000:C0:00.0 Off |                    0 |
| N/A   42C    P0            203W /  700W |       0MiB / 143771MiB |      2%      Default |
|                                         |                        |             Disabled |
+-----------------------------------------+------------------------+----------------------+

+-----------------------------------------------------------------------------------------+
| Processes:                                                                              |
|  GPU   GI   CI              PID   Type   Process name                        GPU Memory |
|        ID   ID                                                               Usage      |
|=========================================================================================|
|  No running processes found                                                             |
+-----------------------------------------------------------------------------------------+
+ ls -lh /data2/hjk/projects/AI-HiddenState-ER/rl_data/mathverse_verl_smoke16/mathverse_grpo_train.parquet /data2/hjk/projects/AI-HiddenState-ER/rl_data/mathverse_verl_smoke16/mathverse_grpo_val.parquet /data2/hjk/projects/AI-HiddenState-ER/scripts/mathverse_answer_reward.py
-rw-rw-r-- 1 hjk hjk  11K Jul  4 16:08 /data2/hjk/projects/AI-HiddenState-ER/rl_data/mathverse_verl_smoke16/mathverse_grpo_train.parquet
-rw-rw-r-- 1 hjk hjk  11K Jul  4 16:08 /data2/hjk/projects/AI-HiddenState-ER/rl_data/mathverse_verl_smoke16/mathverse_grpo_val.parquet
-rw-rw-r-- 1 hjk hjk 2.7K Jul  4 16:06 /data2/hjk/projects/AI-HiddenState-ER/scripts/mathverse_answer_reward.py
+ cd /data2/hjk/projects/verl
+ MAX_MODEL_LEN=3072
+ DEVICE=gpu
+ MODEL_PATH=/data2/hjk/models/huggingface/hub/models--Qwen--Qwen3-VL-8B-Thinking/snapshots/92f3c4b4feadd3a016ef468d103bb5f58b2a2c6b
+ TRAIN_FILE=/data2/hjk/projects/AI-HiddenState-ER/rl_data/mathverse_verl_smoke16/mathverse_grpo_train.parquet
+ TEST_FILE=/data2/hjk/projects/AI-HiddenState-ER/rl_data/mathverse_verl_smoke16/mathverse_grpo_val.parquet
+ NDEVICES_PER_NODE=1
+ NNODES=1
+ TRAIN_BATCH_SIZE=1
+ PPO_MINI_BATCH_SIZE=2
+ MAX_PROMPT_LENGTH=2048
+ MAX_RESPONSE_LENGTH=1024
+ PPO_MAX_TOKEN_LEN_PER_GPU=65536
+ ROLLOUT_TP=1
+ ROLLOUT_N=2
+ ROLLOUT_GPU_MEM_UTIL=0.50
+ TOTAL_EPOCHS=1
+ SAVE_FREQ=-1
+ TEST_FREQ=-1
+ PROJECT_NAME=qwen3vl_resource_smoke
+ EXPERIMENT_NAME=qwen3vl8b_answer_resource_smoke_len1024_n2
+ bash examples/grpo_trainer/run_qwen3_vl_8b_fsdp.sh 'trainer.logger=["console"]' trainer.total_training_steps=2 trainer.val_before_train=False trainer.default_local_dir=/data2/hjk/checkpoints/verl_qwen3vl/qwen3vl8b_answer_resource_smoke_len1024_n2 reward.num_workers=1 reward.custom_reward_function.path=/data2/hjk/projects/AI-HiddenState-ER/scripts/mathverse_answer_reward.py reward.custom_reward_function.name=compute_score actor_rollout_ref.model.use_fused_kernels=False +actor_rollout_ref.model.override_config.attn_implementation=sdpa actor_rollout_ref.model.lora_rank=8 actor_rollout_ref.model.lora_alpha=16 actor_rollout_ref.model.lora.merge=True 'actor_rollout_ref.model.target_modules=["q_proj","k_proj","v_proj","o_proj","gate_proj","up_proj","down_proj"]' algorithm.use_kl_in_reward=False actor_rollout_ref.actor.use_kl_loss=False actor_rollout_ref.actor.fsdp_config.param_offload=False actor_rollout_ref.actor.fsdp_config.optimizer_offload=False actor_rollout_ref.ref.fsdp_config.param_offload=True actor_rollout_ref.rollout.gpu_memory_utilization=0.50 actor_rollout_ref.rollout.max_model_len=3072 actor_rollout_ref.rollout.max_num_seqs=4 actor_rollout_ref.rollout.enable_chunked_prefill=False data.filter_overlong_prompts=True data.truncation=error
+ DEVICE=gpu
+ MODEL_PATH=/data2/hjk/models/huggingface/hub/models--Qwen--Qwen3-VL-8B-Thinking/snapshots/92f3c4b4feadd3a016ef468d103bb5f58b2a2c6b
+ NNODES=1
+ NDEVICES_PER_NODE=1
+ TRAIN_BATCH_SIZE=1
+ PPO_MINI_BATCH_SIZE=2
+ MAX_PROMPT_LENGTH=2048
+ MAX_RESPONSE_LENGTH=1024
+ PPO_MAX_TOKEN_LEN_PER_GPU=65536
+ ACTOR_LR=1e-6
+ KL_LOSS_COEF=0.01
+ ENTROPY_COEFF=0
+ ROLLOUT_TP=1
+ ROLLOUT_GPU_MEM_UTIL=0.50
+ ROLLOUT_N=2
+ SP_SIZE=1
+ TOTAL_EPOCHS=1
+ SAVE_FREQ=-1
+ TEST_FREQ=-1
+ PROJECT_NAME=qwen3vl_resource_smoke
+ EXPERIMENT_NAME=qwen3vl8b_answer_resource_smoke_len1024_n2
+ TRAIN_FILE=/data2/hjk/projects/AI-HiddenState-ER/rl_data/mathverse_verl_smoke16/mathverse_grpo_train.parquet
+ TEST_FILE=/data2/hjk/projects/AI-HiddenState-ER/rl_data/mathverse_verl_smoke16/mathverse_grpo_val.parquet
+ n_devices_per_node=1
+ case "${DEVICE}" in
+ rollout_gpu_mem_util=0.50
+ DATA=(algorithm.adv_estimator=grpo algorithm.use_kl_in_reward=False data.train_files=${TRAIN_FILE} data.val_files=${TEST_FILE} data.image_key=images data.train_batch_size=${TRAIN_BATCH_SIZE} data.max_prompt_length=${MAX_PROMPT_LENGTH} data.max_response_length=${MAX_RESPONSE_LENGTH} data.filter_overlong_prompts=True data.truncation='error')
+ MODEL=(actor_rollout_ref.model.path="$MODEL_PATH" actor_rollout_ref.model.use_remove_padding=True actor_rollout_ref.model.enable_gradient_checkpointing=True)
+ ACTOR=(actor_rollout_ref.actor.strategy=fsdp2 actor_rollout_ref.actor.optim.lr=${ACTOR_LR} actor_rollout_ref.actor.ppo_mini_batch_size=${PPO_MINI_BATCH_SIZE} actor_rollout_ref.actor.use_dynamic_bsz=True actor_rollout_ref.actor.ppo_max_token_len_per_gpu=${PPO_MAX_TOKEN_LEN_PER_GPU} actor_rollout_ref.actor.use_kl_loss=True actor_rollout_ref.actor.kl_loss_coef=${KL_LOSS_COEF} actor_rollout_ref.actor.kl_loss_type=low_var_kl actor_rollout_ref.actor.entropy_coeff=${ENTROPY_COEFF})
+ ROLLOUT=(actor_rollout_ref.rollout.name=vllm actor_rollout_ref.rollout.tensor_model_parallel_size=${ROLLOUT_TP} actor_rollout_ref.rollout.gpu_memory_utilization=${rollout_gpu_mem_util} actor_rollout_ref.rollout.enable_chunked_prefill=False actor_rollout_ref.rollout.n=${ROLLOUT_N} actor_rollout_ref.rollout.log_prob_use_dynamic_bsz=True actor_rollout_ref.rollout.log_prob_max_token_len_per_gpu=${PPO_MAX_TOKEN_LEN_PER_GPU})
+ REF=(actor_rollout_ref.ref.log_prob_use_dynamic_bsz=True actor_rollout_ref.ref.log_prob_max_token_len_per_gpu=${PPO_MAX_TOKEN_LEN_PER_GPU} actor_rollout_ref.ref.fsdp_config.param_offload=True)
+ TRAINER=(trainer.balance_batch=True trainer.logger='["console","wandb"]' trainer.project_name=${PROJECT_NAME} trainer.experiment_name=${EXPERIMENT_NAME} trainer.n_gpus_per_node=${n_devices_per_node} trainer.nnodes=${NNODES} trainer.save_freq=${SAVE_FREQ} trainer.test_freq=${TEST_FREQ} trainer.total_epochs=${TOTAL_EPOCHS})
+ '[' gpu = npu ']'
+ EXTRA=(actor_rollout_ref.model.use_fused_kernels=True actor_rollout_ref.actor.fsdp_config.param_offload=False actor_rollout_ref.actor.fsdp_config.optimizer_offload=False actor_rollout_ref.rollout.enforce_eager=False actor_rollout_ref.rollout.free_cache_engine=True)
+ python3 -m verl.trainer.main_ppo algorithm.adv_estimator=grpo algorithm.use_kl_in_reward=False data.train_files=/data2/hjk/projects/AI-HiddenState-ER/rl_data/mathverse_verl_smoke16/mathverse_grpo_train.parquet data.val_files=/data2/hjk/projects/AI-HiddenState-ER/rl_data/mathverse_verl_smoke16/mathverse_grpo_val.parquet data.image_key=images data.train_batch_size=1 data.max_prompt_length=2048 data.max_response_length=1024 data.filter_overlong_prompts=True data.truncation=error actor_rollout_ref.model.path=/data2/hjk/models/huggingface/hub/models--Qwen--Qwen3-VL-8B-Thinking/snapshots/92f3c4b4feadd3a016ef468d103bb5f58b2a2c6b actor_rollout_ref.model.use_remove_padding=True actor_rollout_ref.model.enable_gradient_checkpointing=True actor_rollout_ref.actor.strategy=fsdp2 actor_rollout_ref.actor.optim.lr=1e-6 actor_rollout_ref.actor.ppo_mini_batch_size=2 actor_rollout_ref.actor.use_dynamic_bsz=True actor_rollout_ref.actor.ppo_max_token_len_per_gpu=65536 actor_rollout_ref.actor.use_kl_loss=True actor_rollout_ref.actor.kl_loss_coef=0.01 actor_rollout_ref.actor.kl_loss_type=low_var_kl actor_rollout_ref.actor.entropy_coeff=0 actor_rollout_ref.rollout.name=vllm actor_rollout_ref.rollout.tensor_model_parallel_size=1 actor_rollout_ref.rollout.gpu_memory_utilization=0.50 actor_rollout_ref.rollout.enable_chunked_prefill=False actor_rollout_ref.rollout.n=2 actor_rollout_ref.rollout.log_prob_use_dynamic_bsz=True actor_rollout_ref.rollout.log_prob_max_token_len_per_gpu=65536 actor_rollout_ref.ref.log_prob_use_dynamic_bsz=True actor_rollout_ref.ref.log_prob_max_token_len_per_gpu=65536 actor_rollout_ref.ref.fsdp_config.param_offload=True trainer.balance_batch=True 'trainer.logger=["console","wandb"]' trainer.project_name=qwen3vl_resource_smoke trainer.experiment_name=qwen3vl8b_answer_resource_smoke_len1024_n2 trainer.n_gpus_per_node=1 trainer.nnodes=1 trainer.save_freq=-1 trainer.test_freq=-1 trainer.total_epochs=1 actor_rollout_ref.model.use_fused_kernels=True actor_rollout_ref.actor.fsdp_config.param_offload=False actor_rollout_ref.actor.fsdp_config.optimizer_offload=False actor_rollout_ref.rollout.enforce_eager=False actor_rollout_ref.rollout.free_cache_engine=True 'trainer.logger=["console"]' trainer.total_training_steps=2 trainer.val_before_train=False trainer.default_local_dir=/data2/hjk/checkpoints/verl_qwen3vl/qwen3vl8b_answer_resource_smoke_len1024_n2 reward.num_workers=1 reward.custom_reward_function.path=/data2/hjk/projects/AI-HiddenState-ER/scripts/mathverse_answer_reward.py reward.custom_reward_function.name=compute_score actor_rollout_ref.model.use_fused_kernels=False +actor_rollout_ref.model.override_config.attn_implementation=sdpa actor_rollout_ref.model.lora_rank=8 actor_rollout_ref.model.lora_alpha=16 actor_rollout_ref.model.lora.merge=True 'actor_rollout_ref.model.target_modules=["q_proj","k_proj","v_proj","o_proj","gate_proj","up_proj","down_proj"]' algorithm.use_kl_in_reward=False actor_rollout_ref.actor.use_kl_loss=False actor_rollout_ref.actor.fsdp_config.param_offload=False actor_rollout_ref.actor.fsdp_config.optimizer_offload=False actor_rollout_ref.ref.fsdp_config.param_offload=True actor_rollout_ref.rollout.gpu_memory_utilization=0.50 actor_rollout_ref.rollout.max_model_len=3072 actor_rollout_ref.rollout.max_num_seqs=4 actor_rollout_ref.rollout.enable_chunked_prefill=False data.filter_overlong_prompts=True data.truncation=error
/data2/hjk/envs/verl_qwen3vl_py311/lib/python3.11/site-packages/transformers/utils/hub.py:110: FutureWarning: Using `TRANSFORMERS_CACHE` is deprecated and will be removed in v5 of Transformers. Use `HF_HOME` instead.
  warnings.warn(
/data2/hjk/projects/verl/verl/trainer/main_ppo.py:167: UserWarning: Disabled critic as algorithm.adv_estimator != gae. If it is not intended, please set critic.enable=True
  use_critic=need_critic(config),
2026-07-06 00:12:16,905	INFO worker.py:2015 -- Started a local Ray instance. View the dashboard at [1m[32mhttp://127.0.0.1:8265 [39m[22m
[36m(pid=1104909)[0m /data2/hjk/envs/verl_qwen3vl_py311/lib/python3.11/site-packages/transformers/utils/hub.py:110: FutureWarning: Using `TRANSFORMERS_CACHE` is deprecated and will be removed in v5 of Transformers. Use `HF_HOME` instead.
[36m(pid=1104909)[0m   warnings.warn(
[36m(TaskRunnerV1 pid=1104909)[0m /data2/hjk/projects/verl/verl/workers/engine/mindspeed/transformer_impl.py:24: UserWarning: NPU not support router replay for now.
[36m(TaskRunnerV1 pid=1104909)[0m   from verl.utils.megatron.router_replay_patch import RouterReplay
[validate_config] All configuration checks passed successfully!
ray init kwargs: {'num_cpus': None, 'runtime_env': {'env_vars': {'NCCL_DEBUG': 'WARN', 'VLLM_LOGGING_LEVEL': 'WARN', 'VLLM_ALLOW_RUNTIME_LORA_UPDATING': 'true', 'CUDA_DEVICE_MAX_CONNECTIONS': '1', 'VLLM_DISABLE_COMPILE_CACHE': '1', 'HCCL_HOST_SOCKET_PORT_RANGE': 'auto', 'HCCL_NPU_SOCKET_PORT_RANGE': 'auto', 'HSA_NO_SCRATCH_RECLAIM': '1', 'PYTHONHASHSEED': '0', 'VERL_FULL_DETERMINISM': '0', 'VLLM_BATCH_INVARIANT': '0'}, 'working_dir': None}}
[36m(TaskRunnerV1 pid=1104909)[0m {'actor_rollout_ref': {'actor': {'_target_': 'verl.workers.config.FSDPActorConfig',
[36m(TaskRunnerV1 pid=1104909)[0m                                  'calculate_entropy': False,
[36m(TaskRunnerV1 pid=1104909)[0m                                  'calculate_sum_pi_squared': False,
[36m(TaskRunnerV1 pid=1104909)[0m                                  'checkpoint': {'_target_': 'verl.trainer.config.CheckpointConfig',
[36m(TaskRunnerV1 pid=1104909)[0m                                                 'async_save': False,
[36m(TaskRunnerV1 pid=1104909)[0m                                                 'load_contents': ['model',
[36m(TaskRunnerV1 pid=1104909)[0m                                                                   'optimizer',
[36m(TaskRunnerV1 pid=1104909)[0m                                                                   'extra'],
[36m(TaskRunnerV1 pid=1104909)[0m                                                 'save_contents': ['model',
[36m(TaskRunnerV1 pid=1104909)[0m                                                                   'optimizer',
[36m(TaskRunnerV1 pid=1104909)[0m                                                                   'extra'],
[36m(TaskRunnerV1 pid=1104909)[0m                                                 'strict': True},
[36m(TaskRunnerV1 pid=1104909)[0m                                  'clip_ratio': 0.2,
[36m(TaskRunnerV1 pid=1104909)[0m                                  'clip_ratio_c': 3.0,
[36m(TaskRunnerV1 pid=1104909)[0m                                  'clip_ratio_high': 0.2,
[36m(TaskRunnerV1 pid=1104909)[0m                                  'clip_ratio_low': 0.2,
[36m(TaskRunnerV1 pid=1104909)[0m                                  'data_loader_seed': 42,
[36m(TaskRunnerV1 pid=1104909)[0m                                  'entropy_checkpointing': False,
[36m(TaskRunnerV1 pid=1104909)[0m                                  'entropy_coeff': 0,
[36m(TaskRunnerV1 pid=1104909)[0m                                  'entropy_from_logits_chunk_size': 2048,
[36m(TaskRunnerV1 pid=1104909)[0m                                  'entropy_from_logits_with_chunking': False,
[36m(TaskRunnerV1 pid=1104909)[0m                                  'freeze_vision_tower': False,
[36m(TaskRunnerV1 pid=1104909)[0m                                  'fsdp_config': {'_target_': 'verl.workers.config.FSDPEngineConfig',
[36m(TaskRunnerV1 pid=1104909)[0m                                                  'dtype': 'bfloat16',
[36m(TaskRunnerV1 pid=1104909)[0m                                                  'entropy_checkpointing': False,
[36m(TaskRunnerV1 pid=1104909)[0m                                                  'entropy_from_logits_chunk_size': 2048,
[36m(TaskRunnerV1 pid=1104909)[0m                                                  'entropy_from_logits_with_chunking': False,
[36m(TaskRunnerV1 pid=1104909)[0m                                                  'forward_only': False,
[36m(TaskRunnerV1 pid=1104909)[0m                                                  'forward_prefetch': False,
[36m(TaskRunnerV1 pid=1104909)[0m                                                  'fsdp_size': -1,
[36m(TaskRunnerV1 pid=1104909)[0m                                                  'full_determinism': False,
[36m(TaskRunnerV1 pid=1104909)[0m                                                  'model_dtype': 'fp32',
[36m(TaskRunnerV1 pid=1104909)[0m                                                  'offload_policy': False,
[36m(TaskRunnerV1 pid=1104909)[0m                                                  'optimizer_offload': False,
[36m(TaskRunnerV1 pid=1104909)[0m                                                  'param_offload': False,
[36m(TaskRunnerV1 pid=1104909)[0m                                                  'qat': {'_target_': 'verl.workers.config.QATEngineConfig',
[36m(TaskRunnerV1 pid=1104909)[0m                                                          'activation_observer': 'static_minmax',
[36m(TaskRunnerV1 pid=1104909)[0m                                                          'enable': False,
[36m(TaskRunnerV1 pid=1104909)[0m                                                          'group_size': 16,
[36m(TaskRunnerV1 pid=1104909)[0m                                                          'ignore_patterns': ['lm_head',
[36m(TaskRunnerV1 pid=1104909)[0m                                                                              'embed_tokens',
[36m(TaskRunnerV1 pid=1104909)[0m                                                                              're:.*mlp.gate$'],
[36m(TaskRunnerV1 pid=1104909)[0m                                                          'mode': 'w4a16',
[36m(TaskRunnerV1 pid=1104909)[0m                                                          'quantization_config_path': None},
[36m(TaskRunnerV1 pid=1104909)[0m                                                  'reshard_after_forward': True,
[36m(TaskRunnerV1 pid=1104909)[0m                                                  'seed': 42,
[36m(TaskRunnerV1 pid=1104909)[0m                                                  'strategy': 'fsdp',
[36m(TaskRunnerV1 pid=1104909)[0m                                                  'ulysses_sequence_parallel_size': 1,
[36m(TaskRunnerV1 pid=1104909)[0m                                                  'use_orig_params': False,
[36m(TaskRunnerV1 pid=1104909)[0m                                                  'use_torch_compile': True,
[36m(TaskRunnerV1 pid=1104909)[0m                                                  'wrap_policy': {'min_num_params': 0}},
[36m(TaskRunnerV1 pid=1104909)[0m                                  'grad_clip': 1.0,
[36m(TaskRunnerV1 pid=1104909)[0m                                  'kl_loss_coef': 0.01,
[36m(TaskRunnerV1 pid=1104909)[0m                                  'kl_loss_type': 'low_var_kl',
[36m(TaskRunnerV1 pid=1104909)[0m                                  'loss_agg_mode': 'token-mean',
[36m(TaskRunnerV1 pid=1104909)[0m                                  'loss_scale_factor': None,
[36m(TaskRunnerV1 pid=1104909)[0m                                  'optim': {'_target_': 'verl.workers.config.FSDPOptimizerConfig',
[36m(TaskRunnerV1 pid=1104909)[0m                                            'betas': [0.9, 0.999],
[36m(TaskRunnerV1 pid=1104909)[0m                                            'clip_grad': 1.0,
[36m(TaskRunnerV1 pid=1104909)[0m                                            'lr': 1e-06,
[36m(TaskRunnerV1 pid=1104909)[0m                                            'lr_scheduler_type': 'constant',
[36m(TaskRunnerV1 pid=1104909)[0m                                            'lr_warmup_steps': -1,
[36m(TaskRunnerV1 pid=1104909)[0m                                            'lr_warmup_steps_ratio': 0.0,
[36m(TaskRunnerV1 pid=1104909)[0m                                            'min_lr_ratio': 0.0,
[36m(TaskRunnerV1 pid=1104909)[0m                                            'num_cycles': 0.5,
[36m(TaskRunnerV1 pid=1104909)[0m                                            'optimizer': 'AdamW',
[36m(TaskRunnerV1 pid=1104909)[0m                                            'optimizer_impl': 'torch.optim',
[36m(TaskRunnerV1 pid=1104909)[0m                                            'override_optimizer_config': None,
[36m(TaskRunnerV1 pid=1104909)[0m                                            'total_training_steps': -1,
[36m(TaskRunnerV1 pid=1104909)[0m                                            'warmup_style': None,
[36m(TaskRunnerV1 pid=1104909)[0m                                            'weight_decay': 0.01,
[36m(TaskRunnerV1 pid=1104909)[0m                                            'zero_indexed_step': True},
[36m(TaskRunnerV1 pid=1104909)[0m                                  'policy_loss': {'_target_': 'verl.workers.config.PolicyLossConfig',
[36m(TaskRunnerV1 pid=1104909)[0m                                                  'clip_cov_lb': 1.0,
[36m(TaskRunnerV1 pid=1104909)[0m                                                  'clip_cov_ratio': 0.0002,
[36m(TaskRunnerV1 pid=1104909)[0m                                                  'clip_cov_ub': 5.0,
[36m(TaskRunnerV1 pid=1104909)[0m                                                  'kl_cov_ratio': 0.0002,
[36m(TaskRunnerV1 pid=1104909)[0m                                                  'loss_mode': 'vanilla',
[36m(TaskRunnerV1 pid=1104909)[0m                                                  'ppo_kl_coef': 0.1},
[36m(TaskRunnerV1 pid=1104909)[0m                                  'ppo_epochs': 1,
[36m(TaskRunnerV1 pid=1104909)[0m                                  'ppo_max_token_len_per_gpu': 65536,
[36m(TaskRunnerV1 pid=1104909)[0m                                  'ppo_micro_batch_size': None,
[36m(TaskRunnerV1 pid=1104909)[0m                                  'ppo_micro_batch_size_per_gpu': None,
[36m(TaskRunnerV1 pid=1104909)[0m                                  'ppo_mini_batch_size': 2,
[36m(TaskRunnerV1 pid=1104909)[0m                                  'profiler': {'_target_': 'verl.utils.profiler.ProfilerConfig',
[36m(TaskRunnerV1 pid=1104909)[0m                                               'all_ranks': False,
[36m(TaskRunnerV1 pid=1104909)[0m                                               'enable': False,
[36m(TaskRunnerV1 pid=1104909)[0m                                               'ranks': [],
[36m(TaskRunnerV1 pid=1104909)[0m                                               'save_path': 'outputs/profile',
[36m(TaskRunnerV1 pid=1104909)[0m                                               'tool': None,
[36m(TaskRunnerV1 pid=1104909)[0m                                               'tool_config': {'npu': {'_target_': 'verl.utils.profiler.config.NPUToolConfig',
[36m(TaskRunnerV1 pid=1104909)[0m                                                                       'analysis': True,
[36m(TaskRunnerV1 pid=1104909)[0m                                                                       'contents': [],
[36m(TaskRunnerV1 pid=1104909)[0m                                                                       'discrete': False,
[36m(TaskRunnerV1 pid=1104909)[0m                                                                       'level': 'level0'},
[36m(TaskRunnerV1 pid=1104909)[0m                                                               'nsys': {'_target_': 'verl.utils.profiler.config.NsightToolConfig',
[36m(TaskRunnerV1 pid=1104909)[0m                                                                        'discrete': False},
[36m(TaskRunnerV1 pid=1104909)[0m                                                               'precision_debugger': {'_target_': 'verl.utils.profiler.config.PrecisionDebuggerToolConfig',
[36m(TaskRunnerV1 pid=1104909)[0m                                                                                      'config_path': None,
[36m(TaskRunnerV1 pid=1104909)[0m                                                                                      'stages': None,
[36m(TaskRunnerV1 pid=1104909)[0m                                                                                      'steps': None,
[36m(TaskRunnerV1 pid=1104909)[0m                                                                                      'strict': False},
[36m(TaskRunnerV1 pid=1104909)[0m                                                               'torch': {'_target_': 'verl.utils.profiler.config.TorchProfilerToolConfig',
[36m(TaskRunnerV1 pid=1104909)[0m                                                                         'contents': [],
[36m(TaskRunnerV1 pid=1104909)[0m                                                                         'discrete': False},
[36m(TaskRunnerV1 pid=1104909)[0m                                                               'torch_memory': {'_target_': 'verl.utils.profiler.config.TorchMemoryToolConfig',
[36m(TaskRunnerV1 pid=1104909)[0m                                                                                'stack_depth': 32,
[36m(TaskRunnerV1 pid=1104909)[0m                                                                                'trace_alloc_max_entries': 100000}}},
[36m(TaskRunnerV1 pid=1104909)[0m                                  'qat': {'activation_observer': 'static_minmax',
[36m(TaskRunnerV1 pid=1104909)[0m                                          'enable': False,
[36m(TaskRunnerV1 pid=1104909)[0m                                          'group_size': 16,
[36m(TaskRunnerV1 pid=1104909)[0m                                          'ignore_patterns': ['lm_head',
[36m(TaskRunnerV1 pid=1104909)[0m                                                              'embed_tokens',
[36m(TaskRunnerV1 pid=1104909)[0m                                                              're:.*mlp.gate$'],
[36m(TaskRunnerV1 pid=1104909)[0m                                          'mode': 'w4a16',
[36m(TaskRunnerV1 pid=1104909)[0m                                          'quantization_config_path': None},
[36m(TaskRunnerV1 pid=1104909)[0m                                  'rollout_n': 2,
[36m(TaskRunnerV1 pid=1104909)[0m                                  'router_replay': {'_target_': 'verl.workers.config.RouterReplayConfig',
[36m(TaskRunnerV1 pid=1104909)[0m                                                    'mode': 'disabled',
[36m(TaskRunnerV1 pid=1104909)[0m                                                    'record_file': None,
[36m(TaskRunnerV1 pid=1104909)[0m                                                    'replay_file': None},
[36m(TaskRunnerV1 pid=1104909)[0m                                  'shuffle': False,
[36m(TaskRunnerV1 pid=1104909)[0m                                  'strategy': 'fsdp2',
[36m(TaskRunnerV1 pid=1104909)[0m                                  'tau_neg': 1.05,
[36m(TaskRunnerV1 pid=1104909)[0m                                  'tau_pos': 1.0,
[36m(TaskRunnerV1 pid=1104909)[0m                                  'ulysses_sequence_parallel_size': 1,
[36m(TaskRunnerV1 pid=1104909)[0m                                  'use_dynamic_bsz': True,
[36m(TaskRunnerV1 pid=1104909)[0m                                  'use_fused_kernels': False,
[36m(TaskRunnerV1 pid=1104909)[0m                                  'use_kl_loss': False,
[36m(TaskRunnerV1 pid=1104909)[0m                                  'use_prefix_grouper': False,
[36m(TaskRunnerV1 pid=1104909)[0m                                  'use_remove_padding': True,
[36m(TaskRunnerV1 pid=1104909)[0m                                  'use_torch_compile': True},
[36m(TaskRunnerV1 pid=1104909)[0m                        'hybrid_engine': True,
[36m(TaskRunnerV1 pid=1104909)[0m                        'model': {'_target_': 'verl.workers.config.HFModelConfig',
[36m(TaskRunnerV1 pid=1104909)[0m                                  'custom_chat_template': None,
[36m(TaskRunnerV1 pid=1104909)[0m                                  'enable_activation_offload': False,
[36m(TaskRunnerV1 pid=1104909)[0m                                  'enable_gradient_checkpointing': True,
[36m(TaskRunnerV1 pid=1104909)[0m                                  'exclude_modules': None,
[36m(TaskRunnerV1 pid=1104909)[0m                                  'external_lib': None,
[36m(TaskRunnerV1 pid=1104909)[0m                                  'fused_kernel_options': {'impl_backend': 'torch'},
[36m(TaskRunnerV1 pid=1104909)[0m                                  'hf_config_path': None,
[36m(TaskRunnerV1 pid=1104909)[0m                                  'lora': {'a2a_experimental': False,
[36m(TaskRunnerV1 pid=1104909)[0m                                           'adapter_path': None,
[36m(TaskRunnerV1 pid=1104909)[0m                                           'alpha': 32,
[36m(TaskRunnerV1 pid=1104909)[0m                                           'dropout': 0.0,
[36m(TaskRunnerV1 pid=1104909)[0m                                           'dropout_position': 'pre',
[36m(TaskRunnerV1 pid=1104909)[0m                                           'dtype': None,
[36m(TaskRunnerV1 pid=1104909)[0m                                           'exclude_modules': [],
[36m(TaskRunnerV1 pid=1104909)[0m                                           'freeze_language_model': True,
[36m(TaskRunnerV1 pid=1104909)[0m                                           'freeze_vision_model': True,
[36m(TaskRunnerV1 pid=1104909)[0m                                           'freeze_vision_projection': True,
[36m(TaskRunnerV1 pid=1104909)[0m                                           'lora_A_init_method': 'xavier',
[36m(TaskRunnerV1 pid=1104909)[0m                                           'lora_B_init_method': 'zero',
[36m(TaskRunnerV1 pid=1104909)[0m                                           'merge': True,
[36m(TaskRunnerV1 pid=1104909)[0m                                           'rank': 0,
[36m(TaskRunnerV1 pid=1104909)[0m                                           'target_modules': ['linear_qkv',
[36m(TaskRunnerV1 pid=1104909)[0m                                                              'linear_proj',
[36m(TaskRunnerV1 pid=1104909)[0m                                                              'linear_fc1',
[36m(TaskRunnerV1 pid=1104909)[0m                                                              'linear_fc2'],
[36m(TaskRunnerV1 pid=1104909)[0m                                           'type': 'lora'},
[36m(TaskRunnerV1 pid=1104909)[0m                                  'lora_adapter_path': None,
[36m(TaskRunnerV1 pid=1104909)[0m                                  'lora_alpha': 16,
[36m(TaskRunnerV1 pid=1104909)[0m                                  'lora_rank': 8,
[36m(TaskRunnerV1 pid=1104909)[0m                                  'mtp': {'_target_': 'verl.workers.config.MtpConfig',
[36m(TaskRunnerV1 pid=1104909)[0m                                          'detach_encoder': False,
[36m(TaskRunnerV1 pid=1104909)[0m                                          'enable': False,
[36m(TaskRunnerV1 pid=1104909)[0m                                          'enable_rollout': False,
[36m(TaskRunnerV1 pid=1104909)[0m                                          'enable_train': False,
[36m(TaskRunnerV1 pid=1104909)[0m                                          'method': 'mtp',
[36m(TaskRunnerV1 pid=1104909)[0m                                          'mtp_loss_scaling_factor': 0.1,
[36m(TaskRunnerV1 pid=1104909)[0m                                          'num_speculative_tokens': 1,
[36m(TaskRunnerV1 pid=1104909)[0m                                          'speculative_algorithm': 'EAGLE',
[36m(TaskRunnerV1 pid=1104909)[0m                                          'speculative_eagle_topk': 1,
[36m(TaskRunnerV1 pid=1104909)[0m                                          'speculative_num_draft_tokens': 4,
[36m(TaskRunnerV1 pid=1104909)[0m                                          'speculative_num_steps': 3},
[36m(TaskRunnerV1 pid=1104909)[0m                                  'override_config': {'attn_implementation': 'sdpa'},
[36m(TaskRunnerV1 pid=1104909)[0m                                  'path': '/data2/hjk/models/huggingface/hub/models--Qwen--Qwen3-VL-8B-Thinking/snapshots/92f3c4b4feadd3a016ef468d103bb5f58b2a2c6b',
[36m(TaskRunnerV1 pid=1104909)[0m                                  'target_modules': ['q_proj',
[36m(TaskRunnerV1 pid=1104909)[0m                                                     'k_proj',
[36m(TaskRunnerV1 pid=1104909)[0m                                                     'v_proj',
[36m(TaskRunnerV1 pid=1104909)[0m                                                     'o_proj',
[36m(TaskRunnerV1 pid=1104909)[0m                                                     'gate_proj',
[36m(TaskRunnerV1 pid=1104909)[0m                                                     'up_proj',
[36m(TaskRunnerV1 pid=1104909)[0m                                                     'down_proj'],
[36m(TaskRunnerV1 pid=1104909)[0m                                  'tiled_mlp': {'enabled': False,
[36m(TaskRunnerV1 pid=1104909)[0m                                                'num_shards': 4},
[36m(TaskRunnerV1 pid=1104909)[0m                                  'tokenizer_path': None,
[36m(TaskRunnerV1 pid=1104909)[0m                                  'trust_remote_code': False,
[36m(TaskRunnerV1 pid=1104909)[0m                                  'use_fused_kernels': False,
[36m(TaskRunnerV1 pid=1104909)[0m                                  'use_liger': False,
[36m(TaskRunnerV1 pid=1104909)[0m                                  'use_remove_padding': True,
[36m(TaskRunnerV1 pid=1104909)[0m                                  'use_shm': False},
[36m(TaskRunnerV1 pid=1104909)[0m                        'nccl_timeout': 600,
[36m(TaskRunnerV1 pid=1104909)[0m                        'ref': {'_target_': 'verl.workers.config.FSDPActorConfig',
[36m(TaskRunnerV1 pid=1104909)[0m                                'entropy_checkpointing': False,
[36m(TaskRunnerV1 pid=1104909)[0m                                'entropy_from_logits_chunk_size': 2048,
[36m(TaskRunnerV1 pid=1104909)[0m                                'entropy_from_logits_with_chunking': False,
[36m(TaskRunnerV1 pid=1104909)[0m                                'fsdp_config': {'_target_': 'verl.workers.config.FSDPEngineConfig',
[36m(TaskRunnerV1 pid=1104909)[0m                                                'dtype': 'bfloat16',
[36m(TaskRunnerV1 pid=1104909)[0m                                                'entropy_checkpointing': False,
[36m(TaskRunnerV1 pid=1104909)[0m                                                'entropy_from_logits_chunk_size': 2048,
[36m(TaskRunnerV1 pid=1104909)[0m                                                'entropy_from_logits_with_chunking': False,
[36m(TaskRunnerV1 pid=1104909)[0m                                                'forward_only': True,
[36m(TaskRunnerV1 pid=1104909)[0m                                                'forward_prefetch': False,
[36m(TaskRunnerV1 pid=1104909)[0m                                                'fsdp_size': -1,
[36m(TaskRunnerV1 pid=1104909)[0m                                                'full_determinism': False,
[36m(TaskRunnerV1 pid=1104909)[0m                                                'model_dtype': 'fp32',
[36m(TaskRunnerV1 pid=1104909)[0m                                                'offload_policy': False,
[36m(TaskRunnerV1 pid=1104909)[0m                                                'optimizer_offload': False,
[36m(TaskRunnerV1 pid=1104909)[0m                                                'param_offload': True,
[36m(TaskRunnerV1 pid=1104909)[0m                                                'qat': {'_target_': 'verl.workers.config.QATEngineConfig',
[36m(TaskRunnerV1 pid=1104909)[0m                                                        'activation_observer': 'static_minmax',
[36m(TaskRunnerV1 pid=1104909)[0m                                                        'enable': False,
[36m(TaskRunnerV1 pid=1104909)[0m                                                        'group_size': 16,
[36m(TaskRunnerV1 pid=1104909)[0m                                                        'ignore_patterns': ['lm_head',
[36m(TaskRunnerV1 pid=1104909)[0m                                                                            'embed_tokens',
[36m(TaskRunnerV1 pid=1104909)[0m                                                                            're:.*mlp.gate$'],
[36m(TaskRunnerV1 pid=1104909)[0m                                                        'mode': 'w4a16',
[36m(TaskRunnerV1 pid=1104909)[0m                                                        'quantization_config_path': None},
[36m(TaskRunnerV1 pid=1104909)[0m                                                'reshard_after_forward': True,
[36m(TaskRunnerV1 pid=1104909)[0m                                                'seed': 42,
[36m(TaskRunnerV1 pid=1104909)[0m                                                'strategy': 'fsdp',
[36m(TaskRunnerV1 pid=1104909)[0m                                                'ulysses_sequence_parallel_size': 1,
[36m(TaskRunnerV1 pid=1104909)[0m                                                'use_orig_params': False,
[36m(TaskRunnerV1 pid=1104909)[0m                                                'use_torch_compile': True,
[36m(TaskRunnerV1 pid=1104909)[0m                                                'wrap_policy': {'min_num_params': 0}},
[36m(TaskRunnerV1 pid=1104909)[0m                                'log_prob_max_token_len_per_gpu': 65536,
[36m(TaskRunnerV1 pid=1104909)[0m                                'log_prob_micro_batch_size': None,
[36m(TaskRunnerV1 pid=1104909)[0m                                'log_prob_micro_batch_size_per_gpu': None,
[36m(TaskRunnerV1 pid=1104909)[0m                                'log_prob_use_dynamic_bsz': True,
[36m(TaskRunnerV1 pid=1104909)[0m                                'profiler': {'_target_': 'verl.utils.profiler.ProfilerConfig',
[36m(TaskRunnerV1 pid=1104909)[0m                                             'all_ranks': False,
[36m(TaskRunnerV1 pid=1104909)[0m                                             'enable': False,
[36m(TaskRunnerV1 pid=1104909)[0m                                             'ranks': [],
[36m(TaskRunnerV1 pid=1104909)[0m                                             'save_path': 'outputs/profile',
[36m(TaskRunnerV1 pid=1104909)[0m                                             'tool': None,
[36m(TaskRunnerV1 pid=1104909)[0m                                             'tool_config': {'npu': {'_target_': 'verl.utils.profiler.config.NPUToolConfig',
[36m(TaskRunnerV1 pid=1104909)[0m                                                                     'analysis': True,
[36m(TaskRunnerV1 pid=1104909)[0m                                                                     'contents': [],
[36m(TaskRunnerV1 pid=1104909)[0m                                                                     'discrete': False,
[36m(TaskRunnerV1 pid=1104909)[0m                                                                     'level': 'level0'},
[36m(TaskRunnerV1 pid=1104909)[0m                                                             'nsys': {'_target_': 'verl.utils.profiler.config.NsightToolConfig',
[36m(TaskRunnerV1 pid=1104909)[0m                                                                      'discrete': False},
[36m(TaskRunnerV1 pid=1104909)[0m                                                             'precision_debugger': {'_target_': 'verl.utils.profiler.config.PrecisionDebuggerToolConfig',
[36m(TaskRunnerV1 pid=1104909)[0m                                                                                    'config_path': None,
[36m(TaskRunnerV1 pid=1104909)[0m                                                                                    'stages': None,
[36m(TaskRunnerV1 pid=1104909)[0m                                                                                    'steps': None,
[36m(TaskRunnerV1 pid=1104909)[0m                                                                                    'strict': False},
[36m(TaskRunnerV1 pid=1104909)[0m                                                             'torch': {'_target_': 'verl.utils.profiler.config.TorchProfilerToolConfig',
[36m(TaskRunnerV1 pid=1104909)[0m                                                                       'contents': [],
[36m(TaskRunnerV1 pid=1104909)[0m                                                                       'discrete': False},
[36m(TaskRunnerV1 pid=1104909)[0m                                                             'torch_memory': {'_target_': 'verl.utils.profiler.config.TorchMemoryToolConfig',
[36m(TaskRunnerV1 pid=1104909)[0m                                                                              'stack_depth': 32,
[36m(TaskRunnerV1 pid=1104909)[0m                                                                              'trace_alloc_max_entries': 100000}}},
[36m(TaskRunnerV1 pid=1104909)[0m                                'rollout_n': 2,
[36m(TaskRunnerV1 pid=1104909)[0m                                'router_replay': {'_target_': 'verl.workers.config.RouterReplayConfig',
[36m(TaskRunnerV1 pid=1104909)[0m                                                  'mode': 'disabled',
[36m(TaskRunnerV1 pid=1104909)[0m                                                  'record_file': None,
[36m(TaskRunnerV1 pid=1104909)[0m                                                  'replay_file': None},
[36m(TaskRunnerV1 pid=1104909)[0m                                'strategy': 'fsdp2',
[36m(TaskRunnerV1 pid=1104909)[0m                                'ulysses_sequence_parallel_size': 1,
[36m(TaskRunnerV1 pid=1104909)[0m                                'use_torch_compile': True},
[36m(TaskRunnerV1 pid=1104909)[0m                        'rollout': {'_target_': 'verl.workers.config.RolloutConfig',
[36m(TaskRunnerV1 pid=1104909)[0m                                    'agent': {'_target_': 'verl.workers.config.AgentLoopConfig',
[36m(TaskRunnerV1 pid=1104909)[0m                                              'agent_loop_config_path': None,
[36m(TaskRunnerV1 pid=1104909)[0m                                              'custom_async_server': {'_target_': 'verl.workers.config.CustomAsyncServerConfig',
[36m(TaskRunnerV1 pid=1104909)[0m                                                                      'name': None,
[36m(TaskRunnerV1 pid=1104909)[0m                                                                      'path': None},
[36m(TaskRunnerV1 pid=1104909)[0m                                              'default_agent_loop': 'single_turn_agent',
[36m(TaskRunnerV1 pid=1104909)[0m                                              'num_workers': 8},
[36m(TaskRunnerV1 pid=1104909)[0m                                    'calculate_log_probs': True,
[36m(TaskRunnerV1 pid=1104909)[0m                                    'checkpoint_engine': {'_target_': 'verl.workers.config.CheckpointEngineConfig',
[36m(TaskRunnerV1 pid=1104909)[0m                                                          'backend': 'naive',
[36m(TaskRunnerV1 pid=1104909)[0m                                                          'custom_backend_module': None,
[36m(TaskRunnerV1 pid=1104909)[0m                                                          'engine_kwargs': {},
[36m(TaskRunnerV1 pid=1104909)[0m                                                          'update_weights_bucket_megabytes': 2048},
[36m(TaskRunnerV1 pid=1104909)[0m                                    'cudagraph_capture_sizes': None,
[36m(TaskRunnerV1 pid=1104909)[0m                                    'data_parallel_size': 1,
[36m(TaskRunnerV1 pid=1104909)[0m                                    'disable_log_stats': True,
[36m(TaskRunnerV1 pid=1104909)[0m                                    'disaggregation': {'bootstrap_port': None,
[36m(TaskRunnerV1 pid=1104909)[0m                                                       'decode_replicas': 1,
[36m(TaskRunnerV1 pid=1104909)[0m                                                       'decode_tensor_model_parallel_size': None,
[36m(TaskRunnerV1 pid=1104909)[0m                                                       'enabled': False,
[36m(TaskRunnerV1 pid=1104909)[0m                                                       'ib_device': None,
[36m(TaskRunnerV1 pid=1104909)[0m                                                       'prefill_replicas': 1,
[36m(TaskRunnerV1 pid=1104909)[0m                                                       'transfer_backend': 'nixl'},
[36m(TaskRunnerV1 pid=1104909)[0m                                    'do_sample': True,
[36m(TaskRunnerV1 pid=1104909)[0m                                    'dtype': 'bfloat16',
[36m(TaskRunnerV1 pid=1104909)[0m                                    'enable_chunked_prefill': False,
[36m(TaskRunnerV1 pid=1104909)[0m                                    'enable_prefix_caching': True,
[36m(TaskRunnerV1 pid=1104909)[0m                                    'enable_rollout_routing_replay': False,
[36m(TaskRunnerV1 pid=1104909)[0m                                    'enforce_eager': False,
[36m(TaskRunnerV1 pid=1104909)[0m                                    'engine_kwargs': {'sglang': {},
[36m(TaskRunnerV1 pid=1104909)[0m                                                      'trtllm': {},
[36m(TaskRunnerV1 pid=1104909)[0m                                                      'vllm': {}},
[36m(TaskRunnerV1 pid=1104909)[0m                                    'expert_parallel_size': 1,
[36m(TaskRunnerV1 pid=1104909)[0m                                    'free_cache_engine': True,
[36m(TaskRunnerV1 pid=1104909)[0m                                    'full_determinism': False,
[36m(TaskRunnerV1 pid=1104909)[0m                                    'gpu_memory_utilization': 0.5,
[36m(TaskRunnerV1 pid=1104909)[0m                                    'ignore_eos': False,
[36m(TaskRunnerV1 pid=1104909)[0m                                    'layered_summon': False,
[36m(TaskRunnerV1 pid=1104909)[0m                                    'load_format': 'dummy',
[36m(TaskRunnerV1 pid=1104909)[0m                                    'log_prob_max_token_len_per_gpu': 65536,
[36m(TaskRunnerV1 pid=1104909)[0m                                    'log_prob_micro_batch_size': None,
[36m(TaskRunnerV1 pid=1104909)[0m                                    'log_prob_micro_batch_size_per_gpu': None,
[36m(TaskRunnerV1 pid=1104909)[0m                                    'log_prob_use_dynamic_bsz': True,
[36m(TaskRunnerV1 pid=1104909)[0m                                    'logprobs_mode': 'processed_logprobs',
[36m(TaskRunnerV1 pid=1104909)[0m                                    'max_model_len': 3072,
[36m(TaskRunnerV1 pid=1104909)[0m                                    'max_num_batched_tokens': 8192,
[36m(TaskRunnerV1 pid=1104909)[0m                                    'max_num_seqs': 4,
[36m(TaskRunnerV1 pid=1104909)[0m                                    'mode': 'async',
[36m(TaskRunnerV1 pid=1104909)[0m                                    'moe_load_balance_metrics_interval': 0,
[36m(TaskRunnerV1 pid=1104909)[0m                                    'mtp': {'_target_': 'verl.workers.config.MtpConfig',
[36m(TaskRunnerV1 pid=1104909)[0m                                            'detach_encoder': False,
[36m(TaskRunnerV1 pid=1104909)[0m                                            'enable': False,
[36m(TaskRunnerV1 pid=1104909)[0m                                            'enable_rollout': False,
[36m(TaskRunnerV1 pid=1104909)[0m                                            'enable_train': False,
[36m(TaskRunnerV1 pid=1104909)[0m                                            'method': 'mtp',
[36m(TaskRunnerV1 pid=1104909)[0m                                            'mtp_loss_scaling_factor': 0.1,
[36m(TaskRunnerV1 pid=1104909)[0m                                            'num_speculative_tokens': 1,
[36m(TaskRunnerV1 pid=1104909)[0m                                            'speculative_algorithm': 'EAGLE',
[36m(TaskRunnerV1 pid=1104909)[0m                                            'speculative_eagle_topk': 1,
[36m(TaskRunnerV1 pid=1104909)[0m                                            'speculative_num_draft_tokens': 4,
[36m(TaskRunnerV1 pid=1104909)[0m                                            'speculative_num_steps': 3},
[36m(TaskRunnerV1 pid=1104909)[0m                                    'multi_stage_wake_up': False,
[36m(TaskRunnerV1 pid=1104909)[0m                                    'multi_turn': {'_target_': 'verl.workers.config.MultiTurnConfig',
[36m(TaskRunnerV1 pid=1104909)[0m                                                   'enable': False,
[36m(TaskRunnerV1 pid=1104909)[0m                                                   'format': 'hermes',
[36m(TaskRunnerV1 pid=1104909)[0m                                                   'function_tool_path': None,
[36m(TaskRunnerV1 pid=1104909)[0m                                                   'max_assistant_turns': None,
[36m(TaskRunnerV1 pid=1104909)[0m                                                   'max_parallel_calls': 1,
[36m(TaskRunnerV1 pid=1104909)[0m                                                   'max_tool_response_length': 256,
[36m(TaskRunnerV1 pid=1104909)[0m                                                   'max_user_turns': None,
[36m(TaskRunnerV1 pid=1104909)[0m                                                   'num_repeat_rollouts': None,
[36m(TaskRunnerV1 pid=1104909)[0m                                                   'tokenization_sanity_check_mode': 'strict',
[36m(TaskRunnerV1 pid=1104909)[0m                                                   'tool_config_path': None,
[36m(TaskRunnerV1 pid=1104909)[0m                                                   'tool_response_truncate_side': 'middle',
[36m(TaskRunnerV1 pid=1104909)[0m                                                   'use_inference_chat_template': False},
[36m(TaskRunnerV1 pid=1104909)[0m                                    'n': 2,
[36m(TaskRunnerV1 pid=1104909)[0m                                    'n_gpus_per_node': 1,
[36m(TaskRunnerV1 pid=1104909)[0m                                    'name': 'vllm',
[36m(TaskRunnerV1 pid=1104909)[0m                                    'nnodes': 0,
[36m(TaskRunnerV1 pid=1104909)[0m                                    'over_sample_rate': 0,
[36m(TaskRunnerV1 pid=1104909)[0m                                    'pipeline_model_parallel_size': 1,
[36m(TaskRunnerV1 pid=1104909)[0m                                    'profiler': {'_target_': 'verl.utils.profiler.ProfilerConfig',
[36m(TaskRunnerV1 pid=1104909)[0m                                                 'all_ranks': False,
[36m(TaskRunnerV1 pid=1104909)[0m                                                 'enable': False,
[36m(TaskRunnerV1 pid=1104909)[0m                                                 'ranks': [],
[36m(TaskRunnerV1 pid=1104909)[0m                                                 'save_path': 'outputs/profile',
[36m(TaskRunnerV1 pid=1104909)[0m                                                 'tool': None,
[36m(TaskRunnerV1 pid=1104909)[0m                                                 'tool_config': {'npu': {'_target_': 'verl.utils.profiler.config.NPUToolConfig',
[36m(TaskRunnerV1 pid=1104909)[0m                                                                         'analysis': True,
[36m(TaskRunnerV1 pid=1104909)[0m                                                                         'contents': [],
[36m(TaskRunnerV1 pid=1104909)[0m                                                                         'discrete': False,
[36m(TaskRunnerV1 pid=1104909)[0m                                                                         'level': 'level0',
[36m(TaskRunnerV1 pid=1104909)[0m                                                                         'profile_token_end': None,
[36m(TaskRunnerV1 pid=1104909)[0m                                                                         'profile_token_start': None},
[36m(TaskRunnerV1 pid=1104909)[0m                                                                 'precision_debugger': {'_target_': 'verl.utils.profiler.config.PrecisionDebuggerToolConfig',
[36m(TaskRunnerV1 pid=1104909)[0m                                                                                        'config_path': None,
[36m(TaskRunnerV1 pid=1104909)[0m                                                                                        'stages': None,
[36m(TaskRunnerV1 pid=1104909)[0m                                                                                        'steps': None,
[36m(TaskRunnerV1 pid=1104909)[0m                                                                                        'strict': False},
[36m(TaskRunnerV1 pid=1104909)[0m                                                                 'torch': {'_target_': 'verl.utils.profiler.config.TorchProfilerToolConfig',
[36m(TaskRunnerV1 pid=1104909)[0m                                                                           'contents': [],
[36m(TaskRunnerV1 pid=1104909)[0m                                                                           'discrete': False,
[36m(TaskRunnerV1 pid=1104909)[0m                                                                           'profile_token_end': None,
[36m(TaskRunnerV1 pid=1104909)[0m                                                                           'profile_token_start': None}}},
[36m(TaskRunnerV1 pid=1104909)[0m                                    'prometheus': {'_target_': 'verl.workers.config.PrometheusConfig',
[36m(TaskRunnerV1 pid=1104909)[0m                                                   'enable': False,
[36m(TaskRunnerV1 pid=1104909)[0m                                                   'file': '/tmp/ray/session_latest/metrics/prometheus/prometheus.yml',
[36m(TaskRunnerV1 pid=1104909)[0m                                                   'port': 9090,
[36m(TaskRunnerV1 pid=1104909)[0m                                                   'served_model_name': '/data2/hjk/models/huggingface/hub/models--Qwen--Qwen3-VL-8B-Thinking/snapshots/92f3c4b4feadd3a016ef468d103bb5f58b2a2c6b'},
[36m(TaskRunnerV1 pid=1104909)[0m                                    'prompt_length': 2048,
[36m(TaskRunnerV1 pid=1104909)[0m                                    'qat': {'_target_': 'verl.workers.config.QATEngineConfig',
[36m(TaskRunnerV1 pid=1104909)[0m                                            'activation_observer': 'static_minmax',
[36m(TaskRunnerV1 pid=1104909)[0m                                            'enable': False,
[36m(TaskRunnerV1 pid=1104909)[0m                                            'group_size': 16,
[36m(TaskRunnerV1 pid=1104909)[0m                                            'ignore_patterns': ['lm_head',
[36m(TaskRunnerV1 pid=1104909)[0m                                                                'embed_tokens',
[36m(TaskRunnerV1 pid=1104909)[0m                                                                're:.*mlp.gate$'],
[36m(TaskRunnerV1 pid=1104909)[0m                                            'mode': 'w4a16',
[36m(TaskRunnerV1 pid=1104909)[0m                                            'quantization_config_path': None},
[36m(TaskRunnerV1 pid=1104909)[0m                                    'quantization': None,
[36m(TaskRunnerV1 pid=1104909)[0m                                    'quantization_config_file': None,
[36m(TaskRunnerV1 pid=1104909)[0m                                    'response_length': 1024,
[36m(TaskRunnerV1 pid=1104909)[0m                                    'scheduling_policy': 'fcfs',
[36m(TaskRunnerV1 pid=1104909)[0m                                    'seed': 42,
[36m(TaskRunnerV1 pid=1104909)[0m                                    'skip_tokenizer_init': True,
[36m(TaskRunnerV1 pid=1104909)[0m                                    'temperature': 1.0,
[36m(TaskRunnerV1 pid=1104909)[0m                                    'tensor_model_parallel_size': 1,
[36m(TaskRunnerV1 pid=1104909)[0m                                    'top_k': -1,
[36m(TaskRunnerV1 pid=1104909)[0m                                    'top_p': 1,
[36m(TaskRunnerV1 pid=1104909)[0m                                    'trace': {'_target_': 'verl.workers.config.TraceConfig',
[36m(TaskRunnerV1 pid=1104909)[0m                                              'backend': None,
[36m(TaskRunnerV1 pid=1104909)[0m                                              'experiment_name': 'qwen3vl8b_answer_resource_smoke_len1024_n2',
[36m(TaskRunnerV1 pid=1104909)[0m                                              'max_samples_per_step_per_worker': None,
[36m(TaskRunnerV1 pid=1104909)[0m                                              'project_name': 'qwen3vl_resource_smoke',
[36m(TaskRunnerV1 pid=1104909)[0m                                              'token2text': False},
[36m(TaskRunnerV1 pid=1104909)[0m                                    'val_kwargs': {'_target_': 'verl.workers.config.SamplingConfig',
[36m(TaskRunnerV1 pid=1104909)[0m                                                   'do_sample': False,
[36m(TaskRunnerV1 pid=1104909)[0m                                                   'n': 1,
[36m(TaskRunnerV1 pid=1104909)[0m                                                   'temperature': 0,
[36m(TaskRunnerV1 pid=1104909)[0m                                                   'top_k': -1,
[36m(TaskRunnerV1 pid=1104909)[0m                                                   'top_p': 1.0}}},
[36m(TaskRunnerV1 pid=1104909)[0m  'algorithm': {'_target_': 'verl.trainer.config.AlgoConfig',
[36m(TaskRunnerV1 pid=1104909)[0m                'adv_estimator': 'grpo',
[36m(TaskRunnerV1 pid=1104909)[0m                'gamma': 1.0,
[36m(TaskRunnerV1 pid=1104909)[0m                'kl_ctrl': {'_target_': 'verl.trainer.config.KLControlConfig',
[36m(TaskRunnerV1 pid=1104909)[0m                            'horizon': 10000,
[36m(TaskRunnerV1 pid=1104909)[0m                            'kl_coef': 0.001,
[36m(TaskRunnerV1 pid=1104909)[0m                            'target_kl': 0.1,
[36m(TaskRunnerV1 pid=1104909)[0m                            'type': 'fixed'},
[36m(TaskRunnerV1 pid=1104909)[0m                'kl_penalty': 'kl',
[36m(TaskRunnerV1 pid=1104909)[0m                'lam': 1.0,
[36m(TaskRunnerV1 pid=1104909)[0m                'norm_adv_by_std_in_grpo': True,
[36m(TaskRunnerV1 pid=1104909)[0m                'pf_ppo': {'reweight_method': 'pow', 'weight_pow': 2.0},
[36m(TaskRunnerV1 pid=1104909)[0m                'rollout_correction': {'bypass_mode': False,
[36m(TaskRunnerV1 pid=1104909)[0m                                       'loss_type': 'ppo_clip',
[36m(TaskRunnerV1 pid=1104909)[0m                                       'rollout_is': None,
[36m(TaskRunnerV1 pid=1104909)[0m                                       'rollout_is_batch_normalize': False,
[36m(TaskRunnerV1 pid=1104909)[0m                                       'rollout_is_threshold': 2.0,
[36m(TaskRunnerV1 pid=1104909)[0m                                       'rollout_rs': None,
[36m(TaskRunnerV1 pid=1104909)[0m                                       'rollout_rs_threshold': None},
[36m(TaskRunnerV1 pid=1104909)[0m                'use_kl_in_reward': False,
[36m(TaskRunnerV1 pid=1104909)[0m                'use_pf_ppo': False},
[36m(TaskRunnerV1 pid=1104909)[0m  'critic': {'_target_': 'verl.workers.config.FSDPCriticConfig',
[36m(TaskRunnerV1 pid=1104909)[0m             'checkpoint': {'_target_': 'verl.trainer.config.CheckpointConfig',
[36m(TaskRunnerV1 pid=1104909)[0m                            'async_save': False,
[36m(TaskRunnerV1 pid=1104909)[0m                            'load_contents': ['model', 'optimizer', 'extra'],
[36m(TaskRunnerV1 pid=1104909)[0m                            'save_contents': ['model', 'optimizer', 'extra']},
[36m(TaskRunnerV1 pid=1104909)[0m             'cliprange_value': 0.5,
[36m(TaskRunnerV1 pid=1104909)[0m             'data_loader_seed': 42,
[36m(TaskRunnerV1 pid=1104909)[0m             'enable': None,
[36m(TaskRunnerV1 pid=1104909)[0m             'forward_max_token_len_per_gpu': 32768,
[36m(TaskRunnerV1 pid=1104909)[0m             'forward_micro_batch_size': None,
[36m(TaskRunnerV1 pid=1104909)[0m             'forward_micro_batch_size_per_gpu': None,
[36m(TaskRunnerV1 pid=1104909)[0m             'fsdp': {'_target_': 'verl.workers.config.FSDPEngineConfig',
[36m(TaskRunnerV1 pid=1104909)[0m                      'dtype': 'bfloat16',
[36m(TaskRunnerV1 pid=1104909)[0m                      'entropy_checkpointing': False,
[36m(TaskRunnerV1 pid=1104909)[0m                      'entropy_from_logits_chunk_size': 2048,
[36m(TaskRunnerV1 pid=1104909)[0m                      'entropy_from_logits_with_chunking': False,
[36m(TaskRunnerV1 pid=1104909)[0m                      'forward_only': False,
[36m(TaskRunnerV1 pid=1104909)[0m                      'forward_prefetch': False,
[36m(TaskRunnerV1 pid=1104909)[0m                      'fsdp_size': -1,
[36m(TaskRunnerV1 pid=1104909)[0m                      'full_determinism': False,
[36m(TaskRunnerV1 pid=1104909)[0m                      'model_dtype': 'fp32',
[36m(TaskRunnerV1 pid=1104909)[0m                      'offload_policy': False,
[36m(TaskRunnerV1 pid=1104909)[0m                      'optimizer_offload': False,
[36m(TaskRunnerV1 pid=1104909)[0m                      'param_offload': False,
[36m(TaskRunnerV1 pid=1104909)[0m                      'qat': {'_target_': 'verl.workers.config.QATEngineConfig',
[36m(TaskRunnerV1 pid=1104909)[0m                              'activation_observer': 'static_minmax',
[36m(TaskRunnerV1 pid=1104909)[0m                              'enable': False,
[36m(TaskRunnerV1 pid=1104909)[0m                              'group_size': 16,
[36m(TaskRunnerV1 pid=1104909)[0m                              'ignore_patterns': ['lm_head',
[36m(TaskRunnerV1 pid=1104909)[0m                                                  'embed_tokens',
[36m(TaskRunnerV1 pid=1104909)[0m                                                  're:.*mlp.gate$'],
[36m(TaskRunnerV1 pid=1104909)[0m                              'mode': 'w4a16',
[36m(TaskRunnerV1 pid=1104909)[0m                              'quantization_config_path': None},
[36m(TaskRunnerV1 pid=1104909)[0m                      'reshard_after_forward': True,
[36m(TaskRunnerV1 pid=1104909)[0m                      'seed': 42,
[36m(TaskRunnerV1 pid=1104909)[0m                      'strategy': 'fsdp',
[36m(TaskRunnerV1 pid=1104909)[0m                      'ulysses_sequence_parallel_size': 1,
[36m(TaskRunnerV1 pid=1104909)[0m                      'use_orig_params': False,
[36m(TaskRunnerV1 pid=1104909)[0m                      'use_torch_compile': True,
[36m(TaskRunnerV1 pid=1104909)[0m                      'wrap_policy': {'min_num_params': 0}},
[36m(TaskRunnerV1 pid=1104909)[0m             'grad_clip': 1.0,
[36m(TaskRunnerV1 pid=1104909)[0m             'loss_agg_mode': 'token-mean',
[36m(TaskRunnerV1 pid=1104909)[0m             'model': {'_target_': 'verl.workers.config.HFModelConfig',
[36m(TaskRunnerV1 pid=1104909)[0m                       'custom_chat_template': None,
[36m(TaskRunnerV1 pid=1104909)[0m                       'enable_activation_offload': False,
[36m(TaskRunnerV1 pid=1104909)[0m                       'enable_gradient_checkpointing': True,
[36m(TaskRunnerV1 pid=1104909)[0m                       'exclude_modules': None,
[36m(TaskRunnerV1 pid=1104909)[0m                       'external_lib': None,
[36m(TaskRunnerV1 pid=1104909)[0m                       'fused_kernel_options': {'impl_backend': 'torch'},
[36m(TaskRunnerV1 pid=1104909)[0m                       'hf_config_path': None,
[36m(TaskRunnerV1 pid=1104909)[0m                       'lora': {'a2a_experimental': False,
[36m(TaskRunnerV1 pid=1104909)[0m                                'adapter_path': None,
[36m(TaskRunnerV1 pid=1104909)[0m                                'alpha': 32,
[36m(TaskRunnerV1 pid=1104909)[0m                                'dropout': 0.0,
[36m(TaskRunnerV1 pid=1104909)[0m                                'dropout_position': 'pre',
[36m(TaskRunnerV1 pid=1104909)[0m                                'dtype': None,
[36m(TaskRunnerV1 pid=1104909)[0m                                'exclude_modules': [],
[36m(TaskRunnerV1 pid=1104909)[0m                                'freeze_language_model': True,
[36m(TaskRunnerV1 pid=1104909)[0m                                'freeze_vision_model': True,
[36m(TaskRunnerV1 pid=1104909)[0m                                'freeze_vision_projection': True,
[36m(TaskRunnerV1 pid=1104909)[0m                                'lora_A_init_method': 'xavier',
[36m(TaskRunnerV1 pid=1104909)[0m                                'lora_B_init_method': 'zero',
[36m(TaskRunnerV1 pid=1104909)[0m                                'merge': False,
[36m(TaskRunnerV1 pid=1104909)[0m                                'rank': 0,
[36m(TaskRunnerV1 pid=1104909)[0m                                'target_modules': ['linear_qkv',
[36m(TaskRunnerV1 pid=1104909)[0m                                                   'linear_proj',
[36m(TaskRunnerV1 pid=1104909)[0m                                                   'linear_fc1',
[36m(TaskRunnerV1 pid=1104909)[0m                                                   'linear_fc2'],
[36m(TaskRunnerV1 pid=1104909)[0m                                'type': 'lora'},
[36m(TaskRunnerV1 pid=1104909)[0m                       'lora_adapter_path': None,
[36m(TaskRunnerV1 pid=1104909)[0m                       'lora_alpha': 16,
[36m(TaskRunnerV1 pid=1104909)[0m                       'lora_rank': 0,
[36m(TaskRunnerV1 pid=1104909)[0m                       'mtp': {'_target_': 'verl.workers.config.MtpConfig',
[36m(TaskRunnerV1 pid=1104909)[0m                               'detach_encoder': False,
[36m(TaskRunnerV1 pid=1104909)[0m                               'enable': False,
[36m(TaskRunnerV1 pid=1104909)[0m                               'enable_rollout': False,
[36m(TaskRunnerV1 pid=1104909)[0m                               'enable_train': False,
[36m(TaskRunnerV1 pid=1104909)[0m                               'method': 'mtp',
[36m(TaskRunnerV1 pid=1104909)[0m                               'mtp_loss_scaling_factor': 0.1,
[36m(TaskRunnerV1 pid=1104909)[0m                               'num_speculative_tokens': 1,
[36m(TaskRunnerV1 pid=1104909)[0m                               'speculative_algorithm': 'EAGLE',
[36m(TaskRunnerV1 pid=1104909)[0m                               'speculative_eagle_topk': 1,
[36m(TaskRunnerV1 pid=1104909)[0m                               'speculative_num_draft_tokens': 4,
[36m(TaskRunnerV1 pid=1104909)[0m                               'speculative_num_steps': 3},
[36m(TaskRunnerV1 pid=1104909)[0m                       'override_config': {},
[36m(TaskRunnerV1 pid=1104909)[0m                       'path': '~/models/deepseek-llm-7b-chat',
[36m(TaskRunnerV1 pid=1104909)[0m                       'target_modules': 'all-linear',
[36m(TaskRunnerV1 pid=1104909)[0m                       'tiled_mlp': {'enabled': False, 'num_shards': 4},
[36m(TaskRunnerV1 pid=1104909)[0m                       'tokenizer_path': None,
[36m(TaskRunnerV1 pid=1104909)[0m                       'trust_remote_code': False,
[36m(TaskRunnerV1 pid=1104909)[0m                       'use_fused_kernels': False,
[36m(TaskRunnerV1 pid=1104909)[0m                       'use_liger': False,
[36m(TaskRunnerV1 pid=1104909)[0m                       'use_remove_padding': True,
[36m(TaskRunnerV1 pid=1104909)[0m                       'use_shm': False},
[36m(TaskRunnerV1 pid=1104909)[0m             'optim': {'_target_': 'verl.workers.config.FSDPOptimizerConfig',
[36m(TaskRunnerV1 pid=1104909)[0m                       'betas': [0.9, 0.999],
[36m(TaskRunnerV1 pid=1104909)[0m                       'clip_grad': 1.0,
[36m(TaskRunnerV1 pid=1104909)[0m                       'lr': 1e-05,
[36m(TaskRunnerV1 pid=1104909)[0m                       'lr_scheduler_type': 'constant',
[36m(TaskRunnerV1 pid=1104909)[0m                       'lr_warmup_steps': -1,
[36m(TaskRunnerV1 pid=1104909)[0m                       'lr_warmup_steps_ratio': 0.0,
[36m(TaskRunnerV1 pid=1104909)[0m                       'min_lr_ratio': 0.0,
[36m(TaskRunnerV1 pid=1104909)[0m                       'num_cycles': 0.5,
[36m(TaskRunnerV1 pid=1104909)[0m                       'optimizer': 'AdamW',
[36m(TaskRunnerV1 pid=1104909)[0m                       'optimizer_impl': 'torch.optim',
[36m(TaskRunnerV1 pid=1104909)[0m                       'override_optimizer_config': None,
[36m(TaskRunnerV1 pid=1104909)[0m                       'total_training_steps': -1,
[36m(TaskRunnerV1 pid=1104909)[0m                       'warmup_style': None,
[36m(TaskRunnerV1 pid=1104909)[0m                       'weight_decay': 0.01,
[36m(TaskRunnerV1 pid=1104909)[0m                       'zero_indexed_step': True},
[36m(TaskRunnerV1 pid=1104909)[0m             'ppo_epochs': 1,
[36m(TaskRunnerV1 pid=1104909)[0m             'ppo_max_token_len_per_gpu': 32768,
[36m(TaskRunnerV1 pid=1104909)[0m             'ppo_micro_batch_size': None,
[36m(TaskRunnerV1 pid=1104909)[0m             'ppo_micro_batch_size_per_gpu': None,
[36m(TaskRunnerV1 pid=1104909)[0m             'ppo_mini_batch_size': 2,
[36m(TaskRunnerV1 pid=1104909)[0m             'profiler': {'_target_': 'verl.utils.profiler.ProfilerConfig',
[36m(TaskRunnerV1 pid=1104909)[0m                          'all_ranks': False,
[36m(TaskRunnerV1 pid=1104909)[0m                          'enable': False,
[36m(TaskRunnerV1 pid=1104909)[0m                          'ranks': [],
[36m(TaskRunnerV1 pid=1104909)[0m                          'save_path': 'outputs/profile',
[36m(TaskRunnerV1 pid=1104909)[0m                          'tool': None,
[36m(TaskRunnerV1 pid=1104909)[0m                          'tool_config': {'npu': {'_target_': 'verl.utils.profiler.config.NPUToolConfig',
[36m(TaskRunnerV1 pid=1104909)[0m                                                  'analysis': True,
[36m(TaskRunnerV1 pid=1104909)[0m                                                  'contents': [],
[36m(TaskRunnerV1 pid=1104909)[0m                                                  'discrete': False,
[36m(TaskRunnerV1 pid=1104909)[0m                                                  'level': 'level0'},
[36m(TaskRunnerV1 pid=1104909)[0m                                          'nsys': {'_target_': 'verl.utils.profiler.config.NsightToolConfig',
[36m(TaskRunnerV1 pid=1104909)[0m                                                   'discrete': False},
[36m(TaskRunnerV1 pid=1104909)[0m                                          'precision_debugger': {'_target_': 'verl.utils.profiler.config.PrecisionDebuggerToolConfig',
[36m(TaskRunnerV1 pid=1104909)[0m                                                                 'config_path': None,
[36m(TaskRunnerV1 pid=1104909)[0m                                                                 'stages': None,
[36m(TaskRunnerV1 pid=1104909)[0m                                                                 'steps': None,
[36m(TaskRunnerV1 pid=1104909)[0m                                                                 'strict': False},
[36m(TaskRunnerV1 pid=1104909)[0m                                          'torch': {'_target_': 'verl.utils.profiler.config.TorchProfilerToolConfig',
[36m(TaskRunnerV1 pid=1104909)[0m                                                    'contents': [],
[36m(TaskRunnerV1 pid=1104909)[0m                                                    'discrete': False},
[36m(TaskRunnerV1 pid=1104909)[0m                                          'torch_memory': {'_target_': 'verl.utils.profiler.config.TorchMemoryToolConfig',
[36m(TaskRunnerV1 pid=1104909)[0m                                                           'stack_depth': 32,
[36m(TaskRunnerV1 pid=1104909)[0m                                                           'trace_alloc_max_entries': 100000}}},
[36m(TaskRunnerV1 pid=1104909)[0m             'rollout_n': 2,
[36m(TaskRunnerV1 pid=1104909)[0m             'shuffle': False,
[36m(TaskRunnerV1 pid=1104909)[0m             'strategy': 'fsdp',
[36m(TaskRunnerV1 pid=1104909)[0m             'ulysses_sequence_parallel_size': 1,
[36m(TaskRunnerV1 pid=1104909)[0m             'use_dynamic_bsz': True},
[36m(TaskRunnerV1 pid=1104909)[0m  'custom_reward_function': {'name': None, 'path': None},
[36m(TaskRunnerV1 pid=1104909)[0m  'data': {'apply_chat_template_kwargs': {},
[36m(TaskRunnerV1 pid=1104909)[0m           'audio_key': 'audios',
[36m(TaskRunnerV1 pid=1104909)[0m           'continuous_token': {'enable': False, 'model_family': 'auto'},
[36m(TaskRunnerV1 pid=1104909)[0m           'custom_cls': {'name': None, 'path': None},
[36m(TaskRunnerV1 pid=1104909)[0m           'dataloader_num_workers': 8,
[36m(TaskRunnerV1 pid=1104909)[0m           'filter_overlong_prompts': True,
[36m(TaskRunnerV1 pid=1104909)[0m           'filter_overlong_prompts_workers': 1,
[36m(TaskRunnerV1 pid=1104909)[0m           'function_tool_path': None,
[36m(TaskRunnerV1 pid=1104909)[0m           'image_key': 'images',
[36m(TaskRunnerV1 pid=1104909)[0m           'image_patch_size': 14,
[36m(TaskRunnerV1 pid=1104909)[0m           'max_prompt_length': 2048,
[36m(TaskRunnerV1 pid=1104909)[0m           'max_response_length': 1024,
[36m(TaskRunnerV1 pid=1104909)[0m           'mm_processor_kwargs': {},
[36m(TaskRunnerV1 pid=1104909)[0m           'prompt_key': 'prompt',
[36m(TaskRunnerV1 pid=1104909)[0m           'return_full_prompt': False,
[36m(TaskRunnerV1 pid=1104909)[0m           'return_multi_modal_inputs': True,
[36m(TaskRunnerV1 pid=1104909)[0m           'return_raw_chat': True,
[36m(TaskRunnerV1 pid=1104909)[0m           'return_raw_input_ids': False,
[36m(TaskRunnerV1 pid=1104909)[0m           'reward_fn_key': 'data_source',
[36m(TaskRunnerV1 pid=1104909)[0m           'seed': None,
[36m(TaskRunnerV1 pid=1104909)[0m           'shuffle': True,
[36m(TaskRunnerV1 pid=1104909)[0m           'tokenizer': None,
[36m(TaskRunnerV1 pid=1104909)[0m           'tool_config_path': None,
[36m(TaskRunnerV1 pid=1104909)[0m           'train_batch_size': 1,
[36m(TaskRunnerV1 pid=1104909)[0m           'train_files': '/data2/hjk/projects/AI-HiddenState-ER/rl_data/mathverse_verl_smoke16/mathverse_grpo_train.parquet',
[36m(TaskRunnerV1 pid=1104909)[0m           'train_max_samples': -1,
[36m(TaskRunnerV1 pid=1104909)[0m           'truncation': 'error',
[36m(TaskRunnerV1 pid=1104909)[0m           'trust_remote_code': False,
[36m(TaskRunnerV1 pid=1104909)[0m           'use_shm': False,
[36m(TaskRunnerV1 pid=1104909)[0m           'val_batch_size': None,
[36m(TaskRunnerV1 pid=1104909)[0m           'val_files': '/data2/hjk/projects/AI-HiddenState-ER/rl_data/mathverse_verl_smoke16/mathverse_grpo_val.parquet',
[36m(TaskRunnerV1 pid=1104909)[0m           'val_max_samples': -1,
[36m(TaskRunnerV1 pid=1104909)[0m           'validation_shuffle': False,
[36m(TaskRunnerV1 pid=1104909)[0m           'video_key': 'videos'},
[36m(TaskRunnerV1 pid=1104909)[0m  'distillation': {'_target_': 'verl.workers.config.DistillationConfig',
[36m(TaskRunnerV1 pid=1104909)[0m                   'distillation_loss': {'_target_': 'verl.workers.config.DistillationLossConfig',
[36m(TaskRunnerV1 pid=1104909)[0m                                         'clip_ratio': 0.2,
[36m(TaskRunnerV1 pid=1104909)[0m                                         'clip_ratio_high': 0.2,
[36m(TaskRunnerV1 pid=1104909)[0m                                         'clip_ratio_low': 0.2,
[36m(TaskRunnerV1 pid=1104909)[0m                                         'distillation_loss_coef': 1.0,
[36m(TaskRunnerV1 pid=1104909)[0m                                         'log_prob_min_clamp': None,
[36m(TaskRunnerV1 pid=1104909)[0m                                         'loss_max_clamp': None,
[36m(TaskRunnerV1 pid=1104909)[0m                                         'loss_mode': 'k3',
[36m(TaskRunnerV1 pid=1104909)[0m                                         'policy_loss_mode': 'vanilla',
[36m(TaskRunnerV1 pid=1104909)[0m                                         'topk': 32,
[36m(TaskRunnerV1 pid=1104909)[0m                                         'use_policy_gradient': False,
[36m(TaskRunnerV1 pid=1104909)[0m                                         'use_task_rewards': True},
[36m(TaskRunnerV1 pid=1104909)[0m                   'enabled': False,
[36m(TaskRunnerV1 pid=1104909)[0m                   'n_gpus_per_node': 8,
[36m(TaskRunnerV1 pid=1104909)[0m                   'nnodes': 0,
[36m(TaskRunnerV1 pid=1104909)[0m                   'teacher_key': 'data_source',
[36m(TaskRunnerV1 pid=1104909)[0m                   'teacher_models': {'teacher_model': {'_target_': 'verl.workers.config.DistillationTeacherModelConfig',
[36m(TaskRunnerV1 pid=1104909)[0m                                                        'inference': {'_target_': 'verl.workers.config.RolloutConfig',
[36m(TaskRunnerV1 pid=1104909)[0m                                                                      'cudagraph_capture_sizes': None,
[36m(TaskRunnerV1 pid=1104909)[0m                                                                      'data_parallel_size': 1,
[36m(TaskRunnerV1 pid=1104909)[0m                                                                      'disable_log_stats': True,
[36m(TaskRunnerV1 pid=1104909)[0m                                                                      'dtype': 'bfloat16',
[36m(TaskRunnerV1 pid=1104909)[0m                                                                      'enable_chunked_prefill': True,
[36m(TaskRunnerV1 pid=1104909)[0m                                                                      'enable_prefix_caching': True,
[36m(TaskRunnerV1 pid=1104909)[0m                                                                      'enforce_eager': True,
[36m(TaskRunnerV1 pid=1104909)[0m                                                                      'engine_kwargs': {},
[36m(TaskRunnerV1 pid=1104909)[0m                                                                      'expert_parallel_size': 1,
[36m(TaskRunnerV1 pid=1104909)[0m                                                                      'free_cache_engine': True,
[36m(TaskRunnerV1 pid=1104909)[0m                                                                      'gpu_memory_utilization': 0.5,
[36m(TaskRunnerV1 pid=1104909)[0m                                                                      'limit_images': None,
[36m(TaskRunnerV1 pid=1104909)[0m                                                                      'load_format': 'auto',
[36m(TaskRunnerV1 pid=1104909)[0m                                                                      'max_model_len': None,
[36m(TaskRunnerV1 pid=1104909)[0m                                                                      'max_num_batched_tokens': 8192,
[36m(TaskRunnerV1 pid=1104909)[0m                                                                      'max_num_seqs': 1024,
[36m(TaskRunnerV1 pid=1104909)[0m                                                                      'name': 'vllm',
[36m(TaskRunnerV1 pid=1104909)[0m                                                                      'prompt_length': 2048,
[36m(TaskRunnerV1 pid=1104909)[0m                                                                      'response_length': 1024,
[36m(TaskRunnerV1 pid=1104909)[0m                                                                      'skip_tokenizer_init': True,
[36m(TaskRunnerV1 pid=1104909)[0m                                                                      'temperature': 1.0,
[36m(TaskRunnerV1 pid=1104909)[0m                                                                      'tensor_model_parallel_size': 2},
[36m(TaskRunnerV1 pid=1104909)[0m                                                        'key': None,
[36m(TaskRunnerV1 pid=1104909)[0m                                                        'model_path': None,
[36m(TaskRunnerV1 pid=1104909)[0m                                                        'num_replicas': 0}}},
[36m(TaskRunnerV1 pid=1104909)[0m  'global_profiler': {'_target_': 'verl.utils.profiler.ProfilerConfig',
[36m(TaskRunnerV1 pid=1104909)[0m                      'global_tool_config': {'nsys': {'_target_': 'verl.utils.profiler.config.NsightToolConfig',
[36m(TaskRunnerV1 pid=1104909)[0m                                                      'controller_nsight_options': {'cuda-graph-trace': 'graph',
[36m(TaskRunnerV1 pid=1104909)[0m                                                                                    'cuda-memory-usage': 'true',
[36m(TaskRunnerV1 pid=1104909)[0m                                                                                    'trace': 'cuda,nvtx,cublas,ucx'},
[36m(TaskRunnerV1 pid=1104909)[0m                                                      'discrete': False,
[36m(TaskRunnerV1 pid=1104909)[0m                                                      'worker_nsight_options': {'capture-range': 'cudaProfilerApi',
[36m(TaskRunnerV1 pid=1104909)[0m                                                                                'capture-range-end': None,
[36m(TaskRunnerV1 pid=1104909)[0m                                                                                'cuda-graph-trace': 'graph',
[36m(TaskRunnerV1 pid=1104909)[0m                                                                                'cuda-memory-usage': 'true',
[36m(TaskRunnerV1 pid=1104909)[0m                                                                                'kill': 'none',
[36m(TaskRunnerV1 pid=1104909)[0m                                                                                'trace': 'cuda,nvtx,cublas,ucx'}},
[36m(TaskRunnerV1 pid=1104909)[0m                                             'precision_debugger': {'_target_': 'verl.utils.profiler.config.PrecisionDebuggerToolConfig',
[36m(TaskRunnerV1 pid=1104909)[0m                                                                    'config_path': None,
[36m(TaskRunnerV1 pid=1104909)[0m                                                                    'stages': None,
[36m(TaskRunnerV1 pid=1104909)[0m                                                                    'steps': None,
[36m(TaskRunnerV1 pid=1104909)[0m                                                                    'strict': False},
[36m(TaskRunnerV1 pid=1104909)[0m                                             'torch_memory': {'context': 'all',
[36m(TaskRunnerV1 pid=1104909)[0m                                                              'kw_args': {},
[36m(TaskRunnerV1 pid=1104909)[0m                                                              'stack_depth': 32,
[36m(TaskRunnerV1 pid=1104909)[0m                                                              'stacks': 'all',
[36m(TaskRunnerV1 pid=1104909)[0m                                                              'trace_alloc_max_entries': 100000}},
[36m(TaskRunnerV1 pid=1104909)[0m                      'profile_continuous_steps': False,
[36m(TaskRunnerV1 pid=1104909)[0m                      'save_path': 'outputs/profile',
[36m(TaskRunnerV1 pid=1104909)[0m                      'steps': None,
[36m(TaskRunnerV1 pid=1104909)[0m                      'tool': None},
[36m(TaskRunnerV1 pid=1104909)[0m  'model_engine': 'dp',
[36m(TaskRunnerV1 pid=1104909)[0m  'ray_kwargs': {'ray_init': {'num_cpus': None}, 'timeline_json_file': None},
[36m(TaskRunnerV1 pid=1104909)[0m  'reward': {'_target_': 'verl.workers.config.RewardConfig',
[36m(TaskRunnerV1 pid=1104909)[0m             'custom_reward_function': {'name': 'compute_score',
[36m(TaskRunnerV1 pid=1104909)[0m                                        'path': '/data2/hjk/projects/AI-HiddenState-ER/scripts/mathverse_answer_reward.py'},
[36m(TaskRunnerV1 pid=1104909)[0m             'num_workers': 1,
[36m(TaskRunnerV1 pid=1104909)[0m             'reward_manager': {'_target_': 'verl.workers.config.reward.RewardManagerConfig',
[36m(TaskRunnerV1 pid=1104909)[0m                                'module': {'_target_': 'verl.trainer.config.config.ModuleConfig',
[36m(TaskRunnerV1 pid=1104909)[0m                                           'name': 'custom_reward_manager',
[36m(TaskRunnerV1 pid=1104909)[0m                                           'path': None},
[36m(TaskRunnerV1 pid=1104909)[0m                                'name': 'naive',
[36m(TaskRunnerV1 pid=1104909)[0m                                'source': 'register'},
[36m(TaskRunnerV1 pid=1104909)[0m             'reward_model': {'_target_': 'verl.workers.config.RewardModelConfig',
[36m(TaskRunnerV1 pid=1104909)[0m                              'enable': False,
[36m(TaskRunnerV1 pid=1104909)[0m                              'enable_resource_pool': False,
[36m(TaskRunnerV1 pid=1104909)[0m                              'model_path': None,
[36m(TaskRunnerV1 pid=1104909)[0m                              'n_gpus_per_node': 8,
[36m(TaskRunnerV1 pid=1104909)[0m                              'nnodes': 0,
[36m(TaskRunnerV1 pid=1104909)[0m                              'rollout': {'_target_': 'verl.workers.config.RolloutConfig',
[36m(TaskRunnerV1 pid=1104909)[0m                                          'cudagraph_capture_sizes': None,
[36m(TaskRunnerV1 pid=1104909)[0m                                          'data_parallel_size': 1,
[36m(TaskRunnerV1 pid=1104909)[0m                                          'disable_log_stats': True,
[36m(TaskRunnerV1 pid=1104909)[0m                                          'disaggregation': {'bootstrap_port': None,
[36m(TaskRunnerV1 pid=1104909)[0m                                                             'decode_replicas': 1,
[36m(TaskRunnerV1 pid=1104909)[0m                                                             'decode_tensor_model_parallel_size': None,
[36m(TaskRunnerV1 pid=1104909)[0m                                                             'enabled': False,
[36m(TaskRunnerV1 pid=1104909)[0m                                                             'ib_device': None,
[36m(TaskRunnerV1 pid=1104909)[0m                                                             'prefill_replicas': 1,
[36m(TaskRunnerV1 pid=1104909)[0m                                                             'transfer_backend': 'nixl'},
[36m(TaskRunnerV1 pid=1104909)[0m                                          'do_sample': True,
[36m(TaskRunnerV1 pid=1104909)[0m                                          'dtype': 'bfloat16',
[36m(TaskRunnerV1 pid=1104909)[0m                                          'enable_chunked_prefill': True,
[36m(TaskRunnerV1 pid=1104909)[0m                                          'enable_prefix_caching': True,
[36m(TaskRunnerV1 pid=1104909)[0m                                          'enforce_eager': True,
[36m(TaskRunnerV1 pid=1104909)[0m                                          'engine_kwargs': {},
[36m(TaskRunnerV1 pid=1104909)[0m                                          'expert_parallel_size': 1,
[36m(TaskRunnerV1 pid=1104909)[0m                                          'free_cache_engine': True,
[36m(TaskRunnerV1 pid=1104909)[0m                                          'full_determinism': False,
[36m(TaskRunnerV1 pid=1104909)[0m                                          'gpu_memory_utilization': 0.5,
[36m(TaskRunnerV1 pid=1104909)[0m                                          'ignore_eos': False,
[36m(TaskRunnerV1 pid=1104909)[0m                                          'layered_summon': False,
[36m(TaskRunnerV1 pid=1104909)[0m                                          'limit_images': None,
[36m(TaskRunnerV1 pid=1104909)[0m                                          'load_format': 'auto',
[36m(TaskRunnerV1 pid=1104909)[0m                                          'max_model_len': None,
[36m(TaskRunnerV1 pid=1104909)[0m                                          'max_num_batched_tokens': 8192,
[36m(TaskRunnerV1 pid=1104909)[0m                                          'max_num_seqs': 1024,
[36m(TaskRunnerV1 pid=1104909)[0m                                          'mtp': None,
[36m(TaskRunnerV1 pid=1104909)[0m                                          'multi_stage_wake_up': False,
[36m(TaskRunnerV1 pid=1104909)[0m                                          'n': 1,
[36m(TaskRunnerV1 pid=1104909)[0m                                          'name': '???',
[36m(TaskRunnerV1 pid=1104909)[0m                                          'pipeline_model_parallel_size': 1,
[36m(TaskRunnerV1 pid=1104909)[0m                                          'prompt_length': 2048,
[36m(TaskRunnerV1 pid=1104909)[0m                                          'quantization': None,
[36m(TaskRunnerV1 pid=1104909)[0m                                          'quantization_config_file': None,
[36m(TaskRunnerV1 pid=1104909)[0m                                          'response_length': 2048,
[36m(TaskRunnerV1 pid=1104909)[0m                                          'scheduling_policy': 'fcfs',
[36m(TaskRunnerV1 pid=1104909)[0m                                          'seed': 42,
[36m(TaskRunnerV1 pid=1104909)[0m                                          'skip_tokenizer_init': False,
[36m(TaskRunnerV1 pid=1104909)[0m                                          'temperature': 1.0,
[36m(TaskRunnerV1 pid=1104909)[0m                                          'tensor_model_parallel_size': 2,
[36m(TaskRunnerV1 pid=1104909)[0m                                          'top_k': -1,
[36m(TaskRunnerV1 pid=1104909)[0m                                          'top_p': 1}},
[36m(TaskRunnerV1 pid=1104909)[0m             'sandbox_fusion': {'_target_': 'verl.workers.config.SandboxFusionConfig',
[36m(TaskRunnerV1 pid=1104909)[0m                                'max_concurrent': 64,
[36m(TaskRunnerV1 pid=1104909)[0m                                'memory_limit_mb': 1024,
[36m(TaskRunnerV1 pid=1104909)[0m                                'url': None}},
[36m(TaskRunnerV1 pid=1104909)[0m  'reward_model': {'enable': None,
[36m(TaskRunnerV1 pid=1104909)[0m                   'enable_resource_pool': None,
[36m(TaskRunnerV1 pid=1104909)[0m                   'model': {'external_lib': None,
[36m(TaskRunnerV1 pid=1104909)[0m                             'path': None,
[36m(TaskRunnerV1 pid=1104909)[0m                             'trust_remote_code': None},
[36m(TaskRunnerV1 pid=1104909)[0m                   'n_gpus_per_node': None,
[36m(TaskRunnerV1 pid=1104909)[0m                   'nnodes': None,
[36m(TaskRunnerV1 pid=1104909)[0m                   'num_workers': None,
[36m(TaskRunnerV1 pid=1104909)[0m                   'reward_loop_class_name': None,
[36m(TaskRunnerV1 pid=1104909)[0m                   'reward_loop_module_path': None,
[36m(TaskRunnerV1 pid=1104909)[0m                   'reward_loop_source': None,
[36m(TaskRunnerV1 pid=1104909)[0m                   'reward_manager': None,
[36m(TaskRunnerV1 pid=1104909)[0m                   'rollout': {'cudagraph_capture_sizes': None,
[36m(TaskRunnerV1 pid=1104909)[0m                               'data_parallel_size': None,
[36m(TaskRunnerV1 pid=1104909)[0m                               'disable_log_stats': None,
[36m(TaskRunnerV1 pid=1104909)[0m                               'dtype': None,
[36m(TaskRunnerV1 pid=1104909)[0m                               'enable_chunked_prefill': None,
[36m(TaskRunnerV1 pid=1104909)[0m                               'enable_prefix_caching': None,
[36m(TaskRunnerV1 pid=1104909)[0m                               'enforce_eager': None,
[36m(TaskRunnerV1 pid=1104909)[0m                               'engine_kwargs': None,
[36m(TaskRunnerV1 pid=1104909)[0m                               'expert_parallel_size': None,
[36m(TaskRunnerV1 pid=1104909)[0m                               'free_cache_engine': None,
[36m(TaskRunnerV1 pid=1104909)[0m                               'gpu_memory_utilization': None,
[36m(TaskRunnerV1 pid=1104909)[0m                               'limit_images': None,
[36m(TaskRunnerV1 pid=1104909)[0m                               'load_format': None,
[36m(TaskRunnerV1 pid=1104909)[0m                               'max_model_len': None,
[36m(TaskRunnerV1 pid=1104909)[0m                               'max_num_batched_tokens': None,
[36m(TaskRunnerV1 pid=1104909)[0m                               'max_num_seqs': None,
[36m(TaskRunnerV1 pid=1104909)[0m                               'name': None,
[36m(TaskRunnerV1 pid=1104909)[0m                               'prompt_length': None,
[36m(TaskRunnerV1 pid=1104909)[0m                               'response_length': None,
[36m(TaskRunnerV1 pid=1104909)[0m                               'skip_tokenizer_init': None,
[36m(TaskRunnerV1 pid=1104909)[0m                               'tensor_model_parallel_size': None}},
[36m(TaskRunnerV1 pid=1104909)[0m  'sandbox_fusion': {'max_concurrent': None,
[36m(TaskRunnerV1 pid=1104909)[0m                     'memory_limit_mb': None,
[36m(TaskRunnerV1 pid=1104909)[0m                     'url': None},
[36m(TaskRunnerV1 pid=1104909)[0m  'skip': {'_target_': 'verl.utils.skip.SkipManagerConfig',
[36m(TaskRunnerV1 pid=1104909)[0m           'async_rollout': {'action': 'cache',
[36m(TaskRunnerV1 pid=1104909)[0m                             'dump_dir': '~/.verl/rollout_dump',
[36m(TaskRunnerV1 pid=1104909)[0m                             'enable': False,[36m(TaskRunnerV1 pid=1104909)[0m /data2/hjk/projects/verl/verl/trainer/ppo/v1/trainer_base.py:113: UserWarning: Disabled critic as algorithm.adv_estimator != gae. If it is not intended, please set critic.enable=True
[36m(TaskRunnerV1 pid=1104909)[0m   self.use_critic = need_critic(self.config)
[36m(TaskRunnerV1 pid=1104909)[0m Filtering prompts longer than 2048 tokens (num_proc=1):   0%|          | 0/16 [00:00<?, ? examples/s]
[36m(TaskRunnerV1 pid=1104909)[0m Filtering prompts longer than 2048 tokens (num_proc=1): 100%|██████████| 16/16 [00:02<00:00,  7.61 examples/s]
[36m(TaskRunnerV1 pid=1104909)[0m Filtering prompts longer than 2048 tokens (num_proc=1): 100%|██████████| 16/16 [00:02<00:00,  7.13 examples/s]
[36m(TaskRunnerV1 pid=1104909)[0m Filtering prompts longer than 2048 tokens (num_proc=1):   0%|          | 0/16 [00:00<?, ? examples/s]
[36m(TaskRunnerV1 pid=1104909)[0m Filtering prompts longer than 2048 tokens (num_proc=1): 100%|██████████| 16/16 [00:01<00:00, 13.32 examples/s]
[36m(TaskRunnerV1 pid=1104909)[0m Filtering prompts longer than 2048 tokens (num_proc=1): 100%|██████████| 16/16 [00:01<00:00, 11.90 examples/s]
[36m(TaskRunnerV1 pid=1104909)[0m INFO:2026-07-06 00:12:37,375:train and validate dataloader initialized, train dataset size: 15, val dataset size: 16
[36m(TaskRunnerV1 pid=1104909)[0m INFO:2026-07-06 00:12:37,376:Total training steps: 2
[36m(TaskRunnerV1 pid=1104909)[0m /data2/hjk/projects/verl/verl/trainer/ppo/v1/trainer_base.py:596: UserWarning: Disabled critic as algorithm.adv_estimator != gae. If it is not intended, please set critic.enable=True
[36m(TaskRunnerV1 pid=1104909)[0m   if need_critic(config):
[36m(TaskRunnerV1 pid=1104909)[0m INFO:2026-07-06 00:12:37,389:worker group kwargs: {'device_name': 'cuda'}
[36m(TaskRunnerV1 pid=1104909)[0m INFO:2026-07-06 00:12:38,483:create worker group dict_keys(['actor_rollout'])
[36m(pid=1106415)[0m /data2/hjk/envs/verl_qwen3vl_py311/lib/python3.11/site-packages/transformers/utils/hub.py:110: FutureWarning: Using `TRANSFORMERS_CACHE` is deprecated and will be removed in v5 of Transformers. Use `HF_HOME` instead.
[36m(pid=1106415)[0m   warnings.warn(
[36m(WorkerDict pid=1106415)[0m /data2/hjk/projects/verl/verl/workers/engine/mindspeed/transformer_impl.py:24: UserWarning: NPU not support router replay for now.
[36m(WorkerDict pid=1106415)[0m   from verl.utils.megatron.router_replay_patch import RouterReplay
[36m(WorkerDict pid=1106415)[0m `torch_dtype` is deprecated! Use `dtype` instead!
[36m(WorkerDict pid=1106415)[0m Loading checkpoint shards:   0%|          | 0/4 [00:00<?, ?it/s]
[36m(WorkerDict pid=1106415)[0m Loading checkpoint shards:  25%|██▌       | 1/4 [00:03<00:11,  3.69s/it]
[36m(WorkerDict pid=1106415)[0m Loading checkpoint shards:  50%|█████     | 2/4 [00:07<00:07,  3.75s/it]
[36m(WorkerDict pid=1106415)[0m Loading checkpoint shards:  75%|███████▌  | 3/4 [00:11<00:03,  3.80s/it]
[36m(WorkerDict pid=1106415)[0m Loading checkpoint shards: 100%|██████████| 4/4 [00:13<00:00,  3.20s/it]Loading checkpoint shards: 100%|██████████| 4/4 [00:13<00:00,  3.41s/it]
[36m(TaskRunnerV1 pid=1104909)[0m INFO:2026-07-06 00:13:14,117:actor and ref model engine initialized
[36m(TaskRunnerV1 pid=1104909)[0m INFO:2026-07-06 00:13:14,192:reward loop manager initialized
[36m(pid=1106918)[0m /data2/hjk/envs/verl_qwen3vl_py311/lib/python3.11/site-packages/transformers/utils/hub.py:110: FutureWarning: Using `TRANSFORMERS_CACHE` is deprecated and will be removed in v5 of Transformers. Use `HF_HOME` instead.
[36m(pid=1106918)[0m   warnings.warn(
[36m(pid=1106981)[0m /data2/hjk/envs/verl_qwen3vl_py311/lib/python3.11/site-packages/transformers/utils/hub.py:110: FutureWarning: Using `TRANSFORMERS_CACHE` is deprecated and will be removed in v5 of Transformers. Use `HF_HOME` instead.
[36m(pid=1106981)[0m   warnings.warn(

[36m(TaskRunnerV1 pid=1104909)[0m                             'steps': []},
[36m(TaskRunnerV1 pid=1104909)[0m           'rollout': {'action': 'cache',
[36m(TaskRunnerV1 pid=1104909)[0m                       'dump_dir': '~/.verl/rollout_dump',
[36m(TaskRunnerV1 pid=1104909)[0m                       'enable': False,
[36m(TaskRunnerV1 pid=1104909)[0m                       'steps': []}},
[36m(TaskRunnerV1 pid=1104909)[0m  'trainer': {'balance_batch': True,
[36m(TaskRunnerV1 pid=1104909)[0m              'critic_warmup': 0,
[36m(TaskRunnerV1 pid=1104909)[0m              'default_hdfs_dir': None,
[36m(TaskRunnerV1 pid=1104909)[0m              'default_local_dir': '/data2/hjk/checkpoints/verl_qwen3vl/qwen3vl8b_answer_resource_smoke_len1024_n2',
[36m(TaskRunnerV1 pid=1104909)[0m              'del_local_ckpt_after_load': False,
[36m(TaskRunnerV1 pid=1104909)[0m              'device': 'cuda',
[36m(TaskRunnerV1 pid=1104909)[0m              'esi_redundant_time': 0,
[36m(TaskRunnerV1 pid=1104909)[0m              'experiment_name': 'qwen3vl8b_answer_resource_smoke_len1024_n2',
[36m(TaskRunnerV1 pid=1104909)[0m              'log_val_generations': 0,
[36m(TaskRunnerV1 pid=1104909)[0m              'logger': ['console'],
[36m(TaskRunnerV1 pid=1104909)[0m              'max_actor_ckpt_to_keep': None,
[36m(TaskRunnerV1 pid=1104909)[0m              'max_critic_ckpt_to_keep': None,
[36m(TaskRunnerV1 pid=1104909)[0m              'n_gpus_per_node': 1,
[36m(TaskRunnerV1 pid=1104909)[0m              'nnodes': 1,
[36m(TaskRunnerV1 pid=1104909)[0m              'project_name': 'qwen3vl_resource_smoke',
[36m(TaskRunnerV1 pid=1104909)[0m              'ray_wait_register_center_timeout': 300,
[36m(TaskRunnerV1 pid=1104909)[0m              'resume_from_path': None,
[36m(TaskRunnerV1 pid=1104909)[0m              'resume_mode': 'auto',
[36m(TaskRunnerV1 pid=1104909)[0m              'rollout_data_dir': None,
[36m(TaskRunnerV1 pid=1104909)[0m              'save_freq': -1,
[36m(TaskRunnerV1 pid=1104909)[0m              'test_freq': -1,
[36m(TaskRunnerV1 pid=1104909)[0m              'total_epochs': 1,
[36m(TaskRunnerV1 pid=1104909)[0m              'total_training_steps': 2,
[36m(TaskRunnerV1 pid=1104909)[0m              'use_v1': True,
[36m(TaskRunnerV1 pid=1104909)[0m              'v1': {'colocate_async': {'num_warmup_batches': 1},
[36m(TaskRunnerV1 pid=1104909)[0m                     'sampler': {'custom_sampler': {'name': None, 'path': None},
[36m(TaskRunnerV1 pid=1104909)[0m                                 'max_off_policy_strategy': 'drop',
[36m(TaskRunnerV1 pid=1104909)[0m                                 'max_off_policy_threshold': 8,
[36m(TaskRunnerV1 pid=1104909)[0m                                 'sampler_kwargs': {}},
[36m(TaskRunnerV1 pid=1104909)[0m                     'separate_async': {'num_warmup_batches': 4,
[36m(TaskRunnerV1 pid=1104909)[0m                                        'parameter_sync_step': 4},
[36m(TaskRunnerV1 pid=1104909)[0m                     'sync': {},
[36m(TaskRunnerV1 pid=1104909)[0m                     'trainer_mode': 'sync'},
[36m(TaskRunnerV1 pid=1104909)[0m              'val_before_train': False,
[36m(TaskRunnerV1 pid=1104909)[0m              'val_only': False,
[36m(TaskRunnerV1 pid=1104909)[0m              'validation_data_dir': None},
[36m(TaskRunnerV1 pid=1104909)[0m  'transfer_queue': {'backend': {'MooncakeStore': {'auto_init': False,
[36m(TaskRunnerV1 pid=1104909)[0m                                                   'device_name': '',
[36m(TaskRunnerV1 pid=1104909)[0m                                                   'global_segment_size': 4294967296,
[36m(TaskRunnerV1 pid=1104909)[0m                                                   'local_buffer_size': 1073741824,
[36m(TaskRunnerV1 pid=1104909)[0m                                                   'local_hostname': 'localhost',
[36m(TaskRunnerV1 pid=1104909)[0m                                                   'master_server_address': 'localhost:50124',
[36m(TaskRunnerV1 pid=1104909)[0m                                                   'metadata_server': 'localhost:50123',
[36m(TaskRunnerV1 pid=1104909)[0m                                                   'protocol': 'tcp'},
[36m(TaskRunnerV1 pid=1104909)[0m                                 'SimpleStorage': {'num_data_storage_units': 8,
[36m(TaskRunnerV1 pid=1104909)[0m                                                   'total_storage_size': 100000},
[36m(TaskRunnerV1 pid=1104909)[0m                                 'storage_backend': 'SimpleStorage'},
[36m(TaskRunnerV1 pid=1104909)[0m                     'enable': True,
[36m(TaskRunnerV1 pid=1104909)[0m                     'metrics': {'enabled': False, 'port': 0}}}
[36m(TaskRunnerV1 pid=1104909)[0m Using dataset class: RLHFDataset
[36m(TaskRunnerV1 pid=1104909)[0m dataset len: 16
[36m(TaskRunnerV1 pid=1104909)[0m filter dataset len: 15
[36m(TaskRunnerV1 pid=1104909)[0m Using dataset class: RLHFDataset
[36m(TaskRunnerV1 pid=1104909)[0m dataset len: 16
[36m(TaskRunnerV1 pid=1104909)[0m filter dataset len: 16
[36m(TaskRunnerV1 pid=1104909)[0m colocated worker base class <class 'verl.single_controller.base.worker.Worker'>
[36m(WorkerDict pid=1106415)[0m [Gloo] Rank 0 is connected to 0 peer ranks. Expected number of connected peer ranks is : 0
[36m(WorkerDict pid=1106415)[0m Warning: Failed to set NUMA affinity: libnuma.so: cannot open shared object file: No such file or directory
[36m(WorkerDict pid=1106415)[0m Monkey patch Qwen3VLForConditionalGeneration model forward
[36m(WorkerDict pid=1106415)[0m Monkey patch _flash_attention_forward in transformers.integrations.flash_attention
[36m(WorkerDict pid=1106415)[0m Skipping monkey patch for Qwen3VLForConditionalGeneration as use_fused_kernels is False or fused_kernels_backend is torch
[36m(WorkerDict pid=1106415)[0m PeftModelForCausalLM contains 8.79B parameters
[36m(WorkerDict pid=1106415)[0m Before FSDP, memory allocated (GB): 0.00, memory reserved (GB): 0.00, device memory used/total (GB): 0.51/139.80
[36m(WorkerDict pid=1106415)[0m After FSDP, memory allocated (GB): 32.76, memory reserved (GB): 37.64, device memory used/total (GB): 38.79/139.80
[36m(WorkerDict pid=1106415)[0m Total steps: 2, num_warmup_steps: 0
[36m(WorkerDict pid=1106415)[0m NCCL version 2.27.3+cuda12.9
[36m(WorkerDict pid=1106415)[0m [Gloo] Rank 0 is connected to 0 peer ranks. Expected number of connected peer ranks is : 0
[36m(WorkerDict pid=1106415)[0m [Gloo] Rank 0 is connected to 0 peer ranks. Expected number of connected peer ranks is : 0
[36m(WorkerDict pid=1106415)[0m [Gloo] Rank 0 is connected to 0 peer ranks. Expected number of connected peer ranks is : 0
[36m(TaskRunnerV1 pid=1104909)[0m WARNING 07-06 00:13:16 [api_server.py:1213] LoRA dynamic loading & unloading is enabled in the API server. This should ONLY be used for local development!
[36m(pid=1106981)[0m WARNING 07-06 00:13:24 [api_server.py:1213] LoRA dynamic loading & unloading is enabled in the API server. This should ONLY be used for local development!
[36m(vLLMHttpServer pid=1106981)[0m ['serve',
[36m(vLLMHttpServer pid=1106981)[0m  '/data2/hjk/models/huggingface/hub/models--Qwen--Qwen3-VL-8B-Thinking/snapshots/92f3c4b4feadd3a016ef468d103bb5f58b2a2c6b',
[36m(vLLMHttpServer pid=1106981)[0m  '--dtype',
[36m(vLLMHttpServer pid=1106981)[0m  'bfloat16',
[36m(vLLMHttpServer pid=1106981)[0m  '--load_format',
[36m(vLLMHttpServer pid=1106981)[0m  'dummy',
[36m(vLLMHttpServer pid=1106981)[0m  '--distributed_executor_backend',
[36m(vLLMHttpServer pid=1106981)[0m  'mp',
[36m(vLLMHttpServer pid=1106981)[0m  '--worker_extension_cls',
[36m(vLLMHttpServer pid=1106981)[0m  'verl.workers.rollout.vllm_rollout.utils.vLLMColocateWorkerExtension',
[36m(vLLMHttpServer pid=1106981)[0m  '--max_model_len',
[36m(vLLMHttpServer pid=1106981)[0m  '3072',
[36m(vLLMHttpServer pid=1106981)[0m  '--max_num_seqs',
[36m(vLLMHttpServer pid=1106981)[0m  '4',
[36m(vLLMHttpServer pid=1106981)[0m  '--max_num_batched_tokens',
[36m(vLLMHttpServer pid=1106981)[0m  '8192',[36m(vLLMHttpServer pid=1106981)[0m WARNING:2026-07-06 00:13:25,648:agent loop only support torch and npu profiler, got None
[36m(vLLMHttpServer pid=1106981)[0m INFO:2026-07-06 00:13:25,648:vLLMHttpServer, replica_rank: 0, node_rank: 0, CUDA_VISIBLE_DEVICES: 0, master_address: 202.120.39.159, master_port: 39243, data_parallel_rpc_port: 46433, data_parallel_master_port: 43975
[36m(vLLMHttpServer pid=1106981)[0m INFO:2026-07-06 00:13:25,657:override_generation_config: {'temperature': 1.0, 'top_k': -1, 'top_p': 1, 'repetition_penalty': 1.0, 'max_new_tokens': 1024}
[36m(vLLMHttpServer pid=1106981)[0m INFO:2026-07-06 00:13:25,658:enable_sleep_mode: True
[36m(vLLMHttpServer pid=1106981)[0m `torch_dtype` is deprecated! Use `dtype` instead!
[36m(vLLMHttpServer pid=1106981)[0m /data2/hjk/envs/verl_qwen3vl_py311/lib/python3.11/site-packages/transformers/utils/hub.py:110: FutureWarning: Using `TRANSFORMERS_CACHE` is deprecated and will be removed in v5 of Transformers. Use `HF_HOME` instead.
[36m(vLLMHttpServer pid=1106981)[0m   warnings.warn(
[36m(vLLMHttpServer pid=1106981)[0m /data2/hjk/envs/verl_qwen3vl_py311/lib/python3.11/site-packages/transformers/utils/hub.py:110: FutureWarning: Using `TRANSFORMERS_CACHE` is deprecated and will be removed in v5 of Transformers. Use `HF_HOME` instead.
[36m(vLLMHttpServer pid=1106981)[0m   warnings.warn(
[36m(vLLMHttpServer pid=1106981)[0m [1;36m(Worker pid=1107328)[0;0m Capturing CUDA graphs (mixed prefill-decode, PIECEWISE):   0%|          | 0/4 [00:00<?, ?it/s]
[36m(vLLMHttpServer pid=1106981)[0m Capturing CUDA graphs (mixed prefill-decode, PIECEWISE):  75%|███████▌  | 3/4 [00:00<00:00, 22.17it/s]
[36m(vLLMHttpServer pid=1106981)[0m Capturing CUDA graphs (mixed prefill-decode, PIECEWISE): 100%|██████████| 4/4 [00:00<00:00, 21.48it/s]
[36m(vLLMHttpServer pid=1106981)[0m [1;36m(Worker pid=1107328)[0;0m Capturing CUDA graphs (decode, FULL):   0%|          | 0/3 [00:00<?, ?it/s]
[36m(vLLMHttpServer pid=1106981)[0m Capturing CUDA graphs (decode, FULL): 100%|██████████| 3/3 [00:00<00:00, 29.13it/s]Capturing CUDA graphs (decode, FULL): 100%|██████████| 3/3 [00:00<00:00, 29.07it/s]
[36m(vLLMHttpServer pid=1106981)[0m INFO:2026-07-06 00:14:49,018:Initializing a V1 LLM engine with config: model='/data2/hjk/models/huggingface/hub/models--Qwen--Qwen3-VL-8B-Thinking/snapshots/92f3c4b4feadd3a016ef468d103bb5f58b2a2c6b', speculative_config=None, tokenizer='/data2/hjk/models/huggingface/hub/models--Qwen--Qwen3-VL-8B-Thinking/snapshots/92f3c4b4feadd3a016ef468d103bb5f58b2a2c6b', skip_tokenizer_init=False, tokenizer_mode=auto, revision=None, tokenizer_revision=None, trust_remote_code=False, dtype=torch.bfloat16, max_seq_len=3072, download_dir=None, load_format=dummy, tensor_parallel_size=1, pipeline_parallel_size=1, data_parallel_size=1, disable_custom_all_reduce=False, quantization=None, enforce_eager=False, kv_cache_dtype=auto, device_config=cuda, structured_outputs_config=StructuredOutputsConfig(backend='auto', disable_fallback=False, disable_any_whitespace=False, disable_additional_properties=False, reasoning_parser=''), observability_config=ObservabilityConfig(show_hidden_metrics_for_version=None, otlp_traces_endpoint=None, collect_detailed_traces=None), seed=42, served_model_name=/data2/hjk/models/huggingface/hub/models--Qwen--Qwen3-VL-8B-Thinking/snapshots/92f3c4b4feadd3a016ef468d103bb5f58b2a2c6b, enable_prefix_caching=True, chunked_prefill_enabled=True, pooler_config=None, compilation_config={"level":3,"debug_dump_path":"","cache_dir":"","backend":"","custom_ops":[],"splitting_ops":["vllm.unified_attention","vllm.unified_attention_with_output","vllm.mamba_mixer2","vllm.mamba_mixer","vllm.short_conv","vllm.linear_attention","vllm.plamo2_mamba_mixer","vllm.gdn_attention","vllm.sparse_attn_indexer"],"use_inductor":true,"compile_sizes":[],"inductor_compile_config":{"enable_auto_functionalized_v2":false},"inductor_passes":{},"cudagraph_mode":[2,1],"use_cudagraph":true,"cudagraph_num_of_warmups":1,"cudagraph_capture_sizes":[8,4,2,1],"cudagraph_copy_inputs":false,"full_cuda_graph":false,"use_inductor_graph_partition":false,"pass_config":{},"max_capture_size":8,"local_cache_dir":null}
[36m(TaskRunnerV1 pid=1104909)[0m INFO:2026-07-06 00:14:49,470:checkpoint engine manager initialized
[36m(TaskRunnerV1 pid=1104909)[0m INFO:2026-07-06 00:14:50,096:Training from scratch
[36m(TaskRunnerV1 pid=1104909)[0m INFO:2026-07-06 00:14:50,096:all initialize finished, ready to fit
[36m(GlobalRequestLoadBalancer pid=1108986)[0m /data2/hjk/envs/verl_qwen3vl_py311/lib/python3.11/site-packages/transformers/utils/hub.py:110: FutureWarning: Using `TRANSFORMERS_CACHE` is deprecated and will be removed in v5 of Transformers. Use `HF_HOME` instead.
[36m(GlobalRequestLoadBalancer pid=1108986)[0m   warnings.warn(
[36m(WorkerDict pid=1106415)[0m INFO:2026-07-06 00:15:20,199:update_weights done, time cost: 1.09s
[36m(TaskRunnerV1 pid=1104909)[0m Training Progress:   0%|          | 0/2 [00:00<?, ?it/s]
[36m(pid=1109536)[0m /data2/hjk/envs/verl_qwen3vl_py311/lib/python3.11/site-packages/transformers/utils/hub.py:110: FutureWarning: Using `TRANSFORMERS_CACHE` is deprecated and will be removed in v5 of Transformers. Use `HF_HOME` instead.
[36m(pid=1109536)[0m   warnings.warn(
[36m(pid=1109539)[0m /data2/hjk/envs/verl_qwen3vl_py311/lib/python3.11/site-packages/transformers/utils/hub.py:110: FutureWarning: Using `TRANSFORMERS_CACHE` is deprecated and will be removed in v5 of Transformers. Use `HF_HOME` instead.
[36m(pid=1109539)[0m   warnings.warn(
[36m(pid=1109537)[0m /data2/hjk/envs/verl_qwen3vl_py311/lib/python3.11/site-packages/transformers/utils/hub.py:110: FutureWarning: Using `TRANSFORMERS_CACHE` is deprecated and will be removed in v5 of Transformers. Use `HF_HOME` instead.
[36m(pid=1109537)[0m   warnings.warn(
[36m(pid=1109538)[0m /data2/hjk/envs/verl_qwen3vl_py311/lib/python3.11/site-packages/transformers/utils/hub.py:110: FutureWarning: Using `TRANSFORMERS_CACHE` is deprecated and will be removed in v5 of Transformers. Use `HF_HOME` instead.
[36m(pid=1109538)[0m   warnings.warn(
[36m(pid=1109541)[0m /data2/hjk/envs/verl_qwen3vl_py311/lib/python3.11/site-packages/transformers/utils/hub.py:110: FutureWarning: Using `TRANSFORMERS_CACHE` is deprecated and will be removed in v5 of Transformers. Use `HF_HOME` instead.
[36m(pid=1109541)[0m   warnings.warn(
[36m(pid=1109543)[0m /data2/hjk/envs/verl_qwen3vl_py311/lib/python3.11/site-packages/transformers/utils/hub.py:110: FutureWarning: Using `TRANSFORMERS_CACHE` is deprecated and will be removed in v5 of Transformers. Use `HF_HOME` instead.
[36m(pid=1109543)[0m   warnings.warn(
[36m(pid=1109542)[0m /data2/hjk/envs/verl_qwen3vl_py311/lib/python3.11/site-packages/transformers/utils/hub.py:110: FutureWarning: Using `TRANSFORMERS_CACHE` is deprecated and will be removed in v5 of Transformers. Use `HF_HOME` instead.
[36m(pid=1109542)[0m   warnings.warn(
[36m(pid=1109540)[0m /data2/hjk/envs/verl_qwen3vl_py311/lib/python3.11/site-packages/transformers/utils/hub.py:110: FutureWarning: Using `TRANSFORMERS_CACHE` is deprecated and will be removed in v5 of Transformers. Use `HF_HOME` instead.
[36m(pid=1109540)[0m   warnings.warn(
[36m(pid=1109537)[0m /data2/hjk/projects/verl/verl/workers/engine/mindspeed/transformer_impl.py:24: UserWarning: NPU not support router replay for now.
[36m(pid=1109537)[0m   from verl.utils.megatron.router_replay_patch import RouterReplay
[36m(pid=1109536)[0m /data2/hjk/projects/verl/verl/workers/engine/mindspeed/transformer_impl.py:24: UserWarning: NPU not support router replay for now.
[36m(pid=1109536)[0m   from verl.utils.megatron.router_replay_patch import RouterReplay
[36m(pid=1109542)[0m /data2/hjk/projects/verl/verl/workers/engine/mindspeed/transformer_impl.py:24: UserWarning: NPU not support router replay for now.
[36m(pid=1109542)[0m   from verl.utils.megatron.router_replay_patch import RouterReplay
[36m(pid=1109539)[0m /data2/hjk/projects/verl/verl/workers/engine/mindspeed/transformer_impl.py:24: UserWarning: NPU not support router replay for now.
[36m(pid=1109539)[0m   from verl.utils.megatron.router_replay_patch import RouterReplay
[36m(pid=1109538)[0m /data2/hjk/projects/verl/verl/workers/engine/mindspeed/transformer_impl.py:24: UserWarning: NPU not support router replay for now.
[36m(pid=1109538)[0m   from verl.utils.megatron.router_replay_patch import RouterReplay
[36m(pid=1109541)[0m /data2/hjk/projects/verl/verl/workers/engine/mindspeed/transformer_impl.py:24: UserWarning: NPU not support router replay for now.
[36m(pid=1109541)[0m   from verl.utils.megatron.router_replay_patch import RouterReplay
[36m(pid=1109540)[0m /data2/hjk/projects/verl/verl/workers/engine/mindspeed/transformer_impl.py:24: UserWarning: NPU not support router replay for now.
[36m(pid=1109540)[0m   from verl.utils.megatron.router_replay_patch import RouterReplay
[36m(pid=1109543)[0m /data2/hjk/projects/verl/verl/workers/engine/mindspeed/transformer_impl.py:24: UserWarning: NPU not support router replay for now.
[36m(pid=1109543)[0m   from verl.utils.megatron.router_replay_patch import RouterReplay
[36m(AgentLoopWorkerTQ pid=1109537)[0m Using blocking ray.get inside async actor. This blocks the event loop. Please use `await` on object ref with asyncio.gather if you want to yield execution to the event loop instead.
[36m(AgentLoopWorkerTQ pid=1109536)[0m Using blocking ray.get inside async actor. This blocks the event loop. Please use `await` on object ref with asyncio.gather if you want to yield execution to the event loop instead.
[36m(AgentLoopWorkerTQ pid=1109542)[0m Using blocking ray.get inside async actor. This blocks the event loop. Please use `await` on object ref with asyncio.gather if you want to yield execution to the event loop instead.
[36m(AgentLoopWorkerTQ pid=1109539)[0m Using blocking ray.get inside async actor. This blocks the event loop. Please use `await` on object ref with asyncio.gather if you want to yield execution to the event loop instead.
[36m(AgentLoopWorkerTQ pid=1109538)[0m Using blocking ray.get inside async actor. This blocks the event loop. Please use `await` on object ref with asyncio.gather if you want to yield execution to the event loop instead.
[36m(AgentLoopWorkerTQ pid=1109541)[0m Using blocking ray.get inside async actor. This blocks the event loop. Please use `await` on object ref with asyncio.gather if you want to yield execution to the event loop instead.
[36m(AgentLoopWorkerTQ pid=1109543)[0m Using blocking ray.get inside async actor. This blocks the event loop. Please use `await` on object ref with asyncio.gather if you want to yield execution to the event loop instead.
[36m(AgentLoopWorkerTQ pid=1109540)[0m Using blocking ray.get inside async actor. This blocks the event loop. Please use `await` on object ref with asyncio.gather if you want to yield execution to the event loop instead.
[36m(WorkerDict pid=1106415)[0m Using blocking ray.get inside async actor. This blocks the event loop. Please use `await` on object ref with asyncio.gather if you want to yield execution to the event loop instead.
[36m(WorkerDict pid=1106415)[0m INFO:2026-07-06 00:16:19,902:update_weights done, time cost: 0.91s
[36m(TaskRunnerV1 pid=1104909)[0m Training Progress:  50%|█████     | 1/2 [00:59<00:59, 59.53s/it]
[36m(WorkerDict pid=1106415)[0m INFO:2026-07-06 00:17:01,429:update_weights done, time cost: 0.97s

[36m(vLLMHttpServer pid=1106981)[0m  '--enable_prefix_caching',
[36m(vLLMHttpServer pid=1106981)[0m  '--enable_sleep_mode',
[36m(vLLMHttpServer pid=1106981)[0m  '--logprobs_mode',
[36m(vLLMHttpServer pid=1106981)[0m  'processed_logprobs',
[36m(vLLMHttpServer pid=1106981)[0m  '--gpu_memory_utilization',
[36m(vLLMHttpServer pid=1106981)[0m  '0.5',
[36m(vLLMHttpServer pid=1106981)[0m  '--disable_log_stats',
[36m(vLLMHttpServer pid=1106981)[0m  '--tensor_parallel_size',
[36m(vLLMHttpServer pid=1106981)[0m  '1',
[36m(vLLMHttpServer pid=1106981)[0m  '--seed',
[36m(vLLMHttpServer pid=1106981)[0m  '42',
[36m(vLLMHttpServer pid=1106981)[0m  '--override_generation_config',
[36m(vLLMHttpServer pid=1106981)[0m  '{"temperature": 1.0, "top_k": -1, "top_p": 1, "repetition_penalty": 1.0, '
[36m(vLLMHttpServer pid=1106981)[0m  '"max_new_tokens": 1024}',
[36m(vLLMHttpServer pid=1106981)[0m  '--hf_overrides',
[36m(vLLMHttpServer pid=1106981)[0m  '{}',
[36m(vLLMHttpServer pid=1106981)[0m  '--scheduling_policy',
[36m(vLLMHttpServer pid=1106981)[0m  'fcfs',
[36m(vLLMHttpServer pid=1106981)[0m  '--compilation_config',
[36m(vLLMHttpServer pid=1106981)[0m  '{"cudagraph_mode": "FULL_AND_PIECEWISE"}']
[36m(vLLMHttpServer pid=1106981)[0m WARNING 07-06 00:13:26 [__init__.py:3036] We must use the `spawn` multiprocessing start method. Overriding VLLM_WORKER_MULTIPROC_METHOD to 'spawn'. See https://docs.vllm.ai/en/latest/usage/troubleshooting.html#python-multiprocessing for more information. Reasons: In a Ray actor and can only be spawned; CUDA is initialized
[36m(vLLMHttpServer pid=1106981)[0m [Gloo] Rank 0 is connected to 0 peer ranks. Expected number of connected peer ranks is : 0
[36m(vLLMHttpServer pid=1106981)[0m [Gloo] Rank 0 is connected to 0 peer ranks. Expected number of connected peer ranks is : 0
[36m(vLLMHttpServer pid=1106981)[0m [Gloo] Rank 0 is connected to 0 peer ranks. Expected number of connected peer ranks is : 0
[36m(vLLMHttpServer pid=1106981)[0m [Gloo] Rank 0 is connected to 0 peer ranks. Expected number of connected peer ranks is : 0
[36m(vLLMHttpServer pid=1106981)[0m [Gloo] Rank 0 is connected to 0 peer ranks. Expected number of connected peer ranks is : 0
[36m(vLLMHttpServer pid=1106981)[0m [Gloo] Rank 0 is connected to 0 peer ranks. Expected number of connected peer ranks is : 0
[36m(vLLMHttpServer pid=1106981)[0m WARNING 07-06 00:14:49 [model.py:1389] Default sampling parameters have been overridden by the model's Hugging Face generation config recommended from the model creator. If this is not intended, please relaunch vLLM instance with `--generation-config vllm`.
[36m(TaskRunnerV1 pid=1104909)[0m LLMServerManager: ['202.120.39.159:39271']
[36m(TaskRunnerV1 pid=1104909)[0m Checkpoint tracker file does not exist: /data2/hjk/checkpoints/verl_qwen3vl/qwen3vl8b_answer_resource_smoke_len1024_n2/latest_checkpointed_iteration.txt
[36m(WorkerDict pid=1106415)[0m WARNING 07-06 00:14:50 [api_server.py:1213] LoRA dynamic loading & unloading is enabled in the API server. This should ONLY be used for local development!
[36m(GlobalRequestLoadBalancer pid=1108986)[0m WARNING 07-06 00:14:57 [api_server.py:1213] LoRA dynamic loading & unloading is enabled in the API server. This should ONLY be used for local development!
[36m(AgentLoopWorkerTQ pid=1109537)[0m Using dataset class: RLHFDataset
[36m(AgentLoopWorkerTQ pid=1109536)[0m Using dataset class: RLHFDataset
[36m(AgentLoopWorkerTQ pid=1109542)[0m Using dataset class: RLHFDataset
[36m(AgentLoopWorkerTQ pid=1109539)[0m Using dataset class: RLHFDataset
[36m(AgentLoopWorkerTQ pid=1109541)[0m Using dataset class: RLHFDataset
[36m(AgentLoopWorkerTQ pid=1109538)[0m Using dataset class: RLHFDataset
[36m(AgentLoopWorkerTQ pid=1109540)[0m Using dataset class: RLHFDataset
[36m(AgentLoopWorkerTQ pid=1109543)[0m Using dataset class: RLHFDataset
[36m(AgentLoopWorkerTQ pid=1109536)[0m WARNING 07-06 00:15:30 [api_server.py:1213] LoRA dynamic loading & unloading is enabled in the API server. This should ONLY be used for local development!
[36m(TaskRunnerV1 pid=1104909)[0m step:1 - global_seqlen/min:2388 - global_seqlen/max:2388 - global_seqlen/minmax_diff:0 - global_seqlen/balanced_min:2388 - global_seqlen/balanced_max:2388 - global_seqlen/mean:2388.0 - actor/entropy:0.5225620269775391 - training/rollout_probs_diff_valid:1 - training/rollout_probs_diff_max:0.0978773832321167 - training/rollout_probs_diff_mean:0.005284101236611605 - training/rollout_probs_diff_std:0.009494981728494167 - training/rollout_actor_probs_pearson_corr:0.9994106888771057 - rollout_corr/training_ppl:1.354651927947998 - rollout_corr/training_log_ppl:0.2676261067390442 - rollout_corr/kl:0.001389567507430911 - rollout_corr/k3_kl:0.0005263088387437165 - rollout_corr/rollout_ppl:1.353464126586914 - rollout_corr/rollout_log_ppl:0.26693129539489746 - rollout_corr/log_ppl_diff:0.0006947964429855347 - rollout_corr/log_ppl_abs_diff:0.0006947964429855347 - rollout_corr/log_ppl_diff_max:0.0014216303825378418 - rollout_corr/log_ppl_diff_min:0.0 - rollout_corr/ppl_ratio:1.0006952285766602 - rollout_corr/chi2_token:-0.0006774663925170898 - rollout_corr/chi2_seq:-0.47089457511901855 - actor/pg_clipfrac:np.float64(0.0) - actor/ppo_kl:np.float64(0.0) - actor/pg_clipfrac_lower:np.float64(0.0) - actor/pg_loss:np.float64(0.0) - actor/loss:np.float64(0.0) - actor/grad_norm:np.float64(0.0) - actor/lr:np.float64(1e-06) - actor/perf/max_memory_allocated_gb:np.float64(38.271605491638184) - actor/perf/max_memory_reserved_gb:np.float64(42.2109375) - actor/perf/cpu_memory_used_gb:np.float64(30.46945571899414) - perf/mfu/actor:np.float64(0.047790724148390744) - training/global_step:1 - training/epoch:0 - critic/score/mean:1.0 - critic/score/max:1.0 - critic/score/min:1.0 - critic/rewards/mean:1.0 - critic/rewards/max:1.0 - critic/rewards/min:1.0 - critic/advantages/mean:0.0 - critic/advantages/max:0.0 - critic/advantages/min:0.0 - critic/returns/mean:0.0 - critic/returns/max:0.0 - critic/returns/min:0.0 - response_length/mean:1024.0 - response_length/max:1024.0 - response_length/min:1024.0 - response_length/clip_ratio:1.0 - response_length_non_aborted/mean:1024.0 - response_length_non_aborted/max:1024.0 - response_length_non_aborted/min:1024.0 - response_length_non_aborted/clip_ratio:1.0 - response/aborted_ratio:0.0 - prompt_length/mean:168.0 - prompt_length/max:168.0 - prompt_length/min:168.0 - prompt_length/clip_ratio:1.0 - timing_s/gen:14.691572739975527 - timing_s/old_log_prob:2.4399791749892756 - timing_s/adv:0.08463513397146016 - timing_s/update_actor:2.6768661760143004 - timing_s/update_weights:32.28985819895752 - timing_s/step:59.463873911008704 - timing_per_token_ms/adv:0.03544184839675886 - timing_per_token_ms/update_actor:1.120965735349372 - timing_per_token_ms/gen:7.16662084876855 - perf/total_num_tokens:2388 - perf/time_per_step:59.463873911008704 - perf/throughput:40.15883666734843 - training/num_turns/mean:np.float64(2.0) - training/num_turns/max:np.int64(2) - training/num_turns/min:np.int64(2) - training/off_policy/trajectory_spans/mean:np.float64(1.0) - training/off_policy/trajectory_spans/max:np.float64(1.0) - training/off_policy/trajectory_spans/min:np.float64(1.0) - training/off_policy/trajectory_staleness/mean:np.float64(0.0) - training/off_policy/trajectory_staleness/max:np.float64(0.0) - training/off_policy/trajectory_staleness/min:np.float64(0.0) - training/off_policy/trajectory_staleness_worst/mean:np.float64(0.0) - training/off_policy/trajectory_staleness_worst/max:np.float64(0.0) - training/off_policy/trajectory_staleness_worst/min:np.float64(0.0)
[36m(TaskRunnerV1 pid=1104909)[0m Training Progress: 100%|██████████| 2/2 [01:41<00:00, 48.94s/it]Training Progress: 100%|██████████| 2/2 [01:41<00:00, 50.53s/it]
[36m(TaskRunnerV1 pid=1104909)[0m Traceback (most recent call last):
[36m(TaskRunnerV1 pid=1104909)[0m   File "/data2/hjk/envs/verl_qwen3vl_py311/lib/python3.11/weakref.py", line 666, in _exitfunc
[36m(TaskRunnerV1 pid=1104909)[0m     f()
[36m(TaskRunnerV1 pid=1104909)[0m   File "/data2/hjk/envs/verl_qwen3vl_py311/lib/python3.11/weakref.py", line 590, in __call__
[36m(TaskRunnerV1 pid=1104909)[0m     return info.func(*info.args, **(info.kwargs or {}))
[36m(TaskRunnerV1 pid=1104909)[0m            ^^^^^^^^^^^^^^^^^^^^^^^^^^^^^^^^^^^^^^^^^^^^
[36m(TaskRunnerV1 pid=1104909)[0m   File "/data2/hjk/envs/verl_qwen3vl_py311/lib/python3.11/site-packages/torch/library.py", line 482, in _del_library
[36m(TaskRunnerV1 pid=1104909)[0m     m.reset()
[36m(TaskRunnerV1 pid=1104909)[0m   File "/data2/hjk/envs/verl_qwen3vl_py311/lib/python3.11/site-packages/torch/utils/data/_utils/signal_handling.py", line 73, in handler
[36m(TaskRunnerV1 pid=1104909)[0m     _error_if_any_worker_fails()
[36m(TaskRunnerV1 pid=1104909)[0m RuntimeError: DataLoader worker (pid 1109546) is killed by signal: Killed. 
[36m(TaskRunnerV1 pid=1104909)[0m step:2 - global_seqlen/min:2426 - global_seqlen/max:2426 - global_seqlen/minmax_diff:0 - global_seqlen/balanced_min:2426 - global_seqlen/balanced_max:2426 - global_seqlen/mean:2426.0 - actor/entropy:0.3387979567050934 - training/rollout_probs_diff_valid:1 - training/rollout_probs_diff_max:0.062359780073165894 - training/rollout_probs_diff_mean:0.0045845042914152145 - training/rollout_probs_diff_std:0.00962147582322359 - training/rollout_actor_probs_pearson_corr:0.9992257952690125 - rollout_corr/training_ppl:1.1895924806594849 - rollout_corr/training_log_ppl:0.1604069471359253 - rollout_corr/kl:0.0008571619400754571 - rollout_corr/k3_kl:0.0004544257535599172 - rollout_corr/rollout_ppl:1.1889982223510742 - rollout_corr/rollout_log_ppl:0.15997835993766785 - rollout_corr/log_ppl_diff:0.00042857974767684937 - rollout_corr/log_ppl_abs_diff:0.00042857974767684937 - rollout_corr/log_ppl_diff_max:0.0009912550449371338 - rollout_corr/log_ppl_diff_min:0.0 - rollout_corr/ppl_ratio:1.0004287958145142 - rollout_corr/chi2_token:0.00010144710540771484 - rollout_corr/chi2_seq:-0.41030824184417725 - actor/pg_clipfrac:np.float64(0.0) - actor/ppo_kl:np.float64(0.0) - actor/pg_clipfrac_lower:np.float64(0.0) - actor/pg_loss:np.float64(0.0) - actor/loss:np.float64(0.0) - actor/grad_norm:np.float64(0.0) - actor/lr:np.float64(1e-06) - actor/perf/max_memory_allocated_gb:np.float64(38.465453147888184) - actor/perf/max_memory_reserved_gb:np.float64(46.849609375) - actor/perf/cpu_memory_used_gb:np.float64(31.308143615722656) - perf/mfu/actor:np.float64(0.10639045003750573) - training/global_step:2 - training/epoch:0 - critic/score/mean:0.0 - critic/score/max:0.0 - critic/score/min:0.0 - critic/rewards/mean:0.0 - critic/rewards/max:0.0 - critic/rewards/min:0.0 - critic/advantages/mean:0.0 - critic/advantages/max:0.0 - critic/advantages/min:0.0 - critic/returns/mean:0.0 - critic/returns/max:0.0 - critic/returns/min:0.0 - response_length/mean:1024.0 - response_length/max:1024.0 - response_length/min:1024.0 - response_length/clip_ratio:1.0 - response_length_non_aborted/mean:1024.0 - response_length_non_aborted/max:1024.0 - response_length_non_aborted/min:1024.0 - response_length_non_aborted/clip_ratio:1.0 - response/aborted_ratio:0.0 - prompt_length/mean:187.0 - prompt_length/max:187.0 - prompt_length/min:187.0 - prompt_length/clip_ratio:1.0 - timing_s/gen:8.65205384301953 - timing_s/old_log_prob:0.6911898080143146 - timing_s/adv:0.08528509200550616 - timing_s/update_actor:1.2553027049871162 - timing_s/update_weights:30.65942191600334 - timing_s/step:41.44987027300522 - timing_per_token_ms/adv:0.03515461335758704 - timing_per_token_ms/update_actor:0.517437223819916 - timing_per_token_ms/gen:4.220514069765624 - perf/total_num_tokens:2426 - perf/time_per_step:41.44987027300522 - perf/throughput:58.52853058456892 - training/num_turns/mean:np.float64(2.0) - training/num_turns/max:np.int64(2) - training/num_turns/min:np.int64(2) - training/off_policy/trajectory_spans/mean:np.float64(1.0) - training/off_policy/trajectory_spans/max:np.float64(1.0) - training/off_policy/trajectory_spans/min:np.float64(1.0) - training/off_policy/trajectory_staleness/mean:np.float64(0.0) - training/off_policy/trajectory_staleness/max:np.float64(0.0) - training/off_policy/trajectory_staleness/min:np.float64(0.0) - training/off_policy/trajectory_staleness_worst/mean:np.float64(0.0) - training/off_policy/trajectory_staleness_worst/max:np.float64(0.0) - training/off_policy/trajectory_staleness_worst/min:np.float64(0.0)
[36m(TaskRunnerV1 pid=1104909)[0m 'Final validation metrics: None'
+ free -h
               total        used        free      shared  buff/cache   available
Mem:           125Gi       2.3Gi        73Gi       7.0Mi        49Gi       122Gi
Swap:          8.0Gi        96Mi       7.9Gi
+ nvidia-smi
Mon Jul  6 00:17:07 2026       
+-----------------------------------------------------------------------------------------+
| NVIDIA-SMI 580.95.05              Driver Version: 580.95.05      CUDA Version: 13.0     |
+-----------------------------------------+------------------------+----------------------+
| GPU  Name                 Persistence-M | Bus-Id          Disp.A | Volatile Uncorr. ECC |
| Fan  Temp   Perf          Pwr:Usage/Cap |           Memory-Usage | GPU-Util  Compute M. |
|                                         |                        |               MIG M. |
|=========================================+========================+======================|
|   0  NVIDIA H200                    Off |   00000000:C0:00.0 Off |                    0 |
| N/A   43C    P0            205W /  700W |       0MiB / 143771MiB |      0%      Default |
|                                         |                        |             Disabled |
+-----------------------------------------+------------------------+----------------------+

+-----------------------------------------------------------------------------------------+
| Processes:                                                                              |
|  GPU   GI   CI              PID   Type   Process name                        GPU Memory |
|        ID   ID                                                               Usage      |
|=========================================================================================|
|  No running processes found                                                             |
+-----------------------------------------------------------------------------------------+
+ df -h / /data2
Filesystem      Size  Used Avail Use% Mounted on
/dev/sda3       434G   99G  313G  25% /
/dev/nvme1n1p1  7.0T  150G  6.5T   3% /data2
+ echo QWEN3VL_RESOURCE_SMOKE_EXIT_CODE=0
QWEN3VL_RESOURCE_SMOKE_EXIT_CODE=0
