+ python --version
Python 3.11.15
+ df -h / /data2
Filesystem      Size  Used Avail Use% Mounted on
/dev/sda3       434G   99G  313G  25% /
/dev/nvme1n1p1  7.0T  150G  6.5T   3% /data2
+ free -h
               total        used        free      shared  buff/cache   available
Mem:           125Gi       2.2Gi        90Gi       243Mi        32Gi       121Gi
Swap:          8.0Gi       164Mi       7.8Gi
+ nvidia-smi
Mon Jul  6 09:34:52 2026       
+-----------------------------------------------------------------------------------------+
| NVIDIA-SMI 580.95.05              Driver Version: 580.95.05      CUDA Version: 13.0     |
+-----------------------------------------+------------------------+----------------------+
| GPU  Name                 Persistence-M | Bus-Id          Disp.A | Volatile Uncorr. ECC |
| Fan  Temp   Perf          Pwr:Usage/Cap |           Memory-Usage | GPU-Util  Compute M. |
|                                         |                        |               MIG M. |
|=========================================+========================+======================|
|   0  NVIDIA H200                    Off |   00000000:C0:00.0 Off |                    0 |
| N/A   42C    P0            204W /  700W |       0MiB / 143771MiB |      0%      Default |
|                                         |                        |             Disabled |
+-----------------------------------------+------------------------+----------------------+

+-----------------------------------------------------------------------------------------+
| Processes:                                                                              |
|  GPU   GI   CI              PID   Type   Process name                        GPU Memory |
|        ID   ID                                                               Usage      |
|=========================================================================================|
|  No running processes found                                                             |
+-----------------------------------------------------------------------------------------+
+ ls -lh /data2/hjk/projects/AI-HiddenState-ER/rl_data/mathverse_qwen3vl_stage3_pilot200_128/mathverse_grpo_train.parquet /data2/hjk/projects/AI-HiddenState-ER/rl_data/mathverse_qwen3vl_stage3_pilot200_128/mathverse_grpo_val.parquet /data2/hjk/projects/AI-HiddenState-ER/scripts/mathverse_qwen3vl_option_gain_reward.py /data2/hjk/projects/AI-HiddenState-ER/scripts/qwen3vl_c2_zscore_reward_manager.py
-rw-rw-r-- 1 hjk hjk 26K Jul  6 03:29 /data2/hjk/projects/AI-HiddenState-ER/rl_data/mathverse_qwen3vl_stage3_pilot200_128/mathverse_grpo_train.parquet
-rw-rw-r-- 1 hjk hjk 21K Jul  6 03:29 /data2/hjk/projects/AI-HiddenState-ER/rl_data/mathverse_qwen3vl_stage3_pilot200_128/mathverse_grpo_val.parquet
-rwxrwxr-x 1 hjk hjk 14K Jul  6 09:31 /data2/hjk/projects/AI-HiddenState-ER/scripts/mathverse_qwen3vl_option_gain_reward.py
-rwxrwxr-x 1 hjk hjk 12K Jul  6 09:31 /data2/hjk/projects/AI-HiddenState-ER/scripts/qwen3vl_c2_zscore_reward_manager.py
+ echo RUN_NAME=qwen3vl8b_stage3_c2_1_vllm_probe_smoke18_groupfix_seed42
RUN_NAME=qwen3vl8b_stage3_c2_1_vllm_probe_smoke18_groupfix_seed42
+ echo SEED=42
SEED=42
+ echo MAX_RESPONSE_LENGTH=16384
MAX_RESPONSE_LENGTH=16384
+ echo ROLLOUT_N=2
ROLLOUT_N=2
+ echo TRAIN_BATCH_SIZE=1
TRAIN_BATCH_SIZE=1
+ echo TOTAL_STEPS=18
TOTAL_STEPS=18
+ echo ROLLOUT_ENFORCE_EAGER=False
ROLLOUT_ENFORCE_EAGER=False
+ echo ROLLOUT_ENABLE_CHUNKED_PREFILL=False
ROLLOUT_ENABLE_CHUNKED_PREFILL=False
+ echo ROLLOUT_ENABLE_PREFIX_CACHING=False
ROLLOUT_ENABLE_PREFIX_CACHING=False
+ echo OPTION_GAIN_LAMBDA=0.2
OPTION_GAIN_LAMBDA=0.2
+ echo OPTION_GAIN_RESPONSE_FRACS=0.0,0.25,0.50,0.90
OPTION_GAIN_RESPONSE_FRACS=0.0,0.25,0.50,0.90
+ echo OPTION_GAIN_MAX_RESPONSE_CHARS=4096
OPTION_GAIN_MAX_RESPONSE_CHARS=4096
+ echo VALIDATION_DATA_DIR=/data2/hjk/projects/AI-HiddenState-ER/rl_audit/qwen3vl8b_stage3_c2_1_vllm_probe_smoke18_groupfix_seed42/validation_generations
VALIDATION_DATA_DIR=/data2/hjk/projects/AI-HiddenState-ER/rl_audit/qwen3vl8b_stage3_c2_1_vllm_probe_smoke18_groupfix_seed42/validation_generations
+ cd /data2/hjk/projects/verl
+ MAX_MODEL_LEN=20480
+ ROLLOUT_MAX_NUM_BATCHED_TOKENS=20480
+ DEVICE=gpu
+ MODEL_PATH=/data2/hjk/models/huggingface/hub/models--Qwen--Qwen3-VL-8B-Thinking/snapshots/92f3c4b4feadd3a016ef468d103bb5f58b2a2c6b
+ TRAIN_FILE=/data2/hjk/projects/AI-HiddenState-ER/rl_data/mathverse_qwen3vl_stage3_pilot200_128/mathverse_grpo_train.parquet
+ TEST_FILE=/data2/hjk/projects/AI-HiddenState-ER/rl_data/mathverse_qwen3vl_stage3_pilot200_128/mathverse_grpo_val.parquet
+ NDEVICES_PER_NODE=1
+ NNODES=1
+ TRAIN_BATCH_SIZE=1
+ PPO_MINI_BATCH_SIZE=2
+ MAX_PROMPT_LENGTH=4096
+ MAX_RESPONSE_LENGTH=16384
+ PPO_MAX_TOKEN_LEN_PER_GPU=65536
+ ROLLOUT_TP=1
+ ROLLOUT_N=2
+ ROLLOUT_GPU_MEM_UTIL=0.50
+ TOTAL_EPOCHS=1
+ SAVE_FREQ=-1
+ TEST_FREQ=-1
+ PROJECT_NAME=qwen3vl_stage3_pilot
+ EXPERIMENT_NAME=qwen3vl8b_stage3_c2_1_vllm_probe_smoke18_groupfix_seed42
+ bash examples/grpo_trainer/run_qwen3_vl_8b_fsdp.sh 'trainer.logger=["console"]' trainer.total_training_steps=18 trainer.val_before_train=False trainer.default_local_dir=/data2/hjk/checkpoints/verl_qwen3vl/qwen3vl8b_stage3_c2_1_vllm_probe_smoke18_groupfix_seed42 trainer.log_val_generations=16 trainer.validation_data_dir=/data2/hjk/projects/AI-HiddenState-ER/rl_audit/qwen3vl8b_stage3_c2_1_vllm_probe_smoke18_groupfix_seed42/validation_generations reward.num_workers=1 reward.custom_reward_function.path=/data2/hjk/projects/AI-HiddenState-ER/scripts/mathverse_qwen3vl_option_gain_reward.py reward.custom_reward_function.name=compute_score reward.reward_manager.source=importlib reward.reward_manager.module.path=/data2/hjk/projects/AI-HiddenState-ER/scripts/qwen3vl_c2_zscore_reward_manager.py reward.reward_manager.name=Qwen3VLC2ZscoreRewardManager actor_rollout_ref.model.use_fused_kernels=False +actor_rollout_ref.model.override_config.attn_implementation=sdpa actor_rollout_ref.model.lora_rank=8 actor_rollout_ref.model.lora_alpha=16 actor_rollout_ref.model.lora.merge=True 'actor_rollout_ref.model.target_modules=["q_proj","k_proj","v_proj","o_proj","gate_proj","up_proj","down_proj"]' actor_rollout_ref.rollout.temperature=1.0 actor_rollout_ref.rollout.top_p=1.0 actor_rollout_ref.rollout.top_k=-1 actor_rollout_ref.rollout.do_sample=True actor_rollout_ref.rollout.seed=42 actor_rollout_ref.actor.data_loader_seed=42 actor_rollout_ref.actor.fsdp_config.seed=42 actor_rollout_ref.ref.fsdp_config.seed=42 algorithm.use_kl_in_reward=False actor_rollout_ref.actor.use_kl_loss=False actor_rollout_ref.actor.fsdp_config.param_offload=False actor_rollout_ref.actor.fsdp_config.optimizer_offload=False actor_rollout_ref.ref.fsdp_config.param_offload=True actor_rollout_ref.rollout.gpu_memory_utilization=0.50 actor_rollout_ref.rollout.max_model_len=20480 actor_rollout_ref.rollout.max_num_seqs=4 actor_rollout_ref.rollout.max_num_batched_tokens=20480 actor_rollout_ref.rollout.enforce_eager=False actor_rollout_ref.rollout.enable_chunked_prefill=False actor_rollout_ref.rollout.enable_prefix_caching=False data.image_key=images data.dataloader_num_workers=0 data.shuffle=True data.seed=42 data.filter_overlong_prompts=True data.truncation=error
+ DEVICE=gpu
+ MODEL_PATH=/data2/hjk/models/huggingface/hub/models--Qwen--Qwen3-VL-8B-Thinking/snapshots/92f3c4b4feadd3a016ef468d103bb5f58b2a2c6b
+ NNODES=1
+ NDEVICES_PER_NODE=1
+ TRAIN_BATCH_SIZE=1
+ PPO_MINI_BATCH_SIZE=2
+ MAX_PROMPT_LENGTH=4096
+ MAX_RESPONSE_LENGTH=16384
+ PPO_MAX_TOKEN_LEN_PER_GPU=65536
+ ACTOR_LR=1e-6
+ KL_LOSS_COEF=0.01
+ ENTROPY_COEFF=0
+ ROLLOUT_TP=1
+ ROLLOUT_GPU_MEM_UTIL=0.50
+ ROLLOUT_N=2
+ SP_SIZE=1
+ TOTAL_EPOCHS=1
+ SAVE_FREQ=-1
+ TEST_FREQ=-1
+ PROJECT_NAME=qwen3vl_stage3_pilot
+ EXPERIMENT_NAME=qwen3vl8b_stage3_c2_1_vllm_probe_smoke18_groupfix_seed42
+ TRAIN_FILE=/data2/hjk/projects/AI-HiddenState-ER/rl_data/mathverse_qwen3vl_stage3_pilot200_128/mathverse_grpo_train.parquet
+ TEST_FILE=/data2/hjk/projects/AI-HiddenState-ER/rl_data/mathverse_qwen3vl_stage3_pilot200_128/mathverse_grpo_val.parquet
+ n_devices_per_node=1
+ case "${DEVICE}" in
+ rollout_gpu_mem_util=0.50
+ DATA=(algorithm.adv_estimator=grpo algorithm.use_kl_in_reward=False data.train_files=${TRAIN_FILE} data.val_files=${TEST_FILE} data.image_key=images data.train_batch_size=${TRAIN_BATCH_SIZE} data.max_prompt_length=${MAX_PROMPT_LENGTH} data.max_response_length=${MAX_RESPONSE_LENGTH} data.filter_overlong_prompts=True data.truncation='error')
+ MODEL=(actor_rollout_ref.model.path="$MODEL_PATH" actor_rollout_ref.model.use_remove_padding=True actor_rollout_ref.model.enable_gradient_checkpointing=True)
+ ACTOR=(actor_rollout_ref.actor.strategy=fsdp2 actor_rollout_ref.actor.optim.lr=${ACTOR_LR} actor_rollout_ref.actor.ppo_mini_batch_size=${PPO_MINI_BATCH_SIZE} actor_rollout_ref.actor.use_dynamic_bsz=True actor_rollout_ref.actor.ppo_max_token_len_per_gpu=${PPO_MAX_TOKEN_LEN_PER_GPU} actor_rollout_ref.actor.use_kl_loss=True actor_rollout_ref.actor.kl_loss_coef=${KL_LOSS_COEF} actor_rollout_ref.actor.kl_loss_type=low_var_kl actor_rollout_ref.actor.entropy_coeff=${ENTROPY_COEFF})
+ ROLLOUT=(actor_rollout_ref.rollout.name=vllm actor_rollout_ref.rollout.tensor_model_parallel_size=${ROLLOUT_TP} actor_rollout_ref.rollout.gpu_memory_utilization=${rollout_gpu_mem_util} actor_rollout_ref.rollout.enable_chunked_prefill=False actor_rollout_ref.rollout.n=${ROLLOUT_N} actor_rollout_ref.rollout.log_prob_use_dynamic_bsz=True actor_rollout_ref.rollout.log_prob_max_token_len_per_gpu=${PPO_MAX_TOKEN_LEN_PER_GPU})
+ REF=(actor_rollout_ref.ref.log_prob_use_dynamic_bsz=True actor_rollout_ref.ref.log_prob_max_token_len_per_gpu=${PPO_MAX_TOKEN_LEN_PER_GPU} actor_rollout_ref.ref.fsdp_config.param_offload=True)
+ TRAINER=(trainer.balance_batch=True trainer.logger='["console","wandb"]' trainer.project_name=${PROJECT_NAME} trainer.experiment_name=${EXPERIMENT_NAME} trainer.n_gpus_per_node=${n_devices_per_node} trainer.nnodes=${NNODES} trainer.save_freq=${SAVE_FREQ} trainer.test_freq=${TEST_FREQ} trainer.total_epochs=${TOTAL_EPOCHS})
+ '[' gpu = npu ']'
+ EXTRA=(actor_rollout_ref.model.use_fused_kernels=True actor_rollout_ref.actor.fsdp_config.param_offload=False actor_rollout_ref.actor.fsdp_config.optimizer_offload=False actor_rollout_ref.rollout.enforce_eager=False actor_rollout_ref.rollout.free_cache_engine=True)
+ python3 -m verl.trainer.main_ppo algorithm.adv_estimator=grpo algorithm.use_kl_in_reward=False data.train_files=/data2/hjk/projects/AI-HiddenState-ER/rl_data/mathverse_qwen3vl_stage3_pilot200_128/mathverse_grpo_train.parquet data.val_files=/data2/hjk/projects/AI-HiddenState-ER/rl_data/mathverse_qwen3vl_stage3_pilot200_128/mathverse_grpo_val.parquet data.image_key=images data.train_batch_size=1 data.max_prompt_length=4096 data.max_response_length=16384 data.filter_overlong_prompts=True data.truncation=error actor_rollout_ref.model.path=/data2/hjk/models/huggingface/hub/models--Qwen--Qwen3-VL-8B-Thinking/snapshots/92f3c4b4feadd3a016ef468d103bb5f58b2a2c6b actor_rollout_ref.model.use_remove_padding=True actor_rollout_ref.model.enable_gradient_checkpointing=True actor_rollout_ref.actor.strategy=fsdp2 actor_rollout_ref.actor.optim.lr=1e-6 actor_rollout_ref.actor.ppo_mini_batch_size=2 actor_rollout_ref.actor.use_dynamic_bsz=True actor_rollout_ref.actor.ppo_max_token_len_per_gpu=65536 actor_rollout_ref.actor.use_kl_loss=True actor_rollout_ref.actor.kl_loss_coef=0.01 actor_rollout_ref.actor.kl_loss_type=low_var_kl actor_rollout_ref.actor.entropy_coeff=0 actor_rollout_ref.rollout.name=vllm actor_rollout_ref.rollout.tensor_model_parallel_size=1 actor_rollout_ref.rollout.gpu_memory_utilization=0.50 actor_rollout_ref.rollout.enable_chunked_prefill=False actor_rollout_ref.rollout.n=2 actor_rollout_ref.rollout.log_prob_use_dynamic_bsz=True actor_rollout_ref.rollout.log_prob_max_token_len_per_gpu=65536 actor_rollout_ref.ref.log_prob_use_dynamic_bsz=True actor_rollout_ref.ref.log_prob_max_token_len_per_gpu=65536 actor_rollout_ref.ref.fsdp_config.param_offload=True trainer.balance_batch=True 'trainer.logger=["console","wandb"]' trainer.project_name=qwen3vl_stage3_pilot trainer.experiment_name=qwen3vl8b_stage3_c2_1_vllm_probe_smoke18_groupfix_seed42 trainer.n_gpus_per_node=1 trainer.nnodes=1 trainer.save_freq=-1 trainer.test_freq=-1 trainer.total_epochs=1 actor_rollout_ref.model.use_fused_kernels=True actor_rollout_ref.actor.fsdp_config.param_offload=False actor_rollout_ref.actor.fsdp_config.optimizer_offload=False actor_rollout_ref.rollout.enforce_eager=False actor_rollout_ref.rollout.free_cache_engine=True 'trainer.logger=["console"]' trainer.total_training_steps=18 trainer.val_before_train=False trainer.default_local_dir=/data2/hjk/checkpoints/verl_qwen3vl/qwen3vl8b_stage3_c2_1_vllm_probe_smoke18_groupfix_seed42 trainer.log_val_generations=16 trainer.validation_data_dir=/data2/hjk/projects/AI-HiddenState-ER/rl_audit/qwen3vl8b_stage3_c2_1_vllm_probe_smoke18_groupfix_seed42/validation_generations reward.num_workers=1 reward.custom_reward_function.path=/data2/hjk/projects/AI-HiddenState-ER/scripts/mathverse_qwen3vl_option_gain_reward.py reward.custom_reward_function.name=compute_score reward.reward_manager.source=importlib reward.reward_manager.module.path=/data2/hjk/projects/AI-HiddenState-ER/scripts/qwen3vl_c2_zscore_reward_manager.py reward.reward_manager.name=Qwen3VLC2ZscoreRewardManager actor_rollout_ref.model.use_fused_kernels=False +actor_rollout_ref.model.override_config.attn_implementation=sdpa actor_rollout_ref.model.lora_rank=8 actor_rollout_ref.model.lora_alpha=16 actor_rollout_ref.model.lora.merge=True 'actor_rollout_ref.model.target_modules=["q_proj","k_proj","v_proj","o_proj","gate_proj","up_proj","down_proj"]' actor_rollout_ref.rollout.temperature=1.0 actor_rollout_ref.rollout.top_p=1.0 actor_rollout_ref.rollout.top_k=-1 actor_rollout_ref.rollout.do_sample=True actor_rollout_ref.rollout.seed=42 actor_rollout_ref.actor.data_loader_seed=42 actor_rollout_ref.actor.fsdp_config.seed=42 actor_rollout_ref.ref.fsdp_config.seed=42 algorithm.use_kl_in_reward=False actor_rollout_ref.actor.use_kl_loss=False actor_rollout_ref.actor.fsdp_config.param_offload=False actor_rollout_ref.actor.fsdp_config.optimizer_offload=False actor_rollout_ref.ref.fsdp_config.param_offload=True actor_rollout_ref.rollout.gpu_memory_utilization=0.50 actor_rollout_ref.rollout.max_model_len=20480 actor_rollout_ref.rollout.max_num_seqs=4 actor_rollout_ref.rollout.max_num_batched_tokens=20480 actor_rollout_ref.rollout.enforce_eager=False actor_rollout_ref.rollout.enable_chunked_prefill=False actor_rollout_ref.rollout.enable_prefix_caching=False data.image_key=images data.dataloader_num_workers=0 data.shuffle=True data.seed=42 data.filter_overlong_prompts=True data.truncation=error
/data2/hjk/envs/verl_qwen3vl_py311/lib/python3.11/site-packages/transformers/utils/hub.py:110: FutureWarning: Using `TRANSFORMERS_CACHE` is deprecated and will be removed in v5 of Transformers. Use `HF_HOME` instead.
  warnings.warn(
/data2/hjk/projects/verl/verl/trainer/main_ppo.py:167: UserWarning: Disabled critic as algorithm.adv_estimator != gae. If it is not intended, please set critic.enable=True
  use_critic=need_critic(config),
2026-07-06 09:35:04,879	INFO worker.py:2015 -- Started a local Ray instance. View the dashboard at [1m[32mhttp://127.0.0.1:8265 [39m[22m
[36m(pid=1533811)[0m /data2/hjk/envs/verl_qwen3vl_py311/lib/python3.11/site-packages/transformers/utils/hub.py:110: FutureWarning: Using `TRANSFORMERS_CACHE` is deprecated and will be removed in v5 of Transformers. Use `HF_HOME` instead.
[36m(pid=1533811)[0m   warnings.warn(
[36m(TaskRunnerV1 pid=1533811)[0m /data2/hjk/projects/verl/verl/workers/engine/mindspeed/transformer_impl.py:24: UserWarning: NPU not support router replay for now.
[36m(TaskRunnerV1 pid=1533811)[0m   from verl.utils.megatron.router_replay_patch import RouterReplay
[validate_config] All configuration checks passed successfully!
ray init kwargs: {'num_cpus': None, 'runtime_env': {'env_vars': {'NCCL_DEBUG': 'WARN', 'VLLM_LOGGING_LEVEL': 'WARN', 'VLLM_ALLOW_RUNTIME_LORA_UPDATING': 'true', 'CUDA_DEVICE_MAX_CONNECTIONS': '1', 'VLLM_DISABLE_COMPILE_CACHE': '1', 'HCCL_HOST_SOCKET_PORT_RANGE': 'auto', 'HCCL_NPU_SOCKET_PORT_RANGE': 'auto', 'HSA_NO_SCRATCH_RECLAIM': '1', 'PYTHONHASHSEED': '0', 'VERL_FULL_DETERMINISM': '0', 'VLLM_BATCH_INVARIANT': '0'}, 'working_dir': None}}
[36m(TaskRunnerV1 pid=1533811)[0m {'actor_rollout_ref': {'actor': {'_target_': 'verl.workers.config.FSDPActorConfig',
[36m(TaskRunnerV1 pid=1533811)[0m                                  'calculate_entropy': False,
[36m(TaskRunnerV1 pid=1533811)[0m                                  'calculate_sum_pi_squared': False,
[36m(TaskRunnerV1 pid=1533811)[0m                                  'checkpoint': {'_target_': 'verl.trainer.config.CheckpointConfig',
[36m(TaskRunnerV1 pid=1533811)[0m                                                 'async_save': False,
[36m(TaskRunnerV1 pid=1533811)[0m                                                 'load_contents': ['model',
[36m(TaskRunnerV1 pid=1533811)[0m                                                                   'optimizer',
[36m(TaskRunnerV1 pid=1533811)[0m                                                                   'extra'],
[36m(TaskRunnerV1 pid=1533811)[0m                                                 'save_contents': ['model',
[36m(TaskRunnerV1 pid=1533811)[0m                                                                   'optimizer',
[36m(TaskRunnerV1 pid=1533811)[0m                                                                   'extra'],
[36m(TaskRunnerV1 pid=1533811)[0m                                                 'strict': True},
[36m(TaskRunnerV1 pid=1533811)[0m                                  'clip_ratio': 0.2,
[36m(TaskRunnerV1 pid=1533811)[0m                                  'clip_ratio_c': 3.0,
[36m(TaskRunnerV1 pid=1533811)[0m                                  'clip_ratio_high': 0.2,
[36m(TaskRunnerV1 pid=1533811)[0m                                  'clip_ratio_low': 0.2,
[36m(TaskRunnerV1 pid=1533811)[0m                                  'data_loader_seed': 42,
[36m(TaskRunnerV1 pid=1533811)[0m                                  'entropy_checkpointing': False,
[36m(TaskRunnerV1 pid=1533811)[0m                                  'entropy_coeff': 0,
[36m(TaskRunnerV1 pid=1533811)[0m                                  'entropy_from_logits_chunk_size': 2048,
[36m(TaskRunnerV1 pid=1533811)[0m                                  'entropy_from_logits_with_chunking': False,
[36m(TaskRunnerV1 pid=1533811)[0m                                  'freeze_vision_tower': False,
[36m(TaskRunnerV1 pid=1533811)[0m                                  'fsdp_config': {'_target_': 'verl.workers.config.FSDPEngineConfig',
[36m(TaskRunnerV1 pid=1533811)[0m                                                  'dtype': 'bfloat16',
[36m(TaskRunnerV1 pid=1533811)[0m                                                  'entropy_checkpointing': False,
[36m(TaskRunnerV1 pid=1533811)[0m                                                  'entropy_from_logits_chunk_size': 2048,
[36m(TaskRunnerV1 pid=1533811)[0m                                                  'entropy_from_logits_with_chunking': False,
[36m(TaskRunnerV1 pid=1533811)[0m                                                  'forward_only': False,
[36m(TaskRunnerV1 pid=1533811)[0m                                                  'forward_prefetch': False,
[36m(TaskRunnerV1 pid=1533811)[0m                                                  'fsdp_size': -1,
[36m(TaskRunnerV1 pid=1533811)[0m                                                  'full_determinism': False,
[36m(TaskRunnerV1 pid=1533811)[0m                                                  'model_dtype': 'fp32',
[36m(TaskRunnerV1 pid=1533811)[0m                                                  'offload_policy': False,
[36m(TaskRunnerV1 pid=1533811)[0m                                                  'optimizer_offload': False,
[36m(TaskRunnerV1 pid=1533811)[0m                                                  'param_offload': False,
[36m(TaskRunnerV1 pid=1533811)[0m                                                  'qat': {'_target_': 'verl.workers.config.QATEngineConfig',
[36m(TaskRunnerV1 pid=1533811)[0m                                                          'activation_observer': 'static_minmax',
[36m(TaskRunnerV1 pid=1533811)[0m                                                          'enable': False,
[36m(TaskRunnerV1 pid=1533811)[0m                                                          'group_size': 16,
[36m(TaskRunnerV1 pid=1533811)[0m                                                          'ignore_patterns': ['lm_head',
[36m(TaskRunnerV1 pid=1533811)[0m                                                                              'embed_tokens',
[36m(TaskRunnerV1 pid=1533811)[0m                                                                              're:.*mlp.gate$'],
[36m(TaskRunnerV1 pid=1533811)[0m                                                          'mode': 'w4a16',
[36m(TaskRunnerV1 pid=1533811)[0m                                                          'quantization_config_path': None},
[36m(TaskRunnerV1 pid=1533811)[0m                                                  'reshard_after_forward': True,
[36m(TaskRunnerV1 pid=1533811)[0m                                                  'seed': 42,
[36m(TaskRunnerV1 pid=1533811)[0m                                                  'strategy': 'fsdp',
[36m(TaskRunnerV1 pid=1533811)[0m                                                  'ulysses_sequence_parallel_size': 1,
[36m(TaskRunnerV1 pid=1533811)[0m                                                  'use_orig_params': False,
[36m(TaskRunnerV1 pid=1533811)[0m                                                  'use_torch_compile': True,
[36m(TaskRunnerV1 pid=1533811)[0m                                                  'wrap_policy': {'min_num_params': 0}},
[36m(TaskRunnerV1 pid=1533811)[0m                                  'grad_clip': 1.0,
[36m(TaskRunnerV1 pid=1533811)[0m                                  'kl_loss_coef': 0.01,
[36m(TaskRunnerV1 pid=1533811)[0m                                  'kl_loss_type': 'low_var_kl',
[36m(TaskRunnerV1 pid=1533811)[0m                                  'loss_agg_mode': 'token-mean',
[36m(TaskRunnerV1 pid=1533811)[0m                                  'loss_scale_factor': None,
[36m(TaskRunnerV1 pid=1533811)[0m                                  'optim': {'_target_': 'verl.workers.config.FSDPOptimizerConfig',
[36m(TaskRunnerV1 pid=1533811)[0m                                            'betas': [0.9, 0.999],
[36m(TaskRunnerV1 pid=1533811)[0m                                            'clip_grad': 1.0,
[36m(TaskRunnerV1 pid=1533811)[0m                                            'lr': 1e-06,
[36m(TaskRunnerV1 pid=1533811)[0m                                            'lr_scheduler_type': 'constant',
[36m(TaskRunnerV1 pid=1533811)[0m                                            'lr_warmup_steps': -1,
[36m(TaskRunnerV1 pid=1533811)[0m                                            'lr_warmup_steps_ratio': 0.0,
[36m(TaskRunnerV1 pid=1533811)[0m                                            'min_lr_ratio': 0.0,
[36m(TaskRunnerV1 pid=1533811)[0m                                            'num_cycles': 0.5,
[36m(TaskRunnerV1 pid=1533811)[0m                                            'optimizer': 'AdamW',
[36m(TaskRunnerV1 pid=1533811)[0m                                            'optimizer_impl': 'torch.optim',
[36m(TaskRunnerV1 pid=1533811)[0m                                            'override_optimizer_config': None,
[36m(TaskRunnerV1 pid=1533811)[0m                                            'total_training_steps': -1,
[36m(TaskRunnerV1 pid=1533811)[0m                                            'warmup_style': None,
[36m(TaskRunnerV1 pid=1533811)[0m                                            'weight_decay': 0.01,
[36m(TaskRunnerV1 pid=1533811)[0m                                            'zero_indexed_step': True},
[36m(TaskRunnerV1 pid=1533811)[0m                                  'policy_loss': {'_target_': 'verl.workers.config.PolicyLossConfig',
[36m(TaskRunnerV1 pid=1533811)[0m                                                  'clip_cov_lb': 1.0,
[36m(TaskRunnerV1 pid=1533811)[0m                                                  'clip_cov_ratio': 0.0002,
[36m(TaskRunnerV1 pid=1533811)[0m                                                  'clip_cov_ub': 5.0,
[36m(TaskRunnerV1 pid=1533811)[0m                                                  'kl_cov_ratio': 0.0002,
[36m(TaskRunnerV1 pid=1533811)[0m                                                  'loss_mode': 'vanilla',
[36m(TaskRunnerV1 pid=1533811)[0m                                                  'ppo_kl_coef': 0.1},
[36m(TaskRunnerV1 pid=1533811)[0m                                  'ppo_epochs': 1,
[36m(TaskRunnerV1 pid=1533811)[0m                                  'ppo_max_token_len_per_gpu': 65536,
[36m(TaskRunnerV1 pid=1533811)[0m                                  'ppo_micro_batch_size': None,
[36m(TaskRunnerV1 pid=1533811)[0m                                  'ppo_micro_batch_size_per_gpu': None,
[36m(TaskRunnerV1 pid=1533811)[0m                                  'ppo_mini_batch_size': 2,
[36m(TaskRunnerV1 pid=1533811)[0m                                  'profiler': {'_target_': 'verl.utils.profiler.ProfilerConfig',
[36m(TaskRunnerV1 pid=1533811)[0m                                               'all_ranks': False,
[36m(TaskRunnerV1 pid=1533811)[0m                                               'enable': False,
[36m(TaskRunnerV1 pid=1533811)[0m                                               'ranks': [],
[36m(TaskRunnerV1 pid=1533811)[0m                                               'save_path': 'outputs/profile',
[36m(TaskRunnerV1 pid=1533811)[0m                                               'tool': None,
[36m(TaskRunnerV1 pid=1533811)[0m                                               'tool_config': {'npu': {'_target_': 'verl.utils.profiler.config.NPUToolConfig',
[36m(TaskRunnerV1 pid=1533811)[0m                                                                       'analysis': True,
[36m(TaskRunnerV1 pid=1533811)[0m                                                                       'contents': [],
[36m(TaskRunnerV1 pid=1533811)[0m                                                                       'discrete': False,
[36m(TaskRunnerV1 pid=1533811)[0m                                                                       'level': 'level0'},
[36m(TaskRunnerV1 pid=1533811)[0m                                                               'nsys': {'_target_': 'verl.utils.profiler.config.NsightToolConfig',
[36m(TaskRunnerV1 pid=1533811)[0m                                                                        'discrete': False},
[36m(TaskRunnerV1 pid=1533811)[0m                                                               'precision_debugger': {'_target_': 'verl.utils.profiler.config.PrecisionDebuggerToolConfig',
[36m(TaskRunnerV1 pid=1533811)[0m                                                                                      'config_path': None,
[36m(TaskRunnerV1 pid=1533811)[0m                                                                                      'stages': None,
[36m(TaskRunnerV1 pid=1533811)[0m                                                                                      'steps': None,
[36m(TaskRunnerV1 pid=1533811)[0m                                                                                      'strict': False},
[36m(TaskRunnerV1 pid=1533811)[0m                                                               'torch': {'_target_': 'verl.utils.profiler.config.TorchProfilerToolConfig',
[36m(TaskRunnerV1 pid=1533811)[0m                                                                         'contents': [],
[36m(TaskRunnerV1 pid=1533811)[0m                                                                         'discrete': False},
[36m(TaskRunnerV1 pid=1533811)[0m                                                               'torch_memory': {'_target_': 'verl.utils.profiler.config.TorchMemoryToolConfig',
[36m(TaskRunnerV1 pid=1533811)[0m                                                                                'stack_depth': 32,
[36m(TaskRunnerV1 pid=1533811)[0m                                                                                'trace_alloc_max_entries': 100000}}},
[36m(TaskRunnerV1 pid=1533811)[0m                                  'qat': {'activation_observer': 'static_minmax',
[36m(TaskRunnerV1 pid=1533811)[0m                                          'enable': False,
[36m(TaskRunnerV1 pid=1533811)[0m                                          'group_size': 16,
[36m(TaskRunnerV1 pid=1533811)[0m                                          'ignore_patterns': ['lm_head',
[36m(TaskRunnerV1 pid=1533811)[0m                                                              'embed_tokens',
[36m(TaskRunnerV1 pid=1533811)[0m                                                              're:.*mlp.gate$'],
[36m(TaskRunnerV1 pid=1533811)[0m                                          'mode': 'w4a16',
[36m(TaskRunnerV1 pid=1533811)[0m                                          'quantization_config_path': None},
[36m(TaskRunnerV1 pid=1533811)[0m                                  'rollout_n': 2,
[36m(TaskRunnerV1 pid=1533811)[0m                                  'router_replay': {'_target_': 'verl.workers.config.RouterReplayConfig',
[36m(TaskRunnerV1 pid=1533811)[0m                                                    'mode': 'disabled',
[36m(TaskRunnerV1 pid=1533811)[0m                                                    'record_file': None,
[36m(TaskRunnerV1 pid=1533811)[0m                                                    'replay_file': None},
[36m(TaskRunnerV1 pid=1533811)[0m                                  'shuffle': False,
[36m(TaskRunnerV1 pid=1533811)[0m                                  'strategy': 'fsdp2',
[36m(TaskRunnerV1 pid=1533811)[0m                                  'tau_neg': 1.05,
[36m(TaskRunnerV1 pid=1533811)[0m                                  'tau_pos': 1.0,
[36m(TaskRunnerV1 pid=1533811)[0m                                  'ulysses_sequence_parallel_size': 1,
[36m(TaskRunnerV1 pid=1533811)[0m                                  'use_dynamic_bsz': True,
[36m(TaskRunnerV1 pid=1533811)[0m                                  'use_fused_kernels': False,
[36m(TaskRunnerV1 pid=1533811)[0m                                  'use_kl_loss': False,
[36m(TaskRunnerV1 pid=1533811)[0m                                  'use_prefix_grouper': False,
[36m(TaskRunnerV1 pid=1533811)[0m                                  'use_remove_padding': True,
[36m(TaskRunnerV1 pid=1533811)[0m                                  'use_torch_compile': True},
[36m(TaskRunnerV1 pid=1533811)[0m                        'hybrid_engine': True,
[36m(TaskRunnerV1 pid=1533811)[0m                        'model': {'_target_': 'verl.workers.config.HFModelConfig',
[36m(TaskRunnerV1 pid=1533811)[0m                                  'custom_chat_template': None,
[36m(TaskRunnerV1 pid=1533811)[0m                                  'enable_activation_offload': False,
[36m(TaskRunnerV1 pid=1533811)[0m                                  'enable_gradient_checkpointing': True,
[36m(TaskRunnerV1 pid=1533811)[0m                                  'exclude_modules': None,
[36m(TaskRunnerV1 pid=1533811)[0m                                  'external_lib': None,
[36m(TaskRunnerV1 pid=1533811)[0m                                  'fused_kernel_options': {'impl_backend': 'torch'},
[36m(TaskRunnerV1 pid=1533811)[0m                                  'hf_config_path': None,
[36m(TaskRunnerV1 pid=1533811)[0m                                  'lora': {'a2a_experimental': False,
[36m(TaskRunnerV1 pid=1533811)[0m                                           'adapter_path': None,
[36m(TaskRunnerV1 pid=1533811)[0m                                           'alpha': 32,
[36m(TaskRunnerV1 pid=1533811)[0m                                           'dropout': 0.0,
[36m(TaskRunnerV1 pid=1533811)[0m                                           'dropout_position': 'pre',
[36m(TaskRunnerV1 pid=1533811)[0m                                           'dtype': None,
[36m(TaskRunnerV1 pid=1533811)[0m                                           'exclude_modules': [],
[36m(TaskRunnerV1 pid=1533811)[0m                                           'freeze_language_model': True,
[36m(TaskRunnerV1 pid=1533811)[0m                                           'freeze_vision_model': True,
[36m(TaskRunnerV1 pid=1533811)[0m                                           'freeze_vision_projection': True,
[36m(TaskRunnerV1 pid=1533811)[0m                                           'lora_A_init_method': 'xavier',
[36m(TaskRunnerV1 pid=1533811)[0m                                           'lora_B_init_method': 'zero',
[36m(TaskRunnerV1 pid=1533811)[0m                                           'merge': True,
[36m(TaskRunnerV1 pid=1533811)[0m                                           'rank': 0,
[36m(TaskRunnerV1 pid=1533811)[0m                                           'target_modules': ['linear_qkv',
[36m(TaskRunnerV1 pid=1533811)[0m                                                              'linear_proj',
[36m(TaskRunnerV1 pid=1533811)[0m                                                              'linear_fc1',
[36m(TaskRunnerV1 pid=1533811)[0m                                                              'linear_fc2'],
[36m(TaskRunnerV1 pid=1533811)[0m                                           'type': 'lora'},
[36m(TaskRunnerV1 pid=1533811)[0m                                  'lora_adapter_path': None,
[36m(TaskRunnerV1 pid=1533811)[0m                                  'lora_alpha': 16,
[36m(TaskRunnerV1 pid=1533811)[0m                                  'lora_rank': 8,
[36m(TaskRunnerV1 pid=1533811)[0m                                  'mtp': {'_target_': 'verl.workers.config.MtpConfig',
[36m(TaskRunnerV1 pid=1533811)[0m                                          'detach_encoder': False,
[36m(TaskRunnerV1 pid=1533811)[0m                                          'enable': False,
[36m(TaskRunnerV1 pid=1533811)[0m                                          'enable_rollout': False,
[36m(TaskRunnerV1 pid=1533811)[0m                                          'enable_train': False,
[36m(TaskRunnerV1 pid=1533811)[0m                                          'method': 'mtp',
[36m(TaskRunnerV1 pid=1533811)[0m                                          'mtp_loss_scaling_factor': 0.1,
[36m(TaskRunnerV1 pid=1533811)[0m                                          'num_speculative_tokens': 1,
[36m(TaskRunnerV1 pid=1533811)[0m                                          'speculative_algorithm': 'EAGLE',
[36m(TaskRunnerV1 pid=1533811)[0m                                          'speculative_eagle_topk': 1,
[36m(TaskRunnerV1 pid=1533811)[0m                                          'speculative_num_draft_tokens': 4,
[36m(TaskRunnerV1 pid=1533811)[0m                                          'speculative_num_steps': 3},
[36m(TaskRunnerV1 pid=1533811)[0m                                  'override_config': {'attn_implementation': 'sdpa'},
[36m(TaskRunnerV1 pid=1533811)[0m                                  'path': '/data2/hjk/models/huggingface/hub/models--Qwen--Qwen3-VL-8B-Thinking/snapshots/92f3c4b4feadd3a016ef468d103bb5f58b2a2c6b',
[36m(TaskRunnerV1 pid=1533811)[0m                                  'target_modules': ['q_proj',
[36m(TaskRunnerV1 pid=1533811)[0m                                                     'k_proj',
[36m(TaskRunnerV1 pid=1533811)[0m                                                     'v_proj',
[36m(TaskRunnerV1 pid=1533811)[0m                                                     'o_proj',
[36m(TaskRunnerV1 pid=1533811)[0m                                                     'gate_proj',
[36m(TaskRunnerV1 pid=1533811)[0m                                                     'up_proj',
[36m(TaskRunnerV1 pid=1533811)[0m                                                     'down_proj'],
[36m(TaskRunnerV1 pid=1533811)[0m                                  'tiled_mlp': {'enabled': False,
[36m(TaskRunnerV1 pid=1533811)[0m                                                'num_shards': 4},
[36m(TaskRunnerV1 pid=1533811)[0m                                  'tokenizer_path': None,
[36m(TaskRunnerV1 pid=1533811)[0m                                  'trust_remote_code': False,
[36m(TaskRunnerV1 pid=1533811)[0m                                  'use_fused_kernels': False,
[36m(TaskRunnerV1 pid=1533811)[0m                                  'use_liger': False,
[36m(TaskRunnerV1 pid=1533811)[0m                                  'use_remove_padding': True,
[36m(TaskRunnerV1 pid=1533811)[0m                                  'use_shm': False},
[36m(TaskRunnerV1 pid=1533811)[0m                        'nccl_timeout': 600,
[36m(TaskRunnerV1 pid=1533811)[0m                        'ref': {'_target_': 'verl.workers.config.FSDPActorConfig',
[36m(TaskRunnerV1 pid=1533811)[0m                                'entropy_checkpointing': False,
[36m(TaskRunnerV1 pid=1533811)[0m                                'entropy_from_logits_chunk_size': 2048,
[36m(TaskRunnerV1 pid=1533811)[0m                                'entropy_from_logits_with_chunking': False,
[36m(TaskRunnerV1 pid=1533811)[0m                                'fsdp_config': {'_target_': 'verl.workers.config.FSDPEngineConfig',
[36m(TaskRunnerV1 pid=1533811)[0m                                                'dtype': 'bfloat16',
[36m(TaskRunnerV1 pid=1533811)[0m                                                'entropy_checkpointing': False,
[36m(TaskRunnerV1 pid=1533811)[0m                                                'entropy_from_logits_chunk_size': 2048,
[36m(TaskRunnerV1 pid=1533811)[0m                                                'entropy_from_logits_with_chunking': False,
[36m(TaskRunnerV1 pid=1533811)[0m                                                'forward_only': True,
[36m(TaskRunnerV1 pid=1533811)[0m                                                'forward_prefetch': False,
[36m(TaskRunnerV1 pid=1533811)[0m                                                'fsdp_size': -1,
[36m(TaskRunnerV1 pid=1533811)[0m                                                'full_determinism': False,
[36m(TaskRunnerV1 pid=1533811)[0m                                                'model_dtype': 'fp32',
[36m(TaskRunnerV1 pid=1533811)[0m                                                'offload_policy': False,
[36m(TaskRunnerV1 pid=1533811)[0m                                                'optimizer_offload': False,
[36m(TaskRunnerV1 pid=1533811)[0m                                                'param_offload': True,
[36m(TaskRunnerV1 pid=1533811)[0m                                                'qat': {'_target_': 'verl.workers.config.QATEngineConfig',
[36m(TaskRunnerV1 pid=1533811)[0m                                                        'activation_observer': 'static_minmax',
[36m(TaskRunnerV1 pid=1533811)[0m                                                        'enable': False,
[36m(TaskRunnerV1 pid=1533811)[0m                                                        'group_size': 16,
[36m(TaskRunnerV1 pid=1533811)[0m                                                        'ignore_patterns': ['lm_head',
[36m(TaskRunnerV1 pid=1533811)[0m                                                                            'embed_tokens',
[36m(TaskRunnerV1 pid=1533811)[0m                                                                            're:.*mlp.gate$'],
[36m(TaskRunnerV1 pid=1533811)[0m                                                        'mode': 'w4a16',
[36m(TaskRunnerV1 pid=1533811)[0m                                                        'quantization_config_path': None},
[36m(TaskRunnerV1 pid=1533811)[0m                                                'reshard_after_forward': True,
[36m(TaskRunnerV1 pid=1533811)[0m                                                'seed': 42,
[36m(TaskRunnerV1 pid=1533811)[0m                                                'strategy': 'fsdp',
[36m(TaskRunnerV1 pid=1533811)[0m                                                'ulysses_sequence_parallel_size': 1,
[36m(TaskRunnerV1 pid=1533811)[0m                                                'use_orig_params': False,
[36m(TaskRunnerV1 pid=1533811)[0m                                                'use_torch_compile': True,
[36m(TaskRunnerV1 pid=1533811)[0m                                                'wrap_policy': {'min_num_params': 0}},
[36m(TaskRunnerV1 pid=1533811)[0m                                'log_prob_max_token_len_per_gpu': 65536,
[36m(TaskRunnerV1 pid=1533811)[0m                                'log_prob_micro_batch_size': None,
[36m(TaskRunnerV1 pid=1533811)[0m                                'log_prob_micro_batch_size_per_gpu': None,
[36m(TaskRunnerV1 pid=1533811)[0m                                'log_prob_use_dynamic_bsz': True,
[36m(TaskRunnerV1 pid=1533811)[0m                                'profiler': {'_target_': 'verl.utils.profiler.ProfilerConfig',
[36m(TaskRunnerV1 pid=1533811)[0m                                             'all_ranks': False,
[36m(TaskRunnerV1 pid=1533811)[0m                                             'enable': False,
[36m(TaskRunnerV1 pid=1533811)[0m                                             'ranks': [],
[36m(TaskRunnerV1 pid=1533811)[0m                                             'save_path': 'outputs/profile',
[36m(TaskRunnerV1 pid=1533811)[0m                                             'tool': None,
[36m(TaskRunnerV1 pid=1533811)[0m                                             'tool_config': {'npu': {'_target_': 'verl.utils.profiler.config.NPUToolConfig',
[36m(TaskRunnerV1 pid=1533811)[0m                                                                     'analysis': True,
[36m(TaskRunnerV1 pid=1533811)[0m                                                                     'contents': [],
[36m(TaskRunnerV1 pid=1533811)[0m                                                                     'discrete': False,
[36m(TaskRunnerV1 pid=1533811)[0m                                                                     'level': 'level0'},
[36m(TaskRunnerV1 pid=1533811)[0m                                                             'nsys': {'_target_': 'verl.utils.profiler.config.NsightToolConfig',
[36m(TaskRunnerV1 pid=1533811)[0m                                                                      'discrete': False},
[36m(TaskRunnerV1 pid=1533811)[0m                                                             'precision_debugger': {'_target_': 'verl.utils.profiler.config.PrecisionDebuggerToolConfig',
[36m(TaskRunnerV1 pid=1533811)[0m                                                                                    'config_path': None,
[36m(TaskRunnerV1 pid=1533811)[0m                                                                                    'stages': None,
[36m(TaskRunnerV1 pid=1533811)[0m                                                                                    'steps': None,
[36m(TaskRunnerV1 pid=1533811)[0m                                                                                    'strict': False},
[36m(TaskRunnerV1 pid=1533811)[0m                                                             'torch': {'_target_': 'verl.utils.profiler.config.TorchProfilerToolConfig',
[36m(TaskRunnerV1 pid=1533811)[0m                                                                       'contents': [],
[36m(TaskRunnerV1 pid=1533811)[0m                                                                       'discrete': False},
[36m(TaskRunnerV1 pid=1533811)[0m                                                             'torch_memory': {'_target_': 'verl.utils.profiler.config.TorchMemoryToolConfig',
[36m(TaskRunnerV1 pid=1533811)[0m                                                                              'stack_depth': 32,
[36m(TaskRunnerV1 pid=1533811)[0m                                                                              'trace_alloc_max_entries': 100000}}},
[36m(TaskRunnerV1 pid=1533811)[0m                                'rollout_n': 2,
[36m(TaskRunnerV1 pid=1533811)[0m                                'router_replay': {'_target_': 'verl.workers.config.RouterReplayConfig',
[36m(TaskRunnerV1 pid=1533811)[0m                                                  'mode': 'disabled',
[36m(TaskRunnerV1 pid=1533811)[0m                                                  'record_file': None,
[36m(TaskRunnerV1 pid=1533811)[0m                                                  'replay_file': None},
[36m(TaskRunnerV1 pid=1533811)[0m                                'strategy': 'fsdp2',
[36m(TaskRunnerV1 pid=1533811)[0m                                'ulysses_sequence_parallel_size': 1,
[36m(TaskRunnerV1 pid=1533811)[0m                                'use_torch_compile': True},
[36m(TaskRunnerV1 pid=1533811)[0m                        'rollout': {'_target_': 'verl.workers.config.RolloutConfig',
[36m(TaskRunnerV1 pid=1533811)[0m                                    'agent': {'_target_': 'verl.workers.config.AgentLoopConfig',
[36m(TaskRunnerV1 pid=1533811)[0m                                              'agent_loop_config_path': None,
[36m(TaskRunnerV1 pid=1533811)[0m                                              'custom_async_server': {'_target_': 'verl.workers.config.CustomAsyncServerConfig',
[36m(TaskRunnerV1 pid=1533811)[0m                                                                      'name': None,
[36m(TaskRunnerV1 pid=1533811)[0m                                                                      'path': None},
[36m(TaskRunnerV1 pid=1533811)[0m                                              'default_agent_loop': 'single_turn_agent',
[36m(TaskRunnerV1 pid=1533811)[0m                                              'num_workers': 8},
[36m(TaskRunnerV1 pid=1533811)[0m                                    'calculate_log_probs': True,
[36m(TaskRunnerV1 pid=1533811)[0m                                    'checkpoint_engine': {'_target_': 'verl.workers.config.CheckpointEngineConfig',
[36m(TaskRunnerV1 pid=1533811)[0m                                                          'backend': 'naive',
[36m(TaskRunnerV1 pid=1533811)[0m                                                          'custom_backend_module': None,
[36m(TaskRunnerV1 pid=1533811)[0m                                                          'engine_kwargs': {},
[36m(TaskRunnerV1 pid=1533811)[0m                                                          'update_weights_bucket_megabytes': 2048},
[36m(TaskRunnerV1 pid=1533811)[0m                                    'cudagraph_capture_sizes': None,
[36m(TaskRunnerV1 pid=1533811)[0m                                    'data_parallel_size': 1,
[36m(TaskRunnerV1 pid=1533811)[0m                                    'disable_log_stats': True,
[36m(TaskRunnerV1 pid=1533811)[0m                                    'disaggregation': {'bootstrap_port': None,
[36m(TaskRunnerV1 pid=1533811)[0m                                                       'decode_replicas': 1,
[36m(TaskRunnerV1 pid=1533811)[0m                                                       'decode_tensor_model_parallel_size': None,
[36m(TaskRunnerV1 pid=1533811)[0m                                                       'enabled': False,
[36m(TaskRunnerV1 pid=1533811)[0m                                                       'ib_device': None,
[36m(TaskRunnerV1 pid=1533811)[0m                                                       'prefill_replicas': 1,
[36m(TaskRunnerV1 pid=1533811)[0m                                                       'transfer_backend': 'nixl'},
[36m(TaskRunnerV1 pid=1533811)[0m                                    'do_sample': True,
[36m(TaskRunnerV1 pid=1533811)[0m                                    'dtype': 'bfloat16',
[36m(TaskRunnerV1 pid=1533811)[0m                                    'enable_chunked_prefill': False,
[36m(TaskRunnerV1 pid=1533811)[0m                                    'enable_prefix_caching': False,
[36m(TaskRunnerV1 pid=1533811)[0m                                    'enable_rollout_routing_replay': False,
[36m(TaskRunnerV1 pid=1533811)[0m                                    'enforce_eager': False,
[36m(TaskRunnerV1 pid=1533811)[0m                                    'engine_kwargs': {'sglang': {},
[36m(TaskRunnerV1 pid=1533811)[0m                                                      'trtllm': {},
[36m(TaskRunnerV1 pid=1533811)[0m                                                      'vllm': {}},
[36m(TaskRunnerV1 pid=1533811)[0m                                    'expert_parallel_size': 1,
[36m(TaskRunnerV1 pid=1533811)[0m                                    'free_cache_engine': True,
[36m(TaskRunnerV1 pid=1533811)[0m                                    'full_determinism': False,
[36m(TaskRunnerV1 pid=1533811)[0m                                    'gpu_memory_utilization': 0.5,
[36m(TaskRunnerV1 pid=1533811)[0m                                    'ignore_eos': False,
[36m(TaskRunnerV1 pid=1533811)[0m                                    'layered_summon': False,
[36m(TaskRunnerV1 pid=1533811)[0m                                    'load_format': 'dummy',
[36m(TaskRunnerV1 pid=1533811)[0m                                    'log_prob_max_token_len_per_gpu': 65536,
[36m(TaskRunnerV1 pid=1533811)[0m                                    'log_prob_micro_batch_size': None,
[36m(TaskRunnerV1 pid=1533811)[0m                                    'log_prob_micro_batch_size_per_gpu': None,
[36m(TaskRunnerV1 pid=1533811)[0m                                    'log_prob_use_dynamic_bsz': True,
[36m(TaskRunnerV1 pid=1533811)[0m                                    'logprobs_mode': 'processed_logprobs',
[36m(TaskRunnerV1 pid=1533811)[0m                                    'max_model_len': 20480,
[36m(TaskRunnerV1 pid=1533811)[0m                                    'max_num_batched_tokens': 20480,
[36m(TaskRunnerV1 pid=1533811)[0m                                    'max_num_seqs': 4,
[36m(TaskRunnerV1 pid=1533811)[0m                                    'mode': 'async',
[36m(TaskRunnerV1 pid=1533811)[0m                                    'moe_load_balance_metrics_interval': 0,
[36m(TaskRunnerV1 pid=1533811)[0m                                    'mtp': {'_target_': 'verl.workers.config.MtpConfig',
[36m(TaskRunnerV1 pid=1533811)[0m                                            'detach_encoder': False,
[36m(TaskRunnerV1 pid=1533811)[0m                                            'enable': False,
[36m(TaskRunnerV1 pid=1533811)[0m                                            'enable_rollout': False,
[36m(TaskRunnerV1 pid=1533811)[0m                                            'enable_train': False,
[36m(TaskRunnerV1 pid=1533811)[0m                                            'method': 'mtp',
[36m(TaskRunnerV1 pid=1533811)[0m                                            'mtp_loss_scaling_factor': 0.1,
[36m(TaskRunnerV1 pid=1533811)[0m                                            'num_speculative_tokens': 1,
[36m(TaskRunnerV1 pid=1533811)[0m                                            'speculative_algorithm': 'EAGLE',
[36m(TaskRunnerV1 pid=1533811)[0m                                            'speculative_eagle_topk': 1,
[36m(TaskRunnerV1 pid=1533811)[0m                                            'speculative_num_draft_tokens': 4,
[36m(TaskRunnerV1 pid=1533811)[0m                                            'speculative_num_steps': 3},
[36m(TaskRunnerV1 pid=1533811)[0m                                    'multi_stage_wake_up': False,
[36m(TaskRunnerV1 pid=1533811)[0m                                    'multi_turn': {'_target_': 'verl.workers.config.MultiTurnConfig',
[36m(TaskRunnerV1 pid=1533811)[0m                                                   'enable': False,
[36m(TaskRunnerV1 pid=1533811)[0m                                                   'format': 'hermes',
[36m(TaskRunnerV1 pid=1533811)[0m                                                   'function_tool_path': None,
[36m(TaskRunnerV1 pid=1533811)[0m                                                   'max_assistant_turns': None,
[36m(TaskRunnerV1 pid=1533811)[0m                                                   'max_parallel_calls': 1,
[36m(TaskRunnerV1 pid=1533811)[0m                                                   'max_tool_response_length': 256,
[36m(TaskRunnerV1 pid=1533811)[0m                                                   'max_user_turns': None,
[36m(TaskRunnerV1 pid=1533811)[0m                                                   'num_repeat_rollouts': None,
[36m(TaskRunnerV1 pid=1533811)[0m                                                   'tokenization_sanity_check_mode': 'strict',
[36m(TaskRunnerV1 pid=1533811)[0m                                                   'tool_config_path': None,
[36m(TaskRunnerV1 pid=1533811)[0m                                                   'tool_response_truncate_side': 'middle',
[36m(TaskRunnerV1 pid=1533811)[0m                                                   'use_inference_chat_template': False},
[36m(TaskRunnerV1 pid=1533811)[0m                                    'n': 2,
[36m(TaskRunnerV1 pid=1533811)[0m                                    'n_gpus_per_node': 1,
[36m(TaskRunnerV1 pid=1533811)[0m                                    'name': 'vllm',
[36m(TaskRunnerV1 pid=1533811)[0m                                    'nnodes': 0,
[36m(TaskRunnerV1 pid=1533811)[0m                                    'over_sample_rate': 0,
[36m(TaskRunnerV1 pid=1533811)[0m                                    'pipeline_model_parallel_size': 1,
[36m(TaskRunnerV1 pid=1533811)[0m                                    'profiler': {'_target_': 'verl.utils.profiler.ProfilerConfig',
[36m(TaskRunnerV1 pid=1533811)[0m                                                 'all_ranks': False,
[36m(TaskRunnerV1 pid=1533811)[0m                                                 'enable': False,
[36m(TaskRunnerV1 pid=1533811)[0m                                                 'ranks': [],
[36m(TaskRunnerV1 pid=1533811)[0m                                                 'save_path': 'outputs/profile',
[36m(TaskRunnerV1 pid=1533811)[0m                                                 'tool': None,
[36m(TaskRunnerV1 pid=1533811)[0m                                                 'tool_config': {'npu': {'_target_': 'verl.utils.profiler.config.NPUToolConfig',
[36m(TaskRunnerV1 pid=1533811)[0m                                                                         'analysis': True,
[36m(TaskRunnerV1 pid=1533811)[0m                                                                         'contents': [],
[36m(TaskRunnerV1 pid=1533811)[0m                                                                         'discrete': False,
[36m(TaskRunnerV1 pid=1533811)[0m                                                                         'level': 'level0',
[36m(TaskRunnerV1 pid=1533811)[0m                                                                         'profile_token_end': None,
[36m(TaskRunnerV1 pid=1533811)[0m                                                                         'profile_token_start': None},
[36m(TaskRunnerV1 pid=1533811)[0m                                                                 'precision_debugger': {'_target_': 'verl.utils.profiler.config.PrecisionDebuggerToolConfig',
[36m(TaskRunnerV1 pid=1533811)[0m                                                                                        'config_path': None,
[36m(TaskRunnerV1 pid=1533811)[0m                                                                                        'stages': None,
[36m(TaskRunnerV1 pid=1533811)[0m                                                                                        'steps': None,
[36m(TaskRunnerV1 pid=1533811)[0m                                                                                        'strict': False},
[36m(TaskRunnerV1 pid=1533811)[0m                                                                 'torch': {'_target_': 'verl.utils.profiler.config.TorchProfilerToolConfig',
[36m(TaskRunnerV1 pid=1533811)[0m                                                                           'contents': [],
[36m(TaskRunnerV1 pid=1533811)[0m                                                                           'discrete': False,
[36m(TaskRunnerV1 pid=1533811)[0m                                                                           'profile_token_end': None,
[36m(TaskRunnerV1 pid=1533811)[0m                                                                           'profile_token_start': None}}},
[36m(TaskRunnerV1 pid=1533811)[0m                                    'prometheus': {'_target_': 'verl.workers.config.PrometheusConfig',
[36m(TaskRunnerV1 pid=1533811)[0m                                                   'enable': False,
[36m(TaskRunnerV1 pid=1533811)[0m                                                   'file': '/tmp/ray/session_latest/metrics/prometheus/prometheus.yml',
[36m(TaskRunnerV1 pid=1533811)[0m                                                   'port': 9090,
[36m(TaskRunnerV1 pid=1533811)[0m                                                   'served_model_name': '/data2/hjk/models/huggingface/hub/models--Qwen--Qwen3-VL-8B-Thinking/snapshots/92f3c4b4feadd3a016ef468d103bb5f58b2a2c6b'},
[36m(TaskRunnerV1 pid=1533811)[0m                                    'prompt_length': 4096,
[36m(TaskRunnerV1 pid=1533811)[0m                                    'qat': {'_target_': 'verl.workers.config.QATEngineConfig',
[36m(TaskRunnerV1 pid=1533811)[0m                                            'activation_observer': 'static_minmax',
[36m(TaskRunnerV1 pid=1533811)[0m                                            'enable': False,
[36m(TaskRunnerV1 pid=1533811)[0m                                            'group_size': 16,
[36m(TaskRunnerV1 pid=1533811)[0m                                            'ignore_patterns': ['lm_head',
[36m(TaskRunnerV1 pid=1533811)[0m                                                                'embed_tokens',
[36m(TaskRunnerV1 pid=1533811)[0m                                                                're:.*mlp.gate$'],
[36m(TaskRunnerV1 pid=1533811)[0m                                            'mode': 'w4a16',
[36m(TaskRunnerV1 pid=1533811)[0m                                            'quantization_config_path': None},
[36m(TaskRunnerV1 pid=1533811)[0m                                    'quantization': None,
[36m(TaskRunnerV1 pid=1533811)[0m                                    'quantization_config_file': None,
[36m(TaskRunnerV1 pid=1533811)[0m                                    'response_length': 16384,
[36m(TaskRunnerV1 pid=1533811)[0m                                    'scheduling_policy': 'fcfs',
[36m(TaskRunnerV1 pid=1533811)[0m                                    'seed': 42,
[36m(TaskRunnerV1 pid=1533811)[0m                                    'skip_tokenizer_init': True,
[36m(TaskRunnerV1 pid=1533811)[0m                                    'temperature': 1.0,
[36m(TaskRunnerV1 pid=1533811)[0m                                    'tensor_model_parallel_size': 1,
[36m(TaskRunnerV1 pid=1533811)[0m                                    'top_k': -1,
[36m(TaskRunnerV1 pid=1533811)[0m                                    'top_p': 1.0,
[36m(TaskRunnerV1 pid=1533811)[0m                                    'trace': {'_target_': 'verl.workers.config.TraceConfig',
[36m(TaskRunnerV1 pid=1533811)[0m                                              'backend': None,
[36m(TaskRunnerV1 pid=1533811)[0m                                              'experiment_name': 'qwen3vl8b_stage3_c2_1_vllm_probe_smoke18_groupfix_seed42',
[36m(TaskRunnerV1 pid=1533811)[0m                                              'max_samples_per_step_per_worker': None,
[36m(TaskRunnerV1 pid=1533811)[0m                                              'project_name': 'qwen3vl_stage3_pilot',
[36m(TaskRunnerV1 pid=1533811)[0m                                              'token2text': False},
[36m(TaskRunnerV1 pid=1533811)[0m                                    'val_kwargs': {'_target_': 'verl.workers.config.SamplingConfig',
[36m(TaskRunnerV1 pid=1533811)[0m                                                   'do_sample': False,
[36m(TaskRunnerV1 pid=1533811)[0m                                                   'n': 1,
[36m(TaskRunnerV1 pid=1533811)[0m                                                   'temperature': 0,
[36m(TaskRunnerV1 pid=1533811)[0m                                                   'top_k': -1,
[36m(TaskRunnerV1 pid=1533811)[0m                                                   'top_p': 1.0}}},
[36m(TaskRunnerV1 pid=1533811)[0m  'algorithm': {'_target_': 'verl.trainer.config.AlgoConfig',
[36m(TaskRunnerV1 pid=1533811)[0m                'adv_estimator': 'grpo',
[36m(TaskRunnerV1 pid=1533811)[0m                'gamma': 1.0,
[36m(TaskRunnerV1 pid=1533811)[0m                'kl_ctrl': {'_target_': 'verl.trainer.config.KLControlConfig',
[36m(TaskRunnerV1 pid=1533811)[0m                            'horizon': 10000,
[36m(TaskRunnerV1 pid=1533811)[0m                            'kl_coef': 0.001,
[36m(TaskRunnerV1 pid=1533811)[0m                            'target_kl': 0.1,
[36m(TaskRunnerV1 pid=1533811)[0m                            'type': 'fixed'},
[36m(TaskRunnerV1 pid=1533811)[0m                'kl_penalty': 'kl',
[36m(TaskRunnerV1 pid=1533811)[0m                'lam': 1.0,
[36m(TaskRunnerV1 pid=1533811)[0m                'norm_adv_by_std_in_grpo': True,
[36m(TaskRunnerV1 pid=1533811)[0m                'pf_ppo': {'reweight_method': 'pow', 'weight_pow': 2.0},
[36m(TaskRunnerV1 pid=1533811)[0m                'rollout_correction': {'bypass_mode': False,
[36m(TaskRunnerV1 pid=1533811)[0m                                       'loss_type': 'ppo_clip',
[36m(TaskRunnerV1 pid=1533811)[0m                                       'rollout_is': None,
[36m(TaskRunnerV1 pid=1533811)[0m                                       'rollout_is_batch_normalize': False,
[36m(TaskRunnerV1 pid=1533811)[0m                                       'rollout_is_threshold': 2.0,
[36m(TaskRunnerV1 pid=1533811)[0m                                       'rollout_rs': None,
[36m(TaskRunnerV1 pid=1533811)[0m                                       'rollout_rs_threshold': None},
[36m(TaskRunnerV1 pid=1533811)[0m                'use_kl_in_reward': False,
[36m(TaskRunnerV1 pid=1533811)[0m                'use_pf_ppo': False},
[36m(TaskRunnerV1 pid=1533811)[0m  'critic': {'_target_': 'verl.workers.config.FSDPCriticConfig',
[36m(TaskRunnerV1 pid=1533811)[0m             'checkpoint': {'_target_': 'verl.trainer.config.CheckpointConfig',
[36m(TaskRunnerV1 pid=1533811)[0m                            'async_save': False,
[36m(TaskRunnerV1 pid=1533811)[0m                            'load_contents': ['model', 'optimizer', 'extra'],
[36m(TaskRunnerV1 pid=1533811)[0m                            'save_contents': ['model', 'optimizer', 'extra']},
[36m(TaskRunnerV1 pid=1533811)[0m             'cliprange_value': 0.5,
[36m(TaskRunnerV1 pid=1533811)[0m             'data_loader_seed': 42,
[36m(TaskRunnerV1 pid=1533811)[0m             'enable': None,
[36m(TaskRunnerV1 pid=1533811)[0m             'forward_max_token_len_per_gpu': 32768,
[36m(TaskRunnerV1 pid=1533811)[0m             'forward_micro_batch_size': None,
[36m(TaskRunnerV1 pid=1533811)[0m             'forward_micro_batch_size_per_gpu': None,
[36m(TaskRunnerV1 pid=1533811)[0m             'fsdp': {'_target_': 'verl.workers.config.FSDPEngineConfig',
[36m(TaskRunnerV1 pid=1533811)[0m                      'dtype': 'bfloat16',
[36m(TaskRunnerV1 pid=1533811)[0m                      'entropy_checkpointing': False,
[36m(TaskRunnerV1 pid=1533811)[0m                      'entropy_from_logits_chunk_size': 2048,
[36m(TaskRunnerV1 pid=1533811)[0m                      'entropy_from_logits_with_chunking': False,
[36m(TaskRunnerV1 pid=1533811)[0m                      'forward_only': False,
[36m(TaskRunnerV1 pid=1533811)[0m                      'forward_prefetch': False,
[36m(TaskRunnerV1 pid=1533811)[0m                      'fsdp_size': -1,
[36m(TaskRunnerV1 pid=1533811)[0m                      'full_determinism': False,
[36m(TaskRunnerV1 pid=1533811)[0m                      'model_dtype': 'fp32',
[36m(TaskRunnerV1 pid=1533811)[0m                      'offload_policy': False,
[36m(TaskRunnerV1 pid=1533811)[0m                      'optimizer_offload': False,
[36m(TaskRunnerV1 pid=1533811)[0m                      'param_offload': False,
[36m(TaskRunnerV1 pid=1533811)[0m                      'qat': {'_target_': 'verl.workers.config.QATEngineConfig',
[36m(TaskRunnerV1 pid=1533811)[0m                              'activation_observer': 'static_minmax',
[36m(TaskRunnerV1 pid=1533811)[0m                              'enable': False,
[36m(TaskRunnerV1 pid=1533811)[0m                              'group_size': 16,
[36m(TaskRunnerV1 pid=1533811)[0m                              'ignore_patterns': ['lm_head',
[36m(TaskRunnerV1 pid=1533811)[0m                                                  'embed_tokens',
[36m(TaskRunnerV1 pid=1533811)[0m                                                  're:.*mlp.gate$'],
[36m(TaskRunnerV1 pid=1533811)[0m                              'mode': 'w4a16',
[36m(TaskRunnerV1 pid=1533811)[0m                              'quantization_config_path': None},
[36m(TaskRunnerV1 pid=1533811)[0m                      'reshard_after_forward': True,
[36m(TaskRunnerV1 pid=1533811)[0m                      'seed': 42,
[36m(TaskRunnerV1 pid=1533811)[0m                      'strategy': 'fsdp',
[36m(TaskRunnerV1 pid=1533811)[0m                      'ulysses_sequence_parallel_size': 1,
[36m(TaskRunnerV1 pid=1533811)[0m                      'use_orig_params': False,
[36m(TaskRunnerV1 pid=1533811)[0m                      'use_torch_compile': True,
[36m(TaskRunnerV1 pid=1533811)[0m                      'wrap_policy': {'min_num_params': 0}},
[36m(TaskRunnerV1 pid=1533811)[0m             'grad_clip': 1.0,
[36m(TaskRunnerV1 pid=1533811)[0m             'loss_agg_mode': 'token-mean',
[36m(TaskRunnerV1 pid=1533811)[0m             'model': {'_target_': 'verl.workers.config.HFModelConfig',
[36m(TaskRunnerV1 pid=1533811)[0m                       'custom_chat_template': None,
[36m(TaskRunnerV1 pid=1533811)[0m                       'enable_activation_offload': False,
[36m(TaskRunnerV1 pid=1533811)[0m                       'enable_gradient_checkpointing': True,
[36m(TaskRunnerV1 pid=1533811)[0m                       'exclude_modules': None,
[36m(TaskRunnerV1 pid=1533811)[0m                       'external_lib': None,
[36m(TaskRunnerV1 pid=1533811)[0m                       'fused_kernel_options': {'impl_backend': 'torch'},
[36m(TaskRunnerV1 pid=1533811)[0m                       'hf_config_path': None,
[36m(TaskRunnerV1 pid=1533811)[0m                       'lora': {'a2a_experimental': False,
[36m(TaskRunnerV1 pid=1533811)[0m                                'adapter_path': None,
[36m(TaskRunnerV1 pid=1533811)[0m                                'alpha': 32,
[36m(TaskRunnerV1 pid=1533811)[0m                                'dropout': 0.0,
[36m(TaskRunnerV1 pid=1533811)[0m                                'dropout_position': 'pre',
[36m(TaskRunnerV1 pid=1533811)[0m                                'dtype': None,
[36m(TaskRunnerV1 pid=1533811)[0m                                'exclude_modules': [],
[36m(TaskRunnerV1 pid=1533811)[0m                                'freeze_language_model': True,
[36m(TaskRunnerV1 pid=1533811)[0m                                'freeze_vision_model': True,
[36m(TaskRunnerV1 pid=1533811)[0m                                'freeze_vision_projection': True,
[36m(TaskRunnerV1 pid=1533811)[0m                                'lora_A_init_method': 'xavier',
[36m(TaskRunnerV1 pid=1533811)[0m                                'lora_B_init_method': 'zero',
[36m(TaskRunnerV1 pid=1533811)[0m                                'merge': False,
[36m(TaskRunnerV1 pid=1533811)[0m                                'rank': 0,
[36m(TaskRunnerV1 pid=1533811)[0m                                'target_modules': ['linear_qkv',
[36m(TaskRunnerV1 pid=1533811)[0m                                                   'linear_proj',
[36m(TaskRunnerV1 pid=1533811)[0m                                                   'linear_fc1',
[36m(TaskRunnerV1 pid=1533811)[0m                                                   'linear_fc2'],
[36m(TaskRunnerV1 pid=1533811)[0m                                'type': 'lora'},
[36m(TaskRunnerV1 pid=1533811)[0m                       'lora_adapter_path': None,
[36m(TaskRunnerV1 pid=1533811)[0m                       'lora_alpha': 16,
[36m(TaskRunnerV1 pid=1533811)[0m                       'lora_rank': 0,
[36m(TaskRunnerV1 pid=1533811)[0m                       'mtp': {'_target_': 'verl.workers.config.MtpConfig',
[36m(TaskRunnerV1 pid=1533811)[0m                               'detach_encoder': False,
[36m(TaskRunnerV1 pid=1533811)[0m                               'enable': False,
[36m(TaskRunnerV1 pid=1533811)[0m                               'enable_rollout': False,
[36m(TaskRunnerV1 pid=1533811)[0m                               'enable_train': False,
[36m(TaskRunnerV1 pid=1533811)[0m                               'method': 'mtp',
[36m(TaskRunnerV1 pid=1533811)[0m                               'mtp_loss_scaling_factor': 0.1,
[36m(TaskRunnerV1 pid=1533811)[0m                               'num_speculative_tokens': 1,
[36m(TaskRunnerV1 pid=1533811)[0m                               'speculative_algorithm': 'EAGLE',
[36m(TaskRunnerV1 pid=1533811)[0m                               'speculative_eagle_topk': 1,
[36m(TaskRunnerV1 pid=1533811)[0m                               'speculative_num_draft_tokens': 4,
[36m(TaskRunnerV1 pid=1533811)[0m                               'speculative_num_steps': 3},
[36m(TaskRunnerV1 pid=1533811)[0m                       'override_config': {},
[36m(TaskRunnerV1 pid=1533811)[0m                       'path': '~/models/deepseek-llm-7b-chat',
[36m(TaskRunnerV1 pid=1533811)[0m                       'target_modules': 'all-linear',
[36m(TaskRunnerV1 pid=1533811)[0m                       'tiled_mlp': {'enabled': False, 'num_shards': 4},
[36m(TaskRunnerV1 pid=1533811)[0m                       'tokenizer_path': None,
[36m(TaskRunnerV1 pid=1533811)[0m                       'trust_remote_code': False,
[36m(TaskRunnerV1 pid=1533811)[0m                       'use_fused_kernels': False,
[36m(TaskRunnerV1 pid=1533811)[0m                       'use_liger': False,
[36m(TaskRunnerV1 pid=1533811)[0m                       'use_remove_padding': True,
[36m(TaskRunnerV1 pid=1533811)[0m                       'use_shm': False},
[36m(TaskRunnerV1 pid=1533811)[0m             'optim': {'_target_': 'verl.workers.config.FSDPOptimizerConfig',
[36m(TaskRunnerV1 pid=1533811)[0m                       'betas': [0.9, 0.999],
[36m(TaskRunnerV1 pid=1533811)[0m                       'clip_grad': 1.0,
[36m(TaskRunnerV1 pid=1533811)[0m                       'lr': 1e-05,
[36m(TaskRunnerV1 pid=1533811)[0m                       'lr_scheduler_type': 'constant',
[36m(TaskRunnerV1 pid=1533811)[0m                       'lr_warmup_steps': -1,
[36m(TaskRunnerV1 pid=1533811)[0m                       'lr_warmup_steps_ratio': 0.0,
[36m(TaskRunnerV1 pid=1533811)[0m                       'min_lr_ratio': 0.0,
[36m(TaskRunnerV1 pid=1533811)[0m                       'num_cycles': 0.5,
[36m(TaskRunnerV1 pid=1533811)[0m                       'optimizer': 'AdamW',
[36m(TaskRunnerV1 pid=1533811)[0m                       'optimizer_impl': 'torch.optim',
[36m(TaskRunnerV1 pid=1533811)[0m                       'override_optimizer_config': None,
[36m(TaskRunnerV1 pid=1533811)[0m                       'total_training_steps': -1,
[36m(TaskRunnerV1 pid=1533811)[0m                       'warmup_style': None,
[36m(TaskRunnerV1 pid=1533811)[0m                       'weight_decay': 0.01,
[36m(TaskRunnerV1 pid=1533811)[0m                       'zero_indexed_step': True},
[36m(TaskRunnerV1 pid=1533811)[0m             'ppo_epochs': 1,
[36m(TaskRunnerV1 pid=1533811)[0m             'ppo_max_token_len_per_gpu': 32768,
[36m(TaskRunnerV1 pid=1533811)[0m             'ppo_micro_batch_size': None,
[36m(TaskRunnerV1 pid=1533811)[0m             'ppo_micro_batch_size_per_gpu': None,
[36m(TaskRunnerV1 pid=1533811)[0m             'ppo_mini_batch_size': 2,
[36m(TaskRunnerV1 pid=1533811)[0m             'profiler': {'_target_': 'verl.utils.profiler.ProfilerConfig',
[36m(TaskRunnerV1 pid=1533811)[0m                          'all_ranks': False,
[36m(TaskRunnerV1 pid=1533811)[0m                          'enable': False,
[36m(TaskRunnerV1 pid=1533811)[0m                          'ranks': [],
[36m(TaskRunnerV1 pid=1533811)[0m                          'save_path': 'outputs/profile',
[36m(TaskRunnerV1 pid=1533811)[0m                          'tool': None,
[36m(TaskRunnerV1 pid=1533811)[0m                          'tool_config': {'npu': {'_target_': 'verl.utils.profiler.config.NPUToolConfig',
[36m(TaskRunnerV1 pid=1533811)[0m                                                  'analysis': True,
[36m(TaskRunnerV1 pid=1533811)[0m                                                  'contents': [],
[36m(TaskRunnerV1 pid=1533811)[0m                                                  'discrete': False,
[36m(TaskRunnerV1 pid=1533811)[0m                                                  'level': 'level0'},
[36m(TaskRunnerV1 pid=1533811)[0m                                          'nsys': {'_target_': 'verl.utils.profiler.config.NsightToolConfig',
[36m(TaskRunnerV1 pid=1533811)[0m                                                   'discrete': False},
[36m(TaskRunnerV1 pid=1533811)[0m                                          'precision_debugger': {'_target_': 'verl.utils.profiler.config.PrecisionDebuggerToolConfig',
[36m(TaskRunnerV1 pid=1533811)[0m                                                                 'config_path': None,
[36m(TaskRunnerV1 pid=1533811)[0m                                                                 'stages': None,
[36m(TaskRunnerV1 pid=1533811)[0m                                                                 'steps': None,
[36m(TaskRunnerV1 pid=1533811)[0m                                                                 'strict': False},
[36m(TaskRunnerV1 pid=1533811)[0m                                          'torch': {'_target_': 'verl.utils.profiler.config.TorchProfilerToolConfig',
[36m(TaskRunnerV1 pid=1533811)[0m                                                    'contents': [],
[36m(TaskRunnerV1 pid=1533811)[0m                                                    'discrete': False},
[36m(TaskRunnerV1 pid=1533811)[0m                                          'torch_memory': {'_target_': 'verl.utils.profiler.config.TorchMemoryToolConfig',
[36m(TaskRunnerV1 pid=1533811)[0m                                                           'stack_depth': 32,
[36m(TaskRunnerV1 pid=1533811)[0m                                                           'trace_alloc_max_entries': 100000}}},
[36m(TaskRunnerV1 pid=1533811)[0m             'rollout_n': 2,
[36m(TaskRunnerV1 pid=1533811)[0m             'shuffle': False,
[36m(TaskRunnerV1 pid=1533811)[0m             'strategy': 'fsdp',
[36m(TaskRunnerV1 pid=1533811)[0m             'ulysses_sequence_parallel_size': 1,
[36m(TaskRunnerV1 pid=1533811)[0m             'use_dynamic_bsz': True},
[36m(TaskRunnerV1 pid=1533811)[0m  'custom_reward_function': {'name': None, 'path': None},
[36m(TaskRunnerV1 pid=1533811)[0m  'data': {'apply_chat_template_kwargs': {},
[36m(TaskRunnerV1 pid=1533811)[0m           'audio_key': 'audios',
[36m(TaskRunnerV1 pid=1533811)[0m           'continuous_token': {'enable': False, 'model_family': 'auto'},
[36m(TaskRunnerV1 pid=1533811)[0m           'custom_cls': {'name': None, 'path': None},
[36m(TaskRunnerV1 pid=1533811)[0m           'dataloader_num_workers': 0,
[36m(TaskRunnerV1 pid=1533811)[0m           'filter_overlong_prompts': True,
[36m(TaskRunnerV1 pid=1533811)[0m           'filter_overlong_prompts_workers': 1,
[36m(TaskRunnerV1 pid=1533811)[0m           'function_tool_path': None,
[36m(TaskRunnerV1 pid=1533811)[0m           'image_key': 'images',
[36m(TaskRunnerV1 pid=1533811)[0m           'image_patch_size': 14,
[36m(TaskRunnerV1 pid=1533811)[0m           'max_prompt_length': 4096,
[36m(TaskRunnerV1 pid=1533811)[0m           'max_response_length': 16384,
[36m(TaskRunnerV1 pid=1533811)[0m           'mm_processor_kwargs': {},
[36m(TaskRunnerV1 pid=1533811)[0m           'prompt_key': 'prompt',
[36m(TaskRunnerV1 pid=1533811)[0m           'return_full_prompt': False,
[36m(TaskRunnerV1 pid=1533811)[0m           'return_multi_modal_inputs': True,
[36m(TaskRunnerV1 pid=1533811)[0m           'return_raw_chat': True,
[36m(TaskRunnerV1 pid=1533811)[0m           'return_raw_input_ids': False,
[36m(TaskRunnerV1 pid=1533811)[0m           'reward_fn_key': 'data_source',
[36m(TaskRunnerV1 pid=1533811)[0m           'seed': 42,
[36m(TaskRunnerV1 pid=1533811)[0m           'shuffle': True,
[36m(TaskRunnerV1 pid=1533811)[0m           'tokenizer': None,
[36m(TaskRunnerV1 pid=1533811)[0m           'tool_config_path': None,
[36m(TaskRunnerV1 pid=1533811)[0m           'train_batch_size': 1,
[36m(TaskRunnerV1 pid=1533811)[0m           'train_files': '/data2/hjk/projects/AI-HiddenState-ER/rl_data/mathverse_qwen3vl_stage3_pilot200_128/mathverse_grpo_train.parquet',
[36m(TaskRunnerV1 pid=1533811)[0m           'train_max_samples': -1,
[36m(TaskRunnerV1 pid=1533811)[0m           'truncation': 'error',
[36m(TaskRunnerV1 pid=1533811)[0m           'trust_remote_code': False,
[36m(TaskRunnerV1 pid=1533811)[0m           'use_shm': False,
[36m(TaskRunnerV1 pid=1533811)[0m           'val_batch_size': None,
[36m(TaskRunnerV1 pid=1533811)[0m           'val_files': '/data2/hjk/projects/AI-HiddenState-ER/rl_data/mathverse_qwen3vl_stage3_pilot200_128/mathverse_grpo_val.parquet',
[36m(TaskRunnerV1 pid=1533811)[0m           'val_max_samples': -1,
[36m(TaskRunnerV1 pid=1533811)[0m           'validation_shuffle': False,
[36m(TaskRunnerV1 pid=1533811)[0m           'video_key': 'videos'},
[36m(TaskRunnerV1 pid=1533811)[0m  'distillation': {'_target_': 'verl.workers.config.DistillationConfig',
[36m(TaskRunnerV1 pid=1533811)[0m                   'distillation_loss': {'_target_': 'verl.workers.config.DistillationLossConfig',
[36m(TaskRunnerV1 pid=1533811)[0m                                         'clip_ratio': 0.2,
[36m(TaskRunnerV1 pid=1533811)[0m                                         'clip_ratio_high': 0.2,
[36m(TaskRunnerV1 pid=1533811)[0m                                         'clip_ratio_low': 0.2,
[36m(TaskRunnerV1 pid=1533811)[0m                                         'distillation_loss_coef': 1.0,
[36m(TaskRunnerV1 pid=1533811)[0m                                         'log_prob_min_clamp': None,
[36m(TaskRunnerV1 pid=1533811)[0m                                         'loss_max_clamp': None,
[36m(TaskRunnerV1 pid=1533811)[0m                                         'loss_mode': 'k3',
[36m(TaskRunnerV1 pid=1533811)[0m                                         'policy_loss_mode': 'vanilla',
[36m(TaskRunnerV1 pid=1533811)[0m                                         'topk': 32,
[36m(TaskRunnerV1 pid=1533811)[0m                                         'use_policy_gradient': False,
[36m(TaskRunnerV1 pid=1533811)[0m                                         'use_task_rewards': True},
[36m(TaskRunnerV1 pid=1533811)[0m                   'enabled': False,
[36m(TaskRunnerV1 pid=1533811)[0m                   'n_gpus_per_node': 8,
[36m(TaskRunnerV1 pid=1533811)[0m                   'nnodes': 0,
[36m(TaskRunnerV1 pid=1533811)[0m                   'teacher_key': 'data_source',
[36m(TaskRunnerV1 pid=1533811)[0m                   'teacher_models': {'teacher_model': {'_target_': 'verl.workers.config.DistillationTeacherModelConfig',
[36m(TaskRunnerV1 pid=1533811)[0m                                                        'inference': {'_target_': 'verl.workers.config.RolloutConfig',
[36m(TaskRunnerV1 pid=1533811)[0m                                                                      'cudagraph_capture_sizes': None,
[36m(TaskRunnerV1 pid=1533811)[0m                                                                      'data_parallel_size': 1,
[36m(TaskRunnerV1 pid=1533811)[0m                                                                      'disable_log_stats': True,
[36m(TaskRunnerV1 pid=1533811)[0m                                                                      'dtype': 'bfloat16',
[36m(TaskRunnerV1 pid=1533811)[0m                                                                      'enable_chunked_prefill': True,
[36m(TaskRunnerV1 pid=1533811)[0m                                                                      'enable_prefix_caching': True,
[36m(TaskRunnerV1 pid=1533811)[0m                                                                      'enforce_eager': True,
[36m(TaskRunnerV1 pid=1533811)[0m                                                                      'engine_kwargs': {},
[36m(TaskRunnerV1 pid=1533811)[0m                                                                      'expert_parallel_size': 1,
[36m(TaskRunnerV1 pid=1533811)[0m                                                                      'free_cache_engine': True,
[36m(TaskRunnerV1 pid=1533811)[0m                                                                      'gpu_memory_utilization': 0.5,
[36m(TaskRunnerV1 pid=1533811)[0m                                                                      'limit_images': None,
[36m(TaskRunnerV1 pid=1533811)[0m                                                                      'load_format': 'auto',
[36m(TaskRunnerV1 pid=1533811)[0m                                                                      'max_model_len': None,
[36m(TaskRunnerV1 pid=1533811)[0m                                                                      'max_num_batched_tokens': 8192,
[36m(TaskRunnerV1 pid=1533811)[0m                                                                      'max_num_seqs': 1024,
[36m(TaskRunnerV1 pid=1533811)[0m                                                                      'name': 'vllm',
[36m(TaskRunnerV1 pid=1533811)[0m                                                                      'prompt_length': 4096,
[36m(TaskRunnerV1 pid=1533811)[0m                                                                      'response_length': 16384,
[36m(TaskRunnerV1 pid=1533811)[0m                                                                      'skip_tokenizer_init': True,
[36m(TaskRunnerV1 pid=1533811)[0m                                                                      'temperature': 1.0,
[36m(TaskRunnerV1 pid=1533811)[0m                                                                      'tensor_model_parallel_size': 2},
[36m(TaskRunnerV1 pid=1533811)[0m                                                        'key': None,
[36m(TaskRunnerV1 pid=1533811)[0m                                                        'model_path': None,
[36m(TaskRunnerV1 pid=1533811)[0m                                                        'num_replicas': 0}}},
[36m(TaskRunnerV1 pid=1533811)[0m  'global_profiler': {'_target_': 'verl.utils.profiler.ProfilerConfig',
[36m(TaskRunnerV1 pid=1533811)[0m                      'global_tool_config': {'nsys': {'_target_': 'verl.utils.profiler.config.NsightToolConfig',
[36m(TaskRunnerV1 pid=1533811)[0m                                                      'controller_nsight_options': {'cuda-graph-trace': 'graph',
[36m(TaskRunnerV1 pid=1533811)[0m                                                                                    'cuda-memory-usage': 'true',
[36m(TaskRunnerV1 pid=1533811)[0m                                                                                    'trace': 'cuda,nvtx,cublas,ucx'},
[36m(TaskRunnerV1 pid=1533811)[0m                                                      'discrete': False,
[36m(TaskRunnerV1 pid=1533811)[0m                                                      'worker_nsight_options': {'capture-range': 'cudaProfilerApi',
[36m(TaskRunnerV1 pid=1533811)[0m                                                                                'capture-range-end': None,
[36m(TaskRunnerV1 pid=1533811)[0m                                                                                'cuda-graph-trace': 'graph',
[36m(TaskRunnerV1 pid=1533811)[0m                                                                                'cuda-memory-usage': 'true',
[36m(TaskRunnerV1 pid=1533811)[0m                                                                                'kill': 'none',
[36m(TaskRunnerV1 pid=1533811)[0m                                                                                'trace': 'cuda,nvtx,cublas,ucx'}},
[36m(TaskRunnerV1 pid=1533811)[0m                                             'precision_debugger': {'_target_': 'verl.utils.profiler.config.PrecisionDebuggerToolConfig',
[36m(TaskRunnerV1 pid=1533811)[0m                                                                    'config_path': None,
[36m(TaskRunnerV1 pid=1533811)[0m                                                                    'stages': None,
[36m(TaskRunnerV1 pid=1533811)[0m                                                                    'steps': None,
[36m(TaskRunnerV1 pid=1533811)[0m                                                                    'strict': False},
[36m(TaskRunnerV1 pid=1533811)[0m                                             'torch_memory': {'context': 'all',
[36m(TaskRunnerV1 pid=1533811)[0m                                                              'kw_args': {},
[36m(TaskRunnerV1 pid=1533811)[0m                                                              'stack_depth': 32,
[36m(TaskRunnerV1 pid=1533811)[0m                                                              'stacks': 'all',
[36m(TaskRunnerV1 pid=1533811)[0m                                                              'trace_alloc_max_entries': 100000}},
[36m(TaskRunnerV1 pid=1533811)[0m                      'profile_continuous_steps': False,
[36m(TaskRunnerV1 pid=1533811)[0m                      'save_path': 'outputs/profile',
[36m(TaskRunnerV1 pid=1533811)[0m                      'steps': None,
[36m(TaskRunnerV1 pid=1533811)[0m                      'tool': None},
[36m(TaskRunnerV1 pid=1533811)[0m  'model_engine': 'dp',
[36m(TaskRunnerV1 pid=1533811)[0m  'ray_kwargs': {'ray_init': {'num_cpus': None}, 'timeline_json_file': None},
[36m(TaskRunnerV1 pid=1533811)[0m  'reward': {'_target_': 'verl.workers.config.RewardConfig',
[36m(TaskRunnerV1 pid=1533811)[0m             'custom_reward_function': {'name': 'compute_score',
[36m(TaskRunnerV1 pid=1533811)[0m                                        'path': '/data2/hjk/projects/AI-HiddenState-ER/scripts/mathverse_qwen3vl_option_gain_reward.py'},
[36m(TaskRunnerV1 pid=1533811)[0m             'num_workers': 1,
[36m(TaskRunnerV1 pid=1533811)[0m             'reward_manager': {'_target_': 'verl.workers.config.reward.RewardManagerConfig',
[36m(TaskRunnerV1 pid=1533811)[0m                                'module': {'_target_': 'verl.trainer.config.config.ModuleConfig',
[36m(TaskRunnerV1 pid=1533811)[0m                                           'name': 'custom_reward_manager',
[36m(TaskRunnerV1 pid=1533811)[0m                                           'path': '/data2/hjk/projects/AI-HiddenState-ER/scripts/qwen3vl_c2_zscore_reward_manager.py'},
[36m(TaskRunnerV1 pid=1533811)[0m                                'name': 'Qwen3VLC2ZscoreRewardManager',
[36m(TaskRunnerV1 pid=1533811)[0m                                'source': 'importlib'},
[36m(TaskRunnerV1 pid=1533811)[0m             'reward_model': {'_target_': 'verl.workers.config.RewardModelConfig',
[36m(TaskRunnerV1 pid=1533811)[0m                              'enable': False,
[36m(TaskRunnerV1 pid=1533811)[0m                              'enable_resource_pool': False,
[36m(TaskRunnerV1 pid=1533811)[0m                              'model_path': None,
[36m(TaskRunnerV1 pid=1533811)[0m                              'n_gpus_per_node': 8,
[36m(TaskRunnerV1 pid=1533811)[0m                              'nnodes': 0,
[36m(TaskRunnerV1 pid=1533811)[0m                              'rollout': {'_target_': 'verl.workers.config.RolloutConfig',
[36m(TaskRunnerV1 pid=1533811)[0m                                          'cudagraph_capture_sizes': None,
[36m(TaskRunnerV1 pid=1533811)[0m                                          'data_parallel_size': 1,
[36m(TaskRunnerV1 pid=1533811)[0m                                          'disable_log_stats': True,
[36m(TaskRunnerV1 pid=1533811)[0m                                          'disaggregation': {'bootstrap_port': None,
[36m(TaskRunnerV1 pid=1533811)[0m                                                             'decode_replicas': 1,
[36m(TaskRunnerV1 pid=1533811)[0m                                                             'decode_tensor_model_parallel_size': None,
[36m(TaskRunnerV1 pid=1533811)[0m                                                             'enabled': False,
[36m(TaskRunnerV1 pid=1533811)[0m                                                             'ib_device': None,
[36m(TaskRunnerV1 pid=1533811)[0m                                                             'prefill_replicas': 1,
[36m(TaskRunnerV1 pid=1533811)[0m                                                             'transfer_backend': 'nixl'},
[36m(TaskRunnerV1 pid=1533811)[0m                                          'do_sample': True,
[36m(TaskRunnerV1 pid=1533811)[0m                                          'dtype': 'bfloat16',
[36m(TaskRunnerV1 pid=1533811)[0m                                          'enable_chunked_prefill': True,
[36m(TaskRunnerV1 pid=1533811)[0m                                          'enable_prefix_caching': True,
[36m(TaskRunnerV1 pid=1533811)[0m                                          'enforce_eager': True,
[36m(TaskRunnerV1 pid=1533811)[0m                                          'engine_kwargs': {},
[36m(TaskRunnerV1 pid=1533811)[0m                                          'expert_parallel_size': 1,
[36m(TaskRunnerV1 pid=1533811)[0m                                          'free_cache_engine': True,
[36m(TaskRunnerV1 pid=1533811)[0m                                          'full_determinism': False,
[36m(TaskRunnerV1 pid=1533811)[0m                                          'gpu_memory_utilization': 0.5,
[36m(TaskRunnerV1 pid=1533811)[0m                                          'ignore_eos': False,
[36m(TaskRunnerV1 pid=1533811)[0m                                          'layered_summon': False,
[36m(TaskRunnerV1 pid=1533811)[0m                                          'limit_images': None,
[36m(TaskRunnerV1 pid=1533811)[0m                                          'load_format': 'auto',
[36m(TaskRunnerV1 pid=1533811)[0m                                          'max_model_len': None,
[36m(TaskRunnerV1 pid=1533811)[0m                                          'max_num_batched_tokens': 8192,
[36m(TaskRunnerV1 pid=1533811)[0m                                          'max_num_seqs': 1024,
[36m(TaskRunnerV1 pid=1533811)[0m                                          'mtp': None,
[36m(TaskRunnerV1 pid=1533811)[0m                                          'multi_stage_wake_up': False,
[36m(TaskRunnerV1 pid=1533811)[0m                                          'n': 1,
[36m(TaskRunnerV1 pid=1533811)[0m                                          'name': '???',
[36m(TaskRunnerV1 pid=1533811)[0m                                          'pipeline_model_parallel_size': 1,
[36m(TaskRunnerV1 pid=1533811)[0m                                          'prompt_length': 2048,
[36m(TaskRunnerV1 pid=1533811)[0m                                          'quantization': None,
[36m(TaskRunnerV1 pid=1533811)[0m                                          'quantization_config_file': None,
[36m(TaskRunnerV1 pid=1533811)[0m                                          'response_length': 2048,
[36m(TaskRunnerV1 pid=1533811)[0m                                          'scheduling_policy': 'fcfs',
[36m(TaskRunnerV1 pid=1533811)[0m                                          'seed': 42,
[36m(TaskRunnerV1 pid=1533811)[0m                                          'skip_tokenizer_init': False,
[36m(TaskRunnerV1 pid=1533811)[0m                                          'temperature': 1.0,
[36m(TaskRunnerV1 pid=1533811)[0m                                          'tensor_model_parallel_size': 2,
[36m(TaskRunnerV1 pid=1533811)[0m                                          'top_k': -1,
[36m(TaskRunnerV1 pid=1533811)[0m                                          'top_p': 1}},
[36m(TaskRunnerV1 pid=1533811)[0m             'sandbox_fusion': {'_target_': 'verl.workers.config.SandboxFusionConfig',
[36m(TaskRunnerV1 pid=1533811)[0m                                'max_concurrent': 64,
[36m(TaskRunnerV1 pid=1533811)[0m                                'memory_limit_mb': 1024,
[36m(TaskRunnerV1 pid=1533811)[0m                                'url': None}},
[36m(TaskRunnerV1 pid=1533811)[0m  'reward_model': {'enable': None,
[36m(TaskRunnerV1 pid=1533811)[0m                   'enable_resource_pool': None,
[36m(TaskRunnerV1 pid=1533811)[0m                   'model': {'external_lib': None,
[36m(TaskRunnerV1 pid=1533811)[0m                             'path': None,
[36m(TaskRunnerV1 pid=1533811)[0m                             'trust_remote_code': None},
[36m(TaskRunnerV1 pid=1533811)[0m                   'n_gpus_per_node': None,
[36m(TaskRunnerV1 pid=1533811)[0m                   'nnodes': None,
[36m(TaskRunnerV1 pid=1533811)[0m                   'num_workers': None,
[36m(TaskRunnerV1 pid=1533811)[0m                   'reward_loop_class_name': None,
[36m(TaskRunnerV1 pid=1533811)[0m                   'reward_loop_module_path': None,
[36m(TaskRunnerV1 pid=1533811)[0m                   'reward_loop_source': None,
[36m(TaskRunnerV1 pid=1533811)[0m                   'reward_manager': None,
[36m(TaskRunnerV1 pid=1533811)[0m                   'rollout': {'cudagraph_capture_sizes': None,
[36m(TaskRunnerV1 pid=1533811)[0m                               'data_parallel_size': None,
[36m(TaskRunnerV1 pid=1533811)[0m                               'disable_log_stats': None,
[36m(TaskRunnerV1 pid=1533811)[0m                               'dtype': None,
[36m(TaskRunnerV1 pid=1533811)[0m                               'enable_chunked_prefill': None,
[36m(TaskRunnerV1 pid=1533811)[0m                               'enable_prefix_caching': None,
[36m(TaskRunnerV1 pid=1533811)[0m                               'enforce_eager': None,
[36m(TaskRunnerV1 pid=1533811)[0m                               'engine_kwargs': None,
[36m(TaskRunnerV1 pid=1533811)[0m                               'expert_parallel_size': None,
[36m(TaskRunnerV1 pid=1533811)[0m                               'free_cache_engine': None,
[36m(TaskRunnerV1 pid=1533811)[0m                               'gpu_memory_utilization': None,
[36m(TaskRunnerV1 pid=1533811)[0m                               'limit_images': None,
[36m(TaskRunnerV1 pid=1533811)[0m                               'load_format': None,
[36m(TaskRunnerV1 pid=1533811)[0m                               'max_model_len': None,
[36m(TaskRunnerV1 pid=1533811)[0m                               'max_num_batched_tokens': None,
[36m(TaskRunnerV1 pid=1533811)[0m                               'max_num_seqs': None,
[36m(TaskRunnerV1 pid=1533811)[0m                               'name': None,
[36m(TaskRunnerV1 pid=1533811)[0m                               'prompt_length': None,
[36m(TaskRunnerV1 pid=1533811)[0m                               'response_length': None,
[36m(TaskRunnerV1 pid=1533811)[0m                               'skip_tokenizer_init': None,
[36m(TaskRunnerV1 pid=1533811)[0m                               'tensor_model_parallel_size': None}},
[36m(TaskRunnerV1 pid=1533811)[0m  'sandbox_fusion': {'max_concurrent': None,
[36m(TaskRunnerV1 pid=1533811)[0m                     'memory_limit_mb': None,
[36m(TaskRunnerV1 pid=1533811)[0m                     'url': None},
[36m(TaskRunnerV1 pid=1533811)[0m  'skip': {'_target_': 'verl.utils.skip.SkipManagerConfig',[36m(TaskRunnerV1 pid=1533811)[0m /data2/hjk/projects/verl/verl/trainer/ppo/v1/trainer_base.py:116: UserWarning: Disabled critic as algorithm.adv_estimator != gae. If it is not intended, please set critic.enable=True
[36m(TaskRunnerV1 pid=1533811)[0m   self.use_critic = need_critic(self.config)
[36m(TaskRunnerV1 pid=1533811)[0m Filtering prompts longer than 4096 tokens (num_proc=1):   0%|          | 0/200 [00:00<?, ? examples/s]
[36m(TaskRunnerV1 pid=1533811)[0m Filtering prompts longer than 4096 tokens (num_proc=1): 100%|██████████| 200/200 [00:06<00:00, 32.12 examples/s]
[36m(TaskRunnerV1 pid=1533811)[0m Filtering prompts longer than 4096 tokens (num_proc=1): 100%|██████████| 200/200 [00:06<00:00, 31.40 examples/s]
[36m(TaskRunnerV1 pid=1533811)[0m Filtering prompts longer than 4096 tokens (num_proc=1):   0%|          | 0/128 [00:00<?, ? examples/s]
[36m(TaskRunnerV1 pid=1533811)[0m Filtering prompts longer than 4096 tokens (num_proc=1): 100%|██████████| 128/128 [00:02<00:00, 50.63 examples/s]
[36m(TaskRunnerV1 pid=1533811)[0m Filtering prompts longer than 4096 tokens (num_proc=1): 100%|██████████| 128/128 [00:02<00:00, 47.89 examples/s]
[36m(TaskRunnerV1 pid=1533811)[0m INFO:2026-07-06 09:35:31,345:train and validate dataloader initialized, train dataset size: 198, val dataset size: 128
[36m(TaskRunnerV1 pid=1533811)[0m INFO:2026-07-06 09:35:31,345:Total training steps: 18
[36m(TaskRunnerV1 pid=1533811)[0m /data2/hjk/projects/verl/verl/trainer/ppo/v1/trainer_base.py:610: UserWarning: Disabled critic as algorithm.adv_estimator != gae. If it is not intended, please set critic.enable=True
[36m(TaskRunnerV1 pid=1533811)[0m   if need_critic(config):
[36m(TaskRunnerV1 pid=1533811)[0m INFO:2026-07-06 09:35:31,358:worker group kwargs: {'device_name': 'cuda'}
[36m(TaskRunnerV1 pid=1533811)[0m INFO:2026-07-06 09:35:32,388:create worker group dict_keys(['actor_rollout'])
[36m(pid=1535194)[0m /data2/hjk/envs/verl_qwen3vl_py311/lib/python3.11/site-packages/transformers/utils/hub.py:110: FutureWarning: Using `TRANSFORMERS_CACHE` is deprecated and will be removed in v5 of Transformers. Use `HF_HOME` instead.
[36m(pid=1535194)[0m   warnings.warn(
[36m(WorkerDict pid=1535194)[0m /data2/hjk/projects/verl/verl/workers/engine/mindspeed/transformer_impl.py:24: UserWarning: NPU not support router replay for now.
[36m(WorkerDict pid=1535194)[0m   from verl.utils.megatron.router_replay_patch import RouterReplay
[36m(WorkerDict pid=1535194)[0m `torch_dtype` is deprecated! Use `dtype` instead!
[36m(WorkerDict pid=1535194)[0m Loading checkpoint shards:   0%|          | 0/4 [00:00<?, ?it/s]
[36m(WorkerDict pid=1535194)[0m Loading checkpoint shards:  25%|██▌       | 1/4 [00:03<00:11,  3.70s/it]
[36m(WorkerDict pid=1535194)[0m Loading checkpoint shards:  50%|█████     | 2/4 [00:07<00:07,  3.72s/it]
[36m(WorkerDict pid=1535194)[0m Loading checkpoint shards:  75%|███████▌  | 3/4 [00:11<00:03,  3.77s/it]
[36m(WorkerDict pid=1535194)[0m Loading checkpoint shards: 100%|██████████| 4/4 [00:13<00:00,  3.10s/it]Loading checkpoint shards: 100%|██████████| 4/4 [00:13<00:00,  3.34s/it]
[36m(TaskRunnerV1 pid=1533811)[0m INFO:2026-07-06 09:36:07,158:actor and ref model engine initialized
[36m(TaskRunnerV1 pid=1533811)[0m INFO:2026-07-06 09:36:07,232:reward loop manager initialized
[36m(pid=1535824)[0m /data2/hjk/envs/verl_qwen3vl_py311/lib/python3.11/site-packages/transformers/utils/hub.py:110: FutureWarning: Using `TRANSFORMERS_CACHE` is deprecated and will be removed in v5 of Transformers. Use `HF_HOME` instead.
[36m(pid=1535824)[0m   warnings.warn(
[36m(pid=1535882)[0m /data2/hjk/envs/verl_qwen3vl_py311/lib/python3.11/site-packages/transformers/utils/hub.py:110: FutureWarning: Using `TRANSFORMERS_CACHE` is deprecated and will be removed in v5 of Transformers. Use `HF_HOME` instead.
[36m(pid=1535882)[0m   warnings.warn(

[36m(TaskRunnerV1 pid=1533811)[0m           'async_rollout': {'action': 'cache',
[36m(TaskRunnerV1 pid=1533811)[0m                             'dump_dir': '~/.verl/rollout_dump',
[36m(TaskRunnerV1 pid=1533811)[0m                             'enable': False,
[36m(TaskRunnerV1 pid=1533811)[0m                             'steps': []},
[36m(TaskRunnerV1 pid=1533811)[0m           'rollout': {'action': 'cache',
[36m(TaskRunnerV1 pid=1533811)[0m                       'dump_dir': '~/.verl/rollout_dump',
[36m(TaskRunnerV1 pid=1533811)[0m                       'enable': False,
[36m(TaskRunnerV1 pid=1533811)[0m                       'steps': []}},
[36m(TaskRunnerV1 pid=1533811)[0m  'trainer': {'balance_batch': True,
[36m(TaskRunnerV1 pid=1533811)[0m              'critic_warmup': 0,
[36m(TaskRunnerV1 pid=1533811)[0m              'default_hdfs_dir': None,
[36m(TaskRunnerV1 pid=1533811)[0m              'default_local_dir': '/data2/hjk/checkpoints/verl_qwen3vl/qwen3vl8b_stage3_c2_1_vllm_probe_smoke18_groupfix_seed42',
[36m(TaskRunnerV1 pid=1533811)[0m              'del_local_ckpt_after_load': False,
[36m(TaskRunnerV1 pid=1533811)[0m              'device': 'cuda',
[36m(TaskRunnerV1 pid=1533811)[0m              'esi_redundant_time': 0,
[36m(TaskRunnerV1 pid=1533811)[0m              'experiment_name': 'qwen3vl8b_stage3_c2_1_vllm_probe_smoke18_groupfix_seed42',
[36m(TaskRunnerV1 pid=1533811)[0m              'log_val_generations': 16,
[36m(TaskRunnerV1 pid=1533811)[0m              'logger': ['console'],
[36m(TaskRunnerV1 pid=1533811)[0m              'max_actor_ckpt_to_keep': None,
[36m(TaskRunnerV1 pid=1533811)[0m              'max_critic_ckpt_to_keep': None,
[36m(TaskRunnerV1 pid=1533811)[0m              'n_gpus_per_node': 1,
[36m(TaskRunnerV1 pid=1533811)[0m              'nnodes': 1,
[36m(TaskRunnerV1 pid=1533811)[0m              'project_name': 'qwen3vl_stage3_pilot',
[36m(TaskRunnerV1 pid=1533811)[0m              'ray_wait_register_center_timeout': 300,
[36m(TaskRunnerV1 pid=1533811)[0m              'resume_from_path': None,
[36m(TaskRunnerV1 pid=1533811)[0m              'resume_mode': 'auto',
[36m(TaskRunnerV1 pid=1533811)[0m              'rollout_data_dir': None,
[36m(TaskRunnerV1 pid=1533811)[0m              'save_freq': -1,
[36m(TaskRunnerV1 pid=1533811)[0m              'test_freq': -1,
[36m(TaskRunnerV1 pid=1533811)[0m              'total_epochs': 1,
[36m(TaskRunnerV1 pid=1533811)[0m              'total_training_steps': 18,
[36m(TaskRunnerV1 pid=1533811)[0m              'use_v1': True,
[36m(TaskRunnerV1 pid=1533811)[0m              'v1': {'colocate_async': {'num_warmup_batches': 1},
[36m(TaskRunnerV1 pid=1533811)[0m                     'sampler': {'custom_sampler': {'name': None, 'path': None},
[36m(TaskRunnerV1 pid=1533811)[0m                                 'max_off_policy_strategy': 'drop',
[36m(TaskRunnerV1 pid=1533811)[0m                                 'max_off_policy_threshold': 8,
[36m(TaskRunnerV1 pid=1533811)[0m                                 'sampler_kwargs': {}},
[36m(TaskRunnerV1 pid=1533811)[0m                     'separate_async': {'num_warmup_batches': 4,
[36m(TaskRunnerV1 pid=1533811)[0m                                        'parameter_sync_step': 4},
[36m(TaskRunnerV1 pid=1533811)[0m                     'sync': {},
[36m(TaskRunnerV1 pid=1533811)[0m                     'trainer_mode': 'sync'},
[36m(TaskRunnerV1 pid=1533811)[0m              'val_before_train': False,
[36m(TaskRunnerV1 pid=1533811)[0m              'val_only': False,
[36m(TaskRunnerV1 pid=1533811)[0m              'validation_data_dir': '/data2/hjk/projects/AI-HiddenState-ER/rl_audit/qwen3vl8b_stage3_c2_1_vllm_probe_smoke18_groupfix_seed42/validation_generations'},
[36m(TaskRunnerV1 pid=1533811)[0m  'transfer_queue': {'backend': {'MooncakeStore': {'auto_init': False,
[36m(TaskRunnerV1 pid=1533811)[0m                                                   'device_name': '',
[36m(TaskRunnerV1 pid=1533811)[0m                                                   'global_segment_size': 4294967296,
[36m(TaskRunnerV1 pid=1533811)[0m                                                   'local_buffer_size': 1073741824,
[36m(TaskRunnerV1 pid=1533811)[0m                                                   'local_hostname': 'localhost',
[36m(TaskRunnerV1 pid=1533811)[0m                                                   'master_server_address': 'localhost:50124',
[36m(TaskRunnerV1 pid=1533811)[0m                                                   'metadata_server': 'localhost:50123',
[36m(TaskRunnerV1 pid=1533811)[0m                                                   'protocol': 'tcp'},
[36m(TaskRunnerV1 pid=1533811)[0m                                 'SimpleStorage': {'num_data_storage_units': 8,
[36m(TaskRunnerV1 pid=1533811)[0m                                                   'total_storage_size': 100000},
[36m(TaskRunnerV1 pid=1533811)[0m                                 'storage_backend': 'SimpleStorage'},
[36m(TaskRunnerV1 pid=1533811)[0m                     'enable': True,
[36m(TaskRunnerV1 pid=1533811)[0m                     'metrics': {'enabled': False, 'port': 0}}}
[36m(TaskRunnerV1 pid=1533811)[0m Using dataset class: RLHFDataset
[36m(TaskRunnerV1 pid=1533811)[0m dataset len: 200
[36m(TaskRunnerV1 pid=1533811)[0m filter dataset len: 198
[36m(TaskRunnerV1 pid=1533811)[0m Using dataset class: RLHFDataset
[36m(TaskRunnerV1 pid=1533811)[0m dataset len: 128
[36m(TaskRunnerV1 pid=1533811)[0m filter dataset len: 128
[36m(TaskRunnerV1 pid=1533811)[0m colocated worker base class <class 'verl.single_controller.base.worker.Worker'>
[36m(WorkerDict pid=1535194)[0m [Gloo] Rank 0 is connected to 0 peer ranks. Expected number of connected peer ranks is : 0
[36m(WorkerDict pid=1535194)[0m Warning: Failed to set NUMA affinity: libnuma.so: cannot open shared object file: No such file or directory
[36m(WorkerDict pid=1535194)[0m Monkey patch Qwen3VLForConditionalGeneration model forward
[36m(WorkerDict pid=1535194)[0m Monkey patch _flash_attention_forward in transformers.integrations.flash_attention
[36m(WorkerDict pid=1535194)[0m Skipping monkey patch for Qwen3VLForConditionalGeneration as use_fused_kernels is False or fused_kernels_backend is torch
[36m(WorkerDict pid=1535194)[0m PeftModelForCausalLM contains 8.79B parameters
[36m(WorkerDict pid=1535194)[0m Before FSDP, memory allocated (GB): 0.00, memory reserved (GB): 0.00, device memory used/total (GB): 0.51/139.80
[36m(WorkerDict pid=1535194)[0m After FSDP, memory allocated (GB): 32.76, memory reserved (GB): 37.64, device memory used/total (GB): 38.79/139.80
[36m(WorkerDict pid=1535194)[0m Total steps: 18, num_warmup_steps: 0
[36m(WorkerDict pid=1535194)[0m NCCL version 2.27.3+cuda12.9
[36m(WorkerDict pid=1535194)[0m [Gloo] Rank 0 is connected to 0 peer ranks. Expected number of connected peer ranks is : 0
[36m(WorkerDict pid=1535194)[0m [Gloo] Rank 0 is connected to 0 peer ranks. Expected number of connected peer ranks is : 0
[36m(WorkerDict pid=1535194)[0m [Gloo] Rank 0 is connected to 0 peer ranks. Expected number of connected peer ranks is : 0
[36m(TaskRunnerV1 pid=1533811)[0m WARNING 07-06 09:36:09 [api_server.py:1213] LoRA dynamic loading & unloading is enabled in the API server. This should ONLY be used for local development!
[36m(pid=1535882)[0m WARNING 07-06 09:36:17 [api_server.py:1213] LoRA dynamic loading & unloading is enabled in the API server. This should ONLY be used for local development!
[36m(vLLMHttpServer pid=1535882)[0m ['serve',
[36m(vLLMHttpServer pid=1535882)[0m  '/data2/hjk/models/huggingface/hub/models--Qwen--Qwen3-VL-8B-Thinking/snapshots/92f3c4b4feadd3a016ef468d103bb5f58b2a2c6b',
[36m(vLLMHttpServer pid=1535882)[0m  '--dtype',
[36m(vLLMHttpServer pid=1535882)[0m  'bfloat16',
[36m(vLLMHttpServer pid=1535882)[0m  '--load_format',
[36m(vLLMHttpServer pid=1535882)[0m  'dummy',
[36m(vLLMHttpServer pid=1535882)[0m  '--distributed_executor_backend',
[36m(vLLMHttpServer pid=1535882)[0m  'mp',
[36m(vLLMHttpServer pid=1535882)[0m  '--worker_extension_cls',[36m(vLLMHttpServer pid=1535882)[0m WARNING:2026-07-06 09:36:19,128:agent loop only support torch and npu profiler, got None
[36m(vLLMHttpServer pid=1535882)[0m INFO:2026-07-06 09:36:19,128:vLLMHttpServer, replica_rank: 0, node_rank: 0, CUDA_VISIBLE_DEVICES: 0, master_address: 202.120.39.159, master_port: 39607, data_parallel_rpc_port: 37965, data_parallel_master_port: 43699
[36m(vLLMHttpServer pid=1535882)[0m INFO:2026-07-06 09:36:19,137:override_generation_config: {'temperature': 1.0, 'top_k': -1, 'top_p': 1.0, 'repetition_penalty': 1.0, 'max_new_tokens': 16384}
[36m(vLLMHttpServer pid=1535882)[0m INFO:2026-07-06 09:36:19,137:enable_sleep_mode: True
[36m(vLLMHttpServer pid=1535882)[0m `torch_dtype` is deprecated! Use `dtype` instead!
[36m(vLLMHttpServer pid=1535882)[0m /data2/hjk/envs/verl_qwen3vl_py311/lib/python3.11/site-packages/transformers/utils/hub.py:110: FutureWarning: Using `TRANSFORMERS_CACHE` is deprecated and will be removed in v5 of Transformers. Use `HF_HOME` instead.
[36m(vLLMHttpServer pid=1535882)[0m   warnings.warn(
[36m(vLLMHttpServer pid=1535882)[0m /data2/hjk/envs/verl_qwen3vl_py311/lib/python3.11/site-packages/transformers/utils/hub.py:110: FutureWarning: Using `TRANSFORMERS_CACHE` is deprecated and will be removed in v5 of Transformers. Use `HF_HOME` instead.
[36m(vLLMHttpServer pid=1535882)[0m   warnings.warn(
[36m(vLLMHttpServer pid=1535882)[0m [1;36m(Worker pid=1536107)[0;0m Capturing CUDA graphs (mixed prefill-decode, PIECEWISE):   0%|          | 0/4 [00:00<?, ?it/s]
[36m(vLLMHttpServer pid=1535882)[0m Capturing CUDA graphs (mixed prefill-decode, PIECEWISE):  75%|███████▌  | 3/4 [00:00<00:00, 23.08it/s]Capturing CUDA graphs (mixed prefill-decode, PIECEWISE): 100%|██████████| 4/4 [00:00<00:00, 22.31it/s]
[36m(vLLMHttpServer pid=1535882)[0m [1;36m(Worker pid=1536107)[0;0m Capturing CUDA graphs (decode, FULL):   0%|          | 0/3 [00:00<?, ?it/s]
[36m(vLLMHttpServer pid=1535882)[0m Capturing CUDA graphs (decode, FULL): 100%|██████████| 3/3 [00:00<00:00, 31.11it/s]
[36m(vLLMHttpServer pid=1535882)[0m INFO:2026-07-06 09:37:20,810:Initializing a V1 LLM engine with config: model='/data2/hjk/models/huggingface/hub/models--Qwen--Qwen3-VL-8B-Thinking/snapshots/92f3c4b4feadd3a016ef468d103bb5f58b2a2c6b', speculative_config=None, tokenizer='/data2/hjk/models/huggingface/hub/models--Qwen--Qwen3-VL-8B-Thinking/snapshots/92f3c4b4feadd3a016ef468d103bb5f58b2a2c6b', skip_tokenizer_init=False, tokenizer_mode=auto, revision=None, tokenizer_revision=None, trust_remote_code=False, dtype=torch.bfloat16, max_seq_len=20480, download_dir=None, load_format=dummy, tensor_parallel_size=1, pipeline_parallel_size=1, data_parallel_size=1, disable_custom_all_reduce=False, quantization=None, enforce_eager=False, kv_cache_dtype=auto, device_config=cuda, structured_outputs_config=StructuredOutputsConfig(backend='auto', disable_fallback=False, disable_any_whitespace=False, disable_additional_properties=False, reasoning_parser=''), observability_config=ObservabilityConfig(show_hidden_metrics_for_version=None, otlp_traces_endpoint=None, collect_detailed_traces=None), seed=42, served_model_name=/data2/hjk/models/huggingface/hub/models--Qwen--Qwen3-VL-8B-Thinking/snapshots/92f3c4b4feadd3a016ef468d103bb5f58b2a2c6b, enable_prefix_caching=False, chunked_prefill_enabled=True, pooler_config=None, compilation_config={"level":3,"debug_dump_path":"","cache_dir":"","backend":"","custom_ops":[],"splitting_ops":["vllm.unified_attention","vllm.unified_attention_with_output","vllm.mamba_mixer2","vllm.mamba_mixer","vllm.short_conv","vllm.linear_attention","vllm.plamo2_mamba_mixer","vllm.gdn_attention","vllm.sparse_attn_indexer"],"use_inductor":true,"compile_sizes":[],"inductor_compile_config":{"enable_auto_functionalized_v2":false},"inductor_passes":{},"cudagraph_mode":[2,1],"use_cudagraph":true,"cudagraph_num_of_warmups":1,"cudagraph_capture_sizes":[8,4,2,1],"cudagraph_copy_inputs":false,"full_cuda_graph":false,"use_inductor_graph_partition":false,"pass_config":{},"max_capture_size":8,"local_cache_dir":null}
[36m(TaskRunnerV1 pid=1533811)[0m INFO:2026-07-06 09:37:21,150:checkpoint engine manager initialized
[36m(TaskRunnerV1 pid=1533811)[0m INFO:2026-07-06 09:37:21,752:Training from scratch
[36m(TaskRunnerV1 pid=1533811)[0m INFO:2026-07-06 09:37:21,752:all initialize finished, ready to fit
[36m(GlobalRequestLoadBalancer pid=1537115)[0m /data2/hjk/envs/verl_qwen3vl_py311/lib/python3.11/site-packages/transformers/utils/hub.py:110: FutureWarning: Using `TRANSFORMERS_CACHE` is deprecated and will be removed in v5 of Transformers. Use `HF_HOME` instead.
[36m(GlobalRequestLoadBalancer pid=1537115)[0m   warnings.warn(
[36m(WorkerDict pid=1535194)[0m INFO:2026-07-06 09:37:53,326:update_weights done, time cost: 1.01s
[36m(TaskRunnerV1 pid=1533811)[0m Training Progress:   0%|          | 0/18 [00:00<?, ?it/s]
[36m(pid=1537600)[0m /data2/hjk/envs/verl_qwen3vl_py311/lib/python3.11/site-packages/transformers/utils/hub.py:110: FutureWarning: Using `TRANSFORMERS_CACHE` is deprecated and will be removed in v5 of Transformers. Use `HF_HOME` instead.
[36m(pid=1537600)[0m   warnings.warn(
[36m(pid=1537599)[0m /data2/hjk/envs/verl_qwen3vl_py311/lib/python3.11/site-packages/transformers/utils/hub.py:110: FutureWarning: Using `TRANSFORMERS_CACHE` is deprecated and will be removed in v5 of Transformers. Use `HF_HOME` instead.
[36m(pid=1537599)[0m   warnings.warn(
[36m(pid=1537597)[0m /data2/hjk/envs/verl_qwen3vl_py311/lib/python3.11/site-packages/transformers/utils/hub.py:110: FutureWarning: Using `TRANSFORMERS_CACHE` is deprecated and will be removed in v5 of Transformers. Use `HF_HOME` instead.
[36m(pid=1537597)[0m   warnings.warn(
[36m(pid=1537602)[0m /data2/hjk/envs/verl_qwen3vl_py311/lib/python3.11/site-packages/transformers/utils/hub.py:110: FutureWarning: Using `TRANSFORMERS_CACHE` is deprecated and will be removed in v5 of Transformers. Use `HF_HOME` instead.
[36m(pid=1537602)[0m   warnings.warn(
[36m(pid=1537596)[0m /data2/hjk/envs/verl_qwen3vl_py311/lib/python3.11/site-packages/transformers/utils/hub.py:110: FutureWarning: Using `TRANSFORMERS_CACHE` is deprecated and will be removed in v5 of Transformers. Use `HF_HOME` instead.
[36m(pid=1537596)[0m   warnings.warn(
[36m(pid=1537598)[0m /data2/hjk/envs/verl_qwen3vl_py311/lib/python3.11/site-packages/transformers/utils/hub.py:110: FutureWarning: Using `TRANSFORMERS_CACHE` is deprecated and will be removed in v5 of Transformers. Use `HF_HOME` instead.
[36m(pid=1537598)[0m   warnings.warn(
[36m(pid=1537603)[0m /data2/hjk/envs/verl_qwen3vl_py311/lib/python3.11/site-packages/transformers/utils/hub.py:110: FutureWarning: Using `TRANSFORMERS_CACHE` is deprecated and will be removed in v5 of Transformers. Use `HF_HOME` instead.
[36m(pid=1537603)[0m   warnings.warn(
[36m(pid=1537601)[0m /data2/hjk/envs/verl_qwen3vl_py311/lib/python3.11/site-packages/transformers/utils/hub.py:110: FutureWarning: Using `TRANSFORMERS_CACHE` is deprecated and will be removed in v5 of Transformers. Use `HF_HOME` instead.
[36m(pid=1537601)[0m   warnings.warn(
[36m(pid=1537600)[0m /data2/hjk/projects/verl/verl/workers/engine/mindspeed/transformer_impl.py:24: UserWarning: NPU not support router replay for now.
[36m(pid=1537600)[0m   from verl.utils.megatron.router_replay_patch import RouterReplay
[36m(pid=1537599)[0m /data2/hjk/projects/verl/verl/workers/engine/mindspeed/transformer_impl.py:24: UserWarning: NPU not support router replay for now.
[36m(pid=1537599)[0m   from verl.utils.megatron.router_replay_patch import RouterReplay
[36m(pid=1537602)[0m /data2/hjk/projects/verl/verl/workers/engine/mindspeed/transformer_impl.py:24: UserWarning: NPU not support router replay for now.
[36m(pid=1537602)[0m   from verl.utils.megatron.router_replay_patch import RouterReplay
[36m(pid=1537598)[0m /data2/hjk/projects/verl/verl/workers/engine/mindspeed/transformer_impl.py:24: UserWarning: NPU not support router replay for now.
[36m(pid=1537598)[0m   from verl.utils.megatron.router_replay_patch import RouterReplay
[36m(pid=1537597)[0m /data2/hjk/projects/verl/verl/workers/engine/mindspeed/transformer_impl.py:24: UserWarning: NPU not support router replay for now.
[36m(pid=1537597)[0m   from verl.utils.megatron.router_replay_patch import RouterReplay
[36m(pid=1537603)[0m /data2/hjk/projects/verl/verl/workers/engine/mindspeed/transformer_impl.py:24: UserWarning: NPU not support router replay for now.
[36m(pid=1537603)[0m   from verl.utils.megatron.router_replay_patch import RouterReplay
[36m(pid=1537596)[0m /data2/hjk/projects/verl/verl/workers/engine/mindspeed/transformer_impl.py:24: UserWarning: NPU not support router replay for now.
[36m(pid=1537596)[0m   from verl.utils.megatron.router_replay_patch import RouterReplay
[36m(pid=1537601)[0m /data2/hjk/projects/verl/verl/workers/engine/mindspeed/transformer_impl.py:24: UserWarning: NPU not support router replay for now.
[36m(pid=1537601)[0m   from verl.utils.megatron.router_replay_patch import RouterReplay
[36m(AgentLoopWorkerTQ pid=1537600)[0m Using blocking ray.get inside async actor. This blocks the event loop. Please use `await` on object ref with asyncio.gather if you want to yield execution to the event loop instead.
[36m(AgentLoopWorkerTQ pid=1537599)[0m Using blocking ray.get inside async actor. This blocks the event loop. Please use `await` on object ref with asyncio.gather if you want to yield execution to the event loop instead.
[36m(AgentLoopWorkerTQ pid=1537602)[0m Using blocking ray.get inside async actor. This blocks the event loop. Please use `await` on object ref with asyncio.gather if you want to yield execution to the event loop instead.
[36m(AgentLoopWorkerTQ pid=1537603)[0m Using blocking ray.get inside async actor. This blocks the event loop. Please use `await` on object ref with asyncio.gather if you want to yield execution to the event loop instead.
[36m(AgentLoopWorkerTQ pid=1537598)[0m Using blocking ray.get inside async actor. This blocks the event loop. Please use `await` on object ref with asyncio.gather if you want to yield execution to the event loop instead.
[36m(AgentLoopWorkerTQ pid=1537597)[0m Using blocking ray.get inside async actor. This blocks the event loop. Please use `await` on object ref with asyncio.gather if you want to yield execution to the event loop instead.
[36m(AgentLoopWorkerTQ pid=1537596)[0m Using blocking ray.get inside async actor. This blocks the event loop. Please use `await` on object ref with asyncio.gather if you want to yield execution to the event loop instead.
[36m(AgentLoopWorkerTQ pid=1537601)[0m Using blocking ray.get inside async actor. This blocks the event loop. Please use `await` on object ref with asyncio.gather if you want to yield execution to the event loop instead.
[36m(WorkerDict pid=1535194)[0m Using blocking ray.get inside async actor. This blocks the event loop. Please use `await` on object ref with asyncio.gather if you want to yield execution to the event loop instead.
[36m(WorkerDict pid=1535194)[0m INFO:2026-07-06 09:39:04,569:update_weights done, time cost: 0.93s

[36m(vLLMHttpServer pid=1535882)[0m  'verl.workers.rollout.vllm_rollout.utils.vLLMColocateWorkerExtension',
[36m(vLLMHttpServer pid=1535882)[0m  '--max_model_len',
[36m(vLLMHttpServer pid=1535882)[0m  '20480',
[36m(vLLMHttpServer pid=1535882)[0m  '--max_num_seqs',
[36m(vLLMHttpServer pid=1535882)[0m  '4',
[36m(vLLMHttpServer pid=1535882)[0m  '--no-enable-chunked-prefill',
[36m(vLLMHttpServer pid=1535882)[0m  '--max_num_batched_tokens',
[36m(vLLMHttpServer pid=1535882)[0m  '20480',
[36m(vLLMHttpServer pid=1535882)[0m  '--no-enable-prefix-caching',
[36m(vLLMHttpServer pid=1535882)[0m  '--enable_sleep_mode',
[36m(vLLMHttpServer pid=1535882)[0m  '--logprobs_mode',
[36m(vLLMHttpServer pid=1535882)[0m  'processed_logprobs',
[36m(vLLMHttpServer pid=1535882)[0m  '--gpu_memory_utilization',
[36m(vLLMHttpServer pid=1535882)[0m  '0.5',
[36m(vLLMHttpServer pid=1535882)[0m  '--disable_log_stats',
[36m(vLLMHttpServer pid=1535882)[0m  '--tensor_parallel_size',
[36m(vLLMHttpServer pid=1535882)[0m  '1',
[36m(vLLMHttpServer pid=1535882)[0m  '--seed',
[36m(vLLMHttpServer pid=1535882)[0m  '42',
[36m(vLLMHttpServer pid=1535882)[0m  '--override_generation_config',
[36m(vLLMHttpServer pid=1535882)[0m  '{"temperature": 1.0, "top_k": -1, "top_p": 1.0, "repetition_penalty": 1.0, '
[36m(vLLMHttpServer pid=1535882)[0m  '"max_new_tokens": 16384}',
[36m(vLLMHttpServer pid=1535882)[0m  '--hf_overrides',
[36m(vLLMHttpServer pid=1535882)[0m  '{}',
[36m(vLLMHttpServer pid=1535882)[0m  '--scheduling_policy',
[36m(vLLMHttpServer pid=1535882)[0m  'fcfs',
[36m(vLLMHttpServer pid=1535882)[0m  '--compilation_config',
[36m(vLLMHttpServer pid=1535882)[0m  '{"cudagraph_mode": "FULL_AND_PIECEWISE"}']
[36m(vLLMHttpServer pid=1535882)[0m WARNING 07-06 09:36:19 [__init__.py:3036] We must use the `spawn` multiprocessing start method. Overriding VLLM_WORKER_MULTIPROC_METHOD to 'spawn'. See https://docs.vllm.ai/en/latest/usage/troubleshooting.html#python-multiprocessing for more information. Reasons: In a Ray actor and can only be spawned; CUDA is initialized
[36m(vLLMHttpServer pid=1535882)[0m [Gloo] Rank 0 is connected to 0 peer ranks. Expected number of connected peer ranks is : 0
[36m(vLLMHttpServer pid=1535882)[0m [Gloo] Rank 0 is connected to 0 peer ranks. Expected number of connected peer ranks is : 0
[36m(vLLMHttpServer pid=1535882)[0m [Gloo] Rank 0 is connected to 0 peer ranks. Expected number of connected peer ranks is : 0
[36m(vLLMHttpServer pid=1535882)[0m [Gloo] Rank 0 is connected to 0 peer ranks. Expected number of connected peer ranks is : 0
[36m(vLLMHttpServer pid=1535882)[0m [Gloo] Rank 0 is connected to 0 peer ranks. Expected number of connected peer ranks is : 0
[36m(vLLMHttpServer pid=1535882)[0m [Gloo] Rank 0 is connected to 0 peer ranks. Expected number of connected peer ranks is : 0
[36m(vLLMHttpServer pid=1535882)[0m WARNING 07-06 09:37:20 [model.py:1389] Default sampling parameters have been overridden by the model's Hugging Face generation config recommended from the model creator. If this is not intended, please relaunch vLLM instance with `--generation-config vllm`.
[36m(TaskRunnerV1 pid=1533811)[0m LLMServerManager: ['202.120.39.159:36753']
[36m(TaskRunnerV1 pid=1533811)[0m Checkpoint tracker file does not exist: /data2/hjk/checkpoints/verl_qwen3vl/qwen3vl8b_stage3_c2_1_vllm_probe_smoke18_groupfix_seed42/latest_checkpointed_iteration.txt
[36m(WorkerDict pid=1535194)[0m WARNING 07-06 09:37:21 [api_server.py:1213] LoRA dynamic loading & unloading is enabled in the API server. This should ONLY be used for local development!
[36m(GlobalRequestLoadBalancer pid=1537115)[0m WARNING 07-06 09:37:29 [api_server.py:1213] LoRA dynamic loading & unloading is enabled in the API server. This should ONLY be used for local development!
[36m(AgentLoopWorkerTQ pid=1537600)[0m Using dataset class: RLHFDataset
[36m(AgentLoopWorkerTQ pid=1537599)[0m Using dataset class: RLHFDataset
[36m(AgentLoopWorkerTQ pid=1537602)[0m Using dataset class: RLHFDataset
[36m(AgentLoopWorkerTQ pid=1537603)[0m Using dataset class: RLHFDataset
[36m(AgentLoopWorkerTQ pid=1537598)[0m Using dataset class: RLHFDataset
[36m(AgentLoopWorkerTQ pid=1537597)[0m Using dataset class: RLHFDataset
[36m(AgentLoopWorkerTQ pid=1537596)[0m Using dataset class: RLHFDataset
[36m(AgentLoopWorkerTQ pid=1537601)[0m Using dataset class: RLHFDataset
[36m(AgentLoopWorkerTQ pid=1537596)[0m WARNING 07-06 09:38:03 [api_server.py:1213] LoRA dynamic loading & unloading is enabled in the API server. This should ONLY be used for local development!
[36m(TaskRunnerV1 pid=1533811)[0m [qwen3vl_c2_zscore_v1] diagnostics {'c2_groups_total': 1.0, 'c2_groups_with_nonzero_b_gain_std': 0.0, 'c2_frac_groups_with_nonzero_b_gain_std': 0.0, 'c2_groups_where_b_gain_changes_ranking': 0.0, 'c2_frac_groups_where_b_gain_changes_ranking': 0.0, 'c2_all_same_answer_groups': 1.0, 'c2_all_same_answer_groups_with_b_gain_ranking': 0.0, 'c2_frac_all_same_answer_groups_with_b_gain_ranking': 0.0, 'c2_within_group_corr_answer_b_gain_mean': 0.0}
[36m(TaskRunnerV1 pid=1533811)[0m step:1 - c2_1/option_probe_failed_mean:0.0 - c2_1/option_probe_elapsed_s_mean:1.1919100554951 - c2_1/option_probe_count_mean:4.0 - global_seqlen/min:5255 - global_seqlen/max:5255 - global_seqlen/minmax_diff:0 - global_seqlen/balanced_min:5255 - global_seqlen/balanced_max:5255 - global_seqlen/mean:5255.0 - actor/entropy:0.3776853084564209 - training/rollout_probs_diff_valid:1 - training/rollout_probs_diff_max:0.12189379334449768 - training/rollout_probs_diff_mean:0.004218743648380041 - training/rollout_probs_diff_std:0.009063254110515118 - training/rollout_actor_probs_pearson_corr:0.9994205236434937 - c2_groups_total:1.0 - c2_groups_with_nonzero_b_gain_std:0.0 - c2_frac_groups_with_nonzero_b_gain_std:0.0 - c2_groups_where_b_gain_changes_ranking:0.0 - c2_frac_groups_where_b_gain_changes_ranking:0.0 - c2_all_same_answer_groups:1.0 - c2_all_same_answer_groups_with_b_gain_ranking:0.0 - c2_frac_all_same_answer_groups_with_b_gain_ranking:0.0 - c2_within_group_corr_answer_b_gain_mean:0.0 - rollout_corr/training_ppl:1.2437331676483154 - rollout_corr/training_log_ppl:0.19843587279319763 - rollout_corr/kl:0.000585484376642853 - rollout_corr/k3_kl:0.0005034852074459195 - rollout_corr/rollout_ppl:1.2433643341064453 - rollout_corr/rollout_log_ppl:0.1981772482395172 - rollout_corr/log_ppl_diff:0.0002586096525192261 - rollout_corr/log_ppl_abs_diff:0.0005125850439071655 - rollout_corr/log_ppl_diff_max:0.0015423893928527832 - rollout_corr/log_ppl_diff_min:-0.0005079507827758789 - rollout_corr/ppl_ratio:1.0002589225769043 - rollout_corr/chi2_token:0.0008440017700195312 - rollout_corr/chi2_seq:2.0292322635650635 - actor/pg_clipfrac:np.float64(0.0) - actor/ppo_kl:np.float64(0.0) - actor/pg_clipfrac_lower:np.float64(0.0) - actor/pg_loss:np.float64(0.0) - actor/loss:np.float64(0.0) - actor/grad_norm:np.float64(0.0) - actor/lr:np.float64(1e-06) - actor/perf/max_memory_allocated_gb:np.float64(40.33486557006836) - actor/perf/max_memory_reserved_gb:np.float64(47.759765625) - actor/perf/cpu_memory_used_gb:np.float64(30.948017120361328) - perf/mfu/actor:np.float64(0.06931654234088463) - training/global_step:1 - training/epoch:0 - critic/score/mean:1.0 - critic/score/max:1.0 - critic/score/min:1.0 - critic/rewards/mean:1.0 - critic/rewards/max:1.0 - critic/rewards/min:1.0 - critic/advantages/mean:0.0 - critic/advantages/max:0.0 - critic/advantages/min:0.0 - critic/returns/mean:0.0 - critic/returns/max:0.0 - critic/returns/min:0.0 - response_length/mean:2440.5 - response_length/max:2603.0 - response_length/min:2278.0 - response_length/clip_ratio:0.5 - response_length_non_aborted/mean:2440.5 - response_length_non_aborted/max:2603.0 - response_length_non_aborted/min:2278.0 - response_length_non_aborted/clip_ratio:0.5 - response/aborted_ratio:0.0 - prompt_length/mean:185.0 - prompt_length/max:185.0 - prompt_length/min:185.0 - prompt_length/clip_ratio:1.0 - timing_s/gen:24.71251988800941 - timing_s/c2_vllm_wake:0.05831604398554191 - timing_s/c2_vllm_probe:2.4678251139703207 - timing_s/c2_vllm_sleep:0.5920552510069683 - timing_s/old_log_prob:2.1953992250491865 - timing_s/adv:0.13574161403812468 - timing_s/update_actor:4.088723466033116 - timing_s/update_weights:29.140166499011684 - timing_s/step:70.8737664539949 - timing_per_token_ms/adv:0.025830944631422395 - timing_per_token_ms/update_actor:0.778063456904494 - timing_per_token_ms/gen:5.060929733362566 - perf/total_num_tokens:5255 - perf/time_per_step:70.8737664539949 - perf/throughput:74.14591128596346 - training/num_turns/mean:np.float64(2.0) - training/num_turns/max:np.int64(2) - training/num_turns/min:np.int64(2) - training/off_policy/trajectory_spans/mean:np.float64(1.0) - training/off_policy/trajectory_spans/max:np.float64(1.0) - training/off_policy/trajectory_spans/min:np.float64(1.0) - training/off_policy/trajectory_staleness/mean:np.float64(0.0) - training/off_policy/trajectory_staleness/max:np.float64(0.0) - training/off_policy/trajectory_staleness/min:np.float64(0.0) - training/off_policy/trajectory_staleness_worst/mean:np.float64(0.0) - training/off_policy/trajectory_staleness_worst/max:np.float64(0.0) - training/off_policy/trajectory_staleness_worst/min:np.float64(0.0)[36m(TaskRunnerV1 pid=1533811)[0m Training Progress:   6%|▌         | 1/18 [01:10<20:05, 70.94s/it]
[36m(WorkerDict pid=1535194)[0m INFO:2026-07-06 09:40:09,871:update_weights done, time cost: 0.95s
[36m(TaskRunnerV1 pid=1533811)[0m Training Progress:  11%|█         | 2/18 [02:16<18:01, 67.62s/it]
[36m(TransferQueueController pid=1534018)[0m 2026-07-06 09:40:16,204 - INFO - transfer_queue.utils.perf_utils - TQ_CONTROLLER_f28f8f8e: [Performance] Total success requests: 119, Total req/min: 23.72, Total avg process time: 0.0005s; 
[36m(TransferQueueController pid=1534018)[0m Time range: last 5.02 minutes; 
[36m(TransferQueueController pid=1534018)[0m Per-operation statistics: KV_RETRIEVE_META: req_count=40, req/min=7.97, avg_time=0.001141s, max_time=0.001753s, min_time=0.000713s; SET_CUSTOM_META: req_count=24, req/min=4.78, avg_time=0.000053s, max_time=0.000103s, min_time=0.000034s; KV_LIST: req_count=33, req/min=6.58, avg_time=0.000071s, max_time=0.000110s, min_time=0.000047s; NOTIFY_DATA_UPDATE: req_count=16, req/min=3.19, avg_time=0.000446s, max_time=0.000781s, min_time=0.000329s; CLEAR_META: req_count=4, req/min=0.80, avg_time=0.000339s, max_time=0.000360s, min_time=0.000291s; KV_RETRIEVE_KEYS: req_count=2, req/min=0.40, avg_time=0.000083s, max_time=0.000088s, min_time=0.000078s
[36m(SimpleStorageUnit pid=1534103)[0m 2026-07-06 09:40:48,875 - INFO - transfer_queue.utils.perf_utils - TQ_STORAGE_UNIT_8aab8fd2: [Performance] Total success requests: 26, Total req/min: 4.72, Total avg process time: 0.0081s; 
[36m(SimpleStorageUnit pid=1534103)[0m Time range: last 5.51 minutes; 
[36m(SimpleStorageUnit pid=1534103)[0m Per-operation statistics: CLEAR_DATA: req_count=3, req/min=0.54, avg_time=0.008608s, max_time=0.008965s, min_time=0.008126s; PUT_DATA: req_count=12, req/min=2.18, avg_time=0.007929s, max_time=0.008828s, min_time=0.005561s; GET_DATA: req_count=11, req/min=2.00, avg_time=0.008100s, max_time=0.008806s, min_time=0.003785s
[36m(SimpleStorageUnit pid=1534113)[0m 2026-07-06 09:40:49,905 - INFO - transfer_queue.utils.perf_utils - TQ_STORAGE_UNIT_3820da22: [Performance] Total success requests: 23, Total req/min: 4.16, Total avg process time: 0.0085s; 
[36m(SimpleStorageUnit pid=1534113)[0m Time range: last 5.53 minutes; 
[36m(SimpleStorageUnit pid=1534113)[0m Per-operation statistics: PUT_DATA: req_count=11, req/min=1.99, avg_time=0.008360s, max_time=0.008932s, min_time=0.007117s; GET_DATA: req_count=10, req/min=1.81, avg_time=0.008593s, max_time=0.008854s, min_time=0.008046s; CLEAR_DATA: req_count=2, req/min=0.36, avg_time=0.008879s, max_time=0.008955s, min_time=0.008803s
[36m(SimpleStorageUnit pid=1534116)[0m 2026-07-06 09:40:50,258 - INFO - transfer_queue.utils.perf_utils - TQ_STORAGE_UNIT_0409aa42: [Performance] Total success requests: 28, Total req/min: 5.06, Total avg process time: 0.0082s; 
[36m(SimpleStorageUnit pid=1534116)[0m Time range: last 5.53 minutes; 
[36m(SimpleStorageUnit pid=1534116)[0m Per-operation statistics: PUT_DATA: req_count=12, req/min=2.17, avg_time=0.008198s, max_time=0.009231s, min_time=0.006940s; GET_DATA: req_count=13, req/min=2.35, avg_time=0.008317s, max_time=0.008998s, min_time=0.006758s; CLEAR_DATA: req_count=3, req/min=0.54, avg_time=0.008152s, max_time=0.008916s, min_time=0.006744s
[36m(SimpleStorageUnit pid=1534104)[0m 2026-07-06 09:40:54,168 - INFO - transfer_queue.utils.perf_utils - TQ_STORAGE_UNIT_163c0173: [Performance] Total success requests: 27, Total req/min: 4.82, Total avg process time: 0.0081s; 
[36m(SimpleStorageUnit pid=1534104)[0m Time range: last 5.60 minutes; 
[36m(SimpleStorageUnit pid=1534104)[0m Per-operation statistics: PUT_DATA: req_count=12, req/min=2.14, avg_time=0.008055s, max_time=0.008789s, min_time=0.007549s; GET_DATA: req_count=12, req/min=2.14, avg_time=0.008221s, max_time=0.008535s, min_time=0.007310s; CLEAR_DATA: req_count=3, req/min=0.54, avg_time=0.007930s, max_time=0.008553s, min_time=0.006822s
[36m(WorkerDict pid=1535194)[0m INFO:2026-07-06 09:41:29,971:update_weights done, time cost: 1.04s

[36m(TaskRunnerV1 pid=1533811)[0m [qwen3vl_c2_zscore_v1] diagnostics {'c2_groups_total': 1.0, 'c2_groups_with_nonzero_b_gain_std': 0.0, 'c2_frac_groups_with_nonzero_b_gain_std': 0.0, 'c2_groups_where_b_gain_changes_ranking': 0.0, 'c2_frac_groups_where_b_gain_changes_ranking': 0.0, 'c2_all_same_answer_groups': 1.0, 'c2_all_same_answer_groups_with_b_gain_ranking': 0.0, 'c2_frac_all_same_answer_groups_with_b_gain_ranking': 0.0, 'c2_within_group_corr_answer_b_gain_mean': 0.0}
[36m(TaskRunnerV1 pid=1533811)[0m step:2 - c2_1/option_probe_failed_mean:0.0 - c2_1/option_probe_elapsed_s_mean:1.1687945619923994 - c2_1/option_probe_count_mean:4.0 - global_seqlen/min:6115 - global_seqlen/max:6115 - global_seqlen/minmax_diff:0 - global_seqlen/balanced_min:6115 - global_seqlen/balanced_max:6115 - global_seqlen/mean:6115.0 - actor/entropy:0.3207246661186218 - training/rollout_probs_diff_valid:1 - training/rollout_probs_diff_max:0.062463998794555664 - training/rollout_probs_diff_mean:0.0037566698156297207 - training/rollout_probs_diff_std:0.008590669371187687 - training/rollout_actor_probs_pearson_corr:0.9994224905967712 - c2_groups_total:1.0 - c2_groups_with_nonzero_b_gain_std:0.0 - c2_frac_groups_with_nonzero_b_gain_std:0.0 - c2_groups_where_b_gain_changes_ranking:0.0 - c2_frac_groups_where_b_gain_changes_ranking:0.0 - c2_all_same_answer_groups:1.0 - c2_all_same_answer_groups_with_b_gain_ranking:0.0 - c2_frac_all_same_answer_groups_with_b_gain_ranking:0.0 - c2_within_group_corr_answer_b_gain_mean:0.0 - rollout_corr/training_ppl:1.186954140663147 - rollout_corr/training_log_ppl:0.15873704850673676 - rollout_corr/kl:0.0005133000668138266 - rollout_corr/k3_kl:0.00037264879210852087 - rollout_corr/rollout_ppl:1.1865792274475098 - rollout_corr/rollout_log_ppl:0.1584632694721222 - rollout_corr/log_ppl_diff:0.00027377158403396606 - rollout_corr/log_ppl_abs_diff:0.00027377158403396606 - rollout_corr/log_ppl_diff_max:0.0006402134895324707 - rollout_corr/log_ppl_diff_min:0.0 - rollout_corr/ppl_ratio:1.0002738237380981 - rollout_corr/chi2_token:0.0004633665084838867 - rollout_corr/chi2_seq:-0.4682120680809021 - actor/pg_clipfrac:np.float64(0.0) - actor/ppo_kl:np.float64(0.0) - actor/pg_clipfrac_lower:np.float64(0.0) - actor/pg_loss:np.float64(0.0) - actor/loss:np.float64(0.0) - actor/grad_norm:np.float64(0.0) - actor/lr:np.float64(1e-06) - actor/perf/max_memory_allocated_gb:np.float64(41.76768922805786) - actor/perf/max_memory_reserved_gb:np.float64(52.3984375) - actor/perf/cpu_memory_used_gb:np.float64(32.09551239013672) - perf/mfu/actor:np.float64(0.10407327125828375) - training/global_step:2 - training/epoch:0 - critic/score/mean:1.0 - critic/score/max:1.0 - critic/score/min:1.0 - critic/rewards/mean:1.0 - critic/rewards/max:1.0 - critic/rewards/min:1.0 - critic/advantages/mean:0.0 - critic/advantages/max:0.0 - critic/advantages/min:0.0 - critic/returns/mean:0.0 - critic/returns/max:0.0 - critic/returns/min:0.0 - response_length/mean:2865.5 - response_length/max:3925.0 - response_length/min:1806.0 - response_length/clip_ratio:0.5 - response_length_non_aborted/mean:2865.5 - response_length_non_aborted/max:3925.0 - response_length_non_aborted/min:1806.0 - response_length_non_aborted/clip_ratio:0.5 - response/aborted_ratio:0.0 - prompt_length/mean:190.0 - prompt_length/max:190.0 - prompt_length/min:190.0 - prompt_length/clip_ratio:1.0 - timing_s/gen:30.735295223013964 - timing_s/c2_vllm_wake:0.0589645630097948 - timing_s/c2_vllm_probe:2.3975998290115967 - timing_s/c2_vllm_sleep:0.5662935390137136 - timing_s/old_log_prob:1.2676666339975782 - timing_s/adv:0.13261193002108485 - timing_s/update_actor:3.240818644000683 - timing_s/update_weights:26.72405801800778 - timing_s/step:65.2249522760394 - timing_per_token_ms/adv:0.021686333609335216 - timing_per_token_ms/update_actor:0.5299785190516244 - timing_per_token_ms/gen:5.361118999304721 - perf/total_num_tokens:6115 - perf/time_per_step:65.2249522760394 - perf/throughput:93.75246415084561 - training/num_turns/mean:np.float64(2.0) - training/num_turns/max:np.int64(2) - training/num_turns/min:np.int64(2) - training/off_policy/trajectory_spans/mean:np.float64(1.0) - training/off_policy/trajectory_spans/max:np.float64(1.0) - training/off_policy/trajectory_spans/min:np.float64(1.0) - training/off_policy/trajectory_staleness/mean:np.float64(0.0) - training/off_policy/trajectory_staleness/max:np.float64(0.0) - training/off_policy/trajectory_staleness/min:np.float64(0.0) - training/off_policy/trajectory_staleness_worst/mean:np.float64(0.0) - training/off_policy/trajectory_staleness_worst/max:np.float64(0.0) - training/off_policy/trajectory_staleness_worst/min:np.float64(0.0)
[36m(TaskRunnerV1 pid=1533811)[0m [qwen3vl_c2_zscore_v1] diagnostics {'c2_groups_total': 1.0, 'c2_groups_with_nonzero_b_gain_std': 0.0, 'c2_frac_groups_with_nonzero_b_gain_std': 0.0, 'c2_groups_where_b_gain_changes_ranking': 0.0, 'c2_frac_groups_where_b_gain_changes_ranking': 0.0, 'c2_all_same_answer_groups': 0.0, 'c2_all_same_answer_groups_with_b_gain_ranking': 0.0, 'c2_frac_all_same_answer_groups_with_b_gain_ranking': 0.0, 'c2_within_group_corr_answer_b_gain_mean': 0.0}
[36m(TaskRunnerV1 pid=1533811)[0m step:3 - c2_1/option_probe_failed_mean:0.0 - c2_1/option_probe_elapsed_s_mean:1.2226947885064874 - c2_1/option_probe_count_mean:4.0 - global_seqlen/min:10856 - global_seqlen/max:10856 - global_seqlen/minmax_diff:0 - global_seqlen/balanced_min:10856 - global_seqlen/balanced_max:10856 - global_seqlen/mean:10856.0 - actor/entropy:0.4032805263996124 - training/rollout_probs_diff_valid:1 - training/rollout_probs_diff_max:0.08820465207099915 - training/rollout_probs_diff_mean:0.004546538460999727 - training/rollout_probs_diff_std:0.009045101702213287 - training/rollout_actor_probs_pearson_corr:0.9993930459022522 - c2_groups_total:1.0 - c2_groups_with_nonzero_b_gain_std:0.0 - c2_frac_groups_with_nonzero_b_gain_std:0.0 - c2_groups_where_b_gain_changes_ranking:0.0 - c2_frac_groups_where_b_gain_changes_ranking:0.0 - c2_all_same_answer_groups:0.0 - c2_all_same_answer_groups_with_b_gain_ranking:0.0 - c2_frac_all_same_answer_groups_with_b_gain_ranking:0.0 - c2_within_group_corr_answer_b_gain_mean:0.0 - rollout_corr/training_ppl:1.2451409101486206 - rollout_corr/training_log_ppl:0.19947683811187744 - rollout_corr/kl:0.0005337891052477062 - rollout_corr/k3_kl:0.000449812738224864 - rollout_corr/rollout_ppl:1.2447421550750732 - rollout_corr/rollout_log_ppl:0.19920939207077026 - rollout_corr/log_ppl_diff:0.0002674385905265808 - rollout_corr/log_ppl_abs_diff:0.0002674385905265808 - rollout_corr/log_ppl_diff_max:0.0006155669689178467 - rollout_corr/log_ppl_diff_min:0.0 - rollout_corr/ppl_ratio:1.000267505645752 - rollout_corr/chi2_token:0.0007330179214477539 - rollout_corr/chi2_seq:-0.4976155757904053 - actor/pg_clipfrac:np.float64(0.0) - actor/ppo_kl:np.float64(0.0) - actor/pg_clipfrac_lower:np.float64(0.0) - actor/pg_loss:np.float64(0.009402990341186523) - actor/loss:np.float64(0.009402990341186523) - actor/grad_norm:np.float64(0.03907938301563263) - actor/lr:np.float64(1e-06) - actor/perf/max_memory_allocated_gb:np.float64(48.62264156341553) - actor/perf/max_memory_reserved_gb:np.float64(59.4140625) - actor/perf/cpu_memory_used_gb:np.float64(32.16824722290039) - perf/mfu/actor:np.float64(0.0819290313820463) - training/global_step:3 - training/epoch:0 - critic/score/mean:0.5 - critic/score/max:1.0 - critic/score/min:0.0 - critic/rewards/mean:0.5 - critic/rewards/max:1.0 - critic/rewards/min:0.0 - critic/advantages/mean:-0.009402998723089695 - critic/advantages/max:0.7071057558059692 - critic/advantages/min:-0.7071057558059692 - critic/returns/mean:-0.009402998723089695 - critic/returns/max:0.7071057558059692 - critic/returns/min:-0.7071057558059692 - response_length/mean:5264.0 - response_length/max:5334.0 - response_length/min:5194.0 - response_length/clip_ratio:0.5 - response_length_non_aborted/mean:5264.0 - response_length_non_aborted/max:5334.0 - response_length_non_aborted/min:5194.0 - response_length_non_aborted/clip_ratio:0.5 - response/aborted_ratio:0.0 - prompt_length/mean:162.0 - prompt_length/max:162.0 - prompt_length/min:162.0 - prompt_length/clip_ratio:1.0 - timing_s/gen:40.72661536303349 - timing_s/c2_vllm_wake:0.05852082394994795 - timing_s/c2_vllm_probe:2.507511541014537 - timing_s/c2_vllm_sleep:0.613706803007517 - timing_s/old_log_prob:2.2517033480107784 - timing_s/adv:0.12827749399002641 - timing_s/update_actor:7.369210298988037 - timing_s/update_weights:26.28832158097066 - timing_s/step:80.0433905730024 - timing_per_token_ms/adv:0.011816276159729773 - timing_per_token_ms/update_actor:0.6788145080128994 - timing_per_token_ms/gen:3.8676747733175203 - perf/total_num_tokens:10856 - perf/time_per_step:80.0433905730024 - perf/throughput:135.62643863891478 - training/num_turns/mean:np.float64(2.0) - training/num_turns/max:np.int64(2) - training/num_turns/min:np.int64(2) - training/off_policy/trajectory_spans/mean:np.float64(1.0) - training/off_policy/trajectory_spans/max:np.float64(1.0) - training/off_policy/trajectory_spans/min:np.float64(1.0) - training/off_policy/trajectory_staleness/mean:np.float64(0.0) - training/off_policy/trajectory_staleness/max:np.float64(0.0) - training/off_policy/trajectory_staleness/min:np.float64(0.0) - training/off_policy/trajectory_staleness_worst/mean:np.float64(0.0) - training/off_policy/trajectory_staleness_worst/max:np.float64(0.0) - training/off_policy/trajectory_staleness_worst/min:np.float64(0.0)[36m(TaskRunnerV1 pid=1533811)[0m Training Progress:  17%|█▋        | 3/18 [03:36<18:19, 73.32s/it]
[36m(TaskRunnerV1 pid=1533811)[0m INFO:2026-07-06 09:42:30,371:pending: 0, running: 1, finished: 0, failure: 0
[36m(WorkerDict pid=1535194)[0m INFO:2026-07-06 09:43:40,293:update_weights done, time cost: 1.14s
[36m(TaskRunnerV1 pid=1533811)[0m Training Progress:  22%|██▏       | 4/18 [05:46<22:21, 95.83s/it]
[36m(WorkerDict pid=1535194)[0m INFO:2026-07-06 09:44:23,486:update_weights done, time cost: 0.86s

[36m(TaskRunnerV1 pid=1533811)[0m [qwen3vl_c2_zscore_v1] diagnostics {'c2_groups_total': 1.0, 'c2_groups_with_nonzero_b_gain_std': 0.0, 'c2_frac_groups_with_nonzero_b_gain_std': 0.0, 'c2_groups_where_b_gain_changes_ranking': 0.0, 'c2_frac_groups_where_b_gain_changes_ranking': 0.0, 'c2_all_same_answer_groups': 0.0, 'c2_all_same_answer_groups_with_b_gain_ranking': 0.0, 'c2_frac_all_same_answer_groups_with_b_gain_ranking': 0.0, 'c2_within_group_corr_answer_b_gain_mean': 0.0}
[36m(TaskRunnerV1 pid=1533811)[0m step:4 - c2_1/option_probe_failed_mean:0.0 - c2_1/option_probe_elapsed_s_mean:1.0549556935147848 - c2_1/option_probe_count_mean:4.0 - global_seqlen/min:17866 - global_seqlen/max:17866 - global_seqlen/minmax_diff:0 - global_seqlen/balanced_min:17866 - global_seqlen/balanced_max:17866 - global_seqlen/mean:17866.0 - actor/entropy:0.6033129096031189 - training/rollout_probs_diff_valid:1 - training/rollout_probs_diff_max:0.09812122583389282 - training/rollout_probs_diff_mean:0.005239143967628479 - training/rollout_probs_diff_std:0.008901473134756088 - training/rollout_actor_probs_pearson_corr:0.9995059370994568 - c2_groups_total:1.0 - c2_groups_with_nonzero_b_gain_std:0.0 - c2_frac_groups_with_nonzero_b_gain_std:0.0 - c2_groups_where_b_gain_changes_ranking:0.0 - c2_frac_groups_where_b_gain_changes_ranking:0.0 - c2_all_same_answer_groups:0.0 - c2_all_same_answer_groups_with_b_gain_ranking:0.0 - c2_frac_all_same_answer_groups_with_b_gain_ranking:0.0 - c2_within_group_corr_answer_b_gain_mean:0.0 - rollout_corr/training_ppl:1.412840723991394 - rollout_corr/training_log_ppl:0.3009741008281708 - rollout_corr/kl:-0.000125996841234155 - rollout_corr/k3_kl:0.0005534373922273517 - rollout_corr/rollout_ppl:1.4129682779312134 - rollout_corr/rollout_log_ppl:0.30104386806488037 - rollout_corr/log_ppl_diff:-6.976723670959473e-05 - rollout_corr/log_ppl_abs_diff:6.976723670959473e-05 - rollout_corr/log_ppl_diff_max:0.0 - rollout_corr/log_ppl_diff_min:-0.00021451711654663086 - rollout_corr/ppl_ratio:0.9999302625656128 - rollout_corr/chi2_token:0.002474188804626465 - rollout_corr/chi2_seq:5.882837295532227 - actor/pg_clipfrac:np.float64(0.0) - actor/ppo_kl:np.float64(0.0) - actor/pg_clipfrac_lower:np.float64(0.0) - actor/pg_loss:np.float64(-0.1279701292514801) - actor/loss:np.float64(-0.1279701292514801) - actor/grad_norm:np.float64(0.029137063771486282) - actor/lr:np.float64(1e-06) - actor/perf/max_memory_allocated_gb:np.float64(58.8350305557251) - actor/perf/max_memory_reserved_gb:np.float64(73.42578125) - actor/perf/cpu_memory_used_gb:np.float64(32.26591873168945) - perf/mfu/actor:np.float64(0.06583666251976401) - training/global_step:4 - training/epoch:0 - critic/score/mean:0.5 - critic/score/max:1.0 - critic/score/min:0.0 - critic/rewards/mean:0.5 - critic/rewards/max:1.0 - critic/rewards/min:0.0 - critic/advantages/mean:0.1279701292514801 - critic/advantages/max:0.7071057558059692 - critic/advantages/min:-0.7071057558059692 - critic/returns/mean:0.1279701292514801 - critic/returns/max:0.7071057558059692 - critic/returns/min:-0.7071057558059692 - response_length/mean:8758.0 - response_length/max:10343.0 - response_length/min:7173.0 - response_length/clip_ratio:0.5 - response_length_non_aborted/mean:8758.0 - response_length_non_aborted/max:10343.0 - response_length_non_aborted/min:7173.0 - response_length_non_aborted/clip_ratio:0.5 - response/aborted_ratio:0.0 - prompt_length/mean:173.0 - prompt_length/max:173.0 - prompt_length/min:173.0 - prompt_length/clip_ratio:1.0 - timing_s/gen:80.79600027902052 - timing_s/c2_vllm_wake:0.05764174199430272 - timing_s/c2_vllm_probe:2.1840246669598855 - timing_s/c2_vllm_sleep:0.6019635800039396 - timing_s/old_log_prob:4.398080006998498 - timing_s/adv:0.1353993890224956 - timing_s/update_actor:15.863799992017448 - timing_s/update_weights:26.115819511003792 - timing_s/step:130.26245057501364 - timing_per_token_ms/adv:0.007578606796288794 - timing_per_token_ms/update_actor:0.8879323850899724 - timing_per_token_ms/gen:4.612170355007451 - perf/total_num_tokens:17866 - perf/time_per_step:130.26245057501364 - perf/throughput:137.15387604896614 - training/num_turns/mean:np.float64(2.0) - training/num_turns/max:np.int64(2) - training/num_turns/min:np.int64(2) - training/off_policy/trajectory_spans/mean:np.float64(1.0) - training/off_policy/trajectory_spans/max:np.float64(1.0) - training/off_policy/trajectory_spans/min:np.float64(1.0) - training/off_policy/trajectory_staleness/mean:np.float64(0.0) - training/off_policy/trajectory_staleness/max:np.float64(0.0) - training/off_policy/trajectory_staleness/min:np.float64(0.0) - training/off_policy/trajectory_staleness_worst/mean:np.float64(0.0) - training/off_policy/trajectory_staleness_worst/max:np.float64(0.0) - training/off_policy/trajectory_staleness_worst/min:np.float64(0.0)
[36m(TaskRunnerV1 pid=1533811)[0m [qwen3vl_c2_zscore_v1] diagnostics {'c2_groups_total': 1.0, 'c2_groups_with_nonzero_b_gain_std': 0.0, 'c2_frac_groups_with_nonzero_b_gain_std': 0.0, 'c2_groups_where_b_gain_changes_ranking': 0.0, 'c2_frac_groups_where_b_gain_changes_ranking': 0.0, 'c2_all_same_answer_groups': 1.0, 'c2_all_same_answer_groups_with_b_gain_ranking': 0.0, 'c2_frac_all_same_answer_groups_with_b_gain_ranking': 0.0, 'c2_within_group_corr_answer_b_gain_mean': 0.0}
[36m(TaskRunnerV1 pid=1533811)[0m step:5 - c2_1/option_probe_failed_mean:0.0 - c2_1/option_probe_elapsed_s_mean:1.0907159829803277 - c2_1/option_probe_count_mean:4.0 - global_seqlen/min:2690 - global_seqlen/max:2690 - global_seqlen/minmax_diff:0 - global_seqlen/balanced_min:2690 - global_seqlen/balanced_max:2690 - global_seqlen/mean:2690.0 - actor/entropy:0.15563367307186127 - training/rollout_probs_diff_valid:1 - training/rollout_probs_diff_max:0.11716502904891968 - training/rollout_probs_diff_mean:0.0032706058118492365 - training/rollout_probs_diff_std:0.010061045177280903 - training/rollout_actor_probs_pearson_corr:0.9985572099685669 - c2_groups_total:1.0 - c2_groups_with_nonzero_b_gain_std:0.0 - c2_frac_groups_with_nonzero_b_gain_std:0.0 - c2_groups_where_b_gain_changes_ranking:0.0 - c2_frac_groups_where_b_gain_changes_ranking:0.0 - c2_all_same_answer_groups:1.0 - c2_all_same_answer_groups_with_b_gain_ranking:0.0 - c2_frac_all_same_answer_groups_with_b_gain_ranking:0.0 - c2_within_group_corr_answer_b_gain_mean:0.0 - rollout_corr/training_ppl:1.0738623142242432 - rollout_corr/training_log_ppl:0.06885451823472977 - rollout_corr/kl:0.0008420685189776123 - rollout_corr/k3_kl:0.00035151850897818804 - rollout_corr/rollout_ppl:1.0733721256256104 - rollout_corr/rollout_log_ppl:0.06842690706253052 - rollout_corr/log_ppl_diff:0.00042760930955410004 - rollout_corr/log_ppl_abs_diff:0.00042760930955410004 - rollout_corr/log_ppl_diff_max:0.0009021088480949402 - rollout_corr/log_ppl_diff_min:0.0 - rollout_corr/ppl_ratio:1.0004277229309082 - rollout_corr/chi2_token:-0.00028586387634277344 - rollout_corr/chi2_seq:-0.4209441542625427 - actor/pg_clipfrac:np.float64(0.0) - actor/ppo_kl:np.float64(0.0) - actor/pg_clipfrac_lower:np.float64(0.0) - actor/pg_loss:np.float64(0.0) - actor/loss:np.float64(0.0) - actor/grad_norm:np.float64(0.0) - actor/lr:np.float64(1e-06) - actor/perf/max_memory_allocated_gb:np.float64(58.8350305557251) - actor/perf/max_memory_reserved_gb:np.float64(78.064453125) - actor/perf/cpu_memory_used_gb:np.float64(32.17699432373047) - perf/mfu/actor:np.float64(0.10248213264491064) - training/global_step:5 - training/epoch:0 - critic/score/mean:1.0 - critic/score/max:1.0 - critic/score/min:1.0 - critic/rewards/mean:1.0 - critic/rewards/max:1.0 - critic/rewards/min:1.0 - critic/advantages/mean:0.0 - critic/advantages/max:0.0 - critic/advantages/min:0.0 - critic/returns/mean:0.0 - critic/returns/max:0.0 - critic/returns/min:0.0 - response_length/mean:1152.0 - response_length/max:1475.0 - response_length/min:829.0 - response_length/clip_ratio:0.5 - response_length_non_aborted/mean:1152.0 - response_length_non_aborted/max:1475.0 - response_length_non_aborted/min:829.0 - response_length_non_aborted/clip_ratio:0.5 - response/aborted_ratio:0.0 - prompt_length/mean:191.0 - prompt_length/max:191.0 - prompt_length/min:191.0 - prompt_length/clip_ratio:1.0 - timing_s/gen:12.649515800992958 - timing_s/c2_vllm_wake:0.05800313799409196 - timing_s/c2_vllm_probe:2.246468231023755 - timing_s/c2_vllm_sleep:0.5651609310298227 - timing_s/old_log_prob:0.7297942760051228 - timing_s/adv:0.12778643000638112 - timing_s/update_actor:1.4753688870114274 - timing_s/update_weights:25.1963852730114 - timing_s/step:43.15498950902838 - timing_per_token_ms/adv:0.047504249073004136 - timing_per_token_ms/update_actor:0.5484642702644712 - timing_per_token_ms/gen:5.485479532087146 - perf/total_num_tokens:2690 - perf/time_per_step:43.15498950902838 - perf/throughput:62.33346434801542 - training/num_turns/mean:np.float64(2.0) - training/num_turns/max:np.int64(2) - training/num_turns/min:np.int64(2) - training/off_policy/trajectory_spans/mean:np.float64(1.0) - training/off_policy/trajectory_spans/max:np.float64(1.0) - training/off_policy/trajectory_spans/min:np.float64(1.0) - training/off_policy/trajectory_staleness/mean:np.float64(0.0) - training/off_policy/trajectory_staleness/max:np.float64(0.0) - training/off_policy/trajectory_staleness/min:np.float64(0.0) - training/off_policy/trajectory_staleness_worst/mean:np.float64(0.0) - training/off_policy/trajectory_staleness_worst/max:np.float64(0.0) - training/off_policy/trajectory_staleness_worst/min:np.float64(0.0)[36m(TaskRunnerV1 pid=1533811)[0m Training Progress:  28%|██▊       | 5/18 [06:29<16:39, 76.86s/it]
[36m(WorkerDict pid=1535194)[0m INFO:2026-07-06 09:45:39,445:update_weights done, time cost: 1.04s
[36m(TaskRunnerV1 pid=1533811)[0m Training Progress:  33%|███▎      | 6/18 [07:45<15:18, 76.54s/it]
[36m(TransferQueueController pid=1534018)[0m 2026-07-06 09:45:39,700 - INFO - transfer_queue.utils.perf_utils - TQ_CONTROLLER_f28f8f8e: [Performance] Total success requests: 243, Total req/min: 45.07, Total avg process time: 0.0004s; 
[36m(TransferQueueController pid=1534018)[0m Time range: last 5.39 minutes; 
[36m(TransferQueueController pid=1534018)[0m Per-operation statistics: KV_LIST: req_count=85, req/min=15.77, avg_time=0.000070s, max_time=0.000147s, min_time=0.000044s; KV_RETRIEVE_META: req_count=73, req/min=13.54, avg_time=0.001113s, max_time=0.001647s, min_time=0.000645s; NOTIFY_DATA_UPDATE: req_count=32, req/min=5.94, avg_time=0.000382s, max_time=0.000547s, min_time=0.000284s; SET_CUSTOM_META: req_count=42, req/min=7.79, avg_time=0.000045s, max_time=0.000068s, min_time=0.000034s; CLEAR_META: req_count=7, req/min=1.30, avg_time=0.000295s, max_time=0.000355s, min_time=0.000244s; KV_RETRIEVE_KEYS: req_count=4, req/min=0.74, avg_time=0.000067s, max_time=0.000075s, min_time=0.000063s
[36m(SimpleStorageUnit pid=1534103)[0m 2026-07-06 09:45:50,497 - INFO - transfer_queue.utils.perf_utils - TQ_STORAGE_UNIT_8aab8fd2: [Performance] Total success requests: 51, Total req/min: 10.15, Total avg process time: 0.0083s; 
[36m(SimpleStorageUnit pid=1534103)[0m Time range: last 5.03 minutes; 
[36m(SimpleStorageUnit pid=1534103)[0m Per-operation statistics: GET_DATA: req_count=24, req/min=4.77, avg_time=0.008424s, max_time=0.008922s, min_time=0.006907s; PUT_DATA: req_count=22, req/min=4.38, avg_time=0.008136s, max_time=0.008828s, min_time=0.007050s; CLEAR_DATA: req_count=5, req/min=0.99, avg_time=0.008533s, max_time=0.009287s, min_time=0.007468s
[36m(SimpleStorageUnit pid=1534113)[0m 2026-07-06 09:45:50,498 - INFO - transfer_queue.utils.perf_utils - TQ_STORAGE_UNIT_3820da22: [Performance] Total success requests: 51, Total req/min: 10.18, Total avg process time: 0.0084s; 
[36m(SimpleStorageUnit pid=1534113)[0m Time range: last 5.01 minutes; 
[36m(SimpleStorageUnit pid=1534113)[0m Per-operation statistics: GET_DATA: req_count=24, req/min=4.79, avg_time=0.008570s, max_time=0.009079s, min_time=0.006969s; PUT_DATA: req_count=22, req/min=4.39, avg_time=0.008210s, max_time=0.008893s, min_time=0.006617s; CLEAR_DATA: req_count=5, req/min=1.00, avg_time=0.008538s, max_time=0.009338s, min_time=0.006844s
[36m(SimpleStorageUnit pid=1534116)[0m 2026-07-06 09:45:53,284 - INFO - transfer_queue.utils.perf_utils - TQ_STORAGE_UNIT_0409aa42: [Performance] Total success requests: 51, Total req/min: 10.10, Total avg process time: 0.0084s; 
[36m(SimpleStorageUnit pid=1534116)[0m Time range: last 5.05 minutes; 
[36m(SimpleStorageUnit pid=1534116)[0m Per-operation statistics: PUT_DATA: req_count=23, req/min=4.55, avg_time=0.008145s, max_time=0.009122s, min_time=0.005323s; GET_DATA: req_count=23, req/min=4.55, avg_time=0.008616s, max_time=0.009188s, min_time=0.007106s; CLEAR_DATA: req_count=5, req/min=0.99, avg_time=0.008534s, max_time=0.009497s, min_time=0.006799s
[36m(WorkerDict pid=1535194)[0m INFO:2026-07-06 09:46:22,491:update_weights done, time cost: 0.92s
[36m(SimpleStorageUnit pid=1534104)[0m 2026-07-06 09:46:22,765 - INFO - transfer_queue.utils.perf_utils - TQ_STORAGE_UNIT_163c0173: [Performance] Total success requests: 59, Total req/min: 10.77, Total avg process time: 0.0082s; 
[36m(SimpleStorageUnit pid=1534104)[0m Time range: last 5.48 minutes; 
[36m(SimpleStorageUnit pid=1534104)[0m Per-operation statistics: GET_DATA: req_count=28, req/min=5.11, avg_time=0.008362s, max_time=0.009073s, min_time=0.006901s; PUT_DATA: req_count=26, req/min=4.75, avg_time=0.008035s, max_time=0.008580s, min_time=0.007071s; CLEAR_DATA: req_count=5, req/min=0.91, avg_time=0.008330s, max_time=0.009134s, min_time=0.006828s

[36m(TaskRunnerV1 pid=1533811)[0m [qwen3vl_c2_zscore_v1] diagnostics {'c2_groups_total': 1.0, 'c2_groups_with_nonzero_b_gain_std': 0.0, 'c2_frac_groups_with_nonzero_b_gain_std': 0.0, 'c2_groups_where_b_gain_changes_ranking': 0.0, 'c2_frac_groups_where_b_gain_changes_ranking': 0.0, 'c2_all_same_answer_groups': 1.0, 'c2_all_same_answer_groups_with_b_gain_ranking': 0.0, 'c2_frac_all_same_answer_groups_with_b_gain_ranking': 0.0, 'c2_within_group_corr_answer_b_gain_mean': 0.0}
[36m(TaskRunnerV1 pid=1533811)[0m step:6 - c2_1/option_probe_failed_mean:0.0 - c2_1/option_probe_elapsed_s_mean:1.1237602120090742 - c2_1/option_probe_count_mean:4.0 - global_seqlen/min:9647 - global_seqlen/max:9647 - global_seqlen/minmax_diff:0 - global_seqlen/balanced_min:9647 - global_seqlen/balanced_max:9647 - global_seqlen/mean:9647.0 - actor/entropy:0.3839488625526428 - training/rollout_probs_diff_valid:1 - training/rollout_probs_diff_max:0.09819191694259644 - training/rollout_probs_diff_mean:0.0042929574847221375 - training/rollout_probs_diff_std:0.00887767318636179 - training/rollout_actor_probs_pearson_corr:0.9994124174118042 - c2_groups_total:1.0 - c2_groups_with_nonzero_b_gain_std:0.0 - c2_frac_groups_with_nonzero_b_gain_std:0.0 - c2_groups_where_b_gain_changes_ranking:0.0 - c2_frac_groups_where_b_gain_changes_ranking:0.0 - c2_all_same_answer_groups:1.0 - c2_all_same_answer_groups_with_b_gain_ranking:0.0 - c2_frac_all_same_answer_groups_with_b_gain_ranking:0.0 - c2_within_group_corr_answer_b_gain_mean:0.0 - rollout_corr/training_ppl:1.2259840965270996 - rollout_corr/training_log_ppl:0.18553993105888367 - rollout_corr/kl:0.00041187458555214107 - rollout_corr/k3_kl:0.0004308357019908726 - rollout_corr/rollout_ppl:1.2256665229797363 - rollout_corr/rollout_log_ppl:0.18530264496803284 - rollout_corr/log_ppl_diff:0.00023727118968963623 - rollout_corr/log_ppl_abs_diff:0.000302731990814209 - rollout_corr/log_ppl_diff_max:0.0010800063610076904 - rollout_corr/log_ppl_diff_min:-0.0001309216022491455 - rollout_corr/ppl_ratio:1.0002374649047852 - rollout_corr/chi2_token:0.0009024143218994141 - rollout_corr/chi2_seq:0.45028436183929443 - actor/pg_clipfrac:np.float64(0.0) - actor/ppo_kl:np.float64(0.0) - actor/pg_clipfrac_lower:np.float64(0.0) - actor/pg_loss:np.float64(0.0) - actor/loss:np.float64(0.0) - actor/grad_norm:np.float64(0.0) - actor/lr:np.float64(1e-06) - actor/perf/max_memory_allocated_gb:np.float64(58.8350305557251) - actor/perf/max_memory_reserved_gb:np.float64(78.064453125) - actor/perf/cpu_memory_used_gb:np.float64(32.23905563354492) - perf/mfu/actor:np.float64(0.09067454542889192) - training/global_step:6 - training/epoch:0 - critic/score/mean:1.0 - critic/score/max:1.0 - critic/score/min:1.0 - critic/rewards/mean:1.0 - critic/rewards/max:1.0 - critic/rewards/min:1.0 - critic/advantages/mean:0.0 - critic/advantages/max:0.0 - critic/advantages/min:0.0 - critic/returns/mean:0.0 - critic/returns/max:0.0 - critic/returns/min:0.0 - response_length/mean:4622.5 - response_length/max:5101.0 - response_length/min:4144.0 - response_length/clip_ratio:0.5 - response_length_non_aborted/mean:4622.5 - response_length_non_aborted/max:5101.0 - response_length_non_aborted/min:4144.0 - response_length_non_aborted/clip_ratio:0.5 - response/aborted_ratio:0.0 - prompt_length/mean:199.0 - prompt_length/max:199.0 - prompt_length/min:199.0 - prompt_length/clip_ratio:1.0 - timing_s/gen:38.698469098017085 - timing_s/c2_vllm_wake:0.05840120802167803 - timing_s/c2_vllm_probe:2.31731192098232 - timing_s/c2_vllm_sleep:0.5763163659721613 - timing_s/old_log_prob:1.97735348099377 - timing_s/adv:0.13019579398678616 - timing_s/update_actor:5.890928725013509 - timing_s/update_weights:26.103466856002342 - timing_s/step:75.86713647801662 - timing_per_token_ms/adv:0.013495987766848364 - timing_per_token_ms/update_actor:0.610648774231731 - timing_per_token_ms/gen:4.184975570240844 - perf/total_num_tokens:9647 - perf/time_per_step:75.86713647801662 - perf/throughput:127.15650606893975 - training/num_turns/mean:np.float64(2.0) - training/num_turns/max:np.int64(2) - training/num_turns/min:np.int64(2) - training/off_policy/trajectory_spans/mean:np.float64(1.0) - training/off_policy/trajectory_spans/max:np.float64(1.0) - training/off_policy/trajectory_spans/min:np.float64(1.0) - training/off_policy/trajectory_staleness/mean:np.float64(0.0) - training/off_policy/trajectory_staleness/max:np.float64(0.0) - training/off_policy/trajectory_staleness/min:np.float64(0.0) - training/off_policy/trajectory_staleness_worst/mean:np.float64(0.0) - training/off_policy/trajectory_staleness_worst/max:np.float64(0.0) - training/off_policy/trajectory_staleness_worst/min:np.float64(0.0)
[36m(TaskRunnerV1 pid=1533811)[0m [qwen3vl_c2_zscore_v1] diagnostics {'c2_groups_total': 1.0, 'c2_groups_with_nonzero_b_gain_std': 0.0, 'c2_frac_groups_with_nonzero_b_gain_std': 0.0, 'c2_groups_where_b_gain_changes_ranking': 0.0, 'c2_frac_groups_where_b_gain_changes_ranking': 0.0, 'c2_all_same_answer_groups': 1.0, 'c2_all_same_answer_groups_with_b_gain_ranking': 0.0, 'c2_frac_all_same_answer_groups_with_b_gain_ranking': 0.0, 'c2_within_group_corr_answer_b_gain_mean': 0.0}
[36m(TaskRunnerV1 pid=1533811)[0m step:7 - c2_1/option_probe_failed_mean:0.0 - c2_1/option_probe_elapsed_s_mean:1.0498297890299 - c2_1/option_probe_count_mean:4.0 - global_seqlen/min:2544 - global_seqlen/max:2544 - global_seqlen/minmax_diff:0 - global_seqlen/balanced_min:2544 - global_seqlen/balanced_max:2544 - global_seqlen/mean:2544.0 - actor/entropy:0.2482631802558899 - training/rollout_probs_diff_valid:1 - training/rollout_probs_diff_max:0.09812235832214355 - training/rollout_probs_diff_mean:0.003750998992472887 - training/rollout_probs_diff_std:0.009488016366958618 - training/rollout_actor_probs_pearson_corr:0.9991793036460876 - c2_groups_total:1.0 - c2_groups_with_nonzero_b_gain_std:0.0 - c2_frac_groups_with_nonzero_b_gain_std:0.0 - c2_groups_where_b_gain_changes_ranking:0.0 - c2_frac_groups_where_b_gain_changes_ranking:0.0 - c2_all_same_answer_groups:1.0 - c2_all_same_answer_groups_with_b_gain_ranking:0.0 - c2_frac_all_same_answer_groups_with_b_gain_ranking:0.0 - c2_within_group_corr_answer_b_gain_mean:0.0 - rollout_corr/training_ppl:1.1404130458831787 - rollout_corr/training_log_ppl:0.12195944786071777 - rollout_corr/kl:0.00023217545822262764 - rollout_corr/k3_kl:0.00040689666639082134 - rollout_corr/rollout_ppl:1.1403499841690063 - rollout_corr/rollout_log_ppl:0.12194423377513885 - rollout_corr/log_ppl_diff:1.5210360288619995e-05 - rollout_corr/log_ppl_abs_diff:0.00040388479828834534 - rollout_corr/log_ppl_diff_max:0.0008381903171539307 - rollout_corr/log_ppl_diff_min:-0.0007773488759994507 - rollout_corr/ppl_ratio:1.000015377998352 - rollout_corr/chi2_token:0.0011491775512695312 - rollout_corr/chi2_seq:0.38882505893707275 - actor/pg_clipfrac:np.float64(0.0) - actor/ppo_kl:np.float64(0.0) - actor/pg_clipfrac_lower:np.float64(0.0) - actor/pg_loss:np.float64(0.0) - actor/loss:np.float64(0.0) - actor/grad_norm:np.float64(0.0) - actor/lr:np.float64(1e-06) - actor/perf/max_memory_allocated_gb:np.float64(58.8350305557251) - actor/perf/max_memory_reserved_gb:np.float64(78.064453125) - actor/perf/cpu_memory_used_gb:np.float64(32.20076370239258) - perf/mfu/actor:np.float64(0.1039481113096564) - training/global_step:7 - training/epoch:0 - critic/score/mean:1.0 - critic/score/max:1.0 - critic/score/min:1.0 - critic/rewards/mean:1.0 - critic/rewards/max:1.0 - critic/rewards/min:1.0 - critic/advantages/mean:0.0 - critic/advantages/max:0.0 - critic/advantages/min:0.0 - critic/returns/mean:0.0 - critic/returns/max:0.0 - critic/returns/min:0.0 - response_length/mean:1061.0 - response_length/max:1326.0 - response_length/min:796.0 - response_length/clip_ratio:0.5 - response_length_non_aborted/mean:1061.0 - response_length_non_aborted/max:1326.0 - response_length_non_aborted/min:796.0 - response_length_non_aborted/clip_ratio:0.5 - response/aborted_ratio:0.0 - prompt_length/mean:209.0 - prompt_length/max:209.0 - prompt_length/min:209.0 - prompt_length/clip_ratio:1.0 - timing_s/gen:10.633944956003688 - timing_s/c2_vllm_wake:0.05773041403153911 - timing_s/c2_vllm_probe:2.164050085004419 - timing_s/c2_vllm_sleep:0.580334460013546 - timing_s/old_log_prob:0.7029098310158588 - timing_s/adv:0.13002961699385196 - timing_s/update_actor:1.3842606649850495 - timing_s/update_weights:27.22692120797001 - timing_s/step:42.97628895100206 - timing_per_token_ms/adv:0.05111227083091665 - timing_per_token_ms/update_actor:0.5441276198840603 - timing_per_token_ms/gen:5.006565421847311 - perf/total_num_tokens:2544 - perf/time_per_step:42.97628895100206 - perf/throughput:59.1954322277676 - training/num_turns/mean:np.float64(2.0) - training/num_turns/max:np.int64(2) - training/num_turns/min:np.int64(2) - training/off_policy/trajectory_spans/mean:np.float64(1.0) - training/off_policy/trajectory_spans/max:np.float64(1.0) - training/off_policy/trajectory_spans/min:np.float64(1.0) - training/off_policy/trajectory_staleness/mean:np.float64(0.0) - training/off_policy/trajectory_staleness/max:np.float64(0.0) - training/off_policy/trajectory_staleness/min:np.float64(0.0) - training/off_policy/trajectory_staleness_worst/mean:np.float64(0.0) - training/off_policy/trajectory_staleness_worst/max:np.float64(0.0) - training/off_policy/trajectory_staleness_worst/min:np.float64(0.0)[36m(TaskRunnerV1 pid=1533811)[0m Training Progress:  39%|███▉      | 7/18 [08:28<12:01, 65.59s/it]
[36m(TaskRunnerV1 pid=1533811)[0m INFO:2026-07-06 09:47:22,895:pending: 0, running: 1, finished: 0, failure: 0
[36m(TaskRunnerV1 pid=1533811)[0m INFO:2026-07-06 09:48:22,962:pending: 0, running: 1, finished: 0, failure: 0
[36m(WorkerDict pid=1535194)[0m INFO:2026-07-06 09:49:37,652:update_weights done, time cost: 1.27s
[36m(TaskRunnerV1 pid=1533811)[0m Training Progress:  44%|████▍     | 8/18 [11:44<17:48, 106.84s/it]
[36m(WorkerDict pid=1535194)[0m INFO:2026-07-06 09:50:57,124:update_weights done, time cost: 1.02s

[36m(TaskRunnerV1 pid=1533811)[0m [qwen3vl_c2_zscore_v1] diagnostics {'c2_groups_total': 1.0, 'c2_groups_with_nonzero_b_gain_std': 0.0, 'c2_frac_groups_with_nonzero_b_gain_std': 0.0, 'c2_groups_where_b_gain_changes_ranking': 0.0, 'c2_frac_groups_where_b_gain_changes_ranking': 0.0, 'c2_all_same_answer_groups': 0.0, 'c2_all_same_answer_groups_with_b_gain_ranking': 0.0, 'c2_frac_all_same_answer_groups_with_b_gain_ranking': 0.0, 'c2_within_group_corr_answer_b_gain_mean': 0.0}
[36m(TaskRunnerV1 pid=1533811)[0m step:8 - c2_1/option_probe_failed_mean:0.0 - c2_1/option_probe_elapsed_s_mean:1.222623649489833 - c2_1/option_probe_count_mean:4.0 - global_seqlen/min:25567 - global_seqlen/max:25567 - global_seqlen/minmax_diff:0 - global_seqlen/balanced_min:25567 - global_seqlen/balanced_max:25567 - global_seqlen/mean:25567.0 - actor/entropy:0.48989003896713257 - training/rollout_probs_diff_valid:1 - training/rollout_probs_diff_max:0.1165839433670044 - training/rollout_probs_diff_mean:0.004675194155424833 - training/rollout_probs_diff_std:0.008638134226202965 - training/rollout_actor_probs_pearson_corr:0.9995001554489136 - c2_groups_total:1.0 - c2_groups_with_nonzero_b_gain_std:0.0 - c2_frac_groups_with_nonzero_b_gain_std:0.0 - c2_groups_where_b_gain_changes_ranking:0.0 - c2_frac_groups_where_b_gain_changes_ranking:0.0 - c2_all_same_answer_groups:0.0 - c2_all_same_answer_groups_with_b_gain_ranking:0.0 - c2_frac_all_same_answer_groups_with_b_gain_ranking:0.0 - c2_within_group_corr_answer_b_gain_mean:0.0 - rollout_corr/training_ppl:1.323484182357788 - rollout_corr/training_log_ppl:0.24857351183891296 - rollout_corr/kl:0.000370711088180542 - rollout_corr/k3_kl:0.0004820494505111128 - rollout_corr/rollout_ppl:1.3232059478759766 - rollout_corr/rollout_log_ppl:0.24840183556079865 - rollout_corr/log_ppl_diff:0.00017168372869491577 - rollout_corr/log_ppl_abs_diff:0.00017168372869491577 - rollout_corr/log_ppl_diff_max:0.00043466687202453613 - rollout_corr/log_ppl_diff_min:0.0 - rollout_corr/ppl_ratio:1.0001716613769531 - rollout_corr/chi2_token:0.0011905431747436523 - rollout_corr/chi2_seq:-0.4970880150794983 - actor/pg_clipfrac:np.float64(0.0) - actor/ppo_kl:np.float64(0.0) - actor/pg_clipfrac_lower:np.float64(0.0) - actor/pg_loss:np.float64(0.21180923283100128) - actor/loss:np.float64(0.21180923283100128) - actor/grad_norm:np.float64(0.02557419426739216) - actor/lr:np.float64(1e-06) - actor/perf/max_memory_allocated_gb:np.float64(70.1596007347107) - actor/perf/max_memory_reserved_gb:np.float64(89.6640625) - actor/perf/cpu_memory_used_gb:np.float64(32.40419006347656) - perf/mfu/actor:np.float64(0.05549184976976601) - training/global_step:8 - training/epoch:0 - critic/score/mean:0.5 - critic/score/max:1.0 - critic/score/min:0.0 - critic/rewards/mean:0.5 - critic/rewards/max:1.0 - critic/rewards/min:0.0 - critic/advantages/mean:-0.21180924773216248 - critic/advantages/max:0.7071057558059692 - critic/advantages/min:-0.7071057558059692 - critic/returns/mean:-0.21180924773216248 - critic/returns/max:0.7071057558059692 - critic/returns/min:-0.7071057558059692 - response_length/mean:12607.5 - response_length/max:16384.0 - response_length/min:8831.0 - response_length/clip_ratio:0.5 - response_length_non_aborted/mean:12607.5 - response_length_non_aborted/max:16384.0 - response_length_non_aborted/min:8831.0 - response_length_non_aborted/clip_ratio:0.5 - response/aborted_ratio:0.0 - prompt_length/mean:174.0 - prompt_length/max:174.0 - prompt_length/min:174.0 - prompt_length/clip_ratio:1.0 - timing_s/gen:128.84776706900448 - timing_s/c2_vllm_wake:0.05918386101257056 - timing_s/c2_vllm_probe:2.5265359829645604 - timing_s/c2_vllm_sleep:0.5769658269709907 - timing_s/old_log_prob:7.424616624019109 - timing_s/adv:0.13157391600543633 - timing_s/update_actor:28.769092290021945 - timing_s/update_weights:26.653013378963806 - timing_s/step:195.09126644697972 - timing_per_token_ms/adv:0.005146239918857759 - timing_per_token_ms/update_actor:1.12524317636101 - timing_per_token_ms/gen:5.109559704524903 - perf/total_num_tokens:25567 - perf/time_per_step:195.09126644697972 - perf/throughput:131.05148408551844 - training/num_turns/mean:np.float64(2.0) - training/num_turns/max:np.int64(2) - training/num_turns/min:np.int64(2) - training/off_policy/trajectory_spans/mean:np.float64(1.0) - training/off_policy/trajectory_spans/max:np.float64(1.0) - training/off_policy/trajectory_spans/min:np.float64(1.0) - training/off_policy/trajectory_staleness/mean:np.float64(0.0) - training/off_policy/trajectory_staleness/max:np.float64(0.0) - training/off_policy/trajectory_staleness/min:np.float64(0.0) - training/off_policy/trajectory_staleness_worst/mean:np.float64(0.0) - training/off_policy/trajectory_staleness_worst/max:np.float64(0.0) - training/off_policy/trajectory_staleness_worst/min:np.float64(0.0)
[36m(TaskRunnerV1 pid=1533811)[0m [qwen3vl_c2_zscore_v1] diagnostics {'c2_groups_total': 1.0, 'c2_groups_with_nonzero_b_gain_std': 0.0, 'c2_frac_groups_with_nonzero_b_gain_std': 0.0, 'c2_groups_where_b_gain_changes_ranking': 0.0, 'c2_frac_groups_where_b_gain_changes_ranking': 0.0, 'c2_all_same_answer_groups': 1.0, 'c2_all_same_answer_groups_with_b_gain_ranking': 0.0, 'c2_frac_all_same_answer_groups_with_b_gain_ranking': 0.0, 'c2_within_group_corr_answer_b_gain_mean': 0.0}
[36m(TaskRunnerV1 pid=1533811)[0m step:9 - c2_1/option_probe_failed_mean:0.0 - c2_1/option_probe_elapsed_s_mean:6.932677302014781 - c2_1/option_probe_count_mean:4.0 - global_seqlen/min:10538 - global_seqlen/max:10538 - global_seqlen/minmax_diff:0 - global_seqlen/balanced_min:10538 - global_seqlen/balanced_max:10538 - global_seqlen/mean:10538.0 - actor/entropy:0.28282245993614197 - training/rollout_probs_diff_valid:1 - training/rollout_probs_diff_max:0.08751064538955688 - training/rollout_probs_diff_mean:0.0036405869759619236 - training/rollout_probs_diff_std:0.008291603997349739 - training/rollout_actor_probs_pearson_corr:0.9993869662284851 - c2_groups_total:1.0 - c2_groups_with_nonzero_b_gain_std:0.0 - c2_frac_groups_with_nonzero_b_gain_std:0.0 - c2_groups_where_b_gain_changes_ranking:0.0 - c2_frac_groups_where_b_gain_changes_ranking:0.0 - c2_all_same_answer_groups:1.0 - c2_all_same_answer_groups_with_b_gain_ranking:0.0 - c2_frac_all_same_answer_groups_with_b_gain_ranking:0.0 - c2_within_group_corr_answer_b_gain_mean:0.0 - rollout_corr/training_ppl:1.1611342430114746 - rollout_corr/training_log_ppl:0.13967359066009521 - rollout_corr/kl:4.043359149363823e-05 - rollout_corr/k3_kl:0.0003522080078255385 - rollout_corr/rollout_ppl:1.1611363887786865 - rollout_corr/rollout_log_ppl:0.13967569172382355 - rollout_corr/log_ppl_diff:-2.1010637283325195e-06 - rollout_corr/log_ppl_abs_diff:0.0003215372562408447 - rollout_corr/log_ppl_diff_max:0.0006388723850250244 - rollout_corr/log_ppl_diff_min:-0.0006472766399383545 - rollout_corr/ppl_ratio:0.9999979734420776 - rollout_corr/chi2_token:0.0013418197631835938 - rollout_corr/chi2_seq:11.100015640258789 - actor/pg_clipfrac:np.float64(0.0) - actor/ppo_kl:np.float64(0.0) - actor/pg_clipfrac_lower:np.float64(0.0) - actor/pg_loss:np.float64(0.0) - actor/loss:np.float64(0.0) - actor/grad_norm:np.float64(0.0) - actor/lr:np.float64(1e-06) - actor/perf/max_memory_allocated_gb:np.float64(70.1596007347107) - actor/perf/max_memory_reserved_gb:np.float64(94.302734375) - actor/perf/cpu_memory_used_gb:np.float64(32.69593048095703) - perf/mfu/actor:np.float64(0.0854115166267099) - training/global_step:9 - training/epoch:0 - critic/score/mean:1.0 - critic/score/max:1.0 - critic/score/min:1.0 - critic/rewards/mean:1.0 - critic/rewards/max:1.0 - critic/rewards/min:1.0 - critic/advantages/mean:0.0 - critic/advantages/max:0.0 - critic/advantages/min:0.0 - critic/returns/mean:0.0 - critic/returns/max:0.0 - critic/returns/min:0.0 - response_length/mean:3185.0 - response_length/max:3406.0 - response_length/min:2964.0 - response_length/clip_ratio:0.5 - response_length_non_aborted/mean:3185.0 - response_length_non_aborted/max:3406.0 - response_length_non_aborted/min:2964.0 - response_length_non_aborted/clip_ratio:0.5 - response/aborted_ratio:0.0 - prompt_length/mean:2082.0 - prompt_length/max:2082.0 - prompt_length/min:2082.0 - prompt_length/clip_ratio:1.0 - timing_s/gen:28.744459652982187 - timing_s/c2_vllm_wake:0.058216881996486336 - timing_s/c2_vllm_probe:13.936569321027491 - timing_s/c2_vllm_sleep:0.5911884579691105 - timing_s/old_log_prob:2.4465084630064666 - timing_s/adv:0.1320697659975849 - timing_s/update_actor:6.916966176009737 - timing_s/update_weights:26.3674485689844 - timing_s/step:79.40725010994356 - timing_per_token_ms/adv:0.012532716454506064 - timing_per_token_ms/update_actor:0.6563832013674072 - timing_per_token_ms/gen:4.511057698208127 - perf/total_num_tokens:10538 - perf/time_per_step:79.40725010994356 - perf/throughput:132.70828526878313 - training/num_turns/mean:np.float64(2.0) - training/num_turns/max:np.int64(2) - training/num_turns/min:np.int64(2) - training/off_policy/trajectory_spans/mean:np.float64(1.0) - training/off_policy/trajectory_spans/max:np.float64(1.0) - training/off_policy/trajectory_spans/min:np.float64(1.0) - training/off_policy/trajectory_staleness/mean:np.float64(0.0) - training/off_policy/trajectory_staleness/max:np.float64(0.0) - training/off_policy/trajectory_staleness/min:np.float64(0.0) - training/off_policy/trajectory_staleness_worst/mean:np.float64(0.0) - training/off_policy/trajectory_staleness_worst/max:np.float64(0.0) - training/off_policy/trajectory_staleness_worst/min:np.float64(0.0)[36m(TaskRunnerV1 pid=1533811)[0m Training Progress:  50%|█████     | 9/18 [13:03<14:44, 98.29s/it] 
[36m(TransferQueueController pid=1534018)[0m 2026-07-06 09:50:57,375 - INFO - transfer_queue.utils.perf_utils - TQ_CONTROLLER_f28f8f8e: [Performance] Total success requests: 209, Total req/min: 39.47, Total avg process time: 0.0004s; 
[36m(TransferQueueController pid=1534018)[0m Time range: last 5.29 minutes; 
[36m(TransferQueueController pid=1534018)[0m Per-operation statistics: KV_RETRIEVE_META: req_count=57, req/min=10.77, avg_time=0.001169s, max_time=0.002961s, min_time=0.000697s; CLEAR_META: req_count=6, req/min=1.13, avg_time=0.000290s, max_time=0.000313s, min_time=0.000247s; SET_CUSTOM_META: req_count=33, req/min=6.23, avg_time=0.000045s, max_time=0.000074s, min_time=0.000036s; KV_LIST: req_count=86, req/min=16.24, avg_time=0.000069s, max_time=0.000194s, min_time=0.000035s; NOTIFY_DATA_UPDATE: req_count=24, req/min=4.53, avg_time=0.000392s, max_time=0.000563s, min_time=0.000296s; KV_RETRIEVE_KEYS: req_count=3, req/min=0.57, avg_time=0.000069s, max_time=0.000085s, min_time=0.000058s
[36m(SimpleStorageUnit pid=1534103)[0m 2026-07-06 09:50:57,397 - INFO - transfer_queue.utils.perf_utils - TQ_STORAGE_UNIT_8aab8fd2: [Performance] Total success requests: 34, Total req/min: 6.65, Total avg process time: 0.0083s; 
[36m(SimpleStorageUnit pid=1534103)[0m Time range: last 5.12 minutes; 
[36m(SimpleStorageUnit pid=1534103)[0m Per-operation statistics: PUT_DATA: req_count=15, req/min=2.93, avg_time=0.008193s, max_time=0.008875s, min_time=0.007121s; GET_DATA: req_count=16, req/min=3.13, avg_time=0.008416s, max_time=0.008869s, min_time=0.006871s; CLEAR_DATA: req_count=3, req/min=0.59, avg_time=0.008154s, max_time=0.008899s, min_time=0.007053s
[36m(SimpleStorageUnit pid=1534113)[0m 2026-07-06 09:50:57,399 - INFO - transfer_queue.utils.perf_utils - TQ_STORAGE_UNIT_3820da22: [Performance] Total success requests: 36, Total req/min: 7.04, Total avg process time: 0.0084s; 
[36m(SimpleStorageUnit pid=1534113)[0m Time range: last 5.12 minutes; 
[36m(SimpleStorageUnit pid=1534113)[0m Per-operation statistics: PUT_DATA: req_count=16, req/min=3.13, avg_time=0.008266s, max_time=0.009000s, min_time=0.007487s; GET_DATA: req_count=17, req/min=3.32, avg_time=0.008550s, max_time=0.009206s, min_time=0.007001s; CLEAR_DATA: req_count=3, req/min=0.59, avg_time=0.008353s, max_time=0.009096s, min_time=0.007083s
[36m(SimpleStorageUnit pid=1534116)[0m 2026-07-06 09:50:57,397 - INFO - transfer_queue.utils.perf_utils - TQ_STORAGE_UNIT_0409aa42: [Performance] Total success requests: 33, Total req/min: 6.51, Total avg process time: 0.0087s; 
[36m(SimpleStorageUnit pid=1534116)[0m Time range: last 5.07 minutes; 
[36m(SimpleStorageUnit pid=1534116)[0m Per-operation statistics: GET_DATA: req_count=16, req/min=3.16, avg_time=0.008973s, max_time=0.012139s, min_time=0.007613s; PUT_DATA: req_count=15, req/min=2.96, avg_time=0.008447s, max_time=0.009196s, min_time=0.007229s; CLEAR_DATA: req_count=2, req/min=0.39, avg_time=0.008874s, max_time=0.009003s, min_time=0.008745s
[36m(WorkerDict pid=1535194)[0m INFO:2026-07-06 09:51:47,928:update_weights done, time cost: 0.93s
[36m(SimpleStorageUnit pid=1534104)[0m 2026-07-06 09:51:48,203 - INFO - transfer_queue.utils.perf_utils - TQ_STORAGE_UNIT_163c0173: [Performance] Total success requests: 39, Total req/min: 7.19, Total avg process time: 0.0082s; 
[36m(SimpleStorageUnit pid=1534104)[0m Time range: last 5.42 minutes; 
[36m(SimpleStorageUnit pid=1534104)[0m Per-operation statistics: CLEAR_DATA: req_count=4, req/min=0.74, avg_time=0.007760s, max_time=0.009002s, min_time=0.006498s; PUT_DATA: req_count=17, req/min=3.13, avg_time=0.008078s, max_time=0.008596s, min_time=0.007111s; GET_DATA: req_count=18, req/min=3.32, avg_time=0.008307s, max_time=0.009053s, min_time=0.006842s
[36m(TaskRunnerV1 pid=1533811)[0m Training Progress:  56%|█████▌    | 10/18 [13:54<11:09, 83.63s/it]
[36m(WorkerDict pid=1535194)[0m INFO:2026-07-06 09:52:32,485:update_weights done, time cost: 0.88s

[36m(TaskRunnerV1 pid=1533811)[0m [qwen3vl_c2_zscore_v1] diagnostics {'c2_groups_total': 1.0, 'c2_groups_with_nonzero_b_gain_std': 0.0, 'c2_frac_groups_with_nonzero_b_gain_std': 0.0, 'c2_groups_where_b_gain_changes_ranking': 0.0, 'c2_frac_groups_where_b_gain_changes_ranking': 0.0, 'c2_all_same_answer_groups': 1.0, 'c2_all_same_answer_groups_with_b_gain_ranking': 0.0, 'c2_frac_all_same_answer_groups_with_b_gain_ranking': 0.0, 'c2_within_group_corr_answer_b_gain_mean': 0.0}
[36m(TaskRunnerV1 pid=1533811)[0m step:10 - c2_1/option_probe_failed_mean:0.0 - c2_1/option_probe_elapsed_s_mean:1.092373668012442 - c2_1/option_probe_count_mean:4.0 - global_seqlen/min:3709 - global_seqlen/max:3709 - global_seqlen/minmax_diff:0 - global_seqlen/balanced_min:3709 - global_seqlen/balanced_max:3709 - global_seqlen/mean:3709.0 - actor/entropy:0.3080907464027405 - training/rollout_probs_diff_valid:1 - training/rollout_probs_diff_max:0.062176138162612915 - training/rollout_probs_diff_mean:0.003885129000991583 - training/rollout_probs_diff_std:0.009063542820513248 - training/rollout_actor_probs_pearson_corr:0.9993451833724976 - c2_groups_total:1.0 - c2_groups_with_nonzero_b_gain_std:0.0 - c2_frac_groups_with_nonzero_b_gain_std:0.0 - c2_groups_where_b_gain_changes_ranking:0.0 - c2_frac_groups_where_b_gain_changes_ranking:0.0 - c2_all_same_answer_groups:1.0 - c2_all_same_answer_groups_with_b_gain_ranking:0.0 - c2_frac_all_same_answer_groups_with_b_gain_ranking:0.0 - c2_within_group_corr_answer_b_gain_mean:0.0 - rollout_corr/training_ppl:1.1753768920898438 - rollout_corr/training_log_ppl:0.14960502088069916 - rollout_corr/kl:0.0016408656956627965 - rollout_corr/k3_kl:0.0004117557546123862 - rollout_corr/rollout_ppl:1.1741774082183838 - rollout_corr/rollout_log_ppl:0.14870545268058777 - rollout_corr/log_ppl_diff:0.0008995682001113892 - rollout_corr/log_ppl_abs_diff:0.0008995682001113892 - rollout_corr/log_ppl_diff_max:0.0021951496601104736 - rollout_corr/log_ppl_diff_min:0.0 - rollout_corr/ppl_ratio:1.000900387763977 - rollout_corr/chi2_token:-0.0016455650329589844 - rollout_corr/chi2_seq:-0.49668073654174805 - actor/pg_clipfrac:np.float64(0.0) - actor/ppo_kl:np.float64(0.0) - actor/pg_clipfrac_lower:np.float64(0.0) - actor/pg_loss:np.float64(0.0) - actor/loss:np.float64(0.0) - actor/grad_norm:np.float64(0.0) - actor/lr:np.float64(1e-06) - actor/perf/max_memory_allocated_gb:np.float64(70.1596007347107) - actor/perf/max_memory_reserved_gb:np.float64(94.302734375) - actor/perf/cpu_memory_used_gb:np.float64(32.39761734008789) - perf/mfu/actor:np.float64(0.10611839747319808) - training/global_step:10 - training/epoch:0 - critic/score/mean:1.0 - critic/score/max:1.0 - critic/score/min:1.0 - critic/rewards/mean:1.0 - critic/rewards/max:1.0 - critic/rewards/min:1.0 - critic/advantages/mean:0.0 - critic/advantages/max:0.0 - critic/advantages/min:0.0 - critic/returns/mean:0.0 - critic/returns/max:0.0 - critic/returns/min:0.0 - response_length/mean:1680.5 - response_length/max:2352.0 - response_length/min:1009.0 - response_length/clip_ratio:0.5 - response_length_non_aborted/mean:1680.5 - response_length_non_aborted/max:2352.0 - response_length_non_aborted/min:1009.0 - response_length_non_aborted/clip_ratio:0.5 - response/aborted_ratio:0.0 - prompt_length/mean:172.0 - prompt_length/max:172.0 - prompt_length/min:172.0 - prompt_length/clip_ratio:1.0 - timing_s/gen:18.675411946023814 - timing_s/c2_vllm_wake:0.05873593298019841 - timing_s/c2_vllm_probe:2.250361217011232 - timing_s/c2_vllm_sleep:0.5519588409806602 - timing_s/old_log_prob:0.8802069840021431 - timing_s/adv:0.12673393299337476 - timing_s/update_actor:1.9421730610192753 - timing_s/update_weights:26.140543336048722 - timing_s/step:50.73481678304961 - timing_per_token_ms/adv:0.034169299809483626 - timing_per_token_ms/update_actor:0.5236379242435361 - timing_per_token_ms/gen:5.55320010289141 - perf/total_num_tokens:3709 - perf/time_per_step:50.73481678304961 - perf/throughput:73.10561533828518 - training/num_turns/mean:np.float64(2.0) - training/num_turns/max:np.int64(2) - training/num_turns/min:np.int64(2) - training/off_policy/trajectory_spans/mean:np.float64(1.0) - training/off_policy/trajectory_spans/max:np.float64(1.0) - training/off_policy/trajectory_spans/min:np.float64(1.0) - training/off_policy/trajectory_staleness/mean:np.float64(0.0) - training/off_policy/trajectory_staleness/max:np.float64(0.0) - training/off_policy/trajectory_staleness/min:np.float64(0.0) - training/off_policy/trajectory_staleness_worst/mean:np.float64(0.0) - training/off_policy/trajectory_staleness_worst/max:np.float64(0.0) - training/off_policy/trajectory_staleness_worst/min:np.float64(0.0)
[36m(TaskRunnerV1 pid=1533811)[0m [qwen3vl_c2_zscore_v1] diagnostics {'c2_groups_total': 1.0, 'c2_groups_with_nonzero_b_gain_std': 0.0, 'c2_frac_groups_with_nonzero_b_gain_std': 0.0, 'c2_groups_where_b_gain_changes_ranking': 0.0, 'c2_frac_groups_where_b_gain_changes_ranking': 0.0, 'c2_all_same_answer_groups': 1.0, 'c2_all_same_answer_groups_with_b_gain_ranking': 0.0, 'c2_frac_all_same_answer_groups_with_b_gain_ranking': 0.0, 'c2_within_group_corr_answer_b_gain_mean': 0.0}
[36m(TaskRunnerV1 pid=1533811)[0m step:11 - c2_1/option_probe_failed_mean:0.0 - c2_1/option_probe_elapsed_s_mean:1.096198942977935 - c2_1/option_probe_count_mean:4.0 - global_seqlen/min:3044 - global_seqlen/max:3044 - global_seqlen/minmax_diff:0 - global_seqlen/balanced_min:3044 - global_seqlen/balanced_max:3044 - global_seqlen/mean:3044.0 - actor/entropy:0.2625304162502289 - training/rollout_probs_diff_valid:1 - training/rollout_probs_diff_max:0.09815335273742676 - training/rollout_probs_diff_mean:0.003995527513325214 - training/rollout_probs_diff_std:0.00971496943384409 - training/rollout_actor_probs_pearson_corr:0.9991015195846558 - c2_groups_total:1.0 - c2_groups_with_nonzero_b_gain_std:0.0 - c2_frac_groups_with_nonzero_b_gain_std:0.0 - c2_groups_where_b_gain_changes_ranking:0.0 - c2_frac_groups_where_b_gain_changes_ranking:0.0 - c2_all_same_answer_groups:1.0 - c2_all_same_answer_groups_with_b_gain_ranking:0.0 - c2_frac_all_same_answer_groups_with_b_gain_ranking:0.0 - c2_within_group_corr_answer_b_gain_mean:0.0 - rollout_corr/training_ppl:1.1414008140563965 - rollout_corr/training_log_ppl:0.12438901513814926 - rollout_corr/kl:0.0014792975271120667 - rollout_corr/k3_kl:0.00039719423511996865 - rollout_corr/rollout_ppl:1.1404566764831543 - rollout_corr/rollout_log_ppl:0.1236499547958374 - rollout_corr/log_ppl_diff:0.0007390603423118591 - rollout_corr/log_ppl_abs_diff:0.0007390603423118591 - rollout_corr/log_ppl_diff_max:0.0017006397247314453 - rollout_corr/log_ppl_diff_min:0.0 - rollout_corr/ppl_ratio:1.000739574432373 - rollout_corr/chi2_token:-0.0013821125030517578 - rollout_corr/chi2_seq:-0.48895102739334106 - actor/pg_clipfrac:np.float64(0.0) - actor/ppo_kl:np.float64(0.0) - actor/pg_clipfrac_lower:np.float64(0.0) - actor/pg_loss:np.float64(0.0) - actor/loss:np.float64(0.0) - actor/grad_norm:np.float64(0.0) - actor/lr:np.float64(1e-06) - actor/perf/max_memory_allocated_gb:np.float64(70.1596007347107) - actor/perf/max_memory_reserved_gb:np.float64(94.302734375) - actor/perf/cpu_memory_used_gb:np.float64(32.39479064941406) - perf/mfu/actor:np.float64(0.10551724723135748) - training/global_step:11 - training/epoch:0 - critic/score/mean:1.0 - critic/score/max:1.0 - critic/score/min:1.0 - critic/rewards/mean:1.0 - critic/rewards/max:1.0 - critic/rewards/min:1.0 - critic/advantages/mean:0.0 - critic/advantages/max:0.0 - critic/advantages/min:0.0 - critic/returns/mean:0.0 - critic/returns/max:0.0 - critic/returns/min:0.0 - response_length/mean:1350.0 - response_length/max:1357.0 - response_length/min:1343.0 - response_length/clip_ratio:0.5 - response_length_non_aborted/mean:1350.0 - response_length_non_aborted/max:1357.0 - response_length_non_aborted/min:1343.0 - response_length_non_aborted/clip_ratio:0.5 - response/aborted_ratio:0.0 - prompt_length/mean:170.0 - prompt_length/max:170.0 - prompt_length/min:170.0 - prompt_length/clip_ratio:1.0 - timing_s/gen:12.632188463001512 - timing_s/c2_vllm_wake:0.05800839199218899 - timing_s/c2_vllm_probe:2.2575880100484937 - timing_s/c2_vllm_sleep:0.5719975270330906 - timing_s/old_log_prob:0.7531769199995324 - timing_s/adv:0.11729887902038172 - timing_s/update_actor:1.6098782580229454 - timing_s/update_weights:26.4284899859922 - timing_s/step:44.53194983996218 - timing_per_token_ms/adv:0.03853445434309518 - timing_per_token_ms/update_actor:0.5288693357499821 - timing_per_token_ms/gen:4.675125263879168 - perf/total_num_tokens:3044 - perf/time_per_step:44.53194983996218 - perf/throughput:68.35541697454191 - training/num_turns/mean:np.float64(2.0) - training/num_turns/max:np.int64(2) - training/num_turns/min:np.int64(2) - training/off_policy/trajectory_spans/mean:np.float64(1.0) - training/off_policy/trajectory_spans/max:np.float64(1.0) - training/off_policy/trajectory_spans/min:np.float64(1.0) - training/off_policy/trajectory_staleness/mean:np.float64(0.0) - training/off_policy/trajectory_staleness/max:np.float64(0.0) - training/off_policy/trajectory_staleness/min:np.float64(0.0) - training/off_policy/trajectory_staleness_worst/mean:np.float64(0.0) - training/off_policy/trajectory_staleness_worst/max:np.float64(0.0) - training/off_policy/trajectory_staleness_worst/min:np.float64(0.0)[36m(TaskRunnerV1 pid=1533811)[0m Training Progress:  61%|██████    | 11/18 [14:38<08:21, 71.68s/it]
[36m(WorkerDict pid=1535194)[0m INFO:2026-07-06 09:53:11,613:update_weights done, time cost: 0.87s
[36m(TaskRunnerV1 pid=1533811)[0m Training Progress:  67%|██████▋   | 12/18 [15:17<06:10, 61.76s/it]
[36m(WorkerDict pid=1535194)[0m INFO:2026-07-06 09:54:04,714:update_weights done, time cost: 0.94s

[36m(TaskRunnerV1 pid=1533811)[0m [qwen3vl_c2_zscore_v1] diagnostics {'c2_groups_total': 1.0, 'c2_groups_with_nonzero_b_gain_std': 0.0, 'c2_frac_groups_with_nonzero_b_gain_std': 0.0, 'c2_groups_where_b_gain_changes_ranking': 0.0, 'c2_frac_groups_where_b_gain_changes_ranking': 0.0, 'c2_all_same_answer_groups': 1.0, 'c2_all_same_answer_groups_with_b_gain_ranking': 0.0, 'c2_frac_all_same_answer_groups_with_b_gain_ranking': 0.0, 'c2_within_group_corr_answer_b_gain_mean': 0.0}
[36m(TaskRunnerV1 pid=1533811)[0m step:12 - c2_1/option_probe_failed_mean:0.0 - c2_1/option_probe_elapsed_s_mean:1.0483224615163635 - c2_1/option_probe_count_mean:4.0 - global_seqlen/min:2150 - global_seqlen/max:2150 - global_seqlen/minmax_diff:0 - global_seqlen/balanced_min:2150 - global_seqlen/balanced_max:2150 - global_seqlen/mean:2150.0 - actor/entropy:0.2081754356622696 - training/rollout_probs_diff_valid:1 - training/rollout_probs_diff_max:0.12354439496994019 - training/rollout_probs_diff_mean:0.0034422287717461586 - training/rollout_probs_diff_std:0.00985776912420988 - training/rollout_actor_probs_pearson_corr:0.9990431666374207 - c2_groups_total:1.0 - c2_groups_with_nonzero_b_gain_std:0.0 - c2_frac_groups_with_nonzero_b_gain_std:0.0 - c2_groups_where_b_gain_changes_ranking:0.0 - c2_frac_groups_where_b_gain_changes_ranking:0.0 - c2_all_same_answer_groups:1.0 - c2_all_same_answer_groups_with_b_gain_ranking:0.0 - c2_frac_all_same_answer_groups_with_b_gain_ranking:0.0 - c2_within_group_corr_answer_b_gain_mean:0.0 - rollout_corr/training_ppl:1.1290761232376099 - rollout_corr/training_log_ppl:0.11481305956840515 - rollout_corr/kl:0.000593224074691534 - rollout_corr/k3_kl:0.0004524787946138531 - rollout_corr/rollout_ppl:1.1287044286727905 - rollout_corr/rollout_log_ppl:0.11451895534992218 - rollout_corr/log_ppl_diff:0.00029410049319267273 - rollout_corr/log_ppl_abs_diff:0.00029410049319267273 - rollout_corr/log_ppl_diff_max:0.0010984539985656738 - rollout_corr/log_ppl_diff_min:0.0 - rollout_corr/ppl_ratio:1.0002942085266113 - rollout_corr/chi2_token:0.0006264448165893555 - rollout_corr/chi2_seq:-0.2499893307685852 - actor/pg_clipfrac:np.float64(0.0) - actor/ppo_kl:np.float64(0.0) - actor/pg_clipfrac_lower:np.float64(0.0) - actor/pg_loss:np.float64(0.0) - actor/loss:np.float64(0.0) - actor/grad_norm:np.float64(0.0) - actor/lr:np.float64(1e-06) - actor/perf/max_memory_allocated_gb:np.float64(70.1596007347107) - actor/perf/max_memory_reserved_gb:np.float64(94.302734375) - actor/perf/cpu_memory_used_gb:np.float64(32.38856506347656) - perf/mfu/actor:np.float64(0.09929894465555535) - training/global_step:12 - training/epoch:0 - critic/score/mean:1.0 - critic/score/max:1.0 - critic/score/min:1.0 - critic/rewards/mean:1.0 - critic/rewards/max:1.0 - critic/rewards/min:1.0 - critic/advantages/mean:0.0 - critic/advantages/max:0.0 - critic/advantages/min:0.0 - critic/returns/mean:0.0 - critic/returns/max:0.0 - critic/returns/min:0.0 - response_length/mean:914.0 - response_length/max:923.0 - response_length/min:905.0 - response_length/clip_ratio:0.5 - response_length_non_aborted/mean:914.0 - response_length_non_aborted/max:923.0 - response_length_non_aborted/min:905.0 - response_length_non_aborted/clip_ratio:0.5 - response/aborted_ratio:0.0 - prompt_length/mean:159.0 - prompt_length/max:159.0 - prompt_length/min:159.0 - prompt_length/clip_ratio:1.0 - timing_s/gen:8.618366731971037 - timing_s/c2_vllm_wake:0.05790538399014622 - timing_s/c2_vllm_probe:2.159367806976661 - timing_s/c2_vllm_sleep:0.5598411349928938 - timing_s/old_log_prob:0.6436220029718243 - timing_s/adv:0.13020535401301458 - timing_s/update_actor:1.2370512890047394 - timing_s/update_weights:25.49869665695587 - timing_s/step:38.998783513961826 - timing_per_token_ms/adv:0.060560629773495155 - timing_per_token_ms/update_actor:0.5753726925603438 - timing_per_token_ms/gen:4.709490017470512 - perf/total_num_tokens:2150 - perf/time_per_step:38.998783513961826 - perf/throughput:55.129924738044345 - training/num_turns/mean:np.float64(2.0) - training/num_turns/max:np.int64(2) - training/num_turns/min:np.int64(2) - training/off_policy/trajectory_spans/mean:np.float64(1.0) - training/off_policy/trajectory_spans/max:np.float64(1.0) - training/off_policy/trajectory_spans/min:np.float64(1.0) - training/off_policy/trajectory_staleness/mean:np.float64(0.0) - training/off_policy/trajectory_staleness/max:np.float64(0.0) - training/off_policy/trajectory_staleness/min:np.float64(0.0) - training/off_policy/trajectory_staleness_worst/mean:np.float64(0.0) - training/off_policy/trajectory_staleness_worst/max:np.float64(0.0) - training/off_policy/trajectory_staleness_worst/min:np.float64(0.0)
[36m(TaskRunnerV1 pid=1533811)[0m [qwen3vl_c2_zscore_v1] diagnostics {'c2_groups_total': 1.0, 'c2_groups_with_nonzero_b_gain_std': 0.0, 'c2_frac_groups_with_nonzero_b_gain_std': 0.0, 'c2_groups_where_b_gain_changes_ranking': 0.0, 'c2_frac_groups_where_b_gain_changes_ranking': 0.0, 'c2_all_same_answer_groups': 1.0, 'c2_all_same_answer_groups_with_b_gain_ranking': 0.0, 'c2_frac_all_same_answer_groups_with_b_gain_ranking': 0.0, 'c2_within_group_corr_answer_b_gain_mean': 0.0}
[36m(TaskRunnerV1 pid=1533811)[0m step:13 - c2_1/option_probe_failed_mean:0.0 - c2_1/option_probe_elapsed_s_mean:1.0638074610033073 - c2_1/option_probe_count_mean:4.0 - global_seqlen/min:4847 - global_seqlen/max:4847 - global_seqlen/minmax_diff:0 - global_seqlen/balanced_min:4847 - global_seqlen/balanced_max:4847 - global_seqlen/mean:4847.0 - actor/entropy:0.4528834819793701 - training/rollout_probs_diff_valid:1 - training/rollout_probs_diff_max:0.09812140464782715 - training/rollout_probs_diff_mean:0.004403519444167614 - training/rollout_probs_diff_std:0.008871857076883316 - training/rollout_actor_probs_pearson_corr:0.9994747638702393 - c2_groups_total:1.0 - c2_groups_with_nonzero_b_gain_std:0.0 - c2_frac_groups_with_nonzero_b_gain_std:0.0 - c2_groups_where_b_gain_changes_ranking:0.0 - c2_frac_groups_where_b_gain_changes_ranking:0.0 - c2_all_same_answer_groups:1.0 - c2_all_same_answer_groups_with_b_gain_ranking:0.0 - c2_frac_all_same_answer_groups_with_b_gain_ranking:0.0 - c2_within_group_corr_answer_b_gain_mean:0.0 - rollout_corr/training_ppl:1.282336950302124 - rollout_corr/training_log_ppl:0.22363677620887756 - rollout_corr/kl:0.0011304841609671712 - rollout_corr/k3_kl:0.00046748449676670134 - rollout_corr/rollout_ppl:1.28157639503479 - rollout_corr/rollout_log_ppl:0.22316449880599976 - rollout_corr/log_ppl_diff:0.0004722699522972107 - rollout_corr/log_ppl_abs_diff:0.0005021020770072937 - rollout_corr/log_ppl_diff_max:0.0019487440586090088 - rollout_corr/log_ppl_diff_min:-5.9664249420166016e-05 - rollout_corr/ppl_ratio:1.0004727840423584 - rollout_corr/chi2_token:-0.0003959536552429199 - rollout_corr/chi2_seq:-0.1890375018119812 - actor/pg_clipfrac:np.float64(0.0) - actor/ppo_kl:np.float64(0.0) - actor/pg_clipfrac_lower:np.float64(0.0) - actor/pg_loss:np.float64(0.0) - actor/loss:np.float64(0.0) - actor/grad_norm:np.float64(0.0) - actor/lr:np.float64(1e-06) - actor/perf/max_memory_allocated_gb:np.float64(70.1596007347107) - actor/perf/max_memory_reserved_gb:np.float64(94.302734375) - actor/perf/cpu_memory_used_gb:np.float64(32.40379333496094) - perf/mfu/actor:np.float64(0.10662144197008476) - training/global_step:13 - training/epoch:0 - critic/score/mean:1.0 - critic/score/max:1.0 - critic/score/min:1.0 - critic/rewards/mean:1.0 - critic/rewards/max:1.0 - critic/rewards/min:1.0 - critic/advantages/mean:0.0 - critic/advantages/max:0.0 - critic/advantages/min:0.0 - critic/returns/mean:0.0 - critic/returns/max:0.0 - critic/returns/min:0.0 - response_length/mean:2244.5 - response_length/max:2660.0 - response_length/min:1829.0 - response_length/clip_ratio:0.5 - response_length_non_aborted/mean:2244.5 - response_length_non_aborted/max:2660.0 - response_length_non_aborted/min:1829.0 - response_length_non_aborted/clip_ratio:0.5 - response/aborted_ratio:0.0 - prompt_length/mean:177.0 - prompt_length/max:177.0 - prompt_length/min:177.0 - prompt_length/clip_ratio:1.0 - timing_s/gen:20.66860655095661 - timing_s/c2_vllm_wake:0.0582100169849582 - timing_s/c2_vllm_probe:2.1863861280144192 - timing_s/c2_vllm_sleep:0.5582942580222152 - timing_s/old_log_prob:1.0191988239530474 - timing_s/adv:0.12684551399433985 - timing_s/update_actor:2.497256365022622 - timing_s/update_weights:25.836117403989192 - timing_s/step:53.04204914200818 - timing_per_token_ms/adv:0.026169901793756934 - timing_per_token_ms/update_actor:0.5152169104647456 - timing_per_token_ms/gen:4.602228134258875 - perf/total_num_tokens:4847 - perf/time_per_step:53.04204914200818 - perf/throughput:91.38033085832045 - training/num_turns/mean:np.float64(2.0) - training/num_turns/max:np.int64(2) - training/num_turns/min:np.int64(2) - training/off_policy/trajectory_spans/mean:np.float64(1.0) - training/off_policy/trajectory_spans/max:np.float64(1.0) - training/off_policy/trajectory_spans/min:np.float64(1.0) - training/off_policy/trajectory_staleness/mean:np.float64(0.0) - training/off_policy/trajectory_staleness/max:np.float64(0.0) - training/off_policy/trajectory_staleness/min:np.float64(0.0) - training/off_policy/trajectory_staleness_worst/mean:np.float64(0.0) - training/off_policy/trajectory_staleness_worst/max:np.float64(0.0) - training/off_policy/trajectory_staleness_worst/min:np.float64(0.0)[36m(TaskRunnerV1 pid=1533811)[0m Training Progress:  72%|███████▏  | 13/18 [16:11<04:55, 59.14s/it]
[36m(WorkerDict pid=1535194)[0m INFO:2026-07-06 09:54:50,389:update_weights done, time cost: 0.93s
[36m(TaskRunnerV1 pid=1533811)[0m Training Progress:  78%|███████▊  | 14/18 [16:56<03:40, 55.07s/it]
[36m(WorkerDict pid=1535194)[0m INFO:2026-07-06 09:55:43,026:update_weights done, time cost: 0.95s

[36m(TaskRunnerV1 pid=1533811)[0m [qwen3vl_c2_zscore_v1] diagnostics {'c2_groups_total': 1.0, 'c2_groups_with_nonzero_b_gain_std': 0.0, 'c2_frac_groups_with_nonzero_b_gain_std': 0.0, 'c2_groups_where_b_gain_changes_ranking': 0.0, 'c2_frac_groups_where_b_gain_changes_ranking': 0.0, 'c2_all_same_answer_groups': 1.0, 'c2_all_same_answer_groups_with_b_gain_ranking': 0.0, 'c2_frac_all_same_answer_groups_with_b_gain_ranking': 0.0, 'c2_within_group_corr_answer_b_gain_mean': 0.0}
[36m(TaskRunnerV1 pid=1533811)[0m step:14 - c2_1/option_probe_failed_mean:0.0 - c2_1/option_probe_elapsed_s_mean:1.1724409490125254 - c2_1/option_probe_count_mean:4.0 - global_seqlen/min:3174 - global_seqlen/max:3174 - global_seqlen/minmax_diff:0 - global_seqlen/balanced_min:3174 - global_seqlen/balanced_max:3174 - global_seqlen/mean:3174.0 - actor/entropy:0.2539178133010864 - training/rollout_probs_diff_valid:1 - training/rollout_probs_diff_max:0.06720155477523804 - training/rollout_probs_diff_mean:0.00354957883246243 - training/rollout_probs_diff_std:0.009404553100466728 - training/rollout_actor_probs_pearson_corr:0.9991618990898132 - c2_groups_total:1.0 - c2_groups_with_nonzero_b_gain_std:0.0 - c2_frac_groups_with_nonzero_b_gain_std:0.0 - c2_groups_where_b_gain_changes_ranking:0.0 - c2_frac_groups_where_b_gain_changes_ranking:0.0 - c2_all_same_answer_groups:1.0 - c2_all_same_answer_groups_with_b_gain_ranking:0.0 - c2_frac_all_same_answer_groups_with_b_gain_ranking:0.0 - c2_within_group_corr_answer_b_gain_mean:0.0 - rollout_corr/training_ppl:1.135707139968872 - rollout_corr/training_log_ppl:0.11956371366977692 - rollout_corr/kl:0.00026528231683187187 - rollout_corr/k3_kl:0.00037279061507433653 - rollout_corr/rollout_ppl:1.1355522871017456 - rollout_corr/rollout_log_ppl:0.11944739520549774 - rollout_corr/log_ppl_diff:0.00011632218956947327 - rollout_corr/log_ppl_abs_diff:0.00012161955237388611 - rollout_corr/log_ppl_diff_max:0.00047588348388671875 - rollout_corr/log_ppl_diff_min:-1.0594725608825684e-05 - rollout_corr/ppl_ratio:1.0001163482666016 - rollout_corr/chi2_token:0.0009653568267822266 - rollout_corr/chi2_seq:-0.1895831823348999 - actor/pg_clipfrac:np.float64(0.0) - actor/ppo_kl:np.float64(0.0) - actor/pg_clipfrac_lower:np.float64(0.0) - actor/pg_loss:np.float64(0.0) - actor/loss:np.float64(0.0) - actor/grad_norm:np.float64(0.0) - actor/lr:np.float64(1e-06) - actor/perf/max_memory_allocated_gb:np.float64(70.1596007347107) - actor/perf/max_memory_reserved_gb:np.float64(94.302734375) - actor/perf/cpu_memory_used_gb:np.float64(32.404258728027344) - perf/mfu/actor:np.float64(0.10544451051277492) - training/global_step:14 - training/epoch:0 - critic/score/mean:1.0 - critic/score/max:1.0 - critic/score/min:1.0 - critic/rewards/mean:1.0 - critic/rewards/max:1.0 - critic/rewards/min:1.0 - critic/advantages/mean:0.0 - critic/advantages/max:0.0 - critic/advantages/min:0.0 - critic/returns/mean:0.0 - critic/returns/max:0.0 - critic/returns/min:0.0 - response_length/mean:1423.0 - response_length/max:1614.0 - response_length/min:1232.0 - response_length/clip_ratio:0.5 - response_length_non_aborted/mean:1423.0 - response_length_non_aborted/max:1614.0 - response_length_non_aborted/min:1232.0 - response_length_non_aborted/clip_ratio:0.5 - response/aborted_ratio:0.0 - prompt_length/mean:162.0 - prompt_length/max:162.0 - prompt_length/min:162.0 - prompt_length/clip_ratio:1.0 - timing_s/gen:12.64583082095487 - timing_s/c2_vllm_wake:0.05804798600729555 - timing_s/c2_vllm_probe:2.4052914759959094 - timing_s/c2_vllm_sleep:0.5731746480450965 - timing_s/old_log_prob:0.7835816199658439 - timing_s/adv:0.12663144594989717 - timing_s/update_actor:1.6759292850038037 - timing_s/update_weights:27.25477077899268 - timing_s/step:45.61680051998701 - timing_per_token_ms/adv:0.039896485806520846 - timing_per_token_ms/update_actor:0.5280180482053571 - timing_per_token_ms/gen:4.440249586009434 - perf/total_num_tokens:3174 - perf/time_per_step:45.61680051998701 - perf/throughput:69.57962776475986 - training/num_turns/mean:np.float64(2.0) - training/num_turns/max:np.int64(2) - training/num_turns/min:np.int64(2) - training/off_policy/trajectory_spans/mean:np.float64(1.0) - training/off_policy/trajectory_spans/max:np.float64(1.0) - training/off_policy/trajectory_spans/min:np.float64(1.0) - training/off_policy/trajectory_staleness/mean:np.float64(0.0) - training/off_policy/trajectory_staleness/max:np.float64(0.0) - training/off_policy/trajectory_staleness/min:np.float64(0.0) - training/off_policy/trajectory_staleness_worst/mean:np.float64(0.0) - training/off_policy/trajectory_staleness_worst/max:np.float64(0.0) - training/off_policy/trajectory_staleness_worst/min:np.float64(0.0)
[36m(TaskRunnerV1 pid=1533811)[0m [qwen3vl_c2_zscore_v1] diagnostics {'c2_groups_total': 1.0, 'c2_groups_with_nonzero_b_gain_std': 0.0, 'c2_frac_groups_with_nonzero_b_gain_std': 0.0, 'c2_groups_where_b_gain_changes_ranking': 0.0, 'c2_frac_groups_where_b_gain_changes_ranking': 0.0, 'c2_all_same_answer_groups': 1.0, 'c2_all_same_answer_groups_with_b_gain_ranking': 0.0, 'c2_frac_all_same_answer_groups_with_b_gain_ranking': 0.0, 'c2_within_group_corr_answer_b_gain_mean': 0.0}
[36m(TaskRunnerV1 pid=1533811)[0m step:15 - c2_1/option_probe_failed_mean:0.0 - c2_1/option_probe_elapsed_s_mean:2.09273256896995 - c2_1/option_probe_count_mean:4.0 - global_seqlen/min:4225 - global_seqlen/max:4225 - global_seqlen/minmax_diff:0 - global_seqlen/balanced_min:4225 - global_seqlen/balanced_max:4225 - global_seqlen/mean:4225.0 - actor/entropy:0.4690493941307068 - training/rollout_probs_diff_valid:1 - training/rollout_probs_diff_max:0.07169121503829956 - training/rollout_probs_diff_mean:0.005342145450413227 - training/rollout_probs_diff_std:0.009334631264209747 - training/rollout_actor_probs_pearson_corr:0.9993733763694763 - c2_groups_total:1.0 - c2_groups_with_nonzero_b_gain_std:0.0 - c2_frac_groups_with_nonzero_b_gain_std:0.0 - c2_groups_where_b_gain_changes_ranking:0.0 - c2_frac_groups_where_b_gain_changes_ranking:0.0 - c2_all_same_answer_groups:1.0 - c2_all_same_answer_groups_with_b_gain_ranking:0.0 - c2_frac_all_same_answer_groups_with_b_gain_ranking:0.0 - c2_within_group_corr_answer_b_gain_mean:0.0 - rollout_corr/training_ppl:1.2954020500183105 - rollout_corr/training_log_ppl:0.23193368315696716 - rollout_corr/kl:0.0009637008770368993 - rollout_corr/k3_kl:0.0005700269830413163 - rollout_corr/rollout_ppl:1.2946668863296509 - rollout_corr/rollout_log_ppl:0.23147442936897278 - rollout_corr/log_ppl_diff:0.00045924633741378784 - rollout_corr/log_ppl_abs_diff:0.00045924633741378784 - rollout_corr/log_ppl_diff_max:0.0011489689350128174 - rollout_corr/log_ppl_diff_min:0.0 - rollout_corr/ppl_ratio:1.0004594326019287 - rollout_corr/chi2_token:0.00035059452056884766 - rollout_corr/chi2_seq:-0.4541866183280945 - actor/pg_clipfrac:np.float64(0.0) - actor/ppo_kl:np.float64(0.0) - actor/pg_clipfrac_lower:np.float64(0.0) - actor/pg_loss:np.float64(0.0) - actor/loss:np.float64(0.0) - actor/grad_norm:np.float64(0.0) - actor/lr:np.float64(1e-06) - actor/perf/max_memory_allocated_gb:np.float64(70.1596007347107) - actor/perf/max_memory_reserved_gb:np.float64(94.302734375) - actor/perf/cpu_memory_used_gb:np.float64(32.52525329589844) - perf/mfu/actor:np.float64(0.10519490794864132) - training/global_step:15 - training/epoch:0 - critic/score/mean:1.0 - critic/score/max:1.0 - critic/score/min:1.0 - critic/rewards/mean:1.0 - critic/rewards/max:1.0 - critic/rewards/min:1.0 - critic/advantages/mean:0.0 - critic/advantages/max:0.0 - critic/advantages/min:0.0 - critic/returns/mean:0.0 - critic/returns/max:0.0 - critic/returns/min:0.0 - response_length/mean:1597.5 - response_length/max:1911.0 - response_length/min:1284.0 - response_length/clip_ratio:0.5 - response_length_non_aborted/mean:1597.5 - response_length_non_aborted/max:1911.0 - response_length_non_aborted/min:1284.0 - response_length_non_aborted/clip_ratio:0.5 - response/aborted_ratio:0.0 - prompt_length/mean:513.0 - prompt_length/max:513.0 - prompt_length/min:513.0 - prompt_length/clip_ratio:1.0 - timing_s/gen:16.653210893040523 - timing_s/c2_vllm_wake:0.058094592997804284 - timing_s/c2_vllm_probe:4.25472945603542 - timing_s/c2_vllm_sleep:0.588225468993187 - timing_s/old_log_prob:0.9847478119772859 - timing_s/adv:0.1264610139769502 - timing_s/update_actor:2.224896663974505 - timing_s/update_weights:27.55984287301544 - timing_s/step:52.57316752697807 - timing_per_token_ms/adv:0.029931600941289986 - timing_per_token_ms/update_actor:0.5266027607040248 - timing_per_token_ms/gen:5.209011852687057 - perf/total_num_tokens:4225 - perf/time_per_step:52.57316752697807 - perf/throughput:80.36418954273451 - training/num_turns/mean:np.float64(2.0) - training/num_turns/max:np.int64(2) - training/num_turns/min:np.int64(2) - training/off_policy/trajectory_spans/mean:np.float64(1.0) - training/off_policy/trajectory_spans/max:np.float64(1.0) - training/off_policy/trajectory_spans/min:np.float64(1.0) - training/off_policy/trajectory_staleness/mean:np.float64(0.0) - training/off_policy/trajectory_staleness/max:np.float64(0.0) - training/off_policy/trajectory_staleness/min:np.float64(0.0) - training/off_policy/trajectory_staleness_worst/mean:np.float64(0.0) - training/off_policy/trajectory_staleness_worst/max:np.float64(0.0) - training/off_policy/trajectory_staleness_worst/min:np.float64(0.0)[36m(TaskRunnerV1 pid=1533811)[0m Training Progress:  83%|████████▎ | 15/18 [17:49<02:43, 54.34s/it]
[36m(TransferQueueController pid=1534018)[0m 2026-07-06 09:55:57,379 - INFO - transfer_queue.utils.perf_utils - TQ_CONTROLLER_f28f8f8e: [Performance] Total success requests: 309, Total req/min: 61.80, Total avg process time: 0.0005s; 
[36m(TransferQueueController pid=1534018)[0m Time range: last 5.00 minutes; 
[36m(TransferQueueController pid=1534018)[0m Per-operation statistics: KV_RETRIEVE_META: req_count=117, req/min=23.40, avg_time=0.001144s, max_time=0.003650s, min_time=0.000645s; CLEAR_META: req_count=13, req/min=2.60, avg_time=0.000307s, max_time=0.000365s, min_time=0.000255s; SET_CUSTOM_META: req_count=68, req/min=13.60, avg_time=0.000046s, max_time=0.000084s, min_time=0.000034s; KV_LIST: req_count=57, req/min=11.40, avg_time=0.000075s, max_time=0.000469s, min_time=0.000043s; NOTIFY_DATA_UPDATE: req_count=48, req/min=9.60, avg_time=0.000407s, max_time=0.000923s, min_time=0.000299s; KV_RETRIEVE_KEYS: req_count=6, req/min=1.20, avg_time=0.000080s, max_time=0.000125s, min_time=0.000057s
[36m(TaskRunnerV1 pid=1533811)[0m INFO:2026-07-06 09:56:43,450:pending: 0, running: 1, finished: 0, failure: 0
[36m(TaskRunnerV1 pid=1533811)[0m INFO:2026-07-06 09:57:43,526:pending: 0, running: 1, finished: 0, failure: 0
[36m(SimpleStorageUnit pid=1534104)[0m 2026-07-06 09:57:57,639 - INFO - transfer_queue.utils.perf_utils - TQ_STORAGE_UNIT_163c0173: [Performance] Total success requests: 63, Total req/min: 10.23, Total avg process time: 0.0082s; 
[36m(SimpleStorageUnit pid=1534104)[0m Time range: last 6.16 minutes; 
[36m(SimpleStorageUnit pid=1534104)[0m Per-operation statistics: CLEAR_DATA: req_count=7, req/min=1.14, avg_time=0.008242s, max_time=0.008716s, min_time=0.006754s; PUT_DATA: req_count=28, req/min=4.55, avg_time=0.008078s, max_time=0.008910s, min_time=0.007010s; GET_DATA: req_count=28, req/min=4.55, avg_time=0.008307s, max_time=0.009381s, min_time=0.006767s
[36m(SimpleStorageUnit pid=1534113)[0m 2026-07-06 09:57:57,634 - INFO - transfer_queue.utils.perf_utils - TQ_STORAGE_UNIT_3820da22: [Performance] Total success requests: 76, Total req/min: 10.85, Total avg process time: 0.0084s; 
[36m(SimpleStorageUnit pid=1534113)[0m Time range: last 7.00 minutes; 
[36m(SimpleStorageUnit pid=1534113)[0m Per-operation statistics: CLEAR_DATA: req_count=8, req/min=1.14, avg_time=0.008697s, max_time=0.010154s, min_time=0.006785s; PUT_DATA: req_count=34, req/min=4.85, avg_time=0.008325s, max_time=0.009253s, min_time=0.007022s; GET_DATA: req_count=34, req/min=4.85, avg_time=0.008435s, max_time=0.009183s, min_time=0.002388s
[36m(SimpleStorageUnit pid=1534103)[0m 2026-07-06 09:57:59,561 - INFO - transfer_queue.utils.perf_utils - TQ_STORAGE_UNIT_8aab8fd2: [Performance] Total success requests: 79, Total req/min: 11.23, Total avg process time: 0.0082s; 
[36m(SimpleStorageUnit pid=1534103)[0m Time range: last 7.04 minutes; 
[36m(SimpleStorageUnit pid=1534103)[0m Per-operation statistics: CLEAR_DATA: req_count=9, req/min=1.28, avg_time=0.007952s, max_time=0.008921s, min_time=0.006534s; PUT_DATA: req_count=34, req/min=4.83, avg_time=0.008135s, max_time=0.008894s, min_time=0.007044s; GET_DATA: req_count=36, req/min=5.12, avg_time=0.008234s, max_time=0.011530s, min_time=0.002387s
[36m(SimpleStorageUnit pid=1534116)[0m 2026-07-06 09:58:05,726 - INFO - transfer_queue.utils.perf_utils - TQ_STORAGE_UNIT_0409aa42: [Performance] Total success requests: 78, Total req/min: 10.93, Total avg process time: 0.0084s; 
[36m(SimpleStorageUnit pid=1534116)[0m Time range: last 7.14 minutes; 
[36m(SimpleStorageUnit pid=1534116)[0m Per-operation statistics: CLEAR_DATA: req_count=9, req/min=1.26, avg_time=0.008666s, max_time=0.013054s, min_time=0.006857s; PUT_DATA: req_count=34, req/min=4.76, avg_time=0.008204s, max_time=0.009167s, min_time=0.006868s; GET_DATA: req_count=35, req/min=4.90, avg_time=0.008489s, max_time=0.009518s, min_time=0.006758s
[36m(WorkerDict pid=1535194)[0m INFO:2026-07-06 09:59:27,076:update_weights done, time cost: 1.41s
[36m(TaskRunnerV1 pid=1533811)[0m Training Progress:  89%|████████▉ | 16/18 [21:33<03:30, 105.42s/it]
[36m(WorkerDict pid=1535194)[0m INFO:2026-07-06 10:00:08,933:update_weights done, time cost: 0.92s

[36m(TaskRunnerV1 pid=1533811)[0m [qwen3vl_c2_zscore_v1] diagnostics {'c2_groups_total': 1.0, 'c2_groups_with_nonzero_b_gain_std': 0.0, 'c2_frac_groups_with_nonzero_b_gain_std': 0.0, 'c2_groups_where_b_gain_changes_ranking': 0.0, 'c2_frac_groups_where_b_gain_changes_ranking': 0.0, 'c2_all_same_answer_groups': 1.0, 'c2_all_same_answer_groups_with_b_gain_ranking': 0.0, 'c2_frac_all_same_answer_groups_with_b_gain_ranking': 0.0, 'c2_within_group_corr_answer_b_gain_mean': 0.0}
[36m(TaskRunnerV1 pid=1533811)[0m step:16 - c2_1/option_probe_failed_mean:0.0 - c2_1/option_probe_elapsed_s_mean:2.3147877299925312 - c2_1/option_probe_count_mean:4.0 - global_seqlen/min:33936 - global_seqlen/max:33936 - global_seqlen/minmax_diff:0 - global_seqlen/balanced_min:33936 - global_seqlen/balanced_max:33936 - global_seqlen/mean:33936.0 - actor/entropy:0.3650987148284912 - training/rollout_probs_diff_valid:1 - training/rollout_probs_diff_max:0.12432962656021118 - training/rollout_probs_diff_mean:0.004067020490765572 - training/rollout_probs_diff_std:0.008429739624261856 - training/rollout_actor_probs_pearson_corr:0.9994548559188843 - c2_groups_total:1.0 - c2_groups_with_nonzero_b_gain_std:0.0 - c2_frac_groups_with_nonzero_b_gain_std:0.0 - c2_groups_where_b_gain_changes_ranking:0.0 - c2_frac_groups_where_b_gain_changes_ranking:0.0 - c2_all_same_answer_groups:1.0 - c2_all_same_answer_groups_with_b_gain_ranking:0.0 - c2_frac_all_same_answer_groups_with_b_gain_ranking:0.0 - c2_within_group_corr_answer_b_gain_mean:0.0 - rollout_corr/training_ppl:1.2225465774536133 - rollout_corr/training_log_ppl:0.18405821919441223 - rollout_corr/kl:0.00017571155331097543 - rollout_corr/k3_kl:0.0004144608974456787 - rollout_corr/rollout_ppl:1.2224200963974 - rollout_corr/rollout_log_ppl:0.1839703619480133 - rollout_corr/log_ppl_diff:8.784979581832886e-05 - rollout_corr/log_ppl_abs_diff:8.784979581832886e-05 - rollout_corr/log_ppl_diff_max:0.0002429187297821045 - rollout_corr/log_ppl_diff_min:0.0 - rollout_corr/ppl_ratio:1.000087857246399 - rollout_corr/chi2_token:0.0013118982315063477 - rollout_corr/chi2_seq:-0.4927637577056885 - actor/pg_clipfrac:np.float64(0.0) - actor/ppo_kl:np.float64(0.0) - actor/pg_clipfrac_lower:np.float64(0.0) - actor/pg_loss:np.float64(0.0) - actor/loss:np.float64(0.0) - actor/grad_norm:np.float64(0.0) - actor/lr:np.float64(1e-06) - actor/perf/max_memory_allocated_gb:np.float64(82.59173822402954) - actor/perf/max_memory_reserved_gb:np.float64(107.333984375) - actor/perf/cpu_memory_used_gb:np.float64(32.869361877441406) - perf/mfu/actor:np.float64(0.05124949085525926) - training/global_step:16 - training/epoch:0 - critic/score/mean:0.0 - critic/score/max:0.0 - critic/score/min:0.0 - critic/rewards/mean:0.0 - critic/rewards/max:0.0 - critic/rewards/min:0.0 - critic/advantages/mean:0.0 - critic/advantages/max:0.0 - critic/advantages/min:0.0 - critic/returns/mean:0.0 - critic/returns/max:0.0 - critic/returns/min:0.0 - response_length/mean:16384.0 - response_length/max:16384.0 - response_length/min:16384.0 - response_length/clip_ratio:1.0 - response_length_non_aborted/mean:16384.0 - response_length_non_aborted/max:16384.0 - response_length_non_aborted/min:16384.0 - response_length_non_aborted/clip_ratio:1.0 - response/aborted_ratio:0.0 - prompt_length/mean:582.0 - prompt_length/max:582.0 - prompt_length/min:582.0 - prompt_length/clip_ratio:1.0 - timing_s/gen:136.8901683440199 - timing_s/c2_vllm_wake:0.0578394090407528 - timing_s/c2_vllm_probe:4.7172169260447845 - timing_s/c2_vllm_sleep:0.606155782006681 - timing_s/old_log_prob:11.400096159020904 - timing_s/adv:0.13313601998379454 - timing_s/update_actor:43.1418442230206 - timing_s/update_weights:26.913837097992655 - timing_s/step:223.988110737002 - timing_per_token_ms/adv:0.003923150046670042 - timing_per_token_ms/update_actor:1.2712707515034358 - timing_per_token_ms/gen:4.1773014447366466 - perf/total_num_tokens:33936 - perf/time_per_step:223.988110737002 - perf/throughput:151.5080416024684 - training/num_turns/mean:np.float64(2.0) - training/num_turns/max:np.int64(2) - training/num_turns/min:np.int64(2) - training/off_policy/trajectory_spans/mean:np.float64(1.0) - training/off_policy/trajectory_spans/max:np.float64(1.0) - training/off_policy/trajectory_spans/min:np.float64(1.0) - training/off_policy/trajectory_staleness/mean:np.float64(0.0) - training/off_policy/trajectory_staleness/max:np.float64(0.0) - training/off_policy/trajectory_staleness/min:np.float64(0.0) - training/off_policy/trajectory_staleness_worst/mean:np.float64(0.0) - training/off_policy/trajectory_staleness_worst/max:np.float64(0.0) - training/off_policy/trajectory_staleness_worst/min:np.float64(0.0)
[36m(TaskRunnerV1 pid=1533811)[0m [qwen3vl_c2_zscore_v1] diagnostics {'c2_groups_total': 1.0, 'c2_groups_with_nonzero_b_gain_std': 0.0, 'c2_frac_groups_with_nonzero_b_gain_std': 0.0, 'c2_groups_where_b_gain_changes_ranking': 0.0, 'c2_frac_groups_where_b_gain_changes_ranking': 0.0, 'c2_all_same_answer_groups': 1.0, 'c2_all_same_answer_groups_with_b_gain_ranking': 0.0, 'c2_frac_all_same_answer_groups_with_b_gain_ranking': 0.0, 'c2_within_group_corr_answer_b_gain_mean': 0.0}
[36m(TaskRunnerV1 pid=1533811)[0m step:17 - c2_1/option_probe_failed_mean:0.0 - c2_1/option_probe_elapsed_s_mean:1.4770409239863511 - c2_1/option_probe_count_mean:4.0 - global_seqlen/min:2762 - global_seqlen/max:2762 - global_seqlen/minmax_diff:0 - global_seqlen/balanced_min:2762 - global_seqlen/balanced_max:2762 - global_seqlen/mean:2762.0 - actor/entropy:0.183031365275383 - training/rollout_probs_diff_valid:1 - training/rollout_probs_diff_max:0.06511762738227844 - training/rollout_probs_diff_mean:0.0034513273276388645 - training/rollout_probs_diff_std:0.009889830835163593 - training/rollout_actor_probs_pearson_corr:0.9988204836845398 - c2_groups_total:1.0 - c2_groups_with_nonzero_b_gain_std:0.0 - c2_frac_groups_with_nonzero_b_gain_std:0.0 - c2_groups_where_b_gain_changes_ranking:0.0 - c2_frac_groups_where_b_gain_changes_ranking:0.0 - c2_all_same_answer_groups:1.0 - c2_all_same_answer_groups_with_b_gain_ranking:0.0 - c2_frac_all_same_answer_groups_with_b_gain_ranking:0.0 - c2_within_group_corr_answer_b_gain_mean:0.0 - rollout_corr/training_ppl:1.0973827838897705 - rollout_corr/training_log_ppl:0.08890102803707123 - rollout_corr/kl:0.0013706340687349439 - rollout_corr/k3_kl:0.0003761299594771117 - rollout_corr/rollout_ppl:1.0965626239776611 - rollout_corr/rollout_log_ppl:0.0882130116224289 - rollout_corr/log_ppl_diff:0.0006880126893520355 - rollout_corr/log_ppl_abs_diff:0.0006880126893520355 - rollout_corr/log_ppl_diff_max:0.001513168215751648 - rollout_corr/log_ppl_diff_min:0.0 - rollout_corr/ppl_ratio:1.0006885528564453 - rollout_corr/chi2_token:-0.0012519359588623047 - rollout_corr/chi2_seq:-0.48073387145996094 - actor/pg_clipfrac:np.float64(0.0) - actor/ppo_kl:np.float64(0.0) - actor/pg_clipfrac_lower:np.float64(0.0) - actor/pg_loss:np.float64(0.0) - actor/loss:np.float64(0.0) - actor/grad_norm:np.float64(0.0) - actor/lr:np.float64(1e-06) - actor/perf/max_memory_allocated_gb:np.float64(82.59173822402954) - actor/perf/max_memory_reserved_gb:np.float64(111.97265625) - actor/perf/cpu_memory_used_gb:np.float64(32.63116455078125) - perf/mfu/actor:np.float64(0.1039890488075293) - training/global_step:17 - training/epoch:0 - critic/score/mean:1.0 - critic/score/max:1.0 - critic/score/min:1.0 - critic/rewards/mean:1.0 - critic/rewards/max:1.0 - critic/rewards/min:1.0 - critic/advantages/mean:0.0 - critic/advantages/max:0.0 - critic/advantages/min:0.0 - critic/returns/mean:0.0 - critic/returns/max:0.0 - critic/returns/min:0.0 - response_length/mean:1195.0 - response_length/max:1242.0 - response_length/min:1148.0 - response_length/clip_ratio:0.5 - response_length_non_aborted/mean:1195.0 - response_length_non_aborted/max:1242.0 - response_length_non_aborted/min:1148.0 - response_length_non_aborted/clip_ratio:0.5 - response/aborted_ratio:0.0 - prompt_length/mean:184.0 - prompt_length/max:184.0 - prompt_length/min:184.0 - prompt_length/clip_ratio:1.0 - timing_s/gen:10.641284812998492 - timing_s/c2_vllm_wake:0.057713865011464804 - timing_s/c2_vllm_probe:3.0192454859497957 - timing_s/c2_vllm_sleep:0.5897683930234052 - timing_s/old_log_prob:0.7429272260051221 - timing_s/adv:0.12697063002269715 - timing_s/update_actor:1.490598289994523 - timing_s/update_weights:24.988836318952963 - timing_s/step:41.770182519976515 - timing_per_token_ms/adv:0.04597053947237406 - timing_per_token_ms/update_actor:0.5396807711783211 - timing_per_token_ms/gen:4.448697664297028 - perf/total_num_tokens:2762 - perf/time_per_step:41.770182519976515 - perf/throughput:66.12372351207894 - training/num_turns/mean:np.float64(2.0) - training/num_turns/max:np.int64(2) - training/num_turns/min:np.int64(2) - training/off_policy/trajectory_spans/mean:np.float64(1.0) - training/off_policy/trajectory_spans/max:np.float64(1.0) - training/off_policy/trajectory_spans/min:np.float64(1.0) - training/off_policy/trajectory_staleness/mean:np.float64(0.0) - training/off_policy/trajectory_staleness/max:np.float64(0.0) - training/off_policy/trajectory_staleness/min:np.float64(0.0) - training/off_policy/trajectory_staleness_worst/mean:np.float64(0.0) - training/off_policy/trajectory_staleness_worst/max:np.float64(0.0) - training/off_policy/trajectory_staleness_worst/min:np.float64(0.0)[36m(TaskRunnerV1 pid=1533811)[0m Training Progress:  94%|█████████▍| 17/18 [22:15<01:26, 86.30s/it] 
[36m(TransferQueueController pid=1534018)[0m 2026-07-06 10:00:59,321 - INFO - transfer_queue.utils.perf_utils - TQ_CONTROLLER_f28f8f8e: [Performance] Total success requests: 175, Total req/min: 34.77, Total avg process time: 0.0003s; 
[36m(TransferQueueController pid=1534018)[0m Time range: last 5.03 minutes; 
[36m(TransferQueueController pid=1534018)[0m Per-operation statistics: KV_LIST: req_count=93, req/min=18.48, avg_time=0.000073s, max_time=0.000365s, min_time=0.000047s; KV_RETRIEVE_META: req_count=38, req/min=7.55, avg_time=0.001092s, max_time=0.001706s, min_time=0.000634s; NOTIFY_DATA_UPDATE: req_count=16, req/min=3.18, avg_time=0.000380s, max_time=0.000512s, min_time=0.000261s; SET_CUSTOM_META: req_count=22, req/min=4.37, avg_time=0.000044s, max_time=0.000070s, min_time=0.000031s; CLEAR_META: req_count=4, req/min=0.79, avg_time=0.000315s, max_time=0.000366s, min_time=0.000268s; KV_RETRIEVE_KEYS: req_count=2, req/min=0.40, avg_time=0.000060s, max_time=0.000063s, min_time=0.000056s
[36m(TaskRunnerV1 pid=1533811)[0m INFO:2026-07-06 10:01:09,334:pending: 0, running: 1, finished: 0, failure: 0
[36m(WorkerDict pid=1535194)[0m INFO:2026-07-06 10:02:40,570:update_weights done, time cost: 1.13s

[36m(TaskRunnerV1 pid=1533811)[0m [qwen3vl_c2_zscore_v1] diagnostics {'c2_groups_total': 1.0, 'c2_groups_with_nonzero_b_gain_std': 0.0, 'c2_frac_groups_with_nonzero_b_gain_std': 0.0, 'c2_groups_where_b_gain_changes_ranking': 0.0, 'c2_frac_groups_where_b_gain_changes_ranking': 0.0, 'c2_all_same_answer_groups': 1.0, 'c2_all_same_answer_groups_with_b_gain_ranking': 0.0, 'c2_frac_all_same_answer_groups_with_b_gain_ranking': 0.0, 'c2_within_group_corr_answer_b_gain_mean': 0.0}
[36m(TaskRunnerV1 pid=1533811)[0m Training Progress: 100%|██████████| 18/18 [24:46<00:00, 105.95s/it]Training Progress: 100%|██████████| 18/18 [24:46<00:00, 82.61s/it] 
[36m(TaskRunnerV1 pid=1533811)[0m step:18 - c2_1/option_probe_failed_mean:0.0 - c2_1/option_probe_elapsed_s_mean:1.1500621380400844 - c2_1/option_probe_count_mean:4.0 - global_seqlen/min:22614 - global_seqlen/max:22614 - global_seqlen/minmax_diff:0 - global_seqlen/balanced_min:22614 - global_seqlen/balanced_max:22614 - global_seqlen/mean:22614.0 - actor/entropy:0.4588894248008728 - training/rollout_probs_diff_valid:1 - training/rollout_probs_diff_max:0.09703665971755981 - training/rollout_probs_diff_mean:0.004529439844191074 - training/rollout_probs_diff_std:0.008628115989267826 - training/rollout_actor_probs_pearson_corr:0.999496340751648 - c2_groups_total:1.0 - c2_groups_with_nonzero_b_gain_std:0.0 - c2_frac_groups_with_nonzero_b_gain_std:0.0 - c2_groups_where_b_gain_changes_ranking:0.0 - c2_frac_groups_where_b_gain_changes_ranking:0.0 - c2_all_same_answer_groups:1.0 - c2_all_same_answer_groups_with_b_gain_ranking:0.0 - c2_frac_all_same_answer_groups_with_b_gain_ranking:0.0 - c2_within_group_corr_answer_b_gain_mean:0.0 - rollout_corr/training_ppl:1.2889121770858765 - rollout_corr/training_log_ppl:0.22774004936218262 - rollout_corr/kl:0.00048126824549399316 - rollout_corr/k3_kl:0.0004837230371776968 - rollout_corr/rollout_ppl:1.2885339260101318 - rollout_corr/rollout_log_ppl:0.22750122845172882 - rollout_corr/log_ppl_diff:0.0002388209104537964 - rollout_corr/log_ppl_abs_diff:0.0002388209104537964 - rollout_corr/log_ppl_diff_max:0.0005363821983337402 - rollout_corr/log_ppl_diff_min:0.0 - rollout_corr/ppl_ratio:1.0002388954162598 - rollout_corr/chi2_token:0.000977635383605957 - rollout_corr/chi2_seq:-0.4999593496322632 - actor/pg_clipfrac:np.float64(0.0) - actor/ppo_kl:np.float64(0.0) - actor/pg_clipfrac_lower:np.float64(0.0) - actor/pg_loss:np.float64(0.0) - actor/loss:np.float64(0.0) - actor/grad_norm:np.float64(0.0) - actor/lr:np.float64(1e-06) - actor/perf/max_memory_allocated_gb:np.float64(82.59173822402954) - actor/perf/max_memory_reserved_gb:np.float64(111.97265625) - actor/perf/cpu_memory_used_gb:np.float64(32.797088623046875) - perf/mfu/actor:np.float64(0.06153555455968333) - training/global_step:18 - training/epoch:0 - critic/score/mean:0.0 - critic/score/max:0.0 - critic/score/min:0.0 - critic/rewards/mean:0.0 - critic/rewards/max:0.0 - critic/rewards/min:0.0 - critic/advantages/mean:0.0 - critic/advantages/max:0.0 - critic/advantages/min:0.0 - critic/returns/mean:0.0 - critic/returns/max:0.0 - critic/returns/min:0.0 - response_length/mean:11118.0 - response_length/max:11799.0 - response_length/min:10437.0 - response_length/clip_ratio:0.5 - response_length_non_aborted/mean:11118.0 - response_length_non_aborted/max:11799.0 - response_length_non_aborted/min:10437.0 - response_length_non_aborted/clip_ratio:0.5 - response/aborted_ratio:0.0 - prompt_length/mean:187.0 - prompt_length/max:187.0 - prompt_length/min:187.0 - prompt_length/clip_ratio:1.0 - timing_s/gen:92.82921928795986 - timing_s/c2_vllm_wake:0.06041603704215959 - timing_s/c2_vllm_probe:2.378323139040731 - timing_s/c2_vllm_sleep:0.5686107039800845 - timing_s/old_log_prob:6.222031603974756 - timing_s/adv:0.13348208396928385 - timing_s/update_actor:22.13617895601783 - timing_s/update_weights:27.169088653987274 - timing_s/step:151.60987564799143 - timing_per_token_ms/adv:0.005902630404584941 - timing_per_token_ms/update_actor:0.9788705649605479 - timing_per_token_ms/gen:4.174351078692322 - perf/total_num_tokens:22614 - perf/time_per_step:151.60987564799143 - perf/throughput:149.15914879123903 - training/num_turns/mean:np.float64(2.0) - training/num_turns/max:np.int64(2) - training/num_turns/min:np.int64(2) - training/off_policy/trajectory_spans/mean:np.float64(1.0) - training/off_policy/trajectory_spans/max:np.float64(1.0) - training/off_policy/trajectory_spans/min:np.float64(1.0) - training/off_policy/trajectory_staleness/mean:np.float64(0.0) - training/off_policy/trajectory_staleness/max:np.float64(0.0) - training/off_policy/trajectory_staleness/min:np.float64(0.0) - training/off_policy/trajectory_staleness_worst/mean:np.float64(0.0) - training/off_policy/trajectory_staleness_worst/max:np.float64(0.0) - training/off_policy/trajectory_staleness_worst/min:np.float64(0.0)
[36m(TaskRunnerV1 pid=1533811)[0m 'Final validation metrics: None'
[36m(vLLMHttpServer pid=1535882)[0m ERROR 07-06 10:02:41 [core_client.py:564] Engine core proc EngineCore_DP0 died unexpectedly, shutting down client.
+ status=0
+ echo QWEN3VL_STAGE3_C2_ZSCORE_PILOT_EXIT_CODE=0
QWEN3VL_STAGE3_C2_ZSCORE_PILOT_EXIT_CODE=0
+ free -h
               total        used        free      shared  buff/cache   available
Mem:           125Gi       2.3Gi        90Gi       289Mi        32Gi       121Gi
Swap:          8.0Gi       164Mi       7.8Gi
+ nvidia-smi
Mon Jul  6 10:02:47 2026       
+-----------------------------------------------------------------------------------------+
| NVIDIA-SMI 580.95.05              Driver Version: 580.95.05      CUDA Version: 13.0     |
+-----------------------------------------+------------------------+----------------------+
| GPU  Name                 Persistence-M | Bus-Id          Disp.A | Volatile Uncorr. ECC |
| Fan  Temp   Perf          Pwr:Usage/Cap |           Memory-Usage | GPU-Util  Compute M. |
|                                         |                        |               MIG M. |
|=========================================+========================+======================|
|   0  NVIDIA H200                    Off |   00000000:C0:00.0 Off |                    0 |
| N/A   45C    P0            207W /  700W |       0MiB / 143771MiB |      2%      Default |
|                                         |                        |             Disabled |
+-----------------------------------------+------------------------+----------------------+

+-----------------------------------------------------------------------------------------+
| Processes:                                                                              |
|  GPU   GI   CI              PID   Type   Process name                        GPU Memory |
|        ID   ID                                                               Usage      |
|=========================================================================================|
|  No running processes found                                                             |
+-----------------------------------------------------------------------------------------+
+ df -h / /data2
Filesystem      Size  Used Avail Use% Mounted on
/dev/sda3       434G   99G  313G  25% /
/dev/nvme1n1p1  7.0T  150G  6.5T   3% /data2
+ exit 0
