+ python --version
Python 3.11.15
+ df -h / /data2
Filesystem      Size  Used Avail Use% Mounted on
/dev/sda3       434G   99G  313G  25% /
/dev/nvme1n1p1  7.0T  150G  6.5T   3% /data2
+ free -h
               total        used        free      shared  buff/cache   available
Mem:           125Gi       2.2Gi        90Gi       225Mi        32Gi       121Gi
Swap:          8.0Gi       164Mi       7.8Gi
+ nvidia-smi
Mon Jul  6 09:02:45 2026       
+-----------------------------------------------------------------------------------------+
| NVIDIA-SMI 580.95.05              Driver Version: 580.95.05      CUDA Version: 13.0     |
+-----------------------------------------+------------------------+----------------------+
| GPU  Name                 Persistence-M | Bus-Id          Disp.A | Volatile Uncorr. ECC |
| Fan  Temp   Perf          Pwr:Usage/Cap |           Memory-Usage | GPU-Util  Compute M. |
|                                         |                        |               MIG M. |
|=========================================+========================+======================|
|   0  NVIDIA H200                    Off |   00000000:C0:00.0 Off |                    0 |
| N/A   42C    P0            204W /  700W |       0MiB / 143771MiB |      2%      Default |
|                                         |                        |             Disabled |
+-----------------------------------------+------------------------+----------------------+

+-----------------------------------------------------------------------------------------+
| Processes:                                                                              |
|  GPU   GI   CI              PID   Type   Process name                        GPU Memory |
|        ID   ID                                                               Usage      |
|=========================================================================================|
|  No running processes found                                                             |
+-----------------------------------------------------------------------------------------+
+ ls -lh /data2/hjk/projects/AI-HiddenState-ER/rl_data/mathverse_qwen3vl_stage3_pilot200_128/mathverse_grpo_train.parquet /data2/hjk/projects/AI-HiddenState-ER/rl_data/mathverse_qwen3vl_stage3_pilot200_128/mathverse_grpo_val.parquet /data2/hjk/projects/AI-HiddenState-ER/scripts/mathverse_qwen3vl_option_gain_reward.py /data2/hjk/projects/AI-HiddenState-ER/scripts/qwen3vl_c2_zscore_reward_manager.py
-rw-rw-r-- 1 hjk hjk 26K Jul  6 03:29 /data2/hjk/projects/AI-HiddenState-ER/rl_data/mathverse_qwen3vl_stage3_pilot200_128/mathverse_grpo_train.parquet
-rw-rw-r-- 1 hjk hjk 21K Jul  6 03:29 /data2/hjk/projects/AI-HiddenState-ER/rl_data/mathverse_qwen3vl_stage3_pilot200_128/mathverse_grpo_val.parquet
-rwxrwxr-x 1 hjk hjk 14K Jul  6 08:25 /data2/hjk/projects/AI-HiddenState-ER/scripts/mathverse_qwen3vl_option_gain_reward.py
-rwxrwxr-x 1 hjk hjk 12K Jul  6 03:12 /data2/hjk/projects/AI-HiddenState-ER/scripts/qwen3vl_c2_zscore_reward_manager.py
+ echo RUN_NAME=qwen3vl8b_stage3_c2_1_vllm_probe_smoke18_wake_seed42
RUN_NAME=qwen3vl8b_stage3_c2_1_vllm_probe_smoke18_wake_seed42
+ echo SEED=42
SEED=42
+ echo MAX_RESPONSE_LENGTH=16384
MAX_RESPONSE_LENGTH=16384
+ echo ROLLOUT_N=2
ROLLOUT_N=2
+ echo TRAIN_BATCH_SIZE=1
TRAIN_BATCH_SIZE=1
+ echo TOTAL_STEPS=18
TOTAL_STEPS=18
+ echo ROLLOUT_ENFORCE_EAGER=False
ROLLOUT_ENFORCE_EAGER=False
+ echo ROLLOUT_ENABLE_CHUNKED_PREFILL=False
ROLLOUT_ENABLE_CHUNKED_PREFILL=False
+ echo ROLLOUT_ENABLE_PREFIX_CACHING=False
ROLLOUT_ENABLE_PREFIX_CACHING=False
+ echo OPTION_GAIN_LAMBDA=0.2
OPTION_GAIN_LAMBDA=0.2
+ echo OPTION_GAIN_RESPONSE_FRACS=0.0,0.25,0.50,0.90
OPTION_GAIN_RESPONSE_FRACS=0.0,0.25,0.50,0.90
+ echo OPTION_GAIN_MAX_RESPONSE_CHARS=4096
OPTION_GAIN_MAX_RESPONSE_CHARS=4096
+ echo VALIDATION_DATA_DIR=/data2/hjk/projects/AI-HiddenState-ER/rl_audit/qwen3vl8b_stage3_c2_1_vllm_probe_smoke18_wake_seed42/validation_generations
VALIDATION_DATA_DIR=/data2/hjk/projects/AI-HiddenState-ER/rl_audit/qwen3vl8b_stage3_c2_1_vllm_probe_smoke18_wake_seed42/validation_generations
+ cd /data2/hjk/projects/verl
+ MAX_MODEL_LEN=20480
+ ROLLOUT_MAX_NUM_BATCHED_TOKENS=20480
+ DEVICE=gpu
+ MODEL_PATH=/data2/hjk/models/huggingface/hub/models--Qwen--Qwen3-VL-8B-Thinking/snapshots/92f3c4b4feadd3a016ef468d103bb5f58b2a2c6b
+ TRAIN_FILE=/data2/hjk/projects/AI-HiddenState-ER/rl_data/mathverse_qwen3vl_stage3_pilot200_128/mathverse_grpo_train.parquet
+ TEST_FILE=/data2/hjk/projects/AI-HiddenState-ER/rl_data/mathverse_qwen3vl_stage3_pilot200_128/mathverse_grpo_val.parquet
+ NDEVICES_PER_NODE=1
+ NNODES=1
+ TRAIN_BATCH_SIZE=1
+ PPO_MINI_BATCH_SIZE=2
+ MAX_PROMPT_LENGTH=4096
+ MAX_RESPONSE_LENGTH=16384
+ PPO_MAX_TOKEN_LEN_PER_GPU=65536
+ ROLLOUT_TP=1
+ ROLLOUT_N=2
+ ROLLOUT_GPU_MEM_UTIL=0.50
+ TOTAL_EPOCHS=1
+ SAVE_FREQ=-1
+ TEST_FREQ=-1
+ PROJECT_NAME=qwen3vl_stage3_pilot
+ EXPERIMENT_NAME=qwen3vl8b_stage3_c2_1_vllm_probe_smoke18_wake_seed42
+ bash examples/grpo_trainer/run_qwen3_vl_8b_fsdp.sh 'trainer.logger=["console"]' trainer.total_training_steps=18 trainer.val_before_train=False trainer.default_local_dir=/data2/hjk/checkpoints/verl_qwen3vl/qwen3vl8b_stage3_c2_1_vllm_probe_smoke18_wake_seed42 trainer.log_val_generations=16 trainer.validation_data_dir=/data2/hjk/projects/AI-HiddenState-ER/rl_audit/qwen3vl8b_stage3_c2_1_vllm_probe_smoke18_wake_seed42/validation_generations reward.num_workers=1 reward.custom_reward_function.path=/data2/hjk/projects/AI-HiddenState-ER/scripts/mathverse_qwen3vl_option_gain_reward.py reward.custom_reward_function.name=compute_score reward.reward_manager.source=importlib reward.reward_manager.module.path=/data2/hjk/projects/AI-HiddenState-ER/scripts/qwen3vl_c2_zscore_reward_manager.py reward.reward_manager.name=Qwen3VLC2ZscoreRewardManager actor_rollout_ref.model.use_fused_kernels=False +actor_rollout_ref.model.override_config.attn_implementation=sdpa actor_rollout_ref.model.lora_rank=8 actor_rollout_ref.model.lora_alpha=16 actor_rollout_ref.model.lora.merge=True 'actor_rollout_ref.model.target_modules=["q_proj","k_proj","v_proj","o_proj","gate_proj","up_proj","down_proj"]' actor_rollout_ref.rollout.temperature=1.0 actor_rollout_ref.rollout.top_p=1.0 actor_rollout_ref.rollout.top_k=-1 actor_rollout_ref.rollout.do_sample=True actor_rollout_ref.rollout.seed=42 actor_rollout_ref.actor.data_loader_seed=42 actor_rollout_ref.actor.fsdp_config.seed=42 actor_rollout_ref.ref.fsdp_config.seed=42 algorithm.use_kl_in_reward=False actor_rollout_ref.actor.use_kl_loss=False actor_rollout_ref.actor.fsdp_config.param_offload=False actor_rollout_ref.actor.fsdp_config.optimizer_offload=False actor_rollout_ref.ref.fsdp_config.param_offload=True actor_rollout_ref.rollout.gpu_memory_utilization=0.50 actor_rollout_ref.rollout.max_model_len=20480 actor_rollout_ref.rollout.max_num_seqs=4 actor_rollout_ref.rollout.max_num_batched_tokens=20480 actor_rollout_ref.rollout.enforce_eager=False actor_rollout_ref.rollout.enable_chunked_prefill=False actor_rollout_ref.rollout.enable_prefix_caching=False data.image_key=images data.dataloader_num_workers=0 data.shuffle=True data.seed=42 data.filter_overlong_prompts=True data.truncation=error
+ DEVICE=gpu
+ MODEL_PATH=/data2/hjk/models/huggingface/hub/models--Qwen--Qwen3-VL-8B-Thinking/snapshots/92f3c4b4feadd3a016ef468d103bb5f58b2a2c6b
+ NNODES=1
+ NDEVICES_PER_NODE=1
+ TRAIN_BATCH_SIZE=1
+ PPO_MINI_BATCH_SIZE=2
+ MAX_PROMPT_LENGTH=4096
+ MAX_RESPONSE_LENGTH=16384
+ PPO_MAX_TOKEN_LEN_PER_GPU=65536
+ ACTOR_LR=1e-6
+ KL_LOSS_COEF=0.01
+ ENTROPY_COEFF=0
+ ROLLOUT_TP=1
+ ROLLOUT_GPU_MEM_UTIL=0.50
+ ROLLOUT_N=2
+ SP_SIZE=1
+ TOTAL_EPOCHS=1
+ SAVE_FREQ=-1
+ TEST_FREQ=-1
+ PROJECT_NAME=qwen3vl_stage3_pilot
+ EXPERIMENT_NAME=qwen3vl8b_stage3_c2_1_vllm_probe_smoke18_wake_seed42
+ TRAIN_FILE=/data2/hjk/projects/AI-HiddenState-ER/rl_data/mathverse_qwen3vl_stage3_pilot200_128/mathverse_grpo_train.parquet
+ TEST_FILE=/data2/hjk/projects/AI-HiddenState-ER/rl_data/mathverse_qwen3vl_stage3_pilot200_128/mathverse_grpo_val.parquet
+ n_devices_per_node=1
+ case "${DEVICE}" in
+ rollout_gpu_mem_util=0.50
+ DATA=(algorithm.adv_estimator=grpo algorithm.use_kl_in_reward=False data.train_files=${TRAIN_FILE} data.val_files=${TEST_FILE} data.image_key=images data.train_batch_size=${TRAIN_BATCH_SIZE} data.max_prompt_length=${MAX_PROMPT_LENGTH} data.max_response_length=${MAX_RESPONSE_LENGTH} data.filter_overlong_prompts=True data.truncation='error')
+ MODEL=(actor_rollout_ref.model.path="$MODEL_PATH" actor_rollout_ref.model.use_remove_padding=True actor_rollout_ref.model.enable_gradient_checkpointing=True)
+ ACTOR=(actor_rollout_ref.actor.strategy=fsdp2 actor_rollout_ref.actor.optim.lr=${ACTOR_LR} actor_rollout_ref.actor.ppo_mini_batch_size=${PPO_MINI_BATCH_SIZE} actor_rollout_ref.actor.use_dynamic_bsz=True actor_rollout_ref.actor.ppo_max_token_len_per_gpu=${PPO_MAX_TOKEN_LEN_PER_GPU} actor_rollout_ref.actor.use_kl_loss=True actor_rollout_ref.actor.kl_loss_coef=${KL_LOSS_COEF} actor_rollout_ref.actor.kl_loss_type=low_var_kl actor_rollout_ref.actor.entropy_coeff=${ENTROPY_COEFF})
+ ROLLOUT=(actor_rollout_ref.rollout.name=vllm actor_rollout_ref.rollout.tensor_model_parallel_size=${ROLLOUT_TP} actor_rollout_ref.rollout.gpu_memory_utilization=${rollout_gpu_mem_util} actor_rollout_ref.rollout.enable_chunked_prefill=False actor_rollout_ref.rollout.n=${ROLLOUT_N} actor_rollout_ref.rollout.log_prob_use_dynamic_bsz=True actor_rollout_ref.rollout.log_prob_max_token_len_per_gpu=${PPO_MAX_TOKEN_LEN_PER_GPU})
+ REF=(actor_rollout_ref.ref.log_prob_use_dynamic_bsz=True actor_rollout_ref.ref.log_prob_max_token_len_per_gpu=${PPO_MAX_TOKEN_LEN_PER_GPU} actor_rollout_ref.ref.fsdp_config.param_offload=True)
+ TRAINER=(trainer.balance_batch=True trainer.logger='["console","wandb"]' trainer.project_name=${PROJECT_NAME} trainer.experiment_name=${EXPERIMENT_NAME} trainer.n_gpus_per_node=${n_devices_per_node} trainer.nnodes=${NNODES} trainer.save_freq=${SAVE_FREQ} trainer.test_freq=${TEST_FREQ} trainer.total_epochs=${TOTAL_EPOCHS})
+ '[' gpu = npu ']'
+ EXTRA=(actor_rollout_ref.model.use_fused_kernels=True actor_rollout_ref.actor.fsdp_config.param_offload=False actor_rollout_ref.actor.fsdp_config.optimizer_offload=False actor_rollout_ref.rollout.enforce_eager=False actor_rollout_ref.rollout.free_cache_engine=True)
+ python3 -m verl.trainer.main_ppo algorithm.adv_estimator=grpo algorithm.use_kl_in_reward=False data.train_files=/data2/hjk/projects/AI-HiddenState-ER/rl_data/mathverse_qwen3vl_stage3_pilot200_128/mathverse_grpo_train.parquet data.val_files=/data2/hjk/projects/AI-HiddenState-ER/rl_data/mathverse_qwen3vl_stage3_pilot200_128/mathverse_grpo_val.parquet data.image_key=images data.train_batch_size=1 data.max_prompt_length=4096 data.max_response_length=16384 data.filter_overlong_prompts=True data.truncation=error actor_rollout_ref.model.path=/data2/hjk/models/huggingface/hub/models--Qwen--Qwen3-VL-8B-Thinking/snapshots/92f3c4b4feadd3a016ef468d103bb5f58b2a2c6b actor_rollout_ref.model.use_remove_padding=True actor_rollout_ref.model.enable_gradient_checkpointing=True actor_rollout_ref.actor.strategy=fsdp2 actor_rollout_ref.actor.optim.lr=1e-6 actor_rollout_ref.actor.ppo_mini_batch_size=2 actor_rollout_ref.actor.use_dynamic_bsz=True actor_rollout_ref.actor.ppo_max_token_len_per_gpu=65536 actor_rollout_ref.actor.use_kl_loss=True actor_rollout_ref.actor.kl_loss_coef=0.01 actor_rollout_ref.actor.kl_loss_type=low_var_kl actor_rollout_ref.actor.entropy_coeff=0 actor_rollout_ref.rollout.name=vllm actor_rollout_ref.rollout.tensor_model_parallel_size=1 actor_rollout_ref.rollout.gpu_memory_utilization=0.50 actor_rollout_ref.rollout.enable_chunked_prefill=False actor_rollout_ref.rollout.n=2 actor_rollout_ref.rollout.log_prob_use_dynamic_bsz=True actor_rollout_ref.rollout.log_prob_max_token_len_per_gpu=65536 actor_rollout_ref.ref.log_prob_use_dynamic_bsz=True actor_rollout_ref.ref.log_prob_max_token_len_per_gpu=65536 actor_rollout_ref.ref.fsdp_config.param_offload=True trainer.balance_batch=True 'trainer.logger=["console","wandb"]' trainer.project_name=qwen3vl_stage3_pilot trainer.experiment_name=qwen3vl8b_stage3_c2_1_vllm_probe_smoke18_wake_seed42 trainer.n_gpus_per_node=1 trainer.nnodes=1 trainer.save_freq=-1 trainer.test_freq=-1 trainer.total_epochs=1 actor_rollout_ref.model.use_fused_kernels=True actor_rollout_ref.actor.fsdp_config.param_offload=False actor_rollout_ref.actor.fsdp_config.optimizer_offload=False actor_rollout_ref.rollout.enforce_eager=False actor_rollout_ref.rollout.free_cache_engine=True 'trainer.logger=["console"]' trainer.total_training_steps=18 trainer.val_before_train=False trainer.default_local_dir=/data2/hjk/checkpoints/verl_qwen3vl/qwen3vl8b_stage3_c2_1_vllm_probe_smoke18_wake_seed42 trainer.log_val_generations=16 trainer.validation_data_dir=/data2/hjk/projects/AI-HiddenState-ER/rl_audit/qwen3vl8b_stage3_c2_1_vllm_probe_smoke18_wake_seed42/validation_generations reward.num_workers=1 reward.custom_reward_function.path=/data2/hjk/projects/AI-HiddenState-ER/scripts/mathverse_qwen3vl_option_gain_reward.py reward.custom_reward_function.name=compute_score reward.reward_manager.source=importlib reward.reward_manager.module.path=/data2/hjk/projects/AI-HiddenState-ER/scripts/qwen3vl_c2_zscore_reward_manager.py reward.reward_manager.name=Qwen3VLC2ZscoreRewardManager actor_rollout_ref.model.use_fused_kernels=False +actor_rollout_ref.model.override_config.attn_implementation=sdpa actor_rollout_ref.model.lora_rank=8 actor_rollout_ref.model.lora_alpha=16 actor_rollout_ref.model.lora.merge=True 'actor_rollout_ref.model.target_modules=["q_proj","k_proj","v_proj","o_proj","gate_proj","up_proj","down_proj"]' actor_rollout_ref.rollout.temperature=1.0 actor_rollout_ref.rollout.top_p=1.0 actor_rollout_ref.rollout.top_k=-1 actor_rollout_ref.rollout.do_sample=True actor_rollout_ref.rollout.seed=42 actor_rollout_ref.actor.data_loader_seed=42 actor_rollout_ref.actor.fsdp_config.seed=42 actor_rollout_ref.ref.fsdp_config.seed=42 algorithm.use_kl_in_reward=False actor_rollout_ref.actor.use_kl_loss=False actor_rollout_ref.actor.fsdp_config.param_offload=False actor_rollout_ref.actor.fsdp_config.optimizer_offload=False actor_rollout_ref.ref.fsdp_config.param_offload=True actor_rollout_ref.rollout.gpu_memory_utilization=0.50 actor_rollout_ref.rollout.max_model_len=20480 actor_rollout_ref.rollout.max_num_seqs=4 actor_rollout_ref.rollout.max_num_batched_tokens=20480 actor_rollout_ref.rollout.enforce_eager=False actor_rollout_ref.rollout.enable_chunked_prefill=False actor_rollout_ref.rollout.enable_prefix_caching=False data.image_key=images data.dataloader_num_workers=0 data.shuffle=True data.seed=42 data.filter_overlong_prompts=True data.truncation=error
/data2/hjk/envs/verl_qwen3vl_py311/lib/python3.11/site-packages/transformers/utils/hub.py:110: FutureWarning: Using `TRANSFORMERS_CACHE` is deprecated and will be removed in v5 of Transformers. Use `HF_HOME` instead.
  warnings.warn(
/data2/hjk/projects/verl/verl/trainer/main_ppo.py:167: UserWarning: Disabled critic as algorithm.adv_estimator != gae. If it is not intended, please set critic.enable=True
  use_critic=need_critic(config),
2026-07-06 09:02:59,055	INFO worker.py:2015 -- Started a local Ray instance. View the dashboard at [1m[32mhttp://127.0.0.1:8265 [39m[22m
[36m(pid=1500822)[0m /data2/hjk/envs/verl_qwen3vl_py311/lib/python3.11/site-packages/transformers/utils/hub.py:110: FutureWarning: Using `TRANSFORMERS_CACHE` is deprecated and will be removed in v5 of Transformers. Use `HF_HOME` instead.
[36m(pid=1500822)[0m   warnings.warn(
[36m(TaskRunnerV1 pid=1500822)[0m /data2/hjk/projects/verl/verl/workers/engine/mindspeed/transformer_impl.py:24: UserWarning: NPU not support router replay for now.
[36m(TaskRunnerV1 pid=1500822)[0m   from verl.utils.megatron.router_replay_patch import RouterReplay
[validate_config] All configuration checks passed successfully!
ray init kwargs: {'num_cpus': None, 'runtime_env': {'env_vars': {'NCCL_DEBUG': 'WARN', 'VLLM_LOGGING_LEVEL': 'WARN', 'VLLM_ALLOW_RUNTIME_LORA_UPDATING': 'true', 'CUDA_DEVICE_MAX_CONNECTIONS': '1', 'VLLM_DISABLE_COMPILE_CACHE': '1', 'HCCL_HOST_SOCKET_PORT_RANGE': 'auto', 'HCCL_NPU_SOCKET_PORT_RANGE': 'auto', 'HSA_NO_SCRATCH_RECLAIM': '1', 'PYTHONHASHSEED': '0', 'VERL_FULL_DETERMINISM': '0', 'VLLM_BATCH_INVARIANT': '0'}, 'working_dir': None}}
[36m(TaskRunnerV1 pid=1500822)[0m {'actor_rollout_ref': {'actor': {'_target_': 'verl.workers.config.FSDPActorConfig',
[36m(TaskRunnerV1 pid=1500822)[0m                                  'calculate_entropy': False,
[36m(TaskRunnerV1 pid=1500822)[0m                                  'calculate_sum_pi_squared': False,
[36m(TaskRunnerV1 pid=1500822)[0m                                  'checkpoint': {'_target_': 'verl.trainer.config.CheckpointConfig',
[36m(TaskRunnerV1 pid=1500822)[0m                                                 'async_save': False,
[36m(TaskRunnerV1 pid=1500822)[0m                                                 'load_contents': ['model',
[36m(TaskRunnerV1 pid=1500822)[0m                                                                   'optimizer',
[36m(TaskRunnerV1 pid=1500822)[0m                                                                   'extra'],
[36m(TaskRunnerV1 pid=1500822)[0m                                                 'save_contents': ['model',
[36m(TaskRunnerV1 pid=1500822)[0m                                                                   'optimizer',
[36m(TaskRunnerV1 pid=1500822)[0m                                                                   'extra'],
[36m(TaskRunnerV1 pid=1500822)[0m                                                 'strict': True},
[36m(TaskRunnerV1 pid=1500822)[0m                                  'clip_ratio': 0.2,
[36m(TaskRunnerV1 pid=1500822)[0m                                  'clip_ratio_c': 3.0,
[36m(TaskRunnerV1 pid=1500822)[0m                                  'clip_ratio_high': 0.2,
[36m(TaskRunnerV1 pid=1500822)[0m                                  'clip_ratio_low': 0.2,
[36m(TaskRunnerV1 pid=1500822)[0m                                  'data_loader_seed': 42,
[36m(TaskRunnerV1 pid=1500822)[0m                                  'entropy_checkpointing': False,
[36m(TaskRunnerV1 pid=1500822)[0m                                  'entropy_coeff': 0,
[36m(TaskRunnerV1 pid=1500822)[0m                                  'entropy_from_logits_chunk_size': 2048,
[36m(TaskRunnerV1 pid=1500822)[0m                                  'entropy_from_logits_with_chunking': False,
[36m(TaskRunnerV1 pid=1500822)[0m                                  'freeze_vision_tower': False,
[36m(TaskRunnerV1 pid=1500822)[0m                                  'fsdp_config': {'_target_': 'verl.workers.config.FSDPEngineConfig',
[36m(TaskRunnerV1 pid=1500822)[0m                                                  'dtype': 'bfloat16',
[36m(TaskRunnerV1 pid=1500822)[0m                                                  'entropy_checkpointing': False,
[36m(TaskRunnerV1 pid=1500822)[0m                                                  'entropy_from_logits_chunk_size': 2048,
[36m(TaskRunnerV1 pid=1500822)[0m                                                  'entropy_from_logits_with_chunking': False,
[36m(TaskRunnerV1 pid=1500822)[0m                                                  'forward_only': False,
[36m(TaskRunnerV1 pid=1500822)[0m                                                  'forward_prefetch': False,
[36m(TaskRunnerV1 pid=1500822)[0m                                                  'fsdp_size': -1,
[36m(TaskRunnerV1 pid=1500822)[0m                                                  'full_determinism': False,
[36m(TaskRunnerV1 pid=1500822)[0m                                                  'model_dtype': 'fp32',
[36m(TaskRunnerV1 pid=1500822)[0m                                                  'offload_policy': False,
[36m(TaskRunnerV1 pid=1500822)[0m                                                  'optimizer_offload': False,
[36m(TaskRunnerV1 pid=1500822)[0m                                                  'param_offload': False,
[36m(TaskRunnerV1 pid=1500822)[0m                                                  'qat': {'_target_': 'verl.workers.config.QATEngineConfig',
[36m(TaskRunnerV1 pid=1500822)[0m                                                          'activation_observer': 'static_minmax',
[36m(TaskRunnerV1 pid=1500822)[0m                                                          'enable': False,
[36m(TaskRunnerV1 pid=1500822)[0m                                                          'group_size': 16,
[36m(TaskRunnerV1 pid=1500822)[0m                                                          'ignore_patterns': ['lm_head',
[36m(TaskRunnerV1 pid=1500822)[0m                                                                              'embed_tokens',
[36m(TaskRunnerV1 pid=1500822)[0m                                                                              're:.*mlp.gate$'],
[36m(TaskRunnerV1 pid=1500822)[0m                                                          'mode': 'w4a16',
[36m(TaskRunnerV1 pid=1500822)[0m                                                          'quantization_config_path': None},
[36m(TaskRunnerV1 pid=1500822)[0m                                                  'reshard_after_forward': True,
[36m(TaskRunnerV1 pid=1500822)[0m                                                  'seed': 42,
[36m(TaskRunnerV1 pid=1500822)[0m                                                  'strategy': 'fsdp',
[36m(TaskRunnerV1 pid=1500822)[0m                                                  'ulysses_sequence_parallel_size': 1,
[36m(TaskRunnerV1 pid=1500822)[0m                                                  'use_orig_params': False,
[36m(TaskRunnerV1 pid=1500822)[0m                                                  'use_torch_compile': True,
[36m(TaskRunnerV1 pid=1500822)[0m                                                  'wrap_policy': {'min_num_params': 0}},
[36m(TaskRunnerV1 pid=1500822)[0m                                  'grad_clip': 1.0,
[36m(TaskRunnerV1 pid=1500822)[0m                                  'kl_loss_coef': 0.01,
[36m(TaskRunnerV1 pid=1500822)[0m                                  'kl_loss_type': 'low_var_kl',
[36m(TaskRunnerV1 pid=1500822)[0m                                  'loss_agg_mode': 'token-mean',
[36m(TaskRunnerV1 pid=1500822)[0m                                  'loss_scale_factor': None,
[36m(TaskRunnerV1 pid=1500822)[0m                                  'optim': {'_target_': 'verl.workers.config.FSDPOptimizerConfig',
[36m(TaskRunnerV1 pid=1500822)[0m                                            'betas': [0.9, 0.999],
[36m(TaskRunnerV1 pid=1500822)[0m                                            'clip_grad': 1.0,
[36m(TaskRunnerV1 pid=1500822)[0m                                            'lr': 1e-06,
[36m(TaskRunnerV1 pid=1500822)[0m                                            'lr_scheduler_type': 'constant',
[36m(TaskRunnerV1 pid=1500822)[0m                                            'lr_warmup_steps': -1,
[36m(TaskRunnerV1 pid=1500822)[0m                                            'lr_warmup_steps_ratio': 0.0,
[36m(TaskRunnerV1 pid=1500822)[0m                                            'min_lr_ratio': 0.0,
[36m(TaskRunnerV1 pid=1500822)[0m                                            'num_cycles': 0.5,
[36m(TaskRunnerV1 pid=1500822)[0m                                            'optimizer': 'AdamW',
[36m(TaskRunnerV1 pid=1500822)[0m                                            'optimizer_impl': 'torch.optim',
[36m(TaskRunnerV1 pid=1500822)[0m                                            'override_optimizer_config': None,
[36m(TaskRunnerV1 pid=1500822)[0m                                            'total_training_steps': -1,
[36m(TaskRunnerV1 pid=1500822)[0m                                            'warmup_style': None,
[36m(TaskRunnerV1 pid=1500822)[0m                                            'weight_decay': 0.01,
[36m(TaskRunnerV1 pid=1500822)[0m                                            'zero_indexed_step': True},
[36m(TaskRunnerV1 pid=1500822)[0m                                  'policy_loss': {'_target_': 'verl.workers.config.PolicyLossConfig',
[36m(TaskRunnerV1 pid=1500822)[0m                                                  'clip_cov_lb': 1.0,
[36m(TaskRunnerV1 pid=1500822)[0m                                                  'clip_cov_ratio': 0.0002,
[36m(TaskRunnerV1 pid=1500822)[0m                                                  'clip_cov_ub': 5.0,
[36m(TaskRunnerV1 pid=1500822)[0m                                                  'kl_cov_ratio': 0.0002,
[36m(TaskRunnerV1 pid=1500822)[0m                                                  'loss_mode': 'vanilla',
[36m(TaskRunnerV1 pid=1500822)[0m                                                  'ppo_kl_coef': 0.1},
[36m(TaskRunnerV1 pid=1500822)[0m                                  'ppo_epochs': 1,
[36m(TaskRunnerV1 pid=1500822)[0m                                  'ppo_max_token_len_per_gpu': 65536,
[36m(TaskRunnerV1 pid=1500822)[0m                                  'ppo_micro_batch_size': None,
[36m(TaskRunnerV1 pid=1500822)[0m                                  'ppo_micro_batch_size_per_gpu': None,
[36m(TaskRunnerV1 pid=1500822)[0m                                  'ppo_mini_batch_size': 2,
[36m(TaskRunnerV1 pid=1500822)[0m                                  'profiler': {'_target_': 'verl.utils.profiler.ProfilerConfig',
[36m(TaskRunnerV1 pid=1500822)[0m                                               'all_ranks': False,
[36m(TaskRunnerV1 pid=1500822)[0m                                               'enable': False,
[36m(TaskRunnerV1 pid=1500822)[0m                                               'ranks': [],
[36m(TaskRunnerV1 pid=1500822)[0m                                               'save_path': 'outputs/profile',
[36m(TaskRunnerV1 pid=1500822)[0m                                               'tool': None,
[36m(TaskRunnerV1 pid=1500822)[0m                                               'tool_config': {'npu': {'_target_': 'verl.utils.profiler.config.NPUToolConfig',
[36m(TaskRunnerV1 pid=1500822)[0m                                                                       'analysis': True,
[36m(TaskRunnerV1 pid=1500822)[0m                                                                       'contents': [],
[36m(TaskRunnerV1 pid=1500822)[0m                                                                       'discrete': False,
[36m(TaskRunnerV1 pid=1500822)[0m                                                                       'level': 'level0'},
[36m(TaskRunnerV1 pid=1500822)[0m                                                               'nsys': {'_target_': 'verl.utils.profiler.config.NsightToolConfig',
[36m(TaskRunnerV1 pid=1500822)[0m                                                                        'discrete': False},
[36m(TaskRunnerV1 pid=1500822)[0m                                                               'precision_debugger': {'_target_': 'verl.utils.profiler.config.PrecisionDebuggerToolConfig',
[36m(TaskRunnerV1 pid=1500822)[0m                                                                                      'config_path': None,
[36m(TaskRunnerV1 pid=1500822)[0m                                                                                      'stages': None,
[36m(TaskRunnerV1 pid=1500822)[0m                                                                                      'steps': None,
[36m(TaskRunnerV1 pid=1500822)[0m                                                                                      'strict': False},
[36m(TaskRunnerV1 pid=1500822)[0m                                                               'torch': {'_target_': 'verl.utils.profiler.config.TorchProfilerToolConfig',
[36m(TaskRunnerV1 pid=1500822)[0m                                                                         'contents': [],
[36m(TaskRunnerV1 pid=1500822)[0m                                                                         'discrete': False},
[36m(TaskRunnerV1 pid=1500822)[0m                                                               'torch_memory': {'_target_': 'verl.utils.profiler.config.TorchMemoryToolConfig',
[36m(TaskRunnerV1 pid=1500822)[0m                                                                                'stack_depth': 32,
[36m(TaskRunnerV1 pid=1500822)[0m                                                                                'trace_alloc_max_entries': 100000}}},
[36m(TaskRunnerV1 pid=1500822)[0m                                  'qat': {'activation_observer': 'static_minmax',
[36m(TaskRunnerV1 pid=1500822)[0m                                          'enable': False,
[36m(TaskRunnerV1 pid=1500822)[0m                                          'group_size': 16,
[36m(TaskRunnerV1 pid=1500822)[0m                                          'ignore_patterns': ['lm_head',
[36m(TaskRunnerV1 pid=1500822)[0m                                                              'embed_tokens',
[36m(TaskRunnerV1 pid=1500822)[0m                                                              're:.*mlp.gate$'],
[36m(TaskRunnerV1 pid=1500822)[0m                                          'mode': 'w4a16',
[36m(TaskRunnerV1 pid=1500822)[0m                                          'quantization_config_path': None},
[36m(TaskRunnerV1 pid=1500822)[0m                                  'rollout_n': 2,
[36m(TaskRunnerV1 pid=1500822)[0m                                  'router_replay': {'_target_': 'verl.workers.config.RouterReplayConfig',
[36m(TaskRunnerV1 pid=1500822)[0m                                                    'mode': 'disabled',
[36m(TaskRunnerV1 pid=1500822)[0m                                                    'record_file': None,
[36m(TaskRunnerV1 pid=1500822)[0m                                                    'replay_file': None},
[36m(TaskRunnerV1 pid=1500822)[0m                                  'shuffle': False,
[36m(TaskRunnerV1 pid=1500822)[0m                                  'strategy': 'fsdp2',
[36m(TaskRunnerV1 pid=1500822)[0m                                  'tau_neg': 1.05,
[36m(TaskRunnerV1 pid=1500822)[0m                                  'tau_pos': 1.0,
[36m(TaskRunnerV1 pid=1500822)[0m                                  'ulysses_sequence_parallel_size': 1,
[36m(TaskRunnerV1 pid=1500822)[0m                                  'use_dynamic_bsz': True,
[36m(TaskRunnerV1 pid=1500822)[0m                                  'use_fused_kernels': False,
[36m(TaskRunnerV1 pid=1500822)[0m                                  'use_kl_loss': False,
[36m(TaskRunnerV1 pid=1500822)[0m                                  'use_prefix_grouper': False,
[36m(TaskRunnerV1 pid=1500822)[0m                                  'use_remove_padding': True,
[36m(TaskRunnerV1 pid=1500822)[0m                                  'use_torch_compile': True},
[36m(TaskRunnerV1 pid=1500822)[0m                        'hybrid_engine': True,
[36m(TaskRunnerV1 pid=1500822)[0m                        'model': {'_target_': 'verl.workers.config.HFModelConfig',
[36m(TaskRunnerV1 pid=1500822)[0m                                  'custom_chat_template': None,
[36m(TaskRunnerV1 pid=1500822)[0m                                  'enable_activation_offload': False,
[36m(TaskRunnerV1 pid=1500822)[0m                                  'enable_gradient_checkpointing': True,
[36m(TaskRunnerV1 pid=1500822)[0m                                  'exclude_modules': None,
[36m(TaskRunnerV1 pid=1500822)[0m                                  'external_lib': None,
[36m(TaskRunnerV1 pid=1500822)[0m                                  'fused_kernel_options': {'impl_backend': 'torch'},
[36m(TaskRunnerV1 pid=1500822)[0m                                  'hf_config_path': None,
[36m(TaskRunnerV1 pid=1500822)[0m                                  'lora': {'a2a_experimental': False,
[36m(TaskRunnerV1 pid=1500822)[0m                                           'adapter_path': None,
[36m(TaskRunnerV1 pid=1500822)[0m                                           'alpha': 32,
[36m(TaskRunnerV1 pid=1500822)[0m                                           'dropout': 0.0,
[36m(TaskRunnerV1 pid=1500822)[0m                                           'dropout_position': 'pre',
[36m(TaskRunnerV1 pid=1500822)[0m                                           'dtype': None,
[36m(TaskRunnerV1 pid=1500822)[0m                                           'exclude_modules': [],
[36m(TaskRunnerV1 pid=1500822)[0m                                           'freeze_language_model': True,
[36m(TaskRunnerV1 pid=1500822)[0m                                           'freeze_vision_model': True,
[36m(TaskRunnerV1 pid=1500822)[0m                                           'freeze_vision_projection': True,
[36m(TaskRunnerV1 pid=1500822)[0m                                           'lora_A_init_method': 'xavier',
[36m(TaskRunnerV1 pid=1500822)[0m                                           'lora_B_init_method': 'zero',
[36m(TaskRunnerV1 pid=1500822)[0m                                           'merge': True,
[36m(TaskRunnerV1 pid=1500822)[0m                                           'rank': 0,
[36m(TaskRunnerV1 pid=1500822)[0m                                           'target_modules': ['linear_qkv',
[36m(TaskRunnerV1 pid=1500822)[0m                                                              'linear_proj',
[36m(TaskRunnerV1 pid=1500822)[0m                                                              'linear_fc1',
[36m(TaskRunnerV1 pid=1500822)[0m                                                              'linear_fc2'],
[36m(TaskRunnerV1 pid=1500822)[0m                                           'type': 'lora'},
[36m(TaskRunnerV1 pid=1500822)[0m                                  'lora_adapter_path': None,
[36m(TaskRunnerV1 pid=1500822)[0m                                  'lora_alpha': 16,
[36m(TaskRunnerV1 pid=1500822)[0m                                  'lora_rank': 8,
[36m(TaskRunnerV1 pid=1500822)[0m                                  'mtp': {'_target_': 'verl.workers.config.MtpConfig',
[36m(TaskRunnerV1 pid=1500822)[0m                                          'detach_encoder': False,
[36m(TaskRunnerV1 pid=1500822)[0m                                          'enable': False,
[36m(TaskRunnerV1 pid=1500822)[0m                                          'enable_rollout': False,
[36m(TaskRunnerV1 pid=1500822)[0m                                          'enable_train': False,
[36m(TaskRunnerV1 pid=1500822)[0m                                          'method': 'mtp',
[36m(TaskRunnerV1 pid=1500822)[0m                                          'mtp_loss_scaling_factor': 0.1,
[36m(TaskRunnerV1 pid=1500822)[0m                                          'num_speculative_tokens': 1,
[36m(TaskRunnerV1 pid=1500822)[0m                                          'speculative_algorithm': 'EAGLE',
[36m(TaskRunnerV1 pid=1500822)[0m                                          'speculative_eagle_topk': 1,
[36m(TaskRunnerV1 pid=1500822)[0m                                          'speculative_num_draft_tokens': 4,
[36m(TaskRunnerV1 pid=1500822)[0m                                          'speculative_num_steps': 3},
[36m(TaskRunnerV1 pid=1500822)[0m                                  'override_config': {'attn_implementation': 'sdpa'},
[36m(TaskRunnerV1 pid=1500822)[0m                                  'path': '/data2/hjk/models/huggingface/hub/models--Qwen--Qwen3-VL-8B-Thinking/snapshots/92f3c4b4feadd3a016ef468d103bb5f58b2a2c6b',
[36m(TaskRunnerV1 pid=1500822)[0m                                  'target_modules': ['q_proj',
[36m(TaskRunnerV1 pid=1500822)[0m                                                     'k_proj',
[36m(TaskRunnerV1 pid=1500822)[0m                                                     'v_proj',
[36m(TaskRunnerV1 pid=1500822)[0m                                                     'o_proj',
[36m(TaskRunnerV1 pid=1500822)[0m                                                     'gate_proj',
[36m(TaskRunnerV1 pid=1500822)[0m                                                     'up_proj',
[36m(TaskRunnerV1 pid=1500822)[0m                                                     'down_proj'],
[36m(TaskRunnerV1 pid=1500822)[0m                                  'tiled_mlp': {'enabled': False,
[36m(TaskRunnerV1 pid=1500822)[0m                                                'num_shards': 4},
[36m(TaskRunnerV1 pid=1500822)[0m                                  'tokenizer_path': None,
[36m(TaskRunnerV1 pid=1500822)[0m                                  'trust_remote_code': False,
[36m(TaskRunnerV1 pid=1500822)[0m                                  'use_fused_kernels': False,
[36m(TaskRunnerV1 pid=1500822)[0m                                  'use_liger': False,
[36m(TaskRunnerV1 pid=1500822)[0m                                  'use_remove_padding': True,
[36m(TaskRunnerV1 pid=1500822)[0m                                  'use_shm': False},
[36m(TaskRunnerV1 pid=1500822)[0m                        'nccl_timeout': 600,
[36m(TaskRunnerV1 pid=1500822)[0m                        'ref': {'_target_': 'verl.workers.config.FSDPActorConfig',
[36m(TaskRunnerV1 pid=1500822)[0m                                'entropy_checkpointing': False,
[36m(TaskRunnerV1 pid=1500822)[0m                                'entropy_from_logits_chunk_size': 2048,
[36m(TaskRunnerV1 pid=1500822)[0m                                'entropy_from_logits_with_chunking': False,
[36m(TaskRunnerV1 pid=1500822)[0m                                'fsdp_config': {'_target_': 'verl.workers.config.FSDPEngineConfig',
[36m(TaskRunnerV1 pid=1500822)[0m                                                'dtype': 'bfloat16',
[36m(TaskRunnerV1 pid=1500822)[0m                                                'entropy_checkpointing': False,
[36m(TaskRunnerV1 pid=1500822)[0m                                                'entropy_from_logits_chunk_size': 2048,
[36m(TaskRunnerV1 pid=1500822)[0m                                                'entropy_from_logits_with_chunking': False,
[36m(TaskRunnerV1 pid=1500822)[0m                                                'forward_only': True,
[36m(TaskRunnerV1 pid=1500822)[0m                                                'forward_prefetch': False,
[36m(TaskRunnerV1 pid=1500822)[0m                                                'fsdp_size': -1,
[36m(TaskRunnerV1 pid=1500822)[0m                                                'full_determinism': False,
[36m(TaskRunnerV1 pid=1500822)[0m                                                'model_dtype': 'fp32',
[36m(TaskRunnerV1 pid=1500822)[0m                                                'offload_policy': False,
[36m(TaskRunnerV1 pid=1500822)[0m                                                'optimizer_offload': False,
[36m(TaskRunnerV1 pid=1500822)[0m                                                'param_offload': True,
[36m(TaskRunnerV1 pid=1500822)[0m                                                'qat': {'_target_': 'verl.workers.config.QATEngineConfig',
[36m(TaskRunnerV1 pid=1500822)[0m                                                        'activation_observer': 'static_minmax',
[36m(TaskRunnerV1 pid=1500822)[0m                                                        'enable': False,
[36m(TaskRunnerV1 pid=1500822)[0m                                                        'group_size': 16,
[36m(TaskRunnerV1 pid=1500822)[0m                                                        'ignore_patterns': ['lm_head',
[36m(TaskRunnerV1 pid=1500822)[0m                                                                            'embed_tokens',
[36m(TaskRunnerV1 pid=1500822)[0m                                                                            're:.*mlp.gate$'],
[36m(TaskRunnerV1 pid=1500822)[0m                                                        'mode': 'w4a16',
[36m(TaskRunnerV1 pid=1500822)[0m                                                        'quantization_config_path': None},
[36m(TaskRunnerV1 pid=1500822)[0m                                                'reshard_after_forward': True,
[36m(TaskRunnerV1 pid=1500822)[0m                                                'seed': 42,
[36m(TaskRunnerV1 pid=1500822)[0m                                                'strategy': 'fsdp',
[36m(TaskRunnerV1 pid=1500822)[0m                                                'ulysses_sequence_parallel_size': 1,
[36m(TaskRunnerV1 pid=1500822)[0m                                                'use_orig_params': False,
[36m(TaskRunnerV1 pid=1500822)[0m                                                'use_torch_compile': True,
[36m(TaskRunnerV1 pid=1500822)[0m                                                'wrap_policy': {'min_num_params': 0}},
[36m(TaskRunnerV1 pid=1500822)[0m                                'log_prob_max_token_len_per_gpu': 65536,
[36m(TaskRunnerV1 pid=1500822)[0m                                'log_prob_micro_batch_size': None,
[36m(TaskRunnerV1 pid=1500822)[0m                                'log_prob_micro_batch_size_per_gpu': None,
[36m(TaskRunnerV1 pid=1500822)[0m                                'log_prob_use_dynamic_bsz': True,
[36m(TaskRunnerV1 pid=1500822)[0m                                'profiler': {'_target_': 'verl.utils.profiler.ProfilerConfig',
[36m(TaskRunnerV1 pid=1500822)[0m                                             'all_ranks': False,
[36m(TaskRunnerV1 pid=1500822)[0m                                             'enable': False,
[36m(TaskRunnerV1 pid=1500822)[0m                                             'ranks': [],
[36m(TaskRunnerV1 pid=1500822)[0m                                             'save_path': 'outputs/profile',
[36m(TaskRunnerV1 pid=1500822)[0m                                             'tool': None,
[36m(TaskRunnerV1 pid=1500822)[0m                                             'tool_config': {'npu': {'_target_': 'verl.utils.profiler.config.NPUToolConfig',
[36m(TaskRunnerV1 pid=1500822)[0m                                                                     'analysis': True,
[36m(TaskRunnerV1 pid=1500822)[0m                                                                     'contents': [],
[36m(TaskRunnerV1 pid=1500822)[0m                                                                     'discrete': False,
[36m(TaskRunnerV1 pid=1500822)[0m                                                                     'level': 'level0'},
[36m(TaskRunnerV1 pid=1500822)[0m                                                             'nsys': {'_target_': 'verl.utils.profiler.config.NsightToolConfig',
[36m(TaskRunnerV1 pid=1500822)[0m                                                                      'discrete': False},
[36m(TaskRunnerV1 pid=1500822)[0m                                                             'precision_debugger': {'_target_': 'verl.utils.profiler.config.PrecisionDebuggerToolConfig',
[36m(TaskRunnerV1 pid=1500822)[0m                                                                                    'config_path': None,
[36m(TaskRunnerV1 pid=1500822)[0m                                                                                    'stages': None,
[36m(TaskRunnerV1 pid=1500822)[0m                                                                                    'steps': None,
[36m(TaskRunnerV1 pid=1500822)[0m                                                                                    'strict': False},
[36m(TaskRunnerV1 pid=1500822)[0m                                                             'torch': {'_target_': 'verl.utils.profiler.config.TorchProfilerToolConfig',
[36m(TaskRunnerV1 pid=1500822)[0m                                                                       'contents': [],
[36m(TaskRunnerV1 pid=1500822)[0m                                                                       'discrete': False},
[36m(TaskRunnerV1 pid=1500822)[0m                                                             'torch_memory': {'_target_': 'verl.utils.profiler.config.TorchMemoryToolConfig',
[36m(TaskRunnerV1 pid=1500822)[0m                                                                              'stack_depth': 32,
[36m(TaskRunnerV1 pid=1500822)[0m                                                                              'trace_alloc_max_entries': 100000}}},
[36m(TaskRunnerV1 pid=1500822)[0m                                'rollout_n': 2,
[36m(TaskRunnerV1 pid=1500822)[0m                                'router_replay': {'_target_': 'verl.workers.config.RouterReplayConfig',
[36m(TaskRunnerV1 pid=1500822)[0m                                                  'mode': 'disabled',
[36m(TaskRunnerV1 pid=1500822)[0m                                                  'record_file': None,
[36m(TaskRunnerV1 pid=1500822)[0m                                                  'replay_file': None},
[36m(TaskRunnerV1 pid=1500822)[0m                                'strategy': 'fsdp2',
[36m(TaskRunnerV1 pid=1500822)[0m                                'ulysses_sequence_parallel_size': 1,
[36m(TaskRunnerV1 pid=1500822)[0m                                'use_torch_compile': True},
[36m(TaskRunnerV1 pid=1500822)[0m                        'rollout': {'_target_': 'verl.workers.config.RolloutConfig',
[36m(TaskRunnerV1 pid=1500822)[0m                                    'agent': {'_target_': 'verl.workers.config.AgentLoopConfig',
[36m(TaskRunnerV1 pid=1500822)[0m                                              'agent_loop_config_path': None,
[36m(TaskRunnerV1 pid=1500822)[0m                                              'custom_async_server': {'_target_': 'verl.workers.config.CustomAsyncServerConfig',
[36m(TaskRunnerV1 pid=1500822)[0m                                                                      'name': None,
[36m(TaskRunnerV1 pid=1500822)[0m                                                                      'path': None},
[36m(TaskRunnerV1 pid=1500822)[0m                                              'default_agent_loop': 'single_turn_agent',
[36m(TaskRunnerV1 pid=1500822)[0m                                              'num_workers': 8},
[36m(TaskRunnerV1 pid=1500822)[0m                                    'calculate_log_probs': True,
[36m(TaskRunnerV1 pid=1500822)[0m                                    'checkpoint_engine': {'_target_': 'verl.workers.config.CheckpointEngineConfig',
[36m(TaskRunnerV1 pid=1500822)[0m                                                          'backend': 'naive',
[36m(TaskRunnerV1 pid=1500822)[0m                                                          'custom_backend_module': None,
[36m(TaskRunnerV1 pid=1500822)[0m                                                          'engine_kwargs': {},
[36m(TaskRunnerV1 pid=1500822)[0m                                                          'update_weights_bucket_megabytes': 2048},
[36m(TaskRunnerV1 pid=1500822)[0m                                    'cudagraph_capture_sizes': None,
[36m(TaskRunnerV1 pid=1500822)[0m                                    'data_parallel_size': 1,
[36m(TaskRunnerV1 pid=1500822)[0m                                    'disable_log_stats': True,
[36m(TaskRunnerV1 pid=1500822)[0m                                    'disaggregation': {'bootstrap_port': None,
[36m(TaskRunnerV1 pid=1500822)[0m                                                       'decode_replicas': 1,
[36m(TaskRunnerV1 pid=1500822)[0m                                                       'decode_tensor_model_parallel_size': None,
[36m(TaskRunnerV1 pid=1500822)[0m                                                       'enabled': False,
[36m(TaskRunnerV1 pid=1500822)[0m                                                       'ib_device': None,
[36m(TaskRunnerV1 pid=1500822)[0m                                                       'prefill_replicas': 1,
[36m(TaskRunnerV1 pid=1500822)[0m                                                       'transfer_backend': 'nixl'},
[36m(TaskRunnerV1 pid=1500822)[0m                                    'do_sample': True,
[36m(TaskRunnerV1 pid=1500822)[0m                                    'dtype': 'bfloat16',
[36m(TaskRunnerV1 pid=1500822)[0m                                    'enable_chunked_prefill': False,
[36m(TaskRunnerV1 pid=1500822)[0m                                    'enable_prefix_caching': False,
[36m(TaskRunnerV1 pid=1500822)[0m                                    'enable_rollout_routing_replay': False,
[36m(TaskRunnerV1 pid=1500822)[0m                                    'enforce_eager': False,
[36m(TaskRunnerV1 pid=1500822)[0m                                    'engine_kwargs': {'sglang': {},
[36m(TaskRunnerV1 pid=1500822)[0m                                                      'trtllm': {},
[36m(TaskRunnerV1 pid=1500822)[0m                                                      'vllm': {}},
[36m(TaskRunnerV1 pid=1500822)[0m                                    'expert_parallel_size': 1,
[36m(TaskRunnerV1 pid=1500822)[0m                                    'free_cache_engine': True,
[36m(TaskRunnerV1 pid=1500822)[0m                                    'full_determinism': False,
[36m(TaskRunnerV1 pid=1500822)[0m                                    'gpu_memory_utilization': 0.5,
[36m(TaskRunnerV1 pid=1500822)[0m                                    'ignore_eos': False,
[36m(TaskRunnerV1 pid=1500822)[0m                                    'layered_summon': False,
[36m(TaskRunnerV1 pid=1500822)[0m                                    'load_format': 'dummy',
[36m(TaskRunnerV1 pid=1500822)[0m                                    'log_prob_max_token_len_per_gpu': 65536,
[36m(TaskRunnerV1 pid=1500822)[0m                                    'log_prob_micro_batch_size': None,
[36m(TaskRunnerV1 pid=1500822)[0m                                    'log_prob_micro_batch_size_per_gpu': None,
[36m(TaskRunnerV1 pid=1500822)[0m                                    'log_prob_use_dynamic_bsz': True,
[36m(TaskRunnerV1 pid=1500822)[0m                                    'logprobs_mode': 'processed_logprobs',
[36m(TaskRunnerV1 pid=1500822)[0m                                    'max_model_len': 20480,
[36m(TaskRunnerV1 pid=1500822)[0m                                    'max_num_batched_tokens': 20480,
[36m(TaskRunnerV1 pid=1500822)[0m                                    'max_num_seqs': 4,
[36m(TaskRunnerV1 pid=1500822)[0m                                    'mode': 'async',
[36m(TaskRunnerV1 pid=1500822)[0m                                    'moe_load_balance_metrics_interval': 0,
[36m(TaskRunnerV1 pid=1500822)[0m                                    'mtp': {'_target_': 'verl.workers.config.MtpConfig',
[36m(TaskRunnerV1 pid=1500822)[0m                                            'detach_encoder': False,
[36m(TaskRunnerV1 pid=1500822)[0m                                            'enable': False,
[36m(TaskRunnerV1 pid=1500822)[0m                                            'enable_rollout': False,
[36m(TaskRunnerV1 pid=1500822)[0m                                            'enable_train': False,
[36m(TaskRunnerV1 pid=1500822)[0m                                            'method': 'mtp',
[36m(TaskRunnerV1 pid=1500822)[0m                                            'mtp_loss_scaling_factor': 0.1,
[36m(TaskRunnerV1 pid=1500822)[0m                                            'num_speculative_tokens': 1,
[36m(TaskRunnerV1 pid=1500822)[0m                                            'speculative_algorithm': 'EAGLE',
[36m(TaskRunnerV1 pid=1500822)[0m                                            'speculative_eagle_topk': 1,
[36m(TaskRunnerV1 pid=1500822)[0m                                            'speculative_num_draft_tokens': 4,
[36m(TaskRunnerV1 pid=1500822)[0m                                            'speculative_num_steps': 3},
[36m(TaskRunnerV1 pid=1500822)[0m                                    'multi_stage_wake_up': False,
[36m(TaskRunnerV1 pid=1500822)[0m                                    'multi_turn': {'_target_': 'verl.workers.config.MultiTurnConfig',
[36m(TaskRunnerV1 pid=1500822)[0m                                                   'enable': False,
[36m(TaskRunnerV1 pid=1500822)[0m                                                   'format': 'hermes',
[36m(TaskRunnerV1 pid=1500822)[0m                                                   'function_tool_path': None,
[36m(TaskRunnerV1 pid=1500822)[0m                                                   'max_assistant_turns': None,
[36m(TaskRunnerV1 pid=1500822)[0m                                                   'max_parallel_calls': 1,
[36m(TaskRunnerV1 pid=1500822)[0m                                                   'max_tool_response_length': 256,
[36m(TaskRunnerV1 pid=1500822)[0m                                                   'max_user_turns': None,
[36m(TaskRunnerV1 pid=1500822)[0m                                                   'num_repeat_rollouts': None,
[36m(TaskRunnerV1 pid=1500822)[0m                                                   'tokenization_sanity_check_mode': 'strict',
[36m(TaskRunnerV1 pid=1500822)[0m                                                   'tool_config_path': None,
[36m(TaskRunnerV1 pid=1500822)[0m                                                   'tool_response_truncate_side': 'middle',
[36m(TaskRunnerV1 pid=1500822)[0m                                                   'use_inference_chat_template': False},
[36m(TaskRunnerV1 pid=1500822)[0m                                    'n': 2,
[36m(TaskRunnerV1 pid=1500822)[0m                                    'n_gpus_per_node': 1,
[36m(TaskRunnerV1 pid=1500822)[0m                                    'name': 'vllm',
[36m(TaskRunnerV1 pid=1500822)[0m                                    'nnodes': 0,
[36m(TaskRunnerV1 pid=1500822)[0m                                    'over_sample_rate': 0,
[36m(TaskRunnerV1 pid=1500822)[0m                                    'pipeline_model_parallel_size': 1,
[36m(TaskRunnerV1 pid=1500822)[0m                                    'profiler': {'_target_': 'verl.utils.profiler.ProfilerConfig',
[36m(TaskRunnerV1 pid=1500822)[0m                                                 'all_ranks': False,
[36m(TaskRunnerV1 pid=1500822)[0m                                                 'enable': False,
[36m(TaskRunnerV1 pid=1500822)[0m                                                 'ranks': [],
[36m(TaskRunnerV1 pid=1500822)[0m                                                 'save_path': 'outputs/profile',
[36m(TaskRunnerV1 pid=1500822)[0m                                                 'tool': None,
[36m(TaskRunnerV1 pid=1500822)[0m                                                 'tool_config': {'npu': {'_target_': 'verl.utils.profiler.config.NPUToolConfig',
[36m(TaskRunnerV1 pid=1500822)[0m                                                                         'analysis': True,
[36m(TaskRunnerV1 pid=1500822)[0m                                                                         'contents': [],
[36m(TaskRunnerV1 pid=1500822)[0m                                                                         'discrete': False,
[36m(TaskRunnerV1 pid=1500822)[0m                                                                         'level': 'level0',
[36m(TaskRunnerV1 pid=1500822)[0m                                                                         'profile_token_end': None,
[36m(TaskRunnerV1 pid=1500822)[0m                                                                         'profile_token_start': None},
[36m(TaskRunnerV1 pid=1500822)[0m                                                                 'precision_debugger': {'_target_': 'verl.utils.profiler.config.PrecisionDebuggerToolConfig',
[36m(TaskRunnerV1 pid=1500822)[0m                                                                                        'config_path': None,
[36m(TaskRunnerV1 pid=1500822)[0m                                                                                        'stages': None,
[36m(TaskRunnerV1 pid=1500822)[0m                                                                                        'steps': None,
[36m(TaskRunnerV1 pid=1500822)[0m                                                                                        'strict': False},
[36m(TaskRunnerV1 pid=1500822)[0m                                                                 'torch': {'_target_': 'verl.utils.profiler.config.TorchProfilerToolConfig',
[36m(TaskRunnerV1 pid=1500822)[0m                                                                           'contents': [],
[36m(TaskRunnerV1 pid=1500822)[0m                                                                           'discrete': False,
[36m(TaskRunnerV1 pid=1500822)[0m                                                                           'profile_token_end': None,
[36m(TaskRunnerV1 pid=1500822)[0m                                                                           'profile_token_start': None}}},
[36m(TaskRunnerV1 pid=1500822)[0m                                    'prometheus': {'_target_': 'verl.workers.config.PrometheusConfig',
[36m(TaskRunnerV1 pid=1500822)[0m                                                   'enable': False,
[36m(TaskRunnerV1 pid=1500822)[0m                                                   'file': '/tmp/ray/session_latest/metrics/prometheus/prometheus.yml',
[36m(TaskRunnerV1 pid=1500822)[0m                                                   'port': 9090,
[36m(TaskRunnerV1 pid=1500822)[0m                                                   'served_model_name': '/data2/hjk/models/huggingface/hub/models--Qwen--Qwen3-VL-8B-Thinking/snapshots/92f3c4b4feadd3a016ef468d103bb5f58b2a2c6b'},
[36m(TaskRunnerV1 pid=1500822)[0m                                    'prompt_length': 4096,
[36m(TaskRunnerV1 pid=1500822)[0m                                    'qat': {'_target_': 'verl.workers.config.QATEngineConfig',
[36m(TaskRunnerV1 pid=1500822)[0m                                            'activation_observer': 'static_minmax',
[36m(TaskRunnerV1 pid=1500822)[0m                                            'enable': False,
[36m(TaskRunnerV1 pid=1500822)[0m                                            'group_size': 16,
[36m(TaskRunnerV1 pid=1500822)[0m                                            'ignore_patterns': ['lm_head',
[36m(TaskRunnerV1 pid=1500822)[0m                                                                'embed_tokens',
[36m(TaskRunnerV1 pid=1500822)[0m                                                                're:.*mlp.gate$'],
[36m(TaskRunnerV1 pid=1500822)[0m                                            'mode': 'w4a16',
[36m(TaskRunnerV1 pid=1500822)[0m                                            'quantization_config_path': None},
[36m(TaskRunnerV1 pid=1500822)[0m                                    'quantization': None,
[36m(TaskRunnerV1 pid=1500822)[0m                                    'quantization_config_file': None,
[36m(TaskRunnerV1 pid=1500822)[0m                                    'response_length': 16384,
[36m(TaskRunnerV1 pid=1500822)[0m                                    'scheduling_policy': 'fcfs',
[36m(TaskRunnerV1 pid=1500822)[0m                                    'seed': 42,
[36m(TaskRunnerV1 pid=1500822)[0m                                    'skip_tokenizer_init': True,
[36m(TaskRunnerV1 pid=1500822)[0m                                    'temperature': 1.0,
[36m(TaskRunnerV1 pid=1500822)[0m                                    'tensor_model_parallel_size': 1,
[36m(TaskRunnerV1 pid=1500822)[0m                                    'top_k': -1,
[36m(TaskRunnerV1 pid=1500822)[0m                                    'top_p': 1.0,
[36m(TaskRunnerV1 pid=1500822)[0m                                    'trace': {'_target_': 'verl.workers.config.TraceConfig',
[36m(TaskRunnerV1 pid=1500822)[0m                                              'backend': None,
[36m(TaskRunnerV1 pid=1500822)[0m                                              'experiment_name': 'qwen3vl8b_stage3_c2_1_vllm_probe_smoke18_wake_seed42',
[36m(TaskRunnerV1 pid=1500822)[0m                                              'max_samples_per_step_per_worker': None,
[36m(TaskRunnerV1 pid=1500822)[0m                                              'project_name': 'qwen3vl_stage3_pilot',
[36m(TaskRunnerV1 pid=1500822)[0m                                              'token2text': False},
[36m(TaskRunnerV1 pid=1500822)[0m                                    'val_kwargs': {'_target_': 'verl.workers.config.SamplingConfig',
[36m(TaskRunnerV1 pid=1500822)[0m                                                   'do_sample': False,
[36m(TaskRunnerV1 pid=1500822)[0m                                                   'n': 1,
[36m(TaskRunnerV1 pid=1500822)[0m                                                   'temperature': 0,
[36m(TaskRunnerV1 pid=1500822)[0m                                                   'top_k': -1,
[36m(TaskRunnerV1 pid=1500822)[0m                                                   'top_p': 1.0}}},
[36m(TaskRunnerV1 pid=1500822)[0m  'algorithm': {'_target_': 'verl.trainer.config.AlgoConfig',
[36m(TaskRunnerV1 pid=1500822)[0m                'adv_estimator': 'grpo',
[36m(TaskRunnerV1 pid=1500822)[0m                'gamma': 1.0,
[36m(TaskRunnerV1 pid=1500822)[0m                'kl_ctrl': {'_target_': 'verl.trainer.config.KLControlConfig',
[36m(TaskRunnerV1 pid=1500822)[0m                            'horizon': 10000,
[36m(TaskRunnerV1 pid=1500822)[0m                            'kl_coef': 0.001,
[36m(TaskRunnerV1 pid=1500822)[0m                            'target_kl': 0.1,
[36m(TaskRunnerV1 pid=1500822)[0m                            'type': 'fixed'},
[36m(TaskRunnerV1 pid=1500822)[0m                'kl_penalty': 'kl',
[36m(TaskRunnerV1 pid=1500822)[0m                'lam': 1.0,
[36m(TaskRunnerV1 pid=1500822)[0m                'norm_adv_by_std_in_grpo': True,
[36m(TaskRunnerV1 pid=1500822)[0m                'pf_ppo': {'reweight_method': 'pow', 'weight_pow': 2.0},
[36m(TaskRunnerV1 pid=1500822)[0m                'rollout_correction': {'bypass_mode': False,
[36m(TaskRunnerV1 pid=1500822)[0m                                       'loss_type': 'ppo_clip',
[36m(TaskRunnerV1 pid=1500822)[0m                                       'rollout_is': None,
[36m(TaskRunnerV1 pid=1500822)[0m                                       'rollout_is_batch_normalize': False,
[36m(TaskRunnerV1 pid=1500822)[0m                                       'rollout_is_threshold': 2.0,
[36m(TaskRunnerV1 pid=1500822)[0m                                       'rollout_rs': None,
[36m(TaskRunnerV1 pid=1500822)[0m                                       'rollout_rs_threshold': None},
[36m(TaskRunnerV1 pid=1500822)[0m                'use_kl_in_reward': False,
[36m(TaskRunnerV1 pid=1500822)[0m                'use_pf_ppo': False},
[36m(TaskRunnerV1 pid=1500822)[0m  'critic': {'_target_': 'verl.workers.config.FSDPCriticConfig',
[36m(TaskRunnerV1 pid=1500822)[0m             'checkpoint': {'_target_': 'verl.trainer.config.CheckpointConfig',
[36m(TaskRunnerV1 pid=1500822)[0m                            'async_save': False,
[36m(TaskRunnerV1 pid=1500822)[0m                            'load_contents': ['model', 'optimizer', 'extra'],
[36m(TaskRunnerV1 pid=1500822)[0m                            'save_contents': ['model', 'optimizer', 'extra']},
[36m(TaskRunnerV1 pid=1500822)[0m             'cliprange_value': 0.5,
[36m(TaskRunnerV1 pid=1500822)[0m             'data_loader_seed': 42,
[36m(TaskRunnerV1 pid=1500822)[0m             'enable': None,
[36m(TaskRunnerV1 pid=1500822)[0m             'forward_max_token_len_per_gpu': 32768,
[36m(TaskRunnerV1 pid=1500822)[0m             'forward_micro_batch_size': None,
[36m(TaskRunnerV1 pid=1500822)[0m             'forward_micro_batch_size_per_gpu': None,
[36m(TaskRunnerV1 pid=1500822)[0m             'fsdp': {'_target_': 'verl.workers.config.FSDPEngineConfig',
[36m(TaskRunnerV1 pid=1500822)[0m                      'dtype': 'bfloat16',
[36m(TaskRunnerV1 pid=1500822)[0m                      'entropy_checkpointing': False,
[36m(TaskRunnerV1 pid=1500822)[0m                      'entropy_from_logits_chunk_size': 2048,
[36m(TaskRunnerV1 pid=1500822)[0m                      'entropy_from_logits_with_chunking': False,
[36m(TaskRunnerV1 pid=1500822)[0m                      'forward_only': False,
[36m(TaskRunnerV1 pid=1500822)[0m                      'forward_prefetch': False,
[36m(TaskRunnerV1 pid=1500822)[0m                      'fsdp_size': -1,
[36m(TaskRunnerV1 pid=1500822)[0m                      'full_determinism': False,
[36m(TaskRunnerV1 pid=1500822)[0m                      'model_dtype': 'fp32',
[36m(TaskRunnerV1 pid=1500822)[0m                      'offload_policy': False,
[36m(TaskRunnerV1 pid=1500822)[0m                      'optimizer_offload': False,
[36m(TaskRunnerV1 pid=1500822)[0m                      'param_offload': False,
[36m(TaskRunnerV1 pid=1500822)[0m                      'qat': {'_target_': 'verl.workers.config.QATEngineConfig',
[36m(TaskRunnerV1 pid=1500822)[0m                              'activation_observer': 'static_minmax',
[36m(TaskRunnerV1 pid=1500822)[0m                              'enable': False,
[36m(TaskRunnerV1 pid=1500822)[0m                              'group_size': 16,
[36m(TaskRunnerV1 pid=1500822)[0m                              'ignore_patterns': ['lm_head',
[36m(TaskRunnerV1 pid=1500822)[0m                                                  'embed_tokens',
[36m(TaskRunnerV1 pid=1500822)[0m                                                  're:.*mlp.gate$'],
[36m(TaskRunnerV1 pid=1500822)[0m                              'mode': 'w4a16',
[36m(TaskRunnerV1 pid=1500822)[0m                              'quantization_config_path': None},
[36m(TaskRunnerV1 pid=1500822)[0m                      'reshard_after_forward': True,
[36m(TaskRunnerV1 pid=1500822)[0m                      'seed': 42,
[36m(TaskRunnerV1 pid=1500822)[0m                      'strategy': 'fsdp',
[36m(TaskRunnerV1 pid=1500822)[0m                      'ulysses_sequence_parallel_size': 1,
[36m(TaskRunnerV1 pid=1500822)[0m                      'use_orig_params': False,
[36m(TaskRunnerV1 pid=1500822)[0m                      'use_torch_compile': True,
[36m(TaskRunnerV1 pid=1500822)[0m                      'wrap_policy': {'min_num_params': 0}},
[36m(TaskRunnerV1 pid=1500822)[0m             'grad_clip': 1.0,
[36m(TaskRunnerV1 pid=1500822)[0m             'loss_agg_mode': 'token-mean',
[36m(TaskRunnerV1 pid=1500822)[0m             'model': {'_target_': 'verl.workers.config.HFModelConfig',
[36m(TaskRunnerV1 pid=1500822)[0m                       'custom_chat_template': None,
[36m(TaskRunnerV1 pid=1500822)[0m                       'enable_activation_offload': False,
[36m(TaskRunnerV1 pid=1500822)[0m                       'enable_gradient_checkpointing': True,
[36m(TaskRunnerV1 pid=1500822)[0m                       'exclude_modules': None,
[36m(TaskRunnerV1 pid=1500822)[0m                       'external_lib': None,
[36m(TaskRunnerV1 pid=1500822)[0m                       'fused_kernel_options': {'impl_backend': 'torch'},
[36m(TaskRunnerV1 pid=1500822)[0m                       'hf_config_path': None,
[36m(TaskRunnerV1 pid=1500822)[0m                       'lora': {'a2a_experimental': False,
[36m(TaskRunnerV1 pid=1500822)[0m                                'adapter_path': None,
[36m(TaskRunnerV1 pid=1500822)[0m                                'alpha': 32,
[36m(TaskRunnerV1 pid=1500822)[0m                                'dropout': 0.0,
[36m(TaskRunnerV1 pid=1500822)[0m                                'dropout_position': 'pre',
[36m(TaskRunnerV1 pid=1500822)[0m                                'dtype': None,
[36m(TaskRunnerV1 pid=1500822)[0m                                'exclude_modules': [],
[36m(TaskRunnerV1 pid=1500822)[0m                                'freeze_language_model': True,
[36m(TaskRunnerV1 pid=1500822)[0m                                'freeze_vision_model': True,
[36m(TaskRunnerV1 pid=1500822)[0m                                'freeze_vision_projection': True,
[36m(TaskRunnerV1 pid=1500822)[0m                                'lora_A_init_method': 'xavier',
[36m(TaskRunnerV1 pid=1500822)[0m                                'lora_B_init_method': 'zero',
[36m(TaskRunnerV1 pid=1500822)[0m                                'merge': False,
[36m(TaskRunnerV1 pid=1500822)[0m                                'rank': 0,
[36m(TaskRunnerV1 pid=1500822)[0m                                'target_modules': ['linear_qkv',
[36m(TaskRunnerV1 pid=1500822)[0m                                                   'linear_proj',
[36m(TaskRunnerV1 pid=1500822)[0m                                                   'linear_fc1',
[36m(TaskRunnerV1 pid=1500822)[0m                                                   'linear_fc2'],
[36m(TaskRunnerV1 pid=1500822)[0m                                'type': 'lora'},
[36m(TaskRunnerV1 pid=1500822)[0m                       'lora_adapter_path': None,
[36m(TaskRunnerV1 pid=1500822)[0m                       'lora_alpha': 16,
[36m(TaskRunnerV1 pid=1500822)[0m                       'lora_rank': 0,
[36m(TaskRunnerV1 pid=1500822)[0m                       'mtp': {'_target_': 'verl.workers.config.MtpConfig',
[36m(TaskRunnerV1 pid=1500822)[0m                               'detach_encoder': False,
[36m(TaskRunnerV1 pid=1500822)[0m                               'enable': False,
[36m(TaskRunnerV1 pid=1500822)[0m                               'enable_rollout': False,
[36m(TaskRunnerV1 pid=1500822)[0m                               'enable_train': False,
[36m(TaskRunnerV1 pid=1500822)[0m                               'method': 'mtp',
[36m(TaskRunnerV1 pid=1500822)[0m                               'mtp_loss_scaling_factor': 0.1,
[36m(TaskRunnerV1 pid=1500822)[0m                               'num_speculative_tokens': 1,
[36m(TaskRunnerV1 pid=1500822)[0m                               'speculative_algorithm': 'EAGLE',
[36m(TaskRunnerV1 pid=1500822)[0m                               'speculative_eagle_topk': 1,
[36m(TaskRunnerV1 pid=1500822)[0m                               'speculative_num_draft_tokens': 4,
[36m(TaskRunnerV1 pid=1500822)[0m                               'speculative_num_steps': 3},
[36m(TaskRunnerV1 pid=1500822)[0m                       'override_config': {},
[36m(TaskRunnerV1 pid=1500822)[0m                       'path': '~/models/deepseek-llm-7b-chat',
[36m(TaskRunnerV1 pid=1500822)[0m                       'target_modules': 'all-linear',
[36m(TaskRunnerV1 pid=1500822)[0m                       'tiled_mlp': {'enabled': False, 'num_shards': 4},
[36m(TaskRunnerV1 pid=1500822)[0m                       'tokenizer_path': None,
[36m(TaskRunnerV1 pid=1500822)[0m                       'trust_remote_code': False,
[36m(TaskRunnerV1 pid=1500822)[0m                       'use_fused_kernels': False,
[36m(TaskRunnerV1 pid=1500822)[0m                       'use_liger': False,
[36m(TaskRunnerV1 pid=1500822)[0m                       'use_remove_padding': True,
[36m(TaskRunnerV1 pid=1500822)[0m                       'use_shm': False},
[36m(TaskRunnerV1 pid=1500822)[0m             'optim': {'_target_': 'verl.workers.config.FSDPOptimizerConfig',
[36m(TaskRunnerV1 pid=1500822)[0m                       'betas': [0.9, 0.999],
[36m(TaskRunnerV1 pid=1500822)[0m                       'clip_grad': 1.0,
[36m(TaskRunnerV1 pid=1500822)[0m                       'lr': 1e-05,
[36m(TaskRunnerV1 pid=1500822)[0m                       'lr_scheduler_type': 'constant',
[36m(TaskRunnerV1 pid=1500822)[0m                       'lr_warmup_steps': -1,
[36m(TaskRunnerV1 pid=1500822)[0m                       'lr_warmup_steps_ratio': 0.0,
[36m(TaskRunnerV1 pid=1500822)[0m                       'min_lr_ratio': 0.0,
[36m(TaskRunnerV1 pid=1500822)[0m                       'num_cycles': 0.5,
[36m(TaskRunnerV1 pid=1500822)[0m                       'optimizer': 'AdamW',
[36m(TaskRunnerV1 pid=1500822)[0m                       'optimizer_impl': 'torch.optim',
[36m(TaskRunnerV1 pid=1500822)[0m                       'override_optimizer_config': None,
[36m(TaskRunnerV1 pid=1500822)[0m                       'total_training_steps': -1,
[36m(TaskRunnerV1 pid=1500822)[0m                       'warmup_style': None,
[36m(TaskRunnerV1 pid=1500822)[0m                       'weight_decay': 0.01,
[36m(TaskRunnerV1 pid=1500822)[0m                       'zero_indexed_step': True},
[36m(TaskRunnerV1 pid=1500822)[0m             'ppo_epochs': 1,
[36m(TaskRunnerV1 pid=1500822)[0m             'ppo_max_token_len_per_gpu': 32768,
[36m(TaskRunnerV1 pid=1500822)[0m             'ppo_micro_batch_size': None,
[36m(TaskRunnerV1 pid=1500822)[0m             'ppo_micro_batch_size_per_gpu': None,
[36m(TaskRunnerV1 pid=1500822)[0m             'ppo_mini_batch_size': 2,
[36m(TaskRunnerV1 pid=1500822)[0m             'profiler': {'_target_': 'verl.utils.profiler.ProfilerConfig',
[36m(TaskRunnerV1 pid=1500822)[0m                          'all_ranks': False,
[36m(TaskRunnerV1 pid=1500822)[0m                          'enable': False,
[36m(TaskRunnerV1 pid=1500822)[0m                          'ranks': [],
[36m(TaskRunnerV1 pid=1500822)[0m                          'save_path': 'outputs/profile',
[36m(TaskRunnerV1 pid=1500822)[0m                          'tool': None,
[36m(TaskRunnerV1 pid=1500822)[0m                          'tool_config': {'npu': {'_target_': 'verl.utils.profiler.config.NPUToolConfig',
[36m(TaskRunnerV1 pid=1500822)[0m                                                  'analysis': True,
[36m(TaskRunnerV1 pid=1500822)[0m                                                  'contents': [],
[36m(TaskRunnerV1 pid=1500822)[0m                                                  'discrete': False,
[36m(TaskRunnerV1 pid=1500822)[0m                                                  'level': 'level0'},
[36m(TaskRunnerV1 pid=1500822)[0m                                          'nsys': {'_target_': 'verl.utils.profiler.config.NsightToolConfig',
[36m(TaskRunnerV1 pid=1500822)[0m                                                   'discrete': False},
[36m(TaskRunnerV1 pid=1500822)[0m                                          'precision_debugger': {'_target_': 'verl.utils.profiler.config.PrecisionDebuggerToolConfig',
[36m(TaskRunnerV1 pid=1500822)[0m                                                                 'config_path': None,
[36m(TaskRunnerV1 pid=1500822)[0m                                                                 'stages': None,
[36m(TaskRunnerV1 pid=1500822)[0m                                                                 'steps': None,
[36m(TaskRunnerV1 pid=1500822)[0m                                                                 'strict': False},
[36m(TaskRunnerV1 pid=1500822)[0m                                          'torch': {'_target_': 'verl.utils.profiler.config.TorchProfilerToolConfig',
[36m(TaskRunnerV1 pid=1500822)[0m                                                    'contents': [],
[36m(TaskRunnerV1 pid=1500822)[0m                                                    'discrete': False},
[36m(TaskRunnerV1 pid=1500822)[0m                                          'torch_memory': {'_target_': 'verl.utils.profiler.config.TorchMemoryToolConfig',
[36m(TaskRunnerV1 pid=1500822)[0m                                                           'stack_depth': 32,
[36m(TaskRunnerV1 pid=1500822)[0m                                                           'trace_alloc_max_entries': 100000}}},
[36m(TaskRunnerV1 pid=1500822)[0m             'rollout_n': 2,
[36m(TaskRunnerV1 pid=1500822)[0m             'shuffle': False,
[36m(TaskRunnerV1 pid=1500822)[0m             'strategy': 'fsdp',
[36m(TaskRunnerV1 pid=1500822)[0m             'ulysses_sequence_parallel_size': 1,
[36m(TaskRunnerV1 pid=1500822)[0m             'use_dynamic_bsz': True},
[36m(TaskRunnerV1 pid=1500822)[0m  'custom_reward_function': {'name': None, 'path': None},
[36m(TaskRunnerV1 pid=1500822)[0m  'data': {'apply_chat_template_kwargs': {},
[36m(TaskRunnerV1 pid=1500822)[0m           'audio_key': 'audios',
[36m(TaskRunnerV1 pid=1500822)[0m           'continuous_token': {'enable': False, 'model_family': 'auto'},
[36m(TaskRunnerV1 pid=1500822)[0m           'custom_cls': {'name': None, 'path': None},
[36m(TaskRunnerV1 pid=1500822)[0m           'dataloader_num_workers': 0,
[36m(TaskRunnerV1 pid=1500822)[0m           'filter_overlong_prompts': True,
[36m(TaskRunnerV1 pid=1500822)[0m           'filter_overlong_prompts_workers': 1,
[36m(TaskRunnerV1 pid=1500822)[0m           'function_tool_path': None,
[36m(TaskRunnerV1 pid=1500822)[0m           'image_key': 'images',
[36m(TaskRunnerV1 pid=1500822)[0m           'image_patch_size': 14,
[36m(TaskRunnerV1 pid=1500822)[0m           'max_prompt_length': 4096,
[36m(TaskRunnerV1 pid=1500822)[0m           'max_response_length': 16384,
[36m(TaskRunnerV1 pid=1500822)[0m           'mm_processor_kwargs': {},
[36m(TaskRunnerV1 pid=1500822)[0m           'prompt_key': 'prompt',
[36m(TaskRunnerV1 pid=1500822)[0m           'return_full_prompt': False,
[36m(TaskRunnerV1 pid=1500822)[0m           'return_multi_modal_inputs': True,
[36m(TaskRunnerV1 pid=1500822)[0m           'return_raw_chat': True,
[36m(TaskRunnerV1 pid=1500822)[0m           'return_raw_input_ids': False,
[36m(TaskRunnerV1 pid=1500822)[0m           'reward_fn_key': 'data_source',
[36m(TaskRunnerV1 pid=1500822)[0m           'seed': 42,
[36m(TaskRunnerV1 pid=1500822)[0m           'shuffle': True,
[36m(TaskRunnerV1 pid=1500822)[0m           'tokenizer': None,
[36m(TaskRunnerV1 pid=1500822)[0m           'tool_config_path': None,
[36m(TaskRunnerV1 pid=1500822)[0m           'train_batch_size': 1,
[36m(TaskRunnerV1 pid=1500822)[0m           'train_files': '/data2/hjk/projects/AI-HiddenState-ER/rl_data/mathverse_qwen3vl_stage3_pilot200_128/mathverse_grpo_train.parquet',
[36m(TaskRunnerV1 pid=1500822)[0m           'train_max_samples': -1,
[36m(TaskRunnerV1 pid=1500822)[0m           'truncation': 'error',
[36m(TaskRunnerV1 pid=1500822)[0m           'trust_remote_code': False,
[36m(TaskRunnerV1 pid=1500822)[0m           'use_shm': False,
[36m(TaskRunnerV1 pid=1500822)[0m           'val_batch_size': None,
[36m(TaskRunnerV1 pid=1500822)[0m           'val_files': '/data2/hjk/projects/AI-HiddenState-ER/rl_data/mathverse_qwen3vl_stage3_pilot200_128/mathverse_grpo_val.parquet',
[36m(TaskRunnerV1 pid=1500822)[0m           'val_max_samples': -1,
[36m(TaskRunnerV1 pid=1500822)[0m           'validation_shuffle': False,
[36m(TaskRunnerV1 pid=1500822)[0m           'video_key': 'videos'},
[36m(TaskRunnerV1 pid=1500822)[0m  'distillation': {'_target_': 'verl.workers.config.DistillationConfig',
[36m(TaskRunnerV1 pid=1500822)[0m                   'distillation_loss': {'_target_': 'verl.workers.config.DistillationLossConfig',
[36m(TaskRunnerV1 pid=1500822)[0m                                         'clip_ratio': 0.2,
[36m(TaskRunnerV1 pid=1500822)[0m                                         'clip_ratio_high': 0.2,
[36m(TaskRunnerV1 pid=1500822)[0m                                         'clip_ratio_low': 0.2,
[36m(TaskRunnerV1 pid=1500822)[0m                                         'distillation_loss_coef': 1.0,
[36m(TaskRunnerV1 pid=1500822)[0m                                         'log_prob_min_clamp': None,
[36m(TaskRunnerV1 pid=1500822)[0m                                         'loss_max_clamp': None,
[36m(TaskRunnerV1 pid=1500822)[0m                                         'loss_mode': 'k3',
[36m(TaskRunnerV1 pid=1500822)[0m                                         'policy_loss_mode': 'vanilla',
[36m(TaskRunnerV1 pid=1500822)[0m                                         'topk': 32,
[36m(TaskRunnerV1 pid=1500822)[0m                                         'use_policy_gradient': False,
[36m(TaskRunnerV1 pid=1500822)[0m                                         'use_task_rewards': True},
[36m(TaskRunnerV1 pid=1500822)[0m                   'enabled': False,
[36m(TaskRunnerV1 pid=1500822)[0m                   'n_gpus_per_node': 8,
[36m(TaskRunnerV1 pid=1500822)[0m                   'nnodes': 0,
[36m(TaskRunnerV1 pid=1500822)[0m                   'teacher_key': 'data_source',
[36m(TaskRunnerV1 pid=1500822)[0m                   'teacher_models': {'teacher_model': {'_target_': 'verl.workers.config.DistillationTeacherModelConfig',
[36m(TaskRunnerV1 pid=1500822)[0m                                                        'inference': {'_target_': 'verl.workers.config.RolloutConfig',
[36m(TaskRunnerV1 pid=1500822)[0m                                                                      'cudagraph_capture_sizes': None,
[36m(TaskRunnerV1 pid=1500822)[0m                                                                      'data_parallel_size': 1,
[36m(TaskRunnerV1 pid=1500822)[0m                                                                      'disable_log_stats': True,
[36m(TaskRunnerV1 pid=1500822)[0m                                                                      'dtype': 'bfloat16',
[36m(TaskRunnerV1 pid=1500822)[0m                                                                      'enable_chunked_prefill': True,
[36m(TaskRunnerV1 pid=1500822)[0m                                                                      'enable_prefix_caching': True,
[36m(TaskRunnerV1 pid=1500822)[0m                                                                      'enforce_eager': True,
[36m(TaskRunnerV1 pid=1500822)[0m                                                                      'engine_kwargs': {},
[36m(TaskRunnerV1 pid=1500822)[0m                                                                      'expert_parallel_size': 1,
[36m(TaskRunnerV1 pid=1500822)[0m                                                                      'free_cache_engine': True,
[36m(TaskRunnerV1 pid=1500822)[0m                                                                      'gpu_memory_utilization': 0.5,
[36m(TaskRunnerV1 pid=1500822)[0m                                                                      'limit_images': None,
[36m(TaskRunnerV1 pid=1500822)[0m                                                                      'load_format': 'auto',
[36m(TaskRunnerV1 pid=1500822)[0m                                                                      'max_model_len': None,
[36m(TaskRunnerV1 pid=1500822)[0m                                                                      'max_num_batched_tokens': 8192,
[36m(TaskRunnerV1 pid=1500822)[0m                                                                      'max_num_seqs': 1024,
[36m(TaskRunnerV1 pid=1500822)[0m                                                                      'name': 'vllm',
[36m(TaskRunnerV1 pid=1500822)[0m                                                                      'prompt_length': 4096,
[36m(TaskRunnerV1 pid=1500822)[0m                                                                      'response_length': 16384,
[36m(TaskRunnerV1 pid=1500822)[0m                                                                      'skip_tokenizer_init': True,
[36m(TaskRunnerV1 pid=1500822)[0m                                                                      'temperature': 1.0,
[36m(TaskRunnerV1 pid=1500822)[0m                                                                      'tensor_model_parallel_size': 2},
[36m(TaskRunnerV1 pid=1500822)[0m                                                        'key': None,
[36m(TaskRunnerV1 pid=1500822)[0m                                                        'model_path': None,
[36m(TaskRunnerV1 pid=1500822)[0m                                                        'num_replicas': 0}}},
[36m(TaskRunnerV1 pid=1500822)[0m  'global_profiler': {'_target_': 'verl.utils.profiler.ProfilerConfig',
[36m(TaskRunnerV1 pid=1500822)[0m                      'global_tool_config': {'nsys': {'_target_': 'verl.utils.profiler.config.NsightToolConfig',
[36m(TaskRunnerV1 pid=1500822)[0m                                                      'controller_nsight_options': {'cuda-graph-trace': 'graph',
[36m(TaskRunnerV1 pid=1500822)[0m                                                                                    'cuda-memory-usage': 'true',
[36m(TaskRunnerV1 pid=1500822)[0m                                                                                    'trace': 'cuda,nvtx,cublas,ucx'},
[36m(TaskRunnerV1 pid=1500822)[0m                                                      'discrete': False,
[36m(TaskRunnerV1 pid=1500822)[0m                                                      'worker_nsight_options': {'capture-range': 'cudaProfilerApi',
[36m(TaskRunnerV1 pid=1500822)[0m                                                                                'capture-range-end': None,
[36m(TaskRunnerV1 pid=1500822)[0m                                                                                'cuda-graph-trace': 'graph',
[36m(TaskRunnerV1 pid=1500822)[0m                                                                                'cuda-memory-usage': 'true',
[36m(TaskRunnerV1 pid=1500822)[0m                                                                                'kill': 'none',
[36m(TaskRunnerV1 pid=1500822)[0m                                                                                'trace': 'cuda,nvtx,cublas,ucx'}},
[36m(TaskRunnerV1 pid=1500822)[0m                                             'precision_debugger': {'_target_': 'verl.utils.profiler.config.PrecisionDebuggerToolConfig',
[36m(TaskRunnerV1 pid=1500822)[0m                                                                    'config_path': None,
[36m(TaskRunnerV1 pid=1500822)[0m                                                                    'stages': None,
[36m(TaskRunnerV1 pid=1500822)[0m                                                                    'steps': None,
[36m(TaskRunnerV1 pid=1500822)[0m                                                                    'strict': False},
[36m(TaskRunnerV1 pid=1500822)[0m                                             'torch_memory': {'context': 'all',
[36m(TaskRunnerV1 pid=1500822)[0m                                                              'kw_args': {},
[36m(TaskRunnerV1 pid=1500822)[0m                                                              'stack_depth': 32,
[36m(TaskRunnerV1 pid=1500822)[0m                                                              'stacks': 'all',
[36m(TaskRunnerV1 pid=1500822)[0m                                                              'trace_alloc_max_entries': 100000}},
[36m(TaskRunnerV1 pid=1500822)[0m                      'profile_continuous_steps': False,
[36m(TaskRunnerV1 pid=1500822)[0m                      'save_path': 'outputs/profile',
[36m(TaskRunnerV1 pid=1500822)[0m                      'steps': None,
[36m(TaskRunnerV1 pid=1500822)[0m                      'tool': None},
[36m(TaskRunnerV1 pid=1500822)[0m  'model_engine': 'dp',
[36m(TaskRunnerV1 pid=1500822)[0m  'ray_kwargs': {'ray_init': {'num_cpus': None}, 'timeline_json_file': None},
[36m(TaskRunnerV1 pid=1500822)[0m  'reward': {'_target_': 'verl.workers.config.RewardConfig',
[36m(TaskRunnerV1 pid=1500822)[0m             'custom_reward_function': {'name': 'compute_score',
[36m(TaskRunnerV1 pid=1500822)[0m                                        'path': '/data2/hjk/projects/AI-HiddenState-ER/scripts/mathverse_qwen3vl_option_gain_reward.py'},
[36m(TaskRunnerV1 pid=1500822)[0m             'num_workers': 1,
[36m(TaskRunnerV1 pid=1500822)[0m             'reward_manager': {'_target_': 'verl.workers.config.reward.RewardManagerConfig',
[36m(TaskRunnerV1 pid=1500822)[0m                                'module': {'_target_': 'verl.trainer.config.config.ModuleConfig',
[36m(TaskRunnerV1 pid=1500822)[0m                                           'name': 'custom_reward_manager',
[36m(TaskRunnerV1 pid=1500822)[0m                                           'path': '/data2/hjk/projects/AI-HiddenState-ER/scripts/qwen3vl_c2_zscore_reward_manager.py'},
[36m(TaskRunnerV1 pid=1500822)[0m                                'name': 'Qwen3VLC2ZscoreRewardManager',
[36m(TaskRunnerV1 pid=1500822)[0m                                'source': 'importlib'},
[36m(TaskRunnerV1 pid=1500822)[0m             'reward_model': {'_target_': 'verl.workers.config.RewardModelConfig',
[36m(TaskRunnerV1 pid=1500822)[0m                              'enable': False,
[36m(TaskRunnerV1 pid=1500822)[0m                              'enable_resource_pool': False,
[36m(TaskRunnerV1 pid=1500822)[0m                              'model_path': None,
[36m(TaskRunnerV1 pid=1500822)[0m                              'n_gpus_per_node': 8,
[36m(TaskRunnerV1 pid=1500822)[0m                              'nnodes': 0,
[36m(TaskRunnerV1 pid=1500822)[0m                              'rollout': {'_target_': 'verl.workers.config.RolloutConfig',
[36m(TaskRunnerV1 pid=1500822)[0m                                          'cudagraph_capture_sizes': None,
[36m(TaskRunnerV1 pid=1500822)[0m                                          'data_parallel_size': 1,
[36m(TaskRunnerV1 pid=1500822)[0m                                          'disable_log_stats': True,
[36m(TaskRunnerV1 pid=1500822)[0m                                          'disaggregation': {'bootstrap_port': None,
[36m(TaskRunnerV1 pid=1500822)[0m                                                             'decode_replicas': 1,
[36m(TaskRunnerV1 pid=1500822)[0m                                                             'decode_tensor_model_parallel_size': None,
[36m(TaskRunnerV1 pid=1500822)[0m                                                             'enabled': False,
[36m(TaskRunnerV1 pid=1500822)[0m                                                             'ib_device': None,
[36m(TaskRunnerV1 pid=1500822)[0m                                                             'prefill_replicas': 1,
[36m(TaskRunnerV1 pid=1500822)[0m                                                             'transfer_backend': 'nixl'},
[36m(TaskRunnerV1 pid=1500822)[0m                                          'do_sample': True,
[36m(TaskRunnerV1 pid=1500822)[0m                                          'dtype': 'bfloat16',
[36m(TaskRunnerV1 pid=1500822)[0m                                          'enable_chunked_prefill': True,
[36m(TaskRunnerV1 pid=1500822)[0m                                          'enable_prefix_caching': True,
[36m(TaskRunnerV1 pid=1500822)[0m                                          'enforce_eager': True,
[36m(TaskRunnerV1 pid=1500822)[0m                                          'engine_kwargs': {},
[36m(TaskRunnerV1 pid=1500822)[0m                                          'expert_parallel_size': 1,
[36m(TaskRunnerV1 pid=1500822)[0m                                          'free_cache_engine': True,
[36m(TaskRunnerV1 pid=1500822)[0m                                          'full_determinism': False,
[36m(TaskRunnerV1 pid=1500822)[0m                                          'gpu_memory_utilization': 0.5,
[36m(TaskRunnerV1 pid=1500822)[0m                                          'ignore_eos': False,
[36m(TaskRunnerV1 pid=1500822)[0m                                          'layered_summon': False,
[36m(TaskRunnerV1 pid=1500822)[0m                                          'limit_images': None,
[36m(TaskRunnerV1 pid=1500822)[0m                                          'load_format': 'auto',
[36m(TaskRunnerV1 pid=1500822)[0m                                          'max_model_len': None,
[36m(TaskRunnerV1 pid=1500822)[0m                                          'max_num_batched_tokens': 8192,
[36m(TaskRunnerV1 pid=1500822)[0m                                          'max_num_seqs': 1024,
[36m(TaskRunnerV1 pid=1500822)[0m                                          'mtp': None,
[36m(TaskRunnerV1 pid=1500822)[0m                                          'multi_stage_wake_up': False,
[36m(TaskRunnerV1 pid=1500822)[0m                                          'n': 1,
[36m(TaskRunnerV1 pid=1500822)[0m                                          'name': '???',
[36m(TaskRunnerV1 pid=1500822)[0m                                          'pipeline_model_parallel_size': 1,
[36m(TaskRunnerV1 pid=1500822)[0m                                          'prompt_length': 2048,
[36m(TaskRunnerV1 pid=1500822)[0m                                          'quantization': None,
[36m(TaskRunnerV1 pid=1500822)[0m                                          'quantization_config_file': None,
[36m(TaskRunnerV1 pid=1500822)[0m                                          'response_length': 2048,
[36m(TaskRunnerV1 pid=1500822)[0m                                          'scheduling_policy': 'fcfs',
[36m(TaskRunnerV1 pid=1500822)[0m                                          'seed': 42,
[36m(TaskRunnerV1 pid=1500822)[0m                                          'skip_tokenizer_init': False,
[36m(TaskRunnerV1 pid=1500822)[0m                                          'temperature': 1.0,
[36m(TaskRunnerV1 pid=1500822)[0m                                          'tensor_model_parallel_size': 2,
[36m(TaskRunnerV1 pid=1500822)[0m                                          'top_k': -1,
[36m(TaskRunnerV1 pid=1500822)[0m                                          'top_p': 1}},
[36m(TaskRunnerV1 pid=1500822)[0m             'sandbox_fusion': {'_target_': 'verl.workers.config.SandboxFusionConfig',
[36m(TaskRunnerV1 pid=1500822)[0m                                'max_concurrent': 64,
[36m(TaskRunnerV1 pid=1500822)[0m                                'memory_limit_mb': 1024,
[36m(TaskRunnerV1 pid=1500822)[0m                                'url': None}},
[36m(TaskRunnerV1 pid=1500822)[0m  'reward_model': {'enable': None,
[36m(TaskRunnerV1 pid=1500822)[0m                   'enable_resource_pool': None,
[36m(TaskRunnerV1 pid=1500822)[0m                   'model': {'external_lib': None,
[36m(TaskRunnerV1 pid=1500822)[0m                             'path': None,
[36m(TaskRunnerV1 pid=1500822)[0m                             'trust_remote_code': None},
[36m(TaskRunnerV1 pid=1500822)[0m                   'n_gpus_per_node': None,
[36m(TaskRunnerV1 pid=1500822)[0m                   'nnodes': None,
[36m(TaskRunnerV1 pid=1500822)[0m                   'num_workers': None,
[36m(TaskRunnerV1 pid=1500822)[0m                   'reward_loop_class_name': None,
[36m(TaskRunnerV1 pid=1500822)[0m                   'reward_loop_module_path': None,
[36m(TaskRunnerV1 pid=1500822)[0m                   'reward_loop_source': None,
[36m(TaskRunnerV1 pid=1500822)[0m                   'reward_manager': None,
[36m(TaskRunnerV1 pid=1500822)[0m                   'rollout': {'cudagraph_capture_sizes': None,
[36m(TaskRunnerV1 pid=1500822)[0m                               'data_parallel_size': None,
[36m(TaskRunnerV1 pid=1500822)[0m                               'disable_log_stats': None,
[36m(TaskRunnerV1 pid=1500822)[0m                               'dtype': None,
[36m(TaskRunnerV1 pid=1500822)[0m                               'enable_chunked_prefill': None,
[36m(TaskRunnerV1 pid=1500822)[0m                               'enable_prefix_caching': None,
[36m(TaskRunnerV1 pid=1500822)[0m                               'enforce_eager': None,
[36m(TaskRunnerV1 pid=1500822)[0m                               'engine_kwargs': None,
[36m(TaskRunnerV1 pid=1500822)[0m                               'expert_parallel_size': None,
[36m(TaskRunnerV1 pid=1500822)[0m                               'free_cache_engine': None,
[36m(TaskRunnerV1 pid=1500822)[0m                               'gpu_memory_utilization': None,
[36m(TaskRunnerV1 pid=1500822)[0m                               'limit_images': None,
[36m(TaskRunnerV1 pid=1500822)[0m                               'load_format': None,
[36m(TaskRunnerV1 pid=1500822)[0m                               'max_model_len': None,
[36m(TaskRunnerV1 pid=1500822)[0m                               'max_num_batched_tokens': None,
[36m(TaskRunnerV1 pid=1500822)[0m                               'max_num_seqs': None,
[36m(TaskRunnerV1 pid=1500822)[0m                               'name': None,
[36m(TaskRunnerV1 pid=1500822)[0m                               'prompt_length': None,
[36m(TaskRunnerV1 pid=1500822)[0m                               'response_length': None,
[36m(TaskRunnerV1 pid=1500822)[0m                               'skip_tokenizer_init': None,
[36m(TaskRunnerV1 pid=1500822)[0m                               'tensor_model_parallel_size': None}},
[36m(TaskRunnerV1 pid=1500822)[0m  'sandbox_fusion': {'max_concurrent': None,
[36m(TaskRunnerV1 pid=1500822)[0m                     'memory_limit_mb': None,
[36m(TaskRunnerV1 pid=1500822)[0m                     'url': None},
[36m(TaskRunnerV1 pid=1500822)[0m  'skip': {'_target_': 'verl.utils.skip.SkipManagerConfig',[36m(TaskRunnerV1 pid=1500822)[0m /data2/hjk/projects/verl/verl/trainer/ppo/v1/trainer_base.py:116: UserWarning: Disabled critic as algorithm.adv_estimator != gae. If it is not intended, please set critic.enable=True
[36m(TaskRunnerV1 pid=1500822)[0m   self.use_critic = need_critic(self.config)
[36m(TaskRunnerV1 pid=1500822)[0m Filtering prompts longer than 4096 tokens (num_proc=1):   0%|          | 0/200 [00:00<?, ? examples/s]
[36m(TaskRunnerV1 pid=1500822)[0m Filtering prompts longer than 4096 tokens (num_proc=1): 100%|██████████| 200/200 [00:06<00:00, 32.17 examples/s]
[36m(TaskRunnerV1 pid=1500822)[0m Filtering prompts longer than 4096 tokens (num_proc=1): 100%|██████████| 200/200 [00:06<00:00, 31.44 examples/s]
[36m(TaskRunnerV1 pid=1500822)[0m Filtering prompts longer than 4096 tokens (num_proc=1):   0%|          | 0/128 [00:00<?, ? examples/s]
[36m(TaskRunnerV1 pid=1500822)[0m Filtering prompts longer than 4096 tokens (num_proc=1): 100%|██████████| 128/128 [00:02<00:00, 50.85 examples/s]
[36m(TaskRunnerV1 pid=1500822)[0m Filtering prompts longer than 4096 tokens (num_proc=1): 100%|██████████| 128/128 [00:02<00:00, 48.12 examples/s]
[36m(TaskRunnerV1 pid=1500822)[0m INFO:2026-07-06 09:03:25,451:train and validate dataloader initialized, train dataset size: 198, val dataset size: 128
[36m(TaskRunnerV1 pid=1500822)[0m INFO:2026-07-06 09:03:25,451:Total training steps: 18
[36m(TaskRunnerV1 pid=1500822)[0m /data2/hjk/projects/verl/verl/trainer/ppo/v1/trainer_base.py:610: UserWarning: Disabled critic as algorithm.adv_estimator != gae. If it is not intended, please set critic.enable=True
[36m(TaskRunnerV1 pid=1500822)[0m   if need_critic(config):
[36m(TaskRunnerV1 pid=1500822)[0m INFO:2026-07-06 09:03:25,464:worker group kwargs: {'device_name': 'cuda'}
[36m(TaskRunnerV1 pid=1500822)[0m INFO:2026-07-06 09:03:26,483:create worker group dict_keys(['actor_rollout'])
[36m(pid=1502369)[0m /data2/hjk/envs/verl_qwen3vl_py311/lib/python3.11/site-packages/transformers/utils/hub.py:110: FutureWarning: Using `TRANSFORMERS_CACHE` is deprecated and will be removed in v5 of Transformers. Use `HF_HOME` instead.
[36m(pid=1502369)[0m   warnings.warn(
[36m(WorkerDict pid=1502369)[0m /data2/hjk/projects/verl/verl/workers/engine/mindspeed/transformer_impl.py:24: UserWarning: NPU not support router replay for now.
[36m(WorkerDict pid=1502369)[0m   from verl.utils.megatron.router_replay_patch import RouterReplay
[36m(WorkerDict pid=1502369)[0m `torch_dtype` is deprecated! Use `dtype` instead!
[36m(WorkerDict pid=1502369)[0m Loading checkpoint shards:   0%|          | 0/4 [00:00<?, ?it/s]
[36m(WorkerDict pid=1502369)[0m Loading checkpoint shards:  25%|██▌       | 1/4 [00:03<00:11,  3.72s/it]
[36m(WorkerDict pid=1502369)[0m Loading checkpoint shards:  50%|█████     | 2/4 [00:07<00:07,  3.76s/it]
[36m(WorkerDict pid=1502369)[0m Loading checkpoint shards:  75%|███████▌  | 3/4 [00:11<00:03,  3.81s/it]
[36m(WorkerDict pid=1502369)[0m Loading checkpoint shards: 100%|██████████| 4/4 [00:13<00:00,  3.13s/it]Loading checkpoint shards: 100%|██████████| 4/4 [00:13<00:00,  3.36s/it]
[36m(TaskRunnerV1 pid=1500822)[0m INFO:2026-07-06 09:04:01,392:actor and ref model engine initialized
[36m(TaskRunnerV1 pid=1500822)[0m INFO:2026-07-06 09:04:01,465:reward loop manager initialized
[36m(pid=1502995)[0m /data2/hjk/envs/verl_qwen3vl_py311/lib/python3.11/site-packages/transformers/utils/hub.py:110: FutureWarning: Using `TRANSFORMERS_CACHE` is deprecated and will be removed in v5 of Transformers. Use `HF_HOME` instead.
[36m(pid=1502995)[0m   warnings.warn(
[36m(pid=1503059)[0m /data2/hjk/envs/verl_qwen3vl_py311/lib/python3.11/site-packages/transformers/utils/hub.py:110: FutureWarning: Using `TRANSFORMERS_CACHE` is deprecated and will be removed in v5 of Transformers. Use `HF_HOME` instead.
[36m(pid=1503059)[0m   warnings.warn(
[36m(vLLMHttpServer pid=1503059)[0m WARNING:2026-07-06 09:04:13,294:agent loop only support torch and npu profiler, got None
[36m(vLLMHttpServer pid=1503059)[0m INFO:2026-07-06 09:04:13,294:vLLMHttpServer, replica_rank: 0, node_rank: 0, CUDA_VISIBLE_DEVICES: 0, master_address: 202.120.39.159, master_port: 45285, data_parallel_rpc_port: 40635, data_parallel_master_port: 37181
[36m(vLLMHttpServer pid=1503059)[0m INFO:2026-07-06 09:04:13,304:override_generation_config: {'temperature': 1.0, 'top_k': -1, 'top_p': 1.0, 'repetition_penalty': 1.0, 'max_new_tokens': 16384}
[36m(vLLMHttpServer pid=1503059)[0m INFO:2026-07-06 09:04:13,304:enable_sleep_mode: True
[36m(vLLMHttpServer pid=1503059)[0m `torch_dtype` is deprecated! Use `dtype` instead!

[36m(TaskRunnerV1 pid=1500822)[0m           'async_rollout': {'action': 'cache',
[36m(TaskRunnerV1 pid=1500822)[0m                             'dump_dir': '~/.verl/rollout_dump',
[36m(TaskRunnerV1 pid=1500822)[0m                             'enable': False,
[36m(TaskRunnerV1 pid=1500822)[0m                             'steps': []},
[36m(TaskRunnerV1 pid=1500822)[0m           'rollout': {'action': 'cache',
[36m(TaskRunnerV1 pid=1500822)[0m                       'dump_dir': '~/.verl/rollout_dump',
[36m(TaskRunnerV1 pid=1500822)[0m                       'enable': False,
[36m(TaskRunnerV1 pid=1500822)[0m                       'steps': []}},
[36m(TaskRunnerV1 pid=1500822)[0m  'trainer': {'balance_batch': True,
[36m(TaskRunnerV1 pid=1500822)[0m              'critic_warmup': 0,
[36m(TaskRunnerV1 pid=1500822)[0m              'default_hdfs_dir': None,
[36m(TaskRunnerV1 pid=1500822)[0m              'default_local_dir': '/data2/hjk/checkpoints/verl_qwen3vl/qwen3vl8b_stage3_c2_1_vllm_probe_smoke18_wake_seed42',
[36m(TaskRunnerV1 pid=1500822)[0m              'del_local_ckpt_after_load': False,
[36m(TaskRunnerV1 pid=1500822)[0m              'device': 'cuda',
[36m(TaskRunnerV1 pid=1500822)[0m              'esi_redundant_time': 0,
[36m(TaskRunnerV1 pid=1500822)[0m              'experiment_name': 'qwen3vl8b_stage3_c2_1_vllm_probe_smoke18_wake_seed42',
[36m(TaskRunnerV1 pid=1500822)[0m              'log_val_generations': 16,
[36m(TaskRunnerV1 pid=1500822)[0m              'logger': ['console'],
[36m(TaskRunnerV1 pid=1500822)[0m              'max_actor_ckpt_to_keep': None,
[36m(TaskRunnerV1 pid=1500822)[0m              'max_critic_ckpt_to_keep': None,
[36m(TaskRunnerV1 pid=1500822)[0m              'n_gpus_per_node': 1,
[36m(TaskRunnerV1 pid=1500822)[0m              'nnodes': 1,
[36m(TaskRunnerV1 pid=1500822)[0m              'project_name': 'qwen3vl_stage3_pilot',
[36m(TaskRunnerV1 pid=1500822)[0m              'ray_wait_register_center_timeout': 300,
[36m(TaskRunnerV1 pid=1500822)[0m              'resume_from_path': None,
[36m(TaskRunnerV1 pid=1500822)[0m              'resume_mode': 'auto',
[36m(TaskRunnerV1 pid=1500822)[0m              'rollout_data_dir': None,
[36m(TaskRunnerV1 pid=1500822)[0m              'save_freq': -1,
[36m(TaskRunnerV1 pid=1500822)[0m              'test_freq': -1,
[36m(TaskRunnerV1 pid=1500822)[0m              'total_epochs': 1,
[36m(TaskRunnerV1 pid=1500822)[0m              'total_training_steps': 18,
[36m(TaskRunnerV1 pid=1500822)[0m              'use_v1': True,
[36m(TaskRunnerV1 pid=1500822)[0m              'v1': {'colocate_async': {'num_warmup_batches': 1},
[36m(TaskRunnerV1 pid=1500822)[0m                     'sampler': {'custom_sampler': {'name': None, 'path': None},
[36m(TaskRunnerV1 pid=1500822)[0m                                 'max_off_policy_strategy': 'drop',
[36m(TaskRunnerV1 pid=1500822)[0m                                 'max_off_policy_threshold': 8,
[36m(TaskRunnerV1 pid=1500822)[0m                                 'sampler_kwargs': {}},
[36m(TaskRunnerV1 pid=1500822)[0m                     'separate_async': {'num_warmup_batches': 4,
[36m(TaskRunnerV1 pid=1500822)[0m                                        'parameter_sync_step': 4},
[36m(TaskRunnerV1 pid=1500822)[0m                     'sync': {},
[36m(TaskRunnerV1 pid=1500822)[0m                     'trainer_mode': 'sync'},
[36m(TaskRunnerV1 pid=1500822)[0m              'val_before_train': False,
[36m(TaskRunnerV1 pid=1500822)[0m              'val_only': False,
[36m(TaskRunnerV1 pid=1500822)[0m              'validation_data_dir': '/data2/hjk/projects/AI-HiddenState-ER/rl_audit/qwen3vl8b_stage3_c2_1_vllm_probe_smoke18_wake_seed42/validation_generations'},
[36m(TaskRunnerV1 pid=1500822)[0m  'transfer_queue': {'backend': {'MooncakeStore': {'auto_init': False,
[36m(TaskRunnerV1 pid=1500822)[0m                                                   'device_name': '',
[36m(TaskRunnerV1 pid=1500822)[0m                                                   'global_segment_size': 4294967296,
[36m(TaskRunnerV1 pid=1500822)[0m                                                   'local_buffer_size': 1073741824,
[36m(TaskRunnerV1 pid=1500822)[0m                                                   'local_hostname': 'localhost',
[36m(TaskRunnerV1 pid=1500822)[0m                                                   'master_server_address': 'localhost:50124',
[36m(TaskRunnerV1 pid=1500822)[0m                                                   'metadata_server': 'localhost:50123',
[36m(TaskRunnerV1 pid=1500822)[0m                                                   'protocol': 'tcp'},
[36m(TaskRunnerV1 pid=1500822)[0m                                 'SimpleStorage': {'num_data_storage_units': 8,
[36m(TaskRunnerV1 pid=1500822)[0m                                                   'total_storage_size': 100000},
[36m(TaskRunnerV1 pid=1500822)[0m                                 'storage_backend': 'SimpleStorage'},
[36m(TaskRunnerV1 pid=1500822)[0m                     'enable': True,
[36m(TaskRunnerV1 pid=1500822)[0m                     'metrics': {'enabled': False, 'port': 0}}}
[36m(TaskRunnerV1 pid=1500822)[0m Using dataset class: RLHFDataset
[36m(TaskRunnerV1 pid=1500822)[0m dataset len: 200
[36m(TaskRunnerV1 pid=1500822)[0m filter dataset len: 198
[36m(TaskRunnerV1 pid=1500822)[0m Using dataset class: RLHFDataset
[36m(TaskRunnerV1 pid=1500822)[0m dataset len: 128
[36m(TaskRunnerV1 pid=1500822)[0m filter dataset len: 128
[36m(TaskRunnerV1 pid=1500822)[0m colocated worker base class <class 'verl.single_controller.base.worker.Worker'>
[36m(WorkerDict pid=1502369)[0m [Gloo] Rank 0 is connected to 0 peer ranks. Expected number of connected peer ranks is : 0
[36m(WorkerDict pid=1502369)[0m Warning: Failed to set NUMA affinity: libnuma.so: cannot open shared object file: No such file or directory
[36m(WorkerDict pid=1502369)[0m Monkey patch Qwen3VLForConditionalGeneration model forward
[36m(WorkerDict pid=1502369)[0m Monkey patch _flash_attention_forward in transformers.integrations.flash_attention
[36m(WorkerDict pid=1502369)[0m Skipping monkey patch for Qwen3VLForConditionalGeneration as use_fused_kernels is False or fused_kernels_backend is torch
[36m(WorkerDict pid=1502369)[0m PeftModelForCausalLM contains 8.79B parameters
[36m(WorkerDict pid=1502369)[0m Before FSDP, memory allocated (GB): 0.00, memory reserved (GB): 0.00, device memory used/total (GB): 0.51/139.80
[36m(WorkerDict pid=1502369)[0m After FSDP, memory allocated (GB): 32.76, memory reserved (GB): 37.64, device memory used/total (GB): 38.79/139.80
[36m(WorkerDict pid=1502369)[0m Total steps: 18, num_warmup_steps: 0
[36m(WorkerDict pid=1502369)[0m NCCL version 2.27.3+cuda12.9
[36m(WorkerDict pid=1502369)[0m [Gloo] Rank 0 is connected to 0 peer ranks. Expected number of connected peer ranks is : 0
[36m(WorkerDict pid=1502369)[0m [Gloo] Rank 0 is connected to 0 peer ranks. Expected number of connected peer ranks is : 0
[36m(WorkerDict pid=1502369)[0m [Gloo] Rank 0 is connected to 0 peer ranks. Expected number of connected peer ranks is : 0
[36m(TaskRunnerV1 pid=1500822)[0m WARNING 07-06 09:04:04 [api_server.py:1213] LoRA dynamic loading & unloading is enabled in the API server. This should ONLY be used for local development!
[36m(pid=1503059)[0m WARNING 07-06 09:04:12 [api_server.py:1213] LoRA dynamic loading & unloading is enabled in the API server. This should ONLY be used for local development!
[36m(vLLMHttpServer pid=1503059)[0m ['serve',
[36m(vLLMHttpServer pid=1503059)[0m  '/data2/hjk/models/huggingface/hub/models--Qwen--Qwen3-VL-8B-Thinking/snapshots/92f3c4b4feadd3a016ef468d103bb5f58b2a2c6b',
[36m(vLLMHttpServer pid=1503059)[0m  '--dtype',
[36m(vLLMHttpServer pid=1503059)[0m  'bfloat16',
[36m(vLLMHttpServer pid=1503059)[0m  '--load_format',
[36m(vLLMHttpServer pid=1503059)[0m  'dummy',
[36m(vLLMHttpServer pid=1503059)[0m  '--distributed_executor_backend',
[36m(vLLMHttpServer pid=1503059)[0m  'mp',
[36m(vLLMHttpServer pid=1503059)[0m  '--worker_extension_cls',
[36m(vLLMHttpServer pid=1503059)[0m  'verl.workers.rollout.vllm_rollout.utils.vLLMColocateWorkerExtension',[36m(vLLMHttpServer pid=1503059)[0m /data2/hjk/envs/verl_qwen3vl_py311/lib/python3.11/site-packages/transformers/utils/hub.py:110: FutureWarning: Using `TRANSFORMERS_CACHE` is deprecated and will be removed in v5 of Transformers. Use `HF_HOME` instead.
[36m(vLLMHttpServer pid=1503059)[0m   warnings.warn(
[36m(vLLMHttpServer pid=1503059)[0m /data2/hjk/envs/verl_qwen3vl_py311/lib/python3.11/site-packages/transformers/utils/hub.py:110: FutureWarning: Using `TRANSFORMERS_CACHE` is deprecated and will be removed in v5 of Transformers. Use `HF_HOME` instead.
[36m(vLLMHttpServer pid=1503059)[0m   warnings.warn(
[36m(vLLMHttpServer pid=1503059)[0m [1;36m(Worker pid=1503286)[0;0m Capturing CUDA graphs (mixed prefill-decode, PIECEWISE):   0%|          | 0/4 [00:00<?, ?it/s]
[36m(vLLMHttpServer pid=1503059)[0m Capturing CUDA graphs (mixed prefill-decode, PIECEWISE):  75%|███████▌  | 3/4 [00:00<00:00, 22.29it/s]Capturing CUDA graphs (mixed prefill-decode, PIECEWISE): 100%|██████████| 4/4 [00:00<00:00, 21.50it/s]
[36m(vLLMHttpServer pid=1503059)[0m [1;36m(Worker pid=1503286)[0;0m Capturing CUDA graphs (decode, FULL):   0%|          | 0/3 [00:00<?, ?it/s]
[36m(vLLMHttpServer pid=1503059)[0m Capturing CUDA graphs (decode, FULL): 100%|██████████| 3/3 [00:00<00:00, 30.16it/s]
[36m(vLLMHttpServer pid=1503059)[0m INFO:2026-07-06 09:05:16,955:Initializing a V1 LLM engine with config: model='/data2/hjk/models/huggingface/hub/models--Qwen--Qwen3-VL-8B-Thinking/snapshots/92f3c4b4feadd3a016ef468d103bb5f58b2a2c6b', speculative_config=None, tokenizer='/data2/hjk/models/huggingface/hub/models--Qwen--Qwen3-VL-8B-Thinking/snapshots/92f3c4b4feadd3a016ef468d103bb5f58b2a2c6b', skip_tokenizer_init=False, tokenizer_mode=auto, revision=None, tokenizer_revision=None, trust_remote_code=False, dtype=torch.bfloat16, max_seq_len=20480, download_dir=None, load_format=dummy, tensor_parallel_size=1, pipeline_parallel_size=1, data_parallel_size=1, disable_custom_all_reduce=False, quantization=None, enforce_eager=False, kv_cache_dtype=auto, device_config=cuda, structured_outputs_config=StructuredOutputsConfig(backend='auto', disable_fallback=False, disable_any_whitespace=False, disable_additional_properties=False, reasoning_parser=''), observability_config=ObservabilityConfig(show_hidden_metrics_for_version=None, otlp_traces_endpoint=None, collect_detailed_traces=None), seed=42, served_model_name=/data2/hjk/models/huggingface/hub/models--Qwen--Qwen3-VL-8B-Thinking/snapshots/92f3c4b4feadd3a016ef468d103bb5f58b2a2c6b, enable_prefix_caching=False, chunked_prefill_enabled=True, pooler_config=None, compilation_config={"level":3,"debug_dump_path":"","cache_dir":"","backend":"","custom_ops":[],"splitting_ops":["vllm.unified_attention","vllm.unified_attention_with_output","vllm.mamba_mixer2","vllm.mamba_mixer","vllm.short_conv","vllm.linear_attention","vllm.plamo2_mamba_mixer","vllm.gdn_attention","vllm.sparse_attn_indexer"],"use_inductor":true,"compile_sizes":[],"inductor_compile_config":{"enable_auto_functionalized_v2":false},"inductor_passes":{},"cudagraph_mode":[2,1],"use_cudagraph":true,"cudagraph_num_of_warmups":1,"cudagraph_capture_sizes":[8,4,2,1],"cudagraph_copy_inputs":false,"full_cuda_graph":false,"use_inductor_graph_partition":false,"pass_config":{},"max_capture_size":8,"local_cache_dir":null}
[36m(TaskRunnerV1 pid=1500822)[0m INFO:2026-07-06 09:05:17,253:checkpoint engine manager initialized
[36m(TaskRunnerV1 pid=1500822)[0m INFO:2026-07-06 09:05:17,877:Training from scratch
[36m(TaskRunnerV1 pid=1500822)[0m INFO:2026-07-06 09:05:17,878:all initialize finished, ready to fit
[36m(GlobalRequestLoadBalancer pid=1504172)[0m /data2/hjk/envs/verl_qwen3vl_py311/lib/python3.11/site-packages/transformers/utils/hub.py:110: FutureWarning: Using `TRANSFORMERS_CACHE` is deprecated and will be removed in v5 of Transformers. Use `HF_HOME` instead.
[36m(GlobalRequestLoadBalancer pid=1504172)[0m   warnings.warn(
[36m(WorkerDict pid=1502369)[0m INFO:2026-07-06 09:05:43,144:update_weights done, time cost: 1.00s
[36m(TaskRunnerV1 pid=1500822)[0m Training Progress:   0%|          | 0/18 [00:00<?, ?it/s]
[36m(pid=1504847)[0m /data2/hjk/envs/verl_qwen3vl_py311/lib/python3.11/site-packages/transformers/utils/hub.py:110: FutureWarning: Using `TRANSFORMERS_CACHE` is deprecated and will be removed in v5 of Transformers. Use `HF_HOME` instead.
[36m(pid=1504847)[0m   warnings.warn(
[36m(pid=1504851)[0m /data2/hjk/envs/verl_qwen3vl_py311/lib/python3.11/site-packages/transformers/utils/hub.py:110: FutureWarning: Using `TRANSFORMERS_CACHE` is deprecated and will be removed in v5 of Transformers. Use `HF_HOME` instead.
[36m(pid=1504851)[0m   warnings.warn(
[36m(pid=1504850)[0m /data2/hjk/envs/verl_qwen3vl_py311/lib/python3.11/site-packages/transformers/utils/hub.py:110: FutureWarning: Using `TRANSFORMERS_CACHE` is deprecated and will be removed in v5 of Transformers. Use `HF_HOME` instead.
[36m(pid=1504850)[0m   warnings.warn(
[36m(pid=1504848)[0m /data2/hjk/envs/verl_qwen3vl_py311/lib/python3.11/site-packages/transformers/utils/hub.py:110: FutureWarning: Using `TRANSFORMERS_CACHE` is deprecated and will be removed in v5 of Transformers. Use `HF_HOME` instead.
[36m(pid=1504848)[0m   warnings.warn(
[36m(pid=1504854)[0m /data2/hjk/envs/verl_qwen3vl_py311/lib/python3.11/site-packages/transformers/utils/hub.py:110: FutureWarning: Using `TRANSFORMERS_CACHE` is deprecated and will be removed in v5 of Transformers. Use `HF_HOME` instead.
[36m(pid=1504854)[0m   warnings.warn(
[36m(pid=1504849)[0m /data2/hjk/envs/verl_qwen3vl_py311/lib/python3.11/site-packages/transformers/utils/hub.py:110: FutureWarning: Using `TRANSFORMERS_CACHE` is deprecated and will be removed in v5 of Transformers. Use `HF_HOME` instead.
[36m(pid=1504849)[0m   warnings.warn(
[36m(pid=1504853)[0m /data2/hjk/envs/verl_qwen3vl_py311/lib/python3.11/site-packages/transformers/utils/hub.py:110: FutureWarning: Using `TRANSFORMERS_CACHE` is deprecated and will be removed in v5 of Transformers. Use `HF_HOME` instead.
[36m(pid=1504853)[0m   warnings.warn(
[36m(pid=1504852)[0m /data2/hjk/envs/verl_qwen3vl_py311/lib/python3.11/site-packages/transformers/utils/hub.py:110: FutureWarning: Using `TRANSFORMERS_CACHE` is deprecated and will be removed in v5 of Transformers. Use `HF_HOME` instead.
[36m(pid=1504852)[0m   warnings.warn(
[36m(pid=1504848)[0m /data2/hjk/projects/verl/verl/workers/engine/mindspeed/transformer_impl.py:24: UserWarning: NPU not support router replay for now.
[36m(pid=1504848)[0m   from verl.utils.megatron.router_replay_patch import RouterReplay
[36m(pid=1504851)[0m /data2/hjk/projects/verl/verl/workers/engine/mindspeed/transformer_impl.py:24: UserWarning: NPU not support router replay for now.
[36m(pid=1504851)[0m   from verl.utils.megatron.router_replay_patch import RouterReplay
[36m(pid=1504854)[0m /data2/hjk/projects/verl/verl/workers/engine/mindspeed/transformer_impl.py:24: UserWarning: NPU not support router replay for now.
[36m(pid=1504854)[0m   from verl.utils.megatron.router_replay_patch import RouterReplay
[36m(pid=1504850)[0m /data2/hjk/projects/verl/verl/workers/engine/mindspeed/transformer_impl.py:24: UserWarning: NPU not support router replay for now.
[36m(pid=1504850)[0m   from verl.utils.megatron.router_replay_patch import RouterReplay
[36m(pid=1504847)[0m /data2/hjk/projects/verl/verl/workers/engine/mindspeed/transformer_impl.py:24: UserWarning: NPU not support router replay for now.
[36m(pid=1504847)[0m   from verl.utils.megatron.router_replay_patch import RouterReplay
[36m(pid=1504849)[0m /data2/hjk/projects/verl/verl/workers/engine/mindspeed/transformer_impl.py:24: UserWarning: NPU not support router replay for now.
[36m(pid=1504849)[0m   from verl.utils.megatron.router_replay_patch import RouterReplay
[36m(pid=1504853)[0m /data2/hjk/projects/verl/verl/workers/engine/mindspeed/transformer_impl.py:24: UserWarning: NPU not support router replay for now.
[36m(pid=1504853)[0m   from verl.utils.megatron.router_replay_patch import RouterReplay
[36m(pid=1504852)[0m /data2/hjk/projects/verl/verl/workers/engine/mindspeed/transformer_impl.py:24: UserWarning: NPU not support router replay for now.
[36m(pid=1504852)[0m   from verl.utils.megatron.router_replay_patch import RouterReplay
[36m(AgentLoopWorkerTQ pid=1504848)[0m Using blocking ray.get inside async actor. This blocks the event loop. Please use `await` on object ref with asyncio.gather if you want to yield execution to the event loop instead.
[36m(AgentLoopWorkerTQ pid=1504851)[0m Using blocking ray.get inside async actor. This blocks the event loop. Please use `await` on object ref with asyncio.gather if you want to yield execution to the event loop instead.
[36m(AgentLoopWorkerTQ pid=1504854)[0m Using blocking ray.get inside async actor. This blocks the event loop. Please use `await` on object ref with asyncio.gather if you want to yield execution to the event loop instead.
[36m(AgentLoopWorkerTQ pid=1504849)[0m Using blocking ray.get inside async actor. This blocks the event loop. Please use `await` on object ref with asyncio.gather if you want to yield execution to the event loop instead.
[36m(AgentLoopWorkerTQ pid=1504850)[0m Using blocking ray.get inside async actor. This blocks the event loop. Please use `await` on object ref with asyncio.gather if you want to yield execution to the event loop instead.
[36m(AgentLoopWorkerTQ pid=1504853)[0m Using blocking ray.get inside async actor. This blocks the event loop. Please use `await` on object ref with asyncio.gather if you want to yield execution to the event loop instead.
[36m(AgentLoopWorkerTQ pid=1504852)[0m Using blocking ray.get inside async actor. This blocks the event loop. Please use `await` on object ref with asyncio.gather if you want to yield execution to the event loop instead.
[36m(AgentLoopWorkerTQ pid=1504847)[0m Using blocking ray.get inside async actor. This blocks the event loop. Please use `await` on object ref with asyncio.gather if you want to yield execution to the event loop instead.
[36m(WorkerDict pid=1502369)[0m Using blocking ray.get inside async actor. This blocks the event loop. Please use `await` on object ref with asyncio.gather if you want to yield execution to the event loop instead.
[36m(WorkerDict pid=1502369)[0m INFO:2026-07-06 09:06:50,651:update_weights done, time cost: 0.88s

[36m(vLLMHttpServer pid=1503059)[0m  '--max_model_len',
[36m(vLLMHttpServer pid=1503059)[0m  '20480',
[36m(vLLMHttpServer pid=1503059)[0m  '--max_num_seqs',
[36m(vLLMHttpServer pid=1503059)[0m  '4',
[36m(vLLMHttpServer pid=1503059)[0m  '--no-enable-chunked-prefill',
[36m(vLLMHttpServer pid=1503059)[0m  '--max_num_batched_tokens',
[36m(vLLMHttpServer pid=1503059)[0m  '20480',
[36m(vLLMHttpServer pid=1503059)[0m  '--no-enable-prefix-caching',
[36m(vLLMHttpServer pid=1503059)[0m  '--enable_sleep_mode',
[36m(vLLMHttpServer pid=1503059)[0m  '--logprobs_mode',
[36m(vLLMHttpServer pid=1503059)[0m  'processed_logprobs',
[36m(vLLMHttpServer pid=1503059)[0m  '--gpu_memory_utilization',
[36m(vLLMHttpServer pid=1503059)[0m  '0.5',
[36m(vLLMHttpServer pid=1503059)[0m  '--disable_log_stats',
[36m(vLLMHttpServer pid=1503059)[0m  '--tensor_parallel_size',
[36m(vLLMHttpServer pid=1503059)[0m  '1',
[36m(vLLMHttpServer pid=1503059)[0m  '--seed',
[36m(vLLMHttpServer pid=1503059)[0m  '42',
[36m(vLLMHttpServer pid=1503059)[0m  '--override_generation_config',
[36m(vLLMHttpServer pid=1503059)[0m  '{"temperature": 1.0, "top_k": -1, "top_p": 1.0, "repetition_penalty": 1.0, '
[36m(vLLMHttpServer pid=1503059)[0m  '"max_new_tokens": 16384}',
[36m(vLLMHttpServer pid=1503059)[0m  '--hf_overrides',
[36m(vLLMHttpServer pid=1503059)[0m  '{}',
[36m(vLLMHttpServer pid=1503059)[0m  '--scheduling_policy',
[36m(vLLMHttpServer pid=1503059)[0m  'fcfs',
[36m(vLLMHttpServer pid=1503059)[0m  '--compilation_config',
[36m(vLLMHttpServer pid=1503059)[0m  '{"cudagraph_mode": "FULL_AND_PIECEWISE"}']
[36m(vLLMHttpServer pid=1503059)[0m WARNING 07-06 09:04:13 [__init__.py:3036] We must use the `spawn` multiprocessing start method. Overriding VLLM_WORKER_MULTIPROC_METHOD to 'spawn'. See https://docs.vllm.ai/en/latest/usage/troubleshooting.html#python-multiprocessing for more information. Reasons: In a Ray actor and can only be spawned; CUDA is initialized
[36m(vLLMHttpServer pid=1503059)[0m [Gloo] Rank 0 is connected to 0 peer ranks. Expected number of connected peer ranks is : 0
[36m(vLLMHttpServer pid=1503059)[0m [Gloo] Rank 0 is connected to 0 peer ranks. Expected number of connected peer ranks is : 0
[36m(vLLMHttpServer pid=1503059)[0m [Gloo] Rank 0 is connected to 0 peer ranks. Expected number of connected peer ranks is : 0
[36m(vLLMHttpServer pid=1503059)[0m [Gloo] Rank 0 is connected to 0 peer ranks. Expected number of connected peer ranks is : 0
[36m(vLLMHttpServer pid=1503059)[0m [Gloo] Rank 0 is connected to 0 peer ranks. Expected number of connected peer ranks is : 0
[36m(vLLMHttpServer pid=1503059)[0m [Gloo] Rank 0 is connected to 0 peer ranks. Expected number of connected peer ranks is : 0
[36m(vLLMHttpServer pid=1503059)[0m WARNING 07-06 09:05:16 [model.py:1389] Default sampling parameters have been overridden by the model's Hugging Face generation config recommended from the model creator. If this is not intended, please relaunch vLLM instance with `--generation-config vllm`.
[36m(TaskRunnerV1 pid=1500822)[0m LLMServerManager: ['202.120.39.159:33557']
[36m(TaskRunnerV1 pid=1500822)[0m Checkpoint tracker file does not exist: /data2/hjk/checkpoints/verl_qwen3vl/qwen3vl8b_stage3_c2_1_vllm_probe_smoke18_wake_seed42/latest_checkpointed_iteration.txt
[36m(WorkerDict pid=1502369)[0m WARNING 07-06 09:05:18 [api_server.py:1213] LoRA dynamic loading & unloading is enabled in the API server. This should ONLY be used for local development!
[36m(GlobalRequestLoadBalancer pid=1504172)[0m WARNING 07-06 09:05:24 [api_server.py:1213] LoRA dynamic loading & unloading is enabled in the API server. This should ONLY be used for local development!
[36m(AgentLoopWorkerTQ pid=1504848)[0m Using dataset class: RLHFDataset
[36m(AgentLoopWorkerTQ pid=1504851)[0m Using dataset class: RLHFDataset
[36m(AgentLoopWorkerTQ pid=1504849)[0m Using dataset class: RLHFDataset
[36m(AgentLoopWorkerTQ pid=1504854)[0m Using dataset class: RLHFDataset
[36m(AgentLoopWorkerTQ pid=1504850)[0m Using dataset class: RLHFDataset
[36m(AgentLoopWorkerTQ pid=1504853)[0m Using dataset class: RLHFDataset
[36m(AgentLoopWorkerTQ pid=1504852)[0m Using dataset class: RLHFDataset
[36m(AgentLoopWorkerTQ pid=1504847)[0m Using dataset class: RLHFDataset
[36m(AgentLoopWorkerTQ pid=1504847)[0m WARNING 07-06 09:05:53 [api_server.py:1213] LoRA dynamic loading & unloading is enabled in the API server. This should ONLY be used for local development!
[36m(TaskRunnerV1 pid=1500822)[0m [qwen3vl_c2_zscore_v1] diagnostics {'c2_groups_total': 2.0, 'c2_groups_with_nonzero_b_gain_std': 0.0, 'c2_frac_groups_with_nonzero_b_gain_std': 0.0, 'c2_groups_where_b_gain_changes_ranking': 0.0, 'c2_frac_groups_where_b_gain_changes_ranking': 0.0, 'c2_all_same_answer_groups': 2.0, 'c2_all_same_answer_groups_with_b_gain_ranking': 0.0, 'c2_frac_all_same_answer_groups_with_b_gain_ranking': 0.0, 'c2_within_group_corr_answer_b_gain_mean': 0.0}
[36m(TaskRunnerV1 pid=1500822)[0m step:1 - c2_1/option_probe_failed_mean:0.0 - c2_1/option_probe_elapsed_s_mean:1.187676638510311 - c2_1/option_probe_count_mean:4.0 - global_seqlen/min:5255 - global_seqlen/max:5255 - global_seqlen/minmax_diff:0 - global_seqlen/balanced_min:5255 - global_seqlen/balanced_max:5255 - global_seqlen/mean:5255.0 - actor/entropy:0.3776853084564209 - training/rollout_probs_diff_valid:1 - training/rollout_probs_diff_max:0.12189379334449768 - training/rollout_probs_diff_mean:0.004218743648380041 - training/rollout_probs_diff_std:0.009063254110515118 - training/rollout_actor_probs_pearson_corr:0.9994205236434937 - c2_groups_total:2.0 - c2_groups_with_nonzero_b_gain_std:0.0 - c2_frac_groups_with_nonzero_b_gain_std:0.0 - c2_groups_where_b_gain_changes_ranking:0.0 - c2_frac_groups_where_b_gain_changes_ranking:0.0 - c2_all_same_answer_groups:2.0 - c2_all_same_answer_groups_with_b_gain_ranking:0.0 - c2_frac_all_same_answer_groups_with_b_gain_ranking:0.0 - c2_within_group_corr_answer_b_gain_mean:0.0 - rollout_corr/training_ppl:1.2437331676483154 - rollout_corr/training_log_ppl:0.19843587279319763 - rollout_corr/kl:0.000585484376642853 - rollout_corr/k3_kl:0.0005034852074459195 - rollout_corr/rollout_ppl:1.2433643341064453 - rollout_corr/rollout_log_ppl:0.1981772482395172 - rollout_corr/log_ppl_diff:0.0002586096525192261 - rollout_corr/log_ppl_abs_diff:0.0005125850439071655 - rollout_corr/log_ppl_diff_max:0.0015423893928527832 - rollout_corr/log_ppl_diff_min:-0.0005079507827758789 - rollout_corr/ppl_ratio:1.0002589225769043 - rollout_corr/chi2_token:0.0008440017700195312 - rollout_corr/chi2_seq:2.0292322635650635 - actor/pg_clipfrac:np.float64(0.0) - actor/ppo_kl:np.float64(0.0) - actor/pg_clipfrac_lower:np.float64(0.0) - actor/pg_loss:np.float64(0.0) - actor/loss:np.float64(0.0) - actor/grad_norm:np.float64(0.0) - actor/lr:np.float64(1e-06) - actor/perf/max_memory_allocated_gb:np.float64(40.33486557006836) - actor/perf/max_memory_reserved_gb:np.float64(47.759765625) - actor/perf/cpu_memory_used_gb:np.float64(30.80694580078125) - perf/mfu/actor:np.float64(0.06957606811214284) - training/global_step:1 - training/epoch:0 - critic/score/mean:1.0 - critic/score/max:1.0 - critic/score/min:1.0 - critic/rewards/mean:1.0 - critic/rewards/max:1.0 - critic/rewards/min:1.0 - critic/advantages/mean:0.0 - critic/advantages/max:0.0 - critic/advantages/min:0.0 - critic/returns/mean:0.0 - critic/returns/max:0.0 - critic/returns/min:0.0 - response_length/mean:2440.5 - response_length/max:2603.0 - response_length/min:2278.0 - response_length/clip_ratio:0.5 - response_length_non_aborted/mean:2440.5 - response_length_non_aborted/max:2603.0 - response_length_non_aborted/min:2278.0 - response_length_non_aborted/clip_ratio:0.5 - response/aborted_ratio:0.0 - prompt_length/mean:185.0 - prompt_length/max:185.0 - prompt_length/min:185.0 - prompt_length/clip_ratio:1.0 - timing_s/gen:24.736790038004983 - timing_s/c2_vllm_wake:0.05841120902914554 - timing_s/c2_vllm_probe:2.4603778739692643 - timing_s/c2_vllm_sleep:0.5789877069764771 - timing_s/old_log_prob:2.0292205740115605 - timing_s/adv:0.12676572101190686 - timing_s/update_actor:4.0680024530156516 - timing_s/update_weights:25.39538074901793 - timing_s/step:67.15818907297216 - timing_per_token_ms/adv:0.02412287745231339 - timing_per_token_ms/update_actor:0.774120352619534 - timing_per_token_ms/gen:5.0659000692207625 - perf/total_num_tokens:5255 - perf/time_per_step:67.15818907297216 - perf/throughput:78.248089660221 - training/num_turns/mean:np.float64(2.0) - training/num_turns/max:np.int64(2) - training/num_turns/min:np.int64(2) - training/off_policy/trajectory_spans/mean:np.float64(1.0) - training/off_policy/trajectory_spans/max:np.float64(1.0) - training/off_policy/trajectory_spans/min:np.float64(1.0) - training/off_policy/trajectory_staleness/mean:np.float64(0.0) - training/off_policy/trajectory_staleness/max:np.float64(0.0) - training/off_policy/trajectory_staleness/min:np.float64(0.0) - training/off_policy/trajectory_staleness_worst/mean:np.float64(0.0) - training/off_policy/trajectory_staleness_worst/max:np.float64(0.0) - training/off_policy/trajectory_staleness_worst/min:np.float64(0.0)[36m(TaskRunnerV1 pid=1500822)[0m Training Progress:   6%|▌         | 1/18 [01:07<19:02, 67.22s/it]
[36m(WorkerDict pid=1502369)[0m INFO:2026-07-06 09:07:54,446:update_weights done, time cost: 0.92s
[36m(TaskRunnerV1 pid=1500822)[0m Training Progress:  11%|█         | 2/18 [02:11<17:23, 65.21s/it]
[36m(TransferQueueController pid=1501191)[0m 2026-07-06 09:08:10,755 - INFO - transfer_queue.utils.perf_utils - TQ_CONTROLLER_b263e12d: [Performance] Total success requests: 124, Total req/min: 24.68, Total avg process time: 0.0005s; 
[36m(TransferQueueController pid=1501191)[0m Time range: last 5.02 minutes; 
[36m(TransferQueueController pid=1501191)[0m Per-operation statistics: KV_RETRIEVE_META: req_count=40, req/min=7.96, avg_time=0.001140s, max_time=0.001681s, min_time=0.000668s; SET_CUSTOM_META: req_count=24, req/min=4.78, avg_time=0.000050s, max_time=0.000081s, min_time=0.000036s; KV_LIST: req_count=38, req/min=7.56, avg_time=0.000072s, max_time=0.000131s, min_time=0.000048s; NOTIFY_DATA_UPDATE: req_count=16, req/min=3.19, avg_time=0.000439s, max_time=0.000851s, min_time=0.000307s; CLEAR_META: req_count=4, req/min=0.80, avg_time=0.000339s, max_time=0.000348s, min_time=0.000333s; KV_RETRIEVE_KEYS: req_count=2, req/min=0.40, avg_time=0.000074s, max_time=0.000077s, min_time=0.000071s
[36m(SimpleStorageUnit pid=1501259)[0m 2026-07-06 09:08:33,490 - INFO - transfer_queue.utils.perf_utils - TQ_STORAGE_UNIT_a7e2b783: [Performance] Total success requests: 26, Total req/min: 4.86, Total avg process time: 0.0081s; 
[36m(SimpleStorageUnit pid=1501259)[0m Time range: last 5.35 minutes; 
[36m(SimpleStorageUnit pid=1501259)[0m Per-operation statistics: CLEAR_DATA: req_count=3, req/min=0.56, avg_time=0.008483s, max_time=0.008700s, min_time=0.008166s; PUT_DATA: req_count=12, req/min=2.24, avg_time=0.007937s, max_time=0.008478s, min_time=0.007198s; GET_DATA: req_count=11, req/min=2.06, avg_time=0.008252s, max_time=0.008989s, min_time=0.007457s
[36m(SimpleStorageUnit pid=1501262)[0m 2026-07-06 09:08:34,520 - INFO - transfer_queue.utils.perf_utils - TQ_STORAGE_UNIT_37265bc2: [Performance] Total success requests: 23, Total req/min: 4.28, Total avg process time: 0.0079s; 
[36m(SimpleStorageUnit pid=1501262)[0m Time range: last 5.37 minutes; 
[36m(SimpleStorageUnit pid=1501262)[0m Per-operation statistics: PUT_DATA: req_count=11, req/min=2.05, avg_time=0.007845s, max_time=0.008782s, min_time=0.005362s; GET_DATA: req_count=10, req/min=1.86, avg_time=0.007842s, max_time=0.009476s, min_time=0.003146s; CLEAR_DATA: req_count=2, req/min=0.37, avg_time=0.008364s, max_time=0.008477s, min_time=0.008252s
[36m(SimpleStorageUnit pid=1501261)[0m 2026-07-06 09:08:34,807 - INFO - transfer_queue.utils.perf_utils - TQ_STORAGE_UNIT_0269c31f: [Performance] Total success requests: 28, Total req/min: 5.21, Total avg process time: 0.0081s; 
[36m(SimpleStorageUnit pid=1501261)[0m Time range: last 5.37 minutes; 
[36m(SimpleStorageUnit pid=1501261)[0m Per-operation statistics: PUT_DATA: req_count=12, req/min=2.23, avg_time=0.008003s, max_time=0.008569s, min_time=0.007310s; GET_DATA: req_count=13, req/min=2.42, avg_time=0.008142s, max_time=0.008958s, min_time=0.007093s; CLEAR_DATA: req_count=3, req/min=0.56, avg_time=0.008053s, max_time=0.008755s, min_time=0.006954s
[36m(SimpleStorageUnit pid=1501260)[0m 2026-07-06 09:08:38,745 - INFO - transfer_queue.utils.perf_utils - TQ_STORAGE_UNIT_b8bae231: [Performance] Total success requests: 27, Total req/min: 4.96, Total avg process time: 0.0080s; 
[36m(SimpleStorageUnit pid=1501260)[0m Time range: last 5.44 minutes; 
[36m(SimpleStorageUnit pid=1501260)[0m Per-operation statistics: PUT_DATA: req_count=12, req/min=2.21, avg_time=0.007946s, max_time=0.008388s, min_time=0.007405s; GET_DATA: req_count=12, req/min=2.21, avg_time=0.007995s, max_time=0.008433s, min_time=0.006809s; CLEAR_DATA: req_count=3, req/min=0.55, avg_time=0.007992s, max_time=0.008326s, min_time=0.007341s
[36m(WorkerDict pid=1502369)[0m INFO:2026-07-06 09:09:13,884:update_weights done, time cost: 0.98s

[36m(TaskRunnerV1 pid=1500822)[0m [qwen3vl_c2_zscore_v1] diagnostics {'c2_groups_total': 2.0, 'c2_groups_with_nonzero_b_gain_std': 0.0, 'c2_frac_groups_with_nonzero_b_gain_std': 0.0, 'c2_groups_where_b_gain_changes_ranking': 0.0, 'c2_frac_groups_where_b_gain_changes_ranking': 0.0, 'c2_all_same_answer_groups': 2.0, 'c2_all_same_answer_groups_with_b_gain_ranking': 0.0, 'c2_frac_all_same_answer_groups_with_b_gain_ranking': 0.0, 'c2_within_group_corr_answer_b_gain_mean': 0.0}
[36m(TaskRunnerV1 pid=1500822)[0m step:2 - c2_1/option_probe_failed_mean:0.0 - c2_1/option_probe_elapsed_s_mean:1.1504078030120581 - c2_1/option_probe_count_mean:4.0 - global_seqlen/min:6115 - global_seqlen/max:6115 - global_seqlen/minmax_diff:0 - global_seqlen/balanced_min:6115 - global_seqlen/balanced_max:6115 - global_seqlen/mean:6115.0 - actor/entropy:0.3207246661186218 - training/rollout_probs_diff_valid:1 - training/rollout_probs_diff_max:0.062463998794555664 - training/rollout_probs_diff_mean:0.0037566698156297207 - training/rollout_probs_diff_std:0.008590669371187687 - training/rollout_actor_probs_pearson_corr:0.9994224905967712 - c2_groups_total:2.0 - c2_groups_with_nonzero_b_gain_std:0.0 - c2_frac_groups_with_nonzero_b_gain_std:0.0 - c2_groups_where_b_gain_changes_ranking:0.0 - c2_frac_groups_where_b_gain_changes_ranking:0.0 - c2_all_same_answer_groups:2.0 - c2_all_same_answer_groups_with_b_gain_ranking:0.0 - c2_frac_all_same_answer_groups_with_b_gain_ranking:0.0 - c2_within_group_corr_answer_b_gain_mean:0.0 - rollout_corr/training_ppl:1.186954140663147 - rollout_corr/training_log_ppl:0.15873704850673676 - rollout_corr/kl:0.0005133000668138266 - rollout_corr/k3_kl:0.00037264879210852087 - rollout_corr/rollout_ppl:1.1865792274475098 - rollout_corr/rollout_log_ppl:0.1584632694721222 - rollout_corr/log_ppl_diff:0.00027377158403396606 - rollout_corr/log_ppl_abs_diff:0.00027377158403396606 - rollout_corr/log_ppl_diff_max:0.0006402134895324707 - rollout_corr/log_ppl_diff_min:0.0 - rollout_corr/ppl_ratio:1.0002738237380981 - rollout_corr/chi2_token:0.0004633665084838867 - rollout_corr/chi2_seq:-0.4682120680809021 - actor/pg_clipfrac:np.float64(0.0) - actor/ppo_kl:np.float64(0.0) - actor/pg_clipfrac_lower:np.float64(0.0) - actor/pg_loss:np.float64(0.0) - actor/loss:np.float64(0.0) - actor/grad_norm:np.float64(0.0) - actor/lr:np.float64(1e-06) - actor/perf/max_memory_allocated_gb:np.float64(41.76768922805786) - actor/perf/max_memory_reserved_gb:np.float64(52.3984375) - actor/perf/cpu_memory_used_gb:np.float64(31.863483428955078) - perf/mfu/actor:np.float64(0.10498865809928923) - training/global_step:2 - training/epoch:0 - critic/score/mean:1.0 - critic/score/max:1.0 - critic/score/min:1.0 - critic/rewards/mean:1.0 - critic/rewards/max:1.0 - critic/rewards/min:1.0 - critic/advantages/mean:0.0 - critic/advantages/max:0.0 - critic/advantages/min:0.0 - critic/returns/mean:0.0 - critic/returns/max:0.0 - critic/returns/min:0.0 - response_length/mean:2865.5 - response_length/max:3925.0 - response_length/min:1806.0 - response_length/clip_ratio:0.5 - response_length_non_aborted/mean:2865.5 - response_length_non_aborted/max:3925.0 - response_length_non_aborted/min:1806.0 - response_length_non_aborted/clip_ratio:0.5 - response/aborted_ratio:0.0 - prompt_length/mean:190.0 - prompt_length/max:190.0 - prompt_length/min:190.0 - prompt_length/clip_ratio:1.0 - timing_s/gen:30.79642489098478 - timing_s/c2_vllm_wake:0.058149191027041525 - timing_s/c2_vllm_probe:2.3664384740404785 - timing_s/c2_vllm_sleep:0.5421822759672068 - timing_s/old_log_prob:1.2675407330389135 - timing_s/adv:0.11702179600251839 - timing_s/update_actor:3.2067196689895354 - timing_s/update_weights:25.276637087983545 - timing_s/step:63.73644771403633 - timing_per_token_ms/adv:0.01913684317293841 - timing_per_token_ms/update_actor:0.524402235321265 - timing_per_token_ms/gen:5.371781770623545 - perf/total_num_tokens:6115 - perf/time_per_step:63.73644771403633 - perf/throughput:95.94196443824288 - training/num_turns/mean:np.float64(2.0) - training/num_turns/max:np.int64(2) - training/num_turns/min:np.int64(2) - training/off_policy/trajectory_spans/mean:np.float64(1.0) - training/off_policy/trajectory_spans/max:np.float64(1.0) - training/off_policy/trajectory_spans/min:np.float64(1.0) - training/off_policy/trajectory_staleness/mean:np.float64(0.0) - training/off_policy/trajectory_staleness/max:np.float64(0.0) - training/off_policy/trajectory_staleness/min:np.float64(0.0) - training/off_policy/trajectory_staleness_worst/mean:np.float64(0.0) - training/off_policy/trajectory_staleness_worst/max:np.float64(0.0) - training/off_policy/trajectory_staleness_worst/min:np.float64(0.0)
[36m(TaskRunnerV1 pid=1500822)[0m [qwen3vl_c2_zscore_v1] diagnostics {'c2_groups_total': 2.0, 'c2_groups_with_nonzero_b_gain_std': 0.0, 'c2_frac_groups_with_nonzero_b_gain_std': 0.0, 'c2_groups_where_b_gain_changes_ranking': 0.0, 'c2_frac_groups_where_b_gain_changes_ranking': 0.0, 'c2_all_same_answer_groups': 1.0, 'c2_all_same_answer_groups_with_b_gain_ranking': 0.0, 'c2_frac_all_same_answer_groups_with_b_gain_ranking': 0.0, 'c2_within_group_corr_answer_b_gain_mean': 0.0}
[36m(TaskRunnerV1 pid=1500822)[0m step:3 - c2_1/option_probe_failed_mean:0.0 - c2_1/option_probe_elapsed_s_mean:1.2522818305005785 - c2_1/option_probe_count_mean:4.0 - global_seqlen/min:10856 - global_seqlen/max:10856 - global_seqlen/minmax_diff:0 - global_seqlen/balanced_min:10856 - global_seqlen/balanced_max:10856 - global_seqlen/mean:10856.0 - actor/entropy:0.4032805263996124 - training/rollout_probs_diff_valid:1 - training/rollout_probs_diff_max:0.08820465207099915 - training/rollout_probs_diff_mean:0.004546538460999727 - training/rollout_probs_diff_std:0.009045101702213287 - training/rollout_actor_probs_pearson_corr:0.9993930459022522 - c2_groups_total:2.0 - c2_groups_with_nonzero_b_gain_std:0.0 - c2_frac_groups_with_nonzero_b_gain_std:0.0 - c2_groups_where_b_gain_changes_ranking:0.0 - c2_frac_groups_where_b_gain_changes_ranking:0.0 - c2_all_same_answer_groups:1.0 - c2_all_same_answer_groups_with_b_gain_ranking:0.0 - c2_frac_all_same_answer_groups_with_b_gain_ranking:0.0 - c2_within_group_corr_answer_b_gain_mean:0.0 - rollout_corr/training_ppl:1.2451409101486206 - rollout_corr/training_log_ppl:0.19947683811187744 - rollout_corr/kl:0.0005337891052477062 - rollout_corr/k3_kl:0.000449812738224864 - rollout_corr/rollout_ppl:1.2447421550750732 - rollout_corr/rollout_log_ppl:0.19920939207077026 - rollout_corr/log_ppl_diff:0.0002674385905265808 - rollout_corr/log_ppl_abs_diff:0.0002674385905265808 - rollout_corr/log_ppl_diff_max:0.0006155669689178467 - rollout_corr/log_ppl_diff_min:0.0 - rollout_corr/ppl_ratio:1.000267505645752 - rollout_corr/chi2_token:0.0007330179214477539 - rollout_corr/chi2_seq:-0.4976155757904053 - actor/pg_clipfrac:np.float64(0.0) - actor/ppo_kl:np.float64(0.0) - actor/pg_clipfrac_lower:np.float64(0.0) - actor/pg_loss:np.float64(0.009402990341186523) - actor/loss:np.float64(0.009402990341186523) - actor/grad_norm:np.float64(0.037968747317790985) - actor/lr:np.float64(1e-06) - actor/perf/max_memory_allocated_gb:np.float64(48.62264156341553) - actor/perf/max_memory_reserved_gb:np.float64(59.4140625) - actor/perf/cpu_memory_used_gb:np.float64(31.94207000732422) - perf/mfu/actor:np.float64(0.08263734362989011) - training/global_step:3 - training/epoch:0 - critic/score/mean:0.5 - critic/score/max:1.0 - critic/score/min:0.0 - critic/rewards/mean:0.5 - critic/rewards/max:1.0 - critic/rewards/min:0.0 - critic/advantages/mean:-0.009402998723089695 - critic/advantages/max:0.7071057558059692 - critic/advantages/min:-0.7071057558059692 - critic/returns/mean:-0.009402998723089695 - critic/returns/max:0.7071057558059692 - critic/returns/min:-0.7071057558059692 - response_length/mean:5264.0 - response_length/max:5334.0 - response_length/min:5194.0 - response_length/clip_ratio:0.5 - response_length_non_aborted/mean:5264.0 - response_length_non_aborted/max:5334.0 - response_length_non_aborted/min:5194.0 - response_length_non_aborted/clip_ratio:0.5 - response/aborted_ratio:0.0 - prompt_length/mean:162.0 - prompt_length/max:162.0 - prompt_length/min:162.0 - prompt_length/clip_ratio:1.0 - timing_s/gen:40.74393132299883 - timing_s/c2_vllm_wake:0.058492575015407056 - timing_s/c2_vllm_probe:2.574601163971238 - timing_s/c2_vllm_sleep:0.5631348059978336 - timing_s/old_log_prob:2.2532935349736363 - timing_s/adv:0.12853823899058625 - timing_s/update_actor:7.303738106973469 - timing_s/update_weights:25.649914297042415 - timing_s/step:79.37987790000625 - timing_per_token_ms/adv:0.011840294674888195 - timing_per_token_ms/update_actor:0.6727835396991036 - timing_per_token_ms/gen:3.869319213960003 - perf/total_num_tokens:10856 - perf/time_per_step:79.37987790000625 - perf/throughput:136.76009950122568 - training/num_turns/mean:np.float64(2.0) - training/num_turns/max:np.int64(2) - training/num_turns/min:np.int64(2) - training/off_policy/trajectory_spans/mean:np.float64(1.0) - training/off_policy/trajectory_spans/max:np.float64(1.0) - training/off_policy/trajectory_spans/min:np.float64(1.0) - training/off_policy/trajectory_staleness/mean:np.float64(0.0) - training/off_policy/trajectory_staleness/max:np.float64(0.0) - training/off_policy/trajectory_staleness/min:np.float64(0.0) - training/off_policy/trajectory_staleness_worst/mean:np.float64(0.0) - training/off_policy/trajectory_staleness_worst/max:np.float64(0.0) - training/off_policy/trajectory_staleness_worst/min:np.float64(0.0)[36m(TaskRunnerV1 pid=1500822)[0m Training Progress:  17%|█▋        | 3/18 [03:30<17:55, 71.71s/it]
[36m(TaskRunnerV1 pid=1500822)[0m INFO:2026-07-06 09:10:14,275:pending: 0, running: 1, finished: 0, failure: 0
[36m(WorkerDict pid=1502369)[0m INFO:2026-07-06 09:11:23,673:update_weights done, time cost: 1.10s
[36m(TaskRunnerV1 pid=1500822)[0m Training Progress:  22%|██▏       | 4/18 [05:40<22:04, 94.64s/it]
[36m(WorkerDict pid=1502369)[0m INFO:2026-07-06 09:12:06,131:update_weights done, time cost: 0.86s

[36m(TaskRunnerV1 pid=1500822)[0m [qwen3vl_c2_zscore_v1] diagnostics {'c2_groups_total': 2.0, 'c2_groups_with_nonzero_b_gain_std': 0.0, 'c2_frac_groups_with_nonzero_b_gain_std': 0.0, 'c2_groups_where_b_gain_changes_ranking': 0.0, 'c2_frac_groups_where_b_gain_changes_ranking': 0.0, 'c2_all_same_answer_groups': 1.0, 'c2_all_same_answer_groups_with_b_gain_ranking': 0.0, 'c2_frac_all_same_answer_groups_with_b_gain_ranking': 0.0, 'c2_within_group_corr_answer_b_gain_mean': 0.0}
[36m(TaskRunnerV1 pid=1500822)[0m step:4 - c2_1/option_probe_failed_mean:0.0 - c2_1/option_probe_elapsed_s_mean:1.0967609180079307 - c2_1/option_probe_count_mean:4.0 - global_seqlen/min:17866 - global_seqlen/max:17866 - global_seqlen/minmax_diff:0 - global_seqlen/balanced_min:17866 - global_seqlen/balanced_max:17866 - global_seqlen/mean:17866.0 - actor/entropy:0.6029371619224548 - training/rollout_probs_diff_valid:1 - training/rollout_probs_diff_max:0.09812116622924805 - training/rollout_probs_diff_mean:0.00514457980170846 - training/rollout_probs_diff_std:0.008819309994578362 - training/rollout_actor_probs_pearson_corr:0.9995170831680298 - c2_groups_total:2.0 - c2_groups_with_nonzero_b_gain_std:0.0 - c2_frac_groups_with_nonzero_b_gain_std:0.0 - c2_groups_where_b_gain_changes_ranking:0.0 - c2_frac_groups_where_b_gain_changes_ranking:0.0 - c2_all_same_answer_groups:1.0 - c2_all_same_answer_groups_with_b_gain_ranking:0.0 - c2_frac_all_same_answer_groups_with_b_gain_ranking:0.0 - c2_within_group_corr_answer_b_gain_mean:0.0 - rollout_corr/training_ppl:1.4127715826034546 - rollout_corr/training_log_ppl:0.3009364604949951 - rollout_corr/kl:-0.00017268436204176396 - rollout_corr/k3_kl:0.0005585578037425876 - rollout_corr/rollout_ppl:1.4129682779312134 - rollout_corr/rollout_log_ppl:0.30104386806488037 - rollout_corr/log_ppl_diff:-0.00010739266872406006 - rollout_corr/log_ppl_abs_diff:0.00011648237705230713 - rollout_corr/log_ppl_diff_max:1.817941665649414e-05 - rollout_corr/log_ppl_diff_min:-0.0004477500915527344 - rollout_corr/ppl_ratio:0.9998926520347595 - rollout_corr/chi2_token:0.002588987350463867 - rollout_corr/chi2_seq:153.81358337402344 - actor/pg_clipfrac:np.float64(0.0) - actor/ppo_kl:np.float64(0.0) - actor/pg_clipfrac_lower:np.float64(0.0) - actor/pg_loss:np.float64(-0.1279701292514801) - actor/loss:np.float64(-0.1279701292514801) - actor/grad_norm:np.float64(0.028710464015603065) - actor/lr:np.float64(1e-06) - actor/perf/max_memory_allocated_gb:np.float64(58.8350305557251) - actor/perf/max_memory_reserved_gb:np.float64(73.42578125) - actor/perf/cpu_memory_used_gb:np.float64(32.06623077392578) - perf/mfu/actor:np.float64(0.06580536139205298) - training/global_step:4 - training/epoch:0 - critic/score/mean:0.5 - critic/score/max:1.0 - critic/score/min:0.0 - critic/rewards/mean:0.5 - critic/rewards/max:1.0 - critic/rewards/min:0.0 - critic/advantages/mean:0.1279701292514801 - critic/advantages/max:0.7071057558059692 - critic/advantages/min:-0.7071057558059692 - critic/returns/mean:0.1279701292514801 - critic/returns/max:0.7071057558059692 - critic/returns/min:-0.7071057558059692 - response_length/mean:8758.0 - response_length/max:10343.0 - response_length/min:7173.0 - response_length/clip_ratio:0.5 - response_length_non_aborted/mean:8758.0 - response_length_non_aborted/max:10343.0 - response_length_non_aborted/min:7173.0 - response_length_non_aborted/clip_ratio:0.5 - response/aborted_ratio:0.0 - prompt_length/mean:173.0 - prompt_length/max:173.0 - prompt_length/min:173.0 - prompt_length/clip_ratio:1.0 - timing_s/gen:80.82861367601436 - timing_s/c2_vllm_wake:0.05842189700342715 - timing_s/c2_vllm_probe:2.265253147983458 - timing_s/c2_vllm_sleep:0.5686546509969048 - timing_s/old_log_prob:4.412621766037773 - timing_s/adv:0.13194163498701528 - timing_s/update_actor:15.869926826970186 - timing_s/update_weights:25.484654290019535 - timing_s/step:129.72159570100484 - timing_per_token_ms/adv:0.007385068565264484 - timing_per_token_ms/update_actor:0.8882753177527251 - timing_per_token_ms/gen:4.614032062793376 - perf/total_num_tokens:17866 - perf/time_per_step:129.72159570100484 - perf/throughput:137.72571870900603 - training/num_turns/mean:np.float64(2.0) - training/num_turns/max:np.int64(2) - training/num_turns/min:np.int64(2) - training/off_policy/trajectory_spans/mean:np.float64(1.0) - training/off_policy/trajectory_spans/max:np.float64(1.0) - training/off_policy/trajectory_spans/min:np.float64(1.0) - training/off_policy/trajectory_staleness/mean:np.float64(0.0) - training/off_policy/trajectory_staleness/max:np.float64(0.0) - training/off_policy/trajectory_staleness/min:np.float64(0.0) - training/off_policy/trajectory_staleness_worst/mean:np.float64(0.0) - training/off_policy/trajectory_staleness_worst/max:np.float64(0.0) - training/off_policy/trajectory_staleness_worst/min:np.float64(0.0)
[36m(TaskRunnerV1 pid=1500822)[0m [qwen3vl_c2_zscore_v1] diagnostics {'c2_groups_total': 2.0, 'c2_groups_with_nonzero_b_gain_std': 0.0, 'c2_frac_groups_with_nonzero_b_gain_std': 0.0, 'c2_groups_where_b_gain_changes_ranking': 0.0, 'c2_frac_groups_where_b_gain_changes_ranking': 0.0, 'c2_all_same_answer_groups': 2.0, 'c2_all_same_answer_groups_with_b_gain_ranking': 0.0, 'c2_frac_all_same_answer_groups_with_b_gain_ranking': 0.0, 'c2_within_group_corr_answer_b_gain_mean': 0.0}
[36m(TaskRunnerV1 pid=1500822)[0m step:5 - c2_1/option_probe_failed_mean:0.0 - c2_1/option_probe_elapsed_s_mean:1.0896316430007573 - c2_1/option_probe_count_mean:4.0 - global_seqlen/min:2690 - global_seqlen/max:2690 - global_seqlen/minmax_diff:0 - global_seqlen/balanced_min:2690 - global_seqlen/balanced_max:2690 - global_seqlen/mean:2690.0 - actor/entropy:0.15600372850894928 - training/rollout_probs_diff_valid:1 - training/rollout_probs_diff_max:0.06218910217285156 - training/rollout_probs_diff_mean:0.003144565038383007 - training/rollout_probs_diff_std:0.009661437012255192 - training/rollout_actor_probs_pearson_corr:0.9986564517021179 - c2_groups_total:2.0 - c2_groups_with_nonzero_b_gain_std:0.0 - c2_frac_groups_with_nonzero_b_gain_std:0.0 - c2_groups_where_b_gain_changes_ranking:0.0 - c2_frac_groups_where_b_gain_changes_ranking:0.0 - c2_all_same_answer_groups:2.0 - c2_all_same_answer_groups_with_b_gain_ranking:0.0 - c2_frac_all_same_answer_groups_with_b_gain_ranking:0.0 - c2_within_group_corr_answer_b_gain_mean:0.0 - rollout_corr/training_ppl:1.0733511447906494 - rollout_corr/training_log_ppl:0.06841213256120682 - rollout_corr/kl:-0.00019587126735132188 - rollout_corr/k3_kl:0.0003351347695570439 - rollout_corr/rollout_ppl:1.0733721256256104 - rollout_corr/rollout_log_ppl:0.06842690706253052 - rollout_corr/log_ppl_diff:-1.4776363968849182e-05 - rollout_corr/log_ppl_abs_diff:0.00029660575091838837 - rollout_corr/log_ppl_diff_max:0.0005636587738990784 - rollout_corr/log_ppl_diff_min:-0.0006227642297744751 - rollout_corr/ppl_ratio:0.9999853372573853 - rollout_corr/chi2_token:0.0017480850219726562 - rollout_corr/chi2_seq:1.1677930355072021 - actor/pg_clipfrac:np.float64(0.0) - actor/ppo_kl:np.float64(0.0) - actor/pg_clipfrac_lower:np.float64(0.0) - actor/pg_loss:np.float64(0.0) - actor/loss:np.float64(0.0) - actor/grad_norm:np.float64(0.0) - actor/lr:np.float64(1e-06) - actor/perf/max_memory_allocated_gb:np.float64(58.8350305557251) - actor/perf/max_memory_reserved_gb:np.float64(78.064453125) - actor/perf/cpu_memory_used_gb:np.float64(31.953941345214844) - perf/mfu/actor:np.float64(0.10285794254059388) - training/global_step:5 - training/epoch:0 - critic/score/mean:1.0 - critic/score/max:1.0 - critic/score/min:1.0 - critic/rewards/mean:1.0 - critic/rewards/max:1.0 - critic/rewards/min:1.0 - critic/advantages/mean:0.0 - critic/advantages/max:0.0 - critic/advantages/min:0.0 - critic/returns/mean:0.0 - critic/returns/max:0.0 - critic/returns/min:0.0 - response_length/mean:1152.0 - response_length/max:1475.0 - response_length/min:829.0 - response_length/clip_ratio:0.5 - response_length_non_aborted/mean:1152.0 - response_length_non_aborted/max:1475.0 - response_length_non_aborted/min:829.0 - response_length_non_aborted/clip_ratio:0.5 - response/aborted_ratio:0.0 - prompt_length/mean:191.0 - prompt_length/max:191.0 - prompt_length/min:191.0 - prompt_length/clip_ratio:1.0 - timing_s/gen:12.623412102053408 - timing_s/c2_vllm_wake:0.05795349401887506 - timing_s/c2_vllm_probe:2.24190472002374 - timing_s/c2_vllm_sleep:0.5384215320227668 - timing_s/old_log_prob:0.7268724610330537 - timing_s/adv:0.12459938100073487 - timing_s/update_actor:1.4687645060475916 - timing_s/update_weights:24.50546644302085 - timing_s/step:42.3909769509919 - timing_per_token_ms/adv:0.0463194724909795 - timing_per_token_ms/update_actor:0.5460091100548667 - timing_per_token_ms/gen:5.474159627950307 - perf/total_num_tokens:2690 - perf/time_per_step:42.3909769509919 - perf/throughput:63.456900347210734 - training/num_turns/mean:np.float64(2.0) - training/num_turns/max:np.int64(2) - training/num_turns/min:np.int64(2) - training/off_policy/trajectory_spans/mean:np.float64(1.0) - training/off_policy/trajectory_spans/max:np.float64(1.0) - training/off_policy/trajectory_spans/min:np.float64(1.0) - training/off_policy/trajectory_staleness/mean:np.float64(0.0) - training/off_policy/trajectory_staleness/max:np.float64(0.0) - training/off_policy/trajectory_staleness/min:np.float64(0.0) - training/off_policy/trajectory_staleness_worst/mean:np.float64(0.0) - training/off_policy/trajectory_staleness_worst/max:np.float64(0.0) - training/off_policy/trajectory_staleness_worst/min:np.float64(0.0)[36m(TaskRunnerV1 pid=1500822)[0m Training Progress:  28%|██▊       | 5/18 [06:22<16:25, 75.82s/it]
[36m(WorkerDict pid=1502369)[0m INFO:2026-07-06 09:13:21,660:update_weights done, time cost: 0.98s
[36m(TransferQueueController pid=1501191)[0m 2026-07-06 09:13:21,872 - INFO - transfer_queue.utils.perf_utils - TQ_CONTROLLER_b263e12d: [Performance] Total success requests: 238, Total req/min: 45.90, Total avg process time: 0.0004s; 
[36m(TransferQueueController pid=1501191)[0m Time range: last 5.19 minutes; 
[36m(TransferQueueController pid=1501191)[0m Per-operation statistics: KV_LIST: req_count=80, req/min=15.43, avg_time=0.000072s, max_time=0.000306s, min_time=0.000046s; KV_RETRIEVE_META: req_count=73, req/min=14.08, avg_time=0.001112s, max_time=0.002088s, min_time=0.000700s; NOTIFY_DATA_UPDATE: req_count=32, req/min=6.17, avg_time=0.000384s, max_time=0.000507s, min_time=0.000288s; SET_CUSTOM_META: req_count=42, req/min=8.10, avg_time=0.000046s, max_time=0.000083s, min_time=0.000033s; CLEAR_META: req_count=7, req/min=1.35, avg_time=0.000298s, max_time=0.000371s, min_time=0.000252s; KV_RETRIEVE_KEYS: req_count=4, req/min=0.77, avg_time=0.000094s, max_time=0.000116s, min_time=0.000081s
[36m(TaskRunnerV1 pid=1500822)[0m Training Progress:  33%|███▎      | 6/18 [07:38<15:08, 75.72s/it]
[36m(SimpleStorageUnit pid=1501262)[0m 2026-07-06 09:13:34,758 - INFO - transfer_queue.utils.perf_utils - TQ_STORAGE_UNIT_37265bc2: [Performance] Total success requests: 52, Total req/min: 10.39, Total avg process time: 0.0078s; 
[36m(SimpleStorageUnit pid=1501262)[0m Time range: last 5.00 minutes; 
[36m(SimpleStorageUnit pid=1501262)[0m Per-operation statistics: GET_DATA: req_count=24, req/min=4.80, avg_time=0.007904s, max_time=0.009075s, min_time=0.003020s; PUT_DATA: req_count=23, req/min=4.60, avg_time=0.007704s, max_time=0.008830s, min_time=0.003985s; CLEAR_DATA: req_count=5, req/min=1.00, avg_time=0.008092s, max_time=0.008402s, min_time=0.007221s
[36m(SimpleStorageUnit pid=1501259)[0m 2026-07-06 09:13:34,757 - INFO - transfer_queue.utils.perf_utils - TQ_STORAGE_UNIT_a7e2b783: [Performance] Total success requests: 52, Total req/min: 10.36, Total avg process time: 0.0080s; 
[36m(SimpleStorageUnit pid=1501259)[0m Time range: last 5.02 minutes; 
[36m(SimpleStorageUnit pid=1501259)[0m Per-operation statistics: GET_DATA: req_count=24, req/min=4.78, avg_time=0.008167s, max_time=0.009084s, min_time=0.007093s; PUT_DATA: req_count=23, req/min=4.58, avg_time=0.007854s, max_time=0.008676s, min_time=0.007068s; CLEAR_DATA: req_count=5, req/min=1.00, avg_time=0.008261s, max_time=0.008454s, min_time=0.007823s
[36m(SimpleStorageUnit pid=1501261)[0m 2026-07-06 09:13:35,399 - INFO - transfer_queue.utils.perf_utils - TQ_STORAGE_UNIT_0269c31f: [Performance] Total success requests: 51, Total req/min: 10.18, Total avg process time: 0.0082s; 
[36m(SimpleStorageUnit pid=1501261)[0m Time range: last 5.01 minutes; 
[36m(SimpleStorageUnit pid=1501261)[0m Per-operation statistics: PUT_DATA: req_count=23, req/min=4.59, avg_time=0.007994s, max_time=0.008756s, min_time=0.007192s; GET_DATA: req_count=23, req/min=4.59, avg_time=0.008381s, max_time=0.010340s, min_time=0.007041s; CLEAR_DATA: req_count=5, req/min=1.00, avg_time=0.008180s, max_time=0.008692s, min_time=0.006814s
[36m(WorkerDict pid=1502369)[0m INFO:2026-07-06 09:14:02,421:update_weights done, time cost: 0.86s
[36m(SimpleStorageUnit pid=1501260)[0m 2026-07-06 09:14:02,647 - INFO - transfer_queue.utils.perf_utils - TQ_STORAGE_UNIT_b8bae231: [Performance] Total success requests: 59, Total req/min: 10.93, Total avg process time: 0.0080s; 
[36m(SimpleStorageUnit pid=1501260)[0m Time range: last 5.40 minutes; 
[36m(SimpleStorageUnit pid=1501260)[0m Per-operation statistics: GET_DATA: req_count=28, req/min=5.19, avg_time=0.008169s, max_time=0.008829s, min_time=0.005325s; PUT_DATA: req_count=26, req/min=4.82, avg_time=0.007822s, max_time=0.008591s, min_time=0.002070s; CLEAR_DATA: req_count=5, req/min=0.93, avg_time=0.008064s, max_time=0.008525s, min_time=0.007028s

[36m(TaskRunnerV1 pid=1500822)[0m [qwen3vl_c2_zscore_v1] diagnostics {'c2_groups_total': 2.0, 'c2_groups_with_nonzero_b_gain_std': 0.0, 'c2_frac_groups_with_nonzero_b_gain_std': 0.0, 'c2_groups_where_b_gain_changes_ranking': 0.0, 'c2_frac_groups_where_b_gain_changes_ranking': 0.0, 'c2_all_same_answer_groups': 2.0, 'c2_all_same_answer_groups_with_b_gain_ranking': 0.0, 'c2_frac_all_same_answer_groups_with_b_gain_ranking': 0.0, 'c2_within_group_corr_answer_b_gain_mean': 0.0}
[36m(TaskRunnerV1 pid=1500822)[0m step:6 - c2_1/option_probe_failed_mean:0.0 - c2_1/option_probe_elapsed_s_mean:1.1313209389627445 - c2_1/option_probe_count_mean:4.0 - global_seqlen/min:9647 - global_seqlen/max:9647 - global_seqlen/minmax_diff:0 - global_seqlen/balanced_min:9647 - global_seqlen/balanced_max:9647 - global_seqlen/mean:9647.0 - actor/entropy:0.38406234979629517 - training/rollout_probs_diff_valid:1 - training/rollout_probs_diff_max:0.10860997438430786 - training/rollout_probs_diff_mean:0.004323574248701334 - training/rollout_probs_diff_std:0.008863923139870167 - training/rollout_actor_probs_pearson_corr:0.9994099140167236 - c2_groups_total:2.0 - c2_groups_with_nonzero_b_gain_std:0.0 - c2_frac_groups_with_nonzero_b_gain_std:0.0 - c2_groups_where_b_gain_changes_ranking:0.0 - c2_frac_groups_where_b_gain_changes_ranking:0.0 - c2_all_same_answer_groups:2.0 - c2_all_same_answer_groups_with_b_gain_ranking:0.0 - c2_frac_all_same_answer_groups_with_b_gain_ranking:0.0 - c2_within_group_corr_answer_b_gain_mean:0.0 - rollout_corr/training_ppl:1.2259223461151123 - rollout_corr/training_log_ppl:0.18549402058124542 - rollout_corr/kl:0.00033138031722046435 - rollout_corr/k3_kl:0.00044693780364468694 - rollout_corr/rollout_ppl:1.2256665229797363 - rollout_corr/rollout_log_ppl:0.18530264496803284 - rollout_corr/log_ppl_diff:0.00019136816263198853 - rollout_corr/log_ppl_abs_diff:0.0002480223774909973 - rollout_corr/log_ppl_diff_max:0.0008787810802459717 - rollout_corr/log_ppl_diff_min:-0.00011330842971801758 - rollout_corr/ppl_ratio:1.0001914501190186 - rollout_corr/chi2_token:0.001127481460571289 - rollout_corr/chi2_seq:0.2942730188369751 - actor/pg_clipfrac:np.float64(0.0) - actor/ppo_kl:np.float64(0.0) - actor/pg_clipfrac_lower:np.float64(0.0) - actor/pg_loss:np.float64(0.0) - actor/loss:np.float64(0.0) - actor/grad_norm:np.float64(0.0) - actor/lr:np.float64(1e-06) - actor/perf/max_memory_allocated_gb:np.float64(58.8350305557251) - actor/perf/max_memory_reserved_gb:np.float64(78.064453125) - actor/perf/cpu_memory_used_gb:np.float64(32.01591873168945) - perf/mfu/actor:np.float64(0.090447372209727) - training/global_step:6 - training/epoch:0 - critic/score/mean:1.0 - critic/score/max:1.0 - critic/score/min:1.0 - critic/rewards/mean:1.0 - critic/rewards/max:1.0 - critic/rewards/min:1.0 - critic/advantages/mean:0.0 - critic/advantages/max:0.0 - critic/advantages/min:0.0 - critic/returns/mean:0.0 - critic/returns/max:0.0 - critic/returns/min:0.0 - response_length/mean:4622.5 - response_length/max:5101.0 - response_length/min:4144.0 - response_length/clip_ratio:0.5 - response_length_non_aborted/mean:4622.5 - response_length_non_aborted/max:5101.0 - response_length_non_aborted/min:4144.0 - response_length_non_aborted/clip_ratio:0.5 - response/aborted_ratio:0.0 - prompt_length/mean:199.0 - prompt_length/max:199.0 - prompt_length/min:199.0 - prompt_length/clip_ratio:1.0 - timing_s/gen:38.713132450997364 - timing_s/c2_vllm_wake:0.0585519089945592 - timing_s/c2_vllm_probe:2.331791931996122 - timing_s/c2_vllm_sleep:0.5402153030154295 - timing_s/old_log_prob:1.9841055450378917 - timing_s/adv:0.1303630510228686 - timing_s/update_actor:5.9060612540342845 - timing_s/update_weights:25.69387978099985 - timing_s/step:75.46228217700263 - timing_per_token_ms/adv:0.013513325492160113 - timing_per_token_ms/update_actor:0.612217399609649 - timing_per_token_ms/gen:4.186561311884651 - perf/total_num_tokens:9647 - perf/time_per_step:75.46228217700263 - perf/throughput:127.83869930374242 - training/num_turns/mean:np.float64(2.0) - training/num_turns/max:np.int64(2) - training/num_turns/min:np.int64(2) - training/off_policy/trajectory_spans/mean:np.float64(1.0) - training/off_policy/trajectory_spans/max:np.float64(1.0) - training/off_policy/trajectory_spans/min:np.float64(1.0) - training/off_policy/trajectory_staleness/mean:np.float64(0.0) - training/off_policy/trajectory_staleness/max:np.float64(0.0) - training/off_policy/trajectory_staleness/min:np.float64(0.0) - training/off_policy/trajectory_staleness_worst/mean:np.float64(0.0) - training/off_policy/trajectory_staleness_worst/max:np.float64(0.0) - training/off_policy/trajectory_staleness_worst/min:np.float64(0.0)
[36m(TaskRunnerV1 pid=1500822)[0m [qwen3vl_c2_zscore_v1] diagnostics {'c2_groups_total': 2.0, 'c2_groups_with_nonzero_b_gain_std': 0.0, 'c2_frac_groups_with_nonzero_b_gain_std': 0.0, 'c2_groups_where_b_gain_changes_ranking': 0.0, 'c2_frac_groups_where_b_gain_changes_ranking': 0.0, 'c2_all_same_answer_groups': 2.0, 'c2_all_same_answer_groups_with_b_gain_ranking': 0.0, 'c2_frac_all_same_answer_groups_with_b_gain_ranking': 0.0, 'c2_within_group_corr_answer_b_gain_mean': 0.0}
[36m(TaskRunnerV1 pid=1500822)[0m step:7 - c2_1/option_probe_failed_mean:0.0 - c2_1/option_probe_elapsed_s_mean:1.0440841564850416 - c2_1/option_probe_count_mean:4.0 - global_seqlen/min:2544 - global_seqlen/max:2544 - global_seqlen/minmax_diff:0 - global_seqlen/balanced_min:2544 - global_seqlen/balanced_max:2544 - global_seqlen/mean:2544.0 - actor/entropy:0.24825166165828705 - training/rollout_probs_diff_valid:1 - training/rollout_probs_diff_max:0.09109991788864136 - training/rollout_probs_diff_mean:0.0040961517952382565 - training/rollout_probs_diff_std:0.010115652345120907 - training/rollout_actor_probs_pearson_corr:0.9990614652633667 - c2_groups_total:2.0 - c2_groups_with_nonzero_b_gain_std:0.0 - c2_frac_groups_with_nonzero_b_gain_std:0.0 - c2_groups_where_b_gain_changes_ranking:0.0 - c2_frac_groups_where_b_gain_changes_ranking:0.0 - c2_all_same_answer_groups:2.0 - c2_all_same_answer_groups_with_b_gain_ranking:0.0 - c2_frac_all_same_answer_groups_with_b_gain_ranking:0.0 - c2_within_group_corr_answer_b_gain_mean:0.0 - rollout_corr/training_ppl:1.1401631832122803 - rollout_corr/training_log_ppl:0.12175252288579941 - rollout_corr/kl:-0.00011221964814467356 - rollout_corr/k3_kl:0.00045481897541321814 - rollout_corr/rollout_ppl:1.1403499841690063 - rollout_corr/rollout_log_ppl:0.12194423377513885 - rollout_corr/log_ppl_diff:-0.00019171461462974548 - rollout_corr/log_ppl_abs_diff:0.0005429200828075409 - rollout_corr/log_ppl_diff_max:0.0007024109363555908 - rollout_corr/log_ppl_diff_min:-0.0014692693948745728 - rollout_corr/ppl_ratio:0.9998086094856262 - rollout_corr/chi2_token:0.002071857452392578 - rollout_corr/chi2_seq:2.1316516399383545 - actor/pg_clipfrac:np.float64(0.0) - actor/ppo_kl:np.float64(0.0) - actor/pg_clipfrac_lower:np.float64(0.0) - actor/pg_loss:np.float64(0.0) - actor/loss:np.float64(0.0) - actor/grad_norm:np.float64(0.0) - actor/lr:np.float64(1e-06) - actor/perf/max_memory_allocated_gb:np.float64(58.8350305557251) - actor/perf/max_memory_reserved_gb:np.float64(78.064453125) - actor/perf/cpu_memory_used_gb:np.float64(31.978118896484375) - perf/mfu/actor:np.float64(0.103926156554499) - training/global_step:7 - training/epoch:0 - critic/score/mean:1.0 - critic/score/max:1.0 - critic/score/min:1.0 - critic/rewards/mean:1.0 - critic/rewards/max:1.0 - critic/rewards/min:1.0 - critic/advantages/mean:0.0 - critic/advantages/max:0.0 - critic/advantages/min:0.0 - critic/returns/mean:0.0 - critic/returns/max:0.0 - critic/returns/min:0.0 - response_length/mean:1061.0 - response_length/max:1326.0 - response_length/min:796.0 - response_length/clip_ratio:0.5 - response_length_non_aborted/mean:1061.0 - response_length_non_aborted/max:1326.0 - response_length_non_aborted/min:796.0 - response_length_non_aborted/clip_ratio:0.5 - response/aborted_ratio:0.0 - prompt_length/mean:209.0 - prompt_length/max:209.0 - prompt_length/min:209.0 - prompt_length/clip_ratio:1.0 - timing_s/gen:10.598168633994646 - timing_s/c2_vllm_wake:0.05785212595947087 - timing_s/c2_vllm_probe:2.150501031021122 - timing_s/c2_vllm_sleep:0.5567769100307487 - timing_s/old_log_prob:0.7002054270124063 - timing_s/adv:0.12640764203388244 - timing_s/update_actor:1.38300828600768 - timing_s/update_weights:25.002384241030086 - timing_s/step:40.681382601032965 - timing_per_token_ms/adv:0.049688538535331145 - timing_per_token_ms/update_actor:0.5436353325501887 - timing_per_token_ms/gen:4.9897215790935245 - perf/total_num_tokens:2544 - perf/time_per_step:40.681382601032965 - perf/throughput:62.53474777269256 - training/num_turns/mean:np.float64(2.0) - training/num_turns/max:np.int64(2) - training/num_turns/min:np.int64(2) - training/off_policy/trajectory_spans/mean:np.float64(1.0) - training/off_policy/trajectory_spans/max:np.float64(1.0) - training/off_policy/trajectory_spans/min:np.float64(1.0) - training/off_policy/trajectory_staleness/mean:np.float64(0.0) - training/off_policy/trajectory_staleness/max:np.float64(0.0) - training/off_policy/trajectory_staleness/min:np.float64(0.0) - training/off_policy/trajectory_staleness_worst/mean:np.float64(0.0) - training/off_policy/trajectory_staleness_worst/max:np.float64(0.0) - training/off_policy/trajectory_staleness_worst/min:np.float64(0.0)[36m(TaskRunnerV1 pid=1500822)[0m Training Progress:  39%|███▉      | 7/18 [08:18<11:47, 64.29s/it]
[36m(TaskRunnerV1 pid=1500822)[0m INFO:2026-07-06 09:15:02,801:pending: 0, running: 1, finished: 0, failure: 0
[36m(TaskRunnerV1 pid=1500822)[0m INFO:2026-07-06 09:16:02,891:pending: 0, running: 1, finished: 0, failure: 0
[36m(WorkerDict pid=1502369)[0m INFO:2026-07-06 09:17:16,871:update_weights done, time cost: 1.25s
[36m(TaskRunnerV1 pid=1500822)[0m Training Progress:  44%|████▍     | 8/18 [11:33<17:37, 105.73s/it]
[36m(WorkerDict pid=1502369)[0m INFO:2026-07-06 09:18:36,479:update_weights done, time cost: 0.99s
[36m(TransferQueueController pid=1501191)[0m 2026-07-06 09:18:36,695 - INFO - transfer_queue.utils.perf_utils - TQ_CONTROLLER_b263e12d: [Performance] Total success requests: 209, Total req/min: 39.83, Total avg process time: 0.0004s; 
[36m(TransferQueueController pid=1501191)[0m Time range: last 5.25 minutes; 
[36m(TransferQueueController pid=1501191)[0m Per-operation statistics: KV_RETRIEVE_META: req_count=57, req/min=10.86, avg_time=0.001117s, max_time=0.002347s, min_time=0.000688s; CLEAR_META: req_count=6, req/min=1.14, avg_time=0.000320s, max_time=0.000453s, min_time=0.000260s; SET_CUSTOM_META: req_count=33, req/min=6.29, avg_time=0.000045s, max_time=0.000060s, min_time=0.000034s; KV_LIST: req_count=86, req/min=16.39, avg_time=0.000068s, max_time=0.000083s, min_time=0.000029s; NOTIFY_DATA_UPDATE: req_count=24, req/min=4.57, avg_time=0.000404s, max_time=0.000542s, min_time=0.000300s; KV_RETRIEVE_KEYS: req_count=3, req/min=0.57, avg_time=0.000084s, max_time=0.000103s, min_time=0.000072s
[36m(SimpleStorageUnit pid=1501261)[0m 2026-07-06 09:18:36,716 - INFO - transfer_queue.utils.perf_utils - TQ_STORAGE_UNIT_0269c31f: [Performance] Total success requests: 33, Total req/min: 6.57, Total avg process time: 0.0082s; 
[36m(SimpleStorageUnit pid=1501261)[0m Time range: last 5.02 minutes; 
[36m(SimpleStorageUnit pid=1501261)[0m Per-operation statistics: GET_DATA: req_count=16, req/min=3.19, avg_time=0.008169s, max_time=0.010173s, min_time=0.003387s; PUT_DATA: req_count=15, req/min=2.99, avg_time=0.008116s, max_time=0.008513s, min_time=0.007301s; CLEAR_DATA: req_count=2, req/min=0.40, avg_time=0.008546s, max_time=0.008600s, min_time=0.008493s
[36m(SimpleStorageUnit pid=1501262)[0m 2026-07-06 09:18:36,718 - INFO - transfer_queue.utils.perf_utils - TQ_STORAGE_UNIT_37265bc2: [Performance] Total success requests: 35, Total req/min: 6.95, Total avg process time: 0.0081s; 
[36m(SimpleStorageUnit pid=1501262)[0m Time range: last 5.03 minutes; 
[36m(SimpleStorageUnit pid=1501262)[0m Per-operation statistics: GET_DATA: req_count=17, req/min=3.38, avg_time=0.008191s, max_time=0.008698s, min_time=0.007008s; PUT_DATA: req_count=15, req/min=2.98, avg_time=0.007901s, max_time=0.008403s, min_time=0.006950s; CLEAR_DATA: req_count=3, req/min=0.60, avg_time=0.008082s, max_time=0.008763s, min_time=0.006862s
[36m(SimpleStorageUnit pid=1501259)[0m 2026-07-06 09:18:36,717 - INFO - transfer_queue.utils.perf_utils - TQ_STORAGE_UNIT_a7e2b783: [Performance] Total success requests: 33, Total req/min: 6.56, Total avg process time: 0.0080s; 
[36m(SimpleStorageUnit pid=1501259)[0m Time range: last 5.03 minutes; 
[36m(SimpleStorageUnit pid=1501259)[0m Per-operation statistics: GET_DATA: req_count=16, req/min=3.18, avg_time=0.008065s, max_time=0.008545s, min_time=0.007093s; PUT_DATA: req_count=14, req/min=2.78, avg_time=0.007907s, max_time=0.008162s, min_time=0.007526s; CLEAR_DATA: req_count=3, req/min=0.60, avg_time=0.008044s, max_time=0.008467s, min_time=0.007404s

[36m(TaskRunnerV1 pid=1500822)[0m [qwen3vl_c2_zscore_v1] diagnostics {'c2_groups_total': 2.0, 'c2_groups_with_nonzero_b_gain_std': 0.0, 'c2_frac_groups_with_nonzero_b_gain_std': 0.0, 'c2_groups_where_b_gain_changes_ranking': 0.0, 'c2_frac_groups_where_b_gain_changes_ranking': 0.0, 'c2_all_same_answer_groups': 1.0, 'c2_all_same_answer_groups_with_b_gain_ranking': 0.0, 'c2_frac_all_same_answer_groups_with_b_gain_ranking': 0.0, 'c2_within_group_corr_answer_b_gain_mean': 0.0}
[36m(TaskRunnerV1 pid=1500822)[0m step:8 - c2_1/option_probe_failed_mean:0.0 - c2_1/option_probe_elapsed_s_mean:1.2178257339983247 - c2_1/option_probe_count_mean:4.0 - global_seqlen/min:25567 - global_seqlen/max:25567 - global_seqlen/minmax_diff:0 - global_seqlen/balanced_min:25567 - global_seqlen/balanced_max:25567 - global_seqlen/mean:25567.0 - actor/entropy:0.4898848533630371 - training/rollout_probs_diff_valid:1 - training/rollout_probs_diff_max:0.13797855377197266 - training/rollout_probs_diff_mean:0.004591197706758976 - training/rollout_probs_diff_std:0.008514191024005413 - training/rollout_actor_probs_pearson_corr:0.9995160102844238 - c2_groups_total:2.0 - c2_groups_with_nonzero_b_gain_std:0.0 - c2_frac_groups_with_nonzero_b_gain_std:0.0 - c2_groups_where_b_gain_changes_ranking:0.0 - c2_frac_groups_where_b_gain_changes_ranking:0.0 - c2_all_same_answer_groups:1.0 - c2_all_same_answer_groups_with_b_gain_ranking:0.0 - c2_frac_all_same_answer_groups_with_b_gain_ranking:0.0 - c2_within_group_corr_answer_b_gain_mean:0.0 - rollout_corr/training_ppl:1.323392391204834 - rollout_corr/training_log_ppl:0.2485189586877823 - rollout_corr/kl:0.0002731892163865268 - rollout_corr/k3_kl:0.0004787057696375996 - rollout_corr/rollout_ppl:1.3232059478759766 - rollout_corr/rollout_log_ppl:0.24840183556079865 - rollout_corr/log_ppl_diff:0.00011712312698364258 - rollout_corr/log_ppl_abs_diff:0.00011712312698364258 - rollout_corr/log_ppl_diff_max:0.0003643631935119629 - rollout_corr/log_ppl_diff_min:0.0 - rollout_corr/ppl_ratio:1.0001171827316284 - rollout_corr/chi2_token:0.001375436782836914 - rollout_corr/chi2_seq:-0.4602465033531189 - actor/pg_clipfrac:np.float64(0.0) - actor/ppo_kl:np.float64(0.0) - actor/pg_clipfrac_lower:np.float64(0.0) - actor/pg_loss:np.float64(0.21180923283100128) - actor/loss:np.float64(0.21180923283100128) - actor/grad_norm:np.float64(0.024743687361478806) - actor/lr:np.float64(1e-06) - actor/perf/max_memory_allocated_gb:np.float64(70.1596007347107) - actor/perf/max_memory_reserved_gb:np.float64(89.6640625) - actor/perf/cpu_memory_used_gb:np.float64(32.17698669433594) - perf/mfu/actor:np.float64(0.05539036834895046) - training/global_step:8 - training/epoch:0 - critic/score/mean:0.5 - critic/score/max:1.0 - critic/score/min:0.0 - critic/rewards/mean:0.5 - critic/rewards/max:1.0 - critic/rewards/min:0.0 - critic/advantages/mean:-0.21180924773216248 - critic/advantages/max:0.7071057558059692 - critic/advantages/min:-0.7071057558059692 - critic/returns/mean:-0.21180924773216248 - critic/returns/max:0.7071057558059692 - critic/returns/min:-0.7071057558059692 - response_length/mean:12607.5 - response_length/max:16384.0 - response_length/min:8831.0 - response_length/clip_ratio:0.5 - response_length_non_aborted/mean:12607.5 - response_length_non_aborted/max:16384.0 - response_length_non_aborted/min:8831.0 - response_length_non_aborted/clip_ratio:0.5 - response/aborted_ratio:0.0 - prompt_length/mean:174.0 - prompt_length/max:174.0 - prompt_length/min:174.0 - prompt_length/clip_ratio:1.0 - timing_s/gen:128.8974437530269 - timing_s/c2_vllm_wake:0.058191314979922026 - timing_s/c2_vllm_probe:2.5151719669811428 - timing_s/c2_vllm_sleep:0.5428270419943146 - timing_s/old_log_prob:7.426047774963081 - timing_s/adv:0.13204065803438425 - timing_s/update_actor:28.81965256703552 - timing_s/update_weights:25.890960716991685 - timing_s/step:194.38857171399286 - timing_per_token_ms/adv:0.005164495562028562 - timing_per_token_ms/update_actor:1.1272207363803153 - timing_per_token_ms/gen:5.111529672563226 - perf/total_num_tokens:25567 - perf/time_per_step:194.38857171399286 - perf/throughput:131.52522174820623 - training/num_turns/mean:np.float64(2.0) - training/num_turns/max:np.int64(2) - training/num_turns/min:np.int64(2) - training/off_policy/trajectory_spans/mean:np.float64(1.0) - training/off_policy/trajectory_spans/max:np.float64(1.0) - training/off_policy/trajectory_spans/min:np.float64(1.0) - training/off_policy/trajectory_staleness/mean:np.float64(0.0) - training/off_policy/trajectory_staleness/max:np.float64(0.0) - training/off_policy/trajectory_staleness/min:np.float64(0.0) - training/off_policy/trajectory_staleness_worst/mean:np.float64(0.0) - training/off_policy/trajectory_staleness_worst/max:np.float64(0.0) - training/off_policy/trajectory_staleness_worst/min:np.float64(0.0)
[36m(TaskRunnerV1 pid=1500822)[0m [qwen3vl_c2_zscore_v1] diagnostics {'c2_groups_total': 2.0, 'c2_groups_with_nonzero_b_gain_std': 0.0, 'c2_frac_groups_with_nonzero_b_gain_std': 0.0, 'c2_groups_where_b_gain_changes_ranking': 0.0, 'c2_frac_groups_where_b_gain_changes_ranking': 0.0, 'c2_all_same_answer_groups': 2.0, 'c2_all_same_answer_groups_with_b_gain_ranking': 0.0, 'c2_frac_all_same_answer_groups_with_b_gain_ranking': 0.0, 'c2_within_group_corr_answer_b_gain_mean': 0.0}
[36m(TaskRunnerV1 pid=1500822)[0m step:9 - c2_1/option_probe_failed_mean:0.0 - c2_1/option_probe_elapsed_s_mean:7.333701305498835 - c2_1/option_probe_count_mean:4.0 - global_seqlen/min:10538 - global_seqlen/max:10538 - global_seqlen/minmax_diff:0 - global_seqlen/balanced_min:10538 - global_seqlen/balanced_max:10538 - global_seqlen/mean:10538.0 - actor/entropy:0.2830641269683838 - training/rollout_probs_diff_valid:1 - training/rollout_probs_diff_max:0.0879817008972168 - training/rollout_probs_diff_mean:0.0036270106211304665 - training/rollout_probs_diff_std:0.00837029330432415 - training/rollout_actor_probs_pearson_corr:0.9993770718574524 - c2_groups_total:2.0 - c2_groups_with_nonzero_b_gain_std:0.0 - c2_frac_groups_with_nonzero_b_gain_std:0.0 - c2_groups_where_b_gain_changes_ranking:0.0 - c2_frac_groups_where_b_gain_changes_ranking:0.0 - c2_all_same_answer_groups:2.0 - c2_all_same_answer_groups_with_b_gain_ranking:0.0 - c2_frac_all_same_answer_groups_with_b_gain_ranking:0.0 - c2_within_group_corr_answer_b_gain_mean:0.0 - rollout_corr/training_ppl:1.1608928442001343 - rollout_corr/training_log_ppl:0.13949105143547058 - rollout_corr/kl:-0.0003294371999800205 - rollout_corr/k3_kl:0.00036026423913426697 - rollout_corr/rollout_ppl:1.1611363887786865 - rollout_corr/rollout_log_ppl:0.13967569172382355 - rollout_corr/log_ppl_diff:-0.00018463283777236938 - rollout_corr/log_ppl_abs_diff:0.000286884605884552 - rollout_corr/log_ppl_diff_max:0.00020450353622436523 - rollout_corr/log_ppl_diff_min:-0.0009430348873138428 - rollout_corr/ppl_ratio:0.9998154640197754 - rollout_corr/chi2_token:0.0021170377731323242 - rollout_corr/chi2_seq:66.49494934082031 - actor/pg_clipfrac:np.float64(0.0) - actor/ppo_kl:np.float64(0.0) - actor/pg_clipfrac_lower:np.float64(0.0) - actor/pg_loss:np.float64(0.0) - actor/loss:np.float64(0.0) - actor/grad_norm:np.float64(0.0) - actor/lr:np.float64(1e-06) - actor/perf/max_memory_allocated_gb:np.float64(70.1596007347107) - actor/perf/max_memory_reserved_gb:np.float64(94.302734375) - actor/perf/cpu_memory_used_gb:np.float64(32.454647064208984) - perf/mfu/actor:np.float64(0.08585630675679551) - training/global_step:9 - training/epoch:0 - critic/score/mean:1.0 - critic/score/max:1.0 - critic/score/min:1.0 - critic/rewards/mean:1.0 - critic/rewards/max:1.0 - critic/rewards/min:1.0 - critic/advantages/mean:0.0 - critic/advantages/max:0.0 - critic/advantages/min:0.0 - critic/returns/mean:0.0 - critic/returns/max:0.0 - critic/returns/min:0.0 - response_length/mean:3185.0 - response_length/max:3406.0 - response_length/min:2964.0 - response_length/clip_ratio:0.5 - response_length_non_aborted/mean:3185.0 - response_length_non_aborted/max:3406.0 - response_length_non_aborted/min:2964.0 - response_length_non_aborted/clip_ratio:0.5 - response/aborted_ratio:0.0 - prompt_length/mean:2082.0 - prompt_length/max:2082.0 - prompt_length/min:2082.0 - prompt_length/clip_ratio:1.0 - timing_s/gen:28.74267897300888 - timing_s/c2_vllm_wake:0.05820563598535955 - timing_s/c2_vllm_probe:14.736387758050114 - timing_s/c2_vllm_sleep:0.5960380840115249 - timing_s/old_log_prob:2.4517914190073498 - timing_s/adv:0.12695934704970568 - timing_s/update_actor:6.877209538011812 - timing_s/update_weights:25.743564988020808 - timing_s/step:79.5456406029989 - timing_per_token_ms/adv:0.012047764950626844 - timing_per_token_ms/update_actor:0.6526105084467462 - timing_per_token_ms/gen:4.510778244351676 - perf/total_num_tokens:10538 - perf/time_per_step:79.5456406029989 - perf/throughput:132.47740441985596 - training/num_turns/mean:np.float64(2.0) - training/num_turns/max:np.int64(2) - training/num_turns/min:np.int64(2) - training/off_policy/trajectory_spans/mean:np.float64(1.0) - training/off_policy/trajectory_spans/max:np.float64(1.0) - training/off_policy/trajectory_spans/min:np.float64(1.0) - training/off_policy/trajectory_staleness/mean:np.float64(0.0) - training/off_policy/trajectory_staleness/max:np.float64(0.0) - training/off_policy/trajectory_staleness/min:np.float64(0.0) - training/off_policy/trajectory_staleness_worst/mean:np.float64(0.0) - training/off_policy/trajectory_staleness_worst/max:np.float64(0.0) - training/off_policy/trajectory_staleness_worst/min:np.float64(0.0)[36m(TaskRunnerV1 pid=1500822)[0m Training Progress:  50%|█████     | 9/18 [12:53<14:38, 97.57s/it] 
[36m(WorkerDict pid=1502369)[0m INFO:2026-07-06 09:19:26,315:update_weights done, time cost: 0.89s
[36m(TaskRunnerV1 pid=1500822)[0m Training Progress:  56%|█████▌    | 10/18 [13:42<11:02, 82.83s/it]
[36m(SimpleStorageUnit pid=1501260)[0m 2026-07-06 09:19:26,551 - INFO - transfer_queue.utils.perf_utils - TQ_STORAGE_UNIT_b8bae231: [Performance] Total success requests: 39, Total req/min: 7.22, Total avg process time: 0.0081s; 
[36m(SimpleStorageUnit pid=1501260)[0m Time range: last 5.40 minutes; 
[36m(SimpleStorageUnit pid=1501260)[0m Per-operation statistics: CLEAR_DATA: req_count=4, req/min=0.74, avg_time=0.009331s, max_time=0.012994s, min_time=0.006898s; PUT_DATA: req_count=17, req/min=3.15, avg_time=0.007858s, max_time=0.008411s, min_time=0.006973s; GET_DATA: req_count=18, req/min=3.33, avg_time=0.008053s, max_time=0.008669s, min_time=0.006894s
[36m(WorkerDict pid=1502369)[0m INFO:2026-07-06 09:20:10,320:update_weights done, time cost: 0.86s

[36m(TaskRunnerV1 pid=1500822)[0m [qwen3vl_c2_zscore_v1] diagnostics {'c2_groups_total': 2.0, 'c2_groups_with_nonzero_b_gain_std': 0.0, 'c2_frac_groups_with_nonzero_b_gain_std': 0.0, 'c2_groups_where_b_gain_changes_ranking': 0.0, 'c2_frac_groups_where_b_gain_changes_ranking': 0.0, 'c2_all_same_answer_groups': 2.0, 'c2_all_same_answer_groups_with_b_gain_ranking': 0.0, 'c2_frac_all_same_answer_groups_with_b_gain_ranking': 0.0, 'c2_within_group_corr_answer_b_gain_mean': 0.0}
[36m(TaskRunnerV1 pid=1500822)[0m step:10 - c2_1/option_probe_failed_mean:0.0 - c2_1/option_probe_elapsed_s_mean:1.0834754064853769 - c2_1/option_probe_count_mean:4.0 - global_seqlen/min:3709 - global_seqlen/max:3709 - global_seqlen/minmax_diff:0 - global_seqlen/balanced_min:3709 - global_seqlen/balanced_max:3709 - global_seqlen/mean:3709.0 - actor/entropy:0.30863577127456665 - training/rollout_probs_diff_valid:1 - training/rollout_probs_diff_max:0.0746532678604126 - training/rollout_probs_diff_mean:0.0038762022741138935 - training/rollout_probs_diff_std:0.009043906815350056 - training/rollout_actor_probs_pearson_corr:0.9993460774421692 - c2_groups_total:2.0 - c2_groups_with_nonzero_b_gain_std:0.0 - c2_frac_groups_with_nonzero_b_gain_std:0.0 - c2_groups_where_b_gain_changes_ranking:0.0 - c2_frac_groups_where_b_gain_changes_ranking:0.0 - c2_all_same_answer_groups:2.0 - c2_all_same_answer_groups_with_b_gain_ranking:0.0 - c2_frac_all_same_answer_groups_with_b_gain_ranking:0.0 - c2_within_group_corr_answer_b_gain_mean:0.0 - rollout_corr/training_ppl:1.174808144569397 - rollout_corr/training_log_ppl:0.14917439222335815 - rollout_corr/kl:0.0009183950605802238 - rollout_corr/k3_kl:0.00040745080332271755 - rollout_corr/rollout_ppl:1.1741774082183838 - rollout_corr/rollout_log_ppl:0.14870545268058777 - rollout_corr/log_ppl_diff:0.00046893954277038574 - rollout_corr/log_ppl_abs_diff:0.00046893954277038574 - rollout_corr/log_ppl_diff_max:0.000986546277999878 - rollout_corr/log_ppl_diff_min:0.0 - rollout_corr/ppl_ratio:1.0004692077636719 - rollout_corr/chi2_token:-0.0002129673957824707 - rollout_corr/chi2_seq:-0.4620389938354492 - actor/pg_clipfrac:np.float64(0.0) - actor/ppo_kl:np.float64(0.0) - actor/pg_clipfrac_lower:np.float64(0.0) - actor/pg_loss:np.float64(0.0) - actor/loss:np.float64(0.0) - actor/grad_norm:np.float64(0.0) - actor/lr:np.float64(1e-06) - actor/perf/max_memory_allocated_gb:np.float64(70.1596007347107) - actor/perf/max_memory_reserved_gb:np.float64(94.302734375) - actor/perf/cpu_memory_used_gb:np.float64(32.20114517211914) - perf/mfu/actor:np.float64(0.10871836891745996) - training/global_step:10 - training/epoch:0 - critic/score/mean:1.0 - critic/score/max:1.0 - critic/score/min:1.0 - critic/rewards/mean:1.0 - critic/rewards/max:1.0 - critic/rewards/min:1.0 - critic/advantages/mean:0.0 - critic/advantages/max:0.0 - critic/advantages/min:0.0 - critic/returns/mean:0.0 - critic/returns/max:0.0 - critic/returns/min:0.0 - response_length/mean:1680.5 - response_length/max:2352.0 - response_length/min:1009.0 - response_length/clip_ratio:0.5 - response_length_non_aborted/mean:1680.5 - response_length_non_aborted/max:2352.0 - response_length_non_aborted/min:1009.0 - response_length_non_aborted/clip_ratio:0.5 - response/aborted_ratio:0.0 - prompt_length/mean:172.0 - prompt_length/max:172.0 - prompt_length/min:172.0 - prompt_length/clip_ratio:1.0 - timing_s/gen:18.686616675986443 - timing_s/c2_vllm_wake:0.058806449000258 - timing_s/c2_vllm_probe:2.229374654998537 - timing_s/c2_vllm_sleep:0.5389220679644495 - timing_s/old_log_prob:0.8828262339811772 - timing_s/adv:0.12643966998439282 - timing_s/update_actor:1.89699382300023 - timing_s/update_weights:25.2388274630066 - timing_s/step:49.76284052996198 - timing_per_token_ms/adv:0.034089962249768894 - timing_per_token_ms/update_actor:0.5114569487733163 - timing_per_token_ms/gen:5.5565318691604055 - perf/total_num_tokens:3709 - perf/time_per_step:49.76284052996198 - perf/throughput:74.53352663352945 - training/num_turns/mean:np.float64(2.0) - training/num_turns/max:np.int64(2) - training/num_turns/min:np.int64(2) - training/off_policy/trajectory_spans/mean:np.float64(1.0) - training/off_policy/trajectory_spans/max:np.float64(1.0) - training/off_policy/trajectory_spans/min:np.float64(1.0) - training/off_policy/trajectory_staleness/mean:np.float64(0.0) - training/off_policy/trajectory_staleness/max:np.float64(0.0) - training/off_policy/trajectory_staleness/min:np.float64(0.0) - training/off_policy/trajectory_staleness_worst/mean:np.float64(0.0) - training/off_policy/trajectory_staleness_worst/max:np.float64(0.0) - training/off_policy/trajectory_staleness_worst/min:np.float64(0.0)
[36m(TaskRunnerV1 pid=1500822)[0m [qwen3vl_c2_zscore_v1] diagnostics {'c2_groups_total': 2.0, 'c2_groups_with_nonzero_b_gain_std': 0.0, 'c2_frac_groups_with_nonzero_b_gain_std': 0.0, 'c2_groups_where_b_gain_changes_ranking': 0.0, 'c2_frac_groups_where_b_gain_changes_ranking': 0.0, 'c2_all_same_answer_groups': 2.0, 'c2_all_same_answer_groups_with_b_gain_ranking': 0.0, 'c2_frac_all_same_answer_groups_with_b_gain_ranking': 0.0, 'c2_within_group_corr_answer_b_gain_mean': 0.0}
[36m(TaskRunnerV1 pid=1500822)[0m step:11 - c2_1/option_probe_failed_mean:0.0 - c2_1/option_probe_elapsed_s_mean:1.0840876870206557 - c2_1/option_probe_count_mean:4.0 - global_seqlen/min:3044 - global_seqlen/max:3044 - global_seqlen/minmax_diff:0 - global_seqlen/balanced_min:3044 - global_seqlen/balanced_max:3044 - global_seqlen/mean:3044.0 - actor/entropy:0.262032687664032 - training/rollout_probs_diff_valid:1 - training/rollout_probs_diff_max:0.12245076894760132 - training/rollout_probs_diff_mean:0.004189127590507269 - training/rollout_probs_diff_std:0.010251814499497414 - training/rollout_actor_probs_pearson_corr:0.9989938139915466 - c2_groups_total:2.0 - c2_groups_with_nonzero_b_gain_std:0.0 - c2_frac_groups_with_nonzero_b_gain_std:0.0 - c2_groups_where_b_gain_changes_ranking:0.0 - c2_frac_groups_where_b_gain_changes_ranking:0.0 - c2_all_same_answer_groups:2.0 - c2_all_same_answer_groups_with_b_gain_ranking:0.0 - c2_frac_all_same_answer_groups_with_b_gain_ranking:0.0 - c2_within_group_corr_answer_b_gain_mean:0.0 - rollout_corr/training_ppl:1.1411994695663452 - rollout_corr/training_log_ppl:0.12422353029251099 - rollout_corr/kl:0.0011445414274930954 - rollout_corr/k3_kl:0.0004270538629498333 - rollout_corr/rollout_ppl:1.1404566764831543 - rollout_corr/rollout_log_ppl:0.1236499547958374 - rollout_corr/log_ppl_diff:0.000573575496673584 - rollout_corr/log_ppl_abs_diff:0.000573575496673584 - rollout_corr/log_ppl_diff_max:0.0016527771949768066 - rollout_corr/log_ppl_diff_min:0.0 - rollout_corr/ppl_ratio:1.000573992729187 - rollout_corr/chi2_token:-0.0005936026573181152 - rollout_corr/chi2_seq:-0.45321857929229736 - actor/pg_clipfrac:np.float64(0.0) - actor/ppo_kl:np.float64(0.0) - actor/pg_clipfrac_lower:np.float64(0.0) - actor/pg_loss:np.float64(0.0) - actor/loss:np.float64(0.0) - actor/grad_norm:np.float64(0.0) - actor/lr:np.float64(1e-06) - actor/perf/max_memory_allocated_gb:np.float64(70.1596007347107) - actor/perf/max_memory_reserved_gb:np.float64(94.302734375) - actor/perf/cpu_memory_used_gb:np.float64(32.1959114074707) - perf/mfu/actor:np.float64(0.1062157271497969) - training/global_step:11 - training/epoch:0 - critic/score/mean:1.0 - critic/score/max:1.0 - critic/score/min:1.0 - critic/rewards/mean:1.0 - critic/rewards/max:1.0 - critic/rewards/min:1.0 - critic/advantages/mean:0.0 - critic/advantages/max:0.0 - critic/advantages/min:0.0 - critic/returns/mean:0.0 - critic/returns/max:0.0 - critic/returns/min:0.0 - response_length/mean:1350.0 - response_length/max:1357.0 - response_length/min:1343.0 - response_length/clip_ratio:0.5 - response_length_non_aborted/mean:1350.0 - response_length_non_aborted/max:1357.0 - response_length_non_aborted/min:1343.0 - response_length_non_aborted/clip_ratio:0.5 - response/aborted_ratio:0.0 - prompt_length/mean:170.0 - prompt_length/max:170.0 - prompt_length/min:170.0 - prompt_length/clip_ratio:1.0 - timing_s/gen:12.663507675053552 - timing_s/c2_vllm_wake:0.05787249398417771 - timing_s/c2_vllm_probe:2.2294536299887113 - timing_s/c2_vllm_sleep:0.5447791030164808 - timing_s/old_log_prob:0.764636771986261 - timing_s/adv:0.12460982304764912 - timing_s/update_actor:1.5965544920181856 - timing_s/update_weights:25.846310005988926 - timing_s/step:43.92997500899946 - timing_per_token_ms/adv:0.040936209936809825 - timing_per_token_ms/update_actor:0.5244922772727285 - timing_per_token_ms/gen:4.686716386030182 - perf/total_num_tokens:3044 - perf/time_per_step:43.92997500899946 - perf/throughput:69.29209496195726 - training/num_turns/mean:np.float64(2.0) - training/num_turns/max:np.int64(2) - training/num_turns/min:np.int64(2) - training/off_policy/trajectory_spans/mean:np.float64(1.0) - training/off_policy/trajectory_spans/max:np.float64(1.0) - training/off_policy/trajectory_spans/min:np.float64(1.0) - training/off_policy/trajectory_staleness/mean:np.float64(0.0) - training/off_policy/trajectory_staleness/max:np.float64(0.0) - training/off_policy/trajectory_staleness/min:np.float64(0.0) - training/off_policy/trajectory_staleness_worst/mean:np.float64(0.0) - training/off_policy/trajectory_staleness_worst/max:np.float64(0.0) - training/off_policy/trajectory_staleness_worst/min:np.float64(0.0)[36m(TaskRunnerV1 pid=1500822)[0m Training Progress:  61%|██████    | 11/18 [14:26<08:16, 70.94s/it]
[36m(WorkerDict pid=1502369)[0m INFO:2026-07-06 09:20:49,175:update_weights done, time cost: 0.77s
[36m(TaskRunnerV1 pid=1500822)[0m Training Progress:  67%|██████▋   | 12/18 [15:05<06:07, 61.18s/it]
[36m(WorkerDict pid=1502369)[0m INFO:2026-07-06 09:21:41,373:update_weights done, time cost: 0.89s

[36m(TaskRunnerV1 pid=1500822)[0m [qwen3vl_c2_zscore_v1] diagnostics {'c2_groups_total': 2.0, 'c2_groups_with_nonzero_b_gain_std': 0.0, 'c2_frac_groups_with_nonzero_b_gain_std': 0.0, 'c2_groups_where_b_gain_changes_ranking': 0.0, 'c2_frac_groups_where_b_gain_changes_ranking': 0.0, 'c2_all_same_answer_groups': 2.0, 'c2_all_same_answer_groups_with_b_gain_ranking': 0.0, 'c2_frac_all_same_answer_groups_with_b_gain_ranking': 0.0, 'c2_within_group_corr_answer_b_gain_mean': 0.0}
[36m(TaskRunnerV1 pid=1500822)[0m step:12 - c2_1/option_probe_failed_mean:0.0 - c2_1/option_probe_elapsed_s_mean:1.0513805219670758 - c2_1/option_probe_count_mean:4.0 - global_seqlen/min:2150 - global_seqlen/max:2150 - global_seqlen/minmax_diff:0 - global_seqlen/balanced_min:2150 - global_seqlen/balanced_max:2150 - global_seqlen/mean:2150.0 - actor/entropy:0.20796503126621246 - training/rollout_probs_diff_valid:1 - training/rollout_probs_diff_max:0.062176525592803955 - training/rollout_probs_diff_mean:0.0035619691479951143 - training/rollout_probs_diff_std:0.009518031030893326 - training/rollout_actor_probs_pearson_corr:0.9990949630737305 - c2_groups_total:2.0 - c2_groups_with_nonzero_b_gain_std:0.0 - c2_frac_groups_with_nonzero_b_gain_std:0.0 - c2_groups_where_b_gain_changes_ranking:0.0 - c2_frac_groups_where_b_gain_changes_ranking:0.0 - c2_all_same_answer_groups:2.0 - c2_all_same_answer_groups_with_b_gain_ranking:0.0 - c2_frac_all_same_answer_groups_with_b_gain_ranking:0.0 - c2_within_group_corr_answer_b_gain_mean:0.0 - rollout_corr/training_ppl:1.1292290687561035 - rollout_corr/training_log_ppl:0.11493373662233353 - rollout_corr/kl:0.0008371289004571736 - rollout_corr/k3_kl:0.00046161108184605837 - rollout_corr/rollout_ppl:1.1287044286727905 - rollout_corr/rollout_log_ppl:0.11451895534992218 - rollout_corr/log_ppl_diff:0.00041478127241134644 - rollout_corr/log_ppl_abs_diff:0.00041478127241134644 - rollout_corr/log_ppl_diff_max:0.0015975236892700195 - rollout_corr/log_ppl_diff_min:0.0 - rollout_corr/ppl_ratio:1.0004150867462158 - rollout_corr/chi2_token:0.00016510486602783203 - rollout_corr/chi2_seq:-0.2632850408554077 - actor/pg_clipfrac:np.float64(0.0) - actor/ppo_kl:np.float64(0.0) - actor/pg_clipfrac_lower:np.float64(0.0) - actor/pg_loss:np.float64(0.0) - actor/loss:np.float64(0.0) - actor/grad_norm:np.float64(0.0) - actor/lr:np.float64(1e-06) - actor/perf/max_memory_allocated_gb:np.float64(70.1596007347107) - actor/perf/max_memory_reserved_gb:np.float64(94.302734375) - actor/perf/cpu_memory_used_gb:np.float64(32.18803787231445) - perf/mfu/actor:np.float64(0.09900308943529805) - training/global_step:12 - training/epoch:0 - critic/score/mean:1.0 - critic/score/max:1.0 - critic/score/min:1.0 - critic/rewards/mean:1.0 - critic/rewards/max:1.0 - critic/rewards/min:1.0 - critic/advantages/mean:0.0 - critic/advantages/max:0.0 - critic/advantages/min:0.0 - critic/returns/mean:0.0 - critic/returns/max:0.0 - critic/returns/min:0.0 - response_length/mean:914.0 - response_length/max:923.0 - response_length/min:905.0 - response_length/clip_ratio:0.5 - response_length_non_aborted/mean:914.0 - response_length_non_aborted/max:923.0 - response_length_non_aborted/min:905.0 - response_length_non_aborted/clip_ratio:0.5 - response/aborted_ratio:0.0 - prompt_length/mean:159.0 - prompt_length/max:159.0 - prompt_length/min:159.0 - prompt_length/clip_ratio:1.0 - timing_s/gen:8.611709247983526 - timing_s/c2_vllm_wake:0.05823085695737973 - timing_s/c2_vllm_probe:2.1646880540065467 - timing_s/c2_vllm_sleep:0.5813273270032369 - timing_s/old_log_prob:0.6427297339541838 - timing_s/adv:0.1250900710001588 - timing_s/update_actor:1.2378928969847038 - timing_s/update_weights:25.268858106050175 - timing_s/step:38.79222484998172 - timing_per_token_ms/adv:0.05818142837216688 - timing_per_token_ms/update_actor:0.5757641381324204 - timing_per_token_ms/gen:4.705852048078429 - perf/total_num_tokens:2150 - perf/time_per_step:38.79222484998172 - perf/throughput:55.42347747040895 - training/num_turns/mean:np.float64(2.0) - training/num_turns/max:np.int64(2) - training/num_turns/min:np.int64(2) - training/off_policy/trajectory_spans/mean:np.float64(1.0) - training/off_policy/trajectory_spans/max:np.float64(1.0) - training/off_policy/trajectory_spans/min:np.float64(1.0) - training/off_policy/trajectory_staleness/mean:np.float64(0.0) - training/off_policy/trajectory_staleness/max:np.float64(0.0) - training/off_policy/trajectory_staleness/min:np.float64(0.0) - training/off_policy/trajectory_staleness_worst/mean:np.float64(0.0) - training/off_policy/trajectory_staleness_worst/max:np.float64(0.0) - training/off_policy/trajectory_staleness_worst/min:np.float64(0.0)
[36m(TaskRunnerV1 pid=1500822)[0m [qwen3vl_c2_zscore_v1] diagnostics {'c2_groups_total': 2.0, 'c2_groups_with_nonzero_b_gain_std': 0.0, 'c2_frac_groups_with_nonzero_b_gain_std': 0.0, 'c2_groups_where_b_gain_changes_ranking': 0.0, 'c2_frac_groups_where_b_gain_changes_ranking': 0.0, 'c2_all_same_answer_groups': 2.0, 'c2_all_same_answer_groups_with_b_gain_ranking': 0.0, 'c2_frac_all_same_answer_groups_with_b_gain_ranking': 0.0, 'c2_within_group_corr_answer_b_gain_mean': 0.0}
[36m(TaskRunnerV1 pid=1500822)[0m step:13 - c2_1/option_probe_failed_mean:0.0 - c2_1/option_probe_elapsed_s_mean:1.063648681010818 - c2_1/option_probe_count_mean:4.0 - global_seqlen/min:4847 - global_seqlen/max:4847 - global_seqlen/minmax_diff:0 - global_seqlen/balanced_min:4847 - global_seqlen/balanced_max:4847 - global_seqlen/mean:4847.0 - actor/entropy:0.45316579937934875 - training/rollout_probs_diff_valid:1 - training/rollout_probs_diff_max:0.11576718091964722 - training/rollout_probs_diff_mean:0.004627890419214964 - training/rollout_probs_diff_std:0.009163661859929562 - training/rollout_actor_probs_pearson_corr:0.9994354248046875 - c2_groups_total:2.0 - c2_groups_with_nonzero_b_gain_std:0.0 - c2_frac_groups_with_nonzero_b_gain_std:0.0 - c2_groups_where_b_gain_changes_ranking:0.0 - c2_frac_groups_where_b_gain_changes_ranking:0.0 - c2_all_same_answer_groups:2.0 - c2_all_same_answer_groups_with_b_gain_ranking:0.0 - c2_frac_all_same_answer_groups_with_b_gain_ranking:0.0 - c2_within_group_corr_answer_b_gain_mean:0.0 - rollout_corr/training_ppl:1.2820900678634644 - rollout_corr/training_log_ppl:0.22349154949188232 - rollout_corr/kl:0.0006740152603015304 - rollout_corr/k3_kl:0.0004804938507732004 - rollout_corr/rollout_ppl:1.28157639503479 - rollout_corr/rollout_log_ppl:0.22316449880599976 - rollout_corr/log_ppl_diff:0.0003270357847213745 - rollout_corr/log_ppl_abs_diff:0.0003270357847213745 - rollout_corr/log_ppl_diff_max:0.0007616281509399414 - rollout_corr/log_ppl_diff_min:0.0 - rollout_corr/ppl_ratio:1.0003271102905273 - rollout_corr/chi2_token:0.0005723237991333008 - rollout_corr/chi2_seq:-0.4617941975593567 - actor/pg_clipfrac:np.float64(0.0) - actor/ppo_kl:np.float64(0.0) - actor/pg_clipfrac_lower:np.float64(0.0) - actor/pg_loss:np.float64(0.0) - actor/loss:np.float64(0.0) - actor/grad_norm:np.float64(0.0) - actor/lr:np.float64(1e-06) - actor/perf/max_memory_allocated_gb:np.float64(70.1596007347107) - actor/perf/max_memory_reserved_gb:np.float64(94.302734375) - actor/perf/cpu_memory_used_gb:np.float64(32.20265197753906) - perf/mfu/actor:np.float64(0.10596577199205688) - training/global_step:13 - training/epoch:0 - critic/score/mean:1.0 - critic/score/max:1.0 - critic/score/min:1.0 - critic/rewards/mean:1.0 - critic/rewards/max:1.0 - critic/rewards/min:1.0 - critic/advantages/mean:0.0 - critic/advantages/max:0.0 - critic/advantages/min:0.0 - critic/returns/mean:0.0 - critic/returns/max:0.0 - critic/returns/min:0.0 - response_length/mean:2244.5 - response_length/max:2660.0 - response_length/min:1829.0 - response_length/clip_ratio:0.5 - response_length_non_aborted/mean:2244.5 - response_length_non_aborted/max:2660.0 - response_length_non_aborted/min:1829.0 - response_length_non_aborted/clip_ratio:0.5 - response/aborted_ratio:0.0 - prompt_length/mean:177.0 - prompt_length/max:177.0 - prompt_length/min:177.0 - prompt_length/clip_ratio:1.0 - timing_s/gen:20.70561090297997 - timing_s/c2_vllm_wake:0.05856616102391854 - timing_s/c2_vllm_probe:2.195998488983605 - timing_s/c2_vllm_sleep:0.5365771420183592 - timing_s/old_log_prob:1.0113465290050954 - timing_s/adv:0.12450092501239851 - timing_s/update_actor:2.5173167880275287 - timing_s/update_weights:24.877910226001404 - timing_s/step:52.13122939399909 - timing_per_token_ms/adv:0.02568618217709893 - timing_per_token_ms/update_actor:0.5193556401954876 - timing_per_token_ms/gen:4.6104678029347514 - perf/total_num_tokens:4847 - perf/time_per_step:52.13122939399909 - perf/throughput:92.97689803873963 - training/num_turns/mean:np.float64(2.0) - training/num_turns/max:np.int64(2) - training/num_turns/min:np.int64(2) - training/off_policy/trajectory_spans/mean:np.float64(1.0) - training/off_policy/trajectory_spans/max:np.float64(1.0) - training/off_policy/trajectory_spans/min:np.float64(1.0) - training/off_policy/trajectory_staleness/mean:np.float64(0.0) - training/off_policy/trajectory_staleness/max:np.float64(0.0) - training/off_policy/trajectory_staleness/min:np.float64(0.0) - training/off_policy/trajectory_staleness_worst/mean:np.float64(0.0) - training/off_policy/trajectory_staleness_worst/max:np.float64(0.0) - training/off_policy/trajectory_staleness_worst/min:np.float64(0.0)[36m(TaskRunnerV1 pid=1500822)[0m Training Progress:  72%|███████▏  | 13/18 [15:57<04:52, 58.46s/it]
[36m(WorkerDict pid=1502369)[0m INFO:2026-07-06 09:22:25,799:update_weights done, time cost: 0.89s
[36m(TaskRunnerV1 pid=1500822)[0m Training Progress:  78%|███████▊  | 14/18 [16:42<03:36, 54.23s/it]
