+ python --version
Python 3.11.15
+ df -h / /data2
Filesystem      Size  Used Avail Use% Mounted on
/dev/sda3       434G   99G  313G  24% /
/dev/nvme1n1p1  7.0T  136G  6.5T   3% /data2
+ nvidia-smi
Sun Jul  5 01:56:51 2026       
+-----------------------------------------------------------------------------------------+
| NVIDIA-SMI 580.95.05              Driver Version: 580.95.05      CUDA Version: 13.0     |
+-----------------------------------------+------------------------+----------------------+
| GPU  Name                 Persistence-M | Bus-Id          Disp.A | Volatile Uncorr. ECC |
| Fan  Temp   Perf          Pwr:Usage/Cap |           Memory-Usage | GPU-Util  Compute M. |
|                                         |                        |               MIG M. |
|=========================================+========================+======================|
|   0  NVIDIA H200                    Off |   00000000:C0:00.0 Off |                    0 |
| N/A   43C    P0            206W /  700W |       0MiB / 143771MiB |      0%      Default |
|                                         |                        |             Disabled |
+-----------------------------------------+------------------------+----------------------+

+-----------------------------------------------------------------------------------------+
| Processes:                                                                              |
|  GPU   GI   CI              PID   Type   Process name                        GPU Memory |
|        ID   ID                                                               Usage      |
|=========================================================================================|
|  No running processes found                                                             |
+-----------------------------------------------------------------------------------------+
+ ls -lh /data2/hjk/projects/AI-HiddenState-ER/rl_data/mathverse_text_a0_clean_qwen25_500/mathverse_text_a0_clean_train.parquet /data2/hjk/projects/AI-HiddenState-ER/rl_data/mathverse_text_a0_clean_qwen25_500/mathverse_text_a0_clean_val.parquet
-rw-rw-r-- 1 hjk hjk 49K Jul  5 00:03 /data2/hjk/projects/AI-HiddenState-ER/rl_data/mathverse_text_a0_clean_qwen25_500/mathverse_text_a0_clean_train.parquet
-rw-rw-r-- 1 hjk hjk 19K Jul  5 00:03 /data2/hjk/projects/AI-HiddenState-ER/rl_data/mathverse_text_a0_clean_qwen25_500/mathverse_text_a0_clean_val.parquet
+ echo RUN_NAME=mathverse_text_qwen25_1p5b_grpo_answer_a0_clean_rerun512_seed43
RUN_NAME=mathverse_text_qwen25_1p5b_grpo_answer_a0_clean_rerun512_seed43
+ echo SEED=43
SEED=43
+ echo MAX_RESPONSE_LENGTH=512
MAX_RESPONSE_LENGTH=512
+ echo VALIDATION_DATA_DIR=/data2/hjk/projects/AI-HiddenState-ER/rl_audit/mathverse_text_qwen25_1p5b_grpo_answer_a0_clean_rerun512_seed43/validation_generations
VALIDATION_DATA_DIR=/data2/hjk/projects/AI-HiddenState-ER/rl_audit/mathverse_text_qwen25_1p5b_grpo_answer_a0_clean_rerun512_seed43/validation_generations
+ cd /data2/hjk/projects/verl
+ DEVICE=gpu
+ INFER_BACKEND=vllm
+ MODEL_PATH=/data2/hjk/models/huggingface/hub/models--Qwen--Qwen2.5-1.5B-Instruct/snapshots/989aa7980e4cf806f80c7fef2b1adb7bc71aa306
+ NGPUS_PER_NODE=1
+ NNODES=1
+ TRAIN_BATCH_SIZE=4
+ PPO_MINI_BATCH_SIZE=16
+ MAX_PROMPT_LENGTH=2048
+ MAX_RESPONSE_LENGTH=512
+ PPO_MAX_TOKEN_LEN_PER_GPU=32768
+ ROLLOUT_TP=1
+ ROLLOUT_N=8
+ ROLLOUT_GPU_MEM_UTIL=0.35
+ TOTAL_EPOCHS=1
+ SAVE_FREQ=125
+ TEST_FREQ=25
+ PROJECT_NAME=mathverse_text_grpo_answer
+ EXPERIMENT_NAME=mathverse_text_qwen25_1p5b_grpo_answer_a0_clean_rerun512_seed43
+ bash examples/grpo_trainer/run_qwen3_8b_fsdp.sh data.train_files=/data2/hjk/projects/AI-HiddenState-ER/rl_data/mathverse_text_a0_clean_qwen25_500/mathverse_text_a0_clean_train.parquet data.val_files=/data2/hjk/projects/AI-HiddenState-ER/rl_data/mathverse_text_a0_clean_qwen25_500/mathverse_text_a0_clean_val.parquet data.dataloader_num_workers=0 data.shuffle=True data.seed=43 'trainer.logger=["console"]' trainer.total_training_steps=125 trainer.val_before_train=True trainer.default_local_dir=/data2/hjk/checkpoints/verl_qwen3vl/mathverse_text_qwen25_1p5b_grpo_answer_a0_clean_rerun512_seed43 trainer.log_val_generations=128 trainer.validation_data_dir=/data2/hjk/projects/AI-HiddenState-ER/rl_audit/mathverse_text_qwen25_1p5b_grpo_answer_a0_clean_rerun512_seed43/validation_generations reward.num_workers=1 reward.custom_reward_function.path=/data2/hjk/projects/AI-HiddenState-ER/scripts/mathverse_answer_reward.py reward.custom_reward_function.name=compute_score actor_rollout_ref.model.use_fused_kernels=False +actor_rollout_ref.model.override_config.attn_implementation=sdpa actor_rollout_ref.model.lora_rank=8 actor_rollout_ref.model.lora_alpha=16 'actor_rollout_ref.model.target_modules=["q_proj","k_proj","v_proj","o_proj","gate_proj","up_proj","down_proj"]' actor_rollout_ref.rollout.temperature=1.0 actor_rollout_ref.rollout.top_p=1.0 actor_rollout_ref.rollout.top_k=-1 actor_rollout_ref.rollout.do_sample=True actor_rollout_ref.rollout.seed=43 actor_rollout_ref.actor.data_loader_seed=43 actor_rollout_ref.actor.fsdp_config.seed=43 actor_rollout_ref.ref.fsdp_config.seed=43 algorithm.use_kl_in_reward=False actor_rollout_ref.actor.use_kl_loss=False data.filter_overlong_prompts=True data.truncation=error
+ DEVICE=gpu
+ INFER_BACKEND=vllm
+ MACHINE=
+ MODEL_PATH=/data2/hjk/models/huggingface/hub/models--Qwen--Qwen2.5-1.5B-Instruct/snapshots/989aa7980e4cf806f80c7fef2b1adb7bc71aa306
+ NNODES=1
+ NGPUS_PER_NODE=1
+ NPUS_PER_NODE=
+ train_batch_size=4
+ ppo_mini_batch_size=16
+ max_prompt_length=2048
+ max_response_length=512
+ ppo_max_token_len_per_gpu=32768
+ actor_lr=1e-6
+ kl_loss_coef=0.001
+ entropy_coeff=0
+ rollout_tp=1
+ rollout_gpu_mem_util=0.35
+ rollout_n=8
+ sp_size=1
+ total_epochs=1
+ save_freq=125
+ test_freq=25
+ PROJECT_NAME=mathverse_text_grpo_answer
+ EXPERIMENT_NAME=mathverse_text_qwen25_1p5b_grpo_answer_a0_clean_rerun512_seed43
+ case "${DEVICE}" in
+ '[' gpu = npu ']'
+ EXTRA=()
+ case "${DEVICE}" in
+ actor_param_offload=False
+ actor_optimizer_offload=False
+ rollout_tp=1
+ rollout_gpu_mem_util=0.35
+ case "${MACHINE}" in
+ NGPUS_PER_NODE=1
+ n_trainer_devices=1
+ DATA=(algorithm.adv_estimator=grpo algorithm.use_kl_in_reward=False data.train_files="['$HOME/data/gsm8k/train.parquet', '$HOME/data/math/train.parquet']" data.val_files="['$HOME/data/gsm8k/test.parquet', '$HOME/data/math/test.parquet']" data.train_batch_size=${train_batch_size} data.max_prompt_length=${max_prompt_length} data.max_response_length=${max_response_length} data.filter_overlong_prompts=True data.truncation='error')
+ MODEL=(actor_rollout_ref.model.path="$MODEL_PATH" actor_rollout_ref.model.use_remove_padding=True actor_rollout_ref.model.enable_gradient_checkpointing=True)
+ ACTOR=(actor_rollout_ref.actor.optim.lr=${actor_lr} actor_rollout_ref.actor.ppo_mini_batch_size=${ppo_mini_batch_size} actor_rollout_ref.actor.use_dynamic_bsz=True actor_rollout_ref.actor.ppo_max_token_len_per_gpu=${ppo_max_token_len_per_gpu} actor_rollout_ref.actor.use_kl_loss=True actor_rollout_ref.actor.kl_loss_coef=${kl_loss_coef} actor_rollout_ref.actor.kl_loss_type=low_var_kl actor_rollout_ref.actor.entropy_coeff=${entropy_coeff} actor_rollout_ref.actor.fsdp_config.param_offload=${actor_param_offload} actor_rollout_ref.actor.fsdp_config.optimizer_offload=${actor_optimizer_offload})
+ ROLLOUT=(actor_rollout_ref.rollout.name=${INFER_BACKEND} actor_rollout_ref.rollout.tensor_model_parallel_size=${rollout_tp} actor_rollout_ref.rollout.gpu_memory_utilization=${rollout_gpu_mem_util} actor_rollout_ref.rollout.n=${rollout_n} actor_rollout_ref.rollout.log_prob_use_dynamic_bsz=True actor_rollout_ref.rollout.log_prob_max_token_len_per_gpu=${ppo_max_token_len_per_gpu})
+ REF=(actor_rollout_ref.ref.log_prob_use_dynamic_bsz=True actor_rollout_ref.ref.log_prob_max_token_len_per_gpu=${ppo_max_token_len_per_gpu} actor_rollout_ref.ref.fsdp_config.param_offload=True)
+ TRAINER=(trainer.balance_batch=True trainer.logger='["console","wandb"]' trainer.project_name=${PROJECT_NAME} trainer.experiment_name=${EXPERIMENT_NAME} trainer.n_gpus_per_node=${n_trainer_devices} trainer.nnodes=${NNODES} trainer.save_freq=${save_freq} trainer.test_freq=${test_freq} trainer.total_epochs=${total_epochs})
+ python3 -m verl.trainer.main_ppo algorithm.adv_estimator=grpo algorithm.use_kl_in_reward=False 'data.train_files=['\''/home/hjk/data/gsm8k/train.parquet'\'', '\''/home/hjk/data/math/train.parquet'\'']' 'data.val_files=['\''/home/hjk/data/gsm8k/test.parquet'\'', '\''/home/hjk/data/math/test.parquet'\'']' data.train_batch_size=4 data.max_prompt_length=2048 data.max_response_length=512 data.filter_overlong_prompts=True data.truncation=error actor_rollout_ref.model.path=/data2/hjk/models/huggingface/hub/models--Qwen--Qwen2.5-1.5B-Instruct/snapshots/989aa7980e4cf806f80c7fef2b1adb7bc71aa306 actor_rollout_ref.model.use_remove_padding=True actor_rollout_ref.model.enable_gradient_checkpointing=True actor_rollout_ref.actor.optim.lr=1e-6 actor_rollout_ref.actor.ppo_mini_batch_size=16 actor_rollout_ref.actor.use_dynamic_bsz=True actor_rollout_ref.actor.ppo_max_token_len_per_gpu=32768 actor_rollout_ref.actor.use_kl_loss=True actor_rollout_ref.actor.kl_loss_coef=0.001 actor_rollout_ref.actor.kl_loss_type=low_var_kl actor_rollout_ref.actor.entropy_coeff=0 actor_rollout_ref.actor.fsdp_config.param_offload=False actor_rollout_ref.actor.fsdp_config.optimizer_offload=False actor_rollout_ref.rollout.name=vllm actor_rollout_ref.rollout.tensor_model_parallel_size=1 actor_rollout_ref.rollout.gpu_memory_utilization=0.35 actor_rollout_ref.rollout.n=8 actor_rollout_ref.rollout.log_prob_use_dynamic_bsz=True actor_rollout_ref.rollout.log_prob_max_token_len_per_gpu=32768 actor_rollout_ref.ref.log_prob_use_dynamic_bsz=True actor_rollout_ref.ref.log_prob_max_token_len_per_gpu=32768 actor_rollout_ref.ref.fsdp_config.param_offload=True trainer.balance_batch=True 'trainer.logger=["console","wandb"]' trainer.project_name=mathverse_text_grpo_answer trainer.experiment_name=mathverse_text_qwen25_1p5b_grpo_answer_a0_clean_rerun512_seed43 trainer.n_gpus_per_node=1 trainer.nnodes=1 trainer.save_freq=125 trainer.test_freq=25 trainer.total_epochs=1 data.train_files=/data2/hjk/projects/AI-HiddenState-ER/rl_data/mathverse_text_a0_clean_qwen25_500/mathverse_text_a0_clean_train.parquet data.val_files=/data2/hjk/projects/AI-HiddenState-ER/rl_data/mathverse_text_a0_clean_qwen25_500/mathverse_text_a0_clean_val.parquet data.dataloader_num_workers=0 data.shuffle=True data.seed=43 'trainer.logger=["console"]' trainer.total_training_steps=125 trainer.val_before_train=True trainer.default_local_dir=/data2/hjk/checkpoints/verl_qwen3vl/mathverse_text_qwen25_1p5b_grpo_answer_a0_clean_rerun512_seed43 trainer.log_val_generations=128 trainer.validation_data_dir=/data2/hjk/projects/AI-HiddenState-ER/rl_audit/mathverse_text_qwen25_1p5b_grpo_answer_a0_clean_rerun512_seed43/validation_generations reward.num_workers=1 reward.custom_reward_function.path=/data2/hjk/projects/AI-HiddenState-ER/scripts/mathverse_answer_reward.py reward.custom_reward_function.name=compute_score actor_rollout_ref.model.use_fused_kernels=False +actor_rollout_ref.model.override_config.attn_implementation=sdpa actor_rollout_ref.model.lora_rank=8 actor_rollout_ref.model.lora_alpha=16 'actor_rollout_ref.model.target_modules=["q_proj","k_proj","v_proj","o_proj","gate_proj","up_proj","down_proj"]' actor_rollout_ref.rollout.temperature=1.0 actor_rollout_ref.rollout.top_p=1.0 actor_rollout_ref.rollout.top_k=-1 actor_rollout_ref.rollout.do_sample=True actor_rollout_ref.rollout.seed=43 actor_rollout_ref.actor.data_loader_seed=43 actor_rollout_ref.actor.fsdp_config.seed=43 actor_rollout_ref.ref.fsdp_config.seed=43 algorithm.use_kl_in_reward=False actor_rollout_ref.actor.use_kl_loss=False data.filter_overlong_prompts=True data.truncation=error
/data2/hjk/envs/verl_qwen3vl_py311/lib/python3.11/site-packages/transformers/utils/hub.py:110: FutureWarning: Using `TRANSFORMERS_CACHE` is deprecated and will be removed in v5 of Transformers. Use `HF_HOME` instead.
  warnings.warn(
/data2/hjk/projects/verl/verl/trainer/main_ppo.py:167: UserWarning: Disabled critic as algorithm.adv_estimator != gae. If it is not intended, please set critic.enable=True
  use_critic=need_critic(config),
INFO 07-05 01:56:59 [__init__.py:216] Automatically detected platform cuda.
2026-07-05 01:57:07,175	INFO worker.py:2015 -- Started a local Ray instance. View the dashboard at [1m[32mhttp://127.0.0.1:8265 [39m[22m
[36m(pid=859989)[0m /data2/hjk/envs/verl_qwen3vl_py311/lib/python3.11/site-packages/transformers/utils/hub.py:110: FutureWarning: Using `TRANSFORMERS_CACHE` is deprecated and will be removed in v5 of Transformers. Use `HF_HOME` instead.
[36m(pid=859989)[0m   warnings.warn(
[36m(TaskRunnerV1 pid=859989)[0m /data2/hjk/projects/verl/verl/workers/engine/mindspeed/transformer_impl.py:24: UserWarning: NPU not support router replay for now.
[36m(TaskRunnerV1 pid=859989)[0m   from verl.utils.megatron.router_replay_patch import RouterReplay
[validate_config] All configuration checks passed successfully!
ray init kwargs: {'num_cpus': None, 'runtime_env': {'env_vars': {'NCCL_DEBUG': 'WARN', 'VLLM_LOGGING_LEVEL': 'WARN', 'VLLM_ALLOW_RUNTIME_LORA_UPDATING': 'true', 'CUDA_DEVICE_MAX_CONNECTIONS': '1', 'VLLM_DISABLE_COMPILE_CACHE': '1', 'HCCL_HOST_SOCKET_PORT_RANGE': 'auto', 'HCCL_NPU_SOCKET_PORT_RANGE': 'auto', 'HSA_NO_SCRATCH_RECLAIM': '1', 'PYTHONHASHSEED': '0', 'VERL_FULL_DETERMINISM': '0', 'VLLM_BATCH_INVARIANT': '0'}, 'working_dir': None}}
[36m(TaskRunnerV1 pid=859989)[0m {'actor_rollout_ref': {'actor': {'_target_': 'verl.workers.config.FSDPActorConfig',
[36m(TaskRunnerV1 pid=859989)[0m                                  'calculate_entropy': False,
[36m(TaskRunnerV1 pid=859989)[0m                                  'calculate_sum_pi_squared': False,
[36m(TaskRunnerV1 pid=859989)[0m                                  'checkpoint': {'_target_': 'verl.trainer.config.CheckpointConfig',
[36m(TaskRunnerV1 pid=859989)[0m                                                 'async_save': False,
[36m(TaskRunnerV1 pid=859989)[0m                                                 'load_contents': ['model',
[36m(TaskRunnerV1 pid=859989)[0m                                                                   'optimizer',
[36m(TaskRunnerV1 pid=859989)[0m                                                                   'extra'],
[36m(TaskRunnerV1 pid=859989)[0m                                                 'save_contents': ['model',
[36m(TaskRunnerV1 pid=859989)[0m                                                                   'optimizer',
[36m(TaskRunnerV1 pid=859989)[0m                                                                   'extra'],
[36m(TaskRunnerV1 pid=859989)[0m                                                 'strict': True},
[36m(TaskRunnerV1 pid=859989)[0m                                  'clip_ratio': 0.2,
[36m(TaskRunnerV1 pid=859989)[0m                                  'clip_ratio_c': 3.0,
[36m(TaskRunnerV1 pid=859989)[0m                                  'clip_ratio_high': 0.2,
[36m(TaskRunnerV1 pid=859989)[0m                                  'clip_ratio_low': 0.2,
[36m(TaskRunnerV1 pid=859989)[0m                                  'data_loader_seed': 43,
[36m(TaskRunnerV1 pid=859989)[0m                                  'entropy_checkpointing': False,
[36m(TaskRunnerV1 pid=859989)[0m                                  'entropy_coeff': 0,
[36m(TaskRunnerV1 pid=859989)[0m                                  'entropy_from_logits_chunk_size': 2048,
[36m(TaskRunnerV1 pid=859989)[0m                                  'entropy_from_logits_with_chunking': False,
[36m(TaskRunnerV1 pid=859989)[0m                                  'freeze_vision_tower': False,
[36m(TaskRunnerV1 pid=859989)[0m                                  'fsdp_config': {'_target_': 'verl.workers.config.FSDPEngineConfig',
[36m(TaskRunnerV1 pid=859989)[0m                                                  'dtype': 'bfloat16',
[36m(TaskRunnerV1 pid=859989)[0m                                                  'entropy_checkpointing': False,
[36m(TaskRunnerV1 pid=859989)[0m                                                  'entropy_from_logits_chunk_size': 2048,
[36m(TaskRunnerV1 pid=859989)[0m                                                  'entropy_from_logits_with_chunking': False,
[36m(TaskRunnerV1 pid=859989)[0m                                                  'forward_only': False,
[36m(TaskRunnerV1 pid=859989)[0m                                                  'forward_prefetch': False,
[36m(TaskRunnerV1 pid=859989)[0m                                                  'fsdp_size': -1,
[36m(TaskRunnerV1 pid=859989)[0m                                                  'full_determinism': False,
[36m(TaskRunnerV1 pid=859989)[0m                                                  'model_dtype': 'fp32',
[36m(TaskRunnerV1 pid=859989)[0m                                                  'offload_policy': False,
[36m(TaskRunnerV1 pid=859989)[0m                                                  'optimizer_offload': False,
[36m(TaskRunnerV1 pid=859989)[0m                                                  'param_offload': False,
[36m(TaskRunnerV1 pid=859989)[0m                                                  'qat': {'_target_': 'verl.workers.config.QATEngineConfig',
[36m(TaskRunnerV1 pid=859989)[0m                                                          'activation_observer': 'static_minmax',
[36m(TaskRunnerV1 pid=859989)[0m                                                          'enable': False,
[36m(TaskRunnerV1 pid=859989)[0m                                                          'group_size': 16,
[36m(TaskRunnerV1 pid=859989)[0m                                                          'ignore_patterns': ['lm_head',
[36m(TaskRunnerV1 pid=859989)[0m                                                                              'embed_tokens',
[36m(TaskRunnerV1 pid=859989)[0m                                                                              're:.*mlp.gate$'],
[36m(TaskRunnerV1 pid=859989)[0m                                                          'mode': 'w4a16',
[36m(TaskRunnerV1 pid=859989)[0m                                                          'quantization_config_path': None},
[36m(TaskRunnerV1 pid=859989)[0m                                                  'reshard_after_forward': True,
[36m(TaskRunnerV1 pid=859989)[0m                                                  'seed': 43,
[36m(TaskRunnerV1 pid=859989)[0m                                                  'strategy': 'fsdp',
[36m(TaskRunnerV1 pid=859989)[0m                                                  'ulysses_sequence_parallel_size': 1,
[36m(TaskRunnerV1 pid=859989)[0m                                                  'use_orig_params': False,
[36m(TaskRunnerV1 pid=859989)[0m                                                  'use_torch_compile': True,
[36m(TaskRunnerV1 pid=859989)[0m                                                  'wrap_policy': {'min_num_params': 0}},
[36m(TaskRunnerV1 pid=859989)[0m                                  'grad_clip': 1.0,
[36m(TaskRunnerV1 pid=859989)[0m                                  'kl_loss_coef': 0.001,
[36m(TaskRunnerV1 pid=859989)[0m                                  'kl_loss_type': 'low_var_kl',
[36m(TaskRunnerV1 pid=859989)[0m                                  'loss_agg_mode': 'token-mean',
[36m(TaskRunnerV1 pid=859989)[0m                                  'loss_scale_factor': None,
[36m(TaskRunnerV1 pid=859989)[0m                                  'optim': {'_target_': 'verl.workers.config.FSDPOptimizerConfig',
[36m(TaskRunnerV1 pid=859989)[0m                                            'betas': [0.9, 0.999],
[36m(TaskRunnerV1 pid=859989)[0m                                            'clip_grad': 1.0,
[36m(TaskRunnerV1 pid=859989)[0m                                            'lr': 1e-06,
[36m(TaskRunnerV1 pid=859989)[0m                                            'lr_scheduler_type': 'constant',
[36m(TaskRunnerV1 pid=859989)[0m                                            'lr_warmup_steps': -1,
[36m(TaskRunnerV1 pid=859989)[0m                                            'lr_warmup_steps_ratio': 0.0,
[36m(TaskRunnerV1 pid=859989)[0m                                            'min_lr_ratio': 0.0,
[36m(TaskRunnerV1 pid=859989)[0m                                            'num_cycles': 0.5,
[36m(TaskRunnerV1 pid=859989)[0m                                            'optimizer': 'AdamW',
[36m(TaskRunnerV1 pid=859989)[0m                                            'optimizer_impl': 'torch.optim',
[36m(TaskRunnerV1 pid=859989)[0m                                            'override_optimizer_config': None,
[36m(TaskRunnerV1 pid=859989)[0m                                            'total_training_steps': -1,
[36m(TaskRunnerV1 pid=859989)[0m                                            'warmup_style': None,
[36m(TaskRunnerV1 pid=859989)[0m                                            'weight_decay': 0.01,
[36m(TaskRunnerV1 pid=859989)[0m                                            'zero_indexed_step': True},
[36m(TaskRunnerV1 pid=859989)[0m                                  'policy_loss': {'_target_': 'verl.workers.config.PolicyLossConfig',
[36m(TaskRunnerV1 pid=859989)[0m                                                  'clip_cov_lb': 1.0,
[36m(TaskRunnerV1 pid=859989)[0m                                                  'clip_cov_ratio': 0.0002,
[36m(TaskRunnerV1 pid=859989)[0m                                                  'clip_cov_ub': 5.0,
[36m(TaskRunnerV1 pid=859989)[0m                                                  'kl_cov_ratio': 0.0002,
[36m(TaskRunnerV1 pid=859989)[0m                                                  'loss_mode': 'vanilla',
[36m(TaskRunnerV1 pid=859989)[0m                                                  'ppo_kl_coef': 0.1},
[36m(TaskRunnerV1 pid=859989)[0m                                  'ppo_epochs': 1,
[36m(TaskRunnerV1 pid=859989)[0m                                  'ppo_max_token_len_per_gpu': 32768,
[36m(TaskRunnerV1 pid=859989)[0m                                  'ppo_micro_batch_size': None,
[36m(TaskRunnerV1 pid=859989)[0m                                  'ppo_micro_batch_size_per_gpu': None,
[36m(TaskRunnerV1 pid=859989)[0m                                  'ppo_mini_batch_size': 16,
[36m(TaskRunnerV1 pid=859989)[0m                                  'profiler': {'_target_': 'verl.utils.profiler.ProfilerConfig',
[36m(TaskRunnerV1 pid=859989)[0m                                               'all_ranks': False,
[36m(TaskRunnerV1 pid=859989)[0m                                               'enable': False,
[36m(TaskRunnerV1 pid=859989)[0m                                               'ranks': [],
[36m(TaskRunnerV1 pid=859989)[0m                                               'save_path': 'outputs/profile',
[36m(TaskRunnerV1 pid=859989)[0m                                               'tool': None,
[36m(TaskRunnerV1 pid=859989)[0m                                               'tool_config': {'npu': {'_target_': 'verl.utils.profiler.config.NPUToolConfig',
[36m(TaskRunnerV1 pid=859989)[0m                                                                       'analysis': True,
[36m(TaskRunnerV1 pid=859989)[0m                                                                       'contents': [],
[36m(TaskRunnerV1 pid=859989)[0m                                                                       'discrete': False,
[36m(TaskRunnerV1 pid=859989)[0m                                                                       'level': 'level0'},
[36m(TaskRunnerV1 pid=859989)[0m                                                               'nsys': {'_target_': 'verl.utils.profiler.config.NsightToolConfig',
[36m(TaskRunnerV1 pid=859989)[0m                                                                        'discrete': False},
[36m(TaskRunnerV1 pid=859989)[0m                                                               'precision_debugger': {'_target_': 'verl.utils.profiler.config.PrecisionDebuggerToolConfig',
[36m(TaskRunnerV1 pid=859989)[0m                                                                                      'config_path': None,
[36m(TaskRunnerV1 pid=859989)[0m                                                                                      'stages': None,
[36m(TaskRunnerV1 pid=859989)[0m                                                                                      'steps': None,
[36m(TaskRunnerV1 pid=859989)[0m                                                                                      'strict': False},
[36m(TaskRunnerV1 pid=859989)[0m                                                               'torch': {'_target_': 'verl.utils.profiler.config.TorchProfilerToolConfig',
[36m(TaskRunnerV1 pid=859989)[0m                                                                         'contents': [],
[36m(TaskRunnerV1 pid=859989)[0m                                                                         'discrete': False},
[36m(TaskRunnerV1 pid=859989)[0m                                                               'torch_memory': {'_target_': 'verl.utils.profiler.config.TorchMemoryToolConfig',
[36m(TaskRunnerV1 pid=859989)[0m                                                                                'stack_depth': 32,
[36m(TaskRunnerV1 pid=859989)[0m                                                                                'trace_alloc_max_entries': 100000}}},
[36m(TaskRunnerV1 pid=859989)[0m                                  'qat': {'activation_observer': 'static_minmax',
[36m(TaskRunnerV1 pid=859989)[0m                                          'enable': False,
[36m(TaskRunnerV1 pid=859989)[0m                                          'group_size': 16,
[36m(TaskRunnerV1 pid=859989)[0m                                          'ignore_patterns': ['lm_head',
[36m(TaskRunnerV1 pid=859989)[0m                                                              'embed_tokens',
[36m(TaskRunnerV1 pid=859989)[0m                                                              're:.*mlp.gate$'],
[36m(TaskRunnerV1 pid=859989)[0m                                          'mode': 'w4a16',
[36m(TaskRunnerV1 pid=859989)[0m                                          'quantization_config_path': None},
[36m(TaskRunnerV1 pid=859989)[0m                                  'rollout_n': 8,
[36m(TaskRunnerV1 pid=859989)[0m                                  'router_replay': {'_target_': 'verl.workers.config.RouterReplayConfig',
[36m(TaskRunnerV1 pid=859989)[0m                                                    'mode': 'disabled',
[36m(TaskRunnerV1 pid=859989)[0m                                                    'record_file': None,
[36m(TaskRunnerV1 pid=859989)[0m                                                    'replay_file': None},
[36m(TaskRunnerV1 pid=859989)[0m                                  'shuffle': False,
[36m(TaskRunnerV1 pid=859989)[0m                                  'strategy': 'fsdp',
[36m(TaskRunnerV1 pid=859989)[0m                                  'tau_neg': 1.05,
[36m(TaskRunnerV1 pid=859989)[0m                                  'tau_pos': 1.0,
[36m(TaskRunnerV1 pid=859989)[0m                                  'ulysses_sequence_parallel_size': 1,
[36m(TaskRunnerV1 pid=859989)[0m                                  'use_dynamic_bsz': True,
[36m(TaskRunnerV1 pid=859989)[0m                                  'use_fused_kernels': False,
[36m(TaskRunnerV1 pid=859989)[0m                                  'use_kl_loss': False,
[36m(TaskRunnerV1 pid=859989)[0m                                  'use_prefix_grouper': False,
[36m(TaskRunnerV1 pid=859989)[0m                                  'use_remove_padding': True,
[36m(TaskRunnerV1 pid=859989)[0m                                  'use_torch_compile': True},
[36m(TaskRunnerV1 pid=859989)[0m                        'hybrid_engine': True,
[36m(TaskRunnerV1 pid=859989)[0m                        'model': {'_target_': 'verl.workers.config.HFModelConfig',
[36m(TaskRunnerV1 pid=859989)[0m                                  'custom_chat_template': None,
[36m(TaskRunnerV1 pid=859989)[0m                                  'enable_activation_offload': False,
[36m(TaskRunnerV1 pid=859989)[0m                                  'enable_gradient_checkpointing': True,
[36m(TaskRunnerV1 pid=859989)[0m                                  'exclude_modules': None,
[36m(TaskRunnerV1 pid=859989)[0m                                  'external_lib': None,
[36m(TaskRunnerV1 pid=859989)[0m                                  'fused_kernel_options': {'impl_backend': 'torch'},
[36m(TaskRunnerV1 pid=859989)[0m                                  'hf_config_path': None,
[36m(TaskRunnerV1 pid=859989)[0m                                  'lora': {'a2a_experimental': False,
[36m(TaskRunnerV1 pid=859989)[0m                                           'adapter_path': None,
[36m(TaskRunnerV1 pid=859989)[0m                                           'alpha': 32,
[36m(TaskRunnerV1 pid=859989)[0m                                           'dropout': 0.0,
[36m(TaskRunnerV1 pid=859989)[0m                                           'dropout_position': 'pre',
[36m(TaskRunnerV1 pid=859989)[0m                                           'dtype': None,
[36m(TaskRunnerV1 pid=859989)[0m                                           'exclude_modules': [],
[36m(TaskRunnerV1 pid=859989)[0m                                           'freeze_language_model': True,
[36m(TaskRunnerV1 pid=859989)[0m                                           'freeze_vision_model': True,
[36m(TaskRunnerV1 pid=859989)[0m                                           'freeze_vision_projection': True,
[36m(TaskRunnerV1 pid=859989)[0m                                           'lora_A_init_method': 'xavier',
[36m(TaskRunnerV1 pid=859989)[0m                                           'lora_B_init_method': 'zero',
[36m(TaskRunnerV1 pid=859989)[0m                                           'merge': False,
[36m(TaskRunnerV1 pid=859989)[0m                                           'rank': 0,
[36m(TaskRunnerV1 pid=859989)[0m                                           'target_modules': ['linear_qkv',
[36m(TaskRunnerV1 pid=859989)[0m                                                              'linear_proj',
[36m(TaskRunnerV1 pid=859989)[0m                                                              'linear_fc1',
[36m(TaskRunnerV1 pid=859989)[0m                                                              'linear_fc2'],
[36m(TaskRunnerV1 pid=859989)[0m                                           'type': 'lora'},
[36m(TaskRunnerV1 pid=859989)[0m                                  'lora_adapter_path': None,
[36m(TaskRunnerV1 pid=859989)[0m                                  'lora_alpha': 16,
[36m(TaskRunnerV1 pid=859989)[0m                                  'lora_rank': 8,
[36m(TaskRunnerV1 pid=859989)[0m                                  'mtp': {'_target_': 'verl.workers.config.MtpConfig',
[36m(TaskRunnerV1 pid=859989)[0m                                          'detach_encoder': False,
[36m(TaskRunnerV1 pid=859989)[0m                                          'enable': False,
[36m(TaskRunnerV1 pid=859989)[0m                                          'enable_rollout': False,
[36m(TaskRunnerV1 pid=859989)[0m                                          'enable_train': False,
[36m(TaskRunnerV1 pid=859989)[0m                                          'method': 'mtp',
[36m(TaskRunnerV1 pid=859989)[0m                                          'mtp_loss_scaling_factor': 0.1,
[36m(TaskRunnerV1 pid=859989)[0m                                          'num_speculative_tokens': 1,
[36m(TaskRunnerV1 pid=859989)[0m                                          'speculative_algorithm': 'EAGLE',
[36m(TaskRunnerV1 pid=859989)[0m                                          'speculative_eagle_topk': 1,
[36m(TaskRunnerV1 pid=859989)[0m                                          'speculative_num_draft_tokens': 4,
[36m(TaskRunnerV1 pid=859989)[0m                                          'speculative_num_steps': 3},
[36m(TaskRunnerV1 pid=859989)[0m                                  'override_config': {'attn_implementation': 'sdpa'},
[36m(TaskRunnerV1 pid=859989)[0m                                  'path': '/data2/hjk/models/huggingface/hub/models--Qwen--Qwen2.5-1.5B-Instruct/snapshots/989aa7980e4cf806f80c7fef2b1adb7bc71aa306',
[36m(TaskRunnerV1 pid=859989)[0m                                  'target_modules': ['q_proj',
[36m(TaskRunnerV1 pid=859989)[0m                                                     'k_proj',
[36m(TaskRunnerV1 pid=859989)[0m                                                     'v_proj',
[36m(TaskRunnerV1 pid=859989)[0m                                                     'o_proj',
[36m(TaskRunnerV1 pid=859989)[0m                                                     'gate_proj',
[36m(TaskRunnerV1 pid=859989)[0m                                                     'up_proj',
[36m(TaskRunnerV1 pid=859989)[0m                                                     'down_proj'],
[36m(TaskRunnerV1 pid=859989)[0m                                  'tiled_mlp': {'enabled': False,
[36m(TaskRunnerV1 pid=859989)[0m                                                'num_shards': 4},
[36m(TaskRunnerV1 pid=859989)[0m                                  'tokenizer_path': None,
[36m(TaskRunnerV1 pid=859989)[0m                                  'trust_remote_code': False,
[36m(TaskRunnerV1 pid=859989)[0m                                  'use_fused_kernels': False,
[36m(TaskRunnerV1 pid=859989)[0m                                  'use_liger': False,
[36m(TaskRunnerV1 pid=859989)[0m                                  'use_remove_padding': True,
[36m(TaskRunnerV1 pid=859989)[0m                                  'use_shm': False},
[36m(TaskRunnerV1 pid=859989)[0m                        'nccl_timeout': 600,
[36m(TaskRunnerV1 pid=859989)[0m                        'ref': {'_target_': 'verl.workers.config.FSDPActorConfig',
[36m(TaskRunnerV1 pid=859989)[0m                                'entropy_checkpointing': False,
[36m(TaskRunnerV1 pid=859989)[0m                                'entropy_from_logits_chunk_size': 2048,
[36m(TaskRunnerV1 pid=859989)[0m                                'entropy_from_logits_with_chunking': False,
[36m(TaskRunnerV1 pid=859989)[0m                                'fsdp_config': {'_target_': 'verl.workers.config.FSDPEngineConfig',
[36m(TaskRunnerV1 pid=859989)[0m                                                'dtype': 'bfloat16',
[36m(TaskRunnerV1 pid=859989)[0m                                                'entropy_checkpointing': False,
[36m(TaskRunnerV1 pid=859989)[0m                                                'entropy_from_logits_chunk_size': 2048,
[36m(TaskRunnerV1 pid=859989)[0m                                                'entropy_from_logits_with_chunking': False,
[36m(TaskRunnerV1 pid=859989)[0m                                                'forward_only': True,
[36m(TaskRunnerV1 pid=859989)[0m                                                'forward_prefetch': False,
[36m(TaskRunnerV1 pid=859989)[0m                                                'fsdp_size': -1,
[36m(TaskRunnerV1 pid=859989)[0m                                                'full_determinism': False,
[36m(TaskRunnerV1 pid=859989)[0m                                                'model_dtype': 'fp32',
[36m(TaskRunnerV1 pid=859989)[0m                                                'offload_policy': False,
[36m(TaskRunnerV1 pid=859989)[0m                                                'optimizer_offload': False,
[36m(TaskRunnerV1 pid=859989)[0m                                                'param_offload': True,
[36m(TaskRunnerV1 pid=859989)[0m                                                'qat': {'_target_': 'verl.workers.config.QATEngineConfig',
[36m(TaskRunnerV1 pid=859989)[0m                                                        'activation_observer': 'static_minmax',
[36m(TaskRunnerV1 pid=859989)[0m                                                        'enable': False,
[36m(TaskRunnerV1 pid=859989)[0m                                                        'group_size': 16,
[36m(TaskRunnerV1 pid=859989)[0m                                                        'ignore_patterns': ['lm_head',
[36m(TaskRunnerV1 pid=859989)[0m                                                                            'embed_tokens',
[36m(TaskRunnerV1 pid=859989)[0m                                                                            're:.*mlp.gate$'],
[36m(TaskRunnerV1 pid=859989)[0m                                                        'mode': 'w4a16',
[36m(TaskRunnerV1 pid=859989)[0m                                                        'quantization_config_path': None},
[36m(TaskRunnerV1 pid=859989)[0m                                                'reshard_after_forward': True,
[36m(TaskRunnerV1 pid=859989)[0m                                                'seed': 43,
[36m(TaskRunnerV1 pid=859989)[0m                                                'strategy': 'fsdp',
[36m(TaskRunnerV1 pid=859989)[0m                                                'ulysses_sequence_parallel_size': 1,
[36m(TaskRunnerV1 pid=859989)[0m                                                'use_orig_params': False,
[36m(TaskRunnerV1 pid=859989)[0m                                                'use_torch_compile': True,
[36m(TaskRunnerV1 pid=859989)[0m                                                'wrap_policy': {'min_num_params': 0}},
[36m(TaskRunnerV1 pid=859989)[0m                                'log_prob_max_token_len_per_gpu': 32768,
[36m(TaskRunnerV1 pid=859989)[0m                                'log_prob_micro_batch_size': None,
[36m(TaskRunnerV1 pid=859989)[0m                                'log_prob_micro_batch_size_per_gpu': None,
[36m(TaskRunnerV1 pid=859989)[0m                                'log_prob_use_dynamic_bsz': True,
[36m(TaskRunnerV1 pid=859989)[0m                                'profiler': {'_target_': 'verl.utils.profiler.ProfilerConfig',
[36m(TaskRunnerV1 pid=859989)[0m                                             'all_ranks': False,
[36m(TaskRunnerV1 pid=859989)[0m                                             'enable': False,
[36m(TaskRunnerV1 pid=859989)[0m                                             'ranks': [],
[36m(TaskRunnerV1 pid=859989)[0m                                             'save_path': 'outputs/profile',
[36m(TaskRunnerV1 pid=859989)[0m                                             'tool': None,
[36m(TaskRunnerV1 pid=859989)[0m                                             'tool_config': {'npu': {'_target_': 'verl.utils.profiler.config.NPUToolConfig',
[36m(TaskRunnerV1 pid=859989)[0m                                                                     'analysis': True,
[36m(TaskRunnerV1 pid=859989)[0m                                                                     'contents': [],
[36m(TaskRunnerV1 pid=859989)[0m                                                                     'discrete': False,
[36m(TaskRunnerV1 pid=859989)[0m                                                                     'level': 'level0'},
[36m(TaskRunnerV1 pid=859989)[0m                                                             'nsys': {'_target_': 'verl.utils.profiler.config.NsightToolConfig',
[36m(TaskRunnerV1 pid=859989)[0m                                                                      'discrete': False},
[36m(TaskRunnerV1 pid=859989)[0m                                                             'precision_debugger': {'_target_': 'verl.utils.profiler.config.PrecisionDebuggerToolConfig',
[36m(TaskRunnerV1 pid=859989)[0m                                                                                    'config_path': None,
[36m(TaskRunnerV1 pid=859989)[0m                                                                                    'stages': None,
[36m(TaskRunnerV1 pid=859989)[0m                                                                                    'steps': None,
[36m(TaskRunnerV1 pid=859989)[0m                                                                                    'strict': False},
[36m(TaskRunnerV1 pid=859989)[0m                                                             'torch': {'_target_': 'verl.utils.profiler.config.TorchProfilerToolConfig',
[36m(TaskRunnerV1 pid=859989)[0m                                                                       'contents': [],
[36m(TaskRunnerV1 pid=859989)[0m                                                                       'discrete': False},
[36m(TaskRunnerV1 pid=859989)[0m                                                             'torch_memory': {'_target_': 'verl.utils.profiler.config.TorchMemoryToolConfig',
[36m(TaskRunnerV1 pid=859989)[0m                                                                              'stack_depth': 32,
[36m(TaskRunnerV1 pid=859989)[0m                                                                              'trace_alloc_max_entries': 100000}}},
[36m(TaskRunnerV1 pid=859989)[0m                                'rollout_n': 8,
[36m(TaskRunnerV1 pid=859989)[0m                                'router_replay': {'_target_': 'verl.workers.config.RouterReplayConfig',
[36m(TaskRunnerV1 pid=859989)[0m                                                  'mode': 'disabled',
[36m(TaskRunnerV1 pid=859989)[0m                                                  'record_file': None,
[36m(TaskRunnerV1 pid=859989)[0m                                                  'replay_file': None},
[36m(TaskRunnerV1 pid=859989)[0m                                'strategy': 'fsdp',
[36m(TaskRunnerV1 pid=859989)[0m                                'ulysses_sequence_parallel_size': 1,
[36m(TaskRunnerV1 pid=859989)[0m                                'use_torch_compile': True},
[36m(TaskRunnerV1 pid=859989)[0m                        'rollout': {'_target_': 'verl.workers.config.RolloutConfig',
[36m(TaskRunnerV1 pid=859989)[0m                                    'agent': {'_target_': 'verl.workers.config.AgentLoopConfig',
[36m(TaskRunnerV1 pid=859989)[0m                                              'agent_loop_config_path': None,
[36m(TaskRunnerV1 pid=859989)[0m                                              'custom_async_server': {'_target_': 'verl.workers.config.CustomAsyncServerConfig',
[36m(TaskRunnerV1 pid=859989)[0m                                                                      'name': None,
[36m(TaskRunnerV1 pid=859989)[0m                                                                      'path': None},
[36m(TaskRunnerV1 pid=859989)[0m                                              'default_agent_loop': 'single_turn_agent',
[36m(TaskRunnerV1 pid=859989)[0m                                              'num_workers': 8},
[36m(TaskRunnerV1 pid=859989)[0m                                    'calculate_log_probs': True,
[36m(TaskRunnerV1 pid=859989)[0m                                    'checkpoint_engine': {'_target_': 'verl.workers.config.CheckpointEngineConfig',
[36m(TaskRunnerV1 pid=859989)[0m                                                          'backend': 'naive',
[36m(TaskRunnerV1 pid=859989)[0m                                                          'custom_backend_module': None,
[36m(TaskRunnerV1 pid=859989)[0m                                                          'engine_kwargs': {},
[36m(TaskRunnerV1 pid=859989)[0m                                                          'update_weights_bucket_megabytes': 2048},
[36m(TaskRunnerV1 pid=859989)[0m                                    'cudagraph_capture_sizes': None,
[36m(TaskRunnerV1 pid=859989)[0m                                    'data_parallel_size': 1,
[36m(TaskRunnerV1 pid=859989)[0m                                    'disable_log_stats': True,
[36m(TaskRunnerV1 pid=859989)[0m                                    'disaggregation': {'bootstrap_port': None,
[36m(TaskRunnerV1 pid=859989)[0m                                                       'decode_replicas': 1,
[36m(TaskRunnerV1 pid=859989)[0m                                                       'decode_tensor_model_parallel_size': None,
[36m(TaskRunnerV1 pid=859989)[0m                                                       'enabled': False,
[36m(TaskRunnerV1 pid=859989)[0m                                                       'ib_device': None,
[36m(TaskRunnerV1 pid=859989)[0m                                                       'prefill_replicas': 1,
[36m(TaskRunnerV1 pid=859989)[0m                                                       'transfer_backend': 'nixl'},
[36m(TaskRunnerV1 pid=859989)[0m                                    'do_sample': True,
[36m(TaskRunnerV1 pid=859989)[0m                                    'dtype': 'bfloat16',
[36m(TaskRunnerV1 pid=859989)[0m                                    'enable_chunked_prefill': True,
[36m(TaskRunnerV1 pid=859989)[0m                                    'enable_prefix_caching': True,
[36m(TaskRunnerV1 pid=859989)[0m                                    'enable_rollout_routing_replay': False,
[36m(TaskRunnerV1 pid=859989)[0m                                    'enforce_eager': False,
[36m(TaskRunnerV1 pid=859989)[0m                                    'engine_kwargs': {'sglang': {},
[36m(TaskRunnerV1 pid=859989)[0m                                                      'trtllm': {},
[36m(TaskRunnerV1 pid=859989)[0m                                                      'vllm': {}},
[36m(TaskRunnerV1 pid=859989)[0m                                    'expert_parallel_size': 1,
[36m(TaskRunnerV1 pid=859989)[0m                                    'free_cache_engine': True,
[36m(TaskRunnerV1 pid=859989)[0m                                    'full_determinism': False,
[36m(TaskRunnerV1 pid=859989)[0m                                    'gpu_memory_utilization': 0.35,
[36m(TaskRunnerV1 pid=859989)[0m                                    'ignore_eos': False,
[36m(TaskRunnerV1 pid=859989)[0m                                    'layered_summon': False,
[36m(TaskRunnerV1 pid=859989)[0m                                    'load_format': 'dummy',
[36m(TaskRunnerV1 pid=859989)[0m                                    'log_prob_max_token_len_per_gpu': 32768,
[36m(TaskRunnerV1 pid=859989)[0m                                    'log_prob_micro_batch_size': None,
[36m(TaskRunnerV1 pid=859989)[0m                                    'log_prob_micro_batch_size_per_gpu': None,
[36m(TaskRunnerV1 pid=859989)[0m                                    'log_prob_use_dynamic_bsz': True,
[36m(TaskRunnerV1 pid=859989)[0m                                    'logprobs_mode': 'processed_logprobs',
[36m(TaskRunnerV1 pid=859989)[0m                                    'max_model_len': None,
[36m(TaskRunnerV1 pid=859989)[0m                                    'max_num_batched_tokens': 8192,
[36m(TaskRunnerV1 pid=859989)[0m                                    'max_num_seqs': 1024,
[36m(TaskRunnerV1 pid=859989)[0m                                    'mode': 'async',
[36m(TaskRunnerV1 pid=859989)[0m                                    'moe_load_balance_metrics_interval': 0,
[36m(TaskRunnerV1 pid=859989)[0m                                    'mtp': {'_target_': 'verl.workers.config.MtpConfig',
[36m(TaskRunnerV1 pid=859989)[0m                                            'detach_encoder': False,
[36m(TaskRunnerV1 pid=859989)[0m                                            'enable': False,
[36m(TaskRunnerV1 pid=859989)[0m                                            'enable_rollout': False,
[36m(TaskRunnerV1 pid=859989)[0m                                            'enable_train': False,
[36m(TaskRunnerV1 pid=859989)[0m                                            'method': 'mtp',
[36m(TaskRunnerV1 pid=859989)[0m                                            'mtp_loss_scaling_factor': 0.1,
[36m(TaskRunnerV1 pid=859989)[0m                                            'num_speculative_tokens': 1,
[36m(TaskRunnerV1 pid=859989)[0m                                            'speculative_algorithm': 'EAGLE',
[36m(TaskRunnerV1 pid=859989)[0m                                            'speculative_eagle_topk': 1,
[36m(TaskRunnerV1 pid=859989)[0m                                            'speculative_num_draft_tokens': 4,
[36m(TaskRunnerV1 pid=859989)[0m                                            'speculative_num_steps': 3},
[36m(TaskRunnerV1 pid=859989)[0m                                    'multi_stage_wake_up': False,
[36m(TaskRunnerV1 pid=859989)[0m                                    'multi_turn': {'_target_': 'verl.workers.config.MultiTurnConfig',
[36m(TaskRunnerV1 pid=859989)[0m                                                   'enable': False,
[36m(TaskRunnerV1 pid=859989)[0m                                                   'format': 'hermes',
[36m(TaskRunnerV1 pid=859989)[0m                                                   'function_tool_path': None,
[36m(TaskRunnerV1 pid=859989)[0m                                                   'max_assistant_turns': None,
[36m(TaskRunnerV1 pid=859989)[0m                                                   'max_parallel_calls': 1,
[36m(TaskRunnerV1 pid=859989)[0m                                                   'max_tool_response_length': 256,
[36m(TaskRunnerV1 pid=859989)[0m                                                   'max_user_turns': None,
[36m(TaskRunnerV1 pid=859989)[0m                                                   'num_repeat_rollouts': None,
[36m(TaskRunnerV1 pid=859989)[0m                                                   'tokenization_sanity_check_mode': 'strict',
[36m(TaskRunnerV1 pid=859989)[0m                                                   'tool_config_path': None,
[36m(TaskRunnerV1 pid=859989)[0m                                                   'tool_response_truncate_side': 'middle',
[36m(TaskRunnerV1 pid=859989)[0m                                                   'use_inference_chat_template': False},
[36m(TaskRunnerV1 pid=859989)[0m                                    'n': 8,
[36m(TaskRunnerV1 pid=859989)[0m                                    'n_gpus_per_node': 1,
[36m(TaskRunnerV1 pid=859989)[0m                                    'name': 'vllm',
[36m(TaskRunnerV1 pid=859989)[0m                                    'nnodes': 0,
[36m(TaskRunnerV1 pid=859989)[0m                                    'over_sample_rate': 0,
[36m(TaskRunnerV1 pid=859989)[0m                                    'pipeline_model_parallel_size': 1,
[36m(TaskRunnerV1 pid=859989)[0m                                    'profiler': {'_target_': 'verl.utils.profiler.ProfilerConfig',
[36m(TaskRunnerV1 pid=859989)[0m                                                 'all_ranks': False,
[36m(TaskRunnerV1 pid=859989)[0m                                                 'enable': False,
[36m(TaskRunnerV1 pid=859989)[0m                                                 'ranks': [],
[36m(TaskRunnerV1 pid=859989)[0m                                                 'save_path': 'outputs/profile',
[36m(TaskRunnerV1 pid=859989)[0m                                                 'tool': None,
[36m(TaskRunnerV1 pid=859989)[0m                                                 'tool_config': {'npu': {'_target_': 'verl.utils.profiler.config.NPUToolConfig',
[36m(TaskRunnerV1 pid=859989)[0m                                                                         'analysis': True,
[36m(TaskRunnerV1 pid=859989)[0m                                                                         'contents': [],
[36m(TaskRunnerV1 pid=859989)[0m                                                                         'discrete': False,
[36m(TaskRunnerV1 pid=859989)[0m                                                                         'level': 'level0',
[36m(TaskRunnerV1 pid=859989)[0m                                                                         'profile_token_end': None,
[36m(TaskRunnerV1 pid=859989)[0m                                                                         'profile_token_start': None},
[36m(TaskRunnerV1 pid=859989)[0m                                                                 'precision_debugger': {'_target_': 'verl.utils.profiler.config.PrecisionDebuggerToolConfig',
[36m(TaskRunnerV1 pid=859989)[0m                                                                                        'config_path': None,
[36m(TaskRunnerV1 pid=859989)[0m                                                                                        'stages': None,
[36m(TaskRunnerV1 pid=859989)[0m                                                                                        'steps': None,
[36m(TaskRunnerV1 pid=859989)[0m                                                                                        'strict': False},
[36m(TaskRunnerV1 pid=859989)[0m                                                                 'torch': {'_target_': 'verl.utils.profiler.config.TorchProfilerToolConfig',
[36m(TaskRunnerV1 pid=859989)[0m                                                                           'contents': [],
[36m(TaskRunnerV1 pid=859989)[0m                                                                           'discrete': False,
[36m(TaskRunnerV1 pid=859989)[0m                                                                           'profile_token_end': None,
[36m(TaskRunnerV1 pid=859989)[0m                                                                           'profile_token_start': None}}},
[36m(TaskRunnerV1 pid=859989)[0m                                    'prometheus': {'_target_': 'verl.workers.config.PrometheusConfig',
[36m(TaskRunnerV1 pid=859989)[0m                                                   'enable': False,
[36m(TaskRunnerV1 pid=859989)[0m                                                   'file': '/tmp/ray/session_latest/metrics/prometheus/prometheus.yml',
[36m(TaskRunnerV1 pid=859989)[0m                                                   'port': 9090,
[36m(TaskRunnerV1 pid=859989)[0m                                                   'served_model_name': '/data2/hjk/models/huggingface/hub/models--Qwen--Qwen2.5-1.5B-Instruct/snapshots/989aa7980e4cf806f80c7fef2b1adb7bc71aa306'},
[36m(TaskRunnerV1 pid=859989)[0m                                    'prompt_length': 2048,
[36m(TaskRunnerV1 pid=859989)[0m                                    'qat': {'_target_': 'verl.workers.config.QATEngineConfig',
[36m(TaskRunnerV1 pid=859989)[0m                                            'activation_observer': 'static_minmax',
[36m(TaskRunnerV1 pid=859989)[0m                                            'enable': False,
[36m(TaskRunnerV1 pid=859989)[0m                                            'group_size': 16,
[36m(TaskRunnerV1 pid=859989)[0m                                            'ignore_patterns': ['lm_head',
[36m(TaskRunnerV1 pid=859989)[0m                                                                'embed_tokens',
[36m(TaskRunnerV1 pid=859989)[0m                                                                're:.*mlp.gate$'],
[36m(TaskRunnerV1 pid=859989)[0m                                            'mode': 'w4a16',
[36m(TaskRunnerV1 pid=859989)[0m                                            'quantization_config_path': None},
[36m(TaskRunnerV1 pid=859989)[0m                                    'quantization': None,
[36m(TaskRunnerV1 pid=859989)[0m                                    'quantization_config_file': None,
[36m(TaskRunnerV1 pid=859989)[0m                                    'response_length': 512,
[36m(TaskRunnerV1 pid=859989)[0m                                    'scheduling_policy': 'fcfs',
[36m(TaskRunnerV1 pid=859989)[0m                                    'seed': 43,
[36m(TaskRunnerV1 pid=859989)[0m                                    'skip_tokenizer_init': True,
[36m(TaskRunnerV1 pid=859989)[0m                                    'temperature': 1.0,
[36m(TaskRunnerV1 pid=859989)[0m                                    'tensor_model_parallel_size': 1,
[36m(TaskRunnerV1 pid=859989)[0m                                    'top_k': -1,
[36m(TaskRunnerV1 pid=859989)[0m                                    'top_p': 1.0,
[36m(TaskRunnerV1 pid=859989)[0m                                    'trace': {'_target_': 'verl.workers.config.TraceConfig',
[36m(TaskRunnerV1 pid=859989)[0m                                              'backend': None,
[36m(TaskRunnerV1 pid=859989)[0m                                              'experiment_name': 'mathverse_text_qwen25_1p5b_grpo_answer_a0_clean_rerun512_seed43',
[36m(TaskRunnerV1 pid=859989)[0m                                              'max_samples_per_step_per_worker': None,
[36m(TaskRunnerV1 pid=859989)[0m                                              'project_name': 'mathverse_text_grpo_answer',
[36m(TaskRunnerV1 pid=859989)[0m                                              'token2text': False},
[36m(TaskRunnerV1 pid=859989)[0m                                    'val_kwargs': {'_target_': 'verl.workers.config.SamplingConfig',
[36m(TaskRunnerV1 pid=859989)[0m                                                   'do_sample': False,
[36m(TaskRunnerV1 pid=859989)[0m                                                   'n': 1,
[36m(TaskRunnerV1 pid=859989)[0m                                                   'temperature': 0,
[36m(TaskRunnerV1 pid=859989)[0m                                                   'top_k': -1,
[36m(TaskRunnerV1 pid=859989)[0m                                                   'top_p': 1.0}}},
[36m(TaskRunnerV1 pid=859989)[0m  'algorithm': {'_target_': 'verl.trainer.config.AlgoConfig',
[36m(TaskRunnerV1 pid=859989)[0m                'adv_estimator': 'grpo',
[36m(TaskRunnerV1 pid=859989)[0m                'gamma': 1.0,
[36m(TaskRunnerV1 pid=859989)[0m                'kl_ctrl': {'_target_': 'verl.trainer.config.KLControlConfig',
[36m(TaskRunnerV1 pid=859989)[0m                            'horizon': 10000,
[36m(TaskRunnerV1 pid=859989)[0m                            'kl_coef': 0.001,
[36m(TaskRunnerV1 pid=859989)[0m                            'target_kl': 0.1,
[36m(TaskRunnerV1 pid=859989)[0m                            'type': 'fixed'},
[36m(TaskRunnerV1 pid=859989)[0m                'kl_penalty': 'kl',
[36m(TaskRunnerV1 pid=859989)[0m                'lam': 1.0,
[36m(TaskRunnerV1 pid=859989)[0m                'norm_adv_by_std_in_grpo': True,
[36m(TaskRunnerV1 pid=859989)[0m                'pf_ppo': {'reweight_method': 'pow', 'weight_pow': 2.0},
[36m(TaskRunnerV1 pid=859989)[0m                'rollout_correction': {'bypass_mode': False,
[36m(TaskRunnerV1 pid=859989)[0m                                       'loss_type': 'ppo_clip',
[36m(TaskRunnerV1 pid=859989)[0m                                       'rollout_is': None,
[36m(TaskRunnerV1 pid=859989)[0m                                       'rollout_is_batch_normalize': False,
[36m(TaskRunnerV1 pid=859989)[0m                                       'rollout_is_threshold': 2.0,
[36m(TaskRunnerV1 pid=859989)[0m                                       'rollout_rs': None,
[36m(TaskRunnerV1 pid=859989)[0m                                       'rollout_rs_threshold': None},
[36m(TaskRunnerV1 pid=859989)[0m                'use_kl_in_reward': False,
[36m(TaskRunnerV1 pid=859989)[0m                'use_pf_ppo': False},
[36m(TaskRunnerV1 pid=859989)[0m  'critic': {'_target_': 'verl.workers.config.FSDPCriticConfig',
[36m(TaskRunnerV1 pid=859989)[0m             'checkpoint': {'_target_': 'verl.trainer.config.CheckpointConfig',
[36m(TaskRunnerV1 pid=859989)[0m                            'async_save': False,
[36m(TaskRunnerV1 pid=859989)[0m                            'load_contents': ['model', 'optimizer', 'extra'],
[36m(TaskRunnerV1 pid=859989)[0m                            'save_contents': ['model', 'optimizer', 'extra']},
[36m(TaskRunnerV1 pid=859989)[0m             'cliprange_value': 0.5,
[36m(TaskRunnerV1 pid=859989)[0m             'data_loader_seed': 42,
[36m(TaskRunnerV1 pid=859989)[0m             'enable': None,
[36m(TaskRunnerV1 pid=859989)[0m             'forward_max_token_len_per_gpu': 32768,
[36m(TaskRunnerV1 pid=859989)[0m             'forward_micro_batch_size': None,
[36m(TaskRunnerV1 pid=859989)[0m             'forward_micro_batch_size_per_gpu': None,
[36m(TaskRunnerV1 pid=859989)[0m             'fsdp': {'_target_': 'verl.workers.config.FSDPEngineConfig',
[36m(TaskRunnerV1 pid=859989)[0m                      'dtype': 'bfloat16',
[36m(TaskRunnerV1 pid=859989)[0m                      'entropy_checkpointing': False,
[36m(TaskRunnerV1 pid=859989)[0m                      'entropy_from_logits_chunk_size': 2048,
[36m(TaskRunnerV1 pid=859989)[0m                      'entropy_from_logits_with_chunking': False,
[36m(TaskRunnerV1 pid=859989)[0m                      'forward_only': False,
[36m(TaskRunnerV1 pid=859989)[0m                      'forward_prefetch': False,
[36m(TaskRunnerV1 pid=859989)[0m                      'fsdp_size': -1,
[36m(TaskRunnerV1 pid=859989)[0m                      'full_determinism': False,
[36m(TaskRunnerV1 pid=859989)[0m                      'model_dtype': 'fp32',
[36m(TaskRunnerV1 pid=859989)[0m                      'offload_policy': False,
[36m(TaskRunnerV1 pid=859989)[0m                      'optimizer_offload': False,
[36m(TaskRunnerV1 pid=859989)[0m                      'param_offload': False,
[36m(TaskRunnerV1 pid=859989)[0m                      'qat': {'_target_': 'verl.workers.config.QATEngineConfig',
[36m(TaskRunnerV1 pid=859989)[0m                              'activation_observer': 'static_minmax',
[36m(TaskRunnerV1 pid=859989)[0m                              'enable': False,
[36m(TaskRunnerV1 pid=859989)[0m                              'group_size': 16,
[36m(TaskRunnerV1 pid=859989)[0m                              'ignore_patterns': ['lm_head',
[36m(TaskRunnerV1 pid=859989)[0m                                                  'embed_tokens',
[36m(TaskRunnerV1 pid=859989)[0m                                                  're:.*mlp.gate$'],
[36m(TaskRunnerV1 pid=859989)[0m                              'mode': 'w4a16',
[36m(TaskRunnerV1 pid=859989)[0m                              'quantization_config_path': None},
[36m(TaskRunnerV1 pid=859989)[0m                      'reshard_after_forward': True,
[36m(TaskRunnerV1 pid=859989)[0m                      'seed': 42,
[36m(TaskRunnerV1 pid=859989)[0m                      'strategy': 'fsdp',
[36m(TaskRunnerV1 pid=859989)[0m                      'ulysses_sequence_parallel_size': 1,
[36m(TaskRunnerV1 pid=859989)[0m                      'use_orig_params': False,
[36m(TaskRunnerV1 pid=859989)[0m                      'use_torch_compile': True,
[36m(TaskRunnerV1 pid=859989)[0m                      'wrap_policy': {'min_num_params': 0}},
[36m(TaskRunnerV1 pid=859989)[0m             'grad_clip': 1.0,
[36m(TaskRunnerV1 pid=859989)[0m             'loss_agg_mode': 'token-mean',
[36m(TaskRunnerV1 pid=859989)[0m             'model': {'_target_': 'verl.workers.config.HFModelConfig',
[36m(TaskRunnerV1 pid=859989)[0m                       'custom_chat_template': None,
[36m(TaskRunnerV1 pid=859989)[0m                       'enable_activation_offload': False,
[36m(TaskRunnerV1 pid=859989)[0m                       'enable_gradient_checkpointing': True,
[36m(TaskRunnerV1 pid=859989)[0m                       'exclude_modules': None,
[36m(TaskRunnerV1 pid=859989)[0m                       'external_lib': None,
[36m(TaskRunnerV1 pid=859989)[0m                       'fused_kernel_options': {'impl_backend': 'torch'},
[36m(TaskRunnerV1 pid=859989)[0m                       'hf_config_path': None,
[36m(TaskRunnerV1 pid=859989)[0m                       'lora': {'a2a_experimental': False,
[36m(TaskRunnerV1 pid=859989)[0m                                'adapter_path': None,
[36m(TaskRunnerV1 pid=859989)[0m                                'alpha': 32,
[36m(TaskRunnerV1 pid=859989)[0m                                'dropout': 0.0,
[36m(TaskRunnerV1 pid=859989)[0m                                'dropout_position': 'pre',
[36m(TaskRunnerV1 pid=859989)[0m                                'dtype': None,
[36m(TaskRunnerV1 pid=859989)[0m                                'exclude_modules': [],
[36m(TaskRunnerV1 pid=859989)[0m                                'freeze_language_model': True,
[36m(TaskRunnerV1 pid=859989)[0m                                'freeze_vision_model': True,
[36m(TaskRunnerV1 pid=859989)[0m                                'freeze_vision_projection': True,
[36m(TaskRunnerV1 pid=859989)[0m                                'lora_A_init_method': 'xavier',
[36m(TaskRunnerV1 pid=859989)[0m                                'lora_B_init_method': 'zero',
[36m(TaskRunnerV1 pid=859989)[0m                                'merge': False,
[36m(TaskRunnerV1 pid=859989)[0m                                'rank': 0,
[36m(TaskRunnerV1 pid=859989)[0m                                'target_modules': ['linear_qkv',
[36m(TaskRunnerV1 pid=859989)[0m                                                   'linear_proj',
[36m(TaskRunnerV1 pid=859989)[0m                                                   'linear_fc1',
[36m(TaskRunnerV1 pid=859989)[0m                                                   'linear_fc2'],
[36m(TaskRunnerV1 pid=859989)[0m                                'type': 'lora'},
[36m(TaskRunnerV1 pid=859989)[0m                       'lora_adapter_path': None,
[36m(TaskRunnerV1 pid=859989)[0m                       'lora_alpha': 16,
[36m(TaskRunnerV1 pid=859989)[0m                       'lora_rank': 0,
[36m(TaskRunnerV1 pid=859989)[0m                       'mtp': {'_target_': 'verl.workers.config.MtpConfig',
[36m(TaskRunnerV1 pid=859989)[0m                               'detach_encoder': False,
[36m(TaskRunnerV1 pid=859989)[0m                               'enable': False,
[36m(TaskRunnerV1 pid=859989)[0m                               'enable_rollout': False,
[36m(TaskRunnerV1 pid=859989)[0m                               'enable_train': False,
[36m(TaskRunnerV1 pid=859989)[0m                               'method': 'mtp',
[36m(TaskRunnerV1 pid=859989)[0m                               'mtp_loss_scaling_factor': 0.1,
[36m(TaskRunnerV1 pid=859989)[0m                               'num_speculative_tokens': 1,
[36m(TaskRunnerV1 pid=859989)[0m                               'speculative_algorithm': 'EAGLE',
[36m(TaskRunnerV1 pid=859989)[0m                               'speculative_eagle_topk': 1,
[36m(TaskRunnerV1 pid=859989)[0m                               'speculative_num_draft_tokens': 4,
[36m(TaskRunnerV1 pid=859989)[0m                               'speculative_num_steps': 3},
[36m(TaskRunnerV1 pid=859989)[0m                       'override_config': {},
[36m(TaskRunnerV1 pid=859989)[0m                       'path': '~/models/deepseek-llm-7b-chat',
[36m(TaskRunnerV1 pid=859989)[0m                       'target_modules': 'all-linear',
[36m(TaskRunnerV1 pid=859989)[0m                       'tiled_mlp': {'enabled': False, 'num_shards': 4},
[36m(TaskRunnerV1 pid=859989)[0m                       'tokenizer_path': None,
[36m(TaskRunnerV1 pid=859989)[0m                       'trust_remote_code': False,
[36m(TaskRunnerV1 pid=859989)[0m                       'use_fused_kernels': False,
[36m(TaskRunnerV1 pid=859989)[0m                       'use_liger': False,
[36m(TaskRunnerV1 pid=859989)[0m                       'use_remove_padding': True,
[36m(TaskRunnerV1 pid=859989)[0m                       'use_shm': False},
[36m(TaskRunnerV1 pid=859989)[0m             'optim': {'_target_': 'verl.workers.config.FSDPOptimizerConfig',
[36m(TaskRunnerV1 pid=859989)[0m                       'betas': [0.9, 0.999],
[36m(TaskRunnerV1 pid=859989)[0m                       'clip_grad': 1.0,
[36m(TaskRunnerV1 pid=859989)[0m                       'lr': 1e-05,
[36m(TaskRunnerV1 pid=859989)[0m                       'lr_scheduler_type': 'constant',
[36m(TaskRunnerV1 pid=859989)[0m                       'lr_warmup_steps': -1,
[36m(TaskRunnerV1 pid=859989)[0m                       'lr_warmup_steps_ratio': 0.0,
[36m(TaskRunnerV1 pid=859989)[0m                       'min_lr_ratio': 0.0,
[36m(TaskRunnerV1 pid=859989)[0m                       'num_cycles': 0.5,
[36m(TaskRunnerV1 pid=859989)[0m                       'optimizer': 'AdamW',
[36m(TaskRunnerV1 pid=859989)[0m                       'optimizer_impl': 'torch.optim',
[36m(TaskRunnerV1 pid=859989)[0m                       'override_optimizer_config': None,
[36m(TaskRunnerV1 pid=859989)[0m                       'total_training_steps': -1,
[36m(TaskRunnerV1 pid=859989)[0m                       'warmup_style': None,
[36m(TaskRunnerV1 pid=859989)[0m                       'weight_decay': 0.01,
[36m(TaskRunnerV1 pid=859989)[0m                       'zero_indexed_step': True},
[36m(TaskRunnerV1 pid=859989)[0m             'ppo_epochs': 1,
[36m(TaskRunnerV1 pid=859989)[0m             'ppo_max_token_len_per_gpu': 32768,
[36m(TaskRunnerV1 pid=859989)[0m             'ppo_micro_batch_size': None,
[36m(TaskRunnerV1 pid=859989)[0m             'ppo_micro_batch_size_per_gpu': None,
[36m(TaskRunnerV1 pid=859989)[0m             'ppo_mini_batch_size': 16,
[36m(TaskRunnerV1 pid=859989)[0m             'profiler': {'_target_': 'verl.utils.profiler.ProfilerConfig',
[36m(TaskRunnerV1 pid=859989)[0m                          'all_ranks': False,
[36m(TaskRunnerV1 pid=859989)[0m                          'enable': False,
[36m(TaskRunnerV1 pid=859989)[0m                          'ranks': [],
[36m(TaskRunnerV1 pid=859989)[0m                          'save_path': 'outputs/profile',
[36m(TaskRunnerV1 pid=859989)[0m                          'tool': None,
[36m(TaskRunnerV1 pid=859989)[0m                          'tool_config': {'npu': {'_target_': 'verl.utils.profiler.config.NPUToolConfig',
[36m(TaskRunnerV1 pid=859989)[0m                                                  'analysis': True,
[36m(TaskRunnerV1 pid=859989)[0m                                                  'contents': [],
[36m(TaskRunnerV1 pid=859989)[0m                                                  'discrete': False,
[36m(TaskRunnerV1 pid=859989)[0m                                                  'level': 'level0'},
[36m(TaskRunnerV1 pid=859989)[0m                                          'nsys': {'_target_': 'verl.utils.profiler.config.NsightToolConfig',
[36m(TaskRunnerV1 pid=859989)[0m                                                   'discrete': False},
[36m(TaskRunnerV1 pid=859989)[0m                                          'precision_debugger': {'_target_': 'verl.utils.profiler.config.PrecisionDebuggerToolConfig',
[36m(TaskRunnerV1 pid=859989)[0m                                                                 'config_path': None,
[36m(TaskRunnerV1 pid=859989)[0m                                                                 'stages': None,
[36m(TaskRunnerV1 pid=859989)[0m                                                                 'steps': None,
[36m(TaskRunnerV1 pid=859989)[0m                                                                 'strict': False},
[36m(TaskRunnerV1 pid=859989)[0m                                          'torch': {'_target_': 'verl.utils.profiler.config.TorchProfilerToolConfig',
[36m(TaskRunnerV1 pid=859989)[0m                                                    'contents': [],
[36m(TaskRunnerV1 pid=859989)[0m                                                    'discrete': False},
[36m(TaskRunnerV1 pid=859989)[0m                                          'torch_memory': {'_target_': 'verl.utils.profiler.config.TorchMemoryToolConfig',
[36m(TaskRunnerV1 pid=859989)[0m                                                           'stack_depth': 32,
[36m(TaskRunnerV1 pid=859989)[0m                                                           'trace_alloc_max_entries': 100000}}},
[36m(TaskRunnerV1 pid=859989)[0m             'rollout_n': 8,
[36m(TaskRunnerV1 pid=859989)[0m             'shuffle': False,
[36m(TaskRunnerV1 pid=859989)[0m             'strategy': 'fsdp',
[36m(TaskRunnerV1 pid=859989)[0m             'ulysses_sequence_parallel_size': 1,
[36m(TaskRunnerV1 pid=859989)[0m             'use_dynamic_bsz': True},
[36m(TaskRunnerV1 pid=859989)[0m  'custom_reward_function': {'name': None, 'path': None},
[36m(TaskRunnerV1 pid=859989)[0m  'data': {'apply_chat_template_kwargs': {},
[36m(TaskRunnerV1 pid=859989)[0m           'audio_key': 'audios',
[36m(TaskRunnerV1 pid=859989)[0m           'continuous_token': {'enable': False, 'model_family': 'auto'},
[36m(TaskRunnerV1 pid=859989)[0m           'custom_cls': {'name': None, 'path': None},
[36m(TaskRunnerV1 pid=859989)[0m           'dataloader_num_workers': 0,
[36m(TaskRunnerV1 pid=859989)[0m           'filter_overlong_prompts': True,
[36m(TaskRunnerV1 pid=859989)[0m           'filter_overlong_prompts_workers': 1,
[36m(TaskRunnerV1 pid=859989)[0m           'function_tool_path': None,
[36m(TaskRunnerV1 pid=859989)[0m           'image_key': 'images',
[36m(TaskRunnerV1 pid=859989)[0m           'image_patch_size': 14,
[36m(TaskRunnerV1 pid=859989)[0m           'max_prompt_length': 2048,
[36m(TaskRunnerV1 pid=859989)[0m           'max_response_length': 512,
[36m(TaskRunnerV1 pid=859989)[0m           'mm_processor_kwargs': {},
[36m(TaskRunnerV1 pid=859989)[0m           'prompt_key': 'prompt',
[36m(TaskRunnerV1 pid=859989)[0m           'return_full_prompt': False,
[36m(TaskRunnerV1 pid=859989)[0m           'return_multi_modal_inputs': True,
[36m(TaskRunnerV1 pid=859989)[0m           'return_raw_chat': True,
[36m(TaskRunnerV1 pid=859989)[0m           'return_raw_input_ids': False,
[36m(TaskRunnerV1 pid=859989)[0m           'reward_fn_key': 'data_source',
[36m(TaskRunnerV1 pid=859989)[0m           'seed': 43,
[36m(TaskRunnerV1 pid=859989)[0m           'shuffle': True,
[36m(TaskRunnerV1 pid=859989)[0m           'tokenizer': None,
[36m(TaskRunnerV1 pid=859989)[0m           'tool_config_path': None,
[36m(TaskRunnerV1 pid=859989)[0m           'train_batch_size': 4,
[36m(TaskRunnerV1 pid=859989)[0m           'train_files': '/data2/hjk/projects/AI-HiddenState-ER/rl_data/mathverse_text_a0_clean_qwen25_500/mathverse_text_a0_clean_train.parquet',
[36m(TaskRunnerV1 pid=859989)[0m           'train_max_samples': -1,
[36m(TaskRunnerV1 pid=859989)[0m           'truncation': 'error',
[36m(TaskRunnerV1 pid=859989)[0m           'trust_remote_code': False,
[36m(TaskRunnerV1 pid=859989)[0m           'use_shm': False,
[36m(TaskRunnerV1 pid=859989)[0m           'val_batch_size': None,
[36m(TaskRunnerV1 pid=859989)[0m           'val_files': '/data2/hjk/projects/AI-HiddenState-ER/rl_data/mathverse_text_a0_clean_qwen25_500/mathverse_text_a0_clean_val.parquet',
[36m(TaskRunnerV1 pid=859989)[0m           'val_max_samples': -1,
[36m(TaskRunnerV1 pid=859989)[0m           'validation_shuffle': False,
[36m(TaskRunnerV1 pid=859989)[0m           'video_key': 'videos'},
[36m(TaskRunnerV1 pid=859989)[0m  'distillation': {'_target_': 'verl.workers.config.DistillationConfig',
[36m(TaskRunnerV1 pid=859989)[0m                   'distillation_loss': {'_target_': 'verl.workers.config.DistillationLossConfig',
[36m(TaskRunnerV1 pid=859989)[0m                                         'clip_ratio': 0.2,
[36m(TaskRunnerV1 pid=859989)[0m                                         'clip_ratio_high': 0.2,
[36m(TaskRunnerV1 pid=859989)[0m                                         'clip_ratio_low': 0.2,
[36m(TaskRunnerV1 pid=859989)[0m                                         'distillation_loss_coef': 1.0,
[36m(TaskRunnerV1 pid=859989)[0m                                         'log_prob_min_clamp': None,
[36m(TaskRunnerV1 pid=859989)[0m                                         'loss_max_clamp': None,
[36m(TaskRunnerV1 pid=859989)[0m                                         'loss_mode': 'k3',
[36m(TaskRunnerV1 pid=859989)[0m                                         'policy_loss_mode': 'vanilla',
[36m(TaskRunnerV1 pid=859989)[0m                                         'topk': 32,
[36m(TaskRunnerV1 pid=859989)[0m                                         'use_policy_gradient': False,
[36m(TaskRunnerV1 pid=859989)[0m                                         'use_task_rewards': True},
[36m(TaskRunnerV1 pid=859989)[0m                   'enabled': False,
[36m(TaskRunnerV1 pid=859989)[0m                   'n_gpus_per_node': 8,
[36m(TaskRunnerV1 pid=859989)[0m                   'nnodes': 0,
[36m(TaskRunnerV1 pid=859989)[0m                   'teacher_key': 'data_source',
[36m(TaskRunnerV1 pid=859989)[0m                   'teacher_models': {'teacher_model': {'_target_': 'verl.workers.config.DistillationTeacherModelConfig',
[36m(TaskRunnerV1 pid=859989)[0m                                                        'inference': {'_target_': 'verl.workers.config.RolloutConfig',
[36m(TaskRunnerV1 pid=859989)[0m                                                                      'cudagraph_capture_sizes': None,
[36m(TaskRunnerV1 pid=859989)[0m                                                                      'data_parallel_size': 1,
[36m(TaskRunnerV1 pid=859989)[0m                                                                      'disable_log_stats': True,
[36m(TaskRunnerV1 pid=859989)[0m                                                                      'dtype': 'bfloat16',
[36m(TaskRunnerV1 pid=859989)[0m                                                                      'enable_chunked_prefill': True,
[36m(TaskRunnerV1 pid=859989)[0m                                                                      'enable_prefix_caching': True,
[36m(TaskRunnerV1 pid=859989)[0m                                                                      'enforce_eager': True,
[36m(TaskRunnerV1 pid=859989)[0m                                                                      'engine_kwargs': {},
[36m(TaskRunnerV1 pid=859989)[0m                                                                      'expert_parallel_size': 1,
[36m(TaskRunnerV1 pid=859989)[0m                                                                      'free_cache_engine': True,
[36m(TaskRunnerV1 pid=859989)[0m                                                                      'gpu_memory_utilization': 0.5,
[36m(TaskRunnerV1 pid=859989)[0m                                                                      'limit_images': None,
[36m(TaskRunnerV1 pid=859989)[0m                                                                      'load_format': 'auto',
[36m(TaskRunnerV1 pid=859989)[0m                                                                      'max_model_len': None,
[36m(TaskRunnerV1 pid=859989)[0m                                                                      'max_num_batched_tokens': 8192,
[36m(TaskRunnerV1 pid=859989)[0m                                                                      'max_num_seqs': 1024,
[36m(TaskRunnerV1 pid=859989)[0m                                                                      'name': 'vllm',
[36m(TaskRunnerV1 pid=859989)[0m                                                                      'prompt_length': 2048,
[36m(TaskRunnerV1 pid=859989)[0m                                                                      'response_length': 512,
[36m(TaskRunnerV1 pid=859989)[0m                                                                      'skip_tokenizer_init': True,
[36m(TaskRunnerV1 pid=859989)[0m                                                                      'temperature': 1.0,
[36m(TaskRunnerV1 pid=859989)[0m                                                                      'tensor_model_parallel_size': 2},
[36m(TaskRunnerV1 pid=859989)[0m                                                        'key': None,
[36m(TaskRunnerV1 pid=859989)[0m                                                        'model_path': None,
[36m(TaskRunnerV1 pid=859989)[0m                                                        'num_replicas': 0}}},
[36m(TaskRunnerV1 pid=859989)[0m  'global_profiler': {'_target_': 'verl.utils.profiler.ProfilerConfig',
[36m(TaskRunnerV1 pid=859989)[0m                      'global_tool_config': {'nsys': {'_target_': 'verl.utils.profiler.config.NsightToolConfig',
[36m(TaskRunnerV1 pid=859989)[0m                                                      'controller_nsight_options': {'cuda-graph-trace': 'graph',
[36m(TaskRunnerV1 pid=859989)[0m                                                                                    'cuda-memory-usage': 'true',
[36m(TaskRunnerV1 pid=859989)[0m                                                                                    'trace': 'cuda,nvtx,cublas,ucx'},
[36m(TaskRunnerV1 pid=859989)[0m                                                      'discrete': False,
[36m(TaskRunnerV1 pid=859989)[0m                                                      'worker_nsight_options': {'capture-range': 'cudaProfilerApi',
[36m(TaskRunnerV1 pid=859989)[0m                                                                                'capture-range-end': None,
[36m(TaskRunnerV1 pid=859989)[0m                                                                                'cuda-graph-trace': 'graph',
[36m(TaskRunnerV1 pid=859989)[0m                                                                                'cuda-memory-usage': 'true',
[36m(TaskRunnerV1 pid=859989)[0m                                                                                'kill': 'none',
[36m(TaskRunnerV1 pid=859989)[0m                                                                                'trace': 'cuda,nvtx,cublas,ucx'}},
[36m(TaskRunnerV1 pid=859989)[0m                                             'precision_debugger': {'_target_': 'verl.utils.profiler.config.PrecisionDebuggerToolConfig',
[36m(TaskRunnerV1 pid=859989)[0m                                                                    'config_path': None,
[36m(TaskRunnerV1 pid=859989)[0m                                                                    'stages': None,
[36m(TaskRunnerV1 pid=859989)[0m                                                                    'steps': None,
[36m(TaskRunnerV1 pid=859989)[0m                                                                    'strict': False},
[36m(TaskRunnerV1 pid=859989)[0m                                             'torch_memory': {'context': 'all',
[36m(TaskRunnerV1 pid=859989)[0m                                                              'kw_args': {},
[36m(TaskRunnerV1 pid=859989)[0m                                                              'stack_depth': 32,
[36m(TaskRunnerV1 pid=859989)[0m                                                              'stacks': 'all',
[36m(TaskRunnerV1 pid=859989)[0m                                                              'trace_alloc_max_entries': 100000}},
[36m(TaskRunnerV1 pid=859989)[0m                      'profile_continuous_steps': False,
[36m(TaskRunnerV1 pid=859989)[0m                      'save_path': 'outputs/profile',
[36m(TaskRunnerV1 pid=859989)[0m                      'steps': None,
[36m(TaskRunnerV1 pid=859989)[0m                      'tool': None},
[36m(TaskRunnerV1 pid=859989)[0m  'model_engine': 'dp',
[36m(TaskRunnerV1 pid=859989)[0m  'ray_kwargs': {'ray_init': {'num_cpus': None}, 'timeline_json_file': None},
[36m(TaskRunnerV1 pid=859989)[0m  'reward': {'_target_': 'verl.workers.config.RewardConfig',
[36m(TaskRunnerV1 pid=859989)[0m             'custom_reward_function': {'name': 'compute_score',
[36m(TaskRunnerV1 pid=859989)[0m                                        'path': '/data2/hjk/projects/AI-HiddenState-ER/scripts/mathverse_answer_reward.py'},
[36m(TaskRunnerV1 pid=859989)[0m             'num_workers': 1,
[36m(TaskRunnerV1 pid=859989)[0m             'reward_manager': {'_target_': 'verl.workers.config.reward.RewardManagerConfig',
[36m(TaskRunnerV1 pid=859989)[0m                                'module': {'_target_': 'verl.trainer.config.config.ModuleConfig',
[36m(TaskRunnerV1 pid=859989)[0m                                           'name': 'custom_reward_manager',
[36m(TaskRunnerV1 pid=859989)[0m                                           'path': None},
[36m(TaskRunnerV1 pid=859989)[0m                                'name': 'naive',
[36m(TaskRunnerV1 pid=859989)[0m                                'source': 'register'},
[36m(TaskRunnerV1 pid=859989)[0m             'reward_model': {'_target_': 'verl.workers.config.RewardModelConfig',
[36m(TaskRunnerV1 pid=859989)[0m                              'enable': False,
[36m(TaskRunnerV1 pid=859989)[0m                              'enable_resource_pool': False,
[36m(TaskRunnerV1 pid=859989)[0m                              'model_path': None,
[36m(TaskRunnerV1 pid=859989)[0m                              'n_gpus_per_node': 8,
[36m(TaskRunnerV1 pid=859989)[0m                              'nnodes': 0,
[36m(TaskRunnerV1 pid=859989)[0m                              'rollout': {'_target_': 'verl.workers.config.RolloutConfig',
[36m(TaskRunnerV1 pid=859989)[0m                                          'cudagraph_capture_sizes': None,
[36m(TaskRunnerV1 pid=859989)[0m                                          'data_parallel_size': 1,
[36m(TaskRunnerV1 pid=859989)[0m                                          'disable_log_stats': True,
[36m(TaskRunnerV1 pid=859989)[0m                                          'disaggregation': {'bootstrap_port': None,
[36m(TaskRunnerV1 pid=859989)[0m                                                             'decode_replicas': 1,
[36m(TaskRunnerV1 pid=859989)[0m                                                             'decode_tensor_model_parallel_size': None,
[36m(TaskRunnerV1 pid=859989)[0m                                                             'enabled': False,
[36m(TaskRunnerV1 pid=859989)[0m                                                             'ib_device': None,
[36m(TaskRunnerV1 pid=859989)[0m                                                             'prefill_replicas': 1,
[36m(TaskRunnerV1 pid=859989)[0m                                                             'transfer_backend': 'nixl'},
[36m(TaskRunnerV1 pid=859989)[0m                                          'do_sample': True,
[36m(TaskRunnerV1 pid=859989)[0m                                          'dtype': 'bfloat16',
[36m(TaskRunnerV1 pid=859989)[0m                                          'enable_chunked_prefill': True,
[36m(TaskRunnerV1 pid=859989)[0m                                          'enable_prefix_caching': True,
[36m(TaskRunnerV1 pid=859989)[0m                                          'enforce_eager': True,
[36m(TaskRunnerV1 pid=859989)[0m                                          'engine_kwargs': {},
[36m(TaskRunnerV1 pid=859989)[0m                                          'expert_parallel_size': 1,
[36m(TaskRunnerV1 pid=859989)[0m                                          'free_cache_engine': True,
[36m(TaskRunnerV1 pid=859989)[0m                                          'full_determinism': False,
[36m(TaskRunnerV1 pid=859989)[0m                                          'gpu_memory_utilization': 0.5,
[36m(TaskRunnerV1 pid=859989)[0m                                          'ignore_eos': False,
[36m(TaskRunnerV1 pid=859989)[0m                                          'layered_summon': False,
[36m(TaskRunnerV1 pid=859989)[0m                                          'limit_images': None,
[36m(TaskRunnerV1 pid=859989)[0m                                          'load_format': 'auto',
[36m(TaskRunnerV1 pid=859989)[0m                                          'max_model_len': None,
[36m(TaskRunnerV1 pid=859989)[0m                                          'max_num_batched_tokens': 8192,
[36m(TaskRunnerV1 pid=859989)[0m                                          'max_num_seqs': 1024,
[36m(TaskRunnerV1 pid=859989)[0m                                          'mtp': None,
[36m(TaskRunnerV1 pid=859989)[0m                                          'multi_stage_wake_up': False,
[36m(TaskRunnerV1 pid=859989)[0m                                          'n': 1,
[36m(TaskRunnerV1 pid=859989)[0m                                          'name': '???',
[36m(TaskRunnerV1 pid=859989)[0m                                          'pipeline_model_parallel_size': 1,
[36m(TaskRunnerV1 pid=859989)[0m                                          'prompt_length': 2048,
[36m(TaskRunnerV1 pid=859989)[0m                                          'quantization': None,
[36m(TaskRunnerV1 pid=859989)[0m                                          'quantization_config_file': None,
[36m(TaskRunnerV1 pid=859989)[0m                                          'response_length': 2048,
[36m(TaskRunnerV1 pid=859989)[0m                                          'scheduling_policy': 'fcfs',
[36m(TaskRunnerV1 pid=859989)[0m                                          'seed': 42,
[36m(TaskRunnerV1 pid=859989)[0m                                          'skip_tokenizer_init': False,
[36m(TaskRunnerV1 pid=859989)[0m                                          'temperature': 1.0,
[36m(TaskRunnerV1 pid=859989)[0m                                          'tensor_model_parallel_size': 2,
[36m(TaskRunnerV1 pid=859989)[0m                                          'top_k': -1,
[36m(TaskRunnerV1 pid=859989)[0m                                          'top_p': 1}},
[36m(TaskRunnerV1 pid=859989)[0m             'sandbox_fusion': {'_target_': 'verl.workers.config.SandboxFusionConfig',
[36m(TaskRunnerV1 pid=859989)[0m                                'max_concurrent': 64,
[36m(TaskRunnerV1 pid=859989)[0m                                'memory_limit_mb': 1024,
[36m(TaskRunnerV1 pid=859989)[0m                                'url': None}},
[36m(TaskRunnerV1 pid=859989)[0m  'reward_model': {'enable': None,
[36m(TaskRunnerV1 pid=859989)[0m                   'enable_resource_pool': None,
[36m(TaskRunnerV1 pid=859989)[0m                   'model': {'external_lib': None,
[36m(TaskRunnerV1 pid=859989)[0m                             'path': None,
[36m(TaskRunnerV1 pid=859989)[0m                             'trust_remote_code': None},
[36m(TaskRunnerV1 pid=859989)[0m                   'n_gpus_per_node': None,
[36m(TaskRunnerV1 pid=859989)[0m                   'nnodes': None,
[36m(TaskRunnerV1 pid=859989)[0m                   'num_workers': None,
[36m(TaskRunnerV1 pid=859989)[0m                   'reward_loop_class_name': None,
[36m(TaskRunnerV1 pid=859989)[0m                   'reward_loop_module_path': None,
[36m(TaskRunnerV1 pid=859989)[0m                   'reward_loop_source': None,
[36m(TaskRunnerV1 pid=859989)[0m                   'reward_manager': None,
[36m(TaskRunnerV1 pid=859989)[0m                   'rollout': {'cudagraph_capture_sizes': None,
[36m(TaskRunnerV1 pid=859989)[0m                               'data_parallel_size': None,
[36m(TaskRunnerV1 pid=859989)[0m                               'disable_log_stats': None,
[36m(TaskRunnerV1 pid=859989)[0m                               'dtype': None,
[36m(TaskRunnerV1 pid=859989)[0m                               'enable_chunked_prefill': None,
[36m(TaskRunnerV1 pid=859989)[0m                               'enable_prefix_caching': None,
[36m(TaskRunnerV1 pid=859989)[0m                               'enforce_eager': None,
[36m(TaskRunnerV1 pid=859989)[0m                               'engine_kwargs': None,
[36m(TaskRunnerV1 pid=859989)[0m                               'expert_parallel_size': None,
[36m(TaskRunnerV1 pid=859989)[0m                               'free_cache_engine': None,
[36m(TaskRunnerV1 pid=859989)[0m                               'gpu_memory_utilization': None,
[36m(TaskRunnerV1 pid=859989)[0m                               'limit_images': None,
[36m(TaskRunnerV1 pid=859989)[0m                               'load_format': None,
[36m(TaskRunnerV1 pid=859989)[0m                               'max_model_len': None,
[36m(TaskRunnerV1 pid=859989)[0m                               'max_num_batched_tokens': None,
[36m(TaskRunnerV1 pid=859989)[0m                               'max_num_seqs': None,
[36m(TaskRunnerV1 pid=859989)[0m                               'name': None,
[36m(TaskRunnerV1 pid=859989)[0m                               'prompt_length': None,
[36m(TaskRunnerV1 pid=859989)[0m                               'response_length': None,
[36m(TaskRunnerV1 pid=859989)[0m                               'skip_tokenizer_init': None,
[36m(TaskRunnerV1 pid=859989)[0m                               'tensor_model_parallel_size': None}},
[36m(TaskRunnerV1 pid=859989)[0m  'sandbox_fusion': {'max_concurrent': None,
[36m(TaskRunnerV1 pid=859989)[0m                     'memory_limit_mb': None,
[36m(TaskRunnerV1 pid=859989)[0m                     'url': None},
[36m(TaskRunnerV1 pid=859989)[0m  'skip': {'_target_': 'verl.utils.skip.SkipManagerConfig',
[36m(TaskRunnerV1 pid=859989)[0m           'async_rollout': {'action': 'cache',
[36m(TaskRunnerV1 pid=859989)[0m                             'dump_dir': '~/.verl/rollout_dump',
[36m(TaskRunnerV1 pid=859989)[0m                             'enable': False,
[36m(TaskRunnerV1 pid=859989)[0m                             'steps': []},
[36m(TaskRunnerV1 pid=859989)[0m           'rollout': {'action': 'cache',
[36m(TaskRunnerV1 pid=859989)[0m                       'dump_dir': '~/.verl/rollout_dump',
[36m(TaskRunnerV1 pid=859989)[0m                       'enable': False,
[36m(TaskRunnerV1 pid=859989)[0m                       'steps': []}},
[36m(TaskRunnerV1 pid=859989)[0m  'trainer': {'balance_batch': True,
[36m(TaskRunnerV1 pid=859989)[0m              'critic_warmup': 0,
[36m(TaskRunnerV1 pid=859989)[0m              'default_hdfs_dir': None,
[36m(TaskRunnerV1 pid=859989)[0m              'default_local_dir': '/data2/hjk/checkpoints/verl_qwen3vl/mathverse_text_qwen25_1p5b_grpo_answer_a0_clean_rerun512_seed43',[36m(TaskRunnerV1 pid=859989)[0m /data2/hjk/projects/verl/verl/trainer/ppo/v1/trainer_base.py:113: UserWarning: Disabled critic as algorithm.adv_estimator != gae. If it is not intended, please set critic.enable=True
[36m(TaskRunnerV1 pid=859989)[0m   self.use_critic = need_critic(self.config)
[36m(TaskRunnerV1 pid=859989)[0m Filtering prompts longer than 2048 tokens (num_proc=1):   0%|          | 0/500 [00:00<?, ? examples/s]
[36m(TaskRunnerV1 pid=859989)[0m Filtering prompts longer than 2048 tokens (num_proc=1): 100%|██████████| 500/500 [00:00<00:00, 571.93 examples/s]
[36m(TaskRunnerV1 pid=859989)[0m Filtering prompts longer than 2048 tokens (num_proc=1): 100%|██████████| 500/500 [00:01<00:00, 496.78 examples/s]
[36m(TaskRunnerV1 pid=859989)[0m Filtering prompts longer than 2048 tokens (num_proc=1):   0%|          | 0/128 [00:00<?, ? examples/s]
[36m(TaskRunnerV1 pid=859989)[0m Filtering prompts longer than 2048 tokens (num_proc=1): 100%|██████████| 128/128 [00:00<00:00, 169.64 examples/s]
[36m(TaskRunnerV1 pid=859989)[0m Filtering prompts longer than 2048 tokens (num_proc=1): 100%|██████████| 128/128 [00:00<00:00, 144.02 examples/s]
[36m(TaskRunnerV1 pid=859989)[0m INFO:2026-07-05 01:57:24,754:train and validate dataloader initialized, train dataset size: 500, val dataset size: 128
[36m(TaskRunnerV1 pid=859989)[0m INFO:2026-07-05 01:57:24,755:Total training steps: 125
[36m(TaskRunnerV1 pid=859989)[0m /data2/hjk/projects/verl/verl/trainer/ppo/v1/trainer_base.py:596: UserWarning: Disabled critic as algorithm.adv_estimator != gae. If it is not intended, please set critic.enable=True
[36m(TaskRunnerV1 pid=859989)[0m   if need_critic(config):
[36m(TaskRunnerV1 pid=859989)[0m INFO:2026-07-05 01:57:24,768:worker group kwargs: {'device_name': 'cuda'}
[36m(TaskRunnerV1 pid=859989)[0m INFO:2026-07-05 01:57:25,798:create worker group dict_keys(['actor_rollout'])
[36m(pid=861242)[0m /data2/hjk/envs/verl_qwen3vl_py311/lib/python3.11/site-packages/transformers/utils/hub.py:110: FutureWarning: Using `TRANSFORMERS_CACHE` is deprecated and will be removed in v5 of Transformers. Use `HF_HOME` instead.
[36m(pid=861242)[0m   warnings.warn(
[36m(WorkerDict pid=861242)[0m /data2/hjk/projects/verl/verl/workers/engine/mindspeed/transformer_impl.py:24: UserWarning: NPU not support router replay for now.
[36m(WorkerDict pid=861242)[0m   from verl.utils.megatron.router_replay_patch import RouterReplay
[36m(WorkerDict pid=861242)[0m `torch_dtype` is deprecated! Use `dtype` instead!
[36m(WorkerDict pid=861242)[0m /data2/hjk/envs/verl_qwen3vl_py311/lib/python3.11/site-packages/torch/distributed/fsdp/_init_utils.py:430: UserWarning: FSDP is switching to use `NO_SHARD` instead of ShardingStrategy.FULL_SHARD since the world size is 1.
[36m(WorkerDict pid=861242)[0m   warnings.warn(
[36m(WorkerDict pid=861242)[0m /data2/hjk/envs/verl_qwen3vl_py311/lib/python3.11/site-packages/torch/distributed/fsdp/fully_sharded_data_parallel.py:678: FutureWarning: FSDP.state_dict_type() and FSDP.set_state_dict_type() are being deprecated. Please use APIs, get_state_dict() and set_state_dict(), which can support different parallelisms, FSDP1, FSDP2, DDP. API doc: https://pytorch.org/docs/stable/distributed.checkpoint.html#torch.distributed.checkpoint.state_dict.get_state_dict .Tutorial: https://pytorch.org/tutorials/recipes/distributed_checkpoint_recipe.html .
[36m(WorkerDict pid=861242)[0m   warnings.warn(
[36m(TaskRunnerV1 pid=859989)[0m INFO:2026-07-05 01:57:39,316:actor and ref model engine initialized
[36m(TaskRunnerV1 pid=859989)[0m INFO:2026-07-05 01:57:39,386:reward loop manager initialized
[36m(pid=861599)[0m /data2/hjk/envs/verl_qwen3vl_py311/lib/python3.11/site-packages/transformers/utils/hub.py:110: FutureWarning: Using `TRANSFORMERS_CACHE` is deprecated and will be removed in v5 of Transformers. Use `HF_HOME` instead.
[36m(pid=861657)[0m   warnings.warn([32m [repeated 2x across cluster] (Ray deduplicates logs by default. Set RAY_DEDUP_LOGS=0 to disable log deduplication, or see https://docs.ray.io/en/master/ray-observability/user-guides/configure-logging.html#log-deduplication for more options.)[0m
[36m(vLLMHttpServer pid=861657)[0m WARNING:2026-07-05 01:57:50,215:agent loop only support torch and npu profiler, got None
[36m(vLLMHttpServer pid=861657)[0m INFO:2026-07-05 01:57:50,215:vLLMHttpServer, replica_rank: 0, node_rank: 0, CUDA_VISIBLE_DEVICES: 0, master_address: 202.120.39.159, master_port: 43111, data_parallel_rpc_port: 41935, data_parallel_master_port: 42781
[36m(vLLMHttpServer pid=861657)[0m INFO:2026-07-05 01:57:50,224:override_generation_config: {'temperature': 1.0, 'top_k': -1, 'top_p': 1.0, 'repetition_penalty': 1.0, 'max_new_tokens': 512}
[36m(vLLMHttpServer pid=861657)[0m INFO:2026-07-05 01:57:50,224:enable_sleep_mode: True
[36m(vLLMHttpServer pid=861657)[0m `torch_dtype` is deprecated! Use `dtype` instead!
[36m(pid=861657)[0m /data2/hjk/envs/verl_qwen3vl_py311/lib/python3.11/site-packages/transformers/utils/hub.py:110: FutureWarning: Using `TRANSFORMERS_CACHE` is deprecated and will be removed in v5 of Transformers. Use `HF_HOME` instead.

[36m(TaskRunnerV1 pid=859989)[0m              'del_local_ckpt_after_load': False,
[36m(TaskRunnerV1 pid=859989)[0m              'device': 'cuda',
[36m(TaskRunnerV1 pid=859989)[0m              'esi_redundant_time': 0,
[36m(TaskRunnerV1 pid=859989)[0m              'experiment_name': 'mathverse_text_qwen25_1p5b_grpo_answer_a0_clean_rerun512_seed43',
[36m(TaskRunnerV1 pid=859989)[0m              'log_val_generations': 128,
[36m(TaskRunnerV1 pid=859989)[0m              'logger': ['console'],
[36m(TaskRunnerV1 pid=859989)[0m              'max_actor_ckpt_to_keep': None,
[36m(TaskRunnerV1 pid=859989)[0m              'max_critic_ckpt_to_keep': None,
[36m(TaskRunnerV1 pid=859989)[0m              'n_gpus_per_node': 1,
[36m(TaskRunnerV1 pid=859989)[0m              'nnodes': 1,
[36m(TaskRunnerV1 pid=859989)[0m              'project_name': 'mathverse_text_grpo_answer',
[36m(TaskRunnerV1 pid=859989)[0m              'ray_wait_register_center_timeout': 300,
[36m(TaskRunnerV1 pid=859989)[0m              'resume_from_path': None,
[36m(TaskRunnerV1 pid=859989)[0m              'resume_mode': 'auto',
[36m(TaskRunnerV1 pid=859989)[0m              'rollout_data_dir': None,
[36m(TaskRunnerV1 pid=859989)[0m              'save_freq': 125,
[36m(TaskRunnerV1 pid=859989)[0m              'test_freq': 25,
[36m(TaskRunnerV1 pid=859989)[0m              'total_epochs': 1,
[36m(TaskRunnerV1 pid=859989)[0m              'total_training_steps': 125,
[36m(TaskRunnerV1 pid=859989)[0m              'use_v1': True,
[36m(TaskRunnerV1 pid=859989)[0m              'v1': {'colocate_async': {'num_warmup_batches': 1},
[36m(TaskRunnerV1 pid=859989)[0m                     'sampler': {'custom_sampler': {'name': None, 'path': None},
[36m(TaskRunnerV1 pid=859989)[0m                                 'max_off_policy_strategy': 'drop',
[36m(TaskRunnerV1 pid=859989)[0m                                 'max_off_policy_threshold': 8,
[36m(TaskRunnerV1 pid=859989)[0m                                 'sampler_kwargs': {}},
[36m(TaskRunnerV1 pid=859989)[0m                     'separate_async': {'num_warmup_batches': 4,
[36m(TaskRunnerV1 pid=859989)[0m                                        'parameter_sync_step': 4},
[36m(TaskRunnerV1 pid=859989)[0m                     'sync': {},
[36m(TaskRunnerV1 pid=859989)[0m                     'trainer_mode': 'sync'},
[36m(TaskRunnerV1 pid=859989)[0m              'val_before_train': True,
[36m(TaskRunnerV1 pid=859989)[0m              'val_only': False,
[36m(TaskRunnerV1 pid=859989)[0m              'validation_data_dir': '/data2/hjk/projects/AI-HiddenState-ER/rl_audit/mathverse_text_qwen25_1p5b_grpo_answer_a0_clean_rerun512_seed43/validation_generations'},
[36m(TaskRunnerV1 pid=859989)[0m  'transfer_queue': {'backend': {'MooncakeStore': {'auto_init': False,
[36m(TaskRunnerV1 pid=859989)[0m                                                   'device_name': '',
[36m(TaskRunnerV1 pid=859989)[0m                                                   'global_segment_size': 4294967296,
[36m(TaskRunnerV1 pid=859989)[0m                                                   'local_buffer_size': 1073741824,
[36m(TaskRunnerV1 pid=859989)[0m                                                   'local_hostname': 'localhost',
[36m(TaskRunnerV1 pid=859989)[0m                                                   'master_server_address': 'localhost:50124',
[36m(TaskRunnerV1 pid=859989)[0m                                                   'metadata_server': 'localhost:50123',
[36m(TaskRunnerV1 pid=859989)[0m                                                   'protocol': 'tcp'},
[36m(TaskRunnerV1 pid=859989)[0m                                 'SimpleStorage': {'num_data_storage_units': 8,
[36m(TaskRunnerV1 pid=859989)[0m                                                   'total_storage_size': 100000},
[36m(TaskRunnerV1 pid=859989)[0m                                 'storage_backend': 'SimpleStorage'},
[36m(TaskRunnerV1 pid=859989)[0m                     'enable': True,
[36m(TaskRunnerV1 pid=859989)[0m                     'metrics': {'enabled': False, 'port': 0}}}
[36m(TaskRunnerV1 pid=859989)[0m Using dataset class: RLHFDataset
[36m(TaskRunnerV1 pid=859989)[0m dataset len: 500
[36m(TaskRunnerV1 pid=859989)[0m filter dataset len: 500
[36m(TaskRunnerV1 pid=859989)[0m Using dataset class: RLHFDataset
[36m(TaskRunnerV1 pid=859989)[0m dataset len: 128
[36m(TaskRunnerV1 pid=859989)[0m filter dataset len: 128
[36m(TaskRunnerV1 pid=859989)[0m colocated worker base class <class 'verl.single_controller.base.worker.Worker'>
[36m(WorkerDict pid=861242)[0m [Gloo] Rank 0 is connected to 0 peer ranks. Expected number of connected peer ranks is : 0
[36m(WorkerDict pid=861242)[0m Warning: Failed to set NUMA affinity: libnuma.so: cannot open shared object file: No such file or directory
[36m(WorkerDict pid=861242)[0m Monkey patch _flash_attention_forward in transformers.integrations.flash_attention
[36m(WorkerDict pid=861242)[0m Skipping monkey patch for Qwen2ForCausalLM as use_fused_kernels is False or fused_kernels_backend is torch
[36m(WorkerDict pid=861242)[0m PeftModelForCausalLM contains 1.55B parameters
[36m(WorkerDict pid=861242)[0m Before FSDP, memory allocated (GB): 0.00, memory reserved (GB): 0.00, device memory used/total (GB): 0.51/139.80
[36m(WorkerDict pid=861242)[0m After FSDP, memory allocated (GB): 5.79, memory reserved (GB): 6.90, device memory used/total (GB): 8.05/139.80
[36m(WorkerDict pid=861242)[0m Total steps: 125, num_warmup_steps: 0
[36m(WorkerDict pid=861242)[0m NCCL version 2.27.3+cuda12.9
[36m(WorkerDict pid=861242)[0m [Gloo] Rank 0 is connected to 0 peer ranks. Expected number of connected peer ranks is : 0
[36m(WorkerDict pid=861242)[0m [Gloo] Rank 0 is connected to 0 peer ranks. Expected number of connected peer ranks is : 0
[36m(WorkerDict pid=861242)[0m [Gloo] Rank 0 is connected to 0 peer ranks. Expected number of connected peer ranks is : 0
[36m(TaskRunnerV1 pid=859989)[0m WARNING 07-05 01:57:42 [api_server.py:1213] LoRA dynamic loading & unloading is enabled in the API server. This should ONLY be used for local development!
[36m(pid=861657)[0m WARNING 07-05 01:57:49 [api_server.py:1213] LoRA dynamic loading & unloading is enabled in the API server. This should ONLY be used for local development!
[36m(vLLMHttpServer pid=861657)[0m ['serve',
[36m(vLLMHttpServer pid=861657)[0m  '/data2/hjk/models/huggingface/hub/models--Qwen--Qwen2.5-1.5B-Instruct/snapshots/989aa7980e4cf806f80c7fef2b1adb7bc71aa306',
[36m(vLLMHttpServer pid=861657)[0m  '--dtype',
[36m(vLLMHttpServer pid=861657)[0m  'bfloat16',
[36m(vLLMHttpServer pid=861657)[0m  '--load_format',
[36m(vLLMHttpServer pid=861657)[0m  'dummy',
[36m(vLLMHttpServer pid=861657)[0m  '--distributed_executor_backend',
[36m(vLLMHttpServer pid=861657)[0m  'mp',
[36m(vLLMHttpServer pid=861657)[0m  '--worker_extension_cls',
[36m(vLLMHttpServer pid=861657)[0m  'verl.workers.rollout.vllm_rollout.utils.vLLMColocateWorkerExtension',
[36m(vLLMHttpServer pid=861657)[0m  '--max_model_len',
[36m(vLLMHttpServer pid=861657)[0m  '32768',
[36m(vLLMHttpServer pid=861657)[0m  '--max_num_seqs',
[36m(vLLMHttpServer pid=861657)[0m  '1024',
[36m(vLLMHttpServer pid=861657)[0m  '--enable_chunked_prefill',
[36m(vLLMHttpServer pid=861657)[0m  '--max_num_batched_tokens',
[36m(vLLMHttpServer pid=861657)[0m  '8192',
[36m(vLLMHttpServer pid=861657)[0m  '--enable_prefix_caching',
[36m(vLLMHttpServer pid=861657)[0m  '--enable_sleep_mode',
[36m(vLLMHttpServer pid=861657)[0m  '--logprobs_mode',
[36m(vLLMHttpServer pid=861657)[0m  'processed_logprobs',
[36m(vLLMHttpServer pid=861657)[0m  '--gpu_memory_utilization',
[36m(vLLMHttpServer pid=861657)[0m  '0.35',
[36m(vLLMHttpServer pid=861657)[0m  '--disable_log_stats',
[36m(vLLMHttpServer pid=861657)[0m  '--tensor_parallel_size',
[36m(vLLMHttpServer pid=861657)[0m  '1',
[36m(vLLMHttpServer pid=861657)[0m  '--seed',
[36m(vLLMHttpServer pid=861657)[0m  '43',
[36m(vLLMHttpServer pid=861657)[0m  '--override_generation_config',
[36m(vLLMHttpServer pid=861657)[0m  '{"temperature": 1.0, "top_k": -1, "top_p": 1.0, "repetition_penalty": 1.0, '[36m(vLLMHttpServer pid=861657)[0m /data2/hjk/envs/verl_qwen3vl_py311/lib/python3.11/site-packages/transformers/utils/hub.py:110: FutureWarning: Using `TRANSFORMERS_CACHE` is deprecated and will be removed in v5 of Transformers. Use `HF_HOME` instead.
[36m(vLLMHttpServer pid=861657)[0m   warnings.warn(
[36m(vLLMHttpServer pid=861657)[0m /data2/hjk/envs/verl_qwen3vl_py311/lib/python3.11/site-packages/transformers/utils/hub.py:110: FutureWarning: Using `TRANSFORMERS_CACHE` is deprecated and will be removed in v5 of Transformers. Use `HF_HOME` instead.
[36m(vLLMHttpServer pid=861657)[0m   warnings.warn(
[36m(vLLMHttpServer pid=861657)[0m [1;36m(Worker pid=861879)[0;0m Capturing CUDA graphs (mixed prefill-decode, PIECEWISE):   0%|          | 0/67 [00:00<?, ?it/s]
[36m(vLLMHttpServer pid=861657)[0m Capturing CUDA graphs (mixed prefill-decode, PIECEWISE):   1%|▏         | 1/67 [00:00<00:06,  9.45it/s]
[36m(vLLMHttpServer pid=861657)[0m Capturing CUDA graphs (mixed prefill-decode, PIECEWISE):   4%|▍         | 3/67 [00:00<00:05, 11.87it/s]
[36m(vLLMHttpServer pid=861657)[0m Capturing CUDA graphs (mixed prefill-decode, PIECEWISE):   7%|▋         | 5/67 [00:00<00:04, 12.66it/s]
[36m(vLLMHttpServer pid=861657)[0m Capturing CUDA graphs (mixed prefill-decode, PIECEWISE):  10%|█         | 7/67 [00:00<00:04, 13.29it/s]
[36m(vLLMHttpServer pid=861657)[0m Capturing CUDA graphs (mixed prefill-decode, PIECEWISE):  13%|█▎        | 9/67 [00:00<00:04, 13.20it/s]
[36m(vLLMHttpServer pid=861657)[0m Capturing CUDA graphs (mixed prefill-decode, PIECEWISE):  16%|█▋        | 11/67 [00:00<00:04, 13.31it/s]
[36m(vLLMHttpServer pid=861657)[0m Capturing CUDA graphs (mixed prefill-decode, PIECEWISE):  19%|█▉        | 13/67 [00:01<00:04, 13.14it/s]
[36m(vLLMHttpServer pid=861657)[0m Capturing CUDA graphs (mixed prefill-decode, PIECEWISE):  22%|██▏       | 15/67 [00:01<00:03, 13.21it/s]
[36m(vLLMHttpServer pid=861657)[0m Capturing CUDA graphs (mixed prefill-decode, PIECEWISE):  25%|██▌       | 17/67 [00:01<00:03, 13.22it/s]
[36m(vLLMHttpServer pid=861657)[0m Capturing CUDA graphs (mixed prefill-decode, PIECEWISE):  28%|██▊       | 19/67 [00:01<00:03, 13.29it/s]
[36m(vLLMHttpServer pid=861657)[0m Capturing CUDA graphs (mixed prefill-decode, PIECEWISE):  31%|███▏      | 21/67 [00:01<00:03, 13.24it/s]
[36m(vLLMHttpServer pid=861657)[0m Capturing CUDA graphs (mixed prefill-decode, PIECEWISE):  34%|███▍      | 23/67 [00:01<00:03, 13.06it/s]
[36m(vLLMHttpServer pid=861657)[0m Capturing CUDA graphs (mixed prefill-decode, PIECEWISE):  37%|███▋      | 25/67 [00:01<00:03, 12.93it/s]
[36m(vLLMHttpServer pid=861657)[0m Capturing CUDA graphs (mixed prefill-decode, PIECEWISE):  40%|████      | 27/67 [00:02<00:03, 13.07it/s]
[36m(vLLMHttpServer pid=861657)[0m Capturing CUDA graphs (mixed prefill-decode, PIECEWISE):  43%|████▎     | 29/67 [00:02<00:02, 13.03it/s]
[36m(vLLMHttpServer pid=861657)[0m Capturing CUDA graphs (mixed prefill-decode, PIECEWISE):  46%|████▋     | 31/67 [00:02<00:02, 13.07it/s]
[36m(vLLMHttpServer pid=861657)[0m Capturing CUDA graphs (mixed prefill-decode, PIECEWISE):  49%|████▉     | 33/67 [00:02<00:02, 12.71it/s]
[36m(vLLMHttpServer pid=861657)[0m Capturing CUDA graphs (mixed prefill-decode, PIECEWISE):  52%|█████▏    | 35/67 [00:02<00:02, 12.77it/s]
[36m(vLLMHttpServer pid=861657)[0m Capturing CUDA graphs (mixed prefill-decode, PIECEWISE):  55%|█████▌    | 37/67 [00:02<00:02, 12.78it/s]
[36m(vLLMHttpServer pid=861657)[0m Capturing CUDA graphs (mixed prefill-decode, PIECEWISE):  58%|█████▊    | 39/67 [00:03<00:02, 12.59it/s]
[36m(vLLMHttpServer pid=861657)[0m Capturing CUDA graphs (mixed prefill-decode, PIECEWISE):  61%|██████    | 41/67 [00:03<00:02, 12.47it/s]
[36m(vLLMHttpServer pid=861657)[0m Capturing CUDA graphs (mixed prefill-decode, PIECEWISE):  64%|██████▍   | 43/67 [00:03<00:01, 12.62it/s]
[36m(vLLMHttpServer pid=861657)[0m Capturing CUDA graphs (mixed prefill-decode, PIECEWISE):  67%|██████▋   | 45/67 [00:03<00:01, 12.46it/s]
[36m(vLLMHttpServer pid=861657)[0m Capturing CUDA graphs (mixed prefill-decode, PIECEWISE):  70%|███████   | 47/67 [00:03<00:01, 12.43it/s]
[36m(vLLMHttpServer pid=861657)[0m Capturing CUDA graphs (mixed prefill-decode, PIECEWISE):  73%|███████▎  | 49/67 [00:03<00:01, 12.39it/s]
[36m(vLLMHttpServer pid=861657)[0m Capturing CUDA graphs (mixed prefill-decode, PIECEWISE):  76%|███████▌  | 51/67 [00:04<00:01, 12.15it/s]
[36m(vLLMHttpServer pid=861657)[0m Capturing CUDA graphs (mixed prefill-decode, PIECEWISE):  79%|███████▉  | 53/67 [00:04<00:01, 12.00it/s]
[36m(vLLMHttpServer pid=861657)[0m Capturing CUDA graphs (mixed prefill-decode, PIECEWISE):  82%|████████▏ | 55/67 [00:04<00:00, 12.03it/s]
[36m(vLLMHttpServer pid=861657)[0m Capturing CUDA graphs (mixed prefill-decode, PIECEWISE):  85%|████████▌ | 57/67 [00:04<00:00, 11.96it/s]
[36m(vLLMHttpServer pid=861657)[0m Capturing CUDA graphs (mixed prefill-decode, PIECEWISE):  88%|████████▊ | 59/67 [00:04<00:00, 12.07it/s]
[36m(vLLMHttpServer pid=861657)[0m Capturing CUDA graphs (mixed prefill-decode, PIECEWISE):  91%|█████████ | 61/67 [00:04<00:00, 12.12it/s]
[36m(vLLMHttpServer pid=861657)[0m Capturing CUDA graphs (mixed prefill-decode, PIECEWISE):  94%|█████████▍| 63/67 [00:04<00:00, 12.14it/s]
[36m(vLLMHttpServer pid=861657)[0m Capturing CUDA graphs (mixed prefill-decode, PIECEWISE):  97%|█████████▋| 65/67 [00:05<00:00, 12.48it/s]
[36m(vLLMHttpServer pid=861657)[0m Capturing CUDA graphs (mixed prefill-decode, PIECEWISE): 100%|██████████| 67/67 [00:05<00:00, 12.31it/s]Capturing CUDA graphs (mixed prefill-decode, PIECEWISE): 100%|██████████| 67/67 [00:05<00:00, 12.61it/s]
[36m(vLLMHttpServer pid=861657)[0m [1;36m(Worker pid=861879)[0;0m Capturing CUDA graphs (decode, FULL):   0%|          | 0/67 [00:00<?, ?it/s]
[36m(vLLMHttpServer pid=861657)[0m Capturing CUDA graphs (decode, FULL):   3%|▎         | 2/67 [00:00<00:05, 12.04it/s]
[36m(vLLMHttpServer pid=861657)[0m Capturing CUDA graphs (decode, FULL):   6%|▌         | 4/67 [00:00<00:04, 13.68it/s]
[36m(vLLMHttpServer pid=861657)[0m Capturing CUDA graphs (decode, FULL):   9%|▉         | 6/67 [00:00<00:04, 14.31it/s]
[36m(vLLMHttpServer pid=861657)[0m Capturing CUDA graphs (decode, FULL):  12%|█▏        | 8/67 [00:00<00:04, 14.68it/s]
[36m(vLLMHttpServer pid=861657)[0m Capturing CUDA graphs (decode, FULL):  15%|█▍        | 10/67 [00:00<00:03, 14.77it/s]
[36m(vLLMHttpServer pid=861657)[0m Capturing CUDA graphs (decode, FULL):  18%|█▊        | 12/67 [00:00<00:03, 14.84it/s]
[36m(vLLMHttpServer pid=861657)[0m Capturing CUDA graphs (decode, FULL):  21%|██        | 14/67 [00:00<00:03, 14.94it/s]
[36m(vLLMHttpServer pid=861657)[0m Capturing CUDA graphs (decode, FULL):  24%|██▍       | 16/67 [00:01<00:03, 15.06it/s]
[36m(vLLMHttpServer pid=861657)[0m Capturing CUDA graphs (decode, FULL):  27%|██▋       | 18/67 [00:01<00:03, 15.08it/s]
[36m(vLLMHttpServer pid=861657)[0m Capturing CUDA graphs (decode, FULL):  30%|██▉       | 20/67 [00:01<00:03, 15.15it/s]
[36m(vLLMHttpServer pid=861657)[0m Capturing CUDA graphs (decode, FULL):  33%|███▎      | 22/67 [00:01<00:02, 15.24it/s]
[36m(vLLMHttpServer pid=861657)[0m Capturing CUDA graphs (decode, FULL):  36%|███▌      | 24/67 [00:01<00:02, 15.18it/s]
[36m(vLLMHttpServer pid=861657)[0m Capturing CUDA graphs (decode, FULL):  39%|███▉      | 26/67 [00:01<00:02, 15.18it/s]
[36m(vLLMHttpServer pid=861657)[0m Capturing CUDA graphs (decode, FULL):  42%|████▏     | 28/67 [00:01<00:02, 15.16it/s]
[36m(vLLMHttpServer pid=861657)[0m Capturing CUDA graphs (decode, FULL):  45%|████▍     | 30/67 [00:02<00:02, 15.17it/s]
[36m(vLLMHttpServer pid=861657)[0m Capturing CUDA graphs (decode, FULL):  48%|████▊     | 32/67 [00:02<00:02, 15.15it/s]
[36m(vLLMHttpServer pid=861657)[0m Capturing CUDA graphs (decode, FULL):  51%|█████     | 34/67 [00:02<00:02, 15.11it/s]
[36m(vLLMHttpServer pid=861657)[0m Capturing CUDA graphs (decode, FULL):  54%|█████▎    | 36/67 [00:02<00:02, 15.10it/s]
[36m(vLLMHttpServer pid=861657)[0m Capturing CUDA graphs (decode, FULL):  57%|█████▋    | 38/67 [00:02<00:01, 15.12it/s]
[36m(vLLMHttpServer pid=861657)[0m Capturing CUDA graphs (decode, FULL):  60%|█████▉    | 40/67 [00:02<00:01, 15.09it/s]
[36m(vLLMHttpServer pid=861657)[0m Capturing CUDA graphs (decode, FULL):  63%|██████▎   | 42/67 [00:02<00:01, 15.13it/s]
[36m(vLLMHttpServer pid=861657)[0m Capturing CUDA graphs (decode, FULL):  66%|██████▌   | 44/67 [00:02<00:01, 15.13it/s]
[36m(vLLMHttpServer pid=861657)[0m Capturing CUDA graphs (decode, FULL):  69%|██████▊   | 46/67 [00:03<00:01, 15.09it/s]
[36m(vLLMHttpServer pid=861657)[0m Capturing CUDA graphs (decode, FULL):  72%|███████▏  | 48/67 [00:03<00:01, 15.11it/s]
[36m(vLLMHttpServer pid=861657)[0m Capturing CUDA graphs (decode, FULL):  75%|███████▍  | 50/67 [00:03<00:01, 15.10it/s]
[36m(vLLMHttpServer pid=861657)[0m Capturing CUDA graphs (decode, FULL):  78%|███████▊  | 52/67 [00:03<00:00, 15.15it/s]
[36m(vLLMHttpServer pid=861657)[0m Capturing CUDA graphs (decode, FULL):  81%|████████  | 54/67 [00:03<00:00, 15.09it/s]
[36m(vLLMHttpServer pid=861657)[0m Capturing CUDA graphs (decode, FULL):  84%|████████▎ | 56/67 [00:03<00:00, 15.06it/s]
[36m(vLLMHttpServer pid=861657)[0m Capturing CUDA graphs (decode, FULL):  87%|████████▋ | 58/67 [00:03<00:00, 15.12it/s]
[36m(vLLMHttpServer pid=861657)[0m Capturing CUDA graphs (decode, FULL):  90%|████████▉ | 60/67 [00:03<00:00, 15.18it/s]
[36m(vLLMHttpServer pid=861657)[0m Capturing CUDA graphs (decode, FULL):  93%|█████████▎| 62/67 [00:04<00:00, 15.20it/s]
[36m(vLLMHttpServer pid=861657)[0m Capturing CUDA graphs (decode, FULL):  96%|█████████▌| 64/67 [00:04<00:00, 15.26it/s]
[36m(vLLMHttpServer pid=861657)[0m Capturing CUDA graphs (decode, FULL):  99%|█████████▊| 66/67 [00:04<00:00, 15.27it/s]
[36m(vLLMHttpServer pid=861657)[0m Capturing CUDA graphs (decode, FULL): 100%|██████████| 67/67 [00:04<00:00, 15.04it/s]
[36m(vLLMHttpServer pid=861657)[0m INFO:2026-07-05 01:58:45,553:Initializing a V1 LLM engine with config: model='/data2/hjk/models/huggingface/hub/models--Qwen--Qwen2.5-1.5B-Instruct/snapshots/989aa7980e4cf806f80c7fef2b1adb7bc71aa306', speculative_config=None, tokenizer='/data2/hjk/models/huggingface/hub/models--Qwen--Qwen2.5-1.5B-Instruct/snapshots/989aa7980e4cf806f80c7fef2b1adb7bc71aa306', skip_tokenizer_init=False, tokenizer_mode=auto, revision=None, tokenizer_revision=None, trust_remote_code=False, dtype=torch.bfloat16, max_seq_len=32768, download_dir=None, load_format=dummy, tensor_parallel_size=1, pipeline_parallel_size=1, data_parallel_size=1, disable_custom_all_reduce=False, quantization=None, enforce_eager=False, kv_cache_dtype=auto, device_config=cuda, structured_outputs_config=StructuredOutputsConfig(backend='auto', disable_fallback=False, disable_any_whitespace=False, disable_additional_properties=False, reasoning_parser=''), observability_config=ObservabilityConfig(show_hidden_metrics_for_version=None, otlp_traces_endpoint=None, collect_detailed_traces=None), seed=43, served_model_name=/data2/hjk/models/huggingface/hub/models--Qwen--Qwen2.5-1.5B-Instruct/snapshots/989aa7980e4cf806f80c7fef2b1adb7bc71aa306, enable_prefix_caching=True, chunked_prefill_enabled=True, pooler_config=None, compilation_config={"level":3,"debug_dump_path":"","cache_dir":"","backend":"","custom_ops":[],"splitting_ops":["vllm.unified_attention","vllm.unified_attention_with_output","vllm.mamba_mixer2","vllm.mamba_mixer","vllm.short_conv","vllm.linear_attention","vllm.plamo2_mamba_mixer","vllm.gdn_attention","vllm.sparse_attn_indexer"],"use_inductor":true,"compile_sizes":[],"inductor_compile_config":{"enable_auto_functionalized_v2":false},"inductor_passes":{},"cudagraph_mode":[2,1],"use_cudagraph":true,"cudagraph_num_of_warmups":1,"cudagraph_capture_sizes":[512,504,496,488,480,472,464,456,448,440,432,424,416,408,400,392,384,376,368,360,352,344,336,328,320,312,304,296,288,280,272,264,256,248,240,232,224,216,208,200,192,184,176,168,160,152,144,136,128,120,112,104,96,88,80,72,64,56,48,40,32,24,16,8,4,2,1],"cudagraph_copy_inputs":false,"full_cuda_graph":false,"use_inductor_graph_partition":false,"pass_config":{},"max_capture_size":512,"local_cache_dir":null}
[36m(TaskRunnerV1 pid=859989)[0m INFO:2026-07-05 01:58:45,817:checkpoint engine manager initialized
[36m(TaskRunnerV1 pid=859989)[0m INFO:2026-07-05 01:58:47,561:Training from scratch
[36m(TaskRunnerV1 pid=859989)[0m INFO:2026-07-05 01:58:47,562:all initialize finished, ready to fit
[36m(WorkerDict pid=861242)[0m /data2/hjk/envs/verl_qwen3vl_py311/lib/python3.11/site-packages/torch/distributed/fsdp/_state_dict_utils.py:763: UserWarning: When using ``NO_SHARD`` for ``ShardingStrategy``, full_state_dict will be returned.
[36m(WorkerDict pid=861242)[0m   warnings.warn(
[36m(WorkerDict pid=861242)[0m /data2/hjk/envs/verl_qwen3vl_py311/lib/python3.11/site-packages/torch/distributed/fsdp/_state_dict_utils.py:701: UserWarning: When using ``NO_SHARD`` for ``ShardingStrategy``, full_state_dict will be returned.
[36m(WorkerDict pid=861242)[0m   warnings.warn(
[36m(GlobalRequestLoadBalancer pid=862698)[0m /data2/hjk/envs/verl_qwen3vl_py311/lib/python3.11/site-packages/transformers/utils/hub.py:110: FutureWarning: Using `TRANSFORMERS_CACHE` is deprecated and will be removed in v5 of Transformers. Use `HF_HOME` instead.
[36m(WorkerDict pid=861242)[0m INFO:2026-07-05 01:58:58,120:update_weights done, time cost: 2.06s
[36m(GlobalRequestLoadBalancer pid=862698)[0m   warnings.warn(
[36m(WorkerDict pid=861242)[0m INFO:2026-07-05 01:58:58,667:update_weights done, time cost: 0.55s
[36m(pid=863083)[0m /data2/hjk/envs/verl_qwen3vl_py311/lib/python3.11/site-packages/transformers/utils/hub.py:110: FutureWarning: Using `TRANSFORMERS_CACHE` is deprecated and will be removed in v5 of Transformers. Use `HF_HOME` instead.
[36m(pid=863083)[0m   warnings.warn(
[36m(pid=863085)[0m /data2/hjk/projects/verl/verl/workers/engine/mindspeed/transformer_impl.py:24: UserWarning: NPU not support router replay for now.
[36m(pid=863085)[0m   from verl.utils.megatron.router_replay_patch import RouterReplay
[36m(AgentLoopWorkerTQ pid=863085)[0m Using blocking ray.get inside async actor. This blocks the event loop. Please use `await` on object ref with asyncio.gather if you want to yield execution to the event loop instead.
[36m(TaskRunnerV1 pid=859989)[0m Training Progress:   0%|          | 0/125 [00:00<?, ?it/s]
[36m(pid=863090)[0m /data2/hjk/envs/verl_qwen3vl_py311/lib/python3.11/site-packages/transformers/utils/hub.py:110: FutureWarning: Using `TRANSFORMERS_CACHE` is deprecated and will be removed in v5 of Transformers. Use `HF_HOME` instead.[32m [repeated 7x across cluster][0m
[36m(pid=863090)[0m   warnings.warn([32m [repeated 7x across cluster][0m
[36m(pid=863083)[0m /data2/hjk/projects/verl/verl/workers/engine/mindspeed/transformer_impl.py:24: UserWarning: NPU not support router replay for now.[32m [repeated 7x across cluster][0m
[36m(pid=863083)[0m   from verl.utils.megatron.router_replay_patch import RouterReplay[32m [repeated 7x across cluster][0m
[36m(WorkerDict pid=861242)[0m Using blocking ray.get inside async actor. This blocks the event loop. Please use `await` on object ref with asyncio.gather if you want to yield execution to the event loop instead.[32m [repeated 8x across cluster][0m
[36m(WorkerDict pid=861242)[0m INFO:2026-07-05 01:59:20,735:update_weights done, time cost: 0.46s
[36m(TaskRunnerV1 pid=859989)[0m Training Progress:   1%|          | 1/125 [00:10<22:17, 10.79s/it]

[36m(vLLMHttpServer pid=861657)[0m  '"max_new_tokens": 512}',
[36m(vLLMHttpServer pid=861657)[0m  '--hf_overrides',
[36m(vLLMHttpServer pid=861657)[0m  '{}',
[36m(vLLMHttpServer pid=861657)[0m  '--scheduling_policy',
[36m(vLLMHttpServer pid=861657)[0m  'fcfs',
[36m(vLLMHttpServer pid=861657)[0m  '--compilation_config',
[36m(vLLMHttpServer pid=861657)[0m  '{"cudagraph_mode": "FULL_AND_PIECEWISE"}',
[36m(vLLMHttpServer pid=861657)[0m  '--enable_lora',
[36m(vLLMHttpServer pid=861657)[0m  '--max_loras',
[36m(vLLMHttpServer pid=861657)[0m  '1',
[36m(vLLMHttpServer pid=861657)[0m  '--max_lora_rank',
[36m(vLLMHttpServer pid=861657)[0m  '8']
[36m(vLLMHttpServer pid=861657)[0m WARNING 07-05 01:57:50 [lora.py:92] `lora_extra_vocab_size` is deprecated and will be removed in v0.12.0. Additional vocabulary support for LoRA adapters is being phased out.
[36m(vLLMHttpServer pid=861657)[0m WARNING 07-05 01:57:50 [__init__.py:3036] We must use the `spawn` multiprocessing start method. Overriding VLLM_WORKER_MULTIPROC_METHOD to 'spawn'. See https://docs.vllm.ai/en/latest/usage/troubleshooting.html#python-multiprocessing for more information. Reasons: In a Ray actor and can only be spawned; CUDA is initialized
[36m(vLLMHttpServer pid=861657)[0m [Gloo] Rank 0 is connected to 0 peer ranks. Expected number of connected peer ranks is : 0
[36m(vLLMHttpServer pid=861657)[0m [Gloo] Rank 0 is connected to 0 peer ranks. Expected number of connected peer ranks is : 0
[36m(vLLMHttpServer pid=861657)[0m [Gloo] Rank 0 is connected to 0 peer ranks. Expected number of connected peer ranks is : 0
[36m(vLLMHttpServer pid=861657)[0m [Gloo] Rank 0 is connected to 0 peer ranks. Expected number of connected peer ranks is : 0
[36m(vLLMHttpServer pid=861657)[0m [Gloo] Rank 0 is connected to 0 peer ranks. Expected number of connected peer ranks is : 0
[36m(vLLMHttpServer pid=861657)[0m [Gloo] Rank 0 is connected to 0 peer ranks. Expected number of connected peer ranks is : 0
[36m(vLLMHttpServer pid=861657)[0m WARNING 07-05 01:58:45 [model.py:1389] Default sampling parameters have been overridden by the model's Hugging Face generation config recommended from the model creator. If this is not intended, please relaunch vLLM instance with `--generation-config vllm`.
[36m(TaskRunnerV1 pid=859989)[0m LLMServerManager: ['202.120.39.159:46373']
[36m(TaskRunnerV1 pid=859989)[0m Checkpoint tracker file does not exist: /data2/hjk/checkpoints/verl_qwen3vl/mathverse_text_qwen25_1p5b_grpo_answer_a0_clean_rerun512_seed43/latest_checkpointed_iteration.txt
[36m(WorkerDict pid=861242)[0m WARNING 07-05 01:58:47 [api_server.py:1213] LoRA dynamic loading & unloading is enabled in the API server. This should ONLY be used for local development!
[36m(GlobalRequestLoadBalancer pid=862698)[0m WARNING 07-05 01:58:53 [api_server.py:1213] LoRA dynamic loading & unloading is enabled in the API server. This should ONLY be used for local development!
[36m(AgentLoopWorkerTQ pid=863085)[0m Using dataset class: RLHFDataset
[36m(vLLMHttpServer pid=861657)[0m WARNING 07-05 01:59:08 [processor.py:215] vLLM has deprecated support for supporting different tokenizers for different LoRAs. By default, vLLM uses base model's tokenizer. If you are using a LoRA with its own tokenizer, consider specifying `--tokenizer [lora_path]` to use the LoRA tokenizer.
[36m(AgentLoopWorkerTQ pid=863087)[0m WARNING 07-05 01:59:08 [api_server.py:1213] LoRA dynamic loading & unloading is enabled in the API server. This should ONLY be used for local development!
[36m(TaskRunnerV1 pid=859989)[0m ("Initial validation metrics: {'val-aux/MathVerseTextA0Clean/reward/mean@1': "
[36m(TaskRunnerV1 pid=859989)[0m  "np.float64(0.4296875), 'val-core/MathVerseTextA0Clean/acc/mean@1': "
[36m(TaskRunnerV1 pid=859989)[0m  "np.float64(0.4296875), 'val-aux/num_turns/min': np.int64(2), "
[36m(TaskRunnerV1 pid=859989)[0m  "'val-aux/num_turns/max': np.int64(2), 'val-aux/num_turns/mean': "
[36m(TaskRunnerV1 pid=859989)[0m  'np.float64(2.0)}')Dumped generations to /data2/hjk/projects/AI-HiddenState-ER/rl_audit/mathverse_text_qwen25_1p5b_grpo_answer_a0_clean_rerun512_seed43/validation_generations/0.jsonl
[36m(TaskRunnerV1 pid=859989)[0m 
[36m(TaskRunnerV1 pid=859989)[0m step:0 - val-aux/MathVerseTextA0Clean/reward/mean@1:np.float64(0.4296875) - val-core/MathVerseTextA0Clean/acc/mean@1:np.float64(0.4296875) - val-aux/num_turns/min:np.int64(2) - val-aux/num_turns/max:np.int64(2) - val-aux/num_turns/mean:np.float64(2.0)
[36m(TaskRunnerV1 pid=859989)[0m step:1 - global_seqlen/min:6722 - global_seqlen/max:6722 - global_seqlen/minmax_diff:0 - global_seqlen/balanced_min:6722 - global_seqlen/balanced_max:6722 - global_seqlen/mean:6722.0 - actor/entropy:0.6835096478462219 - training/rollout_probs_diff_valid:1 - training/rollout_probs_diff_max:0.06245905160903931 - training/rollout_probs_diff_mean:0.004991983063519001 - training/rollout_probs_diff_std:0.008768294006586075 - training/rollout_actor_probs_pearson_corr:0.9995657205581665 - rollout_corr/training_ppl:1.1593085527420044 - rollout_corr/training_log_ppl:0.11204788088798523 - rollout_corr/kl:0.0010848072124645114 - rollout_corr/k3_kl:0.0005706407246179879 - rollout_corr/rollout_ppl:1.1602169275283813 - rollout_corr/rollout_log_ppl:0.11267426609992981 - rollout_corr/log_ppl_diff:-0.000626373803243041 - rollout_corr/log_ppl_abs_diff:0.0021769246086478233 - rollout_corr/log_ppl_diff_max:0.025425180792808533 - rollout_corr/log_ppl_diff_min:-0.030763357877731323 - rollout_corr/ppl_ratio:0.9993903040885925 - rollout_corr/chi2_token:0.00010251998901367188 - rollout_corr/chi2_seq:0.010773539543151855 - actor/pg_clipfrac:np.float64(0.0) - actor/ppo_kl:np.float64(0.0) - actor/pg_clipfrac_lower:np.float64(0.0) - actor/pg_loss:np.float64(0.33026349544525146) - actor/loss:np.float64(0.33026349544525146) - actor/grad_norm:np.float64(0.16565196216106415) - actor/lr:np.float64(1e-06) - actor/perf/max_memory_allocated_gb:np.float64(14.048219203948975) - actor/perf/max_memory_reserved_gb:np.float64(18.64453125) - actor/perf/cpu_memory_used_gb:np.float64(32.13642883300781) - perf/mfu/actor:np.float64(0.036806974335572444) - training/global_step:1 - training/epoch:0 - critic/score/mean:0.375 - critic/score/max:1.0 - critic/score/min:0.0 - critic/rewards/mean:0.375 - critic/rewards/max:1.0 - critic/rewards/min:0.0 - critic/advantages/mean:-0.33026358485221863 - critic/advantages/max:0.5400605201721191 - critic/advantages/min:-1.6201815605163574 - critic/returns/mean:-0.33026358485221863 - critic/returns/max:0.5400605201721191 - critic/returns/min:-1.6201815605163574 - response_length/mean:91.0625 - response_length/max:512.0 - response_length/min:4.0 - response_length/clip_ratio:0.03125 - response_length_non_aborted/mean:91.0625 - response_length_non_aborted/max:512.0 - response_length_non_aborted/min:4.0 - response_length_non_aborted/clip_ratio:0.03125 - response/aborted_ratio:0.0 - prompt_length/mean:113.0 - prompt_length/max:127.0 - prompt_length/min:99.0 - prompt_length/clip_ratio:0.25 - timing_s/gen:4.48482834798051 - timing_s/old_log_prob:2.04818055202486 - timing_s/adv:0.23740361898671836 - timing_s/update_actor:2.281984664965421 - timing_s/update_weights:1.1972100310376845 - timing_s/step:10.65107987599913 - timing_per_token_ms/adv:0.03531740835863111 - timing_per_token_ms/update_actor:0.3394800156152069 - timing_per_token_ms/gen:1.4899761953423623 - perf/total_num_tokens:6722 - perf/time_per_step:10.65107987599913 - perf/throughput:631.1097164098057 - training/num_turns/mean:np.float64(2.0) - training/num_turns/max:np.int64(2) - training/num_turns/min:np.int64(2) - training/off_policy/trajectory_spans/mean:np.float64(1.0) - training/off_policy/trajectory_spans/max:np.float64(1.0) - training/off_policy/trajectory_spans/min:np.float64(1.0) - training/off_policy/trajectory_staleness/mean:np.float64(0.0) - training/off_policy/trajectory_staleness/max:np.float64(0.0) - training/off_policy/trajectory_staleness/min:np.float64(0.0) - training/off_policy/trajectory_staleness_worst/mean:np.float64(0.0) - training/off_policy/trajectory_staleness_worst/max:np.float64(0.0) - training/off_policy/trajectory_staleness_worst/min:np.float64(0.0)[36m(WorkerDict pid=861242)[0m INFO:2026-07-05 01:59:31,030:update_weights done, time cost: 0.43s
[36m(TaskRunnerV1 pid=859989)[0m Training Progress:   2%|▏         | 2/125 [00:21<21:30, 10.49s/it]
[36m(WorkerDict pid=861242)[0m INFO:2026-07-05 01:59:40,501:update_weights done, time cost: 0.44s
[36m(TaskRunnerV1 pid=859989)[0m Training Progress:   2%|▏         | 3/125 [00:30<20:24, 10.03s/it]
[36m(WorkerDict pid=861242)[0m INFO:2026-07-05 01:59:48,159:update_weights done, time cost: 0.42s
[36m(TaskRunnerV1 pid=859989)[0m Training Progress:   3%|▎         | 4/125 [00:38<18:17,  9.07s/it]

[36m(AgentLoopWorkerTQ pid=863084)[0m Using dataset class: RLHFDataset[32m [repeated 7x across cluster][0m
[36m(AgentLoopWorkerTQ pid=863090)[0m WARNING 07-05 01:59:09 [api_server.py:1213] LoRA dynamic loading & unloading is enabled in the API server. This should ONLY be used for local development![32m [repeated 7x across cluster][0m
[36m(TaskRunnerV1 pid=859989)[0m step:2 - global_seqlen/min:8717 - global_seqlen/max:8717 - global_seqlen/minmax_diff:0 - global_seqlen/balanced_min:8717 - global_seqlen/balanced_max:8717 - global_seqlen/mean:8717.0 - actor/entropy:0.5772072672843933 - training/rollout_probs_diff_valid:1 - training/rollout_probs_diff_max:0.07829296588897705 - training/rollout_probs_diff_mean:0.004778082016855478 - training/rollout_probs_diff_std:0.008798868395388126 - training/rollout_actor_probs_pearson_corr:0.9995430111885071 - rollout_corr/training_ppl:1.1666638851165771 - rollout_corr/training_log_ppl:0.1196245476603508 - rollout_corr/kl:0.0007722447044216096 - rollout_corr/k3_kl:0.0006531227263621986 - rollout_corr/rollout_ppl:1.1638672351837158 - rollout_corr/rollout_log_ppl:0.11778243631124496 - rollout_corr/log_ppl_diff:0.0018421201966702938 - rollout_corr/log_ppl_abs_diff:0.0028373152017593384 - rollout_corr/log_ppl_diff_max:0.042674094438552856 - rollout_corr/log_ppl_diff_min:-0.04277700185775757 - rollout_corr/ppl_ratio:1.0018800497055054 - rollout_corr/chi2_token:0.001059412956237793 - rollout_corr/chi2_seq:0.006042361259460449 - actor/pg_clipfrac:np.float64(0.0) - actor/ppo_kl:np.float64(0.0) - actor/pg_clipfrac_lower:np.float64(0.0) - actor/pg_loss:np.float64(0.17213653028011322) - actor/loss:np.float64(0.17213653028011322) - actor/grad_norm:np.float64(0.1559639871120453) - actor/lr:np.float64(1e-06) - actor/perf/max_memory_allocated_gb:np.float64(16.6075382232666) - actor/perf/max_memory_reserved_gb:np.float64(24.53515625) - actor/perf/cpu_memory_used_gb:np.float64(32.197696685791016) - perf/mfu/actor:np.float64(0.04162525372599352) - training/global_step:2 - training/epoch:0 - critic/score/mean:0.25 - critic/score/max:1.0 - critic/score/min:0.0 - critic/rewards/mean:0.25 - critic/rewards/max:1.0 - critic/rewards/min:0.0 - critic/advantages/mean:-0.17213650047779083 - critic/advantages/max:2.4748666286468506 - critic/advantages/min:-1.20761239528656 - critic/returns/mean:-0.17213650047779083 - critic/returns/max:2.4748666286468506 - critic/returns/min:-1.20761239528656 - response_length/mean:114.15625 - response_length/max:512.0 - response_length/min:4.0 - response_length/clip_ratio:0.09375 - response_length_non_aborted/mean:114.15625 - response_length_non_aborted/max:512.0 - response_length_non_aborted/min:4.0 - response_length_non_aborted/clip_ratio:0.09375 - response/aborted_ratio:0.0 - prompt_length/mean:152.25 - prompt_length/max:257.0 - prompt_length/min:99.0 - prompt_length/clip_ratio:0.25 - timing_s/gen:4.428461478964891 - timing_s/old_log_prob:1.342911303974688 - timing_s/adv:0.24066160700749606 - timing_s/update_actor:2.54493743396597 - timing_s/update_weights:1.1992019660538062 - timing_s/step:10.152209964988288 - timing_per_token_ms/adv:0.02760830641361662 - timing_per_token_ms/update_actor:0.2919510650414099 - timing_per_token_ms/gen:1.181238057872737 - perf/total_num_tokens:8717 - perf/time_per_step:10.152209964988288 - perf/throughput:858.630783845304 - training/num_turns/mean:np.float64(2.0) - training/num_turns/max:np.int64(2) - training/num_turns/min:np.int64(2) - training/off_policy/trajectory_spans/mean:np.float64(1.0) - training/off_policy/trajectory_spans/max:np.float64(1.0) - training/off_policy/trajectory_spans/min:np.float64(1.0) - training/off_policy/trajectory_staleness/mean:np.float64(0.0) - training/off_policy/trajectory_staleness/max:np.float64(0.0) - training/off_policy/trajectory_staleness/min:np.float64(0.0) - training/off_policy/trajectory_staleness_worst/mean:np.float64(0.0) - training/off_policy/trajectory_staleness_worst/max:np.float64(0.0) - training/off_policy/trajectory_staleness_worst/min:np.float64(0.0)
[36m(TaskRunnerV1 pid=859989)[0m step:3 - global_seqlen/min:5772 - global_seqlen/max:5772 - global_seqlen/minmax_diff:0 - global_seqlen/balanced_min:5772 - global_seqlen/balanced_max:5772 - global_seqlen/mean:5772.0 - actor/entropy:0.6595927476882935 - training/rollout_probs_diff_valid:1 - training/rollout_probs_diff_max:0.06413847208023071 - training/rollout_probs_diff_mean:0.0056635551154613495 - training/rollout_probs_diff_std:0.009767943993210793 - training/rollout_actor_probs_pearson_corr:0.9994534254074097 - rollout_corr/training_ppl:1.14805006980896 - rollout_corr/training_log_ppl:0.1063307449221611 - rollout_corr/kl:0.0016630386235192418 - rollout_corr/k3_kl:0.0007087079575285316 - rollout_corr/rollout_ppl:1.1486892700195312 - rollout_corr/rollout_log_ppl:0.10720152407884598 - rollout_corr/log_ppl_diff:-0.0008707813685759902 - rollout_corr/log_ppl_abs_diff:0.0033473498187959194 - rollout_corr/log_ppl_diff_max:0.05103537440299988 - rollout_corr/log_ppl_diff_min:-0.04142528772354126 - rollout_corr/ppl_ratio:0.9991722702980042 - rollout_corr/chi2_token:-0.0005134344100952148 - rollout_corr/chi2_seq:-0.02162647247314453 - actor/pg_clipfrac:np.float64(0.0) - actor/ppo_kl:np.float64(0.0) - actor/pg_clipfrac_lower:np.float64(0.0) - actor/pg_loss:np.float64(0.06541316211223602) - actor/loss:np.float64(0.06541316211223602) - actor/grad_norm:np.float64(0.22659601271152496) - actor/lr:np.float64(1e-06) - actor/perf/max_memory_allocated_gb:np.float64(16.6075382232666) - actor/perf/max_memory_reserved_gb:np.float64(29.546875) - actor/perf/cpu_memory_used_gb:np.float64(32.14012908935547) - perf/mfu/actor:np.float64(0.036991785154038385) - training/global_step:3 - training/epoch:0 - critic/score/mean:0.625 - critic/score/max:1.0 - critic/score/min:0.0 - critic/rewards/mean:0.625 - critic/rewards/max:1.0 - critic/rewards/min:0.0 - critic/advantages/mean:-0.06541313230991364 - critic/advantages/max:1.20761239528656 - critic/advantages/min:-2.4748666286468506 - critic/returns/mean:-0.06541313230991364 - critic/returns/max:1.20761239528656 - critic/returns/min:-2.4748666286468506 - response_length/mean:63.125 - response_length/max:491.0 - response_length/min:4.0 - response_length/clip_ratio:0.03125 - response_length_non_aborted/mean:63.125 - response_length_non_aborted/max:491.0 - response_length_non_aborted/min:4.0 - response_length_non_aborted/clip_ratio:0.03125 - response/aborted_ratio:0.0 - prompt_length/mean:111.25 - prompt_length/max:124.0 - prompt_length/min:90.0 - prompt_length/clip_ratio:0.25 - timing_s/gen:4.473051831009798 - timing_s/old_log_prob:1.1237938289996237 - timing_s/adv:0.21355035505257547 - timing_s/update_actor:1.984658450994175 - timing_s/update_weights:1.1640706890029833 - timing_s/step:9.350882628001273 - timing_per_token_ms/adv:0.03699763601049471 - timing_per_token_ms/update_actor:0.3438424204771613 - timing_per_token_ms/gen:2.113918634692721 - perf/total_num_tokens:5772 - perf/time_per_step:9.350882628001273 - perf/throughput:617.2679339077267 - training/num_turns/mean:np.float64(2.0) - training/num_turns/max:np.int64(2) - training/num_turns/min:np.int64(2) - training/off_policy/trajectory_spans/mean:np.float64(1.0) - training/off_policy/trajectory_spans/max:np.float64(1.0) - training/off_policy/trajectory_spans/min:np.float64(1.0) - training/off_policy/trajectory_staleness/mean:np.float64(0.0) - training/off_policy/trajectory_staleness/max:np.float64(0.0) - training/off_policy/trajectory_staleness/min:np.float64(0.0) - training/off_policy/trajectory_staleness_worst/mean:np.float64(0.0) - training/off_policy/trajectory_staleness_worst/max:np.float64(0.0) - training/off_policy/trajectory_staleness_worst/min:np.float64(0.0)
[36m(TaskRunnerV1 pid=859989)[0m step:4 - global_seqlen/min:5525 - global_seqlen/max:5525 - global_seqlen/minmax_diff:0 - global_seqlen/balanced_min:5525 - global_seqlen/balanced_max:5525 - global_seqlen/mean:5525.0 - actor/entropy:0.6779100894927979 - training/rollout_probs_diff_valid:1 - training/rollout_probs_diff_max:0.06844216585159302 - training/rollout_probs_diff_mean:0.005365826655179262 - training/rollout_probs_diff_std:0.009153371676802635 - training/rollout_actor_probs_pearson_corr:0.9995072484016418 - rollout_corr/training_ppl:1.1787656545639038 - rollout_corr/training_log_ppl:0.12270869314670563 - rollout_corr/kl:-0.0006687833811156452 - rollout_corr/k3_kl:0.0006856760010123253 - rollout_corr/rollout_ppl:1.1777305603027344 - rollout_corr/rollout_log_ppl:0.12197545915842056 - rollout_corr/log_ppl_diff:0.0007332295645028353 - rollout_corr/log_ppl_abs_diff:0.0025653508491814137 - rollout_corr/log_ppl_diff_max:0.046674251556396484 - rollout_corr/log_ppl_diff_min:-0.034437716007232666 - rollout_corr/ppl_ratio:1.000760555267334 - rollout_corr/chi2_token:0.004091024398803711 - rollout_corr/chi2_seq:0.24813318252563477 - actor/pg_clipfrac:np.float64(0.0) - actor/ppo_kl:np.float64(0.0) - actor/pg_clipfrac_lower:np.float64(0.0) - actor/pg_loss:np.float64(-0.03636033460497856) - actor/loss:np.float64(-0.03636033460497856) - actor/grad_norm:np.float64(0.3111134171485901) - actor/lr:np.float64(1e-06) - actor/perf/max_memory_allocated_gb:np.float64(16.6075382232666) - actor/perf/max_memory_reserved_gb:np.float64(29.546875) - actor/perf/cpu_memory_used_gb:np.float64(32.144344329833984) - perf/mfu/actor:np.float64(0.035933299997802634) - training/global_step:4 - training/epoch:0 - critic/score/mean:0.5 - critic/score/max:1.0 - critic/score/min:0.0 - critic/rewards/mean:0.5 - critic/rewards/max:1.0 - critic/rewards/min:0.0 - critic/advantages/mean:0.036360371857881546 - critic/advantages/max:1.6201815605163574 - critic/advantages/min:-1.20761239528656 - critic/returns/mean:0.036360371857881546 - critic/returns/max:1.6201815605163574 - critic/returns/min:-1.20761239528656 - response_length/mean:64.90625 - response_length/max:415.0 - response_length/min:4.0 - response_length/clip_ratio:0.03125 - response_length_non_aborted/mean:64.90625 - response_length_non_aborted/max:415.0 - response_length_non_aborted/min:4.0 - response_length_non_aborted/clip_ratio:0.03125 - response/aborted_ratio:0.0 - prompt_length/mean:101.75 - prompt_length/max:122.0 - prompt_length/min:81.0 - prompt_length/clip_ratio:0.25 - timing_s/gen:2.4349949449533597 - timing_s/old_log_prob:1.116062865999993 - timing_s/adv:0.23823686299147084 - timing_s/update_actor:1.951636795012746 - timing_s/update_weights:1.0916385059827007 - timing_s/step:7.460476775013376 - timing_per_token_ms/adv:0.04311979420660106 - timing_per_token_ms/update_actor:0.353237428961583 - timing_per_token_ms/gen:1.120568313370161 - perf/total_num_tokens:5525 - perf/time_per_step:7.460476775013376 - perf/throughput:740.5692915638216 - training/num_turns/mean:np.float64(2.0) - training/num_turns/max:np.int64(2) - training/num_turns/min:np.int64(2) - training/off_policy/trajectory_spans/mean:np.float64(1.0) - training/off_policy/trajectory_spans/max:np.float64(1.0) - training/off_policy/trajectory_spans/min:np.float64(1.0) - training/off_policy/trajectory_staleness/mean:np.float64(0.0) - training/off_policy/trajectory_staleness/max:np.float64(0.0) - training/off_policy/trajectory_staleness/min:np.float64(0.0) - training/off_policy/trajectory_staleness_worst/mean:np.float64(0.0) - training/off_policy/trajectory_staleness_worst/max:np.float64(0.0) - training/off_policy/trajectory_staleness_worst/min:np.float64(0.0)[36m(WorkerDict pid=861242)[0m INFO:2026-07-05 01:59:58,171:update_weights done, time cost: 0.59s
[36m(TaskRunnerV1 pid=859989)[0m Training Progress:   4%|▍         | 5/125 [00:48<18:49,  9.41s/it]
[36m(WorkerDict pid=861242)[0m INFO:2026-07-05 02:00:07,963:update_weights done, time cost: 0.42s
[36m(TaskRunnerV1 pid=859989)[0m Training Progress:   5%|▍         | 6/125 [00:57<18:55,  9.55s/it]
[36m(WorkerDict pid=861242)[0m INFO:2026-07-05 02:00:18,468:update_weights done, time cost: 0.42s
[36m(TaskRunnerV1 pid=859989)[0m Training Progress:   6%|▌         | 7/125 [01:08<19:23,  9.86s/it]

[36m(TaskRunnerV1 pid=859989)[0m step:5 - global_seqlen/min:6305 - global_seqlen/max:6305 - global_seqlen/minmax_diff:0 - global_seqlen/balanced_min:6305 - global_seqlen/balanced_max:6305 - global_seqlen/mean:6305.0 - actor/entropy:0.6332559585571289 - training/rollout_probs_diff_valid:1 - training/rollout_probs_diff_max:0.05705428123474121 - training/rollout_probs_diff_mean:0.005067468620836735 - training/rollout_probs_diff_std:0.008486861363053322 - training/rollout_actor_probs_pearson_corr:0.9995691180229187 - rollout_corr/training_ppl:1.1421018838882446 - rollout_corr/training_log_ppl:0.10797019302845001 - rollout_corr/kl:0.0013014565920457244 - rollout_corr/k3_kl:0.000624721054919064 - rollout_corr/rollout_ppl:1.1421027183532715 - rollout_corr/rollout_log_ppl:0.10793573409318924 - rollout_corr/log_ppl_diff:3.446859773248434e-05 - rollout_corr/log_ppl_abs_diff:0.0022704917937517166 - rollout_corr/log_ppl_diff_max:0.03200462460517883 - rollout_corr/log_ppl_diff_min:-0.030693233013153076 - rollout_corr/ppl_ratio:1.0000548362731934 - rollout_corr/chi2_token:-0.00011974573135375977 - rollout_corr/chi2_seq:-0.023768126964569092 - actor/pg_clipfrac:np.float64(0.0) - actor/ppo_kl:np.float64(0.0) - actor/pg_clipfrac_lower:np.float64(0.0) - actor/pg_loss:np.float64(0.3782452940940857) - actor/loss:np.float64(0.3782452940940857) - actor/grad_norm:np.float64(0.19637346267700195) - actor/lr:np.float64(1e-06) - actor/perf/max_memory_allocated_gb:np.float64(16.6075382232666) - actor/perf/max_memory_reserved_gb:np.float64(29.546875) - actor/perf/cpu_memory_used_gb:np.float64(32.12421417236328) - perf/mfu/actor:np.float64(0.034138207458929114) - training/global_step:5 - training/epoch:0 - critic/score/mean:0.6875 - critic/score/max:1.0 - critic/score/min:0.0 - critic/rewards/mean:0.6875 - critic/rewards/max:1.0 - critic/rewards/min:0.0 - critic/advantages/mean:-0.37824535369873047 - critic/advantages/max:1.20761239528656 - critic/advantages/min:-1.6201815605163574 - critic/returns/mean:-0.37824535369873047 - critic/returns/max:1.20761239528656 - critic/returns/min:-1.6201815605163574 - response_length/mean:78.03125 - response_length/max:512.0 - response_length/min:4.0 - response_length/clip_ratio:0.03125 - response_length_non_aborted/mean:78.03125 - response_length_non_aborted/max:512.0 - response_length_non_aborted/min:4.0 - response_length_non_aborted/clip_ratio:0.03125 - response/aborted_ratio:0.0 - prompt_length/mean:113.0 - prompt_length/max:127.0 - prompt_length/min:90.0 - prompt_length/clip_ratio:0.5 - timing_s/gen:4.445867397997063 - timing_s/old_log_prob:1.181008834973909 - timing_s/adv:0.23999451502459124 - timing_s/update_actor:2.302395758975763 - timing_s/update_weights:1.3195070450310595 - timing_s/step:9.88283382699592 - timing_per_token_ms/adv:0.03806415781516118 - timing_per_token_ms/update_actor:0.3651698269588839 - timing_per_token_ms/gen:1.7145651361346173 - perf/total_num_tokens:6305 - perf/time_per_step:9.88283382699592 - perf/throughput:637.974907842453 - training/num_turns/mean:np.float64(2.0) - training/num_turns/max:np.int64(2) - training/num_turns/min:np.int64(2) - training/off_policy/trajectory_spans/mean:np.float64(1.0) - training/off_policy/trajectory_spans/max:np.float64(1.0) - training/off_policy/trajectory_spans/min:np.float64(1.0) - training/off_policy/trajectory_staleness/mean:np.float64(0.0) - training/off_policy/trajectory_staleness/max:np.float64(0.0) - training/off_policy/trajectory_staleness/min:np.float64(0.0) - training/off_policy/trajectory_staleness_worst/mean:np.float64(0.0) - training/off_policy/trajectory_staleness_worst/max:np.float64(0.0) - training/off_policy/trajectory_staleness_worst/min:np.float64(0.0)
[36m(TaskRunnerV1 pid=859989)[0m step:6 - global_seqlen/min:7007 - global_seqlen/max:7007 - global_seqlen/minmax_diff:0 - global_seqlen/balanced_min:7007 - global_seqlen/balanced_max:7007 - global_seqlen/mean:7007.0 - actor/entropy:0.6703596115112305 - training/rollout_probs_diff_valid:1 - training/rollout_probs_diff_max:0.0630122721195221 - training/rollout_probs_diff_mean:0.004813247360289097 - training/rollout_probs_diff_std:0.008663059212267399 - training/rollout_actor_probs_pearson_corr:0.9995728135108948 - rollout_corr/training_ppl:1.178722858428955 - rollout_corr/training_log_ppl:0.12513487040996552 - rollout_corr/kl:-0.00016278435941785574 - rollout_corr/k3_kl:0.0005481899715960026 - rollout_corr/rollout_ppl:1.1776584386825562 - rollout_corr/rollout_log_ppl:0.12459656596183777 - rollout_corr/log_ppl_diff:0.0005383194657042623 - rollout_corr/log_ppl_abs_diff:0.00251786969602108 - rollout_corr/log_ppl_diff_max:0.057289958000183105 - rollout_corr/log_ppl_diff_min:-0.026188790798187256 - rollout_corr/ppl_ratio:1.0005675554275513 - rollout_corr/chi2_token:0.0025168657302856445 - rollout_corr/chi2_seq:0.0876842737197876 - actor/pg_clipfrac:np.float64(0.0) - actor/ppo_kl:np.float64(0.0) - actor/pg_clipfrac_lower:np.float64(0.0) - actor/pg_loss:np.float64(-0.14522501826286316) - actor/loss:np.float64(-0.14522501826286316) - actor/grad_norm:np.float64(0.19758719205856323) - actor/lr:np.float64(1e-06) - actor/perf/max_memory_allocated_gb:np.float64(16.6075382232666) - actor/perf/max_memory_reserved_gb:np.float64(29.546875) - actor/perf/cpu_memory_used_gb:np.float64(32.12946319580078) - perf/mfu/actor:np.float64(0.03985534833278215) - training/global_step:6 - training/epoch:0 - critic/score/mean:0.34375 - critic/score/max:1.0 - critic/score/min:0.0 - critic/rewards/mean:0.34375 - critic/rewards/max:1.0 - critic/rewards/min:0.0 - critic/advantages/mean:0.14522507786750793 - critic/advantages/max:2.4748666286468506 - critic/advantages/min:-1.20761239528656 - critic/returns/mean:0.14522507786750793 - critic/returns/max:2.4748666286468506 - critic/returns/min:-1.20761239528656 - response_length/mean:99.21875 - response_length/max:512.0 - response_length/min:4.0 - response_length/clip_ratio:0.0625 - response_length_non_aborted/mean:99.21875 - response_length_non_aborted/max:512.0 - response_length_non_aborted/min:4.0 - response_length_non_aborted/clip_ratio:0.0625 - response/aborted_ratio:0.0 - prompt_length/mean:113.75 - prompt_length/max:139.0 - prompt_length/min:95.0 - prompt_length/clip_ratio:0.25 - timing_s/gen:4.442571764986496 - timing_s/old_log_prob:1.217039821029175 - timing_s/adv:0.238783988985233 - timing_s/update_actor:2.2058662310009822 - timing_s/update_weights:1.1622343190247193 - timing_s/step:9.655607553955633 - timing_per_token_ms/adv:0.0340779205059559 - timing_per_token_ms/update_actor:0.3148089383475071 - timing_per_token_ms/gen:1.358169295318403 - perf/total_num_tokens:7007 - perf/time_per_step:9.655607553955633 - perf/throughput:725.6922944356234 - training/num_turns/mean:np.float64(2.0) - training/num_turns/max:np.int64(2) - training/num_turns/min:np.int64(2) - training/off_policy/trajectory_spans/mean:np.float64(1.0) - training/off_policy/trajectory_spans/max:np.float64(1.0) - training/off_policy/trajectory_spans/min:np.float64(1.0) - training/off_policy/trajectory_staleness/mean:np.float64(0.0) - training/off_policy/trajectory_staleness/max:np.float64(0.0) - training/off_policy/trajectory_staleness/min:np.float64(0.0) - training/off_policy/trajectory_staleness_worst/mean:np.float64(0.0) - training/off_policy/trajectory_staleness_worst/max:np.float64(0.0) - training/off_policy/trajectory_staleness_worst/min:np.float64(0.0)
[36m(TaskRunnerV1 pid=859989)[0m step:7 - global_seqlen/min:8905 - global_seqlen/max:8905 - global_seqlen/minmax_diff:0 - global_seqlen/balanced_min:8905 - global_seqlen/balanced_max:8905 - global_seqlen/mean:8905.0 - actor/entropy:0.8217246532440186 - training/rollout_probs_diff_valid:1 - training/rollout_probs_diff_max:0.07969865202903748 - training/rollout_probs_diff_mean:0.004541289061307907 - training/rollout_probs_diff_std:0.008367826230823994 - training/rollout_actor_probs_pearson_corr:0.9996589422225952 - rollout_corr/training_ppl:1.304358720779419 - rollout_corr/training_log_ppl:0.1685163825750351 - rollout_corr/kl:0.0010035308077931404 - rollout_corr/k3_kl:0.0006489654188044369 - rollout_corr/rollout_ppl:1.3055590391159058 - rollout_corr/rollout_log_ppl:0.16926126182079315 - rollout_corr/log_ppl_diff:-0.0007449077675119042 - rollout_corr/log_ppl_abs_diff:0.0022438084706664085 - rollout_corr/log_ppl_diff_max:0.024636298418045044 - rollout_corr/log_ppl_diff_min:-0.06408214569091797 - rollout_corr/ppl_ratio:0.9992852210998535 - rollout_corr/chi2_token:0.0005878210067749023 - rollout_corr/chi2_seq:-0.007697045803070068 - actor/pg_clipfrac:np.float64(0.0) - actor/ppo_kl:np.float64(0.0) - actor/pg_clipfrac_lower:np.float64(0.0) - actor/pg_loss:np.float64(-0.035243190824985504) - actor/loss:np.float64(-0.035243190824985504) - actor/grad_norm:np.float64(0.1314629167318344) - actor/lr:np.float64(1e-06) - actor/perf/max_memory_allocated_gb:np.float64(16.83967113494873) - actor/perf/max_memory_reserved_gb:np.float64(29.546875) - actor/perf/cpu_memory_used_gb:np.float64(32.14501190185547) - perf/mfu/actor:np.float64(0.03972066335320632) - training/global_step:7 - training/epoch:0 - critic/score/mean:0.375 - critic/score/max:1.0 - critic/score/min:0.0 - critic/rewards/mean:0.375 - critic/rewards/max:1.0 - critic/rewards/min:0.0 - critic/advantages/mean:0.03524318337440491 - critic/advantages/max:1.20761239528656 - critic/advantages/min:-1.20761239528656 - critic/returns/mean:0.03524318337440491 - critic/returns/max:1.20761239528656 - critic/returns/min:-1.20761239528656 - response_length/mean:149.53125 - response_length/max:512.0 - response_length/min:4.0 - response_length/clip_ratio:0.0625 - response_length_non_aborted/mean:149.53125 - response_length_non_aborted/max:512.0 - response_length_non_aborted/min:4.0 - response_length_non_aborted/clip_ratio:0.0625 - response/aborted_ratio:0.0 - prompt_length/mean:122.75 - prompt_length/max:148.0 - prompt_length/min:99.0 - prompt_length/clip_ratio:0.25 - timing_s/gen:4.424879515019711 - timing_s/old_log_prob:1.350282496016007 - timing_s/adv:0.23891304002609104 - timing_s/update_actor:2.7375719110132195 - timing_s/update_weights:1.2183583379955962 - timing_s/step:10.372481397993397 - timing_per_token_ms/adv:0.026829089278617747 - timing_per_token_ms/update_actor:0.3074196418880651 - timing_per_token_ms/gen:0.9065518367178265 - perf/total_num_tokens:8905 - perf/time_per_step:10.372481397993397 - perf/throughput:858.5216650012708 - training/num_turns/mean:np.float64(2.0) - training/num_turns/max:np.int64(2) - training/num_turns/min:np.int64(2) - training/off_policy/trajectory_spans/mean:np.float64(1.0) - training/off_policy/trajectory_spans/max:np.float64(1.0) - training/off_policy/trajectory_spans/min:np.float64(1.0) - training/off_policy/trajectory_staleness/mean:np.float64(0.0) - training/off_policy/trajectory_staleness/max:np.float64(0.0) - training/off_policy/trajectory_staleness/min:np.float64(0.0) - training/off_policy/trajectory_staleness_worst/mean:np.float64(0.0) - training/off_policy/trajectory_staleness_worst/max:np.float64(0.0) - training/off_policy/trajectory_staleness_worst/min:np.float64(0.0)[36m(WorkerDict pid=861242)[0m INFO:2026-07-05 02:00:28,383:update_weights done, time cost: 0.43s
[36m(TaskRunnerV1 pid=859989)[0m Training Progress:   6%|▋         | 8/125 [01:18<19:14,  9.87s/it]
[36m(WorkerDict pid=861242)[0m INFO:2026-07-05 02:00:35,964:update_weights done, time cost: 0.54s
[36m(TaskRunnerV1 pid=859989)[0m Training Progress:   7%|▋         | 9/125 [01:25<17:42,  9.16s/it]
[36m(WorkerDict pid=861242)[0m INFO:2026-07-05 02:00:43,433:update_weights done, time cost: 0.42s
[36m(TaskRunnerV1 pid=859989)[0m Training Progress:   8%|▊         | 10/125 [01:33<16:33,  8.64s/it]

[36m(TaskRunnerV1 pid=859989)[0m step:8 - global_seqlen/min:7185 - global_seqlen/max:7185 - global_seqlen/minmax_diff:0 - global_seqlen/balanced_min:7185 - global_seqlen/balanced_max:7185 - global_seqlen/mean:7185.0 - actor/entropy:0.7125347256660461 - training/rollout_probs_diff_valid:1 - training/rollout_probs_diff_max:0.061620503664016724 - training/rollout_probs_diff_mean:0.005149574019014835 - training/rollout_probs_diff_std:0.00880103837698698 - training/rollout_actor_probs_pearson_corr:0.9995720386505127 - rollout_corr/training_ppl:1.2032835483551025 - rollout_corr/training_log_ppl:0.13522213697433472 - rollout_corr/kl:0.0017248225631192327 - rollout_corr/k3_kl:0.000644390529487282 - rollout_corr/rollout_ppl:1.2023874521255493 - rollout_corr/rollout_log_ppl:0.13475514948368073 - rollout_corr/log_ppl_diff:0.00046698329970240593 - rollout_corr/log_ppl_abs_diff:0.0020857530180364847 - rollout_corr/log_ppl_diff_max:0.050551772117614746 - rollout_corr/log_ppl_diff_min:-0.019842535257339478 - rollout_corr/ppl_ratio:1.0004868507385254 - rollout_corr/chi2_token:-0.0008823275566101074 - rollout_corr/chi2_seq:-0.012190520763397217 - actor/pg_clipfrac:np.float64(0.0) - actor/ppo_kl:np.float64(0.0) - actor/pg_clipfrac_lower:np.float64(0.0) - actor/pg_loss:np.float64(0.005860726349055767) - actor/loss:np.float64(0.005860726349055767) - actor/grad_norm:np.float64(0.14839482307434082) - actor/lr:np.float64(1e-06) - actor/perf/max_memory_allocated_gb:np.float64(16.83967113494873) - actor/perf/max_memory_reserved_gb:np.float64(29.546875) - actor/perf/cpu_memory_used_gb:np.float64(32.13066482543945) - perf/mfu/actor:np.float64(0.039172460629857464) - training/global_step:8 - training/epoch:0 - critic/score/mean:0.40625 - critic/score/max:1.0 - critic/score/min:0.0 - critic/rewards/mean:0.40625 - critic/rewards/max:1.0 - critic/rewards/min:0.0 - critic/advantages/mean:-0.0058607240207493305 - critic/advantages/max:1.20761239528656 - critic/advantages/min:-1.6201815605163574 - critic/returns/mean:-0.0058607240207493305 - critic/returns/max:1.20761239528656 - critic/returns/min:-1.6201815605163574 - response_length/mean:110.03125 - response_length/max:465.0 - response_length/min:4.0 - response_length/clip_ratio:0.03125 - response_length_non_aborted/mean:110.03125 - response_length_non_aborted/max:465.0 - response_length_non_aborted/min:4.0 - response_length_non_aborted/clip_ratio:0.03125 - response/aborted_ratio:0.0 - prompt_length/mean:108.5 - prompt_length/max:127.0 - prompt_length/min:79.0 - prompt_length/clip_ratio:0.25 - timing_s/gen:4.427066598960664 - timing_s/old_log_prob:1.2298080270411447 - timing_s/adv:0.24040184303885326 - timing_s/update_actor:2.2866895939805545 - timing_s/update_weights:1.1714406110113487 - timing_s/step:9.754947806999553 - timing_per_token_ms/adv:0.03345885080568591 - timing_per_token_ms/update_actor:0.3182588161420396 - timing_per_token_ms/gen:1.2239609065415162 - perf/total_num_tokens:7185 - perf/time_per_step:9.754947806999553 - perf/throughput:736.5493021750956 - training/num_turns/mean:np.float64(2.0) - training/num_turns/max:np.int64(2) - training/num_turns/min:np.int64(2) - training/off_policy/trajectory_spans/mean:np.float64(1.0) - training/off_policy/trajectory_spans/max:np.float64(1.0) - training/off_policy/trajectory_spans/min:np.float64(1.0) - training/off_policy/trajectory_staleness/mean:np.float64(0.0) - training/off_policy/trajectory_staleness/max:np.float64(0.0) - training/off_policy/trajectory_staleness/min:np.float64(0.0) - training/off_policy/trajectory_staleness_worst/mean:np.float64(0.0) - training/off_policy/trajectory_staleness_worst/max:np.float64(0.0) - training/off_policy/trajectory_staleness_worst/min:np.float64(0.0)
[36m(TaskRunnerV1 pid=859989)[0m step:9 - global_seqlen/min:5141 - global_seqlen/max:5141 - global_seqlen/minmax_diff:0 - global_seqlen/balanced_min:5141 - global_seqlen/balanced_max:5141 - global_seqlen/mean:5141.0 - actor/entropy:0.8520925045013428 - training/rollout_probs_diff_valid:1 - training/rollout_probs_diff_max:0.05438113212585449 - training/rollout_probs_diff_mean:0.00546191306784749 - training/rollout_probs_diff_std:0.008621161803603172 - training/rollout_actor_probs_pearson_corr:0.9996085166931152 - rollout_corr/training_ppl:1.151878833770752 - rollout_corr/training_log_ppl:0.0951465517282486 - rollout_corr/kl:0.00228669960051775 - rollout_corr/k3_kl:0.0007428429671563208 - rollout_corr/rollout_ppl:1.1519122123718262 - rollout_corr/rollout_log_ppl:0.0952528566122055 - rollout_corr/log_ppl_diff:-0.00010630488395690918 - rollout_corr/log_ppl_abs_diff:0.0011690674582496285 - rollout_corr/log_ppl_diff_max:0.007933080196380615 - rollout_corr/log_ppl_diff_min:-0.032911211252212524 - rollout_corr/ppl_ratio:0.9999005794525146 - rollout_corr/chi2_token:-0.001584470272064209 - rollout_corr/chi2_seq:-0.021136999130249023 - actor/pg_clipfrac:np.float64(0.0) - actor/ppo_kl:np.float64(0.0) - actor/pg_clipfrac_lower:np.float64(0.0) - actor/pg_loss:np.float64(0.4147821068763733) - actor/loss:np.float64(0.4147821068763733) - actor/grad_norm:np.float64(0.3507288694381714) - actor/lr:np.float64(1e-06) - actor/perf/max_memory_allocated_gb:np.float64(16.83967113494873) - actor/perf/max_memory_reserved_gb:np.float64(29.546875) - actor/perf/cpu_memory_used_gb:np.float64(32.11945343017578) - perf/mfu/actor:np.float64(0.032219356383006464) - training/global_step:9 - training/epoch:0 - critic/score/mean:0.625 - critic/score/max:1.0 - critic/score/min:0.0 - critic/rewards/mean:0.625 - critic/rewards/max:1.0 - critic/rewards/min:0.0 - critic/advantages/mean:-0.4147821068763733 - critic/advantages/max:0.7245674133300781 - critic/advantages/min:-2.4748666286468506 - critic/returns/mean:-0.4147821068763733 - critic/returns/max:0.7245674133300781 - critic/returns/min:-2.4748666286468506 - response_length/mean:39.15625 - response_length/max:251.0 - response_length/min:4.0 - response_length/clip_ratio:0.03125 - response_length_non_aborted/mean:39.15625 - response_length_non_aborted/max:251.0 - response_length_non_aborted/min:4.0 - response_length_non_aborted/clip_ratio:0.03125 - response/aborted_ratio:0.0 - prompt_length/mean:115.5 - prompt_length/max:152.0 - prompt_length/min:102.0 - prompt_length/clip_ratio:0.25 - timing_s/gen:2.4034896320081316 - timing_s/old_log_prob:1.133659862971399 - timing_s/adv:0.23709756799507886 - timing_s/update_actor:2.0287640859605744 - timing_s/update_weights:1.2474631539662369 - timing_s/step:7.440908671007492 - timing_per_token_ms/adv:0.04611895895644405 - timing_per_token_ms/update_actor:0.39462440886220085 - timing_per_token_ms/gen:1.7816824551579924 - perf/total_num_tokens:5141 - perf/time_per_step:7.440908671007492 - perf/throughput:690.9102405773667 - training/num_turns/mean:np.float64(2.0) - training/num_turns/max:np.int64(2) - training/num_turns/min:np.int64(2) - training/off_policy/trajectory_spans/mean:np.float64(1.0) - training/off_policy/trajectory_spans/max:np.float64(1.0) - training/off_policy/trajectory_spans/min:np.float64(1.0) - training/off_policy/trajectory_staleness/mean:np.float64(0.0) - training/off_policy/trajectory_staleness/max:np.float64(0.0) - training/off_policy/trajectory_staleness/min:np.float64(0.0) - training/off_policy/trajectory_staleness_worst/mean:np.float64(0.0) - training/off_policy/trajectory_staleness_worst/max:np.float64(0.0) - training/off_policy/trajectory_staleness_worst/min:np.float64(0.0)
[36m(TaskRunnerV1 pid=859989)[0m step:10 - global_seqlen/min:5631 - global_seqlen/max:5631 - global_seqlen/minmax_diff:0 - global_seqlen/balanced_min:5631 - global_seqlen/balanced_max:5631 - global_seqlen/mean:5631.0 - actor/entropy:0.7649238705635071 - training/rollout_probs_diff_valid:1 - training/rollout_probs_diff_max:0.06847631931304932 - training/rollout_probs_diff_mean:0.005243157967925072 - training/rollout_probs_diff_std:0.008754022419452667 - training/rollout_actor_probs_pearson_corr:0.9995815753936768 - rollout_corr/training_ppl:1.2519900798797607 - rollout_corr/training_log_ppl:0.15469767153263092 - rollout_corr/kl:0.0008867024444043636 - rollout_corr/k3_kl:0.0006679202779196203 - rollout_corr/rollout_ppl:1.251340627670288 - rollout_corr/rollout_log_ppl:0.15438131988048553 - rollout_corr/log_ppl_diff:0.0003163522342219949 - rollout_corr/log_ppl_abs_diff:0.0027939248830080032 - rollout_corr/log_ppl_diff_max:0.054163455963134766 - rollout_corr/log_ppl_diff_min:-0.0345381498336792 - rollout_corr/ppl_ratio:1.0003502368927002 - rollout_corr/chi2_token:0.0008950233459472656 - rollout_corr/chi2_seq:-0.010415911674499512 - actor/pg_clipfrac:np.float64(0.0) - actor/ppo_kl:np.float64(0.0) - actor/pg_clipfrac_lower:np.float64(0.0) - actor/pg_loss:np.float64(0.25885745882987976) - actor/loss:np.float64(0.25885745882987976) - actor/grad_norm:np.float64(0.1334707885980606) - actor/lr:np.float64(1e-06) - actor/perf/max_memory_allocated_gb:np.float64(16.83967113494873) - actor/perf/max_memory_reserved_gb:np.float64(29.546875) - actor/perf/cpu_memory_used_gb:np.float64(32.13261795043945) - perf/mfu/actor:np.float64(0.03537686908528829) - training/global_step:10 - training/epoch:0 - critic/score/mean:0.125 - critic/score/max:1.0 - critic/score/min:0.0 - critic/rewards/mean:0.125 - critic/rewards/max:1.0 - critic/rewards/min:0.0 - critic/advantages/mean:-0.25885745882987976 - critic/advantages/max:1.6201815605163574 - critic/advantages/min:-0.5400605201721191 - critic/returns/mean:-0.25885745882987976 - critic/returns/max:1.6201815605163574 - critic/returns/min:-0.5400605201721191 - response_length/mean:67.21875 - response_length/max:355.0 - response_length/min:4.0 - response_length/clip_ratio:0.03125 - response_length_non_aborted/mean:67.21875 - response_length_non_aborted/max:355.0 - response_length_non_aborted/min:4.0 - response_length_non_aborted/clip_ratio:0.03125 - response/aborted_ratio:0.0 - prompt_length/mean:102.75 - prompt_length/max:120.0 - prompt_length/min:94.0 - prompt_length/clip_ratio:0.25 - timing_s/gen:2.413818695989903 - timing_s/old_log_prob:1.1462150909937918 - timing_s/adv:0.23585233598714694 - timing_s/update_actor:2.014910259982571 - timing_s/update_weights:1.140001420979388 - timing_s/step:7.3493224830017425 - timing_per_token_ms/adv:0.04188462723977037 - timing_per_token_ms/update_actor:0.3578245888798741 - timing_per_token_ms/gen:1.0742406301690712 - perf/total_num_tokens:5631 - perf/time_per_step:7.3493224830017425 - perf/throughput:766.193076031695 - training/num_turns/mean:np.float64(2.0) - training/num_turns/max:np.int64(2) - training/num_turns/min:np.int64(2) - training/off_policy/trajectory_spans/mean:np.float64(1.0) - training/off_policy/trajectory_spans/max:np.float64(1.0) - training/off_policy/trajectory_spans/min:np.float64(1.0) - training/off_policy/trajectory_staleness/mean:np.float64(0.0) - training/off_policy/trajectory_staleness/max:np.float64(0.0) - training/off_policy/trajectory_staleness/min:np.float64(0.0) - training/off_policy/trajectory_staleness_worst/mean:np.float64(0.0) - training/off_policy/trajectory_staleness_worst/max:np.float64(0.0) - training/off_policy/trajectory_staleness_worst/min:np.float64(0.0)[36m(WorkerDict pid=861242)[0m INFO:2026-07-05 02:00:50,809:update_weights done, time cost: 0.38s
[36m(TaskRunnerV1 pid=859989)[0m Training Progress:   9%|▉         | 11/125 [01:40<15:39,  8.24s/it]
[36m(WorkerDict pid=861242)[0m INFO:2026-07-05 02:01:01,326:update_weights done, time cost: 0.45s
[36m(TaskRunnerV1 pid=859989)[0m Training Progress:  10%|▉         | 12/125 [01:51<16:50,  8.94s/it]
[36m(WorkerDict pid=861242)[0m INFO:2026-07-05 02:01:08,575:update_weights done, time cost: 0.40s
[36m(TaskRunnerV1 pid=859989)[0m Training Progress:  10%|█         | 13/125 [01:58<15:44,  8.43s/it]

[36m(TaskRunnerV1 pid=859989)[0m step:11 - global_seqlen/min:4967 - global_seqlen/max:4967 - global_seqlen/minmax_diff:0 - global_seqlen/balanced_min:4967 - global_seqlen/balanced_max:4967 - global_seqlen/mean:4967.0 - actor/entropy:0.9994518756866455 - training/rollout_probs_diff_valid:1 - training/rollout_probs_diff_max:0.06096017360687256 - training/rollout_probs_diff_mean:0.006033487617969513 - training/rollout_probs_diff_std:0.009329252876341343 - training/rollout_actor_probs_pearson_corr:0.9995337724685669 - rollout_corr/training_ppl:1.200486660003662 - rollout_corr/training_log_ppl:0.13263864815235138 - rollout_corr/kl:-0.0006389597547240555 - rollout_corr/k3_kl:0.0008036672952584922 - rollout_corr/rollout_ppl:1.1993513107299805 - rollout_corr/rollout_log_ppl:0.1317550539970398 - rollout_corr/log_ppl_diff:0.000883590430021286 - rollout_corr/log_ppl_abs_diff:0.0027480495627969503 - rollout_corr/log_ppl_diff_max:0.03262946009635925 - rollout_corr/log_ppl_diff_min:-0.025258541107177734 - rollout_corr/ppl_ratio:1.0009111166000366 - rollout_corr/chi2_token:0.004493832588195801 - rollout_corr/chi2_seq:0.034699201583862305 - actor/pg_clipfrac:np.float64(0.0) - actor/ppo_kl:np.float64(0.0) - actor/pg_clipfrac_lower:np.float64(0.0) - actor/pg_loss:np.float64(0.3247484862804413) - actor/loss:np.float64(0.3247484862804413) - actor/grad_norm:np.float64(0.33698412775993347) - actor/lr:np.float64(1e-06) - actor/perf/max_memory_allocated_gb:np.float64(16.83967113494873) - actor/perf/max_memory_reserved_gb:np.float64(29.546875) - actor/perf/cpu_memory_used_gb:np.float64(32.128204345703125) - perf/mfu/actor:np.float64(0.031717978150998825) - training/global_step:11 - training/epoch:0 - critic/score/mean:0.53125 - critic/score/max:1.0 - critic/score/min:0.0 - critic/rewards/mean:0.53125 - critic/rewards/max:1.0 - critic/rewards/min:0.0 - critic/advantages/mean:-0.3247484862804413 - critic/advantages/max:1.20761239528656 - critic/advantages/min:-1.20761239528656 - critic/returns/mean:-0.3247484862804413 - critic/returns/max:1.20761239528656 - critic/returns/min:-1.20761239528656 - response_length/mean:49.96875 - response_length/max:400.0 - response_length/min:4.0 - response_length/clip_ratio:0.03125 - response_length_non_aborted/mean:49.96875 - response_length_non_aborted/max:400.0 - response_length_non_aborted/min:4.0 - response_length_non_aborted/clip_ratio:0.03125 - response/aborted_ratio:0.0 - prompt_length/mean:99.25 - prompt_length/max:120.0 - prompt_length/min:80.0 - prompt_length/clip_ratio:0.25 - timing_s/gen:2.413546829018742 - timing_s/old_log_prob:1.1083307139924727 - timing_s/adv:0.23656118096550927 - timing_s/update_actor:1.9909846379887313 - timing_s/update_weights:1.0587119330302812 - timing_s/step:7.2019486899953336 - timing_per_token_ms/adv:0.04762657156543371 - timing_per_token_ms/update_actor:0.40084248801866945 - timing_per_token_ms/gen:1.4239214330494052 - perf/total_num_tokens:4967 - perf/time_per_step:7.2019486899953336 - perf/throughput:689.6744497638483 - training/num_turns/mean:np.float64(2.0) - training/num_turns/max:np.int64(2) - training/num_turns/min:np.int64(2) - training/off_policy/trajectory_spans/mean:np.float64(1.0) - training/off_policy/trajectory_spans/max:np.float64(1.0) - training/off_policy/trajectory_spans/min:np.float64(1.0) - training/off_policy/trajectory_staleness/mean:np.float64(0.0) - training/off_policy/trajectory_staleness/max:np.float64(0.0) - training/off_policy/trajectory_staleness/min:np.float64(0.0) - training/off_policy/trajectory_staleness_worst/mean:np.float64(0.0) - training/off_policy/trajectory_staleness_worst/max:np.float64(0.0) - training/off_policy/trajectory_staleness_worst/min:np.float64(0.0)
[36m(TaskRunnerV1 pid=859989)[0m step:12 - global_seqlen/min:9132 - global_seqlen/max:9132 - global_seqlen/minmax_diff:0 - global_seqlen/balanced_min:9132 - global_seqlen/balanced_max:9132 - global_seqlen/mean:9132.0 - actor/entropy:0.6128541827201843 - training/rollout_probs_diff_valid:1 - training/rollout_probs_diff_max:0.06200334429740906 - training/rollout_probs_diff_mean:0.004767377395182848 - training/rollout_probs_diff_std:0.008475951850414276 - training/rollout_actor_probs_pearson_corr:0.9995627999305725 - rollout_corr/training_ppl:1.1644445657730103 - rollout_corr/training_log_ppl:0.11624816060066223 - rollout_corr/kl:-0.00044264248572289944 - rollout_corr/k3_kl:0.0005337578477337956 - rollout_corr/rollout_ppl:1.1649681329727173 - rollout_corr/rollout_log_ppl:0.11656606197357178 - rollout_corr/log_ppl_diff:-0.00031790410866960883 - rollout_corr/log_ppl_abs_diff:0.001652400940656662 - rollout_corr/log_ppl_diff_max:0.023451119661331177 - rollout_corr/log_ppl_diff_min:-0.0310286283493042 - rollout_corr/ppl_ratio:0.9996961951255798 - rollout_corr/chi2_token:0.003032684326171875 - rollout_corr/chi2_seq:0.19193601608276367 - actor/pg_clipfrac:np.float64(0.0) - actor/ppo_kl:np.float64(0.0) - actor/pg_clipfrac_lower:np.float64(0.0) - actor/pg_loss:np.float64(0.25833797454833984) - actor/loss:np.float64(0.25833797454833984) - actor/grad_norm:np.float64(0.09333206713199615) - actor/lr:np.float64(1e-06) - actor/perf/max_memory_allocated_gb:np.float64(17.120046615600586) - actor/perf/max_memory_reserved_gb:np.float64(29.546875) - actor/perf/cpu_memory_used_gb:np.float64(32.1605339050293) - perf/mfu/actor:np.float64(0.041188295491168904) - training/global_step:12 - training/epoch:0 - critic/score/mean:0.15625 - critic/score/max:1.0 - critic/score/min:0.0 - critic/rewards/mean:0.15625 - critic/rewards/max:1.0 - critic/rewards/min:0.0 - critic/advantages/mean:-0.25833791494369507 - critic/advantages/max:2.4748666286468506 - critic/advantages/min:-0.935412585735321 - critic/returns/mean:-0.25833791494369507 - critic/returns/max:2.4748666286468506 - critic/returns/min:-0.935412585735321 - response_length/mean:168.625 - response_length/max:512.0 - response_length/min:4.0 - response_length/clip_ratio:0.21875 - response_length_non_aborted/mean:168.625 - response_length_non_aborted/max:512.0 - response_length_non_aborted/min:4.0 - response_length_non_aborted/clip_ratio:0.21875 - response/aborted_ratio:0.0 - prompt_length/mean:110.75 - prompt_length/max:142.0 - prompt_length/min:90.0 - prompt_length/clip_ratio:0.25 - timing_s/gen:4.418449379038066 - timing_s/old_log_prob:1.3927039069822058 - timing_s/adv:0.241398009005934 - timing_s/update_actor:2.7182108759880066 - timing_s/update_weights:1.215949826000724 - timing_s/step:10.38787496596342 - timing_per_token_ms/adv:0.026434297963856112 - timing_per_token_ms/update_actor:0.29765778317871294 - timing_per_token_ms/gen:0.8045246502254307 - perf/total_num_tokens:9132 - perf/time_per_step:10.38787496596342 - perf/throughput:879.1018403592285 - training/num_turns/mean:np.float64(2.0) - training/num_turns/max:np.int64(2) - training/num_turns/min:np.int64(2) - training/off_policy/trajectory_spans/mean:np.float64(1.0) - training/off_policy/trajectory_spans/max:np.float64(1.0) - training/off_policy/trajectory_spans/min:np.float64(1.0) - training/off_policy/trajectory_staleness/mean:np.float64(0.0) - training/off_policy/trajectory_staleness/max:np.float64(0.0) - training/off_policy/trajectory_staleness/min:np.float64(0.0) - training/off_policy/trajectory_staleness_worst/mean:np.float64(0.0) - training/off_policy/trajectory_staleness_worst/max:np.float64(0.0) - training/off_policy/trajectory_staleness_worst/min:np.float64(0.0)
[36m(TaskRunnerV1 pid=859989)[0m step:13 - global_seqlen/min:4925 - global_seqlen/max:4925 - global_seqlen/minmax_diff:0 - global_seqlen/balanced_min:4925 - global_seqlen/balanced_max:4925 - global_seqlen/mean:4925.0 - actor/entropy:0.6391175985336304 - training/rollout_probs_diff_valid:1 - training/rollout_probs_diff_max:0.05752122402191162 - training/rollout_probs_diff_mean:0.00540601322427392 - training/rollout_probs_diff_std:0.009388117119669914 - training/rollout_actor_probs_pearson_corr:0.9994708299636841 - rollout_corr/training_ppl:1.1534748077392578 - rollout_corr/training_log_ppl:0.10211615264415741 - rollout_corr/kl:0.0016839667223393917 - rollout_corr/k3_kl:0.0006197412149049342 - rollout_corr/rollout_ppl:1.1529779434204102 - rollout_corr/rollout_log_ppl:0.10194668918848038 - rollout_corr/log_ppl_diff:0.0001694567035883665 - rollout_corr/log_ppl_abs_diff:0.0022330719511955976 - rollout_corr/log_ppl_diff_max:0.048063069581985474 - rollout_corr/log_ppl_diff_min:-0.032810986042022705 - rollout_corr/ppl_ratio:1.0001920461654663 - rollout_corr/chi2_token:-0.0009306073188781738 - rollout_corr/chi2_seq:-0.01640474796295166 - actor/pg_clipfrac:np.float64(0.0) - actor/ppo_kl:np.float64(0.0) - actor/pg_clipfrac_lower:np.float64(0.0) - actor/pg_loss:np.float64(-0.5893293619155884) - actor/loss:np.float64(-0.5893293619155884) - actor/grad_norm:np.float64(0.4157335162162781) - actor/lr:np.float64(1e-06) - actor/perf/max_memory_allocated_gb:np.float64(17.120046615600586) - actor/perf/max_memory_reserved_gb:np.float64(29.546875) - actor/perf/cpu_memory_used_gb:np.float64(32.140342712402344) - perf/mfu/actor:np.float64(0.03219603235327944) - training/global_step:13 - training/epoch:0 - critic/score/mean:0.1875 - critic/score/max:1.0 - critic/score/min:0.0 - critic/rewards/mean:0.1875 - critic/rewards/max:1.0 - critic/rewards/min:0.0 - critic/advantages/mean:0.5893294215202332 - critic/advantages/max:2.4748666286468506 - critic/advantages/min:-0.7245674133300781 - critic/returns/mean:0.5893294215202332 - critic/returns/max:2.4748666286468506 - critic/returns/min:-0.7245674133300781 - response_length/mean:41.65625 - response_length/max:388.0 - response_length/min:4.0 - response_length/clip_ratio:0.03125 - response_length_non_aborted/mean:41.65625 - response_length_non_aborted/max:388.0 - response_length_non_aborted/min:4.0 - response_length_non_aborted/clip_ratio:0.03125 - response/aborted_ratio:0.0 - prompt_length/mean:106.25 - prompt_length/max:118.0 - prompt_length/min:85.0 - prompt_length/clip_ratio:0.25 - timing_s/gen:2.402422298968304 - timing_s/old_log_prob:1.0911255309474654 - timing_s/adv:0.2330640969448723 - timing_s/update_actor:1.9458243970293552 - timing_s/update_weights:1.1071493240306154 - timing_s/step:7.134287262044381 - timing_per_token_ms/adv:0.047322659278146655 - timing_per_token_ms/update_actor:0.39509124812778784 - timing_per_token_ms/gen:1.681191251902242 - perf/total_num_tokens:4925 - perf/time_per_step:7.134287262044381 - perf/throughput:690.328244308557 - training/num_turns/mean:np.float64(2.0) - training/num_turns/max:np.int64(2) - training/num_turns/min:np.int64(2) - training/off_policy/trajectory_spans/mean:np.float64(1.0) - training/off_policy/trajectory_spans/max:np.float64(1.0) - training/off_policy/trajectory_spans/min:np.float64(1.0) - training/off_policy/trajectory_staleness/mean:np.float64(0.0) - training/off_policy/trajectory_staleness/max:np.float64(0.0) - training/off_policy/trajectory_staleness/min:np.float64(0.0) - training/off_policy/trajectory_staleness_worst/mean:np.float64(0.0) - training/off_policy/trajectory_staleness_worst/max:np.float64(0.0) - training/off_policy/trajectory_staleness_worst/min:np.float64(0.0)[36m(WorkerDict pid=861242)[0m INFO:2026-07-05 02:01:19,074:update_weights done, time cost: 0.39s
[36m(TaskRunnerV1 pid=859989)[0m Training Progress:  11%|█         | 14/125 [02:09<16:44,  9.05s/it]
[36m(WorkerDict pid=861242)[0m INFO:2026-07-05 02:01:29,084:update_weights done, time cost: 0.38s
[36m(TaskRunnerV1 pid=859989)[0m Training Progress:  12%|█▏        | 15/125 [02:19<17:07,  9.34s/it]
[36m(WorkerDict pid=861242)[0m INFO:2026-07-05 02:01:39,580:update_weights done, time cost: 0.38s
[36m(TaskRunnerV1 pid=859989)[0m Training Progress:  13%|█▎        | 16/125 [02:29<17:36,  9.70s/it]

[36m(TaskRunnerV1 pid=859989)[0m step:14 - global_seqlen/min:9163 - global_seqlen/max:9163 - global_seqlen/minmax_diff:0 - global_seqlen/balanced_min:9163 - global_seqlen/balanced_max:9163 - global_seqlen/mean:9163.0 - actor/entropy:0.7021496295928955 - training/rollout_probs_diff_valid:1 - training/rollout_probs_diff_max:0.08663851022720337 - training/rollout_probs_diff_mean:0.005199975799769163 - training/rollout_probs_diff_std:0.008943615481257439 - training/rollout_actor_probs_pearson_corr:0.9995390176773071 - rollout_corr/training_ppl:1.248092770576477 - rollout_corr/training_log_ppl:0.15466611087322235 - rollout_corr/kl:0.0005155995604582131 - rollout_corr/k3_kl:0.0006640960928052664 - rollout_corr/rollout_ppl:1.247929334640503 - rollout_corr/rollout_log_ppl:0.1542603075504303 - rollout_corr/log_ppl_diff:0.0004058170598000288 - rollout_corr/log_ppl_abs_diff:0.0015019129496067762 - rollout_corr/log_ppl_diff_max:0.021200239658355713 - rollout_corr/log_ppl_diff_min:-0.014296650886535645 - rollout_corr/ppl_ratio:1.0004148483276367 - rollout_corr/chi2_token:0.001620173454284668 - rollout_corr/chi2_seq:0.029812097549438477 - actor/pg_clipfrac:np.float64(0.0) - actor/ppo_kl:np.float64(0.0) - actor/pg_clipfrac_lower:np.float64(0.0) - actor/pg_loss:np.float64(-0.19175732135772705) - actor/loss:np.float64(-0.19175732135772705) - actor/grad_norm:np.float64(0.1674775332212448) - actor/lr:np.float64(1e-06) - actor/perf/max_memory_allocated_gb:np.float64(17.158345222473145) - actor/perf/max_memory_reserved_gb:np.float64(29.546875) - actor/perf/cpu_memory_used_gb:np.float64(32.179039001464844) - perf/mfu/actor:np.float64(0.04052177508622912) - training/global_step:14 - training/epoch:0 - critic/score/mean:0.1875 - critic/score/max:1.0 - critic/score/min:0.0 - critic/rewards/mean:0.1875 - critic/rewards/max:1.0 - critic/rewards/min:0.0 - critic/advantages/mean:0.19175732135772705 - critic/advantages/max:2.4748666286468506 - critic/advantages/min:-0.5400605201721191 - critic/returns/mean:0.19175732135772705 - critic/returns/max:2.4748666286468506 - critic/returns/min:-0.5400605201721191 - response_length/mean:169.09375 - response_length/max:496.0 - response_length/min:4.0 - response_length/clip_ratio:0.03125 - response_length_non_aborted/mean:169.09375 - response_length_non_aborted/max:496.0 - response_length_non_aborted/min:4.0 - response_length_non_aborted/clip_ratio:0.03125 - response/aborted_ratio:0.0 - prompt_length/mean:111.25 - prompt_length/max:125.0 - prompt_length/min:83.0 - prompt_length/clip_ratio:0.25 - timing_s/gen:4.412989947013557 - timing_s/old_log_prob:1.3840442229993641 - timing_s/adv:0.23574662301689386 - timing_s/update_actor:2.747532528999727 - timing_s/update_weights:1.1641776370233856 - timing_s/step:10.340578741044737 - timing_per_token_ms/adv:0.02572810466188954 - timing_per_token_ms/update_actor:0.29985076165008484 - timing_per_token_ms/gen:0.8013419188330411 - perf/total_num_tokens:9163 - perf/time_per_step:10.340578741044737 - perf/throughput:886.1206156314455 - training/num_turns/mean:np.float64(2.0) - training/num_turns/max:np.int64(2) - training/num_turns/min:np.int64(2) - training/off_policy/trajectory_spans/mean:np.float64(1.0) - training/off_policy/trajectory_spans/max:np.float64(1.0) - training/off_policy/trajectory_spans/min:np.float64(1.0) - training/off_policy/trajectory_staleness/mean:np.float64(0.0) - training/off_policy/trajectory_staleness/max:np.float64(0.0) - training/off_policy/trajectory_staleness/min:np.float64(0.0) - training/off_policy/trajectory_staleness_worst/mean:np.float64(0.0) - training/off_policy/trajectory_staleness_worst/max:np.float64(0.0) - training/off_policy/trajectory_staleness_worst/min:np.float64(0.0)
[36m(TaskRunnerV1 pid=859989)[0m step:15 - global_seqlen/min:7864 - global_seqlen/max:7864 - global_seqlen/minmax_diff:0 - global_seqlen/balanced_min:7864 - global_seqlen/balanced_max:7864 - global_seqlen/mean:7864.0 - actor/entropy:0.6084361672401428 - training/rollout_probs_diff_valid:1 - training/rollout_probs_diff_max:0.12900373339653015 - training/rollout_probs_diff_mean:0.00497910613194108 - training/rollout_probs_diff_std:0.009583166800439358 - training/rollout_actor_probs_pearson_corr:0.9994663000106812 - rollout_corr/training_ppl:1.2107645273208618 - rollout_corr/training_log_ppl:0.12814481556415558 - rollout_corr/kl:0.0005683969357050955 - rollout_corr/k3_kl:0.0006415862590074539 - rollout_corr/rollout_ppl:1.2049217224121094 - rollout_corr/rollout_log_ppl:0.12689915299415588 - rollout_corr/log_ppl_diff:0.0012456501135602593 - rollout_corr/log_ppl_abs_diff:0.005431784316897392 - rollout_corr/log_ppl_diff_max:0.13864561915397644 - rollout_corr/log_ppl_diff_min:-0.03813377022743225 - rollout_corr/ppl_ratio:1.0014538764953613 - rollout_corr/chi2_token:0.0013893842697143555 - rollout_corr/chi2_seq:0.07290494441986084 - actor/pg_clipfrac:np.float64(0.0) - actor/ppo_kl:np.float64(0.0) - actor/pg_clipfrac_lower:np.float64(0.0) - actor/pg_loss:np.float64(-0.17700687050819397) - actor/loss:np.float64(-0.17700687050819397) - actor/grad_norm:np.float64(0.19119729101657867) - actor/lr:np.float64(1e-06) - actor/perf/max_memory_allocated_gb:np.float64(17.158345222473145) - actor/perf/max_memory_reserved_gb:np.float64(29.546875) - actor/perf/cpu_memory_used_gb:np.float64(32.17300033569336) - perf/mfu/actor:np.float64(0.03992508066146783) - training/global_step:15 - training/epoch:0 - critic/score/mean:0.28125 - critic/score/max:1.0 - critic/score/min:0.0 - critic/rewards/mean:0.28125 - critic/rewards/max:1.0 - critic/rewards/min:0.0 - critic/advantages/mean:0.17700688540935516 - critic/advantages/max:1.6201815605163574 - critic/advantages/min:-0.935412585735321 - critic/returns/mean:0.17700688540935516 - critic/returns/max:1.6201815605163574 - critic/returns/min:-0.935412585735321 - response_length/mean:129.5 - response_length/max:512.0 - response_length/min:4.0 - response_length/clip_ratio:0.03125 - response_length_non_aborted/mean:129.5 - response_length_non_aborted/max:512.0 - response_length_non_aborted/min:4.0 - response_length_non_aborted/clip_ratio:0.03125 - response/aborted_ratio:0.0 - prompt_length/mean:110.25 - prompt_length/max:138.0 - prompt_length/min:81.0 - prompt_length/clip_ratio:0.25 - timing_s/gen:4.421804583049379 - timing_s/old_log_prob:1.2621888180146925 - timing_s/adv:0.23800450598355383 - timing_s/update_actor:2.42930332000833 - timing_s/update_weights:1.139997174963355 - timing_s/step:9.885613051999826 - timing_per_token_ms/adv:0.030265069428224038 - timing_per_token_ms/update_actor:0.3089144608352403 - timing_per_token_ms/gen:1.0428784393984385 - perf/total_num_tokens:7864 - perf/time_per_step:9.885613051999826 - perf/throughput:795.4994757162925 - training/num_turns/mean:np.float64(2.0) - training/num_turns/max:np.int64(2) - training/num_turns/min:np.int64(2) - training/off_policy/trajectory_spans/mean:np.float64(1.0) - training/off_policy/trajectory_spans/max:np.float64(1.0) - training/off_policy/trajectory_spans/min:np.float64(1.0) - training/off_policy/trajectory_staleness/mean:np.float64(0.0) - training/off_policy/trajectory_staleness/max:np.float64(0.0) - training/off_policy/trajectory_staleness/min:np.float64(0.0) - training/off_policy/trajectory_staleness_worst/mean:np.float64(0.0) - training/off_policy/trajectory_staleness_worst/max:np.float64(0.0) - training/off_policy/trajectory_staleness_worst/min:np.float64(0.0)
[36m(TaskRunnerV1 pid=859989)[0m step:16 - global_seqlen/min:9199 - global_seqlen/max:9199 - global_seqlen/minmax_diff:0 - global_seqlen/balanced_min:9199 - global_seqlen/balanced_max:9199 - global_seqlen/mean:9199.0 - actor/entropy:0.838290274143219 - training/rollout_probs_diff_valid:1 - training/rollout_probs_diff_max:0.06219291687011719 - training/rollout_probs_diff_mean:0.005048717837780714 - training/rollout_probs_diff_std:0.00865469966083765 - training/rollout_actor_probs_pearson_corr:0.9996119737625122 - rollout_corr/training_ppl:1.316537618637085 - rollout_corr/training_log_ppl:0.15745311975479126 - rollout_corr/kl:0.0012816268717870116 - rollout_corr/k3_kl:0.0006702409591525793 - rollout_corr/rollout_ppl:1.3151752948760986 - rollout_corr/rollout_log_ppl:0.15723741054534912 - rollout_corr/log_ppl_diff:0.00021571677643805742 - rollout_corr/log_ppl_abs_diff:0.0018378765089437366 - rollout_corr/log_ppl_diff_max:0.044856250286102295 - rollout_corr/log_ppl_diff_min:-0.022977173328399658 - rollout_corr/ppl_ratio:1.0002334117889404 - rollout_corr/chi2_token:0.00011610984802246094 - rollout_corr/chi2_seq:0.01719200611114502 - actor/pg_clipfrac:np.float64(0.0) - actor/ppo_kl:np.float64(0.0) - actor/pg_clipfrac_lower:np.float64(0.0) - actor/pg_loss:np.float64(0.05861324071884155) - actor/loss:np.float64(0.05861324071884155) - actor/grad_norm:np.float64(0.15256914496421814) - actor/lr:np.float64(1e-06) - actor/perf/max_memory_allocated_gb:np.float64(17.202820301055908) - actor/perf/max_memory_reserved_gb:np.float64(29.546875) - actor/perf/cpu_memory_used_gb:np.float64(32.182952880859375) - perf/mfu/actor:np.float64(0.04092480169744457) - training/global_step:16 - training/epoch:0 - critic/score/mean:0.3125 - critic/score/max:1.0 - critic/score/min:0.0 - critic/rewards/mean:0.3125 - critic/rewards/max:1.0 - critic/rewards/min:0.0 - critic/advantages/mean:-0.05861315876245499 - critic/advantages/max:1.6201815605163574 - critic/advantages/min:-0.7245674133300781 - critic/returns/mean:-0.05861315876245499 - critic/returns/max:1.6201815605163574 - critic/returns/min:-0.7245674133300781 - response_length/mean:135.71875 - response_length/max:507.0 - response_length/min:4.0 - response_length/clip_ratio:0.03125 - response_length_non_aborted/mean:135.71875 - response_length_non_aborted/max:507.0 - response_length_non_aborted/min:4.0 - response_length_non_aborted/clip_ratio:0.03125 - response/aborted_ratio:0.0 - prompt_length/mean:145.75 - prompt_length/max:196.0 - prompt_length/min:103.0 - prompt_length/clip_ratio:0.25 - timing_s/gen:4.457361999957357 - timing_s/old_log_prob:1.3741950870025903 - timing_s/adv:0.2360534830368124 - timing_s/update_actor:2.732784424966667 - timing_s/update_weights:1.1760407330002636 - timing_s/step:10.370451452967245 - timing_per_token_ms/adv:0.025660776501447158 - timing_per_token_ms/update_actor:0.2970740759828967 - timing_per_token_ms/gen:1.0041365172240047 - perf/total_num_tokens:9199 - perf/time_per_step:10.370451452967245 - perf/throughput:887.0394930943856 - training/num_turns/mean:np.float64(2.0) - training/num_turns/max:np.int64(2) - training/num_turns/min:np.int64(2) - training/off_policy/trajectory_spans/mean:np.float64(1.0) - training/off_policy/trajectory_spans/max:np.float64(1.0) - training/off_policy/trajectory_spans/min:np.float64(1.0) - training/off_policy/trajectory_staleness/mean:np.float64(0.0) - training/off_policy/trajectory_staleness/max:np.float64(0.0) - training/off_policy/trajectory_staleness/min:np.float64(0.0) - training/off_policy/trajectory_staleness_worst/mean:np.float64(0.0) - training/off_policy/trajectory_staleness_worst/max:np.float64(0.0) - training/off_policy/trajectory_staleness_worst/min:np.float64(0.0)[36m(WorkerDict pid=861242)[0m INFO:2026-07-05 02:01:49,771:update_weights done, time cost: 0.38s
[36m(TaskRunnerV1 pid=859989)[0m Training Progress:  14%|█▎        | 17/125 [02:39<17:41,  9.83s/it]
[36m(WorkerDict pid=861242)[0m INFO:2026-07-05 02:01:59,595:update_weights done, time cost: 0.44s
[36m(TaskRunnerV1 pid=859989)[0m Training Progress:  14%|█▍        | 18/125 [02:49<17:32,  9.84s/it]
[36m(WorkerDict pid=861242)[0m INFO:2026-07-05 02:02:07,054:update_weights done, time cost: 0.35s
[36m(TaskRunnerV1 pid=859989)[0m Training Progress:  15%|█▌        | 19/125 [02:57<16:06,  9.12s/it]

[36m(TaskRunnerV1 pid=859989)[0m step:17 - global_seqlen/min:8526 - global_seqlen/max:8526 - global_seqlen/minmax_diff:0 - global_seqlen/balanced_min:8526 - global_seqlen/balanced_max:8526 - global_seqlen/mean:8526.0 - actor/entropy:0.9491440653800964 - training/rollout_probs_diff_valid:1 - training/rollout_probs_diff_max:0.06239098310470581 - training/rollout_probs_diff_mean:0.004995380993932486 - training/rollout_probs_diff_std:0.008758853189647198 - training/rollout_actor_probs_pearson_corr:0.999619722366333 - rollout_corr/training_ppl:1.5193402767181396 - rollout_corr/training_log_ppl:0.1438184678554535 - rollout_corr/kl:0.0009846208849921823 - rollout_corr/k3_kl:0.0006472356617450714 - rollout_corr/rollout_ppl:1.5181994438171387 - rollout_corr/rollout_log_ppl:0.14423662424087524 - rollout_corr/log_ppl_diff:-0.0004181497497484088 - rollout_corr/log_ppl_abs_diff:0.0018549298401921988 - rollout_corr/log_ppl_diff_max:0.016373828053474426 - rollout_corr/log_ppl_diff_min:-0.05093473196029663 - rollout_corr/ppl_ratio:0.9996006488800049 - rollout_corr/chi2_token:0.0006221532821655273 - rollout_corr/chi2_seq:-0.013003230094909668 - actor/pg_clipfrac:np.float64(0.0) - actor/ppo_kl:np.float64(0.0) - actor/pg_clipfrac_lower:np.float64(0.0) - actor/pg_loss:np.float64(-0.1365944743156433) - actor/loss:np.float64(-0.1365944743156433) - actor/grad_norm:np.float64(0.18323980271816254) - actor/lr:np.float64(1e-06) - actor/perf/max_memory_allocated_gb:np.float64(17.202820301055908) - actor/perf/max_memory_reserved_gb:np.float64(29.546875) - actor/perf/cpu_memory_used_gb:np.float64(32.18750762939453) - perf/mfu/actor:np.float64(0.041549452934441636) - training/global_step:17 - training/epoch:0 - critic/score/mean:0.1875 - critic/score/max:1.0 - critic/score/min:0.0 - critic/rewards/mean:0.1875 - critic/rewards/max:1.0 - critic/rewards/min:0.0 - critic/advantages/mean:0.13659459352493286 - critic/advantages/max:2.4748666286468506 - critic/advantages/min:-0.5400605201721191 - critic/returns/mean:0.13659459352493286 - critic/returns/max:2.4748666286468506 - critic/returns/min:-0.5400605201721191 - response_length/mean:143.1875 - response_length/max:512.0 - response_length/min:4.0 - response_length/clip_ratio:0.03125 - response_length_non_aborted/mean:143.1875 - response_length_non_aborted/max:512.0 - response_length_non_aborted/min:4.0 - response_length_non_aborted/clip_ratio:0.03125 - response/aborted_ratio:0.0 - prompt_length/mean:117.25 - prompt_length/max:133.0 - prompt_length/min:105.0 - prompt_length/clip_ratio:0.25 - timing_s/gen:4.417966065986548 - timing_s/old_log_prob:1.3263216609484516 - timing_s/adv:0.23815390100935474 - timing_s/update_actor:2.524954321968835 - timing_s/update_weights:1.113160543027334 - timing_s/step:10.005148174997885 - timing_per_token_ms/adv:0.027932664908439448 - timing_per_token_ms/update_actor:0.29614758643781786 - timing_per_token_ms/gen:0.9444134386461196 - perf/total_num_tokens:8526 - perf/time_per_step:10.005148174997885 - perf/throughput:852.1612924540024 - training/num_turns/mean:np.float64(2.0) - training/num_turns/max:np.int64(2) - training/num_turns/min:np.int64(2) - training/off_policy/trajectory_spans/mean:np.float64(1.0) - training/off_policy/trajectory_spans/max:np.float64(1.0) - training/off_policy/trajectory_spans/min:np.float64(1.0) - training/off_policy/trajectory_staleness/mean:np.float64(0.0) - training/off_policy/trajectory_staleness/max:np.float64(0.0) - training/off_policy/trajectory_staleness/min:np.float64(0.0) - training/off_policy/trajectory_staleness_worst/mean:np.float64(0.0) - training/off_policy/trajectory_staleness_worst/max:np.float64(0.0) - training/off_policy/trajectory_staleness_worst/min:np.float64(0.0)
[36m(TaskRunnerV1 pid=859989)[0m step:18 - global_seqlen/min:6336 - global_seqlen/max:6336 - global_seqlen/minmax_diff:0 - global_seqlen/balanced_min:6336 - global_seqlen/balanced_max:6336 - global_seqlen/mean:6336.0 - actor/entropy:0.7926395535469055 - training/rollout_probs_diff_valid:1 - training/rollout_probs_diff_max:0.0613497793674469 - training/rollout_probs_diff_mean:0.004584859125316143 - training/rollout_probs_diff_std:0.008384408429265022 - training/rollout_actor_probs_pearson_corr:0.999646782875061 - rollout_corr/training_ppl:1.4488879442214966 - rollout_corr/training_log_ppl:0.12936638295650482 - rollout_corr/kl:0.001495233504101634 - rollout_corr/k3_kl:0.0005837951321154833 - rollout_corr/rollout_ppl:1.4464784860610962 - rollout_corr/rollout_log_ppl:0.12809167802333832 - rollout_corr/log_ppl_diff:0.0012747267028316855 - rollout_corr/log_ppl_abs_diff:0.002844923874363303 - rollout_corr/log_ppl_diff_max:0.03576536476612091 - rollout_corr/log_ppl_diff_min:-0.01970033347606659 - rollout_corr/ppl_ratio:1.0013028383255005 - rollout_corr/chi2_token:-0.0006653666496276855 - rollout_corr/chi2_seq:-0.010208964347839355 - actor/pg_clipfrac:np.float64(0.0) - actor/ppo_kl:np.float64(0.0) - actor/pg_clipfrac_lower:np.float64(0.0) - actor/pg_loss:np.float64(0.40391045808792114) - actor/loss:np.float64(0.40391045808792114) - actor/grad_norm:np.float64(0.1905279904603958) - actor/lr:np.float64(1e-06) - actor/perf/max_memory_allocated_gb:np.float64(17.202820301055908) - actor/perf/max_memory_reserved_gb:np.float64(29.546875) - actor/perf/cpu_memory_used_gb:np.float64(32.1592903137207) - perf/mfu/actor:np.float64(0.03434410956777538) - training/global_step:18 - training/epoch:0 - critic/score/mean:0.3125 - critic/score/max:1.0 - critic/score/min:0.0 - critic/rewards/mean:0.3125 - critic/rewards/max:1.0 - critic/rewards/min:0.0 - critic/advantages/mean:-0.4039105474948883 - critic/advantages/max:2.4748666286468506 - critic/advantages/min:-0.935412585735321 - critic/returns/mean:-0.4039105474948883 - critic/returns/max:2.4748666286468506 - critic/returns/min:-0.935412585735321 - response_length/mean:72.5 - response_length/max:512.0 - response_length/min:4.0 - response_length/clip_ratio:0.0625 - response_length_non_aborted/mean:72.5 - response_length_non_aborted/max:512.0 - response_length_non_aborted/min:4.0 - response_length_non_aborted/clip_ratio:0.0625 - response/aborted_ratio:0.0 - prompt_length/mean:119.5 - prompt_length/max:125.0 - prompt_length/min:110.0 - prompt_length/clip_ratio:0.25 - timing_s/gen:4.443135881971102 - timing_s/old_log_prob:1.1623743660165928 - timing_s/adv:0.2414162409841083 - timing_s/update_actor:2.303697555034887 - timing_s/update_weights:1.1682348879985511 - timing_s/step:9.715144428017084 - timing_per_token_ms/adv:0.03810231076138073 - timing_per_token_ms/update_actor:0.3635886292668698 - timing_per_token_ms/gen:1.8390463087628734 - perf/total_num_tokens:6336 - perf/time_per_step:9.715144428017084 - perf/throughput:652.1776435693415 - training/num_turns/mean:np.float64(2.0) - training/num_turns/max:np.int64(2) - training/num_turns/min:np.int64(2) - training/off_policy/trajectory_spans/mean:np.float64(1.0) - training/off_policy/trajectory_spans/max:np.float64(1.0) - training/off_policy/trajectory_spans/min:np.float64(1.0) - training/off_policy/trajectory_staleness/mean:np.float64(0.0) - training/off_policy/trajectory_staleness/max:np.float64(0.0) - training/off_policy/trajectory_staleness/min:np.float64(0.0) - training/off_policy/trajectory_staleness_worst/mean:np.float64(0.0) - training/off_policy/trajectory_staleness_worst/max:np.float64(0.0) - training/off_policy/trajectory_staleness_worst/min:np.float64(0.0)
[36m(TaskRunnerV1 pid=859989)[0m step:19 - global_seqlen/min:5811 - global_seqlen/max:5811 - global_seqlen/minmax_diff:0 - global_seqlen/balanced_min:5811 - global_seqlen/balanced_max:5811 - global_seqlen/mean:5811.0 - actor/entropy:0.7202149033546448 - training/rollout_probs_diff_valid:1 - training/rollout_probs_diff_max:0.05862700939178467 - training/rollout_probs_diff_mean:0.005303643643856049 - training/rollout_probs_diff_std:0.008552762679755688 - training/rollout_actor_probs_pearson_corr:0.9995683431625366 - rollout_corr/training_ppl:1.1407965421676636 - rollout_corr/training_log_ppl:0.09205982089042664 - rollout_corr/kl:0.0018854831578209996 - rollout_corr/k3_kl:0.0005767662078142166 - rollout_corr/rollout_ppl:1.1414519548416138 - rollout_corr/rollout_log_ppl:0.09249436110258102 - rollout_corr/log_ppl_diff:-0.0004345339257270098 - rollout_corr/log_ppl_abs_diff:0.0024485320318490267 - rollout_corr/log_ppl_diff_max:0.015574812889099121 - rollout_corr/log_ppl_diff_min:-0.042037248611450195 - rollout_corr/ppl_ratio:0.9995924234390259 - rollout_corr/chi2_token:-0.0014818310737609863 - rollout_corr/chi2_seq:0.004465937614440918 - actor/pg_clipfrac:np.float64(0.0) - actor/ppo_kl:np.float64(0.0) - actor/pg_clipfrac_lower:np.float64(0.0) - actor/pg_loss:np.float64(0.5102750062942505) - actor/loss:np.float64(0.5102750062942505) - actor/grad_norm:np.float64(0.21913479268550873) - actor/lr:np.float64(1e-06) - actor/perf/max_memory_allocated_gb:np.float64(17.202820301055908) - actor/perf/max_memory_reserved_gb:np.float64(29.546875) - actor/perf/cpu_memory_used_gb:np.float64(32.15616989135742) - perf/mfu/actor:np.float64(0.03575330187992651) - training/global_step:19 - training/epoch:0 - critic/score/mean:0.5 - critic/score/max:1.0 - critic/score/min:0.0 - critic/rewards/mean:0.5 - critic/rewards/max:1.0 - critic/rewards/min:0.0 - critic/advantages/mean:-0.51027512550354 - critic/advantages/max:2.4748666286468506 - critic/advantages/min:-1.6201815605163574 - critic/returns/mean:-0.51027512550354 - critic/returns/max:2.4748666286468506 - critic/returns/min:-1.6201815605163574 - response_length/mean:51.84375 - response_length/max:332.0 - response_length/min:4.0 - response_length/clip_ratio:0.03125 - response_length_non_aborted/mean:51.84375 - response_length_non_aborted/max:332.0 - response_length_non_aborted/min:4.0 - response_length_non_aborted/clip_ratio:0.03125 - response/aborted_ratio:0.0 - prompt_length/mean:123.75 - prompt_length/max:152.0 - prompt_length/min:109.0 - prompt_length/clip_ratio:0.25 - timing_s/gen:2.4129512279760092 - timing_s/old_log_prob:1.1373161720111966 - timing_s/adv:0.2360390720423311 - timing_s/update_actor:2.072335967037361 - timing_s/update_weights:1.045311269001104 - timing_s/step:7.301350652007386 - timing_per_token_ms/adv:0.04061935502363295 - timing_per_token_ms/update_actor:0.35662295078942713 - timing_per_token_ms/gen:1.3749009846017146 - perf/total_num_tokens:5811 - perf/time_per_step:7.301350652007386 - perf/throughput:795.8801428612885 - training/num_turns/mean:np.float64(2.0) - training/num_turns/max:np.int64(2) - training/num_turns/min:np.int64(2) - training/off_policy/trajectory_spans/mean:np.float64(1.0) - training/off_policy/trajectory_spans/max:np.float64(1.0) - training/off_policy/trajectory_spans/min:np.float64(1.0) - training/off_policy/trajectory_staleness/mean:np.float64(0.0) - training/off_policy/trajectory_staleness/max:np.float64(0.0) - training/off_policy/trajectory_staleness/min:np.float64(0.0) - training/off_policy/trajectory_staleness_worst/mean:np.float64(0.0) - training/off_policy/trajectory_staleness_worst/max:np.float64(0.0) - training/off_policy/trajectory_staleness_worst/min:np.float64(0.0)[36m(WorkerDict pid=861242)[0m INFO:2026-07-05 02:02:14,466:update_weights done, time cost: 0.38s
[36m(TaskRunnerV1 pid=859989)[0m Training Progress:  16%|█▌        | 20/125 [03:04<15:04,  8.61s/it]
[36m(TransferQueueController pid=860196)[0m 2026-07-05 02:02:16,959 - INFO - transfer_queue.utils.perf_utils - TQ_CONTROLLER_d5bff4dc: [Performance] Total success requests: 3793, Total req/min: 758.57, Total avg process time: 0.0007s; 
[36m(TransferQueueController pid=860196)[0m Time range: last 5.00 minutes; 
[36m(TransferQueueController pid=860196)[0m Per-operation statistics: KV_RETRIEVE_META: req_count=1469, req/min=293.79, avg_time=0.001658s, max_time=0.013859s, min_time=0.000217s; SET_CUSTOM_META: req_count=1324, req/min=264.79, avg_time=0.000038s, max_time=0.000671s, min_time=0.000011s; KV_LIST: req_count=58, req/min=11.60, avg_time=0.000091s, max_time=0.000203s, min_time=0.000062s; NOTIFY_DATA_UPDATE: req_count=880, req/min=175.99, avg_time=0.000345s, max_time=0.001013s, min_time=0.000140s; CLEAR_META: req_count=42, req/min=8.40, avg_time=0.000906s, max_time=0.001833s, min_time=0.000344s; KV_RETRIEVE_KEYS: req_count=20, req/min=4.00, avg_time=0.000147s, max_time=0.000484s, min_time=0.000102s
[36m(SimpleStorageUnit pid=860265)[0m Per-operation statistics: PUT_DATA: req_count=183, req/min=36.50, avg_time=0.009569s, max_time=0.017407s, min_time=0.004132s; CLEAR_DATA: req_count=27, req/min=5.39, avg_time=0.011313s, max_time=0.015253s, min_time=0.007408s; GET_DATA: req_count=104, req/min=20.74, avg_time=0.011380s, max_time=0.014327s, min_time=0.007063s
[36m(WorkerDict pid=861242)[0m INFO:2026-07-05 02:02:24,447:update_weights done, time cost: 0.38s
[36m(SimpleStorageUnit pid=860289)[0m 2026-07-05 02:02:20,715 - INFO - transfer_queue.utils.perf_utils - TQ_STORAGE_UNIT_27154634: [Performance] Total success requests: 311, Total req/min: 62.06, Total avg process time: 0.0099s; [32m [repeated 8x across cluster][0m
[36m(SimpleStorageUnit pid=860289)[0m Time range: last 5.01 minutes; [32m [repeated 8x across cluster][0m
[36m(TaskRunnerV1 pid=859989)[0m Training Progress:  17%|█▋        | 21/125 [03:14<15:38,  9.02s/it]
[36m(WorkerDict pid=861242)[0m INFO:2026-07-05 02:02:34,737:update_weights done, time cost: 0.43s
[36m(SimpleStorageUnit pid=860289)[0m Per-operation statistics: PUT_DATA: req_count=170, req/min=33.93, avg_time=0.009305s, max_time=0.017135s, min_time=0.006394s; CLEAR_DATA: req_count=37, req/min=7.38, avg_time=0.010302s, max_time=0.015431s, min_time=0.008090s; GET_DATA: req_count=104, req/min=20.75, avg_time=0.010683s, max_time=0.013017s, min_time=0.004947s[32m [repeated 7x across cluster][0m
[36m(TaskRunnerV1 pid=859989)[0m Training Progress:  18%|█▊        | 22/125 [03:24<16:07,  9.40s/it]

[36m(TaskRunnerV1 pid=859989)[0m step:20 - global_seqlen/min:5409 - global_seqlen/max:5409 - global_seqlen/minmax_diff:0 - global_seqlen/balanced_min:5409 - global_seqlen/balanced_max:5409 - global_seqlen/mean:5409.0 - actor/entropy:0.8776971101760864 - training/rollout_probs_diff_valid:1 - training/rollout_probs_diff_max:0.06199955940246582 - training/rollout_probs_diff_mean:0.005912911146879196 - training/rollout_probs_diff_std:0.009124941192567348 - training/rollout_actor_probs_pearson_corr:0.9995301365852356 - rollout_corr/training_ppl:1.1463994979858398 - rollout_corr/training_log_ppl:0.1025785282254219 - rollout_corr/kl:0.0019366346532478929 - rollout_corr/k3_kl:0.0007858063909225166 - rollout_corr/rollout_ppl:1.1445791721343994 - rollout_corr/rollout_log_ppl:0.10117587447166443 - rollout_corr/log_ppl_diff:0.0014026525896042585 - rollout_corr/log_ppl_abs_diff:0.002058850135654211 - rollout_corr/log_ppl_diff_max:0.024228274822235107 - rollout_corr/log_ppl_diff_min:-0.0231514573097229 - rollout_corr/ppl_ratio:1.0014170408248901 - rollout_corr/chi2_token:-0.0007464289665222168 - rollout_corr/chi2_seq:-0.03452020883560181 - actor/pg_clipfrac:np.float64(0.0) - actor/ppo_kl:np.float64(0.0) - actor/pg_clipfrac_lower:np.float64(0.0) - actor/pg_loss:np.float64(-0.14037062227725983) - actor/loss:np.float64(-0.14037062227725983) - actor/grad_norm:np.float64(0.21648353338241577) - actor/lr:np.float64(1e-06) - actor/perf/max_memory_allocated_gb:np.float64(17.202820301055908) - actor/perf/max_memory_reserved_gb:np.float64(29.546875) - actor/perf/cpu_memory_used_gb:np.float64(32.16011047363281) - perf/mfu/actor:np.float64(0.03422685610584278) - training/global_step:20 - training/epoch:0 - critic/score/mean:0.125 - critic/score/max:1.0 - critic/score/min:0.0 - critic/rewards/mean:0.125 - critic/rewards/max:1.0 - critic/rewards/min:0.0 - critic/advantages/mean:0.1403706669807434 - critic/advantages/max:2.4748666286468506 - critic/advantages/min:-0.5400605201721191 - critic/returns/mean:0.1403706669807434 - critic/returns/max:2.4748666286468506 - critic/returns/min:-0.5400605201721191 - response_length/mean:61.03125 - response_length/max:360.0 - response_length/min:4.0 - response_length/clip_ratio:0.03125 - response_length_non_aborted/mean:61.03125 - response_length_non_aborted/max:360.0 - response_length_non_aborted/min:4.0 - response_length_non_aborted/clip_ratio:0.03125 - response/aborted_ratio:0.0 - prompt_length/mean:102.0 - prompt_length/max:107.0 - prompt_length/min:99.0 - prompt_length/clip_ratio:0.25 - timing_s/gen:2.3973329690052196 - timing_s/old_log_prob:1.175592472020071 - timing_s/adv:0.2379855839535594 - timing_s/update_actor:2.0095541390473954 - timing_s/update_weights:1.083385024976451 - timing_s/step:7.29416798701277 - timing_per_token_ms/adv:0.043998074311991014 - timing_per_token_ms/update_actor:0.3715204546214449 - timing_per_token_ms/gen:1.1700014490020594 - perf/total_num_tokens:5409 - perf/time_per_step:7.29416798701277 - perf/throughput:741.5513338369362 - training/num_turns/mean:np.float64(2.0) - training/num_turns/max:np.int64(2) - training/num_turns/min:np.int64(2) - training/off_policy/trajectory_spans/mean:np.float64(1.0) - training/off_policy/trajectory_spans/max:np.float64(1.0) - training/off_policy/trajectory_spans/min:np.float64(1.0) - training/off_policy/trajectory_staleness/mean:np.float64(0.0) - training/off_policy/trajectory_staleness/max:np.float64(0.0) - training/off_policy/trajectory_staleness/min:np.float64(0.0) - training/off_policy/trajectory_staleness_worst/mean:np.float64(0.0) - training/off_policy/trajectory_staleness_worst/max:np.float64(0.0) - training/off_policy/trajectory_staleness_worst/min:np.float64(0.0)
[36m(TaskRunnerV1 pid=859989)[0m step:21 - global_seqlen/min:7667 - global_seqlen/max:7667 - global_seqlen/minmax_diff:0 - global_seqlen/balanced_min:7667 - global_seqlen/balanced_max:7667 - global_seqlen/mean:7667.0 - actor/entropy:1.1005473136901855 - training/rollout_probs_diff_valid:1 - training/rollout_probs_diff_max:0.08829671144485474 - training/rollout_probs_diff_mean:0.00505122309550643 - training/rollout_probs_diff_std:0.008528158999979496 - training/rollout_actor_probs_pearson_corr:0.9996557831764221 - rollout_corr/training_ppl:1.327923059463501 - rollout_corr/training_log_ppl:0.16894851624965668 - rollout_corr/kl:0.002062266692519188 - rollout_corr/k3_kl:0.0007126872078515589 - rollout_corr/rollout_ppl:1.3253047466278076 - rollout_corr/rollout_log_ppl:0.16760657727718353 - rollout_corr/log_ppl_diff:0.0013419509632512927 - rollout_corr/log_ppl_abs_diff:0.0020900534000247717 - rollout_corr/log_ppl_diff_max:0.025400474667549133 - rollout_corr/log_ppl_diff_min:-0.03936833143234253 - rollout_corr/ppl_ratio:1.00136137008667 - rollout_corr/chi2_token:-0.0012914538383483887 - rollout_corr/chi2_seq:-0.036403775215148926 - actor/pg_clipfrac:np.float64(0.0) - actor/ppo_kl:np.float64(0.0) - actor/pg_clipfrac_lower:np.float64(0.0) - actor/pg_loss:np.float64(-0.3408222794532776) - actor/loss:np.float64(-0.3408222794532776) - actor/grad_norm:np.float64(0.179259791970253) - actor/lr:np.float64(1e-06) - actor/perf/max_memory_allocated_gb:np.float64(17.202820301055908) - actor/perf/max_memory_reserved_gb:np.float64(29.546875) - actor/perf/cpu_memory_used_gb:np.float64(32.179443359375) - perf/mfu/actor:np.float64(0.04031076201478107) - training/global_step:21 - training/epoch:0 - critic/score/mean:0.28125 - critic/score/max:1.0 - critic/score/min:0.0 - critic/rewards/mean:0.28125 - critic/rewards/max:1.0 - critic/rewards/min:0.0 - critic/advantages/mean:0.3408223092556 - critic/advantages/max:1.6201815605163574 - critic/advantages/min:-1.20761239528656 - critic/returns/mean:0.3408223092556 - critic/returns/max:1.6201815605163574 - critic/returns/min:-1.20761239528656 - response_length/mean:115.84375 - response_length/max:468.0 - response_length/min:4.0 - response_length/clip_ratio:0.03125 - response_length_non_aborted/mean:115.84375 - response_length_non_aborted/max:468.0 - response_length_non_aborted/min:4.0 - response_length_non_aborted/clip_ratio:0.03125 - response/aborted_ratio:0.0 - prompt_length/mean:117.75 - prompt_length/max:154.0 - prompt_length/min:91.0 - prompt_length/clip_ratio:0.25 - timing_s/gen:4.458281916973647 - timing_s/old_log_prob:1.2496708420221694 - timing_s/adv:0.2377590470132418 - timing_s/update_actor:2.354898001998663 - timing_s/update_weights:1.1513861959683709 - timing_s/step:9.853250145970378 - timing_per_token_ms/adv:0.031010701319061144 - timing_per_token_ms/update_actor:0.3071472547278809 - timing_per_token_ms/gen:1.1723065782207853 - perf/total_num_tokens:7667 - perf/time_per_step:9.853250145970378 - perf/throughput:778.1188832535146 - training/num_turns/mean:np.float64(2.0) - training/num_turns/max:np.int64(2) - training/num_turns/min:np.int64(2) - training/off_policy/trajectory_spans/mean:np.float64(1.0) - training/off_policy/trajectory_spans/max:np.float64(1.0) - training/off_policy/trajectory_spans/min:np.float64(1.0) - training/off_policy/trajectory_staleness/mean:np.float64(0.0) - training/off_policy/trajectory_staleness/max:np.float64(0.0) - training/off_policy/trajectory_staleness/min:np.float64(0.0) - training/off_policy/trajectory_staleness_worst/mean:np.float64(0.0) - training/off_policy/trajectory_staleness_worst/max:np.float64(0.0) - training/off_policy/trajectory_staleness_worst/min:np.float64(0.0)
[36m(TaskRunnerV1 pid=859989)[0m step:22 - global_seqlen/min:7441 - global_seqlen/max:7441 - global_seqlen/minmax_diff:0 - global_seqlen/balanced_min:7441 - global_seqlen/balanced_max:7441 - global_seqlen/mean:7441.0 - actor/entropy:0.5482518076896667 - training/rollout_probs_diff_valid:1 - training/rollout_probs_diff_max:0.06832361221313477 - training/rollout_probs_diff_mean:0.00483346963301301 - training/rollout_probs_diff_std:0.008996402844786644 - training/rollout_actor_probs_pearson_corr:0.9994937777519226 - rollout_corr/training_ppl:1.1122558116912842 - rollout_corr/training_log_ppl:0.08743499219417572 - rollout_corr/kl:0.0010897833853960037 - rollout_corr/k3_kl:0.0004957554046995938 - rollout_corr/rollout_ppl:1.109171986579895 - rollout_corr/rollout_log_ppl:0.0851106196641922 - rollout_corr/log_ppl_diff:0.0023243711329996586 - rollout_corr/log_ppl_abs_diff:0.0028962083160877228 - rollout_corr/log_ppl_diff_max:0.039300695061683655 - rollout_corr/log_ppl_diff_min:-0.016448110342025757 - rollout_corr/ppl_ratio:1.002355933189392 - rollout_corr/chi2_token:-0.00018131732940673828 - rollout_corr/chi2_seq:-0.014903843402862549 - actor/pg_clipfrac:np.float64(0.0) - actor/ppo_kl:np.float64(0.0) - actor/pg_clipfrac_lower:np.float64(0.0) - actor/pg_loss:np.float64(0.5363472104072571) - actor/loss:np.float64(0.5363472104072571) - actor/grad_norm:np.float64(0.1387205421924591) - actor/lr:np.float64(1e-06) - actor/perf/max_memory_allocated_gb:np.float64(17.202820301055908) - actor/perf/max_memory_reserved_gb:np.float64(29.546875) - actor/perf/cpu_memory_used_gb:np.float64(32.17982864379883) - perf/mfu/actor:np.float64(0.03970306920677657) - training/global_step:22 - training/epoch:0 - critic/score/mean:0.40625 - critic/score/max:1.0 - critic/score/min:0.0 - critic/rewards/mean:0.40625 - critic/rewards/max:1.0 - critic/rewards/min:0.0 - critic/advantages/mean:-0.5363472104072571 - critic/advantages/max:1.20761239528656 - critic/advantages/min:-1.6201815605163574 - critic/returns/mean:-0.5363472104072571 - critic/returns/max:1.20761239528656 - critic/returns/min:-1.6201815605163574 - response_length/mean:107.03125 - response_length/max:512.0 - response_length/min:4.0 - response_length/clip_ratio:0.0625 - response_length_non_aborted/mean:107.03125 - response_length_non_aborted/max:512.0 - response_length_non_aborted/min:4.0 - response_length_non_aborted/clip_ratio:0.0625 - response/aborted_ratio:0.0 - prompt_length/mean:119.5 - prompt_length/max:159.0 - prompt_length/min:100.0 - prompt_length/clip_ratio:0.25 - timing_s/gen:4.428824346978217 - timing_s/old_log_prob:1.2463791159680113 - timing_s/adv:0.23946574301226065 - timing_s/update_actor:2.3414063720265403 - timing_s/update_weights:1.1657370110042393 - timing_s/step:10.129609243012965 - timing_per_token_ms/adv:0.03218193025295802 - timing_per_token_ms/update_actor:0.31466286413473193 - timing_per_token_ms/gen:1.2578313964720866 - perf/total_num_tokens:7441 - perf/time_per_step:10.129609243012965 - perf/throughput:734.5791749205459 - training/num_turns/mean:np.float64(2.0) - training/num_turns/max:np.int64(2) - training/num_turns/min:np.int64(2) - training/off_policy/trajectory_spans/mean:np.float64(1.0) - training/off_policy/trajectory_spans/max:np.float64(1.0) - training/off_policy/trajectory_spans/min:np.float64(1.0) - training/off_policy/trajectory_staleness/mean:np.float64(0.0) - training/off_policy/trajectory_staleness/max:np.float64(0.0) - training/off_policy/trajectory_staleness/min:np.float64(0.0) - training/off_policy/trajectory_staleness_worst/mean:np.float64(0.0) - training/off_policy/trajectory_staleness_worst/max:np.float64(0.0) - training/off_policy/trajectory_staleness_worst/min:np.float64(0.0)[36m(WorkerDict pid=861242)[0m INFO:2026-07-05 02:02:44,305:update_weights done, time cost: 0.37s
[36m(TaskRunnerV1 pid=859989)[0m Training Progress:  18%|█▊        | 23/125 [03:34<16:04,  9.46s/it]
[36m(WorkerDict pid=861242)[0m INFO:2026-07-05 02:02:53,991:update_weights done, time cost: 0.38s
[36m(TaskRunnerV1 pid=859989)[0m Training Progress:  19%|█▉        | 24/125 [03:43<16:00,  9.51s/it]
[36m(WorkerDict pid=861242)[0m INFO:2026-07-05 02:03:03,507:update_weights done, time cost: 0.37s
[36m(TaskRunnerV1 pid=859989)[0m Training Progress:  20%|██        | 25/125 [03:55<17:05, 10.26s/it]

[36m(TaskRunnerV1 pid=859989)[0m step:23 - global_seqlen/min:6365 - global_seqlen/max:6365 - global_seqlen/minmax_diff:0 - global_seqlen/balanced_min:6365 - global_seqlen/balanced_max:6365 - global_seqlen/mean:6365.0 - actor/entropy:0.5708548426628113 - training/rollout_probs_diff_valid:1 - training/rollout_probs_diff_max:0.10354489088058472 - training/rollout_probs_diff_mean:0.004615470301359892 - training/rollout_probs_diff_std:0.009028134867548943 - training/rollout_actor_probs_pearson_corr:0.9995259046554565 - rollout_corr/training_ppl:1.1279915571212769 - rollout_corr/training_log_ppl:0.0951458290219307 - rollout_corr/kl:0.0012710568262264132 - rollout_corr/k3_kl:0.0005572481313720345 - rollout_corr/rollout_ppl:1.1274834871292114 - rollout_corr/rollout_log_ppl:0.09483969211578369 - rollout_corr/log_ppl_diff:0.0003061284078285098 - rollout_corr/log_ppl_abs_diff:0.0018546476494520903 - rollout_corr/log_ppl_diff_max:0.03868381679058075 - rollout_corr/log_ppl_diff_min:-0.025283731520175934 - rollout_corr/ppl_ratio:1.0003219842910767 - rollout_corr/chi2_token:-0.0003185868263244629 - rollout_corr/chi2_seq:-0.015297770500183105 - actor/pg_clipfrac:np.float64(0.0) - actor/ppo_kl:np.float64(0.0) - actor/pg_clipfrac_lower:np.float64(0.0) - actor/pg_loss:np.float64(0.13991442322731018) - actor/loss:np.float64(0.13991442322731018) - actor/grad_norm:np.float64(0.2518429160118103) - actor/lr:np.float64(1e-06) - actor/perf/max_memory_allocated_gb:np.float64(17.202820301055908) - actor/perf/max_memory_reserved_gb:np.float64(29.546875) - actor/perf/cpu_memory_used_gb:np.float64(32.17784118652344) - perf/mfu/actor:np.float64(0.03801270303446167) - training/global_step:23 - training/epoch:0 - critic/score/mean:0.4375 - critic/score/max:1.0 - critic/score/min:0.0 - critic/rewards/mean:0.4375 - critic/rewards/max:1.0 - critic/rewards/min:0.0 - critic/advantages/mean:-0.139914408326149 - critic/advantages/max:2.4748666286468506 - critic/advantages/min:-1.20761239528656 - critic/returns/mean:-0.139914408326149 - critic/returns/max:2.4748666286468506 - critic/returns/min:-1.20761239528656 - response_length/mean:74.90625 - response_length/max:512.0 - response_length/min:4.0 - response_length/clip_ratio:0.03125 - response_length_non_aborted/mean:74.90625 - response_length_non_aborted/max:512.0 - response_length_non_aborted/min:4.0 - response_length_non_aborted/clip_ratio:0.03125 - response/aborted_ratio:0.0 - prompt_length/mean:118.0 - prompt_length/max:171.0 - prompt_length/min:90.0 - prompt_length/clip_ratio:0.25 - timing_s/gen:4.4611197669873945 - timing_s/old_log_prob:1.1703414099756628 - timing_s/adv:0.23730863304808736 - timing_s/update_actor:2.0847055810154416 - timing_s/update_weights:1.1137799519929104 - timing_s/step:9.464856209000573 - timing_per_token_ms/adv:0.03728336732884326 - timing_per_token_ms/update_actor:0.3275264070723396 - timing_per_token_ms/gen:1.7894583902877637 - perf/total_num_tokens:6365 - perf/time_per_step:9.464856209000573 - perf/throughput:672.4877652073811 - training/num_turns/mean:np.float64(2.0) - training/num_turns/max:np.int64(2) - training/num_turns/min:np.int64(2) - training/off_policy/trajectory_spans/mean:np.float64(1.0) - training/off_policy/trajectory_spans/max:np.float64(1.0) - training/off_policy/trajectory_spans/min:np.float64(1.0) - training/off_policy/trajectory_staleness/mean:np.float64(0.0) - training/off_policy/trajectory_staleness/max:np.float64(0.0) - training/off_policy/trajectory_staleness/min:np.float64(0.0) - training/off_policy/trajectory_staleness_worst/mean:np.float64(0.0) - training/off_policy/trajectory_staleness_worst/max:np.float64(0.0) - training/off_policy/trajectory_staleness_worst/min:np.float64(0.0)
[36m(TaskRunnerV1 pid=859989)[0m step:24 - global_seqlen/min:7038 - global_seqlen/max:7038 - global_seqlen/minmax_diff:0 - global_seqlen/balanced_min:7038 - global_seqlen/balanced_max:7038 - global_seqlen/mean:7038.0 - actor/entropy:0.8731213212013245 - training/rollout_probs_diff_valid:1 - training/rollout_probs_diff_max:0.060066044330596924 - training/rollout_probs_diff_mean:0.005035855807363987 - training/rollout_probs_diff_std:0.008539273403584957 - training/rollout_actor_probs_pearson_corr:0.999631941318512 - rollout_corr/training_ppl:1.2247779369354248 - rollout_corr/training_log_ppl:0.13910286128520966 - rollout_corr/kl:0.0006870597717352211 - rollout_corr/k3_kl:0.0007648118189536035 - rollout_corr/rollout_ppl:1.2247843742370605 - rollout_corr/rollout_log_ppl:0.1392701268196106 - rollout_corr/log_ppl_diff:-0.00016724754823371768 - rollout_corr/log_ppl_abs_diff:0.002266201190650463 - rollout_corr/log_ppl_diff_max:0.0326404869556427 - rollout_corr/log_ppl_diff_min:-0.057051777839660645 - rollout_corr/ppl_ratio:0.999860405921936 - rollout_corr/chi2_token:0.0016837120056152344 - rollout_corr/chi2_seq:0.008116602897644043 - actor/pg_clipfrac:np.float64(0.0) - actor/ppo_kl:np.float64(0.0) - actor/pg_clipfrac_lower:np.float64(0.0) - actor/pg_loss:np.float64(0.30649295449256897) - actor/loss:np.float64(0.30649295449256897) - actor/grad_norm:np.float64(0.17926470935344696) - actor/lr:np.float64(1e-06) - actor/perf/max_memory_allocated_gb:np.float64(17.202820301055908) - actor/perf/max_memory_reserved_gb:np.float64(29.546875) - actor/perf/cpu_memory_used_gb:np.float64(32.17302703857422) - perf/mfu/actor:np.float64(0.03963812073905585) - training/global_step:24 - training/epoch:0 - critic/score/mean:0.40625 - critic/score/max:1.0 - critic/score/min:0.0 - critic/rewards/mean:0.40625 - critic/rewards/max:1.0 - critic/rewards/min:0.0 - critic/advantages/mean:-0.3064928948879242 - critic/advantages/max:2.4748666286468506 - critic/advantages/min:-0.935412585735321 - critic/returns/mean:-0.3064928948879242 - critic/returns/max:2.4748666286468506 - critic/returns/min:-0.935412585735321 - response_length/mean:106.4375 - response_length/max:512.0 - response_length/min:4.0 - response_length/clip_ratio:0.03125 - response_length_non_aborted/mean:106.4375 - response_length_non_aborted/max:512.0 - response_length_non_aborted/min:4.0 - response_length_non_aborted/clip_ratio:0.03125 - response/aborted_ratio:0.0 - prompt_length/mean:107.5 - prompt_length/max:121.0 - prompt_length/min:83.0 - prompt_length/clip_ratio:0.25 - timing_s/gen:4.431246367981657 - timing_s/old_log_prob:1.1946409009979106 - timing_s/adv:0.23118927801260725 - timing_s/update_actor:2.2204835459706374 - timing_s/update_weights:1.0938529659761116 - timing_s/step:9.50404977897415 - timing_per_token_ms/adv:0.03284871810352476 - timing_per_token_ms/update_actor:0.31549922505976663 - timing_per_token_ms/gen:1.2653473352317697 - perf/total_num_tokens:7038 - perf/time_per_step:9.50404977897415 - perf/throughput:740.5264243849183 - training/num_turns/mean:np.float64(2.0) - training/num_turns/max:np.int64(2) - training/num_turns/min:np.int64(2) - training/off_policy/trajectory_spans/mean:np.float64(1.0) - training/off_policy/trajectory_spans/max:np.float64(1.0) - training/off_policy/trajectory_spans/min:np.float64(1.0) - training/off_policy/trajectory_staleness/mean:np.float64(0.0) - training/off_policy/trajectory_staleness/max:np.float64(0.0) - training/off_policy/trajectory_staleness/min:np.float64(0.0) - training/off_policy/trajectory_staleness_worst/mean:np.float64(0.0) - training/off_policy/trajectory_staleness_worst/max:np.float64(0.0) - training/off_policy/trajectory_staleness_worst/min:np.float64(0.0)
[36m(TaskRunnerV1 pid=859989)[0m Dumped generations to /data2/hjk/projects/AI-HiddenState-ER/rl_audit/mathverse_text_qwen25_1p5b_grpo_answer_a0_clean_rerun512_seed43/validation_generations/25.jsonl
[36m(TaskRunnerV1 pid=859989)[0m step:25 - global_seqlen/min:5890 - global_seqlen/max:5890 - global_seqlen/minmax_diff:0 - global_seqlen/balanced_min:5890 - global_seqlen/balanced_max:5890 - global_seqlen/mean:5890.0 - actor/entropy:0.6105876564979553 - training/rollout_probs_diff_valid:1 - training/rollout_probs_diff_max:0.06217208504676819 - training/rollout_probs_diff_mean:0.0044196974486112595 - training/rollout_probs_diff_std:0.008410750888288021 - training/rollout_actor_probs_pearson_corr:0.9996023774147034 - rollout_corr/training_ppl:1.1393529176712036 - rollout_corr/training_log_ppl:0.09413114190101624 - rollout_corr/kl:-0.00023238130961544812 - rollout_corr/k3_kl:0.0006264369585551322 - rollout_corr/rollout_ppl:1.1409589052200317 - rollout_corr/rollout_log_ppl:0.0950295478105545 - rollout_corr/log_ppl_diff:-0.0008984108571894467 - rollout_corr/log_ppl_abs_diff:0.0017523795831948519 - rollout_corr/log_ppl_diff_max:0.01098884642124176 - rollout_corr/log_ppl_diff_min:-0.038471221923828125 - rollout_corr/ppl_ratio:0.9991155862808228 - rollout_corr/chi2_token:0.0030035972595214844 - rollout_corr/chi2_seq:0.14430713653564453 - actor/pg_clipfrac:np.float64(0.0) - actor/ppo_kl:np.float64(0.0) - actor/pg_clipfrac_lower:np.float64(0.0) - actor/pg_loss:np.float64(0.5445042848587036) - actor/loss:np.float64(0.5445042848587036) - actor/grad_norm:np.float64(0.1801074594259262) - actor/lr:np.float64(1e-06) - actor/perf/max_memory_allocated_gb:np.float64(17.202820301055908) - actor/perf/max_memory_reserved_gb:np.float64(29.546875) - actor/perf/cpu_memory_used_gb:np.float64(32.167579650878906) - perf/mfu/actor:np.float64(0.035172915713785224) - val-aux/MathVerseTextA0Clean/reward/mean@1:np.float64(0.484375) - val-core/MathVerseTextA0Clean/acc/mean@1:np.float64(0.484375) - val-aux/num_turns/min:np.int64(2) - val-aux/num_turns/max:np.int64(2) - val-aux/num_turns/mean:np.float64(2.0) - training/global_step:25 - training/epoch:0 - critic/score/mean:0.5 - critic/score/max:1.0 - critic/score/min:0.0 - critic/rewards/mean:0.5 - critic/rewards/max:1.0 - critic/rewards/min:0.0 - critic/advantages/mean:-0.5445043444633484 - critic/advantages/max:1.20761239528656 - critic/advantages/min:-2.4748666286468506 - critic/returns/mean:-0.5445043444633484 - critic/returns/max:1.20761239528656 - critic/returns/min:-2.4748666286468506 - response_length/mean:72.5625 - response_length/max:512.0 - response_length/min:4.0 - response_length/clip_ratio:0.03125 - response_length_non_aborted/mean:72.5625 - response_length_non_aborted/max:512.0 - response_length_non_aborted/min:4.0 - response_length_non_aborted/clip_ratio:0.03125 - response/aborted_ratio:0.0 - prompt_length/mean:105.5 - prompt_length/max:132.0 - prompt_length/min:86.0 - prompt_length/clip_ratio:0.25 - timing_s/gen:4.41758592199767 - timing_s/old_log_prob:1.1380832040449604 - timing_s/adv:0.23984059900976717 - timing_s/update_actor:2.1183993729646318 - timing_s/update_weights:1.059516695968341 - timing_s/step:9.369062451994978 - timing_s/testing:2.485232596984133 - timing_per_token_ms/adv:0.04071996587602159 - timing_per_token_ms/update_actor:0.35966033496852834 - timing_per_token_ms/gen:1.8269586112480025 - perf/total_num_tokens:5890 - perf/time_per_step:9.369062451994978 - perf/throughput:628.6648242744745 - training/num_turns/mean:np.float64(2.0) - training/num_turns/max:np.int64(2) - training/num_turns/min:np.int64(2) - training/off_policy/trajectory_spans/mean:np.float64(1.0) - training/off_policy/trajectory_spans/max:np.float64(1.0) - training/off_policy/trajectory_spans/min:np.float64(1.0) - training/off_policy/trajectory_staleness/mean:np.float64(0.0) - training/off_policy/trajectory_staleness/max:np.float64(0.0) - training/off_policy/trajectory_staleness/min:np.float64(0.0) - training/off_policy/trajectory_staleness_worst/mean:np.float64(0.0) - training/off_policy/trajectory_staleness_worst/max:np.float64(0.0) - training/off_policy/trajectory_staleness_worst/min:np.float64(0.0)[36m(WorkerDict pid=861242)[0m INFO:2026-07-05 02:03:16,030:update_weights done, time cost: 0.38s
[36m(TaskRunnerV1 pid=859989)[0m Training Progress:  21%|██        | 26/125 [04:06<16:49, 10.20s/it]
[36m(WorkerDict pid=861242)[0m INFO:2026-07-05 02:03:26,688:update_weights done, time cost: 0.41s
[36m(TaskRunnerV1 pid=859989)[0m Training Progress:  22%|██▏       | 27/125 [04:16<16:52, 10.33s/it]
[36m(WorkerDict pid=861242)[0m INFO:2026-07-05 02:03:36,753:update_weights done, time cost: 0.38s
[36m(TaskRunnerV1 pid=859989)[0m Training Progress:  22%|██▏       | 28/125 [04:26<16:35, 10.26s/it]

[36m(TaskRunnerV1 pid=859989)[0m step:26 - global_seqlen/min:7868 - global_seqlen/max:7868 - global_seqlen/minmax_diff:0 - global_seqlen/balanced_min:7868 - global_seqlen/balanced_max:7868 - global_seqlen/mean:7868.0 - actor/entropy:0.5932724475860596 - training/rollout_probs_diff_valid:1 - training/rollout_probs_diff_max:0.06229713559150696 - training/rollout_probs_diff_mean:0.004972658585757017 - training/rollout_probs_diff_std:0.008779455907642841 - training/rollout_actor_probs_pearson_corr:0.9995278120040894 - rollout_corr/training_ppl:1.1718473434448242 - rollout_corr/training_log_ppl:0.11935435980558395 - rollout_corr/kl:0.0012611157726496458 - rollout_corr/k3_kl:0.0005889268941245973 - rollout_corr/rollout_ppl:1.173343300819397 - rollout_corr/rollout_log_ppl:0.12042981386184692 - rollout_corr/log_ppl_diff:-0.0010754497488960624 - rollout_corr/log_ppl_abs_diff:0.002034071832895279 - rollout_corr/log_ppl_diff_max:0.015611156821250916 - rollout_corr/log_ppl_diff_min:-0.03324240446090698 - rollout_corr/ppl_ratio:0.9989407062530518 - rollout_corr/chi2_token:-0.00017321109771728516 - rollout_corr/chi2_seq:-0.01909327507019043 - actor/pg_clipfrac:np.float64(0.0) - actor/ppo_kl:np.float64(0.0) - actor/pg_clipfrac_lower:np.float64(0.0) - actor/pg_loss:np.float64(0.1281416416168213) - actor/loss:np.float64(0.1281416416168213) - actor/grad_norm:np.float64(0.14259491860866547) - actor/lr:np.float64(1e-06) - actor/perf/max_memory_allocated_gb:np.float64(17.202820301055908) - actor/perf/max_memory_reserved_gb:np.float64(29.546875) - actor/perf/cpu_memory_used_gb:np.float64(32.22269058227539) - perf/mfu/actor:np.float64(0.040305474220408255) - training/global_step:26 - training/epoch:0 - critic/score/mean:0.4375 - critic/score/max:1.0 - critic/score/min:0.0 - critic/rewards/mean:0.4375 - critic/rewards/max:1.0 - critic/rewards/min:0.0 - critic/advantages/mean:-0.12814168632030487 - critic/advantages/max:2.4748666286468506 - critic/advantages/min:-1.6201815605163574 - critic/returns/mean:-0.12814168632030487 - critic/returns/max:2.4748666286468506 - critic/returns/min:-1.6201815605163574 - response_length/mean:124.375 - response_length/max:512.0 - response_length/min:4.0 - response_length/clip_ratio:0.09375 - response_length_non_aborted/mean:124.375 - response_length_non_aborted/max:512.0 - response_length_non_aborted/min:4.0 - response_length_non_aborted/clip_ratio:0.09375 - response/aborted_ratio:0.0 - prompt_length/mean:115.5 - prompt_length/max:125.0 - prompt_length/min:102.0 - prompt_length/clip_ratio:0.25 - timing_s/gen:4.476361752022058 - timing_s/old_log_prob:1.2685231950017624 - timing_s/adv:0.23585648502921686 - timing_s/update_actor:2.422872858995106 - timing_s/update_weights:1.1220417249714956 - timing_s/step:9.916680126043502 - timing_per_token_ms/adv:0.0299766757790057 - timing_per_token_ms/update_actor:0.307940119343557 - timing_per_token_ms/gen:1.0982241786118885 - perf/total_num_tokens:7868 - perf/time_per_step:9.916680126043502 - perf/throughput:793.4106878507463 - training/num_turns/mean:np.float64(2.0) - training/num_turns/max:np.int64(2) - training/num_turns/min:np.int64(2) - training/off_policy/trajectory_spans/mean:np.float64(1.0) - training/off_policy/trajectory_spans/max:np.float64(1.0) - training/off_policy/trajectory_spans/min:np.float64(1.0) - training/off_policy/trajectory_staleness/mean:np.float64(0.0) - training/off_policy/trajectory_staleness/max:np.float64(0.0) - training/off_policy/trajectory_staleness/min:np.float64(0.0) - training/off_policy/trajectory_staleness_worst/mean:np.float64(0.0) - training/off_policy/trajectory_staleness_worst/max:np.float64(0.0) - training/off_policy/trajectory_staleness_worst/min:np.float64(0.0)
[36m(TaskRunnerV1 pid=859989)[0m step:27 - global_seqlen/min:9225 - global_seqlen/max:9225 - global_seqlen/minmax_diff:0 - global_seqlen/balanced_min:9225 - global_seqlen/balanced_max:9225 - global_seqlen/mean:9225.0 - actor/entropy:0.5266778469085693 - training/rollout_probs_diff_valid:1 - training/rollout_probs_diff_max:0.06752645969390869 - training/rollout_probs_diff_mean:0.0046218824572861195 - training/rollout_probs_diff_std:0.00888361781835556 - training/rollout_actor_probs_pearson_corr:0.9994960427284241 - rollout_corr/training_ppl:1.1511681079864502 - rollout_corr/training_log_ppl:0.10511855036020279 - rollout_corr/kl:0.0005951611674390733 - rollout_corr/k3_kl:0.0005130947101861238 - rollout_corr/rollout_ppl:1.1488224267959595 - rollout_corr/rollout_log_ppl:0.10372348129749298 - rollout_corr/log_ppl_diff:0.0013950597494840622 - rollout_corr/log_ppl_abs_diff:0.0016031512059271336 - rollout_corr/log_ppl_diff_max:0.04093235731124878 - rollout_corr/log_ppl_diff_min:-0.007443636655807495 - rollout_corr/ppl_ratio:1.001410722732544 - rollout_corr/chi2_token:0.0008591413497924805 - rollout_corr/chi2_seq:0.029535770416259766 - actor/pg_clipfrac:np.float64(0.0) - actor/ppo_kl:np.float64(0.0) - actor/pg_clipfrac_lower:np.float64(0.0) - actor/pg_loss:np.float64(-0.5270475149154663) - actor/loss:np.float64(-0.5270475149154663) - actor/grad_norm:np.float64(0.17057469487190247) - actor/lr:np.float64(1e-06) - actor/perf/max_memory_allocated_gb:np.float64(17.23494529724121) - actor/perf/max_memory_reserved_gb:np.float64(29.546875) - actor/perf/cpu_memory_used_gb:np.float64(32.22215270996094) - perf/mfu/actor:np.float64(0.038276900384052015) - training/global_step:27 - training/epoch:0 - critic/score/mean:0.40625 - critic/score/max:1.0 - critic/score/min:0.0 - critic/rewards/mean:0.40625 - critic/rewards/max:1.0 - critic/rewards/min:0.0 - critic/advantages/mean:0.5270474553108215 - critic/advantages/max:2.4748666286468506 - critic/advantages/min:-1.6201815605163574 - critic/returns/mean:0.5270474553108215 - critic/returns/max:2.4748666286468506 - critic/returns/min:-1.6201815605163574 - response_length/mean:150.28125 - response_length/max:512.0 - response_length/min:4.0 - response_length/clip_ratio:0.0625 - response_length_non_aborted/mean:150.28125 - response_length_non_aborted/max:512.0 - response_length_non_aborted/min:4.0 - response_length_non_aborted/clip_ratio:0.0625 - response/aborted_ratio:0.0 - prompt_length/mean:132.0 - prompt_length/max:165.0 - prompt_length/min:108.0 - prompt_length/clip_ratio:0.25 - timing_s/gen:4.410485627013259 - timing_s/old_log_prob:1.3902837809873745 - timing_s/adv:0.2368588059907779 - timing_s/update_actor:2.918546332977712 - timing_s/update_weights:1.1658945759991184 - timing_s/step:10.516625638992991 - timing_per_token_ms/adv:0.025675751326913594 - timing_per_token_ms/update_actor:0.3163735862306463 - timing_per_token_ms/gen:0.8991815753339977 - perf/total_num_tokens:9225 - perf/time_per_step:10.516625638992991 - perf/throughput:877.182502892946 - training/num_turns/mean:np.float64(2.0) - training/num_turns/max:np.int64(2) - training/num_turns/min:np.int64(2) - training/off_policy/trajectory_spans/mean:np.float64(1.0) - training/off_policy/trajectory_spans/max:np.float64(1.0) - training/off_policy/trajectory_spans/min:np.float64(1.0) - training/off_policy/trajectory_staleness/mean:np.float64(0.0) - training/off_policy/trajectory_staleness/max:np.float64(0.0) - training/off_policy/trajectory_staleness/min:np.float64(0.0) - training/off_policy/trajectory_staleness_worst/mean:np.float64(0.0) - training/off_policy/trajectory_staleness_worst/max:np.float64(0.0) - training/off_policy/trajectory_staleness_worst/min:np.float64(0.0)
[36m(TaskRunnerV1 pid=859989)[0m step:28 - global_seqlen/min:7735 - global_seqlen/max:7735 - global_seqlen/minmax_diff:0 - global_seqlen/balanced_min:7735 - global_seqlen/balanced_max:7735 - global_seqlen/mean:7735.0 - actor/entropy:0.504292905330658 - training/rollout_probs_diff_valid:1 - training/rollout_probs_diff_max:0.09178909659385681 - training/rollout_probs_diff_mean:0.004432489164173603 - training/rollout_probs_diff_std:0.008589317090809345 - training/rollout_actor_probs_pearson_corr:0.9995134472846985 - rollout_corr/training_ppl:1.1647968292236328 - rollout_corr/training_log_ppl:0.1133451834321022 - rollout_corr/kl:0.00018637141329236329 - rollout_corr/k3_kl:0.00046761022531427443 - rollout_corr/rollout_ppl:1.1662663221359253 - rollout_corr/rollout_log_ppl:0.1146877259016037 - rollout_corr/log_ppl_diff:-0.001342550152912736 - rollout_corr/log_ppl_abs_diff:0.002465061843395233 - rollout_corr/log_ppl_diff_max:0.025834202766418457 - rollout_corr/log_ppl_diff_min:-0.05603247880935669 - rollout_corr/ppl_ratio:0.9986922740936279 - rollout_corr/chi2_token:0.001504063606262207 - rollout_corr/chi2_seq:0.00833427906036377 - actor/pg_clipfrac:np.float64(0.0) - actor/ppo_kl:np.float64(0.0) - actor/pg_clipfrac_lower:np.float64(0.0) - actor/pg_loss:np.float64(0.17544199526309967) - actor/loss:np.float64(0.17544199526309967) - actor/grad_norm:np.float64(0.1329350620508194) - actor/lr:np.float64(1e-06) - actor/perf/max_memory_allocated_gb:np.float64(17.23494529724121) - actor/perf/max_memory_reserved_gb:np.float64(29.546875) - actor/perf/cpu_memory_used_gb:np.float64(32.21217727661133) - perf/mfu/actor:np.float64(0.04034898015169037) - training/global_step:28 - training/epoch:0 - critic/score/mean:0.5 - critic/score/max:1.0 - critic/score/min:0.0 - critic/rewards/mean:0.5 - critic/rewards/max:1.0 - critic/rewards/min:0.0 - critic/advantages/mean:-0.17544201016426086 - critic/advantages/max:1.6201815605163574 - critic/advantages/min:-1.20761239528656 - critic/returns/mean:-0.17544201016426086 - critic/returns/max:1.6201815605163574 - critic/returns/min:-1.20761239528656 - response_length/mean:113.71875 - response_length/max:512.0 - response_length/min:4.0 - response_length/clip_ratio:0.03125 - response_length_non_aborted/mean:113.71875 - response_length_non_aborted/max:512.0 - response_length_non_aborted/min:4.0 - response_length_non_aborted/clip_ratio:0.03125 - response/aborted_ratio:0.0 - prompt_length/mean:122.0 - prompt_length/max:160.0 - prompt_length/min:86.0 - prompt_length/clip_ratio:0.25 - timing_s/gen:4.459489017026499 - timing_s/old_log_prob:1.3375738630420528 - timing_s/adv:0.2380188790266402 - timing_s/update_actor:2.385317380016204 - timing_s/update_weights:1.1427257500472479 - timing_s/step:9.960347805987112 - timing_per_token_ms/adv:0.030771671496656782 - timing_per_token_ms/update_actor:0.30837975177972904 - timing_per_token_ms/gen:1.1939729630593037 - perf/total_num_tokens:7735 - perf/time_per_step:9.960347805987112 - perf/throughput:776.5793073360885 - training/num_turns/mean:np.float64(2.0) - training/num_turns/max:np.int64(2) - training/num_turns/min:np.int64(2) - training/off_policy/trajectory_spans/mean:np.float64(1.0) - training/off_policy/trajectory_spans/max:np.float64(1.0) - training/off_policy/trajectory_spans/min:np.float64(1.0) - training/off_policy/trajectory_staleness/mean:np.float64(0.0) - training/off_policy/trajectory_staleness/max:np.float64(0.0) - training/off_policy/trajectory_staleness/min:np.float64(0.0) - training/off_policy/trajectory_staleness_worst/mean:np.float64(0.0) - training/off_policy/trajectory_staleness_worst/max:np.float64(0.0) - training/off_policy/trajectory_staleness_worst/min:np.float64(0.0)[36m(WorkerDict pid=861242)[0m INFO:2026-07-05 02:03:46,274:update_weights done, time cost: 0.44s
[36m(TaskRunnerV1 pid=859989)[0m Training Progress:  23%|██▎       | 29/125 [04:36<16:03, 10.04s/it]
[36m(WorkerDict pid=861242)[0m INFO:2026-07-05 02:03:55,963:update_weights done, time cost: 0.41s
[36m(TaskRunnerV1 pid=859989)[0m Training Progress:  24%|██▍       | 30/125 [04:46<15:44,  9.94s/it]
[36m(WorkerDict pid=861242)[0m INFO:2026-07-05 02:04:06,311:update_weights done, time cost: 0.38s
[36m(TaskRunnerV1 pid=859989)[0m Training Progress:  25%|██▍       | 31/125 [04:56<15:44, 10.05s/it]

[36m(TaskRunnerV1 pid=859989)[0m step:29 - global_seqlen/min:5254 - global_seqlen/max:5254 - global_seqlen/minmax_diff:0 - global_seqlen/balanced_min:5254 - global_seqlen/balanced_max:5254 - global_seqlen/mean:5254.0 - actor/entropy:0.6778517365455627 - training/rollout_probs_diff_valid:1 - training/rollout_probs_diff_max:0.13937672972679138 - training/rollout_probs_diff_mean:0.0051467097364366055 - training/rollout_probs_diff_std:0.009913638234138489 - training/rollout_actor_probs_pearson_corr:0.9994639754295349 - rollout_corr/training_ppl:1.1711384057998657 - rollout_corr/training_log_ppl:0.1224578320980072 - rollout_corr/kl:-0.0006069191731512547 - rollout_corr/k3_kl:0.0006636267644353211 - rollout_corr/rollout_ppl:1.1716465950012207 - rollout_corr/rollout_log_ppl:0.12309883534908295 - rollout_corr/log_ppl_diff:-0.0006410048808902502 - rollout_corr/log_ppl_abs_diff:0.002508386969566345 - rollout_corr/log_ppl_diff_max:0.03322190046310425 - rollout_corr/log_ppl_diff_min:-0.026408731937408447 - rollout_corr/ppl_ratio:0.9993821382522583 - rollout_corr/chi2_token:0.0038973093032836914 - rollout_corr/chi2_seq:0.03719484806060791 - actor/pg_clipfrac:np.float64(0.0) - actor/ppo_kl:np.float64(0.0) - actor/pg_clipfrac_lower:np.float64(0.0) - actor/pg_loss:np.float64(0.436996728181839) - actor/loss:np.float64(0.436996728181839) - actor/grad_norm:np.float64(0.17822173237800598) - actor/lr:np.float64(1e-06) - actor/perf/max_memory_allocated_gb:np.float64(17.23494529724121) - actor/perf/max_memory_reserved_gb:np.float64(29.546875) - actor/perf/cpu_memory_used_gb:np.float64(32.1909294128418) - perf/mfu/actor:np.float64(0.03264420262851839) - training/global_step:29 - training/epoch:0 - critic/score/mean:0.21875 - critic/score/max:1.0 - critic/score/min:0.0 - critic/rewards/mean:0.21875 - critic/rewards/max:1.0 - critic/rewards/min:0.0 - critic/advantages/mean:-0.4369966983795166 - critic/advantages/max:1.6201815605163574 - critic/advantages/min:-0.7245674133300781 - critic/returns/mean:-0.4369966983795166 - critic/returns/max:1.6201815605163574 - critic/returns/min:-0.7245674133300781 - response_length/mean:59.1875 - response_length/max:512.0 - response_length/min:4.0 - response_length/clip_ratio:0.03125 - response_length_non_aborted/mean:59.1875 - response_length_non_aborted/max:512.0 - response_length_non_aborted/min:4.0 - response_length_non_aborted/clip_ratio:0.03125 - response/aborted_ratio:0.0 - prompt_length/mean:99.0 - prompt_length/max:122.0 - prompt_length/min:90.0 - prompt_length/clip_ratio:0.25 - timing_s/gen:4.415477641974576 - timing_s/old_log_prob:1.1187703770119697 - timing_s/adv:0.23935414699371904 - timing_s/update_actor:2.054364232055377 - timing_s/update_weights:1.1474747710162774 - timing_s/step:9.373048587003723 - timing_per_token_ms/adv:0.045556556336832706 - timing_per_token_ms/update_actor:0.39100956072618526 - timing_per_token_ms/gen:2.218832985916872 - perf/total_num_tokens:5254 - perf/time_per_step:9.373048587003723 - perf/throughput:560.5433441671237 - training/num_turns/mean:np.float64(2.0) - training/num_turns/max:np.int64(2) - training/num_turns/min:np.int64(2) - training/off_policy/trajectory_spans/mean:np.float64(1.0) - training/off_policy/trajectory_spans/max:np.float64(1.0) - training/off_policy/trajectory_spans/min:np.float64(1.0) - training/off_policy/trajectory_staleness/mean:np.float64(0.0) - training/off_policy/trajectory_staleness/max:np.float64(0.0) - training/off_policy/trajectory_staleness/min:np.float64(0.0) - training/off_policy/trajectory_staleness_worst/mean:np.float64(0.0) - training/off_policy/trajectory_staleness_worst/max:np.float64(0.0) - training/off_policy/trajectory_staleness_worst/min:np.float64(0.0)
[36m(TaskRunnerV1 pid=859989)[0m step:30 - global_seqlen/min:6636 - global_seqlen/max:6636 - global_seqlen/minmax_diff:0 - global_seqlen/balanced_min:6636 - global_seqlen/balanced_max:6636 - global_seqlen/mean:6636.0 - actor/entropy:0.8208487033843994 - training/rollout_probs_diff_valid:1 - training/rollout_probs_diff_max:0.06175321340560913 - training/rollout_probs_diff_mean:0.004523859359323978 - training/rollout_probs_diff_std:0.008262424729764462 - training/rollout_actor_probs_pearson_corr:0.9996660351753235 - rollout_corr/training_ppl:1.138170838356018 - rollout_corr/training_log_ppl:0.09345170855522156 - rollout_corr/kl:0.0008550931233912706 - rollout_corr/k3_kl:0.0006351255578920245 - rollout_corr/rollout_ppl:1.1379671096801758 - rollout_corr/rollout_log_ppl:0.09345220029354095 - rollout_corr/log_ppl_diff:-4.874600563198328e-07 - rollout_corr/log_ppl_abs_diff:0.001532074878923595 - rollout_corr/log_ppl_diff_max:0.019482046365737915 - rollout_corr/log_ppl_diff_min:-0.01828739047050476 - rollout_corr/ppl_ratio:1.000008463859558 - rollout_corr/chi2_token:0.0008275508880615234 - rollout_corr/chi2_seq:0.004212856292724609 - actor/pg_clipfrac:np.float64(0.0) - actor/ppo_kl:np.float64(0.0) - actor/pg_clipfrac_lower:np.float64(0.0) - actor/pg_loss:np.float64(-0.3139082193374634) - actor/loss:np.float64(-0.3139082193374634) - actor/grad_norm:np.float64(0.2093290388584137) - actor/lr:np.float64(1e-06) - actor/perf/max_memory_allocated_gb:np.float64(17.23494529724121) - actor/perf/max_memory_reserved_gb:np.float64(29.546875) - actor/perf/cpu_memory_used_gb:np.float64(32.200138092041016) - perf/mfu/actor:np.float64(0.0386691251485548) - training/global_step:30 - training/epoch:0 - critic/score/mean:0.3125 - critic/score/max:1.0 - critic/score/min:0.0 - critic/rewards/mean:0.3125 - critic/rewards/max:1.0 - critic/rewards/min:0.0 - critic/advantages/mean:0.313908189535141 - critic/advantages/max:2.4748666286468506 - critic/advantages/min:-1.6201815605163574 - critic/returns/mean:0.313908189535141 - critic/returns/max:2.4748666286468506 - critic/returns/min:-1.6201815605163574 - response_length/mean:83.375 - response_length/max:511.0 - response_length/min:4.0 - response_length/clip_ratio:0.03125 - response_length_non_aborted/mean:83.375 - response_length_non_aborted/max:511.0 - response_length_non_aborted/min:4.0 - response_length_non_aborted/clip_ratio:0.03125 - response/aborted_ratio:0.0 - prompt_length/mean:118.0 - prompt_length/max:133.0 - prompt_length/min:107.0 - prompt_length/clip_ratio:0.25 - timing_s/gen:4.43311568396166 - timing_s/old_log_prob:1.1970634200260974 - timing_s/adv:0.2384935099980794 - timing_s/update_actor:2.1658833079854958 - timing_s/update_weights:1.158846256963443 - timing_s/step:9.578442079015076 - timing_per_token_ms/adv:0.03593934749820365 - timing_per_token_ms/update_actor:0.3263838619628535 - timing_per_token_ms/gen:1.6038768755288204 - perf/total_num_tokens:6636 - perf/time_per_step:9.578442079015076 - perf/throughput:692.805776269032 - training/num_turns/mean:np.float64(2.0) - training/num_turns/max:np.int64(2) - training/num_turns/min:np.int64(2) - training/off_policy/trajectory_spans/mean:np.float64(1.0) - training/off_policy/trajectory_spans/max:np.float64(1.0) - training/off_policy/trajectory_spans/min:np.float64(1.0) - training/off_policy/trajectory_staleness/mean:np.float64(0.0) - training/off_policy/trajectory_staleness/max:np.float64(0.0) - training/off_policy/trajectory_staleness/min:np.float64(0.0) - training/off_policy/trajectory_staleness_worst/mean:np.float64(0.0) - training/off_policy/trajectory_staleness_worst/max:np.float64(0.0) - training/off_policy/trajectory_staleness_worst/min:np.float64(0.0)
[36m(TaskRunnerV1 pid=859989)[0m step:31 - global_seqlen/min:8771 - global_seqlen/max:8771 - global_seqlen/minmax_diff:0 - global_seqlen/balanced_min:8771 - global_seqlen/balanced_max:8771 - global_seqlen/mean:8771.0 - actor/entropy:0.7878419756889343 - training/rollout_probs_diff_valid:1 - training/rollout_probs_diff_max:0.061037421226501465 - training/rollout_probs_diff_mean:0.00503124762326479 - training/rollout_probs_diff_std:0.008459731936454773 - training/rollout_actor_probs_pearson_corr:0.9996163845062256 - rollout_corr/training_ppl:1.2258033752441406 - rollout_corr/training_log_ppl:0.14447514712810516 - rollout_corr/kl:0.0005073266220279038 - rollout_corr/k3_kl:0.0006551370024681091 - rollout_corr/rollout_ppl:1.2257091999053955 - rollout_corr/rollout_log_ppl:0.14454321563243866 - rollout_corr/log_ppl_diff:-6.807624595239758e-05 - rollout_corr/log_ppl_abs_diff:0.0016123801469802856 - rollout_corr/log_ppl_diff_max:0.014683902263641357 - rollout_corr/log_ppl_diff_min:-0.030829310417175293 - rollout_corr/ppl_ratio:0.99994295835495 - rollout_corr/chi2_token:0.001604914665222168 - rollout_corr/chi2_seq:-0.0009613633155822754 - actor/pg_clipfrac:np.float64(0.0) - actor/ppo_kl:np.float64(0.0) - actor/pg_clipfrac_lower:np.float64(0.0) - actor/pg_loss:np.float64(0.14890813827514648) - actor/loss:np.float64(0.14890813827514648) - actor/grad_norm:np.float64(0.10097702592611313) - actor/lr:np.float64(1e-06) - actor/perf/max_memory_allocated_gb:np.float64(17.23494529724121) - actor/perf/max_memory_reserved_gb:np.float64(29.546875) - actor/perf/cpu_memory_used_gb:np.float64(32.21962356567383) - perf/mfu/actor:np.float64(0.04043818023642434) - training/global_step:31 - training/epoch:0 - critic/score/mean:0.53125 - critic/score/max:1.0 - critic/score/min:0.0 - critic/rewards/mean:0.53125 - critic/rewards/max:1.0 - critic/rewards/min:0.0 - critic/advantages/mean:-0.14890815317630768 - critic/advantages/max:2.4748666286468506 - critic/advantages/min:-1.20761239528656 - critic/returns/mean:-0.14890815317630768 - critic/returns/max:2.4748666286468506 - critic/returns/min:-1.20761239528656 - response_length/mean:151.59375 - response_length/max:512.0 - response_length/min:4.0 - response_length/clip_ratio:0.03125 - response_length_non_aborted/mean:151.59375 - response_length_non_aborted/max:512.0 - response_length_non_aborted/min:4.0 - response_length_non_aborted/clip_ratio:0.03125 - response/aborted_ratio:0.0 - prompt_length/mean:116.5 - prompt_length/max:131.0 - prompt_length/min:99.0 - prompt_length/clip_ratio:0.25 - timing_s/gen:4.433411773003172 - timing_s/old_log_prob:1.335676529968623 - timing_s/adv:0.23364139499608427 - timing_s/update_actor:2.6570526729919948 - timing_s/update_weights:1.1223554020398296 - timing_s/step:10.157370002008975 - timing_per_token_ms/adv:0.026637942651474664 - timing_per_token_ms/update_actor:0.302936115949378 - timing_per_token_ms/gen:0.8961818825557251 - perf/total_num_tokens:8771 - perf/time_per_step:10.157370002008975 - perf/throughput:863.5109283471241 - training/num_turns/mean:np.float64(2.0) - training/num_turns/max:np.int64(2) - training/num_turns/min:np.int64(2) - training/off_policy/trajectory_spans/mean:np.float64(1.0) - training/off_policy/trajectory_spans/max:np.float64(1.0) - training/off_policy/trajectory_spans/min:np.float64(1.0) - training/off_policy/trajectory_staleness/mean:np.float64(0.0) - training/off_policy/trajectory_staleness/max:np.float64(0.0) - training/off_policy/trajectory_staleness/min:np.float64(0.0) - training/off_policy/trajectory_staleness_worst/mean:np.float64(0.0) - training/off_policy/trajectory_staleness_worst/max:np.float64(0.0) - training/off_policy/trajectory_staleness_worst/min:np.float64(0.0)[36m(WorkerDict pid=861242)[0m INFO:2026-07-05 02:04:16,771:update_weights done, time cost: 0.41s
[36m(TaskRunnerV1 pid=859989)[0m Training Progress:  26%|██▌       | 32/125 [05:06<15:47, 10.19s/it]
[36m(WorkerDict pid=861242)[0m INFO:2026-07-05 02:04:26,463:update_weights done, time cost: 0.39s
[36m(TaskRunnerV1 pid=859989)[0m Training Progress:  26%|██▋       | 33/125 [05:16<15:22, 10.03s/it]
[36m(WorkerDict pid=861242)[0m INFO:2026-07-05 02:04:36,522:update_weights done, time cost: 0.38s
[36m(TaskRunnerV1 pid=859989)[0m Training Progress:  27%|██▋       | 34/125 [05:26<15:12, 10.03s/it]

[36m(TaskRunnerV1 pid=859989)[0m step:32 - global_seqlen/min:9002 - global_seqlen/max:9002 - global_seqlen/minmax_diff:0 - global_seqlen/balanced_min:9002 - global_seqlen/balanced_max:9002 - global_seqlen/mean:9002.0 - actor/entropy:0.7541688680648804 - training/rollout_probs_diff_valid:1 - training/rollout_probs_diff_max:0.06419694423675537 - training/rollout_probs_diff_mean:0.004989735782146454 - training/rollout_probs_diff_std:0.008321479894220829 - training/rollout_actor_probs_pearson_corr:0.9996196627616882 - rollout_corr/training_ppl:1.2312026023864746 - rollout_corr/training_log_ppl:0.14620976150035858 - rollout_corr/kl:0.000757811008952558 - rollout_corr/k3_kl:0.00064120814204216 - rollout_corr/rollout_ppl:1.2320735454559326 - rollout_corr/rollout_log_ppl:0.1469484269618988 - rollout_corr/log_ppl_diff:-0.000738677044864744 - rollout_corr/log_ppl_abs_diff:0.0018483669264242053 - rollout_corr/log_ppl_diff_max:0.014043033123016357 - rollout_corr/log_ppl_diff_min:-0.04040031135082245 - rollout_corr/ppl_ratio:0.9992817640304565 - rollout_corr/chi2_token:0.001050114631652832 - rollout_corr/chi2_seq:-0.01497340202331543 - actor/pg_clipfrac:np.float64(0.0) - actor/ppo_kl:np.float64(0.0) - actor/pg_clipfrac_lower:np.float64(0.0) - actor/pg_loss:np.float64(0.3462951183319092) - actor/loss:np.float64(0.3462951183319092) - actor/grad_norm:np.float64(0.1481504738330841) - actor/lr:np.float64(1e-06) - actor/perf/max_memory_allocated_gb:np.float64(17.23494529724121) - actor/perf/max_memory_reserved_gb:np.float64(29.546875) - actor/perf/cpu_memory_used_gb:np.float64(32.22179412841797) - perf/mfu/actor:np.float64(0.04013895982072342) - training/global_step:32 - training/epoch:0 - critic/score/mean:0.375 - critic/score/max:1.0 - critic/score/min:0.0 - critic/rewards/mean:0.375 - critic/rewards/max:1.0 - critic/rewards/min:0.0 - critic/advantages/mean:-0.3462951183319092 - critic/advantages/max:2.4748666286468506 - critic/advantages/min:-1.20761239528656 - critic/returns/mean:-0.3462951183319092 - critic/returns/max:2.4748666286468506 - critic/returns/min:-1.20761239528656 - response_length/mean:162.5625 - response_length/max:512.0 - response_length/min:4.0 - response_length/clip_ratio:0.0625 - response_length_non_aborted/mean:162.5625 - response_length_non_aborted/max:512.0 - response_length_non_aborted/min:4.0 - response_length_non_aborted/clip_ratio:0.0625 - response/aborted_ratio:0.0 - prompt_length/mean:112.75 - prompt_length/max:141.0 - prompt_length/min:102.0 - prompt_length/clip_ratio:0.25 - timing_s/gen:4.414516484015621 - timing_s/old_log_prob:1.354701295029372 - timing_s/adv:0.24200746999122202 - timing_s/update_actor:2.7391024520038627 - timing_s/update_weights:1.216847322997637 - timing_s/step:10.36497115297243 - timing_per_token_ms/adv:0.026883744722419688 - timing_per_token_ms/update_actor:0.30427709975603895 - timing_per_token_ms/gen:0.8332420694631222 - perf/total_num_tokens:9002 - perf/time_per_step:10.36497115297243 - perf/throughput:868.5021759485011 - training/num_turns/mean:np.float64(2.0) - training/num_turns/max:np.int64(2) - training/num_turns/min:np.int64(2) - training/off_policy/trajectory_spans/mean:np.float64(1.0) - training/off_policy/trajectory_spans/max:np.float64(1.0) - training/off_policy/trajectory_spans/min:np.float64(1.0) - training/off_policy/trajectory_staleness/mean:np.float64(0.0) - training/off_policy/trajectory_staleness/max:np.float64(0.0) - training/off_policy/trajectory_staleness/min:np.float64(0.0) - training/off_policy/trajectory_staleness_worst/mean:np.float64(0.0) - training/off_policy/trajectory_staleness_worst/max:np.float64(0.0) - training/off_policy/trajectory_staleness_worst/min:np.float64(0.0)
[36m(TaskRunnerV1 pid=859989)[0m step:33 - global_seqlen/min:6794 - global_seqlen/max:6794 - global_seqlen/minmax_diff:0 - global_seqlen/balanced_min:6794 - global_seqlen/balanced_max:6794 - global_seqlen/mean:6794.0 - actor/entropy:0.48674389719963074 - training/rollout_probs_diff_valid:1 - training/rollout_probs_diff_max:0.0807129442691803 - training/rollout_probs_diff_mean:0.004925228655338287 - training/rollout_probs_diff_std:0.009312232956290245 - training/rollout_actor_probs_pearson_corr:0.9994214773178101 - rollout_corr/training_ppl:1.1095815896987915 - rollout_corr/training_log_ppl:0.08852796256542206 - rollout_corr/kl:-2.305434691152186e-06 - rollout_corr/k3_kl:0.0005250229733064771 - rollout_corr/rollout_ppl:1.109013557434082 - rollout_corr/rollout_log_ppl:0.08802589774131775 - rollout_corr/log_ppl_diff:0.0005020630778744817 - rollout_corr/log_ppl_abs_diff:0.002425967715680599 - rollout_corr/log_ppl_diff_max:0.025938600301742554 - rollout_corr/log_ppl_diff_min:-0.029990673065185547 - rollout_corr/ppl_ratio:1.0005234479904175 - rollout_corr/chi2_token:0.002116560935974121 - rollout_corr/chi2_seq:0.05372476577758789 - actor/pg_clipfrac:np.float64(0.0) - actor/ppo_kl:np.float64(0.0) - actor/pg_clipfrac_lower:np.float64(0.0) - actor/pg_loss:np.float64(-0.6866837739944458) - actor/loss:np.float64(-0.6866837739944458) - actor/grad_norm:np.float64(0.292892187833786) - actor/lr:np.float64(1e-06) - actor/perf/max_memory_allocated_gb:np.float64(17.23494529724121) - actor/perf/max_memory_reserved_gb:np.float64(29.546875) - actor/perf/cpu_memory_used_gb:np.float64(32.20654296875) - perf/mfu/actor:np.float64(0.03936612257195049) - training/global_step:33 - training/epoch:0 - critic/score/mean:0.25 - critic/score/max:1.0 - critic/score/min:0.0 - critic/rewards/mean:0.25 - critic/rewards/max:1.0 - critic/rewards/min:0.0 - critic/advantages/mean:0.6866838932037354 - critic/advantages/max:2.4748666286468506 - critic/advantages/min:-0.935412585735321 - critic/returns/mean:0.6866838932037354 - critic/returns/max:2.4748666286468506 - critic/returns/min:-0.935412585735321 - response_length/mean:76.5625 - response_length/max:477.0 - response_length/min:4.0 - response_length/clip_ratio:0.03125 - response_length_non_aborted/mean:76.5625 - response_length_non_aborted/max:477.0 - response_length_non_aborted/min:4.0 - response_length_non_aborted/clip_ratio:0.03125 - response/aborted_ratio:0.0 - prompt_length/mean:129.75 - prompt_length/max:149.0 - prompt_length/min:109.0 - prompt_length/clip_ratio:0.25 - timing_s/gen:4.415655101009179 - timing_s/old_log_prob:1.1948535039555281 - timing_s/adv:0.23663535999367014 - timing_s/update_actor:2.169786171987653 - timing_s/update_weights:1.1029893779777922 - timing_s/step:9.51814971404383 - timing_per_token_ms/adv:0.034830050043224925 - timing_per_token_ms/update_actor:0.3193679970544087 - timing_per_token_ms/gen:1.734350000396378 - perf/total_num_tokens:6794 - perf/time_per_step:9.51814971404383 - perf/throughput:713.7941936315202 - training/num_turns/mean:np.float64(2.0) - training/num_turns/max:np.int64(2) - training/num_turns/min:np.int64(2) - training/off_policy/trajectory_spans/mean:np.float64(1.0) - training/off_policy/trajectory_spans/max:np.float64(1.0) - training/off_policy/trajectory_spans/min:np.float64(1.0) - training/off_policy/trajectory_staleness/mean:np.float64(0.0) - training/off_policy/trajectory_staleness/max:np.float64(0.0) - training/off_policy/trajectory_staleness/min:np.float64(0.0) - training/off_policy/trajectory_staleness_worst/mean:np.float64(0.0) - training/off_policy/trajectory_staleness_worst/max:np.float64(0.0) - training/off_policy/trajectory_staleness_worst/min:np.float64(0.0)
[36m(TaskRunnerV1 pid=859989)[0m step:34 - global_seqlen/min:8203 - global_seqlen/max:8203 - global_seqlen/minmax_diff:0 - global_seqlen/balanced_min:8203 - global_seqlen/balanced_max:8203 - global_seqlen/mean:8203.0 - actor/entropy:1.0122268199920654 - training/rollout_probs_diff_valid:1 - training/rollout_probs_diff_max:0.09197157621383667 - training/rollout_probs_diff_mean:0.0052345856092870235 - training/rollout_probs_diff_std:0.008804326876997948 - training/rollout_actor_probs_pearson_corr:0.9996156692504883 - rollout_corr/training_ppl:1.3630361557006836 - rollout_corr/training_log_ppl:0.1561461240053177 - rollout_corr/kl:0.0017536820378154516 - rollout_corr/k3_kl:0.0007522386149503291 - rollout_corr/rollout_ppl:1.361844778060913 - rollout_corr/rollout_log_ppl:0.15531562268733978 - rollout_corr/log_ppl_diff:0.0008304996299557388 - rollout_corr/log_ppl_abs_diff:0.002054427517578006 - rollout_corr/log_ppl_diff_max:0.023170262575149536 - rollout_corr/log_ppl_diff_min:-0.05405765771865845 - rollout_corr/ppl_ratio:1.0008535385131836 - rollout_corr/chi2_token:-0.0005099773406982422 - rollout_corr/chi2_seq:-0.03676021099090576 - actor/pg_clipfrac:np.float64(0.0) - actor/ppo_kl:np.float64(0.0) - actor/pg_clipfrac_lower:np.float64(0.0) - actor/pg_loss:np.float64(0.4022921919822693) - actor/loss:np.float64(0.4022921919822693) - actor/grad_norm:np.float64(0.15401779115200043) - actor/lr:np.float64(1e-06) - actor/perf/max_memory_allocated_gb:np.float64(17.23494529724121) - actor/perf/max_memory_reserved_gb:np.float64(29.546875) - actor/perf/cpu_memory_used_gb:np.float64(32.2209587097168) - perf/mfu/actor:np.float64(0.04055178195390675) - training/global_step:34 - training/epoch:0 - critic/score/mean:0.375 - critic/score/max:1.0 - critic/score/min:0.0 - critic/rewards/mean:0.375 - critic/rewards/max:1.0 - critic/rewards/min:0.0 - critic/advantages/mean:-0.4022921621799469 - critic/advantages/max:1.20761239528656 - critic/advantages/min:-0.7245674133300781 - critic/returns/mean:-0.4022921621799469 - critic/returns/max:1.20761239528656 - critic/returns/min:-0.7245674133300781 - response_length/mean:123.09375 - response_length/max:512.0 - response_length/min:4.0 - response_length/clip_ratio:0.03125 - response_length_non_aborted/mean:123.09375 - response_length_non_aborted/max:512.0 - response_length_non_aborted/min:4.0 - response_length_non_aborted/clip_ratio:0.03125 - response/aborted_ratio:0.0 - prompt_length/mean:127.25 - prompt_length/max:167.0 - prompt_length/min:96.0 - prompt_length/clip_ratio:0.25 - timing_s/gen:4.405034946044907 - timing_s/old_log_prob:1.2685821849736385 - timing_s/adv:0.23988869198365137 - timing_s/update_actor:2.4894751679967158 - timing_s/update_weights:1.105402636982035 - timing_s/step:9.900628935021814 - timing_per_token_ms/adv:0.02924401950306612 - timing_per_token_ms/update_actor:0.3034835021329655 - timing_per_token_ms/gen:1.0917063063308319 - perf/total_num_tokens:8203 - perf/time_per_step:9.900628935021814 - perf/throughput:828.5332228726666 - training/num_turns/mean:np.float64(2.0) - training/num_turns/max:np.int64(2) - training/num_turns/min:np.int64(2) - training/off_policy/trajectory_spans/mean:np.float64(1.0) - training/off_policy/trajectory_spans/max:np.float64(1.0) - training/off_policy/trajectory_spans/min:np.float64(1.0) - training/off_policy/trajectory_staleness/mean:np.float64(0.0) - training/off_policy/trajectory_staleness/max:np.float64(0.0) - training/off_policy/trajectory_staleness/min:np.float64(0.0) - training/off_policy/trajectory_staleness_worst/mean:np.float64(0.0) - training/off_policy/trajectory_staleness_worst/max:np.float64(0.0) - training/off_policy/trajectory_staleness_worst/min:np.float64(0.0)[36m(WorkerDict pid=861242)[0m INFO:2026-07-05 02:04:46,057:update_weights done, time cost: 0.37s
[36m(TaskRunnerV1 pid=859989)[0m Training Progress:  28%|██▊       | 35/125 [05:36<14:50,  9.89s/it]
[36m(WorkerDict pid=861242)[0m INFO:2026-07-05 02:04:55,854:update_weights done, time cost: 0.36s
[36m(TaskRunnerV1 pid=859989)[0m Training Progress:  29%|██▉       | 36/125 [05:45<14:37,  9.86s/it]
[36m(WorkerDict pid=861242)[0m INFO:2026-07-05 02:05:05,508:update_weights done, time cost: 0.40s
[36m(TaskRunnerV1 pid=859989)[0m Training Progress:  30%|██▉       | 37/125 [05:55<14:22,  9.81s/it]

[36m(TaskRunnerV1 pid=859989)[0m step:35 - global_seqlen/min:6276 - global_seqlen/max:6276 - global_seqlen/minmax_diff:0 - global_seqlen/balanced_min:6276 - global_seqlen/balanced_max:6276 - global_seqlen/mean:6276.0 - actor/entropy:0.6815521121025085 - training/rollout_probs_diff_valid:1 - training/rollout_probs_diff_max:0.0865204930305481 - training/rollout_probs_diff_mean:0.004695930052548647 - training/rollout_probs_diff_std:0.008481109514832497 - training/rollout_actor_probs_pearson_corr:0.9995980858802795 - rollout_corr/training_ppl:1.1748902797698975 - rollout_corr/training_log_ppl:0.11631811410188675 - rollout_corr/kl:0.0011496134102344513 - rollout_corr/k3_kl:0.0005918373353779316 - rollout_corr/rollout_ppl:1.1721389293670654 - rollout_corr/rollout_log_ppl:0.11457394063472748 - rollout_corr/log_ppl_diff:0.001744177658110857 - rollout_corr/log_ppl_abs_diff:0.002713326830416918 - rollout_corr/log_ppl_diff_max:0.033582985401153564 - rollout_corr/log_ppl_diff_min:-0.01187819242477417 - rollout_corr/ppl_ratio:1.0017703771591187 - rollout_corr/chi2_token:5.4836273193359375e-05 - rollout_corr/chi2_seq:-0.013584613800048828 - actor/pg_clipfrac:np.float64(0.0) - actor/ppo_kl:np.float64(0.0) - actor/pg_clipfrac_lower:np.float64(0.0) - actor/pg_loss:np.float64(0.11771534383296967) - actor/loss:np.float64(0.11771534383296967) - actor/grad_norm:np.float64(0.183652862906456) - actor/lr:np.float64(1e-06) - actor/perf/max_memory_allocated_gb:np.float64(17.23494529724121) - actor/perf/max_memory_reserved_gb:np.float64(29.546875) - actor/perf/cpu_memory_used_gb:np.float64(32.20933532714844) - perf/mfu/actor:np.float64(0.03756602466236416) - training/global_step:35 - training/epoch:0 - critic/score/mean:0.21875 - critic/score/max:1.0 - critic/score/min:0.0 - critic/rewards/mean:0.21875 - critic/rewards/max:1.0 - critic/rewards/min:0.0 - critic/advantages/mean:-0.11771532893180847 - critic/advantages/max:1.20761239528656 - critic/advantages/min:-0.935412585735321 - critic/returns/mean:-0.11771532893180847 - critic/returns/max:1.20761239528656 - critic/returns/min:-0.935412585735321 - response_length/mean:78.875 - response_length/max:512.0 - response_length/min:4.0 - response_length/clip_ratio:0.03125 - response_length_non_aborted/mean:78.875 - response_length_non_aborted/max:512.0 - response_length_non_aborted/min:4.0 - response_length_non_aborted/clip_ratio:0.03125 - response/aborted_ratio:0.0 - prompt_length/mean:111.25 - prompt_length/max:164.0 - prompt_length/min:84.0 - prompt_length/clip_ratio:0.25 - timing_s/gen:4.454150743025821 - timing_s/old_log_prob:1.1532575350138359 - timing_s/adv:0.24244894098956138 - timing_s/update_actor:2.1082329570199363 - timing_s/update_weights:1.0681531539885327 - timing_s/step:9.423572341969702 - timing_per_token_ms/adv:0.03863112507800532 - timing_per_token_ms/update_actor:0.335919846561494 - timing_per_token_ms/gen:1.7000575355060383 - perf/total_num_tokens:6276 - perf/time_per_step:9.423572341969702 - perf/throughput:665.9894753551814 - training/num_turns/mean:np.float64(2.0) - training/num_turns/max:np.int64(2) - training/num_turns/min:np.int64(2) - training/off_policy/trajectory_spans/mean:np.float64(1.0) - training/off_policy/trajectory_spans/max:np.float64(1.0) - training/off_policy/trajectory_spans/min:np.float64(1.0) - training/off_policy/trajectory_staleness/mean:np.float64(0.0) - training/off_policy/trajectory_staleness/max:np.float64(0.0) - training/off_policy/trajectory_staleness/min:np.float64(0.0) - training/off_policy/trajectory_staleness_worst/mean:np.float64(0.0) - training/off_policy/trajectory_staleness_worst/max:np.float64(0.0) - training/off_policy/trajectory_staleness_worst/min:np.float64(0.0)
[36m(TaskRunnerV1 pid=859989)[0m step:36 - global_seqlen/min:7317 - global_seqlen/max:7317 - global_seqlen/minmax_diff:0 - global_seqlen/balanced_min:7317 - global_seqlen/balanced_max:7317 - global_seqlen/mean:7317.0 - actor/entropy:0.6274402737617493 - training/rollout_probs_diff_valid:1 - training/rollout_probs_diff_max:0.0800897479057312 - training/rollout_probs_diff_mean:0.004901872482150793 - training/rollout_probs_diff_std:0.008692367002367973 - training/rollout_actor_probs_pearson_corr:0.9995481967926025 - rollout_corr/training_ppl:1.1584022045135498 - rollout_corr/training_log_ppl:0.11531685292720795 - rollout_corr/kl:0.0012510963715612888 - rollout_corr/k3_kl:0.0005998432752676308 - rollout_corr/rollout_ppl:1.156248927116394 - rollout_corr/rollout_log_ppl:0.11393409967422485 - rollout_corr/log_ppl_diff:0.0013827618677169085 - rollout_corr/log_ppl_abs_diff:0.003085344098508358 - rollout_corr/log_ppl_diff_max:0.06488525867462158 - rollout_corr/log_ppl_diff_min:-0.02121533453464508 - rollout_corr/ppl_ratio:1.0014318227767944 - rollout_corr/chi2_token:-0.00011968612670898438 - rollout_corr/chi2_seq:-0.029219865798950195 - actor/pg_clipfrac:np.float64(0.0) - actor/ppo_kl:np.float64(0.0) - actor/pg_clipfrac_lower:np.float64(0.0) - actor/pg_loss:np.float64(0.5150673985481262) - actor/loss:np.float64(0.5150673985481262) - actor/grad_norm:np.float64(0.2111073136329651) - actor/lr:np.float64(1e-06) - actor/perf/max_memory_allocated_gb:np.float64(17.23494529724121) - actor/perf/max_memory_reserved_gb:np.float64(29.546875) - actor/perf/cpu_memory_used_gb:np.float64(32.224700927734375) - perf/mfu/actor:np.float64(0.039866446202790465) - training/global_step:36 - training/epoch:0 - critic/score/mean:0.375 - critic/score/max:1.0 - critic/score/min:0.0 - critic/rewards/mean:0.375 - critic/rewards/max:1.0 - critic/rewards/min:0.0 - critic/advantages/mean:-0.5150673985481262 - critic/advantages/max:2.4748666286468506 - critic/advantages/min:-1.20761239528656 - critic/returns/mean:-0.5150673985481262 - critic/returns/max:2.4748666286468506 - critic/returns/min:-1.20761239528656 - response_length/mean:109.90625 - response_length/max:512.0 - response_length/min:4.0 - response_length/clip_ratio:0.03125 - response_length_non_aborted/mean:109.90625 - response_length_non_aborted/max:512.0 - response_length_non_aborted/min:4.0 - response_length_non_aborted/clip_ratio:0.03125 - response/aborted_ratio:0.0 - prompt_length/mean:112.75 - prompt_length/max:143.0 - prompt_length/min:81.0 - prompt_length/clip_ratio:0.25 - timing_s/gen:4.431461150001269 - timing_s/old_log_prob:1.214363344013691 - timing_s/adv:0.23619363899342716 - timing_s/update_actor:2.2839046249864623 - timing_s/update_weights:1.0947415509726852 - timing_s/step:9.663018742983695 - timing_per_token_ms/adv:0.032280120130303014 - timing_per_token_ms/update_actor:0.31213675344901765 - timing_per_token_ms/gen:1.226532286189114 - perf/total_num_tokens:7317 - perf/time_per_step:9.663018742983695 - perf/throughput:757.2167864532876 - training/num_turns/mean:np.float64(2.0) - training/num_turns/max:np.int64(2) - training/num_turns/min:np.int64(2) - training/off_policy/trajectory_spans/mean:np.float64(1.0) - training/off_policy/trajectory_spans/max:np.float64(1.0) - training/off_policy/trajectory_spans/min:np.float64(1.0) - training/off_policy/trajectory_staleness/mean:np.float64(0.0) - training/off_policy/trajectory_staleness/max:np.float64(0.0) - training/off_policy/trajectory_staleness/min:np.float64(0.0) - training/off_policy/trajectory_staleness_worst/mean:np.float64(0.0) - training/off_policy/trajectory_staleness_worst/max:np.float64(0.0) - training/off_policy/trajectory_staleness_worst/min:np.float64(0.0)
[36m(TaskRunnerV1 pid=859989)[0m step:37 - global_seqlen/min:6501 - global_seqlen/max:6501 - global_seqlen/minmax_diff:0 - global_seqlen/balanced_min:6501 - global_seqlen/balanced_max:6501 - global_seqlen/mean:6501.0 - actor/entropy:0.8859928846359253 - training/rollout_probs_diff_valid:1 - training/rollout_probs_diff_max:0.08108741044998169 - training/rollout_probs_diff_mean:0.005025268066674471 - training/rollout_probs_diff_std:0.008634512312710285 - training/rollout_actor_probs_pearson_corr:0.9996134638786316 - rollout_corr/training_ppl:1.15956711769104 - rollout_corr/training_log_ppl:0.10008284449577332 - rollout_corr/kl:9.665230754762888e-05 - rollout_corr/k3_kl:0.0006126710213720798 - rollout_corr/rollout_ppl:1.1566903591156006 - rollout_corr/rollout_log_ppl:0.09839864075183868 - rollout_corr/log_ppl_diff:0.0016842202749103308 - rollout_corr/log_ppl_abs_diff:0.002502692397683859 - rollout_corr/log_ppl_diff_max:0.06491351127624512 - rollout_corr/log_ppl_diff_min:-0.018118679523468018 - rollout_corr/ppl_ratio:1.001722812652588 - rollout_corr/chi2_token:0.002268671989440918 - rollout_corr/chi2_seq:0.07109832763671875 - actor/pg_clipfrac:np.float64(0.0) - actor/ppo_kl:np.float64(0.0) - actor/pg_clipfrac_lower:np.float64(0.0) - actor/pg_loss:np.float64(-0.6261430978775024) - actor/loss:np.float64(-0.6261430978775024) - actor/grad_norm:np.float64(0.31225353479385376) - actor/lr:np.float64(1e-06) - actor/perf/max_memory_allocated_gb:np.float64(17.23494529724121) - actor/perf/max_memory_reserved_gb:np.float64(29.546875) - actor/perf/cpu_memory_used_gb:np.float64(32.222991943359375) - perf/mfu/actor:np.float64(0.03753593070668069) - training/global_step:37 - training/epoch:0 - critic/score/mean:0.15625 - critic/score/max:1.0 - critic/score/min:0.0 - critic/rewards/mean:0.15625 - critic/rewards/max:1.0 - critic/rewards/min:0.0 - critic/advantages/mean:0.6261431574821472 - critic/advantages/max:2.4748666286468506 - critic/advantages/min:-0.5400605201721191 - critic/returns/mean:0.6261431574821472 - critic/returns/max:2.4748666286468506 - critic/returns/min:-0.5400605201721191 - response_length/mean:75.65625 - response_length/max:512.0 - response_length/min:4.0 - response_length/clip_ratio:0.0625 - response_length_non_aborted/mean:75.65625 - response_length_non_aborted/max:512.0 - response_length_non_aborted/min:4.0 - response_length_non_aborted/clip_ratio:0.0625 - response/aborted_ratio:0.0 - prompt_length/mean:121.5 - prompt_length/max:143.0 - prompt_length/min:97.0 - prompt_length/clip_ratio:0.25 - timing_s/gen:4.412777798017487 - timing_s/old_log_prob:1.1736339909839444 - timing_s/adv:0.23762033600360155 - timing_s/update_actor:2.1716818119748496 - timing_s/update_weights:1.1429350019898266 - timing_s/step:9.534127174003515 - timing_per_token_ms/adv:0.036551351484941014 - timing_per_token_ms/update_actor:0.33405350130362244 - timing_per_token_ms/gen:1.7531894310756801 - perf/total_num_tokens:6501 - perf/time_per_step:9.534127174003515 - perf/throughput:681.866297916198 - training/num_turns/mean:np.float64(2.0) - training/num_turns/max:np.int64(2) - training/num_turns/min:np.int64(2) - training/off_policy/trajectory_spans/mean:np.float64(1.0) - training/off_policy/trajectory_spans/max:np.float64(1.0) - training/off_policy/trajectory_spans/min:np.float64(1.0) - training/off_policy/trajectory_staleness/mean:np.float64(0.0) - training/off_policy/trajectory_staleness/max:np.float64(0.0) - training/off_policy/trajectory_staleness/min:np.float64(0.0) - training/off_policy/trajectory_staleness_worst/mean:np.float64(0.0) - training/off_policy/trajectory_staleness_worst/max:np.float64(0.0) - training/off_policy/trajectory_staleness_worst/min:np.float64(0.0)[36m(WorkerDict pid=861242)[0m INFO:2026-07-05 02:05:13,010:update_weights done, time cost: 0.37s
[36m(TaskRunnerV1 pid=859989)[0m Training Progress:  30%|███       | 38/125 [06:03<13:12,  9.11s/it]
[36m(WorkerDict pid=861242)[0m INFO:2026-07-05 02:05:20,403:update_weights done, time cost: 0.35s
[36m(TaskRunnerV1 pid=859989)[0m Training Progress:  31%|███       | 39/125 [06:10<12:18,  8.59s/it]
[36m(WorkerDict pid=861242)[0m INFO:2026-07-05 02:05:30,174:update_weights done, time cost: 0.42s
[36m(TaskRunnerV1 pid=859989)[0m Training Progress:  32%|███▏      | 40/125 [06:20<12:41,  8.95s/it]

[36m(TaskRunnerV1 pid=859989)[0m step:38 - global_seqlen/min:6117 - global_seqlen/max:6117 - global_seqlen/minmax_diff:0 - global_seqlen/balanced_min:6117 - global_seqlen/balanced_max:6117 - global_seqlen/mean:6117.0 - actor/entropy:0.939587414264679 - training/rollout_probs_diff_valid:1 - training/rollout_probs_diff_max:0.060622334480285645 - training/rollout_probs_diff_mean:0.005510117392987013 - training/rollout_probs_diff_std:0.008972755633294582 - training/rollout_actor_probs_pearson_corr:0.9995855689048767 - rollout_corr/training_ppl:1.6623919010162354 - rollout_corr/training_log_ppl:0.16372235119342804 - rollout_corr/kl:0.0004228914331179112 - rollout_corr/k3_kl:0.0007663738215342164 - rollout_corr/rollout_ppl:1.6577831506729126 - rollout_corr/rollout_log_ppl:0.16239768266677856 - rollout_corr/log_ppl_diff:0.0013246691087260842 - rollout_corr/log_ppl_abs_diff:0.0028365354519337416 - rollout_corr/log_ppl_diff_max:0.03317829966545105 - rollout_corr/log_ppl_diff_min:-0.02422875165939331 - rollout_corr/ppl_ratio:1.001352071762085 - rollout_corr/chi2_token:0.0022238492965698242 - rollout_corr/chi2_seq:0.013623595237731934 - actor/pg_clipfrac:np.float64(0.0) - actor/ppo_kl:np.float64(0.0) - actor/pg_clipfrac_lower:np.float64(0.0) - actor/pg_loss:np.float64(0.36982956528663635) - actor/loss:np.float64(0.36982956528663635) - actor/grad_norm:np.float64(0.3063305914402008) - actor/lr:np.float64(1e-06) - actor/perf/max_memory_allocated_gb:np.float64(17.23494529724121) - actor/perf/max_memory_reserved_gb:np.float64(29.546875) - actor/perf/cpu_memory_used_gb:np.float64(32.22216796875) - perf/mfu/actor:np.float64(0.03667492186074133) - training/global_step:38 - training/epoch:0 - critic/score/mean:0.34375 - critic/score/max:1.0 - critic/score/min:0.0 - critic/rewards/mean:0.34375 - critic/rewards/max:1.0 - critic/rewards/min:0.0 - critic/advantages/mean:-0.3698296546936035 - critic/advantages/max:2.4748666286468506 - critic/advantages/min:-1.6201815605163574 - critic/returns/mean:-0.3698296546936035 - critic/returns/max:2.4748666286468506 - critic/returns/min:-1.6201815605163574 - response_length/mean:66.15625 - response_length/max:419.0 - response_length/min:4.0 - response_length/clip_ratio:0.03125 - response_length_non_aborted/mean:66.15625 - response_length_non_aborted/max:419.0 - response_length_non_aborted/min:4.0 - response_length_non_aborted/clip_ratio:0.03125 - response/aborted_ratio:0.0 - prompt_length/mean:119.0 - prompt_length/max:147.0 - prompt_length/min:93.0 - prompt_length/clip_ratio:0.25 - timing_s/gen:2.394939918012824 - timing_s/old_log_prob:1.1258884069975466 - timing_s/adv:0.2360374559648335 - timing_s/update_actor:2.1004841009853408 - timing_s/update_weights:1.0957351630204357 - timing_s/step:7.350916324008722 - timing_per_token_ms/adv:0.038587127017301534 - timing_per_token_ms/update_actor:0.343384682194759 - timing_per_token_ms/gen:1.0822141518358896 - perf/total_num_tokens:6117 - perf/time_per_step:7.350916324008722 - perf/throughput:832.1411549770135 - training/num_turns/mean:np.float64(2.0) - training/num_turns/max:np.int64(2) - training/num_turns/min:np.int64(2) - training/off_policy/trajectory_spans/mean:np.float64(1.0) - training/off_policy/trajectory_spans/max:np.float64(1.0) - training/off_policy/trajectory_spans/min:np.float64(1.0) - training/off_policy/trajectory_staleness/mean:np.float64(0.0) - training/off_policy/trajectory_staleness/max:np.float64(0.0) - training/off_policy/trajectory_staleness/min:np.float64(0.0) - training/off_policy/trajectory_staleness_worst/mean:np.float64(0.0) - training/off_policy/trajectory_staleness_worst/max:np.float64(0.0) - training/off_policy/trajectory_staleness_worst/min:np.float64(0.0)
[36m(TaskRunnerV1 pid=859989)[0m step:39 - global_seqlen/min:5631 - global_seqlen/max:5631 - global_seqlen/minmax_diff:0 - global_seqlen/balanced_min:5631 - global_seqlen/balanced_max:5631 - global_seqlen/mean:5631.0 - actor/entropy:0.7759989500045776 - training/rollout_probs_diff_valid:1 - training/rollout_probs_diff_max:0.0621335506439209 - training/rollout_probs_diff_mean:0.004756394308060408 - training/rollout_probs_diff_std:0.008252245374023914 - training/rollout_actor_probs_pearson_corr:0.9996477365493774 - rollout_corr/training_ppl:1.2238680124282837 - rollout_corr/training_log_ppl:0.14289118349552155 - rollout_corr/kl:0.0017643795581534505 - rollout_corr/k3_kl:0.0005802332307212055 - rollout_corr/rollout_ppl:1.2217977046966553 - rollout_corr/rollout_log_ppl:0.14220239222049713 - rollout_corr/log_ppl_diff:0.0006887965137138963 - rollout_corr/log_ppl_abs_diff:0.002676253207027912 - rollout_corr/log_ppl_diff_max:0.04607284069061279 - rollout_corr/log_ppl_diff_min:-0.02395644783973694 - rollout_corr/ppl_ratio:1.0007208585739136 - rollout_corr/chi2_token:-0.0012159347534179688 - rollout_corr/chi2_seq:-0.0351332426071167 - actor/pg_clipfrac:np.float64(0.0) - actor/ppo_kl:np.float64(0.0) - actor/pg_clipfrac_lower:np.float64(0.0) - actor/pg_loss:np.float64(-0.27438434958457947) - actor/loss:np.float64(-0.27438434958457947) - actor/grad_norm:np.float64(0.20809482038021088) - actor/lr:np.float64(1e-06) - actor/perf/max_memory_allocated_gb:np.float64(17.23494529724121) - actor/perf/max_memory_reserved_gb:np.float64(29.546875) - actor/perf/cpu_memory_used_gb:np.float64(32.22502517700195) - perf/mfu/actor:np.float64(0.0346758029825191) - training/global_step:39 - training/epoch:0 - critic/score/mean:0.1875 - critic/score/max:1.0 - critic/score/min:0.0 - critic/rewards/mean:0.1875 - critic/rewards/max:1.0 - critic/rewards/min:0.0 - critic/advantages/mean:0.27438437938690186 - critic/advantages/max:2.4748666286468506 - critic/advantages/min:-0.7245674133300781 - critic/returns/mean:0.27438437938690186 - critic/returns/max:2.4748666286468506 - critic/returns/min:-0.7245674133300781 - response_length/mean:70.21875 - response_length/max:394.0 - response_length/min:4.0 - response_length/clip_ratio:0.03125 - response_length_non_aborted/mean:70.21875 - response_length_non_aborted/max:394.0 - response_length_non_aborted/min:4.0 - response_length_non_aborted/clip_ratio:0.03125 - response/aborted_ratio:0.0 - prompt_length/mean:99.75 - prompt_length/max:108.0 - prompt_length/min:94.0 - prompt_length/clip_ratio:0.25 - timing_s/gen:2.3927904539741576 - timing_s/old_log_prob:1.127807202981785 - timing_s/adv:0.2344744709553197 - timing_s/update_actor:2.0560947880148888 - timing_s/update_weights:1.0224380269646645 - timing_s/step:7.224552511994261 - timing_per_token_ms/adv:0.041639934461964075 - timing_per_token_ms/update_actor:0.3651384812670731 - timing_per_token_ms/gen:1.0212507272616977 - perf/total_num_tokens:5631 - perf/time_per_step:7.224552511994261 - perf/throughput:779.4254371674049 - training/num_turns/mean:np.float64(2.0) - training/num_turns/max:np.int64(2) - training/num_turns/min:np.int64(2) - training/off_policy/trajectory_spans/mean:np.float64(1.0) - training/off_policy/trajectory_spans/max:np.float64(1.0) - training/off_policy/trajectory_spans/min:np.float64(1.0) - training/off_policy/trajectory_staleness/mean:np.float64(0.0) - training/off_policy/trajectory_staleness/max:np.float64(0.0) - training/off_policy/trajectory_staleness/min:np.float64(0.0) - training/off_policy/trajectory_staleness_worst/mean:np.float64(0.0) - training/off_policy/trajectory_staleness_worst/max:np.float64(0.0) - training/off_policy/trajectory_staleness_worst/min:np.float64(0.0)
[36m(TaskRunnerV1 pid=859989)[0m step:40 - global_seqlen/min:5735 - global_seqlen/max:5735 - global_seqlen/minmax_diff:0 - global_seqlen/balanced_min:5735 - global_seqlen/balanced_max:5735 - global_seqlen/mean:5735.0 - actor/entropy:0.7907326221466064 - training/rollout_probs_diff_valid:1 - training/rollout_probs_diff_max:0.062155455350875854 - training/rollout_probs_diff_mean:0.005835013929754496 - training/rollout_probs_diff_std:0.00935432594269514 - training/rollout_actor_probs_pearson_corr:0.9994877576828003 - rollout_corr/training_ppl:1.3243063688278198 - rollout_corr/training_log_ppl:0.16633380949497223 - rollout_corr/kl:0.0004932751762680709 - rollout_corr/k3_kl:0.0007442360511049628 - rollout_corr/rollout_ppl:1.3232775926589966 - rollout_corr/rollout_log_ppl:0.16626134514808655 - rollout_corr/log_ppl_diff:7.246749009937048e-05 - rollout_corr/log_ppl_abs_diff:0.0018831650959327817 - rollout_corr/log_ppl_diff_max:0.03545039892196655 - rollout_corr/log_ppl_diff_min:-0.03892248868942261 - rollout_corr/ppl_ratio:1.0000903606414795 - rollout_corr/chi2_token:0.0020145177841186523 - rollout_corr/chi2_seq:0.035842061042785645 - actor/pg_clipfrac:np.float64(0.0) - actor/ppo_kl:np.float64(0.0) - actor/pg_clipfrac_lower:np.float64(0.0) - actor/pg_loss:np.float64(-0.23659026622772217) - actor/loss:np.float64(-0.23659026622772217) - actor/grad_norm:np.float64(0.24750499427318573) - actor/lr:np.float64(1e-06) - actor/perf/max_memory_allocated_gb:np.float64(17.23494529724121) - actor/perf/max_memory_reserved_gb:np.float64(29.546875) - actor/perf/cpu_memory_used_gb:np.float64(32.22315216064453) - perf/mfu/actor:np.float64(0.03507141563893702) - training/global_step:40 - training/epoch:0 - critic/score/mean:0.3125 - critic/score/max:1.0 - critic/score/min:0.0 - critic/rewards/mean:0.3125 - critic/rewards/max:1.0 - critic/rewards/min:0.0 - critic/advantages/mean:0.23659032583236694 - critic/advantages/max:1.6201815605163574 - critic/advantages/min:-0.7245674133300781 - critic/returns/mean:0.23659032583236694 - critic/returns/max:1.6201815605163574 - critic/returns/min:-0.7245674133300781 - response_length/mean:65.46875 - response_length/max:486.0 - response_length/min:4.0 - response_length/clip_ratio:0.03125 - response_length_non_aborted/mean:65.46875 - response_length_non_aborted/max:486.0 - response_length_non_aborted/min:4.0 - response_length_non_aborted/clip_ratio:0.03125 - response/aborted_ratio:0.0 - prompt_length/mean:107.75 - prompt_length/max:120.0 - prompt_length/min:92.0 - prompt_length/clip_ratio:0.25 - timing_s/gen:4.413408516033087 - timing_s/old_log_prob:1.1294941729865968 - timing_s/adv:0.23893045395379886 - timing_s/update_actor:2.064037094009109 - timing_s/update_weights:1.1423678899882361 - timing_s/step:9.679786510998383 - timing_per_token_ms/adv:0.041661805397349407 - timing_per_token_ms/update_actor:0.3599018472552936 - timing_per_token_ms/gen:2.01433524237019 - perf/total_num_tokens:5735 - perf/time_per_step:9.679786510998383 - perf/throughput:592.4717444422735 - training/num_turns/mean:np.float64(2.0) - training/num_turns/max:np.int64(2) - training/num_turns/min:np.int64(2) - training/off_policy/trajectory_spans/mean:np.float64(1.0) - training/off_policy/trajectory_spans/max:np.float64(1.0) - training/off_policy/trajectory_spans/min:np.float64(1.0) - training/off_policy/trajectory_staleness/mean:np.float64(0.0) - training/off_policy/trajectory_staleness/max:np.float64(0.0) - training/off_policy/trajectory_staleness/min:np.float64(0.0) - training/off_policy/trajectory_staleness_worst/mean:np.float64(0.0) - training/off_policy/trajectory_staleness_worst/max:np.float64(0.0) - training/off_policy/trajectory_staleness_worst/min:np.float64(0.0)[36m(WorkerDict pid=861242)[0m INFO:2026-07-05 02:05:40,631:update_weights done, time cost: 0.39s
[36m(TaskRunnerV1 pid=859989)[0m Training Progress:  33%|███▎      | 41/125 [06:30<13:09,  9.40s/it]
[36m(WorkerDict pid=861242)[0m INFO:2026-07-05 02:05:50,991:update_weights done, time cost: 0.41s
[36m(TaskRunnerV1 pid=859989)[0m Training Progress:  34%|███▎      | 42/125 [06:40<13:23,  9.68s/it]
[36m(WorkerDict pid=861242)[0m INFO:2026-07-05 02:06:00,797:update_weights done, time cost: 0.37s
[36m(TaskRunnerV1 pid=859989)[0m Training Progress:  34%|███▍      | 43/125 [06:50<13:17,  9.72s/it]

[36m(TaskRunnerV1 pid=859989)[0m step:41 - global_seqlen/min:9145 - global_seqlen/max:9145 - global_seqlen/minmax_diff:0 - global_seqlen/balanced_min:9145 - global_seqlen/balanced_max:9145 - global_seqlen/mean:9145.0 - actor/entropy:0.6940377950668335 - training/rollout_probs_diff_valid:1 - training/rollout_probs_diff_max:0.06112226843833923 - training/rollout_probs_diff_mean:0.005446004681289196 - training/rollout_probs_diff_std:0.009029350243508816 - training/rollout_actor_probs_pearson_corr:0.9995275735855103 - rollout_corr/training_ppl:1.2284151315689087 - rollout_corr/training_log_ppl:0.14230601489543915 - rollout_corr/kl:0.0005476890364661813 - rollout_corr/k3_kl:0.0006771410116925836 - rollout_corr/rollout_ppl:1.2296760082244873 - rollout_corr/rollout_log_ppl:0.14300291240215302 - rollout_corr/log_ppl_diff:-0.0006969202077016234 - rollout_corr/log_ppl_abs_diff:0.002527574310079217 - rollout_corr/log_ppl_diff_max:0.02780410647392273 - rollout_corr/log_ppl_diff_min:-0.039018064737319946 - rollout_corr/ppl_ratio:0.9993298649787903 - rollout_corr/chi2_token:0.001619577407836914 - rollout_corr/chi2_seq:0.11389672756195068 - actor/pg_clipfrac:np.float64(0.0) - actor/ppo_kl:np.float64(0.0) - actor/pg_clipfrac_lower:np.float64(0.0) - actor/pg_loss:np.float64(0.26749810576438904) - actor/loss:np.float64(0.26749810576438904) - actor/grad_norm:np.float64(0.14666742086410522) - actor/lr:np.float64(1e-06) - actor/perf/max_memory_allocated_gb:np.float64(17.23494529724121) - actor/perf/max_memory_reserved_gb:np.float64(29.546875) - actor/perf/cpu_memory_used_gb:np.float64(32.249874114990234) - perf/mfu/actor:np.float64(0.040502413806990906) - training/global_step:41 - training/epoch:0 - critic/score/mean:0.3125 - critic/score/max:1.0 - critic/score/min:0.0 - critic/rewards/mean:0.3125 - critic/rewards/max:1.0 - critic/rewards/min:0.0 - critic/advantages/mean:-0.26749807596206665 - critic/advantages/max:1.6201815605163574 - critic/advantages/min:-0.7245674133300781 - critic/returns/mean:-0.26749807596206665 - critic/returns/max:1.6201815605163574 - critic/returns/min:-0.7245674133300781 - response_length/mean:168.28125 - response_length/max:512.0 - response_length/min:4.0 - response_length/clip_ratio:0.09375 - response_length_non_aborted/mean:168.28125 - response_length_non_aborted/max:512.0 - response_length_non_aborted/min:4.0 - response_length_non_aborted/clip_ratio:0.09375 - response/aborted_ratio:0.0 - prompt_length/mean:111.5 - prompt_length/max:152.0 - prompt_length/min:90.0 - prompt_length/clip_ratio:0.25 - timing_s/gen:4.398586238967255 - timing_s/old_log_prob:1.3406890309997834 - timing_s/adv:0.23910478397738189 - timing_s/update_actor:2.747890302038286 - timing_s/update_weights:1.1761331599554978 - timing_s/step:10.31033374601975 - timing_per_token_ms/adv:0.026145957788669426 - timing_per_token_ms/update_actor:0.30048007676744515 - timing_per_token_ms/gen:0.8025152780454762 - perf/total_num_tokens:9145 - perf/time_per_step:10.31033374601975 - perf/throughput:886.9741974676987 - training/num_turns/mean:np.float64(2.0) - training/num_turns/max:np.int64(2) - training/num_turns/min:np.int64(2) - training/off_policy/trajectory_spans/mean:np.float64(1.0) - training/off_policy/trajectory_spans/max:np.float64(1.0) - training/off_policy/trajectory_spans/min:np.float64(1.0) - training/off_policy/trajectory_staleness/mean:np.float64(0.0) - training/off_policy/trajectory_staleness/max:np.float64(0.0) - training/off_policy/trajectory_staleness/min:np.float64(0.0) - training/off_policy/trajectory_staleness_worst/mean:np.float64(0.0) - training/off_policy/trajectory_staleness_worst/max:np.float64(0.0) - training/off_policy/trajectory_staleness_worst/min:np.float64(0.0)
[36m(TaskRunnerV1 pid=859989)[0m step:42 - global_seqlen/min:8640 - global_seqlen/max:8640 - global_seqlen/minmax_diff:0 - global_seqlen/balanced_min:8640 - global_seqlen/balanced_max:8640 - global_seqlen/mean:8640.0 - actor/entropy:0.6007376909255981 - training/rollout_probs_diff_valid:1 - training/rollout_probs_diff_max:0.08994650840759277 - training/rollout_probs_diff_mean:0.004893135279417038 - training/rollout_probs_diff_std:0.00890425592660904 - training/rollout_actor_probs_pearson_corr:0.9995251297950745 - rollout_corr/training_ppl:1.1659154891967773 - rollout_corr/training_log_ppl:0.11149504780769348 - rollout_corr/kl:-0.0007034320733509958 - rollout_corr/k3_kl:0.0005863357800990343 - rollout_corr/rollout_ppl:1.1665080785751343 - rollout_corr/rollout_log_ppl:0.11167705059051514 - rollout_corr/log_ppl_diff:-0.00018200138583779335 - rollout_corr/log_ppl_abs_diff:0.002756670117378235 - rollout_corr/log_ppl_diff_max:0.030704155564308167 - rollout_corr/log_ppl_diff_min:-0.08239975571632385 - rollout_corr/ppl_ratio:0.9998631477355957 - rollout_corr/chi2_token:0.003773331642150879 - rollout_corr/chi2_seq:0.22100985050201416 - actor/pg_clipfrac:np.float64(0.0) - actor/ppo_kl:np.float64(0.0) - actor/pg_clipfrac_lower:np.float64(0.0) - actor/pg_loss:np.float64(0.0036720032803714275) - actor/loss:np.float64(0.0036720032803714275) - actor/grad_norm:np.float64(0.17235428094863892) - actor/lr:np.float64(1e-06) - actor/perf/max_memory_allocated_gb:np.float64(17.23494529724121) - actor/perf/max_memory_reserved_gb:np.float64(29.546875) - actor/perf/cpu_memory_used_gb:np.float64(32.24956512451172) - perf/mfu/actor:np.float64(0.040133153797265224) - training/global_step:42 - training/epoch:0 - critic/score/mean:0.4375 - critic/score/max:1.0 - critic/score/min:0.0 - critic/rewards/mean:0.4375 - critic/rewards/max:1.0 - critic/rewards/min:0.0 - critic/advantages/mean:-0.0036719494964927435 - critic/advantages/max:2.4748666286468506 - critic/advantages/min:-1.6201815605163574 - critic/returns/mean:-0.0036719494964927435 - critic/returns/max:2.4748666286468506 - critic/returns/min:-1.6201815605163574 - response_length/mean:127.25 - response_length/max:512.0 - response_length/min:4.0 - response_length/clip_ratio:0.09375 - response_length_non_aborted/mean:127.25 - response_length_non_aborted/max:512.0 - response_length_non_aborted/min:4.0 - response_length_non_aborted/clip_ratio:0.09375 - response/aborted_ratio:0.0 - prompt_length/mean:136.75 - prompt_length/max:164.0 - prompt_length/min:86.0 - prompt_length/clip_ratio:0.25 - timing_s/gen:4.413195827975869 - timing_s/old_log_prob:1.3316757770371623 - timing_s/adv:0.23979294899618253 - timing_s/update_actor:2.6353230759850703 - timing_s/update_weights:1.1826383679872379 - timing_s/step:10.19561486900784 - timing_per_token_ms/adv:0.02775381354122483 - timing_per_token_ms/update_actor:0.3050142449056794 - timing_per_token_ms/gen:1.0588281736986251 - perf/total_num_tokens:8640 - perf/time_per_step:10.19561486900784 - perf/throughput:847.4231432832436 - training/num_turns/mean:np.float64(2.0) - training/num_turns/max:np.int64(2) - training/num_turns/min:np.int64(2) - training/off_policy/trajectory_spans/mean:np.float64(1.0) - training/off_policy/trajectory_spans/max:np.float64(1.0) - training/off_policy/trajectory_spans/min:np.float64(1.0) - training/off_policy/trajectory_staleness/mean:np.float64(0.0) - training/off_policy/trajectory_staleness/max:np.float64(0.0) - training/off_policy/trajectory_staleness/min:np.float64(0.0) - training/off_policy/trajectory_staleness_worst/mean:np.float64(0.0) - training/off_policy/trajectory_staleness_worst/max:np.float64(0.0) - training/off_policy/trajectory_staleness_worst/min:np.float64(0.0)
[36m(TaskRunnerV1 pid=859989)[0m step:43 - global_seqlen/min:7228 - global_seqlen/max:7228 - global_seqlen/minmax_diff:0 - global_seqlen/balanced_min:7228 - global_seqlen/balanced_max:7228 - global_seqlen/mean:7228.0 - actor/entropy:0.7003970742225647 - training/rollout_probs_diff_valid:1 - training/rollout_probs_diff_max:0.08651465177536011 - training/rollout_probs_diff_mean:0.00413933303207159 - training/rollout_probs_diff_std:0.008098306134343147 - training/rollout_actor_probs_pearson_corr:0.9996638894081116 - rollout_corr/training_ppl:1.203735589981079 - rollout_corr/training_log_ppl:0.1347091794013977 - rollout_corr/kl:0.0006454313988797367 - rollout_corr/k3_kl:0.0005429094890132546 - rollout_corr/rollout_ppl:1.203916072845459 - rollout_corr/rollout_log_ppl:0.13489876687526703 - rollout_corr/log_ppl_diff:-0.00018958980217576027 - rollout_corr/log_ppl_abs_diff:0.002921867184340954 - rollout_corr/log_ppl_diff_max:0.03310889005661011 - rollout_corr/log_ppl_diff_min:-0.04297122359275818 - rollout_corr/ppl_ratio:0.9998446106910706 - rollout_corr/chi2_token:0.0008796453475952148 - rollout_corr/chi2_seq:0.006834268569946289 - actor/pg_clipfrac:np.float64(0.0) - actor/ppo_kl:np.float64(0.0) - actor/pg_clipfrac_lower:np.float64(0.0) - actor/pg_loss:np.float64(-0.46956536173820496) - actor/loss:np.float64(-0.46956536173820496) - actor/grad_norm:np.float64(0.20625412464141846) - actor/lr:np.float64(1e-06) - actor/perf/max_memory_allocated_gb:np.float64(17.23494529724121) - actor/perf/max_memory_reserved_gb:np.float64(29.546875) - actor/perf/cpu_memory_used_gb:np.float64(32.24775695800781) - perf/mfu/actor:np.float64(0.03933491709378928) - training/global_step:43 - training/epoch:0 - critic/score/mean:0.25 - critic/score/max:1.0 - critic/score/min:0.0 - critic/rewards/mean:0.25 - critic/rewards/max:1.0 - critic/rewards/min:0.0 - critic/advantages/mean:0.4695654809474945 - critic/advantages/max:2.4748666286468506 - critic/advantages/min:-1.20761239528656 - critic/returns/mean:0.4695654809474945 - critic/returns/max:2.4748666286468506 - critic/returns/min:-1.20761239528656 - response_length/mean:89.875 - response_length/max:512.0 - response_length/min:4.0 - response_length/clip_ratio:0.09375 - response_length_non_aborted/mean:89.875 - response_length_non_aborted/max:512.0 - response_length_non_aborted/min:4.0 - response_length_non_aborted/clip_ratio:0.09375 - response/aborted_ratio:0.0 - prompt_length/mean:130.0 - prompt_length/max:174.0 - prompt_length/min:90.0 - prompt_length/clip_ratio:0.25 - timing_s/gen:4.4458766499883495 - timing_s/old_log_prob:1.194812309986446 - timing_s/adv:0.23832702299114317 - timing_s/update_actor:2.2929931440157816 - timing_s/update_weights:1.1055724879843183 - timing_s/step:9.674663515994325 - timing_per_token_ms/adv:0.03297274806186264 - timing_per_token_ms/update_actor:0.31723756834750716 - timing_per_token_ms/gen:1.4959208108978297 - perf/total_num_tokens:7228 - perf/time_per_step:9.674663515994325 - perf/throughput:747.1060867440549 - training/num_turns/mean:np.float64(2.0) - training/num_turns/max:np.int64(2) - training/num_turns/min:np.int64(2) - training/off_policy/trajectory_spans/mean:np.float64(1.0) - training/off_policy/trajectory_spans/max:np.float64(1.0) - training/off_policy/trajectory_spans/min:np.float64(1.0) - training/off_policy/trajectory_staleness/mean:np.float64(0.0) - training/off_policy/trajectory_staleness/max:np.float64(0.0) - training/off_policy/trajectory_staleness/min:np.float64(0.0) - training/off_policy/trajectory_staleness_worst/mean:np.float64(0.0) - training/off_policy/trajectory_staleness_worst/max:np.float64(0.0) - training/off_policy/trajectory_staleness_worst/min:np.float64(0.0)[36m(WorkerDict pid=861242)[0m INFO:2026-07-05 02:06:10,488:update_weights done, time cost: 0.36s
[36m(TaskRunnerV1 pid=859989)[0m Training Progress:  35%|███▌      | 44/125 [07:00<13:06,  9.71s/it]
[36m(WorkerDict pid=861242)[0m INFO:2026-07-05 02:06:19,970:update_weights done, time cost: 0.41s
[36m(TaskRunnerV1 pid=859989)[0m Training Progress:  36%|███▌      | 45/125 [07:09<12:52,  9.65s/it]
[36m(WorkerDict pid=861242)[0m INFO:2026-07-05 02:06:29,834:update_weights done, time cost: 0.39s
[36m(TaskRunnerV1 pid=859989)[0m Training Progress:  37%|███▋      | 46/125 [07:19<12:47,  9.71s/it]

[36m(TaskRunnerV1 pid=859989)[0m step:44 - global_seqlen/min:6906 - global_seqlen/max:6906 - global_seqlen/minmax_diff:0 - global_seqlen/balanced_min:6906 - global_seqlen/balanced_max:6906 - global_seqlen/mean:6906.0 - actor/entropy:0.8562644124031067 - training/rollout_probs_diff_valid:1 - training/rollout_probs_diff_max:0.056669652462005615 - training/rollout_probs_diff_mean:0.004974702373147011 - training/rollout_probs_diff_std:0.008571246638894081 - training/rollout_actor_probs_pearson_corr:0.999622106552124 - rollout_corr/training_ppl:1.2159541845321655 - rollout_corr/training_log_ppl:0.13576312363147736 - rollout_corr/kl:-0.0002838398504536599 - rollout_corr/k3_kl:0.0006542497430928051 - rollout_corr/rollout_ppl:1.2135796546936035 - rollout_corr/rollout_log_ppl:0.1344819962978363 - rollout_corr/log_ppl_diff:0.0012811365304514766 - rollout_corr/log_ppl_abs_diff:0.0026704382617026567 - rollout_corr/log_ppl_diff_max:0.053028762340545654 - rollout_corr/log_ppl_diff_min:-0.024440407752990723 - rollout_corr/ppl_ratio:1.0013128519058228 - rollout_corr/chi2_token:0.0031888484954833984 - rollout_corr/chi2_seq:0.07309567928314209 - actor/pg_clipfrac:np.float64(0.0) - actor/ppo_kl:np.float64(0.0) - actor/pg_clipfrac_lower:np.float64(0.0) - actor/pg_loss:np.float64(0.1671219915151596) - actor/loss:np.float64(0.1671219915151596) - actor/grad_norm:np.float64(0.1826811134815216) - actor/lr:np.float64(1e-06) - actor/perf/max_memory_allocated_gb:np.float64(17.23494529724121) - actor/perf/max_memory_reserved_gb:np.float64(29.546875) - actor/perf/cpu_memory_used_gb:np.float64(32.24387741088867) - perf/mfu/actor:np.float64(0.03913902124500481) - training/global_step:44 - training/epoch:0 - critic/score/mean:0.40625 - critic/score/max:1.0 - critic/score/min:0.0 - critic/rewards/mean:0.40625 - critic/rewards/max:1.0 - critic/rewards/min:0.0 - critic/advantages/mean:-0.1671219766139984 - critic/advantages/max:2.4748666286468506 - critic/advantages/min:-1.20761239528656 - critic/returns/mean:-0.1671219766139984 - critic/returns/max:2.4748666286468506 - critic/returns/min:-1.20761239528656 - response_length/mean:98.0625 - response_length/max:512.0 - response_length/min:4.0 - response_length/clip_ratio:0.03125 - response_length_non_aborted/mean:98.0625 - response_length_non_aborted/max:512.0 - response_length_non_aborted/min:4.0 - response_length_non_aborted/clip_ratio:0.03125 - response/aborted_ratio:0.0 - prompt_length/mean:111.75 - prompt_length/max:121.0 - prompt_length/min:100.0 - prompt_length/clip_ratio:0.25 - timing_s/gen:4.40113117400324 - timing_s/old_log_prob:1.1931435139849782 - timing_s/adv:0.2396088470122777 - timing_s/update_actor:2.2166582309873775 - timing_s/update_weights:1.0896003659581766 - timing_s/step:9.536297906015534 - timing_per_token_ms/adv:0.034695749639773774 - timing_per_token_ms/update_actor:0.3209757067748881 - timing_per_token_ms/gen:1.3608939931982806 - perf/total_num_tokens:6906 - perf/time_per_step:9.536297906015534 - perf/throughput:724.1803966341769 - training/num_turns/mean:np.float64(2.0) - training/num_turns/max:np.int64(2) - training/num_turns/min:np.int64(2) - training/off_policy/trajectory_spans/mean:np.float64(1.0) - training/off_policy/trajectory_spans/max:np.float64(1.0) - training/off_policy/trajectory_spans/min:np.float64(1.0) - training/off_policy/trajectory_staleness/mean:np.float64(0.0) - training/off_policy/trajectory_staleness/max:np.float64(0.0) - training/off_policy/trajectory_staleness/min:np.float64(0.0) - training/off_policy/trajectory_staleness_worst/mean:np.float64(0.0) - training/off_policy/trajectory_staleness_worst/max:np.float64(0.0) - training/off_policy/trajectory_staleness_worst/min:np.float64(0.0)
[36m(TaskRunnerV1 pid=859989)[0m step:45 - global_seqlen/min:5733 - global_seqlen/max:5733 - global_seqlen/minmax_diff:0 - global_seqlen/balanced_min:5733 - global_seqlen/balanced_max:5733 - global_seqlen/mean:5733.0 - actor/entropy:0.538766086101532 - training/rollout_probs_diff_valid:1 - training/rollout_probs_diff_max:0.11778414249420166 - training/rollout_probs_diff_mean:0.004420795012265444 - training/rollout_probs_diff_std:0.008917081169784069 - training/rollout_actor_probs_pearson_corr:0.9995149970054626 - rollout_corr/training_ppl:1.1439228057861328 - rollout_corr/training_log_ppl:0.1082925871014595 - rollout_corr/kl:0.0008256261353380978 - rollout_corr/k3_kl:0.0004570505698211491 - rollout_corr/rollout_ppl:1.1410789489746094 - rollout_corr/rollout_log_ppl:0.10643143206834793 - rollout_corr/log_ppl_diff:0.0018611529376357794 - rollout_corr/log_ppl_abs_diff:0.002939564175903797 - rollout_corr/log_ppl_diff_max:0.0504683256149292 - rollout_corr/log_ppl_diff_min:-0.016097187995910645 - rollout_corr/ppl_ratio:1.001898169517517 - rollout_corr/chi2_token:0.00017380714416503906 - rollout_corr/chi2_seq:-0.005823493003845215 - actor/pg_clipfrac:np.float64(0.0) - actor/ppo_kl:np.float64(0.0) - actor/pg_clipfrac_lower:np.float64(0.0) - actor/pg_loss:np.float64(0.41649866104125977) - actor/loss:np.float64(0.41649866104125977) - actor/grad_norm:np.float64(0.2018022984266281) - actor/lr:np.float64(1e-06) - actor/perf/max_memory_allocated_gb:np.float64(17.23494529724121) - actor/perf/max_memory_reserved_gb:np.float64(29.546875) - actor/perf/cpu_memory_used_gb:np.float64(32.24042510986328) - perf/mfu/actor:np.float64(0.03538230047793269) - training/global_step:45 - training/epoch:0 - critic/score/mean:0.3125 - critic/score/max:1.0 - critic/score/min:0.0 - critic/rewards/mean:0.3125 - critic/rewards/max:1.0 - critic/rewards/min:0.0 - critic/advantages/mean:-0.4164985716342926 - critic/advantages/max:2.4748666286468506 - critic/advantages/min:-0.935412585735321 - critic/returns/mean:-0.4164985716342926 - critic/returns/max:2.4748666286468506 - critic/returns/min:-0.935412585735321 - response_length/mean:69.15625 - response_length/max:471.0 - response_length/min:4.0 - response_length/clip_ratio:0.03125 - response_length_non_aborted/mean:69.15625 - response_length_non_aborted/max:471.0 - response_length_non_aborted/min:4.0 - response_length_non_aborted/clip_ratio:0.03125 - response/aborted_ratio:0.0 - prompt_length/mean:104.0 - prompt_length/max:124.0 - prompt_length/min:95.0 - prompt_length/clip_ratio:0.25 - timing_s/gen:4.434019259002525 - timing_s/old_log_prob:1.1297663520090282 - timing_s/adv:0.23736236098920926 - timing_s/update_actor:2.060970921011176 - timing_s/update_weights:1.1256122330087237 - timing_s/step:9.380711289995816 - timing_per_token_ms/adv:0.04140281894107958 - timing_per_token_ms/update_actor:0.35949257300037957 - timing_per_token_ms/gen:1.9203201641414143 - perf/total_num_tokens:5733 - perf/time_per_step:9.380711289995816 - perf/throughput:611.1476862222627 - training/num_turns/mean:np.float64(2.0) - training/num_turns/max:np.int64(2) - training/num_turns/min:np.int64(2) - training/off_policy/trajectory_spans/mean:np.float64(1.0) - training/off_policy/trajectory_spans/max:np.float64(1.0) - training/off_policy/trajectory_spans/min:np.float64(1.0) - training/off_policy/trajectory_staleness/mean:np.float64(0.0) - training/off_policy/trajectory_staleness/max:np.float64(0.0) - training/off_policy/trajectory_staleness/min:np.float64(0.0) - training/off_policy/trajectory_staleness_worst/mean:np.float64(0.0) - training/off_policy/trajectory_staleness_worst/max:np.float64(0.0) - training/off_policy/trajectory_staleness_worst/min:np.float64(0.0)
[36m(TaskRunnerV1 pid=859989)[0m step:46 - global_seqlen/min:7618 - global_seqlen/max:7618 - global_seqlen/minmax_diff:0 - global_seqlen/balanced_min:7618 - global_seqlen/balanced_max:7618 - global_seqlen/mean:7618.0 - actor/entropy:0.7219369411468506 - training/rollout_probs_diff_valid:1 - training/rollout_probs_diff_max:0.08209443092346191 - training/rollout_probs_diff_mean:0.0051756505854427814 - training/rollout_probs_diff_std:0.00943975429981947 - training/rollout_actor_probs_pearson_corr:0.9995191097259521 - rollout_corr/training_ppl:1.1807920932769775 - rollout_corr/training_log_ppl:0.13019901514053345 - rollout_corr/kl:0.00157959945499897 - rollout_corr/k3_kl:0.0006408371846191585 - rollout_corr/rollout_ppl:1.1831529140472412 - rollout_corr/rollout_log_ppl:0.13175982236862183 - rollout_corr/log_ppl_diff:-0.0015608007088303566 - rollout_corr/log_ppl_abs_diff:0.002712664194405079 - rollout_corr/log_ppl_diff_max:0.018497318029403687 - rollout_corr/log_ppl_diff_min:-0.05619576573371887 - rollout_corr/ppl_ratio:0.9984700679779053 - rollout_corr/chi2_token:-0.0006011128425598145 - rollout_corr/chi2_seq:-0.016004204750061035 - actor/pg_clipfrac:np.float64(0.0) - actor/ppo_kl:np.float64(0.0) - actor/pg_clipfrac_lower:np.float64(0.0) - actor/pg_loss:np.float64(0.4076426327228546) - actor/loss:np.float64(0.4076426327228546) - actor/grad_norm:np.float64(0.18043933808803558) - actor/lr:np.float64(1e-06) - actor/perf/max_memory_allocated_gb:np.float64(17.23494529724121) - actor/perf/max_memory_reserved_gb:np.float64(29.546875) - actor/perf/cpu_memory_used_gb:np.float64(32.261592864990234) - perf/mfu/actor:np.float64(0.04120478056476221) - training/global_step:46 - training/epoch:0 - critic/score/mean:0.4375 - critic/score/max:1.0 - critic/score/min:0.0 - critic/rewards/mean:0.4375 - critic/rewards/max:1.0 - critic/rewards/min:0.0 - critic/advantages/mean:-0.40764251351356506 - critic/advantages/max:1.6201815605163574 - critic/advantages/min:-0.935412585735321 - critic/returns/mean:-0.40764251351356506 - critic/returns/max:1.6201815605163574 - critic/returns/min:-0.935412585735321 - response_length/mean:99.0625 - response_length/max:512.0 - response_length/min:4.0 - response_length/clip_ratio:0.0625 - response_length_non_aborted/mean:99.0625 - response_length_non_aborted/max:512.0 - response_length_non_aborted/min:4.0 - response_length_non_aborted/clip_ratio:0.0625 - response/aborted_ratio:0.0 - prompt_length/mean:133.0 - prompt_length/max:167.0 - prompt_length/min:100.0 - prompt_length/clip_ratio:0.25 - timing_s/gen:4.403776571969502 - timing_s/old_log_prob:1.2614610110176727 - timing_s/adv:0.23737298999913037 - timing_s/update_actor:2.2854994410299696 - timing_s/update_weights:1.1407678659888916 - timing_s/step:9.722531611041632 - timing_per_token_ms/adv:0.03115948936717385 - timing_per_token_ms/update_actor:0.30001305343003015 - timing_per_token_ms/gen:1.3483700465307722 - perf/total_num_tokens:7618 - perf/time_per_step:9.722531611041632 - perf/throughput:783.5407797850131 - training/num_turns/mean:np.float64(2.0) - training/num_turns/max:np.int64(2) - training/num_turns/min:np.int64(2) - training/off_policy/trajectory_spans/mean:np.float64(1.0) - training/off_policy/trajectory_spans/max:np.float64(1.0) - training/off_policy/trajectory_spans/min:np.float64(1.0) - training/off_policy/trajectory_staleness/mean:np.float64(0.0) - training/off_policy/trajectory_staleness/max:np.float64(0.0) - training/off_policy/trajectory_staleness/min:np.float64(0.0) - training/off_policy/trajectory_staleness_worst/mean:np.float64(0.0) - training/off_policy/trajectory_staleness_worst/max:np.float64(0.0) - training/off_policy/trajectory_staleness_worst/min:np.float64(0.0)[36m(WorkerDict pid=861242)[0m INFO:2026-07-05 02:06:39,443:update_weights done, time cost: 0.36s
[36m(TaskRunnerV1 pid=859989)[0m Training Progress:  38%|███▊      | 47/125 [07:29<12:34,  9.67s/it]
[36m(WorkerDict pid=861242)[0m INFO:2026-07-05 02:06:49,455:update_weights done, time cost: 0.40s
[36m(TaskRunnerV1 pid=859989)[0m Training Progress:  38%|███▊      | 48/125 [07:39<12:33,  9.78s/it]
[36m(WorkerDict pid=861242)[0m INFO:2026-07-05 02:06:58,841:update_weights done, time cost: 0.39s
[36m(TaskRunnerV1 pid=859989)[0m Training Progress:  39%|███▉      | 49/125 [07:48<12:14,  9.66s/it]

[36m(TaskRunnerV1 pid=859989)[0m step:47 - global_seqlen/min:6739 - global_seqlen/max:6739 - global_seqlen/minmax_diff:0 - global_seqlen/balanced_min:6739 - global_seqlen/balanced_max:6739 - global_seqlen/mean:6739.0 - actor/entropy:0.6239884495735168 - training/rollout_probs_diff_valid:1 - training/rollout_probs_diff_max:0.09098708629608154 - training/rollout_probs_diff_mean:0.004955001175403595 - training/rollout_probs_diff_std:0.009084409102797508 - training/rollout_actor_probs_pearson_corr:0.9995230436325073 - rollout_corr/training_ppl:1.1447128057479858 - rollout_corr/training_log_ppl:0.0982619971036911 - rollout_corr/kl:0.0019102763617411256 - rollout_corr/k3_kl:0.0006308005540631711 - rollout_corr/rollout_ppl:1.14347505569458 - rollout_corr/rollout_log_ppl:0.09748914837837219 - rollout_corr/log_ppl_diff:0.0007728384807705879 - rollout_corr/log_ppl_abs_diff:0.002235798165202141 - rollout_corr/log_ppl_diff_max:0.02342700958251953 - rollout_corr/log_ppl_diff_min:-0.037913113832473755 - rollout_corr/ppl_ratio:1.0007915496826172 - rollout_corr/chi2_token:-0.001318514347076416 - rollout_corr/chi2_seq:-0.002129077911376953 - actor/pg_clipfrac:np.float64(0.0) - actor/ppo_kl:np.float64(0.0) - actor/pg_clipfrac_lower:np.float64(0.0) - actor/pg_loss:np.float64(0.45774027705192566) - actor/loss:np.float64(0.45774027705192566) - actor/grad_norm:np.float64(0.20509731769561768) - actor/lr:np.float64(1e-06) - actor/perf/max_memory_allocated_gb:np.float64(17.23494529724121) - actor/perf/max_memory_reserved_gb:np.float64(29.546875) - actor/perf/cpu_memory_used_gb:np.float64(32.25139617919922) - perf/mfu/actor:np.float64(0.03874450577136256) - training/global_step:47 - training/epoch:0 - critic/score/mean:0.46875 - critic/score/max:1.0 - critic/score/min:0.0 - critic/rewards/mean:0.46875 - critic/rewards/max:1.0 - critic/rewards/min:0.0 - critic/advantages/mean:-0.45774027705192566 - critic/advantages/max:1.20761239528656 - critic/advantages/min:-2.4748666286468506 - critic/returns/mean:-0.45774027705192566 - critic/returns/max:1.20761239528656 - critic/returns/min:-2.4748666286468506 - response_length/mean:89.84375 - response_length/max:512.0 - response_length/min:4.0 - response_length/clip_ratio:0.03125 - response_length_non_aborted/mean:89.84375 - response_length_non_aborted/max:512.0 - response_length_non_aborted/min:4.0 - response_length_non_aborted/clip_ratio:0.03125 - response/aborted_ratio:0.0 - prompt_length/mean:114.75 - prompt_length/max:128.0 - prompt_length/min:90.0 - prompt_length/clip_ratio:0.25 - timing_s/gen:4.399968996993266 - timing_s/old_log_prob:1.1821979960077442 - timing_s/adv:0.24051807296928018 - timing_s/update_actor:2.1486251819878817 - timing_s/update_weights:1.0744505120092072 - timing_s/step:9.44240172096761 - timing_per_token_ms/adv:0.035690469352912924 - timing_per_token_ms/update_actor:0.31883442379995275 - timing_per_token_ms/gen:1.4809723988533376 - perf/total_num_tokens:6739 - perf/time_per_step:9.44240172096761 - perf/throughput:713.6955405143916 - training/num_turns/mean:np.float64(2.0) - training/num_turns/max:np.int64(2) - training/num_turns/min:np.int64(2) - training/off_policy/trajectory_spans/mean:np.float64(1.0) - training/off_policy/trajectory_spans/max:np.float64(1.0) - training/off_policy/trajectory_spans/min:np.float64(1.0) - training/off_policy/trajectory_staleness/mean:np.float64(0.0) - training/off_policy/trajectory_staleness/max:np.float64(0.0) - training/off_policy/trajectory_staleness/min:np.float64(0.0) - training/off_policy/trajectory_staleness_worst/mean:np.float64(0.0) - training/off_policy/trajectory_staleness_worst/max:np.float64(0.0) - training/off_policy/trajectory_staleness_worst/min:np.float64(0.0)
[36m(TaskRunnerV1 pid=859989)[0m step:48 - global_seqlen/min:7837 - global_seqlen/max:7837 - global_seqlen/minmax_diff:0 - global_seqlen/balanced_min:7837 - global_seqlen/balanced_max:7837 - global_seqlen/mean:7837.0 - actor/entropy:0.5482519268989563 - training/rollout_probs_diff_valid:1 - training/rollout_probs_diff_max:0.11699938774108887 - training/rollout_probs_diff_mean:0.004413367249071598 - training/rollout_probs_diff_std:0.008706772699952126 - training/rollout_actor_probs_pearson_corr:0.9995512366294861 - rollout_corr/training_ppl:1.218743920326233 - rollout_corr/training_log_ppl:0.13891682028770447 - rollout_corr/kl:-0.0010419602040201426 - rollout_corr/k3_kl:0.0005784014938399196 - rollout_corr/rollout_ppl:1.2194403409957886 - rollout_corr/rollout_log_ppl:0.13930389285087585 - rollout_corr/log_ppl_diff:-0.00038707745261490345 - rollout_corr/log_ppl_abs_diff:0.0026019345968961716 - rollout_corr/log_ppl_diff_max:0.057300955057144165 - rollout_corr/log_ppl_diff_min:-0.024337872862815857 - rollout_corr/ppl_ratio:0.9996446371078491 - rollout_corr/chi2_token:0.004436492919921875 - rollout_corr/chi2_seq:0.6968239545822144 - actor/pg_clipfrac:np.float64(0.0) - actor/ppo_kl:np.float64(0.0) - actor/pg_clipfrac_lower:np.float64(0.0) - actor/pg_loss:np.float64(-0.4226423501968384) - actor/loss:np.float64(-0.4226423501968384) - actor/grad_norm:np.float64(0.16128802299499512) - actor/lr:np.float64(1e-06) - actor/perf/max_memory_allocated_gb:np.float64(17.23494529724121) - actor/perf/max_memory_reserved_gb:np.float64(29.546875) - actor/perf/cpu_memory_used_gb:np.float64(32.26392364501953) - perf/mfu/actor:np.float64(0.04054410852470079) - training/global_step:48 - training/epoch:0 - critic/score/mean:0.34375 - critic/score/max:1.0 - critic/score/min:0.0 - critic/rewards/mean:0.34375 - critic/rewards/max:1.0 - critic/rewards/min:0.0 - critic/advantages/mean:0.42264237999916077 - critic/advantages/max:2.4748666286468506 - critic/advantages/min:-1.20761239528656 - critic/returns/mean:0.42264237999916077 - critic/returns/max:2.4748666286468506 - critic/returns/min:-1.20761239528656 - response_length/mean:129.90625 - response_length/max:487.0 - response_length/min:4.0 - response_length/clip_ratio:0.03125 - response_length_non_aborted/mean:129.90625 - response_length_non_aborted/max:487.0 - response_length_non_aborted/min:4.0 - response_length_non_aborted/clip_ratio:0.03125 - response/aborted_ratio:0.0 - prompt_length/mean:109.0 - prompt_length/max:116.0 - prompt_length/min:95.0 - prompt_length/clip_ratio:0.25 - timing_s/gen:4.446569575986359 - timing_s/old_log_prob:1.2633635560050607 - timing_s/adv:0.2305338800069876 - timing_s/update_actor:2.3957351780263707 - timing_s/update_weights:1.1365939039969817 - timing_s/step:9.871194433013443 - timing_per_token_ms/adv:0.029416087789586272 - timing_per_token_ms/update_actor:0.30569544188163467 - timing_per_token_ms/gen:1.0455136552989324 - perf/total_num_tokens:7837 - perf/time_per_step:9.871194433013443 - perf/throughput:793.9262115828417 - training/num_turns/mean:np.float64(2.0) - training/num_turns/max:np.int64(2) - training/num_turns/min:np.int64(2) - training/off_policy/trajectory_spans/mean:np.float64(1.0) - training/off_policy/trajectory_spans/max:np.float64(1.0) - training/off_policy/trajectory_spans/min:np.float64(1.0) - training/off_policy/trajectory_staleness/mean:np.float64(0.0) - training/off_policy/trajectory_staleness/max:np.float64(0.0) - training/off_policy/trajectory_staleness/min:np.float64(0.0) - training/off_policy/trajectory_staleness_worst/mean:np.float64(0.0) - training/off_policy/trajectory_staleness_worst/max:np.float64(0.0) - training/off_policy/trajectory_staleness_worst/min:np.float64(0.0)
[36m(TaskRunnerV1 pid=859989)[0m step:49 - global_seqlen/min:5381 - global_seqlen/max:5381 - global_seqlen/minmax_diff:0 - global_seqlen/balanced_min:5381 - global_seqlen/balanced_max:5381 - global_seqlen/mean:5381.0 - actor/entropy:0.7202755808830261 - training/rollout_probs_diff_valid:1 - training/rollout_probs_diff_max:0.061502158641815186 - training/rollout_probs_diff_mean:0.005113763734698296 - training/rollout_probs_diff_std:0.008845515549182892 - training/rollout_actor_probs_pearson_corr:0.9995768070220947 - rollout_corr/training_ppl:1.2092044353485107 - rollout_corr/training_log_ppl:0.13703131675720215 - rollout_corr/kl:0.0003422976587899029 - rollout_corr/k3_kl:0.0006795231602154672 - rollout_corr/rollout_ppl:1.2090191841125488 - rollout_corr/rollout_log_ppl:0.13689656555652618 - rollout_corr/log_ppl_diff:0.00013475504238158464 - rollout_corr/log_ppl_abs_diff:0.003365906421095133 - rollout_corr/log_ppl_diff_max:0.038619160652160645 - rollout_corr/log_ppl_diff_min:-0.04520714282989502 - rollout_corr/ppl_ratio:1.0001757144927979 - rollout_corr/chi2_token:0.002027750015258789 - rollout_corr/chi2_seq:0.062116384506225586 - actor/pg_clipfrac:np.float64(0.0) - actor/ppo_kl:np.float64(0.0) - actor/pg_clipfrac_lower:np.float64(0.0) - actor/pg_loss:np.float64(0.5784600377082825) - actor/loss:np.float64(0.5784600377082825) - actor/grad_norm:np.float64(0.23010294139385223) - actor/lr:np.float64(1e-06) - actor/perf/max_memory_allocated_gb:np.float64(17.23494529724121) - actor/perf/max_memory_reserved_gb:np.float64(29.546875) - actor/perf/cpu_memory_used_gb:np.float64(32.24473571777344) - perf/mfu/actor:np.float64(0.03451449474128641) - training/global_step:49 - training/epoch:0 - critic/score/mean:0.34375 - critic/score/max:1.0 - critic/score/min:0.0 - critic/rewards/mean:0.34375 - critic/rewards/max:1.0 - critic/rewards/min:0.0 - critic/advantages/mean:-0.5784599781036377 - critic/advantages/max:2.4748666286468506 - critic/advantages/min:-1.20761239528656 - critic/returns/mean:-0.5784599781036377 - critic/returns/max:2.4748666286468506 - critic/returns/min:-1.20761239528656 - response_length/mean:64.40625 - response_length/max:512.0 - response_length/min:4.0 - response_length/clip_ratio:0.03125 - response_length_non_aborted/mean:64.40625 - response_length_non_aborted/max:512.0 - response_length_non_aborted/min:4.0 - response_length_non_aborted/clip_ratio:0.03125 - response/aborted_ratio:0.0 - prompt_length/mean:97.75 - prompt_length/max:111.0 - prompt_length/min:81.0 - prompt_length/clip_ratio:0.25 - timing_s/gen:4.4242288479581475 - timing_s/old_log_prob:1.1174830539966933 - timing_s/adv:0.23927168600494042 - timing_s/update_actor:1.9827376499888487 - timing_s/update_weights:1.0833047319902107 - timing_s/step:9.245332418999169 - timing_per_token_ms/adv:0.04446602601838699 - timing_per_token_ms/update_actor:0.3684701077845844 - timing_per_token_ms/gen:2.051102850235581 - perf/total_num_tokens:5381 - perf/time_per_step:9.245332418999169 - perf/throughput:582.0234206984314 - training/num_turns/mean:np.float64(2.0) - training/num_turns/max:np.int64(2) - training/num_turns/min:np.int64(2) - training/off_policy/trajectory_spans/mean:np.float64(1.0) - training/off_policy/trajectory_spans/max:np.float64(1.0) - training/off_policy/trajectory_spans/min:np.float64(1.0) - training/off_policy/trajectory_staleness/mean:np.float64(0.0) - training/off_policy/trajectory_staleness/max:np.float64(0.0) - training/off_policy/trajectory_staleness/min:np.float64(0.0) - training/off_policy/trajectory_staleness_worst/mean:np.float64(0.0) - training/off_policy/trajectory_staleness_worst/max:np.float64(0.0) - training/off_policy/trajectory_staleness_worst/min:np.float64(0.0)[36m(WorkerDict pid=861242)[0m INFO:2026-07-05 02:07:08,781:update_weights done, time cost: 0.40s
[36m(TaskRunnerV1 pid=859989)[0m Training Progress:  40%|████      | 50/125 [08:01<13:06, 10.49s/it]
[36m(TransferQueueController pid=860196)[0m 2026-07-05 02:07:17,519 - INFO - transfer_queue.utils.perf_utils - TQ_CONTROLLER_d5bff4dc: [Performance] Total success requests: 5992, Total req/min: 1196.17, Total avg process time: 0.0007s; 
[36m(TransferQueueController pid=860196)[0m Time range: last 5.01 minutes; 
[36m(TransferQueueController pid=860196)[0m Per-operation statistics: SET_CUSTOM_META: req_count=2123, req/min=423.81, avg_time=0.000038s, max_time=0.000174s, min_time=0.000010s; KV_RETRIEVE_META: req_count=2343, req/min=467.73, avg_time=0.001639s, max_time=0.012688s, min_time=0.000198s; KV_LIST: req_count=93, req/min=18.57, avg_time=0.000097s, max_time=0.000332s, min_time=0.000061s; CLEAR_META: req_count=65, req/min=12.98, avg_time=0.000939s, max_time=0.001872s, min_time=0.000355s; NOTIFY_DATA_UPDATE: req_count=1338, req/min=267.10, avg_time=0.000352s, max_time=0.001227s, min_time=0.000113s; KV_RETRIEVE_KEYS: req_count=30, req/min=5.99, avg_time=0.000126s, max_time=0.000220s, min_time=0.000094s
[36m(WorkerDict pid=861242)[0m INFO:2026-07-05 02:07:21,311:update_weights done, time cost: 0.36s
[36m(TaskRunnerV1 pid=859989)[0m Training Progress:  41%|████      | 51/125 [08:11<12:46, 10.36s/it]
[36m(SimpleStorageUnit pid=860265)[0m Per-operation statistics: GET_DATA: req_count=162, req/min=32.31, avg_time=0.010855s, max_time=0.015279s, min_time=0.004105s; PUT_DATA: req_count=275, req/min=54.84, avg_time=0.009235s, max_time=0.016233s, min_time=0.006865s; CLEAR_DATA: req_count=47, req/min=9.37, avg_time=0.010502s, max_time=0.012613s, min_time=0.004401s
[36m(WorkerDict pid=861242)[0m INFO:2026-07-05 02:07:31,606:update_weights done, time cost: 0.42s
[36m(SimpleStorageUnit pid=860289)[0m 2026-07-05 02:07:21,587 - INFO - transfer_queue.utils.perf_utils - TQ_STORAGE_UNIT_27154634: [Performance] Total success requests: 483, Total req/min: 96.32, Total avg process time: 0.0101s; [32m [repeated 8x across cluster][0m
[36m(SimpleStorageUnit pid=860289)[0m Time range: last 5.01 minutes; [32m [repeated 8x across cluster][0m
[36m(SimpleStorageUnit pid=860289)[0m Per-operation statistics: GET_DATA: req_count=160, req/min=31.91, avg_time=0.011057s, max_time=0.012969s, min_time=0.006659s; PUT_DATA: req_count=275, req/min=54.84, avg_time=0.009363s, max_time=0.015647s, min_time=0.003363s; CLEAR_DATA: req_count=48, req/min=9.57, avg_time=0.010665s, max_time=0.013013s, min_time=0.005386s[32m [repeated 7x across cluster][0m
[36m(TaskRunnerV1 pid=859989)[0m Training Progress:  42%|████▏     | 52/125 [08:21<12:34, 10.34s/it]

[36m(TaskRunnerV1 pid=859989)[0m Dumped generations to /data2/hjk/projects/AI-HiddenState-ER/rl_audit/mathverse_text_qwen25_1p5b_grpo_answer_a0_clean_rerun512_seed43/validation_generations/50.jsonl
[36m(TaskRunnerV1 pid=859989)[0m step:50 - global_seqlen/min:7684 - global_seqlen/max:7684 - global_seqlen/minmax_diff:0 - global_seqlen/balanced_min:7684 - global_seqlen/balanced_max:7684 - global_seqlen/mean:7684.0 - actor/entropy:0.5661709308624268 - training/rollout_probs_diff_valid:1 - training/rollout_probs_diff_max:0.11832474172115326 - training/rollout_probs_diff_mean:0.004632655531167984 - training/rollout_probs_diff_std:0.009119345806539059 - training/rollout_actor_probs_pearson_corr:0.9995078444480896 - rollout_corr/training_ppl:1.1499656438827515 - rollout_corr/training_log_ppl:0.11100783944129944 - rollout_corr/kl:0.001003351528197527 - rollout_corr/k3_kl:0.0005800177459605038 - rollout_corr/rollout_ppl:1.1492916345596313 - rollout_corr/rollout_log_ppl:0.1106824055314064 - rollout_corr/log_ppl_diff:0.00032542843837291 - rollout_corr/log_ppl_abs_diff:0.0024124763440340757 - rollout_corr/log_ppl_diff_max:0.11617875099182129 - rollout_corr/log_ppl_diff_min:-0.025414377450942993 - rollout_corr/ppl_ratio:1.0003902912139893 - rollout_corr/chi2_token:0.00029790401458740234 - rollout_corr/chi2_seq:0.02023029327392578 - actor/pg_clipfrac:np.float64(0.0) - actor/ppo_kl:np.float64(0.0) - actor/pg_clipfrac_lower:np.float64(0.0) - actor/pg_loss:np.float64(0.2498863786458969) - actor/loss:np.float64(0.2498863786458969) - actor/grad_norm:np.float64(0.15922053158283234) - actor/lr:np.float64(1e-06) - actor/perf/max_memory_allocated_gb:np.float64(17.23494529724121) - actor/perf/max_memory_reserved_gb:np.float64(29.546875) - actor/perf/cpu_memory_used_gb:np.float64(32.26616668701172) - perf/mfu/actor:np.float64(0.04055869095555731) - val-aux/MathVerseTextA0Clean/reward/mean@1:np.float64(0.46875) - val-core/MathVerseTextA0Clean/acc/mean@1:np.float64(0.46875) - val-aux/num_turns/min:np.int64(2) - val-aux/num_turns/max:np.int64(2) - val-aux/num_turns/mean:np.float64(2.0) - training/global_step:50 - training/epoch:0 - critic/score/mean:0.21875 - critic/score/max:1.0 - critic/score/min:0.0 - critic/rewards/mean:0.21875 - critic/rewards/max:1.0 - critic/rewards/min:0.0 - critic/advantages/mean:-0.24988631904125214 - critic/advantages/max:1.6201815605163574 - critic/advantages/min:-0.7245674133300781 - critic/returns/mean:-0.24988631904125214 - critic/returns/max:1.6201815605163574 - critic/returns/min:-0.7245674133300781 - response_length/mean:112.625 - response_length/max:506.0 - response_length/min:4.0 - response_length/clip_ratio:0.03125 - response_length_non_aborted/mean:112.625 - response_length_non_aborted/max:506.0 - response_length_non_aborted/min:4.0 - response_length_non_aborted/clip_ratio:0.03125 - response/aborted_ratio:0.0 - prompt_length/mean:121.5 - prompt_length/max:160.0 - prompt_length/min:81.0 - prompt_length/clip_ratio:0.25 - timing_s/gen:4.414463535998948 - timing_s/old_log_prob:1.2587335660355166 - timing_s/adv:0.23742424801457673 - timing_s/update_actor:2.3500015439931303 - timing_s/update_weights:1.1467809059540741 - timing_s/step:9.804049525992014 - timing_s/testing:2.471173534053378 - timing_per_token_ms/adv:0.030898522646353038 - timing_per_token_ms/update_actor:0.30583049765657605 - timing_per_token_ms/gen:1.1930982529726886 - perf/total_num_tokens:7684 - perf/time_per_step:9.804049525992014 - perf/throughput:783.7577706669634 - training/num_turns/mean:np.float64(2.0) - training/num_turns/max:np.int64(2) - training/num_turns/min:np.int64(2) - training/off_policy/trajectory_spans/mean:np.float64(1.0) - training/off_policy/trajectory_spans/max:np.float64(1.0) - training/off_policy/trajectory_spans/min:np.float64(1.0) - training/off_policy/trajectory_staleness/mean:np.float64(0.0) - training/off_policy/trajectory_staleness/max:np.float64(0.0) - training/off_policy/trajectory_staleness/min:np.float64(0.0) - training/off_policy/trajectory_staleness_worst/mean:np.float64(0.0) - training/off_policy/trajectory_staleness_worst/max:np.float64(0.0) - training/off_policy/trajectory_staleness_worst/min:np.float64(0.0)
[36m(TaskRunnerV1 pid=859989)[0m step:51 - global_seqlen/min:8136 - global_seqlen/max:8136 - global_seqlen/minmax_diff:0 - global_seqlen/balanced_min:8136 - global_seqlen/balanced_max:8136 - global_seqlen/mean:8136.0 - actor/entropy:0.37417057156562805 - training/rollout_probs_diff_valid:1 - training/rollout_probs_diff_max:0.06217396259307861 - training/rollout_probs_diff_mean:0.0036970986984670162 - training/rollout_probs_diff_std:0.00806264765560627 - training/rollout_actor_probs_pearson_corr:0.9994997382164001 - rollout_corr/training_ppl:1.12539541721344 - rollout_corr/training_log_ppl:0.09509173035621643 - rollout_corr/kl:0.0003638688940554857 - rollout_corr/k3_kl:0.0003651474544312805 - rollout_corr/rollout_ppl:1.1274325847625732 - rollout_corr/rollout_log_ppl:0.09614616632461548 - rollout_corr/log_ppl_diff:-0.0010544329416006804 - rollout_corr/log_ppl_abs_diff:0.0029624230228364468 - rollout_corr/log_ppl_diff_max:0.03358951210975647 - rollout_corr/log_ppl_diff_min:-0.049384236335754395 - rollout_corr/ppl_ratio:0.9989840388298035 - rollout_corr/chi2_token:0.0007305145263671875 - rollout_corr/chi2_seq:0.012638211250305176 - actor/pg_clipfrac:np.float64(0.0) - actor/ppo_kl:np.float64(0.0) - actor/pg_clipfrac_lower:np.float64(0.0) - actor/pg_loss:np.float64(-0.20104587078094482) - actor/loss:np.float64(-0.20104587078094482) - actor/grad_norm:np.float64(0.17830146849155426) - actor/lr:np.float64(1e-06) - actor/perf/max_memory_allocated_gb:np.float64(17.23494529724121) - actor/perf/max_memory_reserved_gb:np.float64(29.546875) - actor/perf/cpu_memory_used_gb:np.float64(32.28702926635742) - perf/mfu/actor:np.float64(0.041273877053734455) - training/global_step:51 - training/epoch:0 - critic/score/mean:0.28125 - critic/score/max:1.0 - critic/score/min:0.0 - critic/rewards/mean:0.28125 - critic/rewards/max:1.0 - critic/rewards/min:0.0 - critic/advantages/mean:0.20104582607746124 - critic/advantages/max:2.4748666286468506 - critic/advantages/min:-0.935412585735321 - critic/returns/mean:0.20104582607746124 - critic/returns/max:2.4748666286468506 - critic/returns/min:-0.935412585735321 - response_length/mean:123.25 - response_length/max:512.0 - response_length/min:4.0 - response_length/clip_ratio:0.125 - response_length_non_aborted/mean:123.25 - response_length_non_aborted/max:512.0 - response_length_non_aborted/min:4.0 - response_length_non_aborted/clip_ratio:0.125 - response/aborted_ratio:0.0 - prompt_length/mean:125.0 - prompt_length/max:161.0 - prompt_length/min:90.0 - prompt_length/clip_ratio:0.25 - timing_s/gen:4.4590902120107785 - timing_s/old_log_prob:1.2783154540229589 - timing_s/adv:0.23909244098467752 - timing_s/update_actor:2.4368779869982973 - timing_s/update_weights:1.1181216769618914 - timing_s/step:9.924363447003998 - timing_per_token_ms/adv:0.02938697652220717 - timing_per_token_ms/update_actor:0.2995179433380405 - timing_per_token_ms/gen:1.103735200992767 - perf/total_num_tokens:8136 - perf/time_per_step:9.924363447003998 - perf/throughput:819.8006898322657 - training/num_turns/mean:np.float64(2.0) - training/num_turns/max:np.int64(2) - training/num_turns/min:np.int64(2) - training/off_policy/trajectory_spans/mean:np.float64(1.0) - training/off_policy/trajectory_spans/max:np.float64(1.0) - training/off_policy/trajectory_spans/min:np.float64(1.0) - training/off_policy/trajectory_staleness/mean:np.float64(0.0) - training/off_policy/trajectory_staleness/max:np.float64(0.0) - training/off_policy/trajectory_staleness/min:np.float64(0.0) - training/off_policy/trajectory_staleness_worst/mean:np.float64(0.0) - training/off_policy/trajectory_staleness_worst/max:np.float64(0.0) - training/off_policy/trajectory_staleness_worst/min:np.float64(0.0)
[36m(TaskRunnerV1 pid=859989)[0m step:52 - global_seqlen/min:8546 - global_seqlen/max:8546 - global_seqlen/minmax_diff:0 - global_seqlen/balanced_min:8546 - global_seqlen/balanced_max:8546 - global_seqlen/mean:8546.0 - actor/entropy:0.6858187913894653 - training/rollout_probs_diff_valid:1 - training/rollout_probs_diff_max:0.07585322856903076 - training/rollout_probs_diff_mean:0.0049786875024437904 - training/rollout_probs_diff_std:0.008776666596531868 - training/rollout_actor_probs_pearson_corr:0.9995661973953247 - rollout_corr/training_ppl:1.189406156539917 - rollout_corr/training_log_ppl:0.13269105553627014 - rollout_corr/kl:0.0010291922371834517 - rollout_corr/k3_kl:0.0006124862120486796 - rollout_corr/rollout_ppl:1.188474178314209 - rollout_corr/rollout_log_ppl:0.13212037086486816 - rollout_corr/log_ppl_diff:0.0005706578958779573 - rollout_corr/log_ppl_abs_diff:0.002129653235897422 - rollout_corr/log_ppl_diff_max:0.04248115420341492 - rollout_corr/log_ppl_diff_min:-0.027801305055618286 - rollout_corr/ppl_ratio:1.0005931854248047 - rollout_corr/chi2_token:0.0003923177719116211 - rollout_corr/chi2_seq:-0.00827479362487793 - actor/pg_clipfrac:np.float64(0.0) - actor/ppo_kl:np.float64(0.0) - actor/pg_clipfrac_lower:np.float64(0.0) - actor/pg_loss:np.float64(0.25526824593544006) - actor/loss:np.float64(0.25526824593544006) - actor/grad_norm:np.float64(0.16464665532112122) - actor/lr:np.float64(1e-06) - actor/perf/max_memory_allocated_gb:np.float64(17.23494529724121) - actor/perf/max_memory_reserved_gb:np.float64(29.546875) - actor/perf/cpu_memory_used_gb:np.float64(32.29326629638672) - perf/mfu/actor:np.float64(0.04019932572557682) - training/global_step:52 - training/epoch:0 - critic/score/mean:0.5625 - critic/score/max:1.0 - critic/score/min:0.0 - critic/rewards/mean:0.5625 - critic/rewards/max:1.0 - critic/rewards/min:0.0 - critic/advantages/mean:-0.2552682161331177 - critic/advantages/max:1.6201815605163574 - critic/advantages/min:-2.4748666286468506 - critic/returns/mean:-0.2552682161331177 - critic/returns/max:1.6201815605163574 - critic/returns/min:-2.4748666286468506 - response_length/mean:149.5625 - response_length/max:512.0 - response_length/min:4.0 - response_length/clip_ratio:0.03125 - response_length_non_aborted/mean:149.5625 - response_length_non_aborted/max:512.0 - response_length_non_aborted/min:4.0 - response_length_non_aborted/clip_ratio:0.03125 - response/aborted_ratio:0.0 - prompt_length/mean:111.5 - prompt_length/max:135.0 - prompt_length/min:81.0 - prompt_length/clip_ratio:0.25 - timing_s/gen:4.42489145003492 - timing_s/old_log_prob:1.3164462100248784 - timing_s/adv:0.23862796899629757 - timing_s/update_actor:2.606112196983304 - timing_s/update_weights:1.2087419260060415 - timing_s/step:10.174238724983297 - timing_per_token_ms/adv:0.02792276725910339 - timing_per_token_ms/update_actor:0.30495111127817737 - timing_per_token_ms/gen:0.9063685887003113 - perf/total_num_tokens:8546 - perf/time_per_step:10.174238724983297 - perf/throughput:839.9645645246081 - training/num_turns/mean:np.float64(2.0) - training/num_turns/max:np.int64(2) - training/num_turns/min:np.int64(2) - training/off_policy/trajectory_spans/mean:np.float64(1.0) - training/off_policy/trajectory_spans/max:np.float64(1.0) - training/off_policy/trajectory_spans/min:np.float64(1.0) - training/off_policy/trajectory_staleness/mean:np.float64(0.0) - training/off_policy/trajectory_staleness/max:np.float64(0.0) - training/off_policy/trajectory_staleness/min:np.float64(0.0) - training/off_policy/trajectory_staleness_worst/mean:np.float64(0.0) - training/off_policy/trajectory_staleness_worst/max:np.float64(0.0) - training/off_policy/trajectory_staleness_worst/min:np.float64(0.0)[36m(WorkerDict pid=861242)[0m INFO:2026-07-05 02:07:38,649:update_weights done, time cost: 0.37s
[36m(TaskRunnerV1 pid=859989)[0m Training Progress:  42%|████▏     | 53/125 [08:28<11:12,  9.35s/it]
[36m(WorkerDict pid=861242)[0m INFO:2026-07-05 02:07:48,508:update_weights done, time cost: 0.37s
[36m(TaskRunnerV1 pid=859989)[0m Training Progress:  43%|████▎     | 54/125 [08:38<11:14,  9.50s/it]
[36m(WorkerDict pid=861242)[0m INFO:2026-07-05 02:07:58,058:update_weights done, time cost: 0.41s
[36m(TaskRunnerV1 pid=859989)[0m Training Progress:  44%|████▍     | 55/125 [08:48<11:06,  9.52s/it]

[36m(TaskRunnerV1 pid=859989)[0m step:53 - global_seqlen/min:4471 - global_seqlen/max:4471 - global_seqlen/minmax_diff:0 - global_seqlen/balanced_min:4471 - global_seqlen/balanced_max:4471 - global_seqlen/mean:4471.0 - actor/entropy:0.5794633030891418 - training/rollout_probs_diff_valid:1 - training/rollout_probs_diff_max:0.059810638427734375 - training/rollout_probs_diff_mean:0.005408912431448698 - training/rollout_probs_diff_std:0.00929256621748209 - training/rollout_actor_probs_pearson_corr:0.9994533061981201 - rollout_corr/training_ppl:1.1059150695800781 - rollout_corr/training_log_ppl:0.08197048306465149 - rollout_corr/kl:5.862689431523904e-05 - rollout_corr/k3_kl:0.0005652998806908727 - rollout_corr/rollout_ppl:1.1072829961776733 - rollout_corr/rollout_log_ppl:0.08292441070079803 - rollout_corr/log_ppl_diff:-0.0009539350285194814 - rollout_corr/log_ppl_abs_diff:0.0027479694690555334 - rollout_corr/log_ppl_diff_max:0.021400094032287598 - rollout_corr/log_ppl_diff_min:-0.038648366928100586 - rollout_corr/ppl_ratio:0.999071478843689 - rollout_corr/chi2_token:0.0021300315856933594 - rollout_corr/chi2_seq:0.01982736587524414 - actor/pg_clipfrac:np.float64(0.0) - actor/ppo_kl:np.float64(0.0) - actor/pg_clipfrac_lower:np.float64(0.0) - actor/pg_loss:np.float64(0.07971566915512085) - actor/loss:np.float64(0.07971566915512085) - actor/grad_norm:np.float64(0.33998528122901917) - actor/lr:np.float64(1e-06) - actor/perf/max_memory_allocated_gb:np.float64(17.23494529724121) - actor/perf/max_memory_reserved_gb:np.float64(29.546875) - actor/perf/cpu_memory_used_gb:np.float64(32.26110076904297) - perf/mfu/actor:np.float64(0.03048393319551366) - training/global_step:53 - training/epoch:0 - critic/score/mean:0.40625 - critic/score/max:1.0 - critic/score/min:0.0 - critic/rewards/mean:0.40625 - critic/rewards/max:1.0 - critic/rewards/min:0.0 - critic/advantages/mean:-0.07971569150686264 - critic/advantages/max:1.20761239528656 - critic/advantages/min:-1.6201815605163574 - critic/returns/mean:-0.07971569150686264 - critic/returns/max:1.20761239528656 - critic/returns/min:-1.6201815605163574 - response_length/mean:31.96875 - response_length/max:349.0 - response_length/min:4.0 - response_length/clip_ratio:0.03125 - response_length_non_aborted/mean:31.96875 - response_length_non_aborted/max:349.0 - response_length_non_aborted/min:4.0 - response_length_non_aborted/clip_ratio:0.03125 - response/aborted_ratio:0.0 - prompt_length/mean:101.75 - prompt_length/max:107.0 - prompt_length/min:97.0 - prompt_length/clip_ratio:0.25 - timing_s/gen:2.388793213001918 - timing_s/old_log_prob:1.0560024169972166 - timing_s/adv:0.23421598703134805 - timing_s/update_actor:1.8838411779724993 - timing_s/update_weights:1.0350931450375356 - timing_s/step:6.8898282229783945 - timing_per_token_ms/adv:0.052385593162904955 - timing_per_token_ms/update_actor:0.4213467184013642 - timing_per_token_ms/gen:2.1347571161768704 - perf/total_num_tokens:4471 - perf/time_per_step:6.8898282229783945 - perf/throughput:648.9276445367223 - training/num_turns/mean:np.float64(2.0) - training/num_turns/max:np.int64(2) - training/num_turns/min:np.int64(2) - training/off_policy/trajectory_spans/mean:np.float64(1.0) - training/off_policy/trajectory_spans/max:np.float64(1.0) - training/off_policy/trajectory_spans/min:np.float64(1.0) - training/off_policy/trajectory_staleness/mean:np.float64(0.0) - training/off_policy/trajectory_staleness/max:np.float64(0.0) - training/off_policy/trajectory_staleness/min:np.float64(0.0) - training/off_policy/trajectory_staleness_worst/mean:np.float64(0.0) - training/off_policy/trajectory_staleness_worst/max:np.float64(0.0) - training/off_policy/trajectory_staleness_worst/min:np.float64(0.0)
[36m(TaskRunnerV1 pid=859989)[0m step:54 - global_seqlen/min:7633 - global_seqlen/max:7633 - global_seqlen/minmax_diff:0 - global_seqlen/balanced_min:7633 - global_seqlen/balanced_max:7633 - global_seqlen/mean:7633.0 - actor/entropy:0.6323107481002808 - training/rollout_probs_diff_valid:1 - training/rollout_probs_diff_max:0.11895942687988281 - training/rollout_probs_diff_mean:0.004854844883084297 - training/rollout_probs_diff_std:0.00882466696202755 - training/rollout_actor_probs_pearson_corr:0.9995414018630981 - rollout_corr/training_ppl:1.2090035676956177 - rollout_corr/training_log_ppl:0.1351645290851593 - rollout_corr/kl:0.0009213548619300127 - rollout_corr/k3_kl:0.0005871666944585741 - rollout_corr/rollout_ppl:1.2070600986480713 - rollout_corr/rollout_log_ppl:0.13416330516338348 - rollout_corr/log_ppl_diff:0.0010012227576225996 - rollout_corr/log_ppl_abs_diff:0.002719858195632696 - rollout_corr/log_ppl_diff_max:0.052835941314697266 - rollout_corr/log_ppl_diff_min:-0.020364373922348022 - rollout_corr/ppl_ratio:1.0010367631912231 - rollout_corr/chi2_token:0.00048744678497314453 - rollout_corr/chi2_seq:0.022362947463989258 - actor/pg_clipfrac:np.float64(0.0) - actor/ppo_kl:np.float64(0.0) - actor/pg_clipfrac_lower:np.float64(0.0) - actor/pg_loss:np.float64(0.07060503214597702) - actor/loss:np.float64(0.07060503214597702) - actor/grad_norm:np.float64(0.16235661506652832) - actor/lr:np.float64(1e-06) - actor/perf/max_memory_allocated_gb:np.float64(17.23494529724121) - actor/perf/max_memory_reserved_gb:np.float64(29.546875) - actor/perf/cpu_memory_used_gb:np.float64(32.28868103027344) - perf/mfu/actor:np.float64(0.04051734399964761) - training/global_step:54 - training/epoch:0 - critic/score/mean:0.34375 - critic/score/max:1.0 - critic/score/min:0.0 - critic/rewards/mean:0.34375 - critic/rewards/max:1.0 - critic/rewards/min:0.0 - critic/advantages/mean:-0.07060503214597702 - critic/advantages/max:2.4748666286468506 - critic/advantages/min:-1.20761239528656 - critic/returns/mean:-0.07060503214597702 - critic/returns/max:2.4748666286468506 - critic/returns/min:-1.20761239528656 - response_length/mean:116.03125 - response_length/max:512.0 - response_length/min:4.0 - response_length/clip_ratio:0.0625 - response_length_non_aborted/mean:116.03125 - response_length_non_aborted/max:512.0 - response_length_non_aborted/min:4.0 - response_length_non_aborted/clip_ratio:0.0625 - response/aborted_ratio:0.0 - prompt_length/mean:116.5 - prompt_length/max:142.0 - prompt_length/min:81.0 - prompt_length/clip_ratio:0.25 - timing_s/gen:4.410003678000066 - timing_s/old_log_prob:1.2335427140351385 - timing_s/adv:0.23499229201115668 - timing_s/update_actor:2.3398882749606855 - timing_s/update_weights:1.1160873310291208 - timing_s/step:9.733570912969299 - timing_per_token_ms/adv:0.030786360803243373 - timing_per_token_ms/update_actor:0.3065489682904082 - timing_per_token_ms/gen:1.157785160934646 - perf/total_num_tokens:7633 - perf/time_per_step:9.733570912969299 - perf/throughput:784.1931875001357 - training/num_turns/mean:np.float64(2.0) - training/num_turns/max:np.int64(2) - training/num_turns/min:np.int64(2) - training/off_policy/trajectory_spans/mean:np.float64(1.0) - training/off_policy/trajectory_spans/max:np.float64(1.0) - training/off_policy/trajectory_spans/min:np.float64(1.0) - training/off_policy/trajectory_staleness/mean:np.float64(0.0) - training/off_policy/trajectory_staleness/max:np.float64(0.0) - training/off_policy/trajectory_staleness/min:np.float64(0.0) - training/off_policy/trajectory_staleness_worst/mean:np.float64(0.0) - training/off_policy/trajectory_staleness_worst/max:np.float64(0.0) - training/off_policy/trajectory_staleness_worst/min:np.float64(0.0)
[36m(TaskRunnerV1 pid=859989)[0m step:55 - global_seqlen/min:5966 - global_seqlen/max:5966 - global_seqlen/minmax_diff:0 - global_seqlen/balanced_min:5966 - global_seqlen/balanced_max:5966 - global_seqlen/mean:5966.0 - actor/entropy:0.7581024169921875 - training/rollout_probs_diff_valid:1 - training/rollout_probs_diff_max:0.07815584540367126 - training/rollout_probs_diff_mean:0.005458215717226267 - training/rollout_probs_diff_std:0.009334374219179153 - training/rollout_actor_probs_pearson_corr:0.9995309710502625 - rollout_corr/training_ppl:1.178856611251831 - rollout_corr/training_log_ppl:0.12351129204034805 - rollout_corr/kl:-0.0005170312942937016 - rollout_corr/k3_kl:0.0007831400143913925 - rollout_corr/rollout_ppl:1.1818510293960571 - rollout_corr/rollout_log_ppl:0.12544368207454681 - rollout_corr/log_ppl_diff:-0.0019323904998600483 - rollout_corr/log_ppl_abs_diff:0.003911672160029411 - rollout_corr/log_ppl_diff_max:0.045649588108062744 - rollout_corr/log_ppl_diff_min:-0.060725271701812744 - rollout_corr/ppl_ratio:0.9981369972229004 - rollout_corr/chi2_token:0.004175901412963867 - rollout_corr/chi2_seq:0.07614469528198242 - actor/pg_clipfrac:np.float64(0.0) - actor/ppo_kl:np.float64(0.0) - actor/pg_clipfrac_lower:np.float64(0.0) - actor/pg_loss:np.float64(-0.2931365668773651) - actor/loss:np.float64(-0.2931365668773651) - actor/grad_norm:np.float64(0.2658638656139374) - actor/lr:np.float64(1e-06) - actor/perf/max_memory_allocated_gb:np.float64(17.23494529724121) - actor/perf/max_memory_reserved_gb:np.float64(29.546875) - actor/perf/cpu_memory_used_gb:np.float64(32.279781341552734) - perf/mfu/actor:np.float64(0.03454050764223758) - training/global_step:55 - training/epoch:0 - critic/score/mean:0.4375 - critic/score/max:1.0 - critic/score/min:0.0 - critic/rewards/mean:0.4375 - critic/rewards/max:1.0 - critic/rewards/min:0.0 - critic/advantages/mean:0.2931366562843323 - critic/advantages/max:1.6201815605163574 - critic/advantages/min:-1.6201815605163574 - critic/returns/mean:0.2931366562843323 - critic/returns/max:1.6201815605163574 - critic/returns/min:-1.6201815605163574 - response_length/mean:66.1875 - response_length/max:512.0 - response_length/min:4.0 - response_length/clip_ratio:0.03125 - response_length_non_aborted/mean:66.1875 - response_length_non_aborted/max:512.0 - response_length_non_aborted/min:4.0 - response_length_non_aborted/clip_ratio:0.03125 - response/aborted_ratio:0.0 - prompt_length/mean:114.25 - prompt_length/max:142.0 - prompt_length/min:95.0 - prompt_length/clip_ratio:0.25 - timing_s/gen:4.4302698310348205 - timing_s/old_log_prob:1.1330406710039824 - timing_s/adv:0.23907976399641484 - timing_s/update_actor:2.166189781972207 - timing_s/update_weights:1.0589428250095807 - timing_s/step:9.427094339975156 - timing_per_token_ms/adv:0.04007371169903031 - timing_per_token_ms/update_actor:0.3630891354294682 - timing_per_token_ms/gen:2.0010252172695666 - perf/total_num_tokens:5966 - perf/time_per_step:9.427094339975156 - perf/throughput:632.8567196682709 - training/num_turns/mean:np.float64(2.0) - training/num_turns/max:np.int64(2) - training/num_turns/min:np.int64(2) - training/off_policy/trajectory_spans/mean:np.float64(1.0) - training/off_policy/trajectory_spans/max:np.float64(1.0) - training/off_policy/trajectory_spans/min:np.float64(1.0) - training/off_policy/trajectory_staleness/mean:np.float64(0.0) - training/off_policy/trajectory_staleness/max:np.float64(0.0) - training/off_policy/trajectory_staleness/min:np.float64(0.0) - training/off_policy/trajectory_staleness_worst/mean:np.float64(0.0) - training/off_policy/trajectory_staleness_worst/max:np.float64(0.0) - training/off_policy/trajectory_staleness_worst/min:np.float64(0.0)[36m(WorkerDict pid=861242)[0m INFO:2026-07-05 02:08:07,615:update_weights done, time cost: 0.41s
[36m(TaskRunnerV1 pid=859989)[0m Training Progress:  45%|████▍     | 56/125 [08:57<10:56,  9.52s/it]
[36m(WorkerDict pid=861242)[0m INFO:2026-07-05 02:08:18,313:update_weights done, time cost: 0.39s
[36m(TaskRunnerV1 pid=859989)[0m Training Progress:  46%|████▌     | 57/125 [09:08<11:12,  9.88s/it]
[36m(WorkerDict pid=861242)[0m INFO:2026-07-05 02:08:28,164:update_weights done, time cost: 0.38s
[36m(TaskRunnerV1 pid=859989)[0m Training Progress:  46%|████▋     | 58/125 [09:18<11:01,  9.87s/it]

[36m(TaskRunnerV1 pid=859989)[0m step:56 - global_seqlen/min:6398 - global_seqlen/max:6398 - global_seqlen/minmax_diff:0 - global_seqlen/balanced_min:6398 - global_seqlen/balanced_max:6398 - global_seqlen/mean:6398.0 - actor/entropy:0.6689500212669373 - training/rollout_probs_diff_valid:1 - training/rollout_probs_diff_max:0.07588988542556763 - training/rollout_probs_diff_mean:0.0049649449065327644 - training/rollout_probs_diff_std:0.008589409291744232 - training/rollout_actor_probs_pearson_corr:0.999584972858429 - rollout_corr/training_ppl:1.1693991422653198 - rollout_corr/training_log_ppl:0.1125171110033989 - rollout_corr/kl:4.3219482904532924e-05 - rollout_corr/k3_kl:0.00065245246514678 - rollout_corr/rollout_ppl:1.1690387725830078 - rollout_corr/rollout_log_ppl:0.11249959468841553 - rollout_corr/log_ppl_diff:1.7510727047920227e-05 - rollout_corr/log_ppl_abs_diff:0.0020848445128649473 - rollout_corr/log_ppl_diff_max:0.04955008625984192 - rollout_corr/log_ppl_diff_min:-0.03459908068180084 - rollout_corr/ppl_ratio:1.0000412464141846 - rollout_corr/chi2_token:0.002534151077270508 - rollout_corr/chi2_seq:0.07159101963043213 - actor/pg_clipfrac:np.float64(0.0) - actor/ppo_kl:np.float64(0.0) - actor/pg_clipfrac_lower:np.float64(0.0) - actor/pg_loss:np.float64(-0.13987942039966583) - actor/loss:np.float64(-0.13987942039966583) - actor/grad_norm:np.float64(0.2697085738182068) - actor/lr:np.float64(1e-06) - actor/perf/max_memory_allocated_gb:np.float64(17.23494529724121) - actor/perf/max_memory_reserved_gb:np.float64(29.546875) - actor/perf/cpu_memory_used_gb:np.float64(32.27789306640625) - perf/mfu/actor:np.float64(0.03767815792208072) - training/global_step:56 - training/epoch:0 - critic/score/mean:0.34375 - critic/score/max:1.0 - critic/score/min:0.0 - critic/rewards/mean:0.34375 - critic/rewards/max:1.0 - critic/rewards/min:0.0 - critic/advantages/mean:0.13987940549850464 - critic/advantages/max:2.4748666286468506 - critic/advantages/min:-1.6201815605163574 - critic/returns/mean:0.13987940549850464 - critic/returns/max:2.4748666286468506 - critic/returns/min:-1.6201815605163574 - response_length/mean:88.9375 - response_length/max:512.0 - response_length/min:4.0 - response_length/clip_ratio:0.03125 - response_length_non_aborted/mean:88.9375 - response_length_non_aborted/max:512.0 - response_length_non_aborted/min:4.0 - response_length_non_aborted/clip_ratio:0.03125 - response/aborted_ratio:0.0 - prompt_length/mean:105.0 - prompt_length/max:121.0 - prompt_length/min:81.0 - prompt_length/clip_ratio:0.25 - timing_s/gen:4.402951539028436 - timing_s/old_log_prob:1.1698859700118192 - timing_s/adv:0.21979530103271827 - timing_s/update_actor:2.1385272549814545 - timing_s/update_weights:1.0541258830344304 - timing_s/step:9.37862525798846 - timing_per_token_ms/adv:0.034353751333653995 - timing_per_token_ms/update_actor:0.3342493365085112 - timing_per_token_ms/gen:1.496584479615376 - perf/total_num_tokens:6398 - perf/time_per_step:9.37862525798846 - perf/throughput:682.1895346069357 - training/num_turns/mean:np.float64(2.0) - training/num_turns/max:np.int64(2) - training/num_turns/min:np.int64(2) - training/off_policy/trajectory_spans/mean:np.float64(1.0) - training/off_policy/trajectory_spans/max:np.float64(1.0) - training/off_policy/trajectory_spans/min:np.float64(1.0) - training/off_policy/trajectory_staleness/mean:np.float64(0.0) - training/off_policy/trajectory_staleness/max:np.float64(0.0) - training/off_policy/trajectory_staleness/min:np.float64(0.0) - training/off_policy/trajectory_staleness_worst/mean:np.float64(0.0) - training/off_policy/trajectory_staleness_worst/max:np.float64(0.0) - training/off_policy/trajectory_staleness_worst/min:np.float64(0.0)
[36m(TaskRunnerV1 pid=859989)[0m step:57 - global_seqlen/min:9166 - global_seqlen/max:9166 - global_seqlen/minmax_diff:0 - global_seqlen/balanced_min:9166 - global_seqlen/balanced_max:9166 - global_seqlen/mean:9166.0 - actor/entropy:0.6781405210494995 - training/rollout_probs_diff_valid:1 - training/rollout_probs_diff_max:0.07993179559707642 - training/rollout_probs_diff_mean:0.004540064837783575 - training/rollout_probs_diff_std:0.008013655431568623 - training/rollout_actor_probs_pearson_corr:0.9996458888053894 - rollout_corr/training_ppl:1.17910897731781 - rollout_corr/training_log_ppl:0.12125158309936523 - rollout_corr/kl:0.00013403658522292972 - rollout_corr/k3_kl:0.0006048263749107718 - rollout_corr/rollout_ppl:1.1783218383789062 - rollout_corr/rollout_log_ppl:0.12071353197097778 - rollout_corr/log_ppl_diff:0.000538043153937906 - rollout_corr/log_ppl_abs_diff:0.0009609672124497592 - rollout_corr/log_ppl_diff_max:0.014759361743927002 - rollout_corr/log_ppl_diff_min:-0.00900241732597351 - rollout_corr/ppl_ratio:1.0005422830581665 - rollout_corr/chi2_token:0.0021669864654541016 - rollout_corr/chi2_seq:0.026835322380065918 - actor/pg_clipfrac:np.float64(0.0) - actor/ppo_kl:np.float64(0.0) - actor/pg_clipfrac_lower:np.float64(0.0) - actor/pg_loss:np.float64(0.2067887932062149) - actor/loss:np.float64(0.2067887932062149) - actor/grad_norm:np.float64(0.11171853542327881) - actor/lr:np.float64(1e-06) - actor/perf/max_memory_allocated_gb:np.float64(17.23494529724121) - actor/perf/max_memory_reserved_gb:np.float64(29.546875) - actor/perf/cpu_memory_used_gb:np.float64(32.30656814575195) - perf/mfu/actor:np.float64(0.040826974042726595) - training/global_step:57 - training/epoch:0 - critic/score/mean:0.21875 - critic/score/max:1.0 - critic/score/min:0.0 - critic/rewards/mean:0.21875 - critic/rewards/max:1.0 - critic/rewards/min:0.0 - critic/advantages/mean:-0.2067888081073761 - critic/advantages/max:2.4748666286468506 - critic/advantages/min:-0.7245674133300781 - critic/returns/mean:-0.2067888081073761 - critic/returns/max:2.4748666286468506 - critic/returns/min:-0.7245674133300781 - response_length/mean:157.6875 - response_length/max:512.0 - response_length/min:4.0 - response_length/clip_ratio:0.0625 - response_length_non_aborted/mean:157.6875 - response_length_non_aborted/max:512.0 - response_length_non_aborted/min:4.0 - response_length_non_aborted/clip_ratio:0.0625 - response/aborted_ratio:0.0 - prompt_length/mean:122.75 - prompt_length/max:167.0 - prompt_length/min:102.0 - prompt_length/clip_ratio:0.25 - timing_s/gen:4.405720709997695 - timing_s/old_log_prob:1.3702557520009577 - timing_s/adv:0.24492584099061787 - timing_s/update_actor:2.7417564800125547 - timing_s/update_weights:1.1372069679782726 - timing_s/step:10.595715261995792 - timing_per_token_ms/adv:0.026721126008140722 - timing_per_token_ms/update_actor:0.2991224612712802 - timing_per_token_ms/gen:0.856810717619155 - perf/total_num_tokens:9166 - perf/time_per_step:10.595715261995792 - perf/throughput:865.0666588669264 - training/num_turns/mean:np.float64(2.0) - training/num_turns/max:np.int64(2) - training/num_turns/min:np.int64(2) - training/off_policy/trajectory_spans/mean:np.float64(1.0) - training/off_policy/trajectory_spans/max:np.float64(1.0) - training/off_policy/trajectory_spans/min:np.float64(1.0) - training/off_policy/trajectory_staleness/mean:np.float64(0.0) - training/off_policy/trajectory_staleness/max:np.float64(0.0) - training/off_policy/trajectory_staleness/min:np.float64(0.0) - training/off_policy/trajectory_staleness_worst/mean:np.float64(0.0) - training/off_policy/trajectory_staleness_worst/max:np.float64(0.0) - training/off_policy/trajectory_staleness_worst/min:np.float64(0.0)
[36m(TaskRunnerV1 pid=859989)[0m step:58 - global_seqlen/min:7723 - global_seqlen/max:7723 - global_seqlen/minmax_diff:0 - global_seqlen/balanced_min:7723 - global_seqlen/balanced_max:7723 - global_seqlen/mean:7723.0 - actor/entropy:0.6961758136749268 - training/rollout_probs_diff_valid:1 - training/rollout_probs_diff_max:0.0627017617225647 - training/rollout_probs_diff_mean:0.004603484179824591 - training/rollout_probs_diff_std:0.008532360196113586 - training/rollout_actor_probs_pearson_corr:0.9996129274368286 - rollout_corr/training_ppl:1.1857616901397705 - rollout_corr/training_log_ppl:0.11623245477676392 - rollout_corr/kl:-0.0009683981770649552 - rollout_corr/k3_kl:0.0005905671860091388 - rollout_corr/rollout_ppl:1.186742901802063 - rollout_corr/rollout_log_ppl:0.11704617738723755 - rollout_corr/log_ppl_diff:-0.000813729246146977 - rollout_corr/log_ppl_abs_diff:0.0016164083499461412 - rollout_corr/log_ppl_diff_max:0.02304968237876892 - rollout_corr/log_ppl_diff_min:-0.03946441411972046 - rollout_corr/ppl_ratio:0.9992043375968933 - rollout_corr/chi2_token:0.00430607795715332 - rollout_corr/chi2_seq:0.28489065170288086 - actor/pg_clipfrac:np.float64(0.0) - actor/ppo_kl:np.float64(0.0) - actor/pg_clipfrac_lower:np.float64(0.0) - actor/pg_loss:np.float64(0.23618510365486145) - actor/loss:np.float64(0.23618510365486145) - actor/grad_norm:np.float64(0.13080789148807526) - actor/lr:np.float64(1e-06) - actor/perf/max_memory_allocated_gb:np.float64(17.23494529724121) - actor/perf/max_memory_reserved_gb:np.float64(29.546875) - actor/perf/cpu_memory_used_gb:np.float64(32.2994499206543) - perf/mfu/actor:np.float64(0.040379741891596155) - training/global_step:58 - training/epoch:0 - critic/score/mean:0.1875 - critic/score/max:1.0 - critic/score/min:0.0 - critic/rewards/mean:0.1875 - critic/rewards/max:1.0 - critic/rewards/min:0.0 - critic/advantages/mean:-0.23618508875370026 - critic/advantages/max:2.4748666286468506 - critic/advantages/min:-0.7245674133300781 - critic/returns/mean:-0.23618508875370026 - critic/returns/max:2.4748666286468506 - critic/returns/min:-0.7245674133300781 - response_length/mean:110.34375 - response_length/max:512.0 - response_length/min:4.0 - response_length/clip_ratio:0.09375 - response_length_non_aborted/mean:110.34375 - response_length_non_aborted/max:512.0 - response_length_non_aborted/min:4.0 - response_length_non_aborted/clip_ratio:0.09375 - response/aborted_ratio:0.0 - prompt_length/mean:125.0 - prompt_length/max:152.0 - prompt_length/min:102.0 - prompt_length/clip_ratio:0.25 - timing_s/gen:4.441806676972192 - timing_s/old_log_prob:1.2134811830474064 - timing_s/adv:0.2382119749672711 - timing_s/update_actor:2.3732227649888955 - timing_s/update_weights:1.0358769979793578 - timing_s/step:9.693778187036514 - timing_per_token_ms/adv:0.030844487241651054 - timing_per_token_ms/update_actor:0.307292860933432 - timing_per_token_ms/gen:1.2246503107174502 - perf/total_num_tokens:7723 - perf/time_per_step:9.693778187036514 - perf/throughput:796.6965873355721 - training/num_turns/mean:np.float64(2.0) - training/num_turns/max:np.int64(2) - training/num_turns/min:np.int64(2) - training/off_policy/trajectory_spans/mean:np.float64(1.0) - training/off_policy/trajectory_spans/max:np.float64(1.0) - training/off_policy/trajectory_spans/min:np.float64(1.0) - training/off_policy/trajectory_staleness/mean:np.float64(0.0) - training/off_policy/trajectory_staleness/max:np.float64(0.0) - training/off_policy/trajectory_staleness/min:np.float64(0.0) - training/off_policy/trajectory_staleness_worst/mean:np.float64(0.0) - training/off_policy/trajectory_staleness_worst/max:np.float64(0.0) - training/off_policy/trajectory_staleness_worst/min:np.float64(0.0)[36m(WorkerDict pid=861242)[0m INFO:2026-07-05 02:08:39,158:update_weights done, time cost: 0.44s
[36m(TaskRunnerV1 pid=859989)[0m Training Progress:  47%|████▋     | 59/125 [09:29<11:13, 10.20s/it]
[36m(WorkerDict pid=861242)[0m INFO:2026-07-05 02:08:48,553:update_weights done, time cost: 0.36s
[36m(TaskRunnerV1 pid=859989)[0m Training Progress:  48%|████▊     | 60/125 [09:38<10:47,  9.96s/it]
[36m(WorkerDict pid=861242)[0m INFO:2026-07-05 02:08:55,823:update_weights done, time cost: 0.36s
[36m(TaskRunnerV1 pid=859989)[0m Training Progress:  49%|████▉     | 61/125 [09:45<09:45,  9.15s/it]

[36m(TaskRunnerV1 pid=859989)[0m step:59 - global_seqlen/min:10160 - global_seqlen/max:10160 - global_seqlen/minmax_diff:0 - global_seqlen/balanced_min:10160 - global_seqlen/balanced_max:10160 - global_seqlen/mean:10160.0 - actor/entropy:0.659625768661499 - training/rollout_probs_diff_valid:1 - training/rollout_probs_diff_max:0.07913041114807129 - training/rollout_probs_diff_mean:0.004527598153799772 - training/rollout_probs_diff_std:0.00852353498339653 - training/rollout_actor_probs_pearson_corr:0.999602198600769 - rollout_corr/training_ppl:1.2539702653884888 - rollout_corr/training_log_ppl:0.14917099475860596 - rollout_corr/kl:0.0014423014363273978 - rollout_corr/k3_kl:0.0005567703628912568 - rollout_corr/rollout_ppl:1.2555681467056274 - rollout_corr/rollout_log_ppl:0.15010671317577362 - rollout_corr/log_ppl_diff:-0.0009357284288853407 - rollout_corr/log_ppl_abs_diff:0.0026557056698948145 - rollout_corr/log_ppl_diff_max:0.04510042071342468 - rollout_corr/log_ppl_diff_min:-0.060078591108322144 - rollout_corr/ppl_ratio:0.999101459980011 - rollout_corr/chi2_token:-0.00066375732421875 - rollout_corr/chi2_seq:-0.027540147304534912 - actor/pg_clipfrac:np.float64(0.0) - actor/ppo_kl:np.float64(0.0) - actor/pg_clipfrac_lower:np.float64(0.0) - actor/pg_loss:np.float64(0.4505947530269623) - actor/loss:np.float64(0.4505947530269623) - actor/grad_norm:np.float64(0.12432070821523666) - actor/lr:np.float64(1e-06) - actor/perf/max_memory_allocated_gb:np.float64(18.390973567962646) - actor/perf/max_memory_reserved_gb:np.float64(29.546875) - actor/perf/cpu_memory_used_gb:np.float64(32.31832504272461) - perf/mfu/actor:np.float64(0.039333791760096264) - training/global_step:59 - training/epoch:0 - critic/score/mean:0.46875 - critic/score/max:1.0 - critic/score/min:0.0 - critic/rewards/mean:0.46875 - critic/rewards/max:1.0 - critic/rewards/min:0.0 - critic/advantages/mean:-0.45059484243392944 - critic/advantages/max:1.6201815605163574 - critic/advantages/min:-1.6201815605163574 - critic/returns/mean:-0.45059484243392944 - critic/returns/max:1.6201815605163574 - critic/returns/min:-1.6201815605163574 - response_length/mean:166.25 - response_length/max:512.0 - response_length/min:4.0 - response_length/clip_ratio:0.09375 - response_length_non_aborted/mean:166.25 - response_length_non_aborted/max:512.0 - response_length_non_aborted/min:4.0 - response_length_non_aborted/clip_ratio:0.09375 - response/aborted_ratio:0.0 - prompt_length/mean:145.25 - prompt_length/max:228.0 - prompt_length/min:110.0 - prompt_length/clip_ratio:0.25 - timing_s/gen:4.398474893998355 - timing_s/old_log_prob:1.4664362329640426 - timing_s/adv:0.23555928998393938 - timing_s/update_actor:3.1135789700201713 - timing_s/update_weights:1.245836116024293 - timing_s/step:10.851439728983678 - timing_per_token_ms/adv:0.02318496948660821 - timing_per_token_ms/update_actor:0.3064546230334814 - timing_per_token_ms/gen:0.8121260882567125 - perf/total_num_tokens:10160 - perf/time_per_step:10.851439728983678 - perf/throughput:936.2812911233451 - training/num_turns/mean:np.float64(2.0) - training/num_turns/max:np.int64(2) - training/num_turns/min:np.int64(2) - training/off_policy/trajectory_spans/mean:np.float64(1.0) - training/off_policy/trajectory_spans/max:np.float64(1.0) - training/off_policy/trajectory_spans/min:np.float64(1.0) - training/off_policy/trajectory_staleness/mean:np.float64(0.0) - training/off_policy/trajectory_staleness/max:np.float64(0.0) - training/off_policy/trajectory_staleness/min:np.float64(0.0) - training/off_policy/trajectory_staleness_worst/mean:np.float64(0.0) - training/off_policy/trajectory_staleness_worst/max:np.float64(0.0) - training/off_policy/trajectory_staleness_worst/min:np.float64(0.0)
[36m(TaskRunnerV1 pid=859989)[0m step:60 - global_seqlen/min:5158 - global_seqlen/max:5158 - global_seqlen/minmax_diff:0 - global_seqlen/balanced_min:5158 - global_seqlen/balanced_max:5158 - global_seqlen/mean:5158.0 - actor/entropy:1.1751189231872559 - training/rollout_probs_diff_valid:1 - training/rollout_probs_diff_max:0.07645013928413391 - training/rollout_probs_diff_mean:0.005636557471007109 - training/rollout_probs_diff_std:0.009118909947574139 - training/rollout_actor_probs_pearson_corr:0.9996086955070496 - rollout_corr/training_ppl:1.4756784439086914 - rollout_corr/training_log_ppl:0.17074042558670044 - rollout_corr/kl:0.0018579927273094654 - rollout_corr/k3_kl:0.0009301102836616337 - rollout_corr/rollout_ppl:1.4716875553131104 - rollout_corr/rollout_log_ppl:0.17025074362754822 - rollout_corr/log_ppl_diff:0.000489714671857655 - rollout_corr/log_ppl_abs_diff:0.003326477948576212 - rollout_corr/log_ppl_diff_max:0.04412055015563965 - rollout_corr/log_ppl_diff_min:-0.022586941719055176 - rollout_corr/ppl_ratio:1.0005258321762085 - rollout_corr/chi2_token:-6.4373016357421875e-06 - rollout_corr/chi2_seq:0.002637147903442383 - actor/pg_clipfrac:np.float64(0.0) - actor/ppo_kl:np.float64(0.0) - actor/pg_clipfrac_lower:np.float64(0.0) - actor/pg_loss:np.float64(0.5675881505012512) - actor/loss:np.float64(0.5675881505012512) - actor/grad_norm:np.float64(0.25298699736595154) - actor/lr:np.float64(1e-06) - actor/perf/max_memory_allocated_gb:np.float64(18.390973567962646) - actor/perf/max_memory_reserved_gb:np.float64(30.794921875) - actor/perf/cpu_memory_used_gb:np.float64(32.28858947753906) - perf/mfu/actor:np.float64(0.03258077591977391) - training/global_step:60 - training/epoch:0 - critic/score/mean:0.28125 - critic/score/max:1.0 - critic/score/min:0.0 - critic/rewards/mean:0.28125 - critic/rewards/max:1.0 - critic/rewards/min:0.0 - critic/advantages/mean:-0.5675881505012512 - critic/advantages/max:2.4748666286468506 - critic/advantages/min:-1.20761239528656 - critic/returns/mean:-0.5675881505012512 - critic/returns/max:2.4748666286468506 - critic/returns/min:-1.20761239528656 - response_length/mean:56.1875 - response_length/max:512.0 - response_length/min:4.0 - response_length/clip_ratio:0.03125 - response_length_non_aborted/mean:56.1875 - response_length_non_aborted/max:512.0 - response_length_non_aborted/min:4.0 - response_length_non_aborted/clip_ratio:0.03125 - response/aborted_ratio:0.0 - prompt_length/mean:99.0 - prompt_length/max:126.0 - prompt_length/min:85.0 - prompt_length/clip_ratio:0.25 - timing_s/gen:4.437633787980303 - timing_s/old_log_prob:1.1178871180163696 - timing_s/adv:0.23250026401365176 - timing_s/update_actor:2.012025186966639 - timing_s/update_weights:1.0481572020216845 - timing_s/step:9.242946801008657 - timing_per_token_ms/adv:0.04507566188709805 - timing_per_token_ms/update_actor:0.390078555053633 - timing_per_token_ms/gen:2.3429956641923457 - perf/total_num_tokens:5158 - perf/time_per_step:9.242946801008657 - perf/throughput:558.0471370274599 - training/num_turns/mean:np.float64(2.0) - training/num_turns/max:np.int64(2) - training/num_turns/min:np.int64(2) - training/off_policy/trajectory_spans/mean:np.float64(1.0) - training/off_policy/trajectory_spans/max:np.float64(1.0) - training/off_policy/trajectory_spans/min:np.float64(1.0) - training/off_policy/trajectory_staleness/mean:np.float64(0.0) - training/off_policy/trajectory_staleness/max:np.float64(0.0) - training/off_policy/trajectory_staleness/min:np.float64(0.0) - training/off_policy/trajectory_staleness_worst/mean:np.float64(0.0) - training/off_policy/trajectory_staleness_worst/max:np.float64(0.0) - training/off_policy/trajectory_staleness_worst/min:np.float64(0.0)
[36m(TaskRunnerV1 pid=859989)[0m step:61 - global_seqlen/min:5034 - global_seqlen/max:5034 - global_seqlen/minmax_diff:0 - global_seqlen/balanced_min:5034 - global_seqlen/balanced_max:5034 - global_seqlen/mean:5034.0 - actor/entropy:0.8681036233901978 - training/rollout_probs_diff_valid:1 - training/rollout_probs_diff_max:0.06889832019805908 - training/rollout_probs_diff_mean:0.005420838017016649 - training/rollout_probs_diff_std:0.009305262006819248 - training/rollout_actor_probs_pearson_corr:0.9995718598365784 - rollout_corr/training_ppl:1.2196475267410278 - rollout_corr/training_log_ppl:0.12241016328334808 - rollout_corr/kl:-0.0004583809932228178 - rollout_corr/k3_kl:0.0007837084122002125 - rollout_corr/rollout_ppl:1.2189579010009766 - rollout_corr/rollout_log_ppl:0.12214444577693939 - rollout_corr/log_ppl_diff:0.0002657131408341229 - rollout_corr/log_ppl_abs_diff:0.001902876771055162 - rollout_corr/log_ppl_diff_max:0.04635822772979736 - rollout_corr/log_ppl_diff_min:-0.015877410769462585 - rollout_corr/ppl_ratio:1.0002832412719727 - rollout_corr/chi2_token:0.004059910774230957 - rollout_corr/chi2_seq:0.03845691680908203 - actor/pg_clipfrac:np.float64(0.0) - actor/ppo_kl:np.float64(0.0) - actor/pg_clipfrac_lower:np.float64(0.0) - actor/pg_loss:np.float64(0.27696850895881653) - actor/loss:np.float64(0.27696850895881653) - actor/grad_norm:np.float64(0.29310062527656555) - actor/lr:np.float64(1e-06) - actor/perf/max_memory_allocated_gb:np.float64(18.390973567962646) - actor/perf/max_memory_reserved_gb:np.float64(30.794921875) - actor/perf/cpu_memory_used_gb:np.float64(32.287750244140625) - perf/mfu/actor:np.float64(0.03212627923613252) - training/global_step:61 - training/epoch:0 - critic/score/mean:0.46875 - critic/score/max:1.0 - critic/score/min:0.0 - critic/rewards/mean:0.46875 - critic/rewards/max:1.0 - critic/rewards/min:0.0 - critic/advantages/mean:-0.27696850895881653 - critic/advantages/max:1.6201815605163574 - critic/advantages/min:-1.20761239528656 - critic/returns/mean:-0.27696850895881653 - critic/returns/max:1.6201815605163574 - critic/returns/min:-1.20761239528656 - response_length/mean:55.3125 - response_length/max:367.0 - response_length/min:4.0 - response_length/clip_ratio:0.03125 - response_length_non_aborted/mean:55.3125 - response_length_non_aborted/max:367.0 - response_length_non_aborted/min:4.0 - response_length_non_aborted/clip_ratio:0.03125 - response/aborted_ratio:0.0 - prompt_length/mean:96.0 - prompt_length/max:107.0 - prompt_length/min:86.0 - prompt_length/clip_ratio:0.25 - timing_s/gen:2.418069473002106 - timing_s/old_log_prob:1.0783297340385616 - timing_s/adv:0.23098552000010386 - timing_s/update_actor:1.9849540599971078 - timing_s/update_weights:1.0298202369594947 - timing_s/step:7.13599878695095 - timing_per_token_ms/adv:0.04588508541917041 - timing_per_token_ms/update_actor:0.39430950734944537 - timing_per_token_ms/gen:1.2958571666677952 - perf/total_num_tokens:5034 - perf/time_per_step:7.13599878695095 - perf/throughput:705.4373396482756 - training/num_turns/mean:np.float64(2.0) - training/num_turns/max:np.int64(2) - training/num_turns/min:np.int64(2) - training/off_policy/trajectory_spans/mean:np.float64(1.0) - training/off_policy/trajectory_spans/max:np.float64(1.0) - training/off_policy/trajectory_spans/min:np.float64(1.0) - training/off_policy/trajectory_staleness/mean:np.float64(0.0) - training/off_policy/trajectory_staleness/max:np.float64(0.0) - training/off_policy/trajectory_staleness/min:np.float64(0.0) - training/off_policy/trajectory_staleness_worst/mean:np.float64(0.0) - training/off_policy/trajectory_staleness_worst/max:np.float64(0.0) - training/off_policy/trajectory_staleness_worst/min:np.float64(0.0)[36m(WorkerDict pid=861242)[0m INFO:2026-07-05 02:09:06,379:update_weights done, time cost: 0.44s
[36m(TaskRunnerV1 pid=859989)[0m Training Progress:  50%|████▉     | 62/125 [09:56<10:03,  9.58s/it]
[36m(WorkerDict pid=861242)[0m INFO:2026-07-05 02:09:16,101:update_weights done, time cost: 0.39s
[36m(TaskRunnerV1 pid=859989)[0m Training Progress:  50%|█████     | 63/125 [10:06<09:56,  9.62s/it]
[36m(WorkerDict pid=861242)[0m INFO:2026-07-05 02:09:23,397:update_weights done, time cost: 0.37s
[36m(TaskRunnerV1 pid=859989)[0m Training Progress:  51%|█████     | 64/125 [10:13<09:04,  8.92s/it]

[36m(TaskRunnerV1 pid=859989)[0m step:62 - global_seqlen/min:9197 - global_seqlen/max:9197 - global_seqlen/minmax_diff:0 - global_seqlen/balanced_min:9197 - global_seqlen/balanced_max:9197 - global_seqlen/mean:9197.0 - actor/entropy:0.6988880038261414 - training/rollout_probs_diff_valid:1 - training/rollout_probs_diff_max:0.06621968746185303 - training/rollout_probs_diff_mean:0.00433084974065423 - training/rollout_probs_diff_std:0.008450615219771862 - training/rollout_actor_probs_pearson_corr:0.9996241331100464 - rollout_corr/training_ppl:1.3494173288345337 - rollout_corr/training_log_ppl:0.12924908101558685 - rollout_corr/kl:0.0004266939649824053 - rollout_corr/k3_kl:0.0005345067474991083 - rollout_corr/rollout_ppl:1.3486113548278809 - rollout_corr/rollout_log_ppl:0.12909391522407532 - rollout_corr/log_ppl_diff:0.0001551946043036878 - rollout_corr/log_ppl_abs_diff:0.0018322303658351302 - rollout_corr/log_ppl_diff_max:0.03969791531562805 - rollout_corr/log_ppl_diff_min:-0.030467510223388672 - rollout_corr/ppl_ratio:1.0001733303070068 - rollout_corr/chi2_token:0.0012744665145874023 - rollout_corr/chi2_seq:0.026131033897399902 - actor/pg_clipfrac:np.float64(0.0) - actor/ppo_kl:np.float64(0.0) - actor/pg_clipfrac_lower:np.float64(0.0) - actor/pg_loss:np.float64(0.14728353917598724) - actor/loss:np.float64(0.14728353917598724) - actor/grad_norm:np.float64(0.14633040130138397) - actor/lr:np.float64(1e-06) - actor/perf/max_memory_allocated_gb:np.float64(18.390973567962646) - actor/perf/max_memory_reserved_gb:np.float64(30.794921875) - actor/perf/cpu_memory_used_gb:np.float64(32.32122039794922) - perf/mfu/actor:np.float64(0.04029208978062336) - training/global_step:62 - training/epoch:0 - critic/score/mean:0.40625 - critic/score/max:1.0 - critic/score/min:0.0 - critic/rewards/mean:0.40625 - critic/rewards/max:1.0 - critic/rewards/min:0.0 - critic/advantages/mean:-0.14728353917598724 - critic/advantages/max:1.20761239528656 - critic/advantages/min:-0.935412585735321 - critic/returns/mean:-0.14728353917598724 - critic/returns/max:1.20761239528656 - critic/returns/min:-0.935412585735321 - response_length/mean:162.90625 - response_length/max:512.0 - response_length/min:4.0 - response_length/clip_ratio:0.15625 - response_length_non_aborted/mean:162.90625 - response_length_non_aborted/max:512.0 - response_length_non_aborted/min:4.0 - response_length_non_aborted/clip_ratio:0.15625 - response/aborted_ratio:0.0 - prompt_length/mean:118.5 - prompt_length/max:169.0 - prompt_length/min:79.0 - prompt_length/clip_ratio:0.25 - timing_s/gen:4.4136526539805345 - timing_s/old_log_prob:1.3820016119861975 - timing_s/adv:0.23863301594974473 - timing_s/update_actor:2.784433202003129 - timing_s/update_weights:1.2141223779763095 - timing_s/step:10.431046112964395 - timing_per_token_ms/adv:0.02594683222243609 - timing_per_token_ms/update_actor:0.3027545071222278 - timing_per_token_ms/gen:0.8313529203203116 - perf/total_num_tokens:9197 - perf/time_per_step:10.431046112964395 - perf/throughput:881.6948847124124 - training/num_turns/mean:np.float64(2.0) - training/num_turns/max:np.int64(2) - training/num_turns/min:np.int64(2) - training/off_policy/trajectory_spans/mean:np.float64(1.0) - training/off_policy/trajectory_spans/max:np.float64(1.0) - training/off_policy/trajectory_spans/min:np.float64(1.0) - training/off_policy/trajectory_staleness/mean:np.float64(0.0) - training/off_policy/trajectory_staleness/max:np.float64(0.0) - training/off_policy/trajectory_staleness/min:np.float64(0.0) - training/off_policy/trajectory_staleness_worst/mean:np.float64(0.0) - training/off_policy/trajectory_staleness_worst/max:np.float64(0.0) - training/off_policy/trajectory_staleness_worst/min:np.float64(0.0)
[36m(TaskRunnerV1 pid=859989)[0m step:63 - global_seqlen/min:6908 - global_seqlen/max:6908 - global_seqlen/minmax_diff:0 - global_seqlen/balanced_min:6908 - global_seqlen/balanced_max:6908 - global_seqlen/mean:6908.0 - actor/entropy:0.8210951089859009 - training/rollout_probs_diff_valid:1 - training/rollout_probs_diff_max:0.07251971960067749 - training/rollout_probs_diff_mean:0.0051866802386939526 - training/rollout_probs_diff_std:0.008429338224232197 - training/rollout_actor_probs_pearson_corr:0.9996235370635986 - rollout_corr/training_ppl:1.2459791898727417 - rollout_corr/training_log_ppl:0.15333446860313416 - rollout_corr/kl:0.0003370108315721154 - rollout_corr/k3_kl:0.000702337478287518 - rollout_corr/rollout_ppl:1.2447603940963745 - rollout_corr/rollout_log_ppl:0.15309517085552216 - rollout_corr/log_ppl_diff:0.00023931777104735374 - rollout_corr/log_ppl_abs_diff:0.002415802562609315 - rollout_corr/log_ppl_diff_max:0.030404210090637207 - rollout_corr/log_ppl_diff_min:-0.03176957368850708 - rollout_corr/ppl_ratio:1.0002634525299072 - rollout_corr/chi2_token:0.002133011817932129 - rollout_corr/chi2_seq:0.20785367488861084 - actor/pg_clipfrac:np.float64(0.0) - actor/ppo_kl:np.float64(0.0) - actor/pg_clipfrac_lower:np.float64(0.0) - actor/pg_loss:np.float64(0.05625571310520172) - actor/loss:np.float64(0.05625571310520172) - actor/grad_norm:np.float64(0.21029132604599) - actor/lr:np.float64(1e-06) - actor/perf/max_memory_allocated_gb:np.float64(18.390973567962646) - actor/perf/max_memory_reserved_gb:np.float64(30.794921875) - actor/perf/cpu_memory_used_gb:np.float64(32.310794830322266) - perf/mfu/actor:np.float64(0.039163587827154726) - training/global_step:63 - training/epoch:0 - critic/score/mean:0.4375 - critic/score/max:1.0 - critic/score/min:0.0 - critic/rewards/mean:0.4375 - critic/rewards/max:1.0 - critic/rewards/min:0.0 - critic/advantages/mean:-0.056255634874105453 - critic/advantages/max:1.6201815605163574 - critic/advantages/min:-1.20761239528656 - critic/returns/mean:-0.056255634874105453 - critic/returns/max:1.6201815605163574 - critic/returns/min:-1.20761239528656 - response_length/mean:102.625 - response_length/max:512.0 - response_length/min:4.0 - response_length/clip_ratio:0.0625 - response_length_non_aborted/mean:102.625 - response_length_non_aborted/max:512.0 - response_length_non_aborted/min:4.0 - response_length_non_aborted/clip_ratio:0.0625 - response/aborted_ratio:0.0 - prompt_length/mean:107.25 - prompt_length/max:117.0 - prompt_length/min:92.0 - prompt_length/clip_ratio:0.25 - timing_s/gen:4.451047603972256 - timing_s/old_log_prob:1.1878969090175815 - timing_s/adv:0.23280056298244745 - timing_s/update_actor:2.2035495650488883 - timing_s/update_weights:1.1161484079784714 - timing_s/step:9.590232816000935 - timing_per_token_ms/adv:0.033700139401049135 - timing_per_token_ms/update_actor:0.31898517154732026 - timing_per_token_ms/gen:1.3168779893409042 - perf/total_num_tokens:6908 - perf/time_per_step:9.590232816000935 - perf/throughput:720.3161938336124 - training/num_turns/mean:np.float64(2.0) - training/num_turns/max:np.int64(2) - training/num_turns/min:np.int64(2) - training/off_policy/trajectory_spans/mean:np.float64(1.0) - training/off_policy/trajectory_spans/max:np.float64(1.0) - training/off_policy/trajectory_spans/min:np.float64(1.0) - training/off_policy/trajectory_staleness/mean:np.float64(0.0) - training/off_policy/trajectory_staleness/max:np.float64(0.0) - training/off_policy/trajectory_staleness/min:np.float64(0.0) - training/off_policy/trajectory_staleness_worst/mean:np.float64(0.0) - training/off_policy/trajectory_staleness_worst/max:np.float64(0.0) - training/off_policy/trajectory_staleness_worst/min:np.float64(0.0)
[36m(TaskRunnerV1 pid=859989)[0m step:64 - global_seqlen/min:5417 - global_seqlen/max:5417 - global_seqlen/minmax_diff:0 - global_seqlen/balanced_min:5417 - global_seqlen/balanced_max:5417 - global_seqlen/mean:5417.0 - actor/entropy:0.6709427833557129 - training/rollout_probs_diff_valid:1 - training/rollout_probs_diff_max:0.062197327613830566 - training/rollout_probs_diff_mean:0.005316333379596472 - training/rollout_probs_diff_std:0.009288615547120571 - training/rollout_actor_probs_pearson_corr:0.9994997978210449 - rollout_corr/training_ppl:1.1419905424118042 - rollout_corr/training_log_ppl:0.10635171085596085 - rollout_corr/kl:-0.0007768230279907584 - rollout_corr/k3_kl:0.0005434497143141925 - rollout_corr/rollout_ppl:1.1442146301269531 - rollout_corr/rollout_log_ppl:0.10797134786844254 - rollout_corr/log_ppl_diff:-0.0016196316573768854 - rollout_corr/log_ppl_abs_diff:0.003069794038310647 - rollout_corr/log_ppl_diff_max:0.03809636831283569 - rollout_corr/log_ppl_diff_min:-0.03595846891403198 - rollout_corr/ppl_ratio:0.9984122514724731 - rollout_corr/chi2_token:0.0037235021591186523 - rollout_corr/chi2_seq:0.07153594493865967 - actor/pg_clipfrac:np.float64(0.0) - actor/ppo_kl:np.float64(0.0) - actor/pg_clipfrac_lower:np.float64(0.0) - actor/pg_loss:np.float64(-0.48464858531951904) - actor/loss:np.float64(-0.48464858531951904) - actor/grad_norm:np.float64(0.35045433044433594) - actor/lr:np.float64(1e-06) - actor/perf/max_memory_allocated_gb:np.float64(18.390973567962646) - actor/perf/max_memory_reserved_gb:np.float64(30.794921875) - actor/perf/cpu_memory_used_gb:np.float64(32.29865264892578) - perf/mfu/actor:np.float64(0.03424752709596338) - training/global_step:64 - training/epoch:0 - critic/score/mean:0.21875 - critic/score/max:1.0 - critic/score/min:0.0 - critic/rewards/mean:0.21875 - critic/rewards/max:1.0 - critic/rewards/min:0.0 - critic/advantages/mean:0.4846486449241638 - critic/advantages/max:2.4748666286468506 - critic/advantages/min:-0.935412585735321 - critic/returns/mean:0.4846486449241638 - critic/returns/max:2.4748666286468506 - critic/returns/min:-0.935412585735321 - response_length/mean:57.28125 - response_length/max:371.0 - response_length/min:4.0 - response_length/clip_ratio:0.03125 - response_length_non_aborted/mean:57.28125 - response_length_non_aborted/max:371.0 - response_length_non_aborted/min:4.0 - response_length_non_aborted/clip_ratio:0.03125 - response/aborted_ratio:0.0 - prompt_length/mean:106.0 - prompt_length/max:120.0 - prompt_length/min:90.0 - prompt_length/clip_ratio:0.25 - timing_s/gen:2.3894019600120373 - timing_s/old_log_prob:1.0692924660397694 - timing_s/adv:0.23869437701068819 - timing_s/update_actor:2.0041033449815586 - timing_s/update_weights:1.0711293540080078 - timing_s/step:7.155812885961495 - timing_per_token_ms/adv:0.0440639425901215 - timing_per_token_ms/update_actor:0.36996554273242727 - timing_per_token_ms/gen:1.238673903583223 - perf/total_num_tokens:5417 - perf/time_per_step:7.155812885961495 - perf/throughput:757.0069377620599 - training/num_turns/mean:np.float64(2.0) - training/num_turns/max:np.int64(2) - training/num_turns/min:np.int64(2) - training/off_policy/trajectory_spans/mean:np.float64(1.0) - training/off_policy/trajectory_spans/max:np.float64(1.0) - training/off_policy/trajectory_spans/min:np.float64(1.0) - training/off_policy/trajectory_staleness/mean:np.float64(0.0) - training/off_policy/trajectory_staleness/max:np.float64(0.0) - training/off_policy/trajectory_staleness/min:np.float64(0.0) - training/off_policy/trajectory_staleness_worst/mean:np.float64(0.0) - training/off_policy/trajectory_staleness_worst/max:np.float64(0.0) - training/off_policy/trajectory_staleness_worst/min:np.float64(0.0)[36m(WorkerDict pid=861242)[0m INFO:2026-07-05 02:09:30,707:update_weights done, time cost: 0.39s
[36m(TaskRunnerV1 pid=859989)[0m Training Progress:  52%|█████▏    | 65/125 [10:20<08:27,  8.45s/it]
[36m(WorkerDict pid=861242)[0m INFO:2026-07-05 02:09:40,119:update_weights done, time cost: 0.38s
[36m(TaskRunnerV1 pid=859989)[0m Training Progress:  53%|█████▎    | 66/125 [10:30<08:35,  8.73s/it]
[36m(WorkerDict pid=861242)[0m INFO:2026-07-05 02:09:49,983:update_weights done, time cost: 0.37s
[36m(TaskRunnerV1 pid=859989)[0m Training Progress:  54%|█████▎    | 67/125 [10:40<08:46,  9.07s/it]

[36m(TaskRunnerV1 pid=859989)[0m step:65 - global_seqlen/min:4633 - global_seqlen/max:4633 - global_seqlen/minmax_diff:0 - global_seqlen/balanced_min:4633 - global_seqlen/balanced_max:4633 - global_seqlen/mean:4633.0 - actor/entropy:0.7153886556625366 - training/rollout_probs_diff_valid:1 - training/rollout_probs_diff_max:0.05907183885574341 - training/rollout_probs_diff_mean:0.005229156464338303 - training/rollout_probs_diff_std:0.008920234628021717 - training/rollout_actor_probs_pearson_corr:0.9995542168617249 - rollout_corr/training_ppl:1.13677179813385 - rollout_corr/training_log_ppl:0.09984909743070602 - rollout_corr/kl:0.00026391749270260334 - rollout_corr/k3_kl:0.0006621818174608052 - rollout_corr/rollout_ppl:1.1352648735046387 - rollout_corr/rollout_log_ppl:0.09865137189626694 - rollout_corr/log_ppl_diff:0.0011977236717939377 - rollout_corr/log_ppl_abs_diff:0.002639523008838296 - rollout_corr/log_ppl_diff_max:0.029288336634635925 - rollout_corr/log_ppl_diff_min:-0.03437328338623047 - rollout_corr/ppl_ratio:1.0012242794036865 - rollout_corr/chi2_token:0.0021315813064575195 - rollout_corr/chi2_seq:0.018253445625305176 - actor/pg_clipfrac:np.float64(0.0) - actor/ppo_kl:np.float64(0.0) - actor/pg_clipfrac_lower:np.float64(0.0) - actor/pg_loss:np.float64(-0.8067405223846436) - actor/loss:np.float64(-0.8067405223846436) - actor/grad_norm:np.float64(0.42475491762161255) - actor/lr:np.float64(1e-06) - actor/perf/max_memory_allocated_gb:np.float64(18.390973567962646) - actor/perf/max_memory_reserved_gb:np.float64(30.794921875) - actor/perf/cpu_memory_used_gb:np.float64(32.295841217041016) - perf/mfu/actor:np.float64(0.030345605795099654) - training/global_step:65 - training/epoch:0 - critic/score/mean:0.1875 - critic/score/max:1.0 - critic/score/min:0.0 - critic/rewards/mean:0.1875 - critic/rewards/max:1.0 - critic/rewards/min:0.0 - critic/advantages/mean:0.8067407011985779 - critic/advantages/max:1.6201815605163574 - critic/advantages/min:-0.5400605201721191 - critic/returns/mean:0.8067407011985779 - critic/returns/max:1.6201815605163574 - critic/returns/min:-0.5400605201721191 - response_length/mean:37.78125 - response_length/max:385.0 - response_length/min:4.0 - response_length/clip_ratio:0.03125 - response_length_non_aborted/mean:37.78125 - response_length_non_aborted/max:385.0 - response_length_non_aborted/min:4.0 - response_length_non_aborted/clip_ratio:0.03125 - response/aborted_ratio:0.0 - prompt_length/mean:101.0 - prompt_length/max:111.0 - prompt_length/min:85.0 - prompt_length/clip_ratio:0.25 - timing_s/gen:2.4103290839702822 - timing_s/old_log_prob:1.0992327040294185 - timing_s/adv:0.2373946810257621 - timing_s/update_actor:1.9462670310167596 - timing_s/update_weights:1.1322330749826506 - timing_s/step:7.218996215960942 - timing_per_token_ms/adv:0.0512399484191155 - timing_per_token_ms/update_actor:0.42008785474136834 - timing_per_token_ms/gen:1.8469954666438944 - perf/total_num_tokens:4633 - perf/time_per_step:7.218996215960942 - perf/throughput:641.7789761070386 - training/num_turns/mean:np.float64(2.0) - training/num_turns/max:np.int64(2) - training/num_turns/min:np.int64(2) - training/off_policy/trajectory_spans/mean:np.float64(1.0) - training/off_policy/trajectory_spans/max:np.float64(1.0) - training/off_policy/trajectory_spans/min:np.float64(1.0) - training/off_policy/trajectory_staleness/mean:np.float64(0.0) - training/off_policy/trajectory_staleness/max:np.float64(0.0) - training/off_policy/trajectory_staleness/min:np.float64(0.0) - training/off_policy/trajectory_staleness_worst/mean:np.float64(0.0) - training/off_policy/trajectory_staleness_worst/max:np.float64(0.0) - training/off_policy/trajectory_staleness_worst/min:np.float64(0.0)
[36m(TaskRunnerV1 pid=859989)[0m step:66 - global_seqlen/min:4988 - global_seqlen/max:4988 - global_seqlen/minmax_diff:0 - global_seqlen/balanced_min:4988 - global_seqlen/balanced_max:4988 - global_seqlen/mean:4988.0 - actor/entropy:1.0757030248641968 - training/rollout_probs_diff_valid:1 - training/rollout_probs_diff_max:0.05755463242530823 - training/rollout_probs_diff_mean:0.005662076640874147 - training/rollout_probs_diff_std:0.00869288295507431 - training/rollout_actor_probs_pearson_corr:0.9996088147163391 - rollout_corr/training_ppl:1.2010678052902222 - rollout_corr/training_log_ppl:0.1315688192844391 - rollout_corr/kl:-1.8199691112386063e-05 - rollout_corr/k3_kl:0.0008191978558897972 - rollout_corr/rollout_ppl:1.1994943618774414 - rollout_corr/rollout_log_ppl:0.1305716633796692 - rollout_corr/log_ppl_diff:0.000997150898911059 - rollout_corr/log_ppl_abs_diff:0.0028994211461395025 - rollout_corr/log_ppl_diff_max:0.0388735830783844 - rollout_corr/log_ppl_diff_min:-0.0404609739780426 - rollout_corr/ppl_ratio:1.0010303258895874 - rollout_corr/chi2_token:0.003307342529296875 - rollout_corr/chi2_seq:0.01837766170501709 - actor/pg_clipfrac:np.float64(0.0) - actor/ppo_kl:np.float64(0.0) - actor/pg_clipfrac_lower:np.float64(0.0) - actor/pg_loss:np.float64(0.19537945091724396) - actor/loss:np.float64(0.19537945091724396) - actor/grad_norm:np.float64(0.1449960619211197) - actor/lr:np.float64(1e-06) - actor/perf/max_memory_allocated_gb:np.float64(18.390973567962646) - actor/perf/max_memory_reserved_gb:np.float64(30.794921875) - actor/perf/cpu_memory_used_gb:np.float64(32.29668426513672) - perf/mfu/actor:np.float64(0.03193787257185877) - training/global_step:66 - training/epoch:0 - critic/score/mean:0.125 - critic/score/max:1.0 - critic/score/min:0.0 - critic/rewards/mean:0.125 - critic/rewards/max:1.0 - critic/rewards/min:0.0 - critic/advantages/mean:-0.19537945091724396 - critic/advantages/max:2.4748666286468506 - critic/advantages/min:-0.7245674133300781 - critic/returns/mean:-0.19537945091724396 - critic/returns/max:2.4748666286468506 - critic/returns/min:-0.7245674133300781 - response_length/mean:55.125 - response_length/max:505.0 - response_length/min:4.0 - response_length/clip_ratio:0.03125 - response_length_non_aborted/mean:55.125 - response_length_non_aborted/max:505.0 - response_length_non_aborted/min:4.0 - response_length_non_aborted/clip_ratio:0.03125 - response/aborted_ratio:0.0 - prompt_length/mean:94.75 - prompt_length/max:112.0 - prompt_length/min:78.0 - prompt_length/clip_ratio:0.25 - timing_s/gen:4.421823240001686 - timing_s/old_log_prob:1.1109999309992418 - timing_s/adv:0.23476951598422602 - timing_s/update_actor:1.996108944003936 - timing_s/update_weights:1.0932718580006622 - timing_s/step:9.248853210010566 - timing_per_token_ms/adv:0.04706686366965237 - timing_per_token_ms/update_actor:0.40018222614353166 - timing_per_token_ms/gen:2.3773243225815515 - perf/total_num_tokens:4988 - perf/time_per_step:9.248853210010566 - perf/throughput:539.3101054519062 - training/num_turns/mean:np.float64(2.0) - training/num_turns/max:np.int64(2) - training/num_turns/min:np.int64(2) - training/off_policy/trajectory_spans/mean:np.float64(1.0) - training/off_policy/trajectory_spans/max:np.float64(1.0) - training/off_policy/trajectory_spans/min:np.float64(1.0) - training/off_policy/trajectory_staleness/mean:np.float64(0.0) - training/off_policy/trajectory_staleness/max:np.float64(0.0) - training/off_policy/trajectory_staleness/min:np.float64(0.0) - training/off_policy/trajectory_staleness_worst/mean:np.float64(0.0) - training/off_policy/trajectory_staleness_worst/max:np.float64(0.0) - training/off_policy/trajectory_staleness_worst/min:np.float64(0.0)
[36m(TaskRunnerV1 pid=859989)[0m step:67 - global_seqlen/min:7563 - global_seqlen/max:7563 - global_seqlen/minmax_diff:0 - global_seqlen/balanced_min:7563 - global_seqlen/balanced_max:7563 - global_seqlen/mean:7563.0 - actor/entropy:0.9177322387695312 - training/rollout_probs_diff_valid:1 - training/rollout_probs_diff_max:0.07679295539855957 - training/rollout_probs_diff_mean:0.006006268318742514 - training/rollout_probs_diff_std:0.009381448850035667 - training/rollout_actor_probs_pearson_corr:0.9995231628417969 - rollout_corr/training_ppl:1.2420896291732788 - rollout_corr/training_log_ppl:0.14693011343479156 - rollout_corr/kl:0.00016416024300269783 - rollout_corr/k3_kl:0.0007876954041421413 - rollout_corr/rollout_ppl:1.2430366277694702 - rollout_corr/rollout_log_ppl:0.1473718285560608 - rollout_corr/log_ppl_diff:-0.00044170930050313473 - rollout_corr/log_ppl_abs_diff:0.0026894346810877323 - rollout_corr/log_ppl_diff_max:0.02892124652862549 - rollout_corr/log_ppl_diff_min:-0.07627981901168823 - rollout_corr/ppl_ratio:0.9996007084846497 - rollout_corr/chi2_token:0.002843499183654785 - rollout_corr/chi2_seq:0.16273760795593262 - actor/pg_clipfrac:np.float64(0.0) - actor/ppo_kl:np.float64(0.0) - actor/pg_clipfrac_lower:np.float64(0.0) - actor/pg_loss:np.float64(0.22571967542171478) - actor/loss:np.float64(0.22571967542171478) - actor/grad_norm:np.float64(0.07906140387058258) - actor/lr:np.float64(1e-06) - actor/perf/max_memory_allocated_gb:np.float64(18.390973567962646) - actor/perf/max_memory_reserved_gb:np.float64(30.794921875) - actor/perf/cpu_memory_used_gb:np.float64(32.320045471191406) - perf/mfu/actor:np.float64(0.04032499034875403) - training/global_step:67 - training/epoch:0 - critic/score/mean:0.09375 - critic/score/max:1.0 - critic/score/min:0.0 - critic/rewards/mean:0.09375 - critic/rewards/max:1.0 - critic/rewards/min:0.0 - critic/advantages/mean:-0.2257196605205536 - critic/advantages/max:2.4748666286468506 - critic/advantages/min:-0.5400605201721191 - critic/returns/mean:-0.2257196605205536 - critic/returns/max:2.4748666286468506 - critic/returns/min:-0.5400605201721191 - response_length/mean:123.34375 - response_length/max:511.0 - response_length/min:4.0 - response_length/clip_ratio:0.03125 - response_length_non_aborted/mean:123.34375 - response_length_non_aborted/max:511.0 - response_length_non_aborted/min:4.0 - response_length_non_aborted/clip_ratio:0.03125 - response/aborted_ratio:0.0 - prompt_length/mean:107.0 - prompt_length/max:112.0 - prompt_length/min:97.0 - prompt_length/clip_ratio:0.5 - timing_s/gen:4.400071945972741 - timing_s/old_log_prob:1.2396800019778311 - timing_s/adv:0.2412625040160492 - timing_s/update_actor:2.3288620359962806 - timing_s/update_weights:1.1264667700161226 - timing_s/step:9.71824173303321 - timing_per_token_ms/adv:0.03190037075446902 - timing_per_token_ms/update_actor:0.30792834007619735 - timing_per_token_ms/gen:1.0883185619521991 - perf/total_num_tokens:7563 - perf/time_per_step:9.71824173303321 - perf/throughput:778.2271945646976 - training/num_turns/mean:np.float64(2.0) - training/num_turns/max:np.int64(2) - training/num_turns/min:np.int64(2) - training/off_policy/trajectory_spans/mean:np.float64(1.0) - training/off_policy/trajectory_spans/max:np.float64(1.0) - training/off_policy/trajectory_spans/min:np.float64(1.0) - training/off_policy/trajectory_staleness/mean:np.float64(0.0) - training/off_policy/trajectory_staleness/max:np.float64(0.0) - training/off_policy/trajectory_staleness/min:np.float64(0.0) - training/off_policy/trajectory_staleness_worst/mean:np.float64(0.0) - training/off_policy/trajectory_staleness_worst/max:np.float64(0.0) - training/off_policy/trajectory_staleness_worst/min:np.float64(0.0)[36m(WorkerDict pid=861242)[0m INFO:2026-07-05 02:09:57,355:update_weights done, time cost: 0.40s
[36m(TaskRunnerV1 pid=859989)[0m Training Progress:  54%|█████▍    | 68/125 [10:47<08:07,  8.55s/it]
[36m(WorkerDict pid=861242)[0m INFO:2026-07-05 02:10:05,032:update_weights done, time cost: 0.37s
[36m(TaskRunnerV1 pid=859989)[0m Training Progress:  55%|█████▌    | 69/125 [10:55<07:44,  8.29s/it]
[36m(WorkerDict pid=861242)[0m INFO:2026-07-05 02:10:12,564:update_weights done, time cost: 0.36s
[36m(TaskRunnerV1 pid=859989)[0m Training Progress:  56%|█████▌    | 70/125 [11:02<07:23,  8.07s/it]

[36m(TaskRunnerV1 pid=859989)[0m step:68 - global_seqlen/min:5203 - global_seqlen/max:5203 - global_seqlen/minmax_diff:0 - global_seqlen/balanced_min:5203 - global_seqlen/balanced_max:5203 - global_seqlen/mean:5203.0 - actor/entropy:0.6951797604560852 - training/rollout_probs_diff_valid:1 - training/rollout_probs_diff_max:0.06217014789581299 - training/rollout_probs_diff_mean:0.005347845610231161 - training/rollout_probs_diff_std:0.009372910484671593 - training/rollout_actor_probs_pearson_corr:0.9995133876800537 - rollout_corr/training_ppl:1.1742675304412842 - rollout_corr/training_log_ppl:0.11750807613134384 - rollout_corr/kl:0.0015287802089005709 - rollout_corr/k3_kl:0.0006765320431441069 - rollout_corr/rollout_ppl:1.1730239391326904 - rollout_corr/rollout_log_ppl:0.11659342050552368 - rollout_corr/log_ppl_diff:0.0009146530646830797 - rollout_corr/log_ppl_abs_diff:0.0024341263342648745 - rollout_corr/log_ppl_diff_max:0.0321081280708313 - rollout_corr/log_ppl_diff_min:-0.035657525062561035 - rollout_corr/ppl_ratio:1.000937819480896 - rollout_corr/chi2_token:-0.00037425756454467773 - rollout_corr/chi2_seq:-0.01583462953567505 - actor/pg_clipfrac:np.float64(0.0) - actor/ppo_kl:np.float64(0.0) - actor/pg_clipfrac_lower:np.float64(0.0) - actor/pg_loss:np.float64(-0.3715215027332306) - actor/loss:np.float64(-0.3715215027332306) - actor/grad_norm:np.float64(0.34057092666625977) - actor/lr:np.float64(1e-06) - actor/perf/max_memory_allocated_gb:np.float64(18.390973567962646) - actor/perf/max_memory_reserved_gb:np.float64(30.794921875) - actor/perf/cpu_memory_used_gb:np.float64(32.30415344238281) - perf/mfu/actor:np.float64(0.03296678718432794) - training/global_step:68 - training/epoch:0 - critic/score/mean:0.375 - critic/score/max:1.0 - critic/score/min:0.0 - critic/rewards/mean:0.375 - critic/rewards/max:1.0 - critic/rewards/min:0.0 - critic/advantages/mean:0.3715214431285858 - critic/advantages/max:2.4748666286468506 - critic/advantages/min:-1.20761239528656 - critic/returns/mean:0.3715214431285858 - critic/returns/max:2.4748666286468506 - critic/returns/min:-1.20761239528656 - response_length/mean:50.34375 - response_length/max:296.0 - response_length/min:4.0 - response_length/clip_ratio:0.03125 - response_length_non_aborted/mean:50.34375 - response_length_non_aborted/max:296.0 - response_length_non_aborted/min:4.0 - response_length_non_aborted/clip_ratio:0.03125 - response/aborted_ratio:0.0 - prompt_length/mean:106.25 - prompt_length/max:123.0 - prompt_length/min:85.0 - prompt_length/clip_ratio:0.25 - timing_s/gen:2.4014118799823336 - timing_s/old_log_prob:1.0978487849934027 - timing_s/adv:0.2325844980077818 - timing_s/update_actor:2.00119924597675 - timing_s/update_weights:1.068396027025301 - timing_s/step:7.195909355999902 - timing_per_token_ms/adv:0.04470199846392116 - timing_per_token_ms/update_actor:0.38462411031650007 - timing_per_token_ms/gen:1.406802507312439 - perf/total_num_tokens:5203 - perf/time_per_step:7.195909355999902 - perf/throughput:723.0496859527243 - training/num_turns/mean:np.float64(2.0) - training/num_turns/max:np.int64(2) - training/num_turns/min:np.int64(2) - training/off_policy/trajectory_spans/mean:np.float64(1.0) - training/off_policy/trajectory_spans/max:np.float64(1.0) - training/off_policy/trajectory_spans/min:np.float64(1.0) - training/off_policy/trajectory_staleness/mean:np.float64(0.0) - training/off_policy/trajectory_staleness/max:np.float64(0.0) - training/off_policy/trajectory_staleness/min:np.float64(0.0) - training/off_policy/trajectory_staleness_worst/mean:np.float64(0.0) - training/off_policy/trajectory_staleness_worst/max:np.float64(0.0) - training/off_policy/trajectory_staleness_worst/min:np.float64(0.0)
[36m(TaskRunnerV1 pid=859989)[0m step:69 - global_seqlen/min:6822 - global_seqlen/max:6822 - global_seqlen/minmax_diff:0 - global_seqlen/balanced_min:6822 - global_seqlen/balanced_max:6822 - global_seqlen/mean:6822.0 - actor/entropy:0.5401815176010132 - training/rollout_probs_diff_valid:1 - training/rollout_probs_diff_max:0.06243211030960083 - training/rollout_probs_diff_mean:0.005016695708036423 - training/rollout_probs_diff_std:0.00906302873045206 - training/rollout_actor_probs_pearson_corr:0.9994675517082214 - rollout_corr/training_ppl:1.2830297946929932 - rollout_corr/training_log_ppl:0.1332494020462036 - rollout_corr/kl:-0.0006619669729843736 - rollout_corr/k3_kl:0.0005505759618245065 - rollout_corr/rollout_ppl:1.2800896167755127 - rollout_corr/rollout_log_ppl:0.1319563239812851 - rollout_corr/log_ppl_diff:0.0012930844677612185 - rollout_corr/log_ppl_abs_diff:0.003532112343236804 - rollout_corr/log_ppl_diff_max:0.05951350927352905 - rollout_corr/log_ppl_diff_min:-0.02073127031326294 - rollout_corr/ppl_ratio:1.0013482570648193 - rollout_corr/chi2_token:0.0035489797592163086 - rollout_corr/chi2_seq:0.07028019428253174 - actor/pg_clipfrac:np.float64(0.0) - actor/ppo_kl:np.float64(0.0) - actor/pg_clipfrac_lower:np.float64(0.0) - actor/pg_loss:np.float64(0.1565525084733963) - actor/loss:np.float64(0.1565525084733963) - actor/grad_norm:np.float64(0.2016032189130783) - actor/lr:np.float64(1e-06) - actor/perf/max_memory_allocated_gb:np.float64(18.390973567962646) - actor/perf/max_memory_reserved_gb:np.float64(30.794921875) - actor/perf/cpu_memory_used_gb:np.float64(32.32754898071289) - perf/mfu/actor:np.float64(0.0391311374729657) - training/global_step:69 - training/epoch:0 - critic/score/mean:0.375 - critic/score/max:1.0 - critic/score/min:0.0 - critic/rewards/mean:0.375 - critic/rewards/max:1.0 - critic/rewards/min:0.0 - critic/advantages/mean:-0.15655238926410675 - critic/advantages/max:1.6201815605163574 - critic/advantages/min:-0.935412585735321 - critic/returns/mean:-0.15655238926410675 - critic/returns/max:1.6201815605163574 - critic/returns/min:-0.935412585735321 - response_length/mean:80.1875 - response_length/max:415.0 - response_length/min:4.0 - response_length/clip_ratio:0.03125 - response_length_non_aborted/mean:80.1875 - response_length_non_aborted/max:415.0 - response_length_non_aborted/min:4.0 - response_length_non_aborted/clip_ratio:0.03125 - response/aborted_ratio:0.0 - prompt_length/mean:127.0 - prompt_length/max:148.0 - prompt_length/min:111.0 - prompt_length/clip_ratio:0.25 - timing_s/gen:2.4176592139992863 - timing_s/old_log_prob:1.1972599070286378 - timing_s/adv:0.23996091994922608 - timing_s/update_actor:2.19274408405181 - timing_s/update_weights:1.086018141999375 - timing_s/step:7.5302709370153025 - timing_per_token_ms/adv:0.035174570499739974 - timing_per_token_ms/update_actor:0.32142246907824834 - timing_per_token_ms/gen:0.9082115755068694 - perf/total_num_tokens:6822 - perf/time_per_step:7.5302709370153025 - perf/throughput:905.9434988542348 - training/num_turns/mean:np.float64(2.0) - training/num_turns/max:np.int64(2) - training/num_turns/min:np.int64(2) - training/off_policy/trajectory_spans/mean:np.float64(1.0) - training/off_policy/trajectory_spans/max:np.float64(1.0) - training/off_policy/trajectory_spans/min:np.float64(1.0) - training/off_policy/trajectory_staleness/mean:np.float64(0.0) - training/off_policy/trajectory_staleness/max:np.float64(0.0) - training/off_policy/trajectory_staleness/min:np.float64(0.0) - training/off_policy/trajectory_staleness_worst/mean:np.float64(0.0) - training/off_policy/trajectory_staleness_worst/max:np.float64(0.0) - training/off_policy/trajectory_staleness_worst/min:np.float64(0.0)
[36m(TaskRunnerV1 pid=859989)[0m step:70 - global_seqlen/min:6465 - global_seqlen/max:6465 - global_seqlen/minmax_diff:0 - global_seqlen/balanced_min:6465 - global_seqlen/balanced_max:6465 - global_seqlen/mean:6465.0 - actor/entropy:0.8769561648368835 - training/rollout_probs_diff_valid:1 - training/rollout_probs_diff_max:0.08043915033340454 - training/rollout_probs_diff_mean:0.005566064268350601 - training/rollout_probs_diff_std:0.009328187443315983 - training/rollout_actor_probs_pearson_corr:0.9995474815368652 - rollout_corr/training_ppl:1.264695644378662 - rollout_corr/training_log_ppl:0.1515515297651291 - rollout_corr/kl:0.0013582751853391528 - rollout_corr/k3_kl:0.0007822327897883952 - rollout_corr/rollout_ppl:1.2653722763061523 - rollout_corr/rollout_log_ppl:0.15243849158287048 - rollout_corr/log_ppl_diff:-0.0008869754383340478 - rollout_corr/log_ppl_abs_diff:0.0027004778385162354 - rollout_corr/log_ppl_diff_max:0.03924769163131714 - rollout_corr/log_ppl_diff_min:-0.028161823749542236 - rollout_corr/ppl_ratio:0.9991409778594971 - rollout_corr/chi2_token:0.000396728515625 - rollout_corr/chi2_seq:0.017110586166381836 - actor/pg_clipfrac:np.float64(0.0) - actor/ppo_kl:np.float64(0.0) - actor/pg_clipfrac_lower:np.float64(0.0) - actor/pg_loss:np.float64(-0.040327541530132294) - actor/loss:np.float64(-0.040327541530132294) - actor/grad_norm:np.float64(0.21951347589492798) - actor/lr:np.float64(1e-06) - actor/perf/max_memory_allocated_gb:np.float64(18.390973567962646) - actor/perf/max_memory_reserved_gb:np.float64(30.794921875) - actor/perf/cpu_memory_used_gb:np.float64(32.31977081298828) - perf/mfu/actor:np.float64(0.03769271929762043) - training/global_step:70 - training/epoch:0 - critic/score/mean:0.21875 - critic/score/max:1.0 - critic/score/min:0.0 - critic/rewards/mean:0.21875 - critic/rewards/max:1.0 - critic/rewards/min:0.0 - critic/advantages/mean:0.04032763093709946 - critic/advantages/max:1.6201815605163574 - critic/advantages/min:-0.7245674133300781 - critic/returns/mean:0.04032763093709946 - critic/returns/max:1.6201815605163574 - critic/returns/min:-0.7245674133300781 - response_length/mean:73.03125 - response_length/max:306.0 - response_length/min:4.0 - response_length/clip_ratio:0.03125 - response_length_non_aborted/mean:73.03125 - response_length_non_aborted/max:306.0 - response_length_non_aborted/min:4.0 - response_length_non_aborted/clip_ratio:0.03125 - response/aborted_ratio:0.0 - prompt_length/mean:123.0 - prompt_length/max:218.0 - prompt_length/min:85.0 - prompt_length/clip_ratio:0.25 - timing_s/gen:2.391857402981259 - timing_s/old_log_prob:1.1777530040126294 - timing_s/adv:0.23346985899843276 - timing_s/update_actor:2.156373508973047 - timing_s/update_weights:1.069059539004229 - timing_s/step:7.421761632023845 - timing_per_token_ms/adv:0.03611289388993546 - timing_per_token_ms/update_actor:0.33354578638407534 - timing_per_token_ms/gen:0.9830897669466745 - perf/total_num_tokens:6465 - perf/time_per_step:7.421761632023845 - perf/throughput:871.0869899276265 - training/num_turns/mean:np.float64(2.0) - training/num_turns/max:np.int64(2) - training/num_turns/min:np.int64(2) - training/off_policy/trajectory_spans/mean:np.float64(1.0) - training/off_policy/trajectory_spans/max:np.float64(1.0) - training/off_policy/trajectory_spans/min:np.float64(1.0) - training/off_policy/trajectory_staleness/mean:np.float64(0.0) - training/off_policy/trajectory_staleness/max:np.float64(0.0) - training/off_policy/trajectory_staleness/min:np.float64(0.0) - training/off_policy/trajectory_staleness_worst/mean:np.float64(0.0) - training/off_policy/trajectory_staleness_worst/max:np.float64(0.0) - training/off_policy/trajectory_staleness_worst/min:np.float64(0.0)[36m(WorkerDict pid=861242)[0m INFO:2026-07-05 02:10:22,641:update_weights done, time cost: 0.38s
[36m(TaskRunnerV1 pid=859989)[0m Training Progress:  57%|█████▋    | 71/125 [11:12<07:47,  8.67s/it]
[36m(WorkerDict pid=861242)[0m INFO:2026-07-05 02:10:33,014:update_weights done, time cost: 0.39s
[36m(TaskRunnerV1 pid=859989)[0m Training Progress:  58%|█████▊    | 72/125 [11:23<08:07,  9.19s/it]
[36m(WorkerDict pid=861242)[0m INFO:2026-07-05 02:10:42,714:update_weights done, time cost: 0.40s
[36m(TaskRunnerV1 pid=859989)[0m Training Progress:  58%|█████▊    | 73/125 [11:32<08:05,  9.34s/it]

[36m(TaskRunnerV1 pid=859989)[0m step:71 - global_seqlen/min:7742 - global_seqlen/max:7742 - global_seqlen/minmax_diff:0 - global_seqlen/balanced_min:7742 - global_seqlen/balanced_max:7742 - global_seqlen/mean:7742.0 - actor/entropy:0.540381133556366 - training/rollout_probs_diff_valid:1 - training/rollout_probs_diff_max:0.08330345153808594 - training/rollout_probs_diff_mean:0.004110434092581272 - training/rollout_probs_diff_std:0.008463792502880096 - training/rollout_actor_probs_pearson_corr:0.9995851516723633 - rollout_corr/training_ppl:1.1869457960128784 - rollout_corr/training_log_ppl:0.12684017419815063 - rollout_corr/kl:0.00023698578297626227 - rollout_corr/k3_kl:0.0005301870405673981 - rollout_corr/rollout_ppl:1.1901607513427734 - rollout_corr/rollout_log_ppl:0.1290590614080429 - rollout_corr/log_ppl_diff:-0.0022188853472471237 - rollout_corr/log_ppl_abs_diff:0.0035741361789405346 - rollout_corr/log_ppl_diff_max:0.022035643458366394 - rollout_corr/log_ppl_diff_min:-0.060545533895492554 - rollout_corr/ppl_ratio:0.9978398084640503 - rollout_corr/chi2_token:0.0016475915908813477 - rollout_corr/chi2_seq:0.022242188453674316 - actor/pg_clipfrac:np.float64(0.0) - actor/ppo_kl:np.float64(0.0) - actor/pg_clipfrac_lower:np.float64(0.0) - actor/pg_loss:np.float64(0.04797521233558655) - actor/loss:np.float64(0.04797521233558655) - actor/grad_norm:np.float64(0.10216020792722702) - actor/lr:np.float64(1e-06) - actor/perf/max_memory_allocated_gb:np.float64(18.390973567962646) - actor/perf/max_memory_reserved_gb:np.float64(30.794921875) - actor/perf/cpu_memory_used_gb:np.float64(32.3339958190918) - perf/mfu/actor:np.float64(0.03862971771001662) - training/global_step:71 - training/epoch:0 - critic/score/mean:0.15625 - critic/score/max:1.0 - critic/score/min:0.0 - critic/rewards/mean:0.15625 - critic/rewards/max:1.0 - critic/rewards/min:0.0 - critic/advantages/mean:-0.04797520861029625 - critic/advantages/max:1.6201815605163574 - critic/advantages/min:-0.7245674133300781 - critic/returns/mean:-0.04797520861029625 - critic/returns/max:1.6201815605163574 - critic/returns/min:-0.7245674133300781 - response_length/mean:118.9375 - response_length/max:512.0 - response_length/min:4.0 - response_length/clip_ratio:0.0625 - response_length_non_aborted/mean:118.9375 - response_length_non_aborted/max:512.0 - response_length_non_aborted/min:4.0 - response_length_non_aborted/clip_ratio:0.0625 - response/aborted_ratio:0.0 - prompt_length/mean:117.0 - prompt_length/max:136.0 - prompt_length/min:93.0 - prompt_length/clip_ratio:0.25 - timing_s/gen:4.442768378008623 - timing_s/old_log_prob:1.2466555039864033 - timing_s/adv:0.23365393903804943 - timing_s/update_actor:2.47798641002737 - timing_s/update_weights:1.124987107992638 - timing_s/step:9.921178643999156 - timing_per_token_ms/adv:0.030180048958673395 - timing_per_token_ms/update_actor:0.32007057737372385 - timing_per_token_ms/gen:1.1385874879571047 - perf/total_num_tokens:7742 - perf/time_per_step:9.921178643999156 - perf/throughput:780.3508310661016 - training/num_turns/mean:np.float64(2.0) - training/num_turns/max:np.int64(2) - training/num_turns/min:np.int64(2) - training/off_policy/trajectory_spans/mean:np.float64(1.0) - training/off_policy/trajectory_spans/max:np.float64(1.0) - training/off_policy/trajectory_spans/min:np.float64(1.0) - training/off_policy/trajectory_staleness/mean:np.float64(0.0) - training/off_policy/trajectory_staleness/max:np.float64(0.0) - training/off_policy/trajectory_staleness/min:np.float64(0.0) - training/off_policy/trajectory_staleness_worst/mean:np.float64(0.0) - training/off_policy/trajectory_staleness_worst/max:np.float64(0.0) - training/off_policy/trajectory_staleness_worst/min:np.float64(0.0)
[36m(TaskRunnerV1 pid=859989)[0m step:72 - global_seqlen/min:8898 - global_seqlen/max:8898 - global_seqlen/minmax_diff:0 - global_seqlen/balanced_min:8898 - global_seqlen/balanced_max:8898 - global_seqlen/mean:8898.0 - actor/entropy:0.6420341730117798 - training/rollout_probs_diff_valid:1 - training/rollout_probs_diff_max:0.06025981903076172 - training/rollout_probs_diff_mean:0.0039596413262188435 - training/rollout_probs_diff_std:0.007888282649219036 - training/rollout_actor_probs_pearson_corr:0.9996659755706787 - rollout_corr/training_ppl:1.1841521263122559 - rollout_corr/training_log_ppl:0.1265544891357422 - rollout_corr/kl:-0.00018812324560713023 - rollout_corr/k3_kl:0.0005338365444913507 - rollout_corr/rollout_ppl:1.184105634689331 - rollout_corr/rollout_log_ppl:0.1265040934085846 - rollout_corr/log_ppl_diff:5.041179247200489e-05 - rollout_corr/log_ppl_abs_diff:0.001427454175427556 - rollout_corr/log_ppl_diff_max:0.018893271684646606 - rollout_corr/log_ppl_diff_min:-0.026341259479522705 - rollout_corr/ppl_ratio:1.0000602006912231 - rollout_corr/chi2_token:0.002518177032470703 - rollout_corr/chi2_seq:0.07497072219848633 - actor/pg_clipfrac:np.float64(0.0) - actor/ppo_kl:np.float64(0.0) - actor/pg_clipfrac_lower:np.float64(0.0) - actor/pg_loss:np.float64(0.044870972633361816) - actor/loss:np.float64(0.044870972633361816) - actor/grad_norm:np.float64(0.08876299858093262) - actor/lr:np.float64(1e-06) - actor/perf/max_memory_allocated_gb:np.float64(18.390973567962646) - actor/perf/max_memory_reserved_gb:np.float64(30.794921875) - actor/perf/cpu_memory_used_gb:np.float64(32.3510856628418) - perf/mfu/actor:np.float64(0.04054704108235364) - training/global_step:72 - training/epoch:0 - critic/score/mean:0.125 - critic/score/max:1.0 - critic/score/min:0.0 - critic/rewards/mean:0.125 - critic/rewards/max:1.0 - critic/rewards/min:0.0 - critic/advantages/mean:-0.04487098008394241 - critic/advantages/max:2.4748666286468506 - critic/advantages/min:-0.7245674133300781 - critic/returns/mean:-0.04487098008394241 - critic/returns/max:2.4748666286468506 - critic/returns/min:-0.7245674133300781 - response_length/mean:163.0625 - response_length/max:512.0 - response_length/min:4.0 - response_length/clip_ratio:0.125 - response_length_non_aborted/mean:163.0625 - response_length_non_aborted/max:512.0 - response_length_non_aborted/min:4.0 - response_length_non_aborted/clip_ratio:0.125 - response/aborted_ratio:0.0 - prompt_length/mean:109.0 - prompt_length/max:117.0 - prompt_length/min:95.0 - prompt_length/clip_ratio:0.25 - timing_s/gen:4.437250151997432 - timing_s/old_log_prob:1.3550437050289474 - timing_s/adv:0.23904223804129288 - timing_s/update_actor:2.682947066030465 - timing_s/update_weights:1.187532634998206 - timing_s/step:10.271001125976909 - timing_per_token_ms/adv:0.026864715446312977 - timing_per_token_ms/update_actor:0.30152248438193585 - timing_per_token_ms/gen:0.835011319532825 - perf/total_num_tokens:8898 - perf/time_per_step:10.271001125976909 - perf/throughput:866.3225610496349 - training/num_turns/mean:np.float64(2.0) - training/num_turns/max:np.int64(2) - training/num_turns/min:np.int64(2) - training/off_policy/trajectory_spans/mean:np.float64(1.0) - training/off_policy/trajectory_spans/max:np.float64(1.0) - training/off_policy/trajectory_spans/min:np.float64(1.0) - training/off_policy/trajectory_staleness/mean:np.float64(0.0) - training/off_policy/trajectory_staleness/max:np.float64(0.0) - training/off_policy/trajectory_staleness/min:np.float64(0.0) - training/off_policy/trajectory_staleness_worst/mean:np.float64(0.0) - training/off_policy/trajectory_staleness_worst/max:np.float64(0.0) - training/off_policy/trajectory_staleness_worst/min:np.float64(0.0)
[36m(TaskRunnerV1 pid=859989)[0m step:73 - global_seqlen/min:6540 - global_seqlen/max:6540 - global_seqlen/minmax_diff:0 - global_seqlen/balanced_min:6540 - global_seqlen/balanced_max:6540 - global_seqlen/mean:6540.0 - actor/entropy:0.6085696816444397 - training/rollout_probs_diff_valid:1 - training/rollout_probs_diff_max:0.05841243267059326 - training/rollout_probs_diff_mean:0.0044452776201069355 - training/rollout_probs_diff_std:0.008103045634925365 - training/rollout_actor_probs_pearson_corr:0.9996166229248047 - rollout_corr/training_ppl:1.1692843437194824 - rollout_corr/training_log_ppl:0.11811874806880951 - rollout_corr/kl:0.00011270581308053806 - rollout_corr/k3_kl:0.0006110957474447787 - rollout_corr/rollout_ppl:1.170404314994812 - rollout_corr/rollout_log_ppl:0.11853072047233582 - rollout_corr/log_ppl_diff:-0.00041197065729647875 - rollout_corr/log_ppl_abs_diff:0.0027527576312422752 - rollout_corr/log_ppl_diff_max:0.026420950889587402 - rollout_corr/log_ppl_diff_min:-0.05542665719985962 - rollout_corr/ppl_ratio:0.9996217489242554 - rollout_corr/chi2_token:0.002211451530456543 - rollout_corr/chi2_seq:0.055638909339904785 - actor/pg_clipfrac:np.float64(0.0) - actor/ppo_kl:np.float64(0.0) - actor/pg_clipfrac_lower:np.float64(0.0) - actor/pg_loss:np.float64(0.28725865483283997) - actor/loss:np.float64(0.28725865483283997) - actor/grad_norm:np.float64(0.18336506187915802) - actor/lr:np.float64(1e-06) - actor/perf/max_memory_allocated_gb:np.float64(18.390973567962646) - actor/perf/max_memory_reserved_gb:np.float64(30.794921875) - actor/perf/cpu_memory_used_gb:np.float64(32.33251953125) - perf/mfu/actor:np.float64(0.03755892383347975) - training/global_step:73 - training/epoch:0 - critic/score/mean:0.5 - critic/score/max:1.0 - critic/score/min:0.0 - critic/rewards/mean:0.5 - critic/rewards/max:1.0 - critic/rewards/min:0.0 - critic/advantages/mean:-0.2872585952281952 - critic/advantages/max:1.6201815605163574 - critic/advantages/min:-1.20761239528656 - critic/returns/mean:-0.2872585952281952 - critic/returns/max:1.6201815605163574 - critic/returns/min:-1.20761239528656 - response_length/mean:79.125 - response_length/max:512.0 - response_length/min:4.0 - response_length/clip_ratio:0.0625 - response_length_non_aborted/mean:79.125 - response_length_non_aborted/max:512.0 - response_length_non_aborted/min:4.0 - response_length_non_aborted/clip_ratio:0.0625 - response/aborted_ratio:0.0 - prompt_length/mean:119.25 - prompt_length/max:137.0 - prompt_length/min:108.0 - prompt_length/clip_ratio:0.25 - timing_s/gen:4.4293128389981575 - timing_s/old_log_prob:1.1873456090106629 - timing_s/adv:0.23924365197308362 - timing_s/update_actor:2.1759433050174266 - timing_s/update_weights:1.1506946200388484 - timing_s/step:9.571152101038024 - timing_per_token_ms/adv:0.03658159816102196 - timing_per_token_ms/update_actor:0.3327130435806463 - timing_per_token_ms/gen:1.6854310650677922 - perf/total_num_tokens:6540 - perf/time_per_step:9.571152101038024 - perf/throughput:683.303319282818 - training/num_turns/mean:np.float64(2.0) - training/num_turns/max:np.int64(2) - training/num_turns/min:np.int64(2) - training/off_policy/trajectory_spans/mean:np.float64(1.0) - training/off_policy/trajectory_spans/max:np.float64(1.0) - training/off_policy/trajectory_spans/min:np.float64(1.0) - training/off_policy/trajectory_staleness/mean:np.float64(0.0) - training/off_policy/trajectory_staleness/max:np.float64(0.0) - training/off_policy/trajectory_staleness/min:np.float64(0.0) - training/off_policy/trajectory_staleness_worst/mean:np.float64(0.0) - training/off_policy/trajectory_staleness_worst/max:np.float64(0.0) - training/off_policy/trajectory_staleness_worst/min:np.float64(0.0)[36m(WorkerDict pid=861242)[0m INFO:2026-07-05 02:10:52,677:update_weights done, time cost: 0.41s
[36m(TaskRunnerV1 pid=859989)[0m Training Progress:  59%|█████▉    | 74/125 [11:42<08:05,  9.52s/it]
[36m(WorkerDict pid=861242)[0m INFO:2026-07-05 02:11:03,214:update_weights done, time cost: 0.42s
[36m(TaskRunnerV1 pid=859989)[0m Training Progress:  60%|██████    | 75/125 [11:57<09:18, 11.18s/it]
[36m(WorkerDict pid=861242)[0m INFO:2026-07-05 02:11:17,234:update_weights done, time cost: 0.36s
[36m(TaskRunnerV1 pid=859989)[0m Training Progress:  61%|██████    | 76/125 [12:07<08:43, 10.67s/it]

[36m(TaskRunnerV1 pid=859989)[0m step:74 - global_seqlen/min:7271 - global_seqlen/max:7271 - global_seqlen/minmax_diff:0 - global_seqlen/balanced_min:7271 - global_seqlen/balanced_max:7271 - global_seqlen/mean:7271.0 - actor/entropy:0.593492865562439 - training/rollout_probs_diff_valid:1 - training/rollout_probs_diff_max:0.06023365259170532 - training/rollout_probs_diff_mean:0.003989167511463165 - training/rollout_probs_diff_std:0.008020569570362568 - training/rollout_actor_probs_pearson_corr:0.9996434450149536 - rollout_corr/training_ppl:1.161948800086975 - rollout_corr/training_log_ppl:0.11122758686542511 - rollout_corr/kl:0.0003878291754517704 - rollout_corr/k3_kl:0.0005049161845818162 - rollout_corr/rollout_ppl:1.1639896631240845 - rollout_corr/rollout_log_ppl:0.11269129812717438 - rollout_corr/log_ppl_diff:-0.0014637063723057508 - rollout_corr/log_ppl_abs_diff:0.0021208999678492546 - rollout_corr/log_ppl_diff_max:0.019773125648498535 - rollout_corr/log_ppl_diff_min:-0.050234466791152954 - rollout_corr/ppl_ratio:0.998559832572937 - rollout_corr/chi2_token:0.001244187355041504 - rollout_corr/chi2_seq:0.055754780769348145 - actor/pg_clipfrac:np.float64(0.0) - actor/ppo_kl:np.float64(0.0) - actor/pg_clipfrac_lower:np.float64(0.0) - actor/pg_loss:np.float64(-0.4542110860347748) - actor/loss:np.float64(-0.4542110860347748) - actor/grad_norm:np.float64(0.1755252629518509) - actor/lr:np.float64(1e-06) - actor/perf/max_memory_allocated_gb:np.float64(18.390973567962646) - actor/perf/max_memory_reserved_gb:np.float64(30.794921875) - actor/perf/cpu_memory_used_gb:np.float64(32.34237289428711) - perf/mfu/actor:np.float64(0.03830961042310975) - training/global_step:74 - training/epoch:0 - critic/score/mean:0.0625 - critic/score/max:1.0 - critic/score/min:0.0 - critic/rewards/mean:0.0625 - critic/rewards/max:1.0 - critic/rewards/min:0.0 - critic/advantages/mean:0.4542110562324524 - critic/advantages/max:2.4748666286468506 - critic/advantages/min:-0.35355237126350403 - critic/returns/mean:0.4542110562324524 - critic/returns/max:2.4748666286468506 - critic/returns/min:-0.35355237126350403 - response_length/mean:97.46875 - response_length/max:512.0 - response_length/min:4.0 - response_length/clip_ratio:0.0625 - response_length_non_aborted/mean:97.46875 - response_length_non_aborted/max:512.0 - response_length_non_aborted/min:4.0 - response_length_non_aborted/clip_ratio:0.0625 - response/aborted_ratio:0.0 - prompt_length/mean:123.75 - prompt_length/max:174.0 - prompt_length/min:99.0 - prompt_length/clip_ratio:0.25 - timing_s/gen:4.423830743005965 - timing_s/old_log_prob:1.2275242719915695 - timing_s/adv:0.23629991099005565 - timing_s/update_actor:2.366079655010253 - timing_s/update_weights:1.1523382200393826 - timing_s/step:9.800787036016118 - timing_per_token_ms/adv:0.03249895626324517 - timing_per_token_ms/update_actor:0.32541323820798423 - timing_per_token_ms/gen:1.3759971206861477 - perf/total_num_tokens:7271 - perf/time_per_step:9.800787036016118 - perf/throughput:741.8791953422099 - training/num_turns/mean:np.float64(2.0) - training/num_turns/max:np.int64(2) - training/num_turns/min:np.int64(2) - training/off_policy/trajectory_spans/mean:np.float64(1.0) - training/off_policy/trajectory_spans/max:np.float64(1.0) - training/off_policy/trajectory_spans/min:np.float64(1.0) - training/off_policy/trajectory_staleness/mean:np.float64(0.0) - training/off_policy/trajectory_staleness/max:np.float64(0.0) - training/off_policy/trajectory_staleness/min:np.float64(0.0) - training/off_policy/trajectory_staleness_worst/mean:np.float64(0.0) - training/off_policy/trajectory_staleness_worst/max:np.float64(0.0) - training/off_policy/trajectory_staleness_worst/min:np.float64(0.0)
[36m(TaskRunnerV1 pid=859989)[0m Dumped generations to /data2/hjk/projects/AI-HiddenState-ER/rl_audit/mathverse_text_qwen25_1p5b_grpo_answer_a0_clean_rerun512_seed43/validation_generations/75.jsonl
[36m(TaskRunnerV1 pid=859989)[0m step:75 - global_seqlen/min:8492 - global_seqlen/max:8492 - global_seqlen/minmax_diff:0 - global_seqlen/balanced_min:8492 - global_seqlen/balanced_max:8492 - global_seqlen/mean:8492.0 - actor/entropy:0.7325067520141602 - training/rollout_probs_diff_valid:1 - training/rollout_probs_diff_max:0.07454937696456909 - training/rollout_probs_diff_mean:0.00494185509160161 - training/rollout_probs_diff_std:0.008676770143210888 - training/rollout_actor_probs_pearson_corr:0.9995929002761841 - rollout_corr/training_ppl:1.1801789999008179 - rollout_corr/training_log_ppl:0.11361068487167358 - rollout_corr/kl:0.002117372350767255 - rollout_corr/k3_kl:0.0005713258869946003 - rollout_corr/rollout_ppl:1.1805284023284912 - rollout_corr/rollout_log_ppl:0.1141393631696701 - rollout_corr/log_ppl_diff:-0.0005286898231133819 - rollout_corr/log_ppl_abs_diff:0.0024929873179644346 - rollout_corr/log_ppl_diff_max:0.027740776538848877 - rollout_corr/log_ppl_diff_min:-0.05334746837615967 - rollout_corr/ppl_ratio:0.9995033740997314 - rollout_corr/chi2_token:-0.001961648464202881 - rollout_corr/chi2_seq:-0.04022437334060669 - actor/pg_clipfrac:np.float64(0.0) - actor/ppo_kl:np.float64(0.0) - actor/pg_clipfrac_lower:np.float64(0.0) - actor/pg_loss:np.float64(0.1787286102771759) - actor/loss:np.float64(0.1787286102771759) - actor/grad_norm:np.float64(0.1089102178812027) - actor/lr:np.float64(1e-06) - actor/perf/max_memory_allocated_gb:np.float64(18.390973567962646) - actor/perf/max_memory_reserved_gb:np.float64(30.794921875) - actor/perf/cpu_memory_used_gb:np.float64(32.35435485839844) - perf/mfu/actor:np.float64(0.04083200409215501) - val-aux/MathVerseTextA0Clean/reward/mean@1:np.float64(0.4453125) - val-core/MathVerseTextA0Clean/acc/mean@1:np.float64(0.4453125) - val-aux/num_turns/min:np.int64(2) - val-aux/num_turns/max:np.int64(2) - val-aux/num_turns/mean:np.float64(2.0) - training/global_step:75 - training/epoch:0 - critic/score/mean:0.09375 - critic/score/max:1.0 - critic/score/min:0.0 - critic/rewards/mean:0.09375 - critic/rewards/max:1.0 - critic/rewards/min:0.0 - critic/advantages/mean:-0.17872858047485352 - critic/advantages/max:2.4748666286468506 - critic/advantages/min:-0.5400605201721191 - critic/returns/mean:-0.17872858047485352 - critic/returns/max:2.4748666286468506 - critic/returns/min:-0.5400605201721191 - response_length/mean:135.625 - response_length/max:477.0 - response_length/min:4.0 - response_length/clip_ratio:0.03125 - response_length_non_aborted/mean:135.625 - response_length_non_aborted/max:477.0 - response_length_non_aborted/min:4.0 - response_length_non_aborted/clip_ratio:0.03125 - response/aborted_ratio:0.0 - prompt_length/mean:123.75 - prompt_length/max:160.0 - prompt_length/min:105.0 - prompt_length/clip_ratio:0.25 - timing_s/gen:4.410781477985438 - timing_s/old_log_prob:1.3170219989842735 - timing_s/adv:0.5401110090315342 - timing_s/update_actor:2.5544565910240635 - timing_s/update_weights:1.1998955120216124 - timing_s/step:10.421423510008026 - timing_s/testing:4.478348605975043 - timing_per_token_ms/adv:0.06360233266975203 - timing_per_token_ms/update_actor:0.3008074176900687 - timing_per_token_ms/gen:0.9943150311058246 - perf/total_num_tokens:8492 - perf/time_per_step:10.421423510008026 - perf/throughput:814.8598885598365 - training/num_turns/mean:np.float64(2.0) - training/num_turns/max:np.int64(2) - training/num_turns/min:np.int64(2) - training/off_policy/trajectory_spans/mean:np.float64(1.0) - training/off_policy/trajectory_spans/max:np.float64(1.0) - training/off_policy/trajectory_spans/min:np.float64(1.0) - training/off_policy/trajectory_staleness/mean:np.float64(0.0) - training/off_policy/trajectory_staleness/max:np.float64(0.0) - training/off_policy/trajectory_staleness/min:np.float64(0.0) - training/off_policy/trajectory_staleness_worst/mean:np.float64(0.0) - training/off_policy/trajectory_staleness_worst/max:np.float64(0.0) - training/off_policy/trajectory_staleness_worst/min:np.float64(0.0)
[36m(TaskRunnerV1 pid=859989)[0m step:76 - global_seqlen/min:6065 - global_seqlen/max:6065 - global_seqlen/minmax_diff:0 - global_seqlen/balanced_min:6065 - global_seqlen/balanced_max:6065 - global_seqlen/mean:6065.0 - actor/entropy:0.5076453685760498 - training/rollout_probs_diff_valid:1 - training/rollout_probs_diff_max:0.07926693558692932 - training/rollout_probs_diff_mean:0.004677365068346262 - training/rollout_probs_diff_std:0.009320270270109177 - training/rollout_actor_probs_pearson_corr:0.9994441866874695 - rollout_corr/training_ppl:1.1475889682769775 - rollout_corr/training_log_ppl:0.09828295558691025 - rollout_corr/kl:-0.0003446424670983106 - rollout_corr/k3_kl:0.0005073631764389575 - rollout_corr/rollout_ppl:1.1504943370819092 - rollout_corr/rollout_log_ppl:0.09992220997810364 - rollout_corr/log_ppl_diff:-0.0016392411198467016 - rollout_corr/log_ppl_abs_diff:0.004084004554897547 - rollout_corr/log_ppl_diff_max:0.03636607527732849 - rollout_corr/log_ppl_diff_min:-0.04639244079589844 - rollout_corr/ppl_ratio:0.9984181523323059 - rollout_corr/chi2_token:0.0027211904525756836 - rollout_corr/chi2_seq:0.08896422386169434 - actor/pg_clipfrac:np.float64(0.0) - actor/ppo_kl:np.float64(0.0) - actor/pg_clipfrac_lower:np.float64(0.0) - actor/pg_loss:np.float64(0.05537908524274826) - actor/loss:np.float64(0.05537908524274826) - actor/grad_norm:np.float64(0.18813206255435944) - actor/lr:np.float64(1e-06) - actor/perf/max_memory_allocated_gb:np.float64(18.390973567962646) - actor/perf/max_memory_reserved_gb:np.float64(30.794921875) - actor/perf/cpu_memory_used_gb:np.float64(32.34746170043945) - perf/mfu/actor:np.float64(0.03657478936466699) - training/global_step:76 - training/epoch:0 - critic/score/mean:0.375 - critic/score/max:1.0 - critic/score/min:0.0 - critic/rewards/mean:0.375 - critic/rewards/max:1.0 - critic/rewards/min:0.0 - critic/advantages/mean:-0.05537911131978035 - critic/advantages/max:1.6201815605163574 - critic/advantages/min:-2.4748666286468506 - critic/returns/mean:-0.05537911131978035 - critic/returns/max:1.6201815605163574 - critic/returns/min:-2.4748666286468506 - response_length/mean:77.03125 - response_length/max:512.0 - response_length/min:4.0 - response_length/clip_ratio:0.0625 - response_length_non_aborted/mean:77.03125 - response_length_non_aborted/max:512.0 - response_length_non_aborted/min:4.0 - response_length_non_aborted/clip_ratio:0.0625 - response/aborted_ratio:0.0 - prompt_length/mean:106.5 - prompt_length/max:118.0 - prompt_length/min:97.0 - prompt_length/clip_ratio:0.25 - timing_s/gen:4.480440088023897 - timing_s/old_log_prob:1.1246776430052705 - timing_s/adv:0.23833647096762434 - timing_s/update_actor:2.0920444920193404 - timing_s/update_weights:1.0319561429787427 - timing_s/step:9.363953399995808 - timing_per_token_ms/adv:0.03929702736481852 - timing_per_token_ms/update_actor:0.34493726166848154 - timing_per_token_ms/gen:1.7494885154329938 - perf/total_num_tokens:6065 - perf/time_per_step:9.363953399995808 - perf/throughput:647.6965167300721 - training/num_turns/mean:np.float64(2.0) - training/num_turns/max:np.int64(2) - training/num_turns/min:np.int64(2) - training/off_policy/trajectory_spans/mean:np.float64(1.0) - training/off_policy/trajectory_spans/max:np.float64(1.0) - training/off_policy/trajectory_spans/min:np.float64(1.0) - training/off_policy/trajectory_staleness/mean:np.float64(0.0) - training/off_policy/trajectory_staleness/max:np.float64(0.0) - training/off_policy/trajectory_staleness/min:np.float64(0.0) - training/off_policy/trajectory_staleness_worst/mean:np.float64(0.0) - training/off_policy/trajectory_staleness_worst/max:np.float64(0.0) - training/off_policy/trajectory_staleness_worst/min:np.float64(0.0)[36m(WorkerDict pid=861242)[0m INFO:2026-07-05 02:11:27,141:update_weights done, time cost: 0.38s
[36m(TaskRunnerV1 pid=859989)[0m Training Progress:  62%|██████▏   | 77/125 [12:17<08:21, 10.45s/it]
[36m(WorkerDict pid=861242)[0m INFO:2026-07-05 02:11:36,634:update_weights done, time cost: 0.35s
[36m(TaskRunnerV1 pid=859989)[0m Training Progress:  62%|██████▏   | 78/125 [12:26<07:57, 10.16s/it]
[36m(WorkerDict pid=861242)[0m INFO:2026-07-05 02:11:44,142:update_weights done, time cost: 0.42s
[36m(TaskRunnerV1 pid=859989)[0m Training Progress:  63%|██████▎   | 79/125 [12:34<07:11,  9.38s/it]

[36m(TaskRunnerV1 pid=859989)[0m step:77 - global_seqlen/min:7364 - global_seqlen/max:7364 - global_seqlen/minmax_diff:0 - global_seqlen/balanced_min:7364 - global_seqlen/balanced_max:7364 - global_seqlen/mean:7364.0 - actor/entropy:0.5668174624443054 - training/rollout_probs_diff_valid:1 - training/rollout_probs_diff_max:0.11280268430709839 - training/rollout_probs_diff_mean:0.004242235329002142 - training/rollout_probs_diff_std:0.008380191400647163 - training/rollout_actor_probs_pearson_corr:0.9995831847190857 - rollout_corr/training_ppl:1.1352829933166504 - rollout_corr/training_log_ppl:0.09935646504163742 - rollout_corr/kl:0.000923234736546874 - rollout_corr/k3_kl:0.0005240216269157827 - rollout_corr/rollout_ppl:1.1373984813690186 - rollout_corr/rollout_log_ppl:0.10090300440788269 - rollout_corr/log_ppl_diff:-0.0015465470496565104 - rollout_corr/log_ppl_abs_diff:0.0030078524723649025 - rollout_corr/log_ppl_diff_max:0.05525749921798706 - rollout_corr/log_ppl_diff_min:-0.03525896370410919 - rollout_corr/ppl_ratio:0.9984934329986572 - rollout_corr/chi2_token:0.00024271011352539062 - rollout_corr/chi2_seq:0.0018821954727172852 - actor/pg_clipfrac:np.float64(0.0) - actor/ppo_kl:np.float64(0.0) - actor/pg_clipfrac_lower:np.float64(0.0) - actor/pg_loss:np.float64(-0.23902228474617004) - actor/loss:np.float64(-0.23902228474617004) - actor/grad_norm:np.float64(0.17024564743041992) - actor/lr:np.float64(1e-06) - actor/perf/max_memory_allocated_gb:np.float64(18.390973567962646) - actor/perf/max_memory_reserved_gb:np.float64(30.794921875) - actor/perf/cpu_memory_used_gb:np.float64(32.35641860961914) - perf/mfu/actor:np.float64(0.03862528709261512) - training/global_step:77 - training/epoch:0 - critic/score/mean:0.1875 - critic/score/max:1.0 - critic/score/min:0.0 - critic/rewards/mean:0.1875 - critic/rewards/max:1.0 - critic/rewards/min:0.0 - critic/advantages/mean:0.23902225494384766 - critic/advantages/max:2.4748666286468506 - critic/advantages/min:-0.935412585735321 - critic/returns/mean:0.23902225494384766 - critic/returns/max:2.4748666286468506 - critic/returns/min:-0.935412585735321 - response_length/mean:94.375 - response_length/max:512.0 - response_length/min:4.0 - response_length/clip_ratio:0.03125 - response_length_non_aborted/mean:94.375 - response_length_non_aborted/max:512.0 - response_length_non_aborted/min:4.0 - response_length_non_aborted/clip_ratio:0.03125 - response/aborted_ratio:0.0 - prompt_length/mean:129.75 - prompt_length/max:161.0 - prompt_length/min:97.0 - prompt_length/clip_ratio:0.25 - timing_s/gen:4.4169464579899795 - timing_s/old_log_prob:1.2480301309842616 - timing_s/adv:0.24058892001630738 - timing_s/update_actor:2.383049989992287 - timing_s/update_weights:1.0954675120301545 - timing_s/step:9.77503608999541 - timing_per_token_ms/adv:0.03267095600438721 - timing_per_token_ms/update_actor:0.32360809206848 - timing_per_token_ms/gen:1.417505281768286 - perf/total_num_tokens:7364 - perf/time_per_step:9.77503608999541 - perf/throughput:753.3476022187717 - training/num_turns/mean:np.float64(2.0) - training/num_turns/max:np.int64(2) - training/num_turns/min:np.int64(2) - training/off_policy/trajectory_spans/mean:np.float64(1.0) - training/off_policy/trajectory_spans/max:np.float64(1.0) - training/off_policy/trajectory_spans/min:np.float64(1.0) - training/off_policy/trajectory_staleness/mean:np.float64(0.0) - training/off_policy/trajectory_staleness/max:np.float64(0.0) - training/off_policy/trajectory_staleness/min:np.float64(0.0) - training/off_policy/trajectory_staleness_worst/mean:np.float64(0.0) - training/off_policy/trajectory_staleness_worst/max:np.float64(0.0) - training/off_policy/trajectory_staleness_worst/min:np.float64(0.0)
[36m(TaskRunnerV1 pid=859989)[0m step:78 - global_seqlen/min:6218 - global_seqlen/max:6218 - global_seqlen/minmax_diff:0 - global_seqlen/balanced_min:6218 - global_seqlen/balanced_max:6218 - global_seqlen/mean:6218.0 - actor/entropy:0.7072634100914001 - training/rollout_probs_diff_valid:1 - training/rollout_probs_diff_max:0.10850179195404053 - training/rollout_probs_diff_mean:0.0049431598745286465 - training/rollout_probs_diff_std:0.008903910405933857 - training/rollout_actor_probs_pearson_corr:0.9995484352111816 - rollout_corr/training_ppl:1.1786885261535645 - rollout_corr/training_log_ppl:0.12412263453006744 - rollout_corr/kl:-0.00031413734541274607 - rollout_corr/k3_kl:0.0006277819629758596 - rollout_corr/rollout_ppl:1.179396152496338 - rollout_corr/rollout_log_ppl:0.124636709690094 - rollout_corr/log_ppl_diff:-0.0005140856374055147 - rollout_corr/log_ppl_abs_diff:0.002854244550690055 - rollout_corr/log_ppl_diff_max:0.029832512140274048 - rollout_corr/log_ppl_diff_min:-0.039618223905563354 - rollout_corr/ppl_ratio:0.9995160698890686 - rollout_corr/chi2_token:0.0031348466873168945 - rollout_corr/chi2_seq:0.30823850631713867 - actor/pg_clipfrac:np.float64(0.0) - actor/ppo_kl:np.float64(0.0) - actor/pg_clipfrac_lower:np.float64(0.0) - actor/pg_loss:np.float64(0.3868423402309418) - actor/loss:np.float64(0.3868423402309418) - actor/grad_norm:np.float64(0.20937851071357727) - actor/lr:np.float64(1e-06) - actor/perf/max_memory_allocated_gb:np.float64(18.390973567962646) - actor/perf/max_memory_reserved_gb:np.float64(30.794921875) - actor/perf/cpu_memory_used_gb:np.float64(32.346214294433594) - perf/mfu/actor:np.float64(0.03731550825303207) - training/global_step:78 - training/epoch:0 - critic/score/mean:0.3125 - critic/score/max:1.0 - critic/score/min:0.0 - critic/rewards/mean:0.3125 - critic/rewards/max:1.0 - critic/rewards/min:0.0 - critic/advantages/mean:-0.386842280626297 - critic/advantages/max:1.6201815605163574 - critic/advantages/min:-0.935412585735321 - critic/returns/mean:-0.386842280626297 - critic/returns/max:1.6201815605163574 - critic/returns/min:-0.935412585735321 - response_length/mean:79.3125 - response_length/max:512.0 - response_length/min:4.0 - response_length/clip_ratio:0.03125 - response_length_non_aborted/mean:79.3125 - response_length_non_aborted/max:512.0 - response_length_non_aborted/min:4.0 - response_length_non_aborted/clip_ratio:0.03125 - response/aborted_ratio:0.0 - prompt_length/mean:109.0 - prompt_length/max:149.0 - prompt_length/min:79.0 - prompt_length/clip_ratio:0.25 - timing_s/gen:4.420085983991157 - timing_s/old_log_prob:1.186207664955873 - timing_s/adv:0.24011748103657737 - timing_s/update_actor:2.102845232002437 - timing_s/update_weights:1.0266691030119546 - timing_s/step:9.341149170009885 - timing_per_token_ms/adv:0.03861651351504943 - timing_per_token_ms/update_actor:0.338186753297272 - timing_per_token_ms/gen:1.6780888321910241 - perf/total_num_tokens:6218 - perf/time_per_step:9.341149170009885 - perf/throughput:665.6568572915124 - training/num_turns/mean:np.float64(2.0) - training/num_turns/max:np.int64(2) - training/num_turns/min:np.int64(2) - training/off_policy/trajectory_spans/mean:np.float64(1.0) - training/off_policy/trajectory_spans/max:np.float64(1.0) - training/off_policy/trajectory_spans/min:np.float64(1.0) - training/off_policy/trajectory_staleness/mean:np.float64(0.0) - training/off_policy/trajectory_staleness/max:np.float64(0.0) - training/off_policy/trajectory_staleness/min:np.float64(0.0) - training/off_policy/trajectory_staleness_worst/mean:np.float64(0.0) - training/off_policy/trajectory_staleness_worst/max:np.float64(0.0) - training/off_policy/trajectory_staleness_worst/min:np.float64(0.0)
[36m(TaskRunnerV1 pid=859989)[0m step:79 - global_seqlen/min:4689 - global_seqlen/max:4689 - global_seqlen/minmax_diff:0 - global_seqlen/balanced_min:4689 - global_seqlen/balanced_max:4689 - global_seqlen/mean:4689.0 - actor/entropy:0.6929429769515991 - training/rollout_probs_diff_valid:1 - training/rollout_probs_diff_max:0.05595576763153076 - training/rollout_probs_diff_mean:0.006417714525014162 - training/rollout_probs_diff_std:0.010189056396484375 - training/rollout_actor_probs_pearson_corr:0.9993622303009033 - rollout_corr/training_ppl:1.176295518875122 - rollout_corr/training_log_ppl:0.12271545827388763 - rollout_corr/kl:0.0015073219547048211 - rollout_corr/k3_kl:0.0008896322688087821 - rollout_corr/rollout_ppl:1.1771045923233032 - rollout_corr/rollout_log_ppl:0.12366223335266113 - rollout_corr/log_ppl_diff:-0.000946784217376262 - rollout_corr/log_ppl_abs_diff:0.0031940292101353407 - rollout_corr/log_ppl_diff_max:0.03472095727920532 - rollout_corr/log_ppl_diff_min:-0.031085610389709473 - rollout_corr/ppl_ratio:0.9990842342376709 - rollout_corr/chi2_token:0.000506281852722168 - rollout_corr/chi2_seq:-0.0021498799324035645 - actor/pg_clipfrac:np.float64(0.0) - actor/ppo_kl:np.float64(0.0) - actor/pg_clipfrac_lower:np.float64(0.0) - actor/pg_loss:np.float64(0.37043964862823486) - actor/loss:np.float64(0.37043964862823486) - actor/grad_norm:np.float64(0.24457025527954102) - actor/lr:np.float64(1e-06) - actor/perf/max_memory_allocated_gb:np.float64(18.390973567962646) - actor/perf/max_memory_reserved_gb:np.float64(30.794921875) - actor/perf/cpu_memory_used_gb:np.float64(32.33773422241211) - perf/mfu/actor:np.float64(0.02801884513535546) - training/global_step:79 - training/epoch:0 - critic/score/mean:0.125 - critic/score/max:1.0 - critic/score/min:0.0 - critic/rewards/mean:0.125 - critic/rewards/max:1.0 - critic/rewards/min:0.0 - critic/advantages/mean:-0.37043970823287964 - critic/advantages/max:2.4748666286468506 - critic/advantages/min:-0.7245674133300781 - critic/returns/mean:-0.37043970823287964 - critic/returns/max:2.4748666286468506 - critic/returns/min:-0.7245674133300781 - response_length/mean:33.53125 - response_length/max:326.0 - response_length/min:4.0 - response_length/clip_ratio:0.03125 - response_length_non_aborted/mean:33.53125 - response_length_non_aborted/max:326.0 - response_length_non_aborted/min:4.0 - response_length_non_aborted/clip_ratio:0.03125 - response/aborted_ratio:0.0 - prompt_length/mean:107.0 - prompt_length/max:131.0 - prompt_length/min:79.0 - prompt_length/clip_ratio:0.25 - timing_s/gen:2.40659374196548 - timing_s/old_log_prob:1.1266481499769725 - timing_s/adv:0.23704731900943443 - timing_s/update_actor:2.1158274639747106 - timing_s/update_weights:1.1301189890364185 - timing_s/step:7.418712446989957 - timing_per_token_ms/adv:0.050553917468422783 - timing_per_token_ms/update_actor:0.4512321313659012 - timing_per_token_ms/gen:2.058677281407596 - perf/total_num_tokens:4689 - perf/time_per_step:7.418712446989957 - perf/throughput:632.0503771382188 - training/num_turns/mean:np.float64(2.0) - training/num_turns/max:np.int64(2) - training/num_turns/min:np.int64(2) - training/off_policy/trajectory_spans/mean:np.float64(1.0) - training/off_policy/trajectory_spans/max:np.float64(1.0) - training/off_policy/trajectory_spans/min:np.float64(1.0) - training/off_policy/trajectory_staleness/mean:np.float64(0.0) - training/off_policy/trajectory_staleness/max:np.float64(0.0) - training/off_policy/trajectory_staleness/min:np.float64(0.0) - training/off_policy/trajectory_staleness_worst/mean:np.float64(0.0) - training/off_policy/trajectory_staleness_worst/max:np.float64(0.0) - training/off_policy/trajectory_staleness_worst/min:np.float64(0.0)[36m(WorkerDict pid=861242)[0m INFO:2026-07-05 02:11:51,827:update_weights done, time cost: 0.42s
[36m(TaskRunnerV1 pid=859989)[0m Training Progress:  64%|██████▍   | 80/125 [12:41<06:38,  8.86s/it]
[36m(WorkerDict pid=861242)[0m INFO:2026-07-05 02:12:02,982:update_weights done, time cost: 0.39s
[36m(TaskRunnerV1 pid=859989)[0m Training Progress:  65%|██████▍   | 81/125 [12:52<06:59,  9.54s/it]
[36m(WorkerDict pid=861242)[0m INFO:2026-07-05 02:12:12,329:update_weights done, time cost: 0.43s
[36m(TaskRunnerV1 pid=859989)[0m Training Progress:  66%|██████▌   | 82/125 [13:02<06:48,  9.49s/it]

[36m(TaskRunnerV1 pid=859989)[0m step:80 - global_seqlen/min:5907 - global_seqlen/max:5907 - global_seqlen/minmax_diff:0 - global_seqlen/balanced_min:5907 - global_seqlen/balanced_max:5907 - global_seqlen/mean:5907.0 - actor/entropy:0.9514557719230652 - training/rollout_probs_diff_valid:1 - training/rollout_probs_diff_max:0.05953976511955261 - training/rollout_probs_diff_mean:0.005747527815401554 - training/rollout_probs_diff_std:0.008975130505859852 - training/rollout_actor_probs_pearson_corr:0.9995661377906799 - rollout_corr/training_ppl:1.1934235095977783 - rollout_corr/training_log_ppl:0.11032666265964508 - rollout_corr/kl:0.0008784102974459529 - rollout_corr/k3_kl:0.000781974580604583 - rollout_corr/rollout_ppl:1.1930468082427979 - rollout_corr/rollout_log_ppl:0.11073853075504303 - rollout_corr/log_ppl_diff:-0.00041186646558344364 - rollout_corr/log_ppl_abs_diff:0.0017124793957918882 - rollout_corr/log_ppl_diff_max:0.027933955192565918 - rollout_corr/log_ppl_diff_min:-0.03689509630203247 - rollout_corr/ppl_ratio:0.9996057748794556 - rollout_corr/chi2_token:0.001373291015625 - rollout_corr/chi2_seq:0.018978357315063477 - actor/pg_clipfrac:np.float64(0.0) - actor/ppo_kl:np.float64(0.0) - actor/pg_clipfrac_lower:np.float64(0.0) - actor/pg_loss:np.float64(0.18152806162834167) - actor/loss:np.float64(0.18152806162834167) - actor/grad_norm:np.float64(0.21316930651664734) - actor/lr:np.float64(1e-06) - actor/perf/max_memory_allocated_gb:np.float64(18.390973567962646) - actor/perf/max_memory_reserved_gb:np.float64(30.794921875) - actor/perf/cpu_memory_used_gb:np.float64(32.34701156616211) - perf/mfu/actor:np.float64(0.03528459650804633) - training/global_step:80 - training/epoch:0 - critic/score/mean:0.21875 - critic/score/max:1.0 - critic/score/min:0.0 - critic/rewards/mean:0.21875 - critic/rewards/max:1.0 - critic/rewards/min:0.0 - critic/advantages/mean:-0.1815280318260193 - critic/advantages/max:1.6201815605163574 - critic/advantages/min:-0.7245674133300781 - critic/returns/mean:-0.1815280318260193 - critic/returns/max:1.6201815605163574 - critic/returns/min:-0.7245674133300781 - response_length/mean:67.59375 - response_length/max:395.0 - response_length/min:4.0 - response_length/clip_ratio:0.03125 - response_length_non_aborted/mean:67.59375 - response_length_non_aborted/max:395.0 - response_length_non_aborted/min:4.0 - response_length_non_aborted/clip_ratio:0.03125 - response/aborted_ratio:0.0 - prompt_length/mean:111.0 - prompt_length/max:152.0 - prompt_length/min:93.0 - prompt_length/clip_ratio:0.25 - timing_s/gen:2.4083503350266255 - timing_s/old_log_prob:1.206594382005278 - timing_s/adv:0.23551186703843996 - timing_s/update_actor:2.1176194879808463 - timing_s/update_weights:1.143369822006207 - timing_s/step:7.5133211049833335 - timing_per_token_ms/adv:0.039869962254687655 - timing_per_token_ms/update_actor:0.35849322633838604 - timing_per_token_ms/gen:1.066113472787351 - perf/total_num_tokens:5907 - perf/time_per_step:7.5133211049833335 - perf/throughput:786.2035865979541 - training/num_turns/mean:np.float64(2.0) - training/num_turns/max:np.int64(2) - training/num_turns/min:np.int64(2) - training/off_policy/trajectory_spans/mean:np.float64(1.0) - training/off_policy/trajectory_spans/max:np.float64(1.0) - training/off_policy/trajectory_spans/min:np.float64(1.0) - training/off_policy/trajectory_staleness/mean:np.float64(0.0) - training/off_policy/trajectory_staleness/max:np.float64(0.0) - training/off_policy/trajectory_staleness/min:np.float64(0.0) - training/off_policy/trajectory_staleness_worst/mean:np.float64(0.0) - training/off_policy/trajectory_staleness_worst/max:np.float64(0.0) - training/off_policy/trajectory_staleness_worst/min:np.float64(0.0)
[36m(TaskRunnerV1 pid=859989)[0m step:81 - global_seqlen/min:10413 - global_seqlen/max:10413 - global_seqlen/minmax_diff:0 - global_seqlen/balanced_min:10413 - global_seqlen/balanced_max:10413 - global_seqlen/mean:10413.0 - actor/entropy:0.7173580527305603 - training/rollout_probs_diff_valid:1 - training/rollout_probs_diff_max:0.06209716200828552 - training/rollout_probs_diff_mean:0.004746819380670786 - training/rollout_probs_diff_std:0.008534339256584644 - training/rollout_actor_probs_pearson_corr:0.9996055960655212 - rollout_corr/training_ppl:1.20904541015625 - rollout_corr/training_log_ppl:0.14056693017482758 - rollout_corr/kl:0.0008786607650108635 - rollout_corr/k3_kl:0.0005875196657143533 - rollout_corr/rollout_ppl:1.2092304229736328 - rollout_corr/rollout_log_ppl:0.1407506912946701 - rollout_corr/log_ppl_diff:-0.0001837559975683689 - rollout_corr/log_ppl_abs_diff:0.001971192890778184 - rollout_corr/log_ppl_diff_max:0.04159200191497803 - rollout_corr/log_ppl_diff_min:-0.024037599563598633 - rollout_corr/ppl_ratio:0.9998342394828796 - rollout_corr/chi2_token:0.0005980730056762695 - rollout_corr/chi2_seq:0.012556195259094238 - actor/pg_clipfrac:np.float64(0.0) - actor/ppo_kl:np.float64(0.0) - actor/pg_clipfrac_lower:np.float64(0.0) - actor/pg_loss:np.float64(0.09054238349199295) - actor/loss:np.float64(0.09054238349199295) - actor/grad_norm:np.float64(0.12771539390087128) - actor/lr:np.float64(1e-06) - actor/perf/max_memory_allocated_gb:np.float64(18.704063415527344) - actor/perf/max_memory_reserved_gb:np.float64(30.794921875) - actor/perf/cpu_memory_used_gb:np.float64(32.38872528076172) - perf/mfu/actor:np.float64(0.038646206129740096) - training/global_step:81 - training/epoch:0 - critic/score/mean:0.3125 - critic/score/max:1.0 - critic/score/min:0.0 - critic/rewards/mean:0.3125 - critic/rewards/max:1.0 - critic/rewards/min:0.0 - critic/advantages/mean:-0.09054238349199295 - critic/advantages/max:2.4748666286468506 - critic/advantages/min:-0.7245674133300781 - critic/returns/mean:-0.09054238349199295 - critic/returns/max:2.4748666286468506 - critic/returns/min:-0.7245674133300781 - response_length/mean:190.90625 - response_length/max:512.0 - response_length/min:4.0 - response_length/clip_ratio:0.0625 - response_length_non_aborted/mean:190.90625 - response_length_non_aborted/max:512.0 - response_length_non_aborted/min:4.0 - response_length_non_aborted/clip_ratio:0.0625 - response/aborted_ratio:0.0 - prompt_length/mean:128.5 - prompt_length/max:150.0 - prompt_length/min:111.0 - prompt_length/clip_ratio:0.25 - timing_s/gen:4.402347324998118 - timing_s/old_log_prob:1.5495502220001072 - timing_s/adv:0.24574622698128223 - timing_s/update_actor:3.2347128830151632 - timing_s/update_weights:1.155535301018972 - timing_s/step:10.985022357024718 - timing_per_token_ms/adv:0.02359994497083283 - timing_per_token_ms/update_actor:0.31064178267695797 - timing_per_token_ms/gen:0.7094838557611793 - perf/total_num_tokens:10413 - perf/time_per_step:10.985022357024718 - perf/throughput:947.9270648312408 - training/num_turns/mean:np.float64(2.0) - training/num_turns/max:np.int64(2) - training/num_turns/min:np.int64(2) - training/off_policy/trajectory_spans/mean:np.float64(1.0) - training/off_policy/trajectory_spans/max:np.float64(1.0) - training/off_policy/trajectory_spans/min:np.float64(1.0) - training/off_policy/trajectory_staleness/mean:np.float64(0.0) - training/off_policy/trajectory_staleness/max:np.float64(0.0) - training/off_policy/trajectory_staleness/min:np.float64(0.0) - training/off_policy/trajectory_staleness_worst/mean:np.float64(0.0) - training/off_policy/trajectory_staleness_worst/max:np.float64(0.0) - training/off_policy/trajectory_staleness_worst/min:np.float64(0.0)
[36m(TaskRunnerV1 pid=859989)[0m step:82 - global_seqlen/min:5714 - global_seqlen/max:5714 - global_seqlen/minmax_diff:0 - global_seqlen/balanced_min:5714 - global_seqlen/balanced_max:5714 - global_seqlen/mean:5714.0 - actor/entropy:0.8322928547859192 - training/rollout_probs_diff_valid:1 - training/rollout_probs_diff_max:0.05581769347190857 - training/rollout_probs_diff_mean:0.004532373510301113 - training/rollout_probs_diff_std:0.0081721730530262 - training/rollout_actor_probs_pearson_corr:0.9996733069419861 - rollout_corr/training_ppl:1.1673182249069214 - rollout_corr/training_log_ppl:0.09427881240844727 - rollout_corr/kl:0.0018136417493224144 - rollout_corr/k3_kl:0.0006113316048868 - rollout_corr/rollout_ppl:1.1671022176742554 - rollout_corr/rollout_log_ppl:0.09439243376255035 - rollout_corr/log_ppl_diff:-0.00011360323696862906 - rollout_corr/log_ppl_abs_diff:0.0016236008377745748 - rollout_corr/log_ppl_diff_max:0.02360314130783081 - rollout_corr/log_ppl_diff_min:-0.029428884387016296 - rollout_corr/ppl_ratio:0.9998977184295654 - rollout_corr/chi2_token:-0.0011972784996032715 - rollout_corr/chi2_seq:-0.02042323350906372 - actor/pg_clipfrac:np.float64(0.0) - actor/ppo_kl:np.float64(0.0) - actor/pg_clipfrac_lower:np.float64(0.0) - actor/pg_loss:np.float64(0.6281658411026001) - actor/loss:np.float64(0.6281658411026001) - actor/grad_norm:np.float64(0.34987208247184753) - actor/lr:np.float64(1e-06) - actor/perf/max_memory_allocated_gb:np.float64(18.704063415527344) - actor/perf/max_memory_reserved_gb:np.float64(31.169921875) - actor/perf/cpu_memory_used_gb:np.float64(32.35509490966797) - perf/mfu/actor:np.float64(0.03593789392744919) - training/global_step:82 - training/epoch:0 - critic/score/mean:0.25 - critic/score/max:1.0 - critic/score/min:0.0 - critic/rewards/mean:0.25 - critic/rewards/max:1.0 - critic/rewards/min:0.0 - critic/advantages/mean:-0.6281660795211792 - critic/advantages/max:2.4748666286468506 - critic/advantages/min:-1.6201815605163574 - critic/returns/mean:-0.6281660795211792 - critic/returns/max:2.4748666286468506 - critic/returns/min:-1.6201815605163574 - response_length/mean:58.3125 - response_length/max:512.0 - response_length/min:4.0 - response_length/clip_ratio:0.03125 - response_length_non_aborted/mean:58.3125 - response_length_non_aborted/max:512.0 - response_length_non_aborted/min:4.0 - response_length_non_aborted/clip_ratio:0.03125 - response/aborted_ratio:0.0 - prompt_length/mean:114.25 - prompt_length/max:152.0 - prompt_length/min:100.0 - prompt_length/clip_ratio:0.25 - timing_s/gen:4.411459825001657 - timing_s/old_log_prob:1.0304093739832751 - timing_s/adv:0.24178715300513431 - timing_s/update_actor:2.020642893970944 - timing_s/update_weights:1.1197898960090242 - timing_s/step:9.23842526099179 - timing_per_token_ms/adv:0.04231486751927447 - timing_per_token_ms/update_actor:0.3536301879543129 - timing_per_token_ms/gen:2.2484504714585407 - perf/total_num_tokens:5714 - perf/time_per_step:9.23842526099179 - perf/throughput:618.50367769134 - training/num_turns/mean:np.float64(2.0) - training/num_turns/max:np.int64(2) - training/num_turns/min:np.int64(2) - training/off_policy/trajectory_spans/mean:np.float64(1.0) - training/off_policy/trajectory_spans/max:np.float64(1.0) - training/off_policy/trajectory_spans/min:np.float64(1.0) - training/off_policy/trajectory_staleness/mean:np.float64(0.0) - training/off_policy/trajectory_staleness/max:np.float64(0.0) - training/off_policy/trajectory_staleness/min:np.float64(0.0) - training/off_policy/trajectory_staleness_worst/mean:np.float64(0.0) - training/off_policy/trajectory_staleness_worst/max:np.float64(0.0) - training/off_policy/trajectory_staleness_worst/min:np.float64(0.0)[36m(TransferQueueController pid=860196)[0m 2026-07-05 02:12:17,556 - INFO - transfer_queue.utils.perf_utils - TQ_CONTROLLER_d5bff4dc: [Performance] Total success requests: 5345, Total req/min: 1068.87, Total avg process time: 0.0008s; 
[36m(TransferQueueController pid=860196)[0m Time range: last 5.00 minutes; 
[36m(TransferQueueController pid=860196)[0m Per-operation statistics: SET_CUSTOM_META: req_count=1825, req/min=364.96, avg_time=0.000041s, max_time=0.000124s, min_time=0.000011s; KV_RETRIEVE_KEYS: req_count=32, req/min=6.40, avg_time=0.000128s, max_time=0.000199s, min_time=0.000055s; KV_RETRIEVE_META: req_count=2053, req/min=410.55, avg_time=0.001836s, max_time=0.013858s, min_time=0.000181s; NOTIFY_DATA_UPDATE: req_count=1279, req/min=255.77, avg_time=0.000361s, max_time=0.001270s, min_time=0.000153s; CLEAR_META: req_count=66, req/min=13.20, avg_time=0.000975s, max_time=0.001856s, min_time=0.000168s; KV_LIST: req_count=90, req/min=18.00, avg_time=0.000092s, max_time=0.000248s, min_time=0.000040s
[36m(WorkerDict pid=861242)[0m INFO:2026-07-05 02:12:21,907:update_weights done, time cost: 0.36s
[36m(SimpleStorageUnit pid=860265)[0m Per-operation statistics: CLEAR_DATA: req_count=50, req/min=9.98, avg_time=0.010559s, max_time=0.012709s, min_time=0.007430s; PUT_DATA: req_count=276, req/min=55.09, avg_time=0.009182s, max_time=0.015652s, min_time=0.005128s; GET_DATA: req_count=166, req/min=33.13, avg_time=0.010864s, max_time=0.013037s, min_time=0.006818s
[36m(TaskRunnerV1 pid=859989)[0m Training Progress:  66%|██████▋   | 83/125 [13:11<06:39,  9.52s/it]
[36m(WorkerDict pid=861242)[0m INFO:2026-07-05 02:12:31,694:update_weights done, time cost: 0.37s
[36m(SimpleStorageUnit pid=860289)[0m 2026-07-05 02:12:22,188 - INFO - transfer_queue.utils.perf_utils - TQ_STORAGE_UNIT_27154634: [Performance] Total success requests: 487, Total req/min: 97.21, Total avg process time: 0.0107s; [32m [repeated 8x across cluster][0m
[36m(SimpleStorageUnit pid=860289)[0m Time range: last 5.01 minutes; [32m [repeated 8x across cluster][0m
[36m(SimpleStorageUnit pid=860289)[0m Per-operation statistics: CLEAR_DATA: req_count=48, req/min=9.58, avg_time=0.011393s, max_time=0.015418s, min_time=0.007252s; PUT_DATA: req_count=274, req/min=54.69, avg_time=0.009816s, max_time=0.016506s, min_time=0.006033s; GET_DATA: req_count=165, req/min=32.93, avg_time=0.011891s, max_time=0.015946s, min_time=0.005400s[32m [repeated 7x across cluster][0m
[36m(TaskRunnerV1 pid=859989)[0m Training Progress:  67%|██████▋   | 84/125 [13:21<06:33,  9.59s/it]
[36m(WorkerDict pid=861242)[0m INFO:2026-07-05 02:12:41,213:update_weights done, time cost: 0.38s
[36m(TaskRunnerV1 pid=859989)[0m Training Progress:  68%|██████▊   | 85/125 [13:31<06:22,  9.57s/it]

[36m(TaskRunnerV1 pid=859989)[0m step:83 - global_seqlen/min:6360 - global_seqlen/max:6360 - global_seqlen/minmax_diff:0 - global_seqlen/balanced_min:6360 - global_seqlen/balanced_max:6360 - global_seqlen/mean:6360.0 - actor/entropy:0.533458948135376 - training/rollout_probs_diff_valid:1 - training/rollout_probs_diff_max:0.06036463379859924 - training/rollout_probs_diff_mean:0.004776017274707556 - training/rollout_probs_diff_std:0.008794988505542278 - training/rollout_actor_probs_pearson_corr:0.9995055198669434 - rollout_corr/training_ppl:1.1406502723693848 - rollout_corr/training_log_ppl:0.10542073100805283 - rollout_corr/kl:-0.00012549184611998498 - rollout_corr/k3_kl:0.0004787824582308531 - rollout_corr/rollout_ppl:1.1434110403060913 - rollout_corr/rollout_log_ppl:0.10695869475603104 - rollout_corr/log_ppl_diff:-0.001537962700240314 - rollout_corr/log_ppl_abs_diff:0.0027242139913141727 - rollout_corr/log_ppl_diff_max:0.022241145372390747 - rollout_corr/log_ppl_diff_min:-0.051614582538604736 - rollout_corr/ppl_ratio:0.9984948635101318 - rollout_corr/chi2_token:0.0021783113479614258 - rollout_corr/chi2_seq:0.07691121101379395 - actor/pg_clipfrac:np.float64(0.0) - actor/ppo_kl:np.float64(0.0) - actor/pg_clipfrac_lower:np.float64(0.0) - actor/pg_loss:np.float64(0.0034502677153795958) - actor/loss:np.float64(0.0034502677153795958) - actor/grad_norm:np.float64(0.22616219520568848) - actor/lr:np.float64(1e-06) - actor/perf/max_memory_allocated_gb:np.float64(18.704063415527344) - actor/perf/max_memory_reserved_gb:np.float64(31.169921875) - actor/perf/cpu_memory_used_gb:np.float64(32.35761260986328) - perf/mfu/actor:np.float64(0.037807455339445545) - training/global_step:83 - training/epoch:0 - critic/score/mean:0.375 - critic/score/max:1.0 - critic/score/min:0.0 - critic/rewards/mean:0.375 - critic/rewards/max:1.0 - critic/rewards/min:0.0 - critic/advantages/mean:-0.0034502530470490456 - critic/advantages/max:1.6201815605163574 - critic/advantages/min:-1.20761239528656 - critic/returns/mean:-0.0034502530470490456 - critic/returns/max:1.6201815605163574 - critic/returns/min:-1.20761239528656 - response_length/mean:79.5 - response_length/max:512.0 - response_length/min:4.0 - response_length/clip_ratio:0.03125 - response_length_non_aborted/mean:79.5 - response_length_non_aborted/max:512.0 - response_length_non_aborted/min:4.0 - response_length_non_aborted/clip_ratio:0.03125 - response/aborted_ratio:0.0 - prompt_length/mean:113.25 - prompt_length/max:131.0 - prompt_length/min:96.0 - prompt_length/clip_ratio:0.25 - timing_s/gen:4.447070464026183 - timing_s/old_log_prob:1.1579086690326221 - timing_s/adv:0.24438216304406524 - timing_s/update_actor:2.1219552640104666 - timing_s/update_weights:1.078691208967939 - timing_s/step:9.449788066034671 - timing_per_token_ms/adv:0.03842486840315491 - timing_per_token_ms/update_actor:0.33364076478151994 - timing_per_token_ms/gen:1.6844963878887056 - perf/total_num_tokens:6360 - perf/time_per_step:9.449788066034671 - perf/throughput:673.0309669969973 - training/num_turns/mean:np.float64(2.0) - training/num_turns/max:np.int64(2) - training/num_turns/min:np.int64(2) - training/off_policy/trajectory_spans/mean:np.float64(1.0) - training/off_policy/trajectory_spans/max:np.float64(1.0) - training/off_policy/trajectory_spans/min:np.float64(1.0) - training/off_policy/trajectory_staleness/mean:np.float64(0.0) - training/off_policy/trajectory_staleness/max:np.float64(0.0) - training/off_policy/trajectory_staleness/min:np.float64(0.0) - training/off_policy/trajectory_staleness_worst/mean:np.float64(0.0) - training/off_policy/trajectory_staleness_worst/max:np.float64(0.0) - training/off_policy/trajectory_staleness_worst/min:np.float64(0.0)
[36m(TaskRunnerV1 pid=859989)[0m step:84 - global_seqlen/min:7767 - global_seqlen/max:7767 - global_seqlen/minmax_diff:0 - global_seqlen/balanced_min:7767 - global_seqlen/balanced_max:7767 - global_seqlen/mean:7767.0 - actor/entropy:0.6367629170417786 - training/rollout_probs_diff_valid:1 - training/rollout_probs_diff_max:0.08899486064910889 - training/rollout_probs_diff_mean:0.005355366505682468 - training/rollout_probs_diff_std:0.009290630929172039 - training/rollout_actor_probs_pearson_corr:0.9994837641716003 - rollout_corr/training_ppl:1.1687463521957397 - rollout_corr/training_log_ppl:0.11849918961524963 - rollout_corr/kl:0.0005557428230531514 - rollout_corr/k3_kl:0.0006709626759402454 - rollout_corr/rollout_ppl:1.1687476634979248 - rollout_corr/rollout_log_ppl:0.11847307533025742 - rollout_corr/log_ppl_diff:2.6110908947885036e-05 - rollout_corr/log_ppl_abs_diff:0.0012677216436713934 - rollout_corr/log_ppl_diff_max:0.017923451960086823 - rollout_corr/log_ppl_diff_min:-0.02662205696105957 - rollout_corr/ppl_ratio:1.0000346899032593 - rollout_corr/chi2_token:0.0015677213668823242 - rollout_corr/chi2_seq:0.04997575283050537 - actor/pg_clipfrac:np.float64(0.0) - actor/ppo_kl:np.float64(0.0) - actor/pg_clipfrac_lower:np.float64(0.0) - actor/pg_loss:np.float64(0.2531532347202301) - actor/loss:np.float64(0.2531532347202301) - actor/grad_norm:np.float64(0.19792072474956512) - actor/lr:np.float64(1e-06) - actor/perf/max_memory_allocated_gb:np.float64(18.704063415527344) - actor/perf/max_memory_reserved_gb:np.float64(31.169921875) - actor/perf/cpu_memory_used_gb:np.float64(32.367408752441406) - perf/mfu/actor:np.float64(0.041619154129476865) - training/global_step:84 - training/epoch:0 - critic/score/mean:0.40625 - critic/score/max:1.0 - critic/score/min:0.0 - critic/rewards/mean:0.40625 - critic/rewards/max:1.0 - critic/rewards/min:0.0 - critic/advantages/mean:-0.2531532049179077 - critic/advantages/max:2.4748666286468506 - critic/advantages/min:-2.4748666286468506 - critic/returns/mean:-0.2531532049179077 - critic/returns/max:2.4748666286468506 - critic/returns/min:-2.4748666286468506 - response_length/mean:123.96875 - response_length/max:512.0 - response_length/min:4.0 - response_length/clip_ratio:0.03125 - response_length_non_aborted/mean:123.96875 - response_length_non_aborted/max:512.0 - response_length_non_aborted/min:4.0 - response_length_non_aborted/clip_ratio:0.03125 - response/aborted_ratio:0.0 - prompt_length/mean:112.75 - prompt_length/max:130.0 - prompt_length/min:106.0 - prompt_length/clip_ratio:0.25 - timing_s/gen:4.403219739033375 - timing_s/old_log_prob:1.1740641469950788 - timing_s/adv:0.2389051629579626 - timing_s/update_actor:2.3181391510297544 - timing_s/update_weights:1.0840306360041723 - timing_s/step:9.616174771974329 - timing_per_token_ms/adv:0.03075900128208608 - timing_per_token_ms/update_actor:0.2984600426200276 - timing_per_token_ms/gen:1.0837360913200529 - perf/total_num_tokens:7767 - perf/time_per_step:9.616174771974329 - perf/throughput:807.7016260807135 - training/num_turns/mean:np.float64(2.0) - training/num_turns/max:np.int64(2) - training/num_turns/min:np.int64(2) - training/off_policy/trajectory_spans/mean:np.float64(1.0) - training/off_policy/trajectory_spans/max:np.float64(1.0) - training/off_policy/trajectory_spans/min:np.float64(1.0) - training/off_policy/trajectory_staleness/mean:np.float64(0.0) - training/off_policy/trajectory_staleness/max:np.float64(0.0) - training/off_policy/trajectory_staleness/min:np.float64(0.0) - training/off_policy/trajectory_staleness_worst/mean:np.float64(0.0) - training/off_policy/trajectory_staleness_worst/max:np.float64(0.0) - training/off_policy/trajectory_staleness_worst/min:np.float64(0.0)
[36m(TaskRunnerV1 pid=859989)[0m step:85 - global_seqlen/min:6241 - global_seqlen/max:6241 - global_seqlen/minmax_diff:0 - global_seqlen/balanced_min:6241 - global_seqlen/balanced_max:6241 - global_seqlen/mean:6241.0 - actor/entropy:0.43883392214775085 - training/rollout_probs_diff_valid:1 - training/rollout_probs_diff_max:0.06241771578788757 - training/rollout_probs_diff_mean:0.0042423950508236885 - training/rollout_probs_diff_std:0.008200513198971748 - training/rollout_actor_probs_pearson_corr:0.9994967579841614 - rollout_corr/training_ppl:1.0616962909698486 - rollout_corr/training_log_ppl:0.0503416508436203 - rollout_corr/kl:0.0006577922031283379 - rollout_corr/k3_kl:0.00043369742343202233 - rollout_corr/rollout_ppl:1.0632343292236328 - rollout_corr/rollout_log_ppl:0.05127343907952309 - rollout_corr/log_ppl_diff:-0.0009317902149632573 - rollout_corr/log_ppl_abs_diff:0.0017710932297632098 - rollout_corr/log_ppl_diff_max:0.018193721771240234 - rollout_corr/log_ppl_diff_min:-0.06400418281555176 - rollout_corr/ppl_ratio:0.9990912675857544 - rollout_corr/chi2_token:0.00042808055877685547 - rollout_corr/chi2_seq:-0.004480481147766113 - actor/pg_clipfrac:np.float64(0.0) - actor/ppo_kl:np.float64(0.0) - actor/pg_clipfrac_lower:np.float64(0.0) - actor/pg_loss:np.float64(1.1350082159042358) - actor/loss:np.float64(1.1350082159042358) - actor/grad_norm:np.float64(0.2631935477256775) - actor/lr:np.float64(1e-06) - actor/perf/max_memory_allocated_gb:np.float64(18.704063415527344) - actor/perf/max_memory_reserved_gb:np.float64(31.169921875) - actor/perf/cpu_memory_used_gb:np.float64(32.35248565673828) - perf/mfu/actor:np.float64(0.03723006475013856) - training/global_step:85 - training/epoch:0 - critic/score/mean:0.4375 - critic/score/max:1.0 - critic/score/min:0.0 - critic/rewards/mean:0.4375 - critic/rewards/max:1.0 - critic/rewards/min:0.0 - critic/advantages/mean:-1.1350082159042358 - critic/advantages/max:0.935412585735321 - critic/advantages/min:-1.20761239528656 - critic/returns/mean:-1.1350082159042358 - critic/returns/max:0.935412585735321 - critic/returns/min:-1.20761239528656 - response_length/mean:66.53125 - response_length/max:512.0 - response_length/min:4.0 - response_length/clip_ratio:0.03125 - response_length_non_aborted/mean:66.53125 - response_length_non_aborted/max:512.0 - response_length_non_aborted/min:4.0 - response_length_non_aborted/clip_ratio:0.03125 - response/aborted_ratio:0.0 - prompt_length/mean:122.5 - prompt_length/max:152.0 - prompt_length/min:86.0 - prompt_length/clip_ratio:0.25 - timing_s/gen:4.418382212985307 - timing_s/old_log_prob:1.1467667969991453 - timing_s/adv:0.2434384790249169 - timing_s/update_actor:2.105821310018655 - timing_s/update_weights:1.0841449070139788 - timing_s/step:9.391670387005433 - timing_per_token_ms/adv:0.03900632575307113 - timing_per_token_ms/update_actor:0.33741729050130664 - timing_per_token_ms/gen:1.985789758645082 - perf/total_num_tokens:6241 - perf/time_per_step:9.391670387005433 - perf/throughput:664.5250251366589 - training/num_turns/mean:np.float64(2.0) - training/num_turns/max:np.int64(2) - training/num_turns/min:np.int64(2) - training/off_policy/trajectory_spans/mean:np.float64(1.0) - training/off_policy/trajectory_spans/max:np.float64(1.0) - training/off_policy/trajectory_spans/min:np.float64(1.0) - training/off_policy/trajectory_staleness/mean:np.float64(0.0) - training/off_policy/trajectory_staleness/max:np.float64(0.0) - training/off_policy/trajectory_staleness/min:np.float64(0.0) - training/off_policy/trajectory_staleness_worst/mean:np.float64(0.0) - training/off_policy/trajectory_staleness_worst/max:np.float64(0.0) - training/off_policy/trajectory_staleness_worst/min:np.float64(0.0)[36m(WorkerDict pid=861242)[0m INFO:2026-07-05 02:12:48,865:update_weights done, time cost: 0.40s
[36m(TaskRunnerV1 pid=859989)[0m Training Progress:  69%|██████▉   | 86/125 [13:38<05:50,  8.99s/it]
[36m(WorkerDict pid=861242)[0m INFO:2026-07-05 02:12:56,191:update_weights done, time cost: 0.38s
[36m(TaskRunnerV1 pid=859989)[0m Training Progress:  70%|██████▉   | 87/125 [13:46<05:22,  8.50s/it]
[36m(WorkerDict pid=861242)[0m INFO:2026-07-05 02:13:03,642:update_weights done, time cost: 0.39s
[36m(TaskRunnerV1 pid=859989)[0m Training Progress:  70%|███████   | 88/125 [13:53<05:03,  8.19s/it]

[36m(TaskRunnerV1 pid=859989)[0m step:86 - global_seqlen/min:5446 - global_seqlen/max:5446 - global_seqlen/minmax_diff:0 - global_seqlen/balanced_min:5446 - global_seqlen/balanced_max:5446 - global_seqlen/mean:5446.0 - actor/entropy:0.8371726274490356 - training/rollout_probs_diff_valid:1 - training/rollout_probs_diff_max:0.0658361166715622 - training/rollout_probs_diff_mean:0.005853541661053896 - training/rollout_probs_diff_std:0.009332063607871532 - training/rollout_actor_probs_pearson_corr:0.9995097517967224 - rollout_corr/training_ppl:1.1523714065551758 - rollout_corr/training_log_ppl:0.09482405334711075 - rollout_corr/kl:-0.0003394594241399318 - rollout_corr/k3_kl:0.0007444837829098105 - rollout_corr/rollout_ppl:1.1537015438079834 - rollout_corr/rollout_log_ppl:0.09584002196788788 - rollout_corr/log_ppl_diff:-0.0010159630328416824 - rollout_corr/log_ppl_abs_diff:0.0021261991932988167 - rollout_corr/log_ppl_diff_max:0.015244990587234497 - rollout_corr/log_ppl_diff_min:-0.039279431104660034 - rollout_corr/ppl_ratio:0.9990054965019226 - rollout_corr/chi2_token:0.0036658048629760742 - rollout_corr/chi2_seq:0.063010573387146 - actor/pg_clipfrac:np.float64(0.0) - actor/ppo_kl:np.float64(0.0) - actor/pg_clipfrac_lower:np.float64(0.0) - actor/pg_loss:np.float64(-0.9501674175262451) - actor/loss:np.float64(-0.9501674175262451) - actor/grad_norm:np.float64(0.4047275185585022) - actor/lr:np.float64(1e-06) - actor/perf/max_memory_allocated_gb:np.float64(18.704063415527344) - actor/perf/max_memory_reserved_gb:np.float64(31.169921875) - actor/perf/cpu_memory_used_gb:np.float64(32.36013412475586) - perf/mfu/actor:np.float64(0.03391054839234762) - training/global_step:86 - training/epoch:0 - critic/score/mean:0.40625 - critic/score/max:1.0 - critic/score/min:0.0 - critic/rewards/mean:0.40625 - critic/rewards/max:1.0 - critic/rewards/min:0.0 - critic/advantages/mean:0.9501675367355347 - critic/advantages/max:2.4748666286468506 - critic/advantages/min:-0.5400605201721191 - critic/returns/mean:0.9501675367355347 - critic/returns/max:2.4748666286468506 - critic/returns/min:-0.5400605201721191 - response_length/mean:54.4375 - response_length/max:444.0 - response_length/min:4.0 - response_length/clip_ratio:0.03125 - response_length_non_aborted/mean:54.4375 - response_length_non_aborted/max:444.0 - response_length_non_aborted/min:4.0 - response_length_non_aborted/clip_ratio:0.03125 - response/aborted_ratio:0.0 - prompt_length/mean:109.75 - prompt_length/max:152.0 - prompt_length/min:85.0 - prompt_length/clip_ratio:0.25 - timing_s/gen:2.3905240789754316 - timing_s/old_log_prob:1.3843557460349984 - timing_s/adv:0.23690466600237414 - timing_s/update_actor:2.0298900899942964 - timing_s/update_weights:1.067366197006777 - timing_s/step:7.504624544002581 - timing_per_token_ms/adv:0.04350067315504483 - timing_per_token_ms/update_actor:0.37273046088767836 - timing_per_token_ms/gen:1.3006115772445221 - perf/total_num_tokens:5446 - perf/time_per_step:7.504624544002581 - perf/throughput:725.6858711675645 - training/num_turns/mean:np.float64(2.0) - training/num_turns/max:np.int64(2) - training/num_turns/min:np.int64(2) - training/off_policy/trajectory_spans/mean:np.float64(1.0) - training/off_policy/trajectory_spans/max:np.float64(1.0) - training/off_policy/trajectory_spans/min:np.float64(1.0) - training/off_policy/trajectory_staleness/mean:np.float64(0.0) - training/off_policy/trajectory_staleness/max:np.float64(0.0) - training/off_policy/trajectory_staleness/min:np.float64(0.0) - training/off_policy/trajectory_staleness_worst/mean:np.float64(0.0) - training/off_policy/trajectory_staleness_worst/max:np.float64(0.0) - training/off_policy/trajectory_staleness_worst/min:np.float64(0.0)
[36m(TaskRunnerV1 pid=859989)[0m step:87 - global_seqlen/min:5587 - global_seqlen/max:5587 - global_seqlen/minmax_diff:0 - global_seqlen/balanced_min:5587 - global_seqlen/balanced_max:5587 - global_seqlen/mean:5587.0 - actor/entropy:0.8797759413719177 - training/rollout_probs_diff_valid:1 - training/rollout_probs_diff_max:0.08434128761291504 - training/rollout_probs_diff_mean:0.006141419522464275 - training/rollout_probs_diff_std:0.009367614984512329 - training/rollout_actor_probs_pearson_corr:0.9995093941688538 - rollout_corr/training_ppl:1.2166088819503784 - rollout_corr/training_log_ppl:0.13830254971981049 - rollout_corr/kl:0.0005086506134830415 - rollout_corr/k3_kl:0.0007999371155165136 - rollout_corr/rollout_ppl:1.2156236171722412 - rollout_corr/rollout_log_ppl:0.1380554437637329 - rollout_corr/log_ppl_diff:0.0002470934996381402 - rollout_corr/log_ppl_abs_diff:0.00277152843773365 - rollout_corr/log_ppl_diff_max:0.0329568088054657 - rollout_corr/log_ppl_diff_min:-0.03376998007297516 - rollout_corr/ppl_ratio:1.0002727508544922 - rollout_corr/chi2_token:0.002196669578552246 - rollout_corr/chi2_seq:0.0630718469619751 - actor/pg_clipfrac:np.float64(0.0) - actor/ppo_kl:np.float64(0.0) - actor/pg_clipfrac_lower:np.float64(0.0) - actor/pg_loss:np.float64(0.012701642699539661) - actor/loss:np.float64(0.012701642699539661) - actor/grad_norm:np.float64(0.11431825906038284) - actor/lr:np.float64(1e-06) - actor/perf/max_memory_allocated_gb:np.float64(18.704063415527344) - actor/perf/max_memory_reserved_gb:np.float64(31.169921875) - actor/perf/cpu_memory_used_gb:np.float64(32.35940170288086) - perf/mfu/actor:np.float64(0.03508120130314364) - training/global_step:87 - training/epoch:0 - critic/score/mean:0.40625 - critic/score/max:1.0 - critic/score/min:0.0 - critic/rewards/mean:0.40625 - critic/rewards/max:1.0 - critic/rewards/min:0.0 - critic/advantages/mean:-0.012701641768217087 - critic/advantages/max:2.4748666286468506 - critic/advantages/min:-0.935412585735321 - critic/returns/mean:-0.012701641768217087 - critic/returns/max:2.4748666286468506 - critic/returns/min:-0.935412585735321 - response_length/mean:64.59375 - response_length/max:370.0 - response_length/min:4.0 - response_length/clip_ratio:0.03125 - response_length_non_aborted/mean:64.59375 - response_length_non_aborted/max:370.0 - response_length_non_aborted/min:4.0 - response_length_non_aborted/clip_ratio:0.03125 - response/aborted_ratio:0.0 - prompt_length/mean:104.0 - prompt_length/max:108.0 - prompt_length/min:95.0 - prompt_length/clip_ratio:0.25 - timing_s/gen:2.382549031986855 - timing_s/old_log_prob:1.101941006956622 - timing_s/adv:0.22742963797645643 - timing_s/update_actor:2.018946969998069 - timing_s/update_weights:1.069843104982283 - timing_s/step:7.195614815980662 - timing_per_token_ms/adv:0.040706933591633514 - timing_per_token_ms/update_actor:0.3613651279753122 - timing_per_token_ms/gen:1.101502095232018 - perf/total_num_tokens:5587 - perf/time_per_step:7.195614815980662 - perf/throughput:776.4451187120096 - training/num_turns/mean:np.float64(2.0) - training/num_turns/max:np.int64(2) - training/num_turns/min:np.int64(2) - training/off_policy/trajectory_spans/mean:np.float64(1.0) - training/off_policy/trajectory_spans/max:np.float64(1.0) - training/off_policy/trajectory_spans/min:np.float64(1.0) - training/off_policy/trajectory_staleness/mean:np.float64(0.0) - training/off_policy/trajectory_staleness/max:np.float64(0.0) - training/off_policy/trajectory_staleness/min:np.float64(0.0) - training/off_policy/trajectory_staleness_worst/mean:np.float64(0.0) - training/off_policy/trajectory_staleness_worst/max:np.float64(0.0) - training/off_policy/trajectory_staleness_worst/min:np.float64(0.0)
[36m(TaskRunnerV1 pid=859989)[0m step:88 - global_seqlen/min:6135 - global_seqlen/max:6135 - global_seqlen/minmax_diff:0 - global_seqlen/balanced_min:6135 - global_seqlen/balanced_max:6135 - global_seqlen/mean:6135.0 - actor/entropy:0.7641299962997437 - training/rollout_probs_diff_valid:1 - training/rollout_probs_diff_max:0.05298805236816406 - training/rollout_probs_diff_mean:0.0051104407757520676 - training/rollout_probs_diff_std:0.008617215789854527 - training/rollout_actor_probs_pearson_corr:0.9995919466018677 - rollout_corr/training_ppl:1.1423362493515015 - rollout_corr/training_log_ppl:0.10064973682165146 - rollout_corr/kl:-0.001520213671028614 - rollout_corr/k3_kl:0.0006303829723037779 - rollout_corr/rollout_ppl:1.1422367095947266 - rollout_corr/rollout_log_ppl:0.10048727691173553 - rollout_corr/log_ppl_diff:0.00016245461301878095 - rollout_corr/log_ppl_abs_diff:0.002500519622117281 - rollout_corr/log_ppl_diff_max:0.03899109363555908 - rollout_corr/log_ppl_diff_min:-0.03523850440979004 - rollout_corr/ppl_ratio:1.0001890659332275 - rollout_corr/chi2_token:0.005585908889770508 - rollout_corr/chi2_seq:0.30738401412963867 - actor/pg_clipfrac:np.float64(0.0) - actor/ppo_kl:np.float64(0.0) - actor/pg_clipfrac_lower:np.float64(0.0) - actor/pg_loss:np.float64(0.18670812249183655) - actor/loss:np.float64(0.18670812249183655) - actor/grad_norm:np.float64(0.18007439374923706) - actor/lr:np.float64(1e-06) - actor/perf/max_memory_allocated_gb:np.float64(18.704063415527344) - actor/perf/max_memory_reserved_gb:np.float64(31.169921875) - actor/perf/cpu_memory_used_gb:np.float64(32.36739730834961) - perf/mfu/actor:np.float64(0.037564028133096186) - training/global_step:88 - training/epoch:0 - critic/score/mean:0.15625 - critic/score/max:1.0 - critic/score/min:0.0 - critic/rewards/mean:0.15625 - critic/rewards/max:1.0 - critic/rewards/min:0.0 - critic/advantages/mean:-0.18670813739299774 - critic/advantages/max:2.4748666286468506 - critic/advantages/min:-0.5400605201721191 - critic/returns/mean:-0.18670813739299774 - critic/returns/max:2.4748666286468506 - critic/returns/min:-0.5400605201721191 - response_length/mean:57.96875 - response_length/max:390.0 - response_length/min:4.0 - response_length/clip_ratio:0.03125 - response_length_non_aborted/mean:57.96875 - response_length_non_aborted/max:390.0 - response_length_non_aborted/min:4.0 - response_length_non_aborted/clip_ratio:0.03125 - response/aborted_ratio:0.0 - prompt_length/mean:127.75 - prompt_length/max:167.0 - prompt_length/min:105.0 - prompt_length/clip_ratio:0.25 - timing_s/gen:2.399989645986352 - timing_s/old_log_prob:1.1424326300038956 - timing_s/adv:0.23780186800286174 - timing_s/update_actor:2.0616805690224282 - timing_s/update_weights:1.1098261809675023 - timing_s/step:7.3429754840326495 - timing_per_token_ms/adv:0.03876151067691308 - timing_per_token_ms/update_actor:0.33605225248939335 - timing_per_token_ms/gen:1.2301330835399038 - perf/total_num_tokens:6135 - perf/time_per_step:7.3429754840326495 - perf/throughput:835.4923713609829 - training/num_turns/mean:np.float64(2.0) - training/num_turns/max:np.int64(2) - training/num_turns/min:np.int64(2) - training/off_policy/trajectory_spans/mean:np.float64(1.0) - training/off_policy/trajectory_spans/max:np.float64(1.0) - training/off_policy/trajectory_spans/min:np.float64(1.0) - training/off_policy/trajectory_staleness/mean:np.float64(0.0) - training/off_policy/trajectory_staleness/max:np.float64(0.0) - training/off_policy/trajectory_staleness/min:np.float64(0.0) - training/off_policy/trajectory_staleness_worst/mean:np.float64(0.0) - training/off_policy/trajectory_staleness_worst/max:np.float64(0.0) - training/off_policy/trajectory_staleness_worst/min:np.float64(0.0)[36m(WorkerDict pid=861242)[0m INFO:2026-07-05 02:13:10,866:update_weights done, time cost: 0.36s
[36m(TaskRunnerV1 pid=859989)[0m Training Progress:  71%|███████   | 89/125 [14:00<04:44,  7.89s/it]
[36m(WorkerDict pid=861242)[0m INFO:2026-07-05 02:13:18,189:update_weights done, time cost: 0.38s
[36m(TaskRunnerV1 pid=859989)[0m Training Progress:  72%|███████▏  | 90/125 [14:08<04:30,  7.72s/it]
[36m(WorkerDict pid=861242)[0m INFO:2026-07-05 02:13:29,447:update_weights done, time cost: 0.40s
[36m(TaskRunnerV1 pid=859989)[0m Training Progress:  73%|███████▎  | 91/125 [14:19<04:58,  8.79s/it]

[36m(TaskRunnerV1 pid=859989)[0m step:89 - global_seqlen/min:4943 - global_seqlen/max:4943 - global_seqlen/minmax_diff:0 - global_seqlen/balanced_min:4943 - global_seqlen/balanced_max:4943 - global_seqlen/mean:4943.0 - actor/entropy:0.5458365678787231 - training/rollout_probs_diff_valid:1 - training/rollout_probs_diff_max:0.0598408579826355 - training/rollout_probs_diff_mean:0.004217106383293867 - training/rollout_probs_diff_std:0.008949948474764824 - training/rollout_actor_probs_pearson_corr:0.999538779258728 - rollout_corr/training_ppl:1.148869514465332 - rollout_corr/training_log_ppl:0.10294803231954575 - rollout_corr/kl:0.0018439601408317685 - rollout_corr/k3_kl:0.000581117405090481 - rollout_corr/rollout_ppl:1.1491851806640625 - rollout_corr/rollout_log_ppl:0.103354811668396 - rollout_corr/log_ppl_diff:-0.00040678749792277813 - rollout_corr/log_ppl_abs_diff:0.0033267769031226635 - rollout_corr/log_ppl_diff_max:0.050209760665893555 - rollout_corr/log_ppl_diff_min:-0.045614659786224365 - rollout_corr/ppl_ratio:0.9996398687362671 - rollout_corr/chi2_token:-0.001408398151397705 - rollout_corr/chi2_seq:-0.01710808277130127 - actor/pg_clipfrac:np.float64(0.0) - actor/ppo_kl:np.float64(0.0) - actor/pg_clipfrac_lower:np.float64(0.0) - actor/pg_loss:np.float64(-0.3482399880886078) - actor/loss:np.float64(-0.3482399880886078) - actor/grad_norm:np.float64(0.24529358744621277) - actor/lr:np.float64(1e-06) - actor/perf/max_memory_allocated_gb:np.float64(18.704063415527344) - actor/perf/max_memory_reserved_gb:np.float64(31.169921875) - actor/perf/cpu_memory_used_gb:np.float64(32.357147216796875) - perf/mfu/actor:np.float64(0.0324197077576223) - training/global_step:89 - training/epoch:0 - critic/score/mean:0.6875 - critic/score/max:1.0 - critic/score/min:0.0 - critic/rewards/mean:0.6875 - critic/rewards/max:1.0 - critic/rewards/min:0.0 - critic/advantages/mean:0.3482399582862854 - critic/advantages/max:0.935412585735321 - critic/advantages/min:-1.6201815605163574 - critic/returns/mean:0.3482399582862854 - critic/returns/max:0.935412585735321 - critic/returns/min:-1.6201815605163574 - response_length/mean:44.21875 - response_length/max:313.0 - response_length/min:4.0 - response_length/clip_ratio:0.03125 - response_length_non_aborted/mean:44.21875 - response_length_non_aborted/max:313.0 - response_length_non_aborted/min:4.0 - response_length_non_aborted/clip_ratio:0.03125 - response/aborted_ratio:0.0 - prompt_length/mean:104.25 - prompt_length/max:122.0 - prompt_length/min:85.0 - prompt_length/clip_ratio:0.25 - timing_s/gen:2.3821868670056574 - timing_s/old_log_prob:1.0791540180216543 - timing_s/adv:0.2374943940085359 - timing_s/update_actor:1.9424454029649496 - timing_s/update_weights:1.03144853701815 - timing_s/step:7.062820499995723 - timing_per_token_ms/adv:0.04804661015750271 - timing_per_token_ms/update_actor:0.3929689263534189 - timing_per_token_ms/gen:1.5765631151592703 - perf/total_num_tokens:4943 - perf/time_per_step:7.062820499995723 - perf/throughput:699.862045198939 - training/num_turns/mean:np.float64(2.0) - training/num_turns/max:np.int64(2) - training/num_turns/min:np.int64(2) - training/off_policy/trajectory_spans/mean:np.float64(1.0) - training/off_policy/trajectory_spans/max:np.float64(1.0) - training/off_policy/trajectory_spans/min:np.float64(1.0) - training/off_policy/trajectory_staleness/mean:np.float64(0.0) - training/off_policy/trajectory_staleness/max:np.float64(0.0) - training/off_policy/trajectory_staleness/min:np.float64(0.0) - training/off_policy/trajectory_staleness_worst/mean:np.float64(0.0) - training/off_policy/trajectory_staleness_worst/max:np.float64(0.0) - training/off_policy/trajectory_staleness_worst/min:np.float64(0.0)
[36m(TaskRunnerV1 pid=859989)[0m step:90 - global_seqlen/min:5340 - global_seqlen/max:5340 - global_seqlen/minmax_diff:0 - global_seqlen/balanced_min:5340 - global_seqlen/balanced_max:5340 - global_seqlen/mean:5340.0 - actor/entropy:0.7670193314552307 - training/rollout_probs_diff_valid:1 - training/rollout_probs_diff_max:0.05779796838760376 - training/rollout_probs_diff_mean:0.0049962932243943214 - training/rollout_probs_diff_std:0.008549141697585583 - training/rollout_actor_probs_pearson_corr:0.9995861053466797 - rollout_corr/training_ppl:1.1713480949401855 - rollout_corr/training_log_ppl:0.10729795694351196 - rollout_corr/kl:8.162396989064291e-05 - rollout_corr/k3_kl:0.0005846178974024951 - rollout_corr/rollout_ppl:1.1723231077194214 - rollout_corr/rollout_log_ppl:0.10699866712093353 - rollout_corr/log_ppl_diff:0.0002992938389070332 - rollout_corr/log_ppl_abs_diff:0.0024807709269225597 - rollout_corr/log_ppl_diff_max:0.037941813468933105 - rollout_corr/log_ppl_diff_min:-0.039298057556152344 - rollout_corr/ppl_ratio:1.000327229499817 - rollout_corr/chi2_token:0.0021725893020629883 - rollout_corr/chi2_seq:0.08408999443054199 - actor/pg_clipfrac:np.float64(0.0) - actor/ppo_kl:np.float64(0.0) - actor/pg_clipfrac_lower:np.float64(0.0) - actor/pg_loss:np.float64(0.20670297741889954) - actor/loss:np.float64(0.20670297741889954) - actor/grad_norm:np.float64(0.23493565618991852) - actor/lr:np.float64(1e-06) - actor/perf/max_memory_allocated_gb:np.float64(18.704063415527344) - actor/perf/max_memory_reserved_gb:np.float64(31.169921875) - actor/perf/cpu_memory_used_gb:np.float64(32.36677169799805) - perf/mfu/actor:np.float64(0.03397108621919608) - training/global_step:90 - training/epoch:0 - critic/score/mean:0.53125 - critic/score/max:1.0 - critic/score/min:0.0 - critic/rewards/mean:0.53125 - critic/rewards/max:1.0 - critic/rewards/min:0.0 - critic/advantages/mean:-0.20670290291309357 - critic/advantages/max:1.6201815605163574 - critic/advantages/min:-2.4748666286468506 - critic/returns/mean:-0.20670290291309357 - critic/returns/max:1.6201815605163574 - critic/returns/min:-2.4748666286468506 - response_length/mean:60.875 - response_length/max:419.0 - response_length/min:4.0 - response_length/clip_ratio:0.03125 - response_length_non_aborted/mean:60.875 - response_length_non_aborted/max:419.0 - response_length_non_aborted/min:4.0 - response_length_non_aborted/clip_ratio:0.03125 - response/aborted_ratio:0.0 - prompt_length/mean:100.0 - prompt_length/max:107.0 - prompt_length/min:92.0 - prompt_length/clip_ratio:0.25 - timing_s/gen:2.395296713046264 - timing_s/old_log_prob:1.114219166978728 - timing_s/adv:0.23650147602893412 - timing_s/update_actor:1.989501054980792 - timing_s/update_weights:1.0343127510277554 - timing_s/step:7.162450303963851 - timing_per_token_ms/adv:0.04428866592302137 - timing_per_token_ms/update_actor:0.37256574063310716 - timing_per_token_ms/gen:1.1718672764414206 - perf/total_num_tokens:5340 - perf/time_per_step:7.162450303963851 - perf/throughput:745.554911151667 - training/num_turns/mean:np.float64(2.0) - training/num_turns/max:np.int64(2) - training/num_turns/min:np.int64(2) - training/off_policy/trajectory_spans/mean:np.float64(1.0) - training/off_policy/trajectory_spans/max:np.float64(1.0) - training/off_policy/trajectory_spans/min:np.float64(1.0) - training/off_policy/trajectory_staleness/mean:np.float64(0.0) - training/off_policy/trajectory_staleness/max:np.float64(0.0) - training/off_policy/trajectory_staleness/min:np.float64(0.0) - training/off_policy/trajectory_staleness_worst/mean:np.float64(0.0) - training/off_policy/trajectory_staleness_worst/max:np.float64(0.0) - training/off_policy/trajectory_staleness_worst/min:np.float64(0.0)
[36m(TaskRunnerV1 pid=859989)[0m step:91 - global_seqlen/min:11042 - global_seqlen/max:11042 - global_seqlen/minmax_diff:0 - global_seqlen/balanced_min:11042 - global_seqlen/balanced_max:11042 - global_seqlen/mean:11042.0 - actor/entropy:0.69161057472229 - training/rollout_probs_diff_valid:1 - training/rollout_probs_diff_max:0.10835987329483032 - training/rollout_probs_diff_mean:0.00418503163382411 - training/rollout_probs_diff_std:0.008397664874792099 - training/rollout_actor_probs_pearson_corr:0.9996384382247925 - rollout_corr/training_ppl:1.2163212299346924 - rollout_corr/training_log_ppl:0.13372179865837097 - rollout_corr/kl:0.0006850228528492153 - rollout_corr/k3_kl:0.000564504531212151 - rollout_corr/rollout_ppl:1.2173142433166504 - rollout_corr/rollout_log_ppl:0.13468949496746063 - rollout_corr/log_ppl_diff:-0.0009677087073214352 - rollout_corr/log_ppl_abs_diff:0.0018311251187697053 - rollout_corr/log_ppl_diff_max:0.029995858669281006 - rollout_corr/log_ppl_diff_min:-0.032150089740753174 - rollout_corr/ppl_ratio:0.9990520477294922 - rollout_corr/chi2_token:0.0008813142776489258 - rollout_corr/chi2_seq:-0.02406895160675049 - actor/pg_clipfrac:np.float64(0.0) - actor/ppo_kl:np.float64(0.0) - actor/pg_clipfrac_lower:np.float64(0.0) - actor/pg_loss:np.float64(-0.09536705911159515) - actor/loss:np.float64(-0.09536705911159515) - actor/grad_norm:np.float64(0.10034128278493881) - actor/lr:np.float64(1e-06) - actor/perf/max_memory_allocated_gb:np.float64(19.48296880722046) - actor/perf/max_memory_reserved_gb:np.float64(31.169921875) - actor/perf/cpu_memory_used_gb:np.float64(32.41362380981445) - perf/mfu/actor:np.float64(0.039634396653971254) - training/global_step:91 - training/epoch:0 - critic/score/mean:0.125 - critic/score/max:1.0 - critic/score/min:0.0 - critic/rewards/mean:0.125 - critic/rewards/max:1.0 - critic/rewards/min:0.0 - critic/advantages/mean:0.09536710381507874 - critic/advantages/max:2.4748666286468506 - critic/advantages/min:-0.5400605201721191 - critic/returns/mean:0.09536710381507874 - critic/returns/max:2.4748666286468506 - critic/returns/min:-0.5400605201721191 - response_length/mean:210.3125 - response_length/max:512.0 - response_length/min:4.0 - response_length/clip_ratio:0.125 - response_length_non_aborted/mean:210.3125 - response_length_non_aborted/max:512.0 - response_length_non_aborted/min:4.0 - response_length_non_aborted/clip_ratio:0.125 - response/aborted_ratio:0.0 - prompt_length/mean:128.75 - prompt_length/max:174.0 - prompt_length/min:93.0 - prompt_length/clip_ratio:0.25 - timing_s/gen:4.427518689946737 - timing_s/old_log_prob:1.5624867590377107 - timing_s/adv:0.23980474198469892 - timing_s/update_actor:3.315574417996686 - timing_s/update_weights:1.2150153209804557 - timing_s/step:11.155451083963271 - timing_per_token_ms/adv:0.021717509688887787 - timing_per_token_ms/update_actor:0.30026937312051133 - timing_per_token_ms/gen:0.648625650446343 - perf/total_num_tokens:11042 - perf/time_per_step:11.155451083963271 - perf/throughput:989.8299868728424 - training/num_turns/mean:np.float64(2.0) - training/num_turns/max:np.int64(2) - training/num_turns/min:np.int64(2) - training/off_policy/trajectory_spans/mean:np.float64(1.0) - training/off_policy/trajectory_spans/max:np.float64(1.0) - training/off_policy/trajectory_spans/min:np.float64(1.0) - training/off_policy/trajectory_staleness/mean:np.float64(0.0) - training/off_policy/trajectory_staleness/max:np.float64(0.0) - training/off_policy/trajectory_staleness/min:np.float64(0.0) - training/off_policy/trajectory_staleness_worst/mean:np.float64(0.0) - training/off_policy/trajectory_staleness_worst/max:np.float64(0.0) - training/off_policy/trajectory_staleness_worst/min:np.float64(0.0)[36m(WorkerDict pid=861242)[0m INFO:2026-07-05 02:13:37,395:update_weights done, time cost: 0.38s
[36m(TaskRunnerV1 pid=859989)[0m Training Progress:  74%|███████▎  | 92/125 [14:27<04:41,  8.52s/it]
[36m(WorkerDict pid=861242)[0m INFO:2026-07-05 02:13:44,382:update_weights done, time cost: 0.35s
[36m(TaskRunnerV1 pid=859989)[0m Training Progress:  74%|███████▍  | 93/125 [14:34<04:17,  8.06s/it]
[36m(WorkerDict pid=861242)[0m INFO:2026-07-05 02:13:51,524:update_weights done, time cost: 0.34s
[36m(TaskRunnerV1 pid=859989)[0m Training Progress:  75%|███████▌  | 94/125 [14:41<04:01,  7.79s/it]

[36m(TaskRunnerV1 pid=859989)[0m step:92 - global_seqlen/min:6935 - global_seqlen/max:6935 - global_seqlen/minmax_diff:0 - global_seqlen/balanced_min:6935 - global_seqlen/balanced_max:6935 - global_seqlen/mean:6935.0 - actor/entropy:0.8323307037353516 - training/rollout_probs_diff_valid:1 - training/rollout_probs_diff_max:0.06810402870178223 - training/rollout_probs_diff_mean:0.005493045784533024 - training/rollout_probs_diff_std:0.00874403864145279 - training/rollout_actor_probs_pearson_corr:0.9995884895324707 - rollout_corr/training_ppl:1.232469081878662 - rollout_corr/training_log_ppl:0.14119836688041687 - rollout_corr/kl:0.0013151980238035321 - rollout_corr/k3_kl:0.0007178565138019621 - rollout_corr/rollout_ppl:1.2334939241409302 - rollout_corr/rollout_log_ppl:0.14173372089862823 - rollout_corr/log_ppl_diff:-0.0005353568121790886 - rollout_corr/log_ppl_abs_diff:0.002345004118978977 - rollout_corr/log_ppl_diff_max:0.023324310779571533 - rollout_corr/log_ppl_diff_min:-0.034271419048309326 - rollout_corr/ppl_ratio:0.9994867444038391 - rollout_corr/chi2_token:0.0002446174621582031 - rollout_corr/chi2_seq:-0.017122387886047363 - actor/pg_clipfrac:np.float64(0.0) - actor/ppo_kl:np.float64(0.0) - actor/pg_clipfrac_lower:np.float64(0.0) - actor/pg_loss:np.float64(-0.11997013539075851) - actor/loss:np.float64(-0.11997013539075851) - actor/grad_norm:np.float64(0.17055054008960724) - actor/lr:np.float64(1e-06) - actor/perf/max_memory_allocated_gb:np.float64(19.48296880722046) - actor/perf/max_memory_reserved_gb:np.float64(32.388671875) - actor/perf/cpu_memory_used_gb:np.float64(32.38527297973633) - perf/mfu/actor:np.float64(0.039898655108172046) - training/global_step:92 - training/epoch:0 - critic/score/mean:0.4375 - critic/score/max:1.0 - critic/score/min:0.0 - critic/rewards/mean:0.4375 - critic/rewards/max:1.0 - critic/rewards/min:0.0 - critic/advantages/mean:0.11997012048959732 - critic/advantages/max:0.935412585735321 - critic/advantages/min:-1.6201815605163574 - critic/returns/mean:0.11997012048959732 - critic/returns/max:0.935412585735321 - critic/returns/min:-1.6201815605163574 - response_length/mean:99.71875 - response_length/max:408.0 - response_length/min:4.0 - response_length/clip_ratio:0.03125 - response_length_non_aborted/mean:99.71875 - response_length_non_aborted/max:408.0 - response_length_non_aborted/min:4.0 - response_length_non_aborted/clip_ratio:0.03125 - response/aborted_ratio:0.0 - prompt_length/mean:111.0 - prompt_length/max:121.0 - prompt_length/min:95.0 - prompt_length/clip_ratio:0.25 - timing_s/gen:2.405073104018811 - timing_s/old_log_prob:1.1778454600134864 - timing_s/adv:0.2411788190365769 - timing_s/update_actor:2.1746409069746733 - timing_s/update_weights:1.0727647540043108 - timing_s/step:7.758533468004316 - timing_per_token_ms/adv:0.03477704672481282 - timing_per_token_ms/update_actor:0.31357475226743664 - timing_per_token_ms/gen:0.7316924563488929 - perf/total_num_tokens:6935 - perf/time_per_step:7.758533468004316 - perf/throughput:893.8544930687592 - training/num_turns/mean:np.float64(2.0) - training/num_turns/max:np.int64(2) - training/num_turns/min:np.int64(2) - training/off_policy/trajectory_spans/mean:np.float64(1.0) - training/off_policy/trajectory_spans/max:np.float64(1.0) - training/off_policy/trajectory_spans/min:np.float64(1.0) - training/off_policy/trajectory_staleness/mean:np.float64(0.0) - training/off_policy/trajectory_staleness/max:np.float64(0.0) - training/off_policy/trajectory_staleness/min:np.float64(0.0) - training/off_policy/trajectory_staleness_worst/mean:np.float64(0.0) - training/off_policy/trajectory_staleness_worst/max:np.float64(0.0) - training/off_policy/trajectory_staleness_worst/min:np.float64(0.0)
[36m(TaskRunnerV1 pid=859989)[0m step:93 - global_seqlen/min:4011 - global_seqlen/max:4011 - global_seqlen/minmax_diff:0 - global_seqlen/balanced_min:4011 - global_seqlen/balanced_max:4011 - global_seqlen/mean:4011.0 - actor/entropy:0.9665732383728027 - training/rollout_probs_diff_valid:1 - training/rollout_probs_diff_max:0.07972019910812378 - training/rollout_probs_diff_mean:0.006656288634985685 - training/rollout_probs_diff_std:0.01082327775657177 - training/rollout_actor_probs_pearson_corr:0.9993761777877808 - rollout_corr/training_ppl:1.3612574338912964 - rollout_corr/training_log_ppl:0.13277317583560944 - rollout_corr/kl:0.0005889898748137057 - rollout_corr/k3_kl:0.0009233044693246484 - rollout_corr/rollout_ppl:1.3618263006210327 - rollout_corr/rollout_log_ppl:0.13297533988952637 - rollout_corr/log_ppl_diff:-0.00020216527627781034 - rollout_corr/log_ppl_abs_diff:0.0021453865338116884 - rollout_corr/log_ppl_diff_max:0.024791479110717773 - rollout_corr/log_ppl_diff_min:-0.036843299865722656 - rollout_corr/ppl_ratio:0.9998149871826172 - rollout_corr/chi2_token:0.0024902820587158203 - rollout_corr/chi2_seq:0.019351482391357422 - actor/pg_clipfrac:np.float64(0.0) - actor/ppo_kl:np.float64(0.0) - actor/pg_clipfrac_lower:np.float64(0.0) - actor/pg_loss:np.float64(-0.2178744375705719) - actor/loss:np.float64(-0.2178744375705719) - actor/grad_norm:np.float64(0.5699799656867981) - actor/lr:np.float64(1e-06) - actor/perf/max_memory_allocated_gb:np.float64(19.48296880722046) - actor/perf/max_memory_reserved_gb:np.float64(32.388671875) - actor/perf/cpu_memory_used_gb:np.float64(32.365699768066406) - perf/mfu/actor:np.float64(0.02848673203836692) - training/global_step:93 - training/epoch:0 - critic/score/mean:0.15625 - critic/score/max:1.0 - critic/score/min:0.0 - critic/rewards/mean:0.15625 - critic/rewards/max:1.0 - critic/rewards/min:0.0 - critic/advantages/mean:0.2178744375705719 - critic/advantages/max:1.6201815605163574 - critic/advantages/min:-0.7245674133300781 - critic/returns/mean:0.2178744375705719 - critic/returns/max:1.6201815605163574 - critic/returns/min:-0.7245674133300781 - response_length/mean:20.84375 - response_length/max:166.0 - response_length/min:4.0 - response_length/clip_ratio:0.03125 - response_length_non_aborted/mean:20.84375 - response_length_non_aborted/max:166.0 - response_length_non_aborted/min:4.0 - response_length_non_aborted/clip_ratio:0.03125 - response/aborted_ratio:0.0 - prompt_length/mean:98.5 - prompt_length/max:142.0 - prompt_length/min:79.0 - prompt_length/clip_ratio:0.25 - timing_s/gen:2.390619264973793 - timing_s/old_log_prob:1.0434786140103824 - timing_s/adv:0.23246560100233182 - timing_s/update_actor:1.8102332320413552 - timing_s/update_weights:0.9828273909515701 - timing_s/step:6.848303772974759 - timing_per_token_ms/adv:0.05795701844984588 - timing_per_token_ms/update_actor:0.4513171857495276 - timing_per_token_ms/gen:3.1331838335174225 - perf/total_num_tokens:4011 - perf/time_per_step:6.848303772974759 - perf/throughput:585.6924769938623 - training/num_turns/mean:np.float64(2.0) - training/num_turns/max:np.int64(2) - training/num_turns/min:np.int64(2) - training/off_policy/trajectory_spans/mean:np.float64(1.0) - training/off_policy/trajectory_spans/max:np.float64(1.0) - training/off_policy/trajectory_spans/min:np.float64(1.0) - training/off_policy/trajectory_staleness/mean:np.float64(0.0) - training/off_policy/trajectory_staleness/max:np.float64(0.0) - training/off_policy/trajectory_staleness/min:np.float64(0.0) - training/off_policy/trajectory_staleness_worst/mean:np.float64(0.0) - training/off_policy/trajectory_staleness_worst/max:np.float64(0.0) - training/off_policy/trajectory_staleness_worst/min:np.float64(0.0)
[36m(TaskRunnerV1 pid=859989)[0m step:94 - global_seqlen/min:4677 - global_seqlen/max:4677 - global_seqlen/minmax_diff:0 - global_seqlen/balanced_min:4677 - global_seqlen/balanced_max:4677 - global_seqlen/mean:4677.0 - actor/entropy:0.6941662430763245 - training/rollout_probs_diff_valid:1 - training/rollout_probs_diff_max:0.10602369904518127 - training/rollout_probs_diff_mean:0.00565398158505559 - training/rollout_probs_diff_std:0.00977231003344059 - training/rollout_actor_probs_pearson_corr:0.9994390606880188 - rollout_corr/training_ppl:1.1364458799362183 - rollout_corr/training_log_ppl:0.10071037709712982 - rollout_corr/kl:4.77803114335984e-05 - rollout_corr/k3_kl:0.0006659376085735857 - rollout_corr/rollout_ppl:1.134035587310791 - rollout_corr/rollout_log_ppl:0.09913147985935211 - rollout_corr/log_ppl_diff:0.0015788973541930318 - rollout_corr/log_ppl_abs_diff:0.002531541045755148 - rollout_corr/log_ppl_diff_max:0.03361302614212036 - rollout_corr/log_ppl_diff_min:-0.01104705035686493 - rollout_corr/ppl_ratio:1.0016016960144043 - rollout_corr/chi2_token:0.0025864839553833008 - rollout_corr/chi2_seq:0.031532883644104004 - actor/pg_clipfrac:np.float64(0.0) - actor/ppo_kl:np.float64(0.0) - actor/pg_clipfrac_lower:np.float64(0.0) - actor/pg_loss:np.float64(-0.09505747258663177) - actor/loss:np.float64(-0.09505747258663177) - actor/grad_norm:np.float64(0.3243890702724457) - actor/lr:np.float64(1e-06) - actor/perf/max_memory_allocated_gb:np.float64(19.48296880722046) - actor/perf/max_memory_reserved_gb:np.float64(32.388671875) - actor/perf/cpu_memory_used_gb:np.float64(32.36831283569336) - perf/mfu/actor:np.float64(0.03160240319694045) - training/global_step:94 - training/epoch:0 - critic/score/mean:0.1875 - critic/score/max:1.0 - critic/score/min:0.0 - critic/rewards/mean:0.1875 - critic/rewards/max:1.0 - critic/rewards/min:0.0 - critic/advantages/mean:0.09505754709243774 - critic/advantages/max:2.4748666286468506 - critic/advantages/min:-0.7245674133300781 - critic/returns/mean:0.09505754709243774 - critic/returns/max:2.4748666286468506 - critic/returns/min:-0.7245674133300781 - response_length/mean:41.90625 - response_length/max:368.0 - response_length/min:4.0 - response_length/clip_ratio:0.03125 - response_length_non_aborted/mean:41.90625 - response_length_non_aborted/max:368.0 - response_length_non_aborted/min:4.0 - response_length_non_aborted/clip_ratio:0.03125 - response/aborted_ratio:0.0 - prompt_length/mean:98.25 - prompt_length/max:106.0 - prompt_length/min:84.0 - prompt_length/clip_ratio:0.5 - timing_s/gen:2.4317721290281042 - timing_s/old_log_prob:1.0761623319704086 - timing_s/adv:0.23827816802076995 - timing_s/update_actor:1.8863748060539365 - timing_s/update_weights:1.002398990036454 - timing_s/step:7.029279034992214 - timing_per_token_ms/adv:0.05094679666896942 - timing_per_token_ms/update_actor:0.4033300846811923 - timing_per_token_ms/gen:1.692256178864373 - perf/total_num_tokens:4677 - perf/time_per_step:7.029279034992214 - perf/throughput:665.3598436934408 - training/num_turns/mean:np.float64(2.0) - training/num_turns/max:np.int64(2) - training/num_turns/min:np.int64(2) - training/off_policy/trajectory_spans/mean:np.float64(1.0) - training/off_policy/trajectory_spans/max:np.float64(1.0) - training/off_policy/trajectory_spans/min:np.float64(1.0) - training/off_policy/trajectory_staleness/mean:np.float64(0.0) - training/off_policy/trajectory_staleness/max:np.float64(0.0) - training/off_policy/trajectory_staleness/min:np.float64(0.0) - training/off_policy/trajectory_staleness_worst/mean:np.float64(0.0) - training/off_policy/trajectory_staleness_worst/max:np.float64(0.0) - training/off_policy/trajectory_staleness_worst/min:np.float64(0.0)[36m(WorkerDict pid=861242)[0m INFO:2026-07-05 02:14:01,051:update_weights done, time cost: 0.38s
[36m(TaskRunnerV1 pid=859989)[0m Training Progress:  76%|███████▌  | 95/125 [14:51<04:09,  8.31s/it]
[36m(WorkerDict pid=861242)[0m INFO:2026-07-05 02:14:08,441:update_weights done, time cost: 0.35s
[36m(TaskRunnerV1 pid=859989)[0m Training Progress:  77%|███████▋  | 96/125 [14:58<03:52,  8.03s/it]
[36m(WorkerDict pid=861242)[0m INFO:2026-07-05 02:14:18,091:update_weights done, time cost: 0.37s
[36m(TaskRunnerV1 pid=859989)[0m Training Progress:  78%|███████▊  | 97/125 [15:08<03:58,  8.52s/it]

[36m(TaskRunnerV1 pid=859989)[0m step:95 - global_seqlen/min:6489 - global_seqlen/max:6489 - global_seqlen/minmax_diff:0 - global_seqlen/balanced_min:6489 - global_seqlen/balanced_max:6489 - global_seqlen/mean:6489.0 - actor/entropy:0.7075403928756714 - training/rollout_probs_diff_valid:1 - training/rollout_probs_diff_max:0.06699146330356598 - training/rollout_probs_diff_mean:0.005011635832488537 - training/rollout_probs_diff_std:0.008634722791612148 - training/rollout_actor_probs_pearson_corr:0.9995771050453186 - rollout_corr/training_ppl:1.2296576499938965 - rollout_corr/training_log_ppl:0.13601385056972504 - rollout_corr/kl:0.0009306499268859625 - rollout_corr/k3_kl:0.000647227861918509 - rollout_corr/rollout_ppl:1.2294187545776367 - rollout_corr/rollout_log_ppl:0.13618791103363037 - rollout_corr/log_ppl_diff:-0.00017407292034476995 - rollout_corr/log_ppl_abs_diff:0.0028275074437260628 - rollout_corr/log_ppl_diff_max:0.034964025020599365 - rollout_corr/log_ppl_diff_min:-0.037824034690856934 - rollout_corr/ppl_ratio:0.9998558759689331 - rollout_corr/chi2_token:0.0007172822952270508 - rollout_corr/chi2_seq:-0.01338416337966919 - actor/pg_clipfrac:np.float64(0.0) - actor/ppo_kl:np.float64(0.0) - actor/pg_clipfrac_lower:np.float64(0.0) - actor/pg_loss:np.float64(0.1584155261516571) - actor/loss:np.float64(0.1584155261516571) - actor/grad_norm:np.float64(0.22679226100444794) - actor/lr:np.float64(1e-06) - actor/perf/max_memory_allocated_gb:np.float64(19.48296880722046) - actor/perf/max_memory_reserved_gb:np.float64(32.388671875) - actor/perf/cpu_memory_used_gb:np.float64(32.3843994140625) - perf/mfu/actor:np.float64(0.03829597711086092) - training/global_step:95 - training/epoch:0 - critic/score/mean:0.375 - critic/score/max:1.0 - critic/score/min:0.0 - critic/rewards/mean:0.375 - critic/rewards/max:1.0 - critic/rewards/min:0.0 - critic/advantages/mean:-0.15841540694236755 - critic/advantages/max:1.6201815605163574 - critic/advantages/min:-0.935412585735321 - critic/returns/mean:-0.15841540694236755 - critic/returns/max:1.6201815605163574 - critic/returns/min:-0.935412585735321 - response_length/mean:73.78125 - response_length/max:512.0 - response_length/min:4.0 - response_length/clip_ratio:0.03125 - response_length_non_aborted/mean:73.78125 - response_length_non_aborted/max:512.0 - response_length_non_aborted/min:4.0 - response_length_non_aborted/clip_ratio:0.03125 - response/aborted_ratio:0.0 - prompt_length/mean:123.0 - prompt_length/max:152.0 - prompt_length/min:105.0 - prompt_length/clip_ratio:0.25 - timing_s/gen:4.425642555986997 - timing_s/old_log_prob:1.1143576489994302 - timing_s/adv:0.2404725209926255 - timing_s/update_actor:2.141135161044076 - timing_s/update_weights:1.0694579709670506 - timing_s/step:9.384098481037654 - timing_per_token_ms/adv:0.0370584868227193 - timing_per_token_ms/update_actor:0.3299638096847089 - timing_per_token_ms/gen:1.8012383215250292 - perf/total_num_tokens:6489 - perf/time_per_step:9.384098481037654 - perf/throughput:691.4889068046602 - training/num_turns/mean:np.float64(2.0) - training/num_turns/max:np.int64(2) - training/num_turns/min:np.int64(2) - training/off_policy/trajectory_spans/mean:np.float64(1.0) - training/off_policy/trajectory_spans/max:np.float64(1.0) - training/off_policy/trajectory_spans/min:np.float64(1.0) - training/off_policy/trajectory_staleness/mean:np.float64(0.0) - training/off_policy/trajectory_staleness/max:np.float64(0.0) - training/off_policy/trajectory_staleness/min:np.float64(0.0) - training/off_policy/trajectory_staleness_worst/mean:np.float64(0.0) - training/off_policy/trajectory_staleness_worst/max:np.float64(0.0) - training/off_policy/trajectory_staleness_worst/min:np.float64(0.0)
[36m(TaskRunnerV1 pid=859989)[0m step:96 - global_seqlen/min:5769 - global_seqlen/max:5769 - global_seqlen/minmax_diff:0 - global_seqlen/balanced_min:5769 - global_seqlen/balanced_max:5769 - global_seqlen/mean:5769.0 - actor/entropy:0.3175821304321289 - training/rollout_probs_diff_valid:1 - training/rollout_probs_diff_max:0.08925265073776245 - training/rollout_probs_diff_mean:0.0035043705720454454 - training/rollout_probs_diff_std:0.007954217493534088 - training/rollout_actor_probs_pearson_corr:0.9994549751281738 - rollout_corr/training_ppl:1.1180191040039062 - rollout_corr/training_log_ppl:0.08792009204626083 - rollout_corr/kl:0.0006688371067866683 - rollout_corr/k3_kl:0.00035152435884810984 - rollout_corr/rollout_ppl:1.1214793920516968 - rollout_corr/rollout_log_ppl:0.08961395174264908 - rollout_corr/log_ppl_diff:-0.0016938650514930487 - rollout_corr/log_ppl_abs_diff:0.002925809007138014 - rollout_corr/log_ppl_diff_max:0.03249078989028931 - rollout_corr/log_ppl_diff_min:-0.06672406196594238 - rollout_corr/ppl_ratio:0.9983516335487366 - rollout_corr/chi2_token:6.186962127685547e-05 - rollout_corr/chi2_seq:0.008417129516601562 - actor/pg_clipfrac:np.float64(0.0) - actor/ppo_kl:np.float64(0.0) - actor/pg_clipfrac_lower:np.float64(0.0) - actor/pg_loss:np.float64(0.48759225010871887) - actor/loss:np.float64(0.48759225010871887) - actor/grad_norm:np.float64(0.22635112702846527) - actor/lr:np.float64(1e-06) - actor/perf/max_memory_allocated_gb:np.float64(19.48296880722046) - actor/perf/max_memory_reserved_gb:np.float64(32.388671875) - actor/perf/cpu_memory_used_gb:np.float64(32.37165451049805) - perf/mfu/actor:np.float64(0.03451716191538816) - training/global_step:96 - training/epoch:0 - critic/score/mean:0.4375 - critic/score/max:1.0 - critic/score/min:0.0 - critic/rewards/mean:0.4375 - critic/rewards/max:1.0 - critic/rewards/min:0.0 - critic/advantages/mean:-0.4875921607017517 - critic/advantages/max:1.6201815605163574 - critic/advantages/min:-1.6201815605163574 - critic/returns/mean:-0.4875921607017517 - critic/returns/max:1.6201815605163574 - critic/returns/min:-1.6201815605163574 - response_length/mean:61.53125 - response_length/max:370.0 - response_length/min:4.0 - response_length/clip_ratio:0.03125 - response_length_non_aborted/mean:61.53125 - response_length_non_aborted/max:370.0 - response_length_non_aborted/min:4.0 - response_length_non_aborted/clip_ratio:0.03125 - response/aborted_ratio:0.0 - prompt_length/mean:112.75 - prompt_length/max:137.0 - prompt_length/min:85.0 - prompt_length/clip_ratio:0.25 - timing_s/gen:2.3839695199858397 - timing_s/old_log_prob:1.12420373596251 - timing_s/adv:0.2367630079970695 - timing_s/update_actor:2.096376201021485 - timing_s/update_weights:1.0094169189687818 - timing_s/step:7.238586221006699 - timing_per_token_ms/adv:0.04104056300867906 - timing_per_token_ms/update_actor:0.3633864103001361 - timing_per_token_ms/gen:1.1544646585887843 - perf/total_num_tokens:5769 - perf/time_per_step:7.238586221006699 - perf/throughput:796.978833139834 - training/num_turns/mean:np.float64(2.0) - training/num_turns/max:np.int64(2) - training/num_turns/min:np.int64(2) - training/off_policy/trajectory_spans/mean:np.float64(1.0) - training/off_policy/trajectory_spans/max:np.float64(1.0) - training/off_policy/trajectory_spans/min:np.float64(1.0) - training/off_policy/trajectory_staleness/mean:np.float64(0.0) - training/off_policy/trajectory_staleness/max:np.float64(0.0) - training/off_policy/trajectory_staleness/min:np.float64(0.0) - training/off_policy/trajectory_staleness_worst/mean:np.float64(0.0) - training/off_policy/trajectory_staleness_worst/max:np.float64(0.0) - training/off_policy/trajectory_staleness_worst/min:np.float64(0.0)
[36m(TaskRunnerV1 pid=859989)[0m step:97 - global_seqlen/min:7021 - global_seqlen/max:7021 - global_seqlen/minmax_diff:0 - global_seqlen/balanced_min:7021 - global_seqlen/balanced_max:7021 - global_seqlen/mean:7021.0 - actor/entropy:0.7096803784370422 - training/rollout_probs_diff_valid:1 - training/rollout_probs_diff_max:0.09077739715576172 - training/rollout_probs_diff_mean:0.004722157958894968 - training/rollout_probs_diff_std:0.008496800437569618 - training/rollout_actor_probs_pearson_corr:0.9996086359024048 - rollout_corr/training_ppl:1.2281789779663086 - rollout_corr/training_log_ppl:0.14250636100769043 - rollout_corr/kl:0.0012840299168601632 - rollout_corr/k3_kl:0.0007091761799529195 - rollout_corr/rollout_ppl:1.2289559841156006 - rollout_corr/rollout_log_ppl:0.14309003949165344 - rollout_corr/log_ppl_diff:-0.000583682325668633 - rollout_corr/log_ppl_abs_diff:0.003612654283642769 - rollout_corr/log_ppl_diff_max:0.06424477696418762 - rollout_corr/log_ppl_diff_min:-0.037880897521972656 - rollout_corr/ppl_ratio:0.9994698762893677 - rollout_corr/chi2_token:0.0002613067626953125 - rollout_corr/chi2_seq:-0.008057594299316406 - actor/pg_clipfrac:np.float64(0.0) - actor/ppo_kl:np.float64(0.0) - actor/pg_clipfrac_lower:np.float64(0.0) - actor/pg_loss:np.float64(0.2305697202682495) - actor/loss:np.float64(0.2305697202682495) - actor/grad_norm:np.float64(0.16356606781482697) - actor/lr:np.float64(1e-06) - actor/perf/max_memory_allocated_gb:np.float64(19.48296880722046) - actor/perf/max_memory_reserved_gb:np.float64(32.388671875) - actor/perf/cpu_memory_used_gb:np.float64(32.390960693359375) - perf/mfu/actor:np.float64(0.04034057043473242) - training/global_step:97 - training/epoch:0 - critic/score/mean:0.25 - critic/score/max:1.0 - critic/score/min:0.0 - critic/rewards/mean:0.25 - critic/rewards/max:1.0 - critic/rewards/min:0.0 - critic/advantages/mean:-0.23056967556476593 - critic/advantages/max:0.935412585735321 - critic/advantages/min:-0.935412585735321 - critic/returns/mean:-0.23056967556476593 - critic/returns/max:0.935412585735321 - critic/returns/min:-0.935412585735321 - response_length/mean:100.15625 - response_length/max:512.0 - response_length/min:4.0 - response_length/clip_ratio:0.03125 - response_length_non_aborted/mean:100.15625 - response_length_non_aborted/max:512.0 - response_length_non_aborted/min:4.0 - response_length_non_aborted/clip_ratio:0.03125 - response/aborted_ratio:0.0 - prompt_length/mean:113.25 - prompt_length/max:138.0 - prompt_length/min:81.0 - prompt_length/clip_ratio:0.25 - timing_s/gen:4.438956396013964 - timing_s/old_log_prob:1.1887334699858911 - timing_s/adv:0.2376237369608134 - timing_s/update_actor:2.130640070012305 - timing_s/update_weights:1.1346168980235234 - timing_s/step:9.52185246499721 - timing_per_token_ms/adv:0.03384471399527324 - timing_per_token_ms/update_actor:0.3034667526010974 - timing_per_token_ms/gen:1.3447308076382805 - perf/total_num_tokens:7021 - perf/time_per_step:9.52185246499721 - perf/throughput:737.3565202579578 - training/num_turns/mean:np.float64(2.0) - training/num_turns/max:np.int64(2) - training/num_turns/min:np.int64(2) - training/off_policy/trajectory_spans/mean:np.float64(1.0) - training/off_policy/trajectory_spans/max:np.float64(1.0) - training/off_policy/trajectory_spans/min:np.float64(1.0) - training/off_policy/trajectory_staleness/mean:np.float64(0.0) - training/off_policy/trajectory_staleness/max:np.float64(0.0) - training/off_policy/trajectory_staleness/min:np.float64(0.0) - training/off_policy/trajectory_staleness_worst/mean:np.float64(0.0) - training/off_policy/trajectory_staleness_worst/max:np.float64(0.0) - training/off_policy/trajectory_staleness_worst/min:np.float64(0.0)[36m(WorkerDict pid=861242)[0m INFO:2026-07-05 02:14:27,580:update_weights done, time cost: 0.36s
[36m(TaskRunnerV1 pid=859989)[0m Training Progress:  78%|███████▊  | 98/125 [15:17<03:57,  8.81s/it]
[36m(WorkerDict pid=861242)[0m INFO:2026-07-05 02:14:37,357:update_weights done, time cost: 0.38s
[36m(TaskRunnerV1 pid=859989)[0m Training Progress:  79%|███████▉  | 99/125 [15:27<03:56,  9.11s/it]
[36m(WorkerDict pid=861242)[0m INFO:2026-07-05 02:14:47,035:update_weights done, time cost: 0.35s
[36m(TaskRunnerV1 pid=859989)[0m Training Progress:  80%|████████  | 100/125 [15:39<04:10, 10.01s/it]

[36m(TaskRunnerV1 pid=859989)[0m step:98 - global_seqlen/min:5724 - global_seqlen/max:5724 - global_seqlen/minmax_diff:0 - global_seqlen/balanced_min:5724 - global_seqlen/balanced_max:5724 - global_seqlen/mean:5724.0 - actor/entropy:0.7168942093849182 - training/rollout_probs_diff_valid:1 - training/rollout_probs_diff_max:0.06213858723640442 - training/rollout_probs_diff_mean:0.004817303270101547 - training/rollout_probs_diff_std:0.008410611189901829 - training/rollout_actor_probs_pearson_corr:0.9996020793914795 - rollout_corr/training_ppl:1.121565818786621 - rollout_corr/training_log_ppl:0.090796560049057 - rollout_corr/kl:0.0011711408151313663 - rollout_corr/k3_kl:0.0007168579031713307 - rollout_corr/rollout_ppl:1.122269868850708 - rollout_corr/rollout_log_ppl:0.09150168299674988 - rollout_corr/log_ppl_diff:-0.0007051383727230132 - rollout_corr/log_ppl_abs_diff:0.0018959006993100047 - rollout_corr/log_ppl_diff_max:0.022386014461517334 - rollout_corr/log_ppl_diff_min:-0.0218450129032135 - rollout_corr/ppl_ratio:0.9993059635162354 - rollout_corr/chi2_token:0.0005016326904296875 - rollout_corr/chi2_seq:-0.009790122509002686 - actor/pg_clipfrac:np.float64(0.0) - actor/ppo_kl:np.float64(0.0) - actor/pg_clipfrac_lower:np.float64(0.0) - actor/pg_loss:np.float64(0.6860691905021667) - actor/loss:np.float64(0.6860691905021667) - actor/grad_norm:np.float64(0.3627301752567291) - actor/lr:np.float64(1e-06) - actor/perf/max_memory_allocated_gb:np.float64(19.48296880722046) - actor/perf/max_memory_reserved_gb:np.float64(32.388671875) - actor/perf/cpu_memory_used_gb:np.float64(32.380393981933594) - perf/mfu/actor:np.float64(0.03468186520383962) - training/global_step:98 - training/epoch:0 - critic/score/mean:0.65625 - critic/score/max:1.0 - critic/score/min:0.0 - critic/rewards/mean:0.65625 - critic/rewards/max:1.0 - critic/rewards/min:0.0 - critic/advantages/mean:-0.686069130897522 - critic/advantages/max:1.20761239528656 - critic/advantages/min:-2.4748666286468506 - critic/returns/mean:-0.686069130897522 - critic/returns/max:1.20761239528656 - critic/returns/min:-2.4748666286468506 - response_length/mean:62.375 - response_length/max:512.0 - response_length/min:4.0 - response_length/clip_ratio:0.03125 - response_length_non_aborted/mean:62.375 - response_length_non_aborted/max:512.0 - response_length_non_aborted/min:4.0 - response_length_non_aborted/clip_ratio:0.03125 - response/aborted_ratio:0.0 - prompt_length/mean:110.5 - prompt_length/max:130.0 - prompt_length/min:100.0 - prompt_length/clip_ratio:0.25 - timing_s/gen:4.40541371202562 - timing_s/old_log_prob:1.1231438899994828 - timing_s/adv:0.24259071698179469 - timing_s/update_actor:2.079118349996861 - timing_s/update_weights:1.1016580180148594 - timing_s/step:9.343606985989027 - timing_per_token_ms/adv:0.04238132721554764 - timing_per_token_ms/update_actor:0.36322822326989185 - timing_per_token_ms/gen:2.1058382944673135 - perf/total_num_tokens:5724 - perf/time_per_step:9.343606985989027 - perf/throughput:612.6113832252664 - training/num_turns/mean:np.float64(2.0) - training/num_turns/max:np.int64(2) - training/num_turns/min:np.int64(2) - training/off_policy/trajectory_spans/mean:np.float64(1.0) - training/off_policy/trajectory_spans/max:np.float64(1.0) - training/off_policy/trajectory_spans/min:np.float64(1.0) - training/off_policy/trajectory_staleness/mean:np.float64(0.0) - training/off_policy/trajectory_staleness/max:np.float64(0.0) - training/off_policy/trajectory_staleness/min:np.float64(0.0) - training/off_policy/trajectory_staleness_worst/mean:np.float64(0.0) - training/off_policy/trajectory_staleness_worst/max:np.float64(0.0) - training/off_policy/trajectory_staleness_worst/min:np.float64(0.0)
[36m(TaskRunnerV1 pid=859989)[0m step:99 - global_seqlen/min:7529 - global_seqlen/max:7529 - global_seqlen/minmax_diff:0 - global_seqlen/balanced_min:7529 - global_seqlen/balanced_max:7529 - global_seqlen/mean:7529.0 - actor/entropy:0.7737922072410583 - training/rollout_probs_diff_valid:1 - training/rollout_probs_diff_max:0.062161773443222046 - training/rollout_probs_diff_mean:0.00522343534976244 - training/rollout_probs_diff_std:0.00895470567047596 - training/rollout_actor_probs_pearson_corr:0.9995603561401367 - rollout_corr/training_ppl:1.177187442779541 - rollout_corr/training_log_ppl:0.12748460471630096 - rollout_corr/kl:0.0010315253166481853 - rollout_corr/k3_kl:0.0006851736106909811 - rollout_corr/rollout_ppl:1.1766446828842163 - rollout_corr/rollout_log_ppl:0.1271912157535553 - rollout_corr/log_ppl_diff:0.00029338535387068987 - rollout_corr/log_ppl_abs_diff:0.0032081014942377806 - rollout_corr/log_ppl_diff_max:0.0380781888961792 - rollout_corr/log_ppl_diff_min:-0.02708911895751953 - rollout_corr/ppl_ratio:1.0003273487091064 - rollout_corr/chi2_token:0.0006756782531738281 - rollout_corr/chi2_seq:-0.017205238342285156 - actor/pg_clipfrac:np.float64(0.0) - actor/ppo_kl:np.float64(0.0) - actor/pg_clipfrac_lower:np.float64(0.0) - actor/pg_loss:np.float64(-0.3362465500831604) - actor/loss:np.float64(-0.3362465500831604) - actor/grad_norm:np.float64(0.2144714891910553) - actor/lr:np.float64(1e-06) - actor/perf/max_memory_allocated_gb:np.float64(19.48296880722046) - actor/perf/max_memory_reserved_gb:np.float64(32.388671875) - actor/perf/cpu_memory_used_gb:np.float64(32.398399353027344) - perf/mfu/actor:np.float64(0.04101296096396933) - training/global_step:99 - training/epoch:0 - critic/score/mean:0.28125 - critic/score/max:1.0 - critic/score/min:0.0 - critic/rewards/mean:0.28125 - critic/rewards/max:1.0 - critic/rewards/min:0.0 - critic/advantages/mean:0.3362466096878052 - critic/advantages/max:2.4748666286468506 - critic/advantages/min:-0.7245674133300781 - critic/returns/mean:0.3362466096878052 - critic/returns/max:2.4748666286468506 - critic/returns/min:-0.7245674133300781 - response_length/mean:117.03125 - response_length/max:512.0 - response_length/min:4.0 - response_length/clip_ratio:0.09375 - response_length_non_aborted/mean:117.03125 - response_length_non_aborted/max:512.0 - response_length_non_aborted/min:4.0 - response_length_non_aborted/clip_ratio:0.09375 - response/aborted_ratio:0.0 - prompt_length/mean:112.25 - prompt_length/max:132.0 - prompt_length/min:96.0 - prompt_length/clip_ratio:0.25 - timing_s/gen:4.431980729976203 - timing_s/old_log_prob:1.1962540230015293 - timing_s/adv:0.23835110699292272 - timing_s/update_actor:2.2796405919943936 - timing_s/update_weights:1.1279699690057896 - timing_s/step:9.676064658036921 - timing_per_token_ms/adv:0.03165773768002693 - timing_per_token_ms/update_actor:0.30278132447793776 - timing_per_token_ms/gen:1.153861163753242 - perf/total_num_tokens:7529 - perf/time_per_step:9.676064658036921 - perf/throughput:778.1055900392756 - training/num_turns/mean:np.float64(2.0) - training/num_turns/max:np.int64(2) - training/num_turns/min:np.int64(2) - training/off_policy/trajectory_spans/mean:np.float64(1.0) - training/off_policy/trajectory_spans/max:np.float64(1.0) - training/off_policy/trajectory_spans/min:np.float64(1.0) - training/off_policy/trajectory_staleness/mean:np.float64(0.0) - training/off_policy/trajectory_staleness/max:np.float64(0.0) - training/off_policy/trajectory_staleness/min:np.float64(0.0) - training/off_policy/trajectory_staleness_worst/mean:np.float64(0.0) - training/off_policy/trajectory_staleness_worst/max:np.float64(0.0) - training/off_policy/trajectory_staleness_worst/min:np.float64(0.0)
[36m(TaskRunnerV1 pid=859989)[0m Dumped generations to /data2/hjk/projects/AI-HiddenState-ER/rl_audit/mathverse_text_qwen25_1p5b_grpo_answer_a0_clean_rerun512_seed43/validation_generations/100.jsonl
[36m(TaskRunnerV1 pid=859989)[0m step:100 - global_seqlen/min:6869 - global_seqlen/max:6869 - global_seqlen/minmax_diff:0 - global_seqlen/balanced_min:6869 - global_seqlen/balanced_max:6869 - global_seqlen/mean:6869.0 - actor/entropy:0.6187887787818909 - training/rollout_probs_diff_valid:1 - training/rollout_probs_diff_max:0.056700944900512695 - training/rollout_probs_diff_mean:0.0048817540518939495 - training/rollout_probs_diff_std:0.008411221206188202 - training/rollout_actor_probs_pearson_corr:0.9995682239532471 - rollout_corr/training_ppl:1.4559900760650635 - rollout_corr/training_log_ppl:0.1331312358379364 - rollout_corr/kl:0.0006894557736814022 - rollout_corr/k3_kl:0.0005070283659733832 - rollout_corr/rollout_ppl:1.4502325057983398 - rollout_corr/rollout_log_ppl:0.13308829069137573 - rollout_corr/log_ppl_diff:4.293129313737154e-05 - rollout_corr/log_ppl_abs_diff:0.0017145011806860566 - rollout_corr/log_ppl_diff_max:0.02076798677444458 - rollout_corr/log_ppl_diff_min:-0.019478440284729004 - rollout_corr/ppl_ratio:1.0000543594360352 - rollout_corr/chi2_token:0.000651240348815918 - rollout_corr/chi2_seq:-0.019208669662475586 - actor/pg_clipfrac:np.float64(0.0) - actor/ppo_kl:np.float64(0.0) - actor/pg_clipfrac_lower:np.float64(0.0) - actor/pg_loss:np.float64(-0.07636098563671112) - actor/loss:np.float64(-0.07636098563671112) - actor/grad_norm:np.float64(0.1545364111661911) - actor/lr:np.float64(1e-06) - actor/perf/max_memory_allocated_gb:np.float64(19.48296880722046) - actor/perf/max_memory_reserved_gb:np.float64(32.388671875) - actor/perf/cpu_memory_used_gb:np.float64(32.39704895019531) - perf/mfu/actor:np.float64(0.03888200365875881) - val-aux/MathVerseTextA0Clean/reward/mean@1:np.float64(0.4609375) - val-core/MathVerseTextA0Clean/acc/mean@1:np.float64(0.4609375) - val-aux/num_turns/min:np.int64(2) - val-aux/num_turns/max:np.int64(2) - val-aux/num_turns/mean:np.float64(2.0) - training/global_step:100 - training/epoch:0 - critic/score/mean:0.40625 - critic/score/max:1.0 - critic/score/min:0.0 - critic/rewards/mean:0.40625 - critic/rewards/max:1.0 - critic/rewards/min:0.0 - critic/advantages/mean:0.07636100053787231 - critic/advantages/max:1.6201815605163574 - critic/advantages/min:-2.4748666286468506 - critic/returns/mean:0.07636100053787231 - critic/returns/max:1.6201815605163574 - critic/returns/min:-2.4748666286468506 - response_length/mean:101.40625 - response_length/max:512.0 - response_length/min:4.0 - response_length/clip_ratio:0.03125 - response_length_non_aborted/mean:101.40625 - response_length_non_aborted/max:512.0 - response_length_non_aborted/min:4.0 - response_length_non_aborted/clip_ratio:0.03125 - response/aborted_ratio:0.0 - prompt_length/mean:107.25 - prompt_length/max:133.0 - prompt_length/min:88.0 - prompt_length/clip_ratio:0.25 - timing_s/gen:4.405713320011273 - timing_s/old_log_prob:1.1832138290046714 - timing_s/adv:0.24299174401676282 - timing_s/update_actor:2.2183508329908364 - timing_s/update_weights:1.0704183239722624 - timing_s/step:9.518907617020886 - timing_s/testing:2.4677674950216897 - timing_per_token_ms/adv:0.03537512651284944 - timing_per_token_ms/update_actor:0.3229510602694477 - timing_per_token_ms/gen:1.318681029635221 - perf/total_num_tokens:6869 - perf/time_per_step:9.518907617020886 - perf/throughput:721.6164161229434 - training/num_turns/mean:np.float64(2.0) - training/num_turns/max:np.int64(2) - training/num_turns/min:np.int64(2) - training/off_policy/trajectory_spans/mean:np.float64(1.0) - training/off_policy/trajectory_spans/max:np.float64(1.0) - training/off_policy/trajectory_spans/min:np.float64(1.0) - training/off_policy/trajectory_staleness/mean:np.float64(0.0) - training/off_policy/trajectory_staleness/max:np.float64(0.0) - training/off_policy/trajectory_staleness/min:np.float64(0.0) - training/off_policy/trajectory_staleness_worst/mean:np.float64(0.0) - training/off_policy/trajectory_staleness_worst/max:np.float64(0.0) - training/off_policy/trajectory_staleness_worst/min:np.float64(0.0)[36m(WorkerDict pid=861242)[0m INFO:2026-07-05 02:14:59,057:update_weights done, time cost: 0.38s
[36m(TaskRunnerV1 pid=859989)[0m Training Progress:  81%|████████  | 101/125 [15:49<03:56,  9.87s/it]
[36m(WorkerDict pid=861242)[0m INFO:2026-07-05 02:15:08,557:update_weights done, time cost: 0.38s
[36m(TaskRunnerV1 pid=859989)[0m Training Progress:  82%|████████▏ | 102/125 [15:58<03:44,  9.76s/it]
[36m(WorkerDict pid=861242)[0m INFO:2026-07-05 02:15:18,177:update_weights done, time cost: 0.36s
[36m(TaskRunnerV1 pid=859989)[0m Training Progress:  82%|████████▏ | 103/125 [16:08<03:33,  9.72s/it]

[36m(TaskRunnerV1 pid=859989)[0m step:101 - global_seqlen/min:6470 - global_seqlen/max:6470 - global_seqlen/minmax_diff:0 - global_seqlen/balanced_min:6470 - global_seqlen/balanced_max:6470 - global_seqlen/mean:6470.0 - actor/entropy:0.8010806441307068 - training/rollout_probs_diff_valid:1 - training/rollout_probs_diff_max:0.06262880563735962 - training/rollout_probs_diff_mean:0.00530595239251852 - training/rollout_probs_diff_std:0.008912831544876099 - training/rollout_actor_probs_pearson_corr:0.9995588064193726 - rollout_corr/training_ppl:1.2131448984146118 - rollout_corr/training_log_ppl:0.13819178938865662 - rollout_corr/kl:0.0016701101558282971 - rollout_corr/k3_kl:0.000673124217428267 - rollout_corr/rollout_ppl:1.2105450630187988 - rollout_corr/rollout_log_ppl:0.13670989871025085 - rollout_corr/log_ppl_diff:0.0014819003408774734 - rollout_corr/log_ppl_abs_diff:0.002588824601843953 - rollout_corr/log_ppl_diff_max:0.034941524267196655 - rollout_corr/log_ppl_diff_min:-0.023503214120864868 - rollout_corr/ppl_ratio:1.0015099048614502 - rollout_corr/chi2_token:-0.000664055347442627 - rollout_corr/chi2_seq:-0.030751347541809082 - actor/pg_clipfrac:np.float64(0.0) - actor/ppo_kl:np.float64(0.0) - actor/pg_clipfrac_lower:np.float64(0.0) - actor/pg_loss:np.float64(-0.08361728489398956) - actor/loss:np.float64(-0.08361728489398956) - actor/grad_norm:np.float64(0.20186571776866913) - actor/lr:np.float64(1e-06) - actor/perf/max_memory_allocated_gb:np.float64(19.48296880722046) - actor/perf/max_memory_reserved_gb:np.float64(32.388671875) - actor/perf/cpu_memory_used_gb:np.float64(32.40924835205078) - perf/mfu/actor:np.float64(0.03863560736892783) - training/global_step:101 - training/epoch:0 - critic/score/mean:0.21875 - critic/score/max:1.0 - critic/score/min:0.0 - critic/rewards/mean:0.21875 - critic/rewards/max:1.0 - critic/rewards/min:0.0 - critic/advantages/mean:0.08361728489398956 - critic/advantages/max:2.4748666286468506 - critic/advantages/min:-0.7245674133300781 - critic/returns/mean:0.08361728489398956 - critic/returns/max:2.4748666286468506 - critic/returns/min:-0.7245674133300781 - response_length/mean:89.1875 - response_length/max:512.0 - response_length/min:4.0 - response_length/clip_ratio:0.03125 - response_length_non_aborted/mean:89.1875 - response_length_non_aborted/max:512.0 - response_length_non_aborted/min:4.0 - response_length_non_aborted/clip_ratio:0.03125 - response/aborted_ratio:0.0 - prompt_length/mean:107.0 - prompt_length/max:147.0 - prompt_length/min:81.0 - prompt_length/clip_ratio:0.25 - timing_s/gen:4.442921139008831 - timing_s/old_log_prob:1.1680955580086447 - timing_s/adv:0.2363461049972102 - timing_s/update_actor:2.1102718339534476 - timing_s/update_weights:1.0707669039838947 - timing_s/step:9.40908249997301 - timing_per_token_ms/adv:0.03652953709385011 - timing_per_token_ms/update_actor:0.32616257093561785 - timing_per_token_ms/gen:1.506074962375875 - perf/total_num_tokens:6470 - perf/time_per_step:9.40908249997301 - perf/throughput:687.6334647951657 - training/num_turns/mean:np.float64(2.0) - training/num_turns/max:np.int64(2) - training/num_turns/min:np.int64(2) - training/off_policy/trajectory_spans/mean:np.float64(1.0) - training/off_policy/trajectory_spans/max:np.float64(1.0) - training/off_policy/trajectory_spans/min:np.float64(1.0) - training/off_policy/trajectory_staleness/mean:np.float64(0.0) - training/off_policy/trajectory_staleness/max:np.float64(0.0) - training/off_policy/trajectory_staleness/min:np.float64(0.0) - training/off_policy/trajectory_staleness_worst/mean:np.float64(0.0) - training/off_policy/trajectory_staleness_worst/max:np.float64(0.0) - training/off_policy/trajectory_staleness_worst/min:np.float64(0.0)
[36m(TaskRunnerV1 pid=859989)[0m step:102 - global_seqlen/min:6313 - global_seqlen/max:6313 - global_seqlen/minmax_diff:0 - global_seqlen/balanced_min:6313 - global_seqlen/balanced_max:6313 - global_seqlen/mean:6313.0 - actor/entropy:0.6349990367889404 - training/rollout_probs_diff_valid:1 - training/rollout_probs_diff_max:0.062175601720809937 - training/rollout_probs_diff_mean:0.004686849191784859 - training/rollout_probs_diff_std:0.008998308330774307 - training/rollout_actor_probs_pearson_corr:0.9995499849319458 - rollout_corr/training_ppl:1.1664530038833618 - rollout_corr/training_log_ppl:0.11192968487739563 - rollout_corr/kl:0.00019536841136869043 - rollout_corr/k3_kl:0.00048090083873830736 - rollout_corr/rollout_ppl:1.1705965995788574 - rollout_corr/rollout_log_ppl:0.11437373608350754 - rollout_corr/log_ppl_diff:-0.00244405260309577 - rollout_corr/log_ppl_abs_diff:0.0033183670602738857 - rollout_corr/log_ppl_diff_max:0.017463356256484985 - rollout_corr/log_ppl_diff_min:-0.03836655616760254 - rollout_corr/ppl_ratio:0.9975994825363159 - rollout_corr/chi2_token:0.0015370845794677734 - rollout_corr/chi2_seq:0.04621016979217529 - actor/pg_clipfrac:np.float64(0.0) - actor/ppo_kl:np.float64(0.0) - actor/pg_clipfrac_lower:np.float64(0.0) - actor/pg_loss:np.float64(0.37727388739585876) - actor/loss:np.float64(0.37727388739585876) - actor/grad_norm:np.float64(0.16581997275352478) - actor/lr:np.float64(1e-06) - actor/perf/max_memory_allocated_gb:np.float64(19.48296880722046) - actor/perf/max_memory_reserved_gb:np.float64(32.388671875) - actor/perf/cpu_memory_used_gb:np.float64(32.41040802001953) - perf/mfu/actor:np.float64(0.03829581296208807) - training/global_step:102 - training/epoch:0 - critic/score/mean:0.25 - critic/score/max:1.0 - critic/score/min:0.0 - critic/rewards/mean:0.25 - critic/rewards/max:1.0 - critic/rewards/min:0.0 - critic/advantages/mean:-0.37727391719818115 - critic/advantages/max:2.4748666286468506 - critic/advantages/min:-1.6201815605163574 - critic/returns/mean:-0.37727391719818115 - critic/returns/max:2.4748666286468506 - critic/returns/min:-1.6201815605163574 - response_length/mean:79.78125 - response_length/max:512.0 - response_length/min:4.0 - response_length/clip_ratio:0.03125 - response_length_non_aborted/mean:79.78125 - response_length_non_aborted/max:512.0 - response_length_non_aborted/min:4.0 - response_length_non_aborted/clip_ratio:0.03125 - response/aborted_ratio:0.0 - prompt_length/mean:111.5 - prompt_length/max:120.0 - prompt_length/min:102.0 - prompt_length/clip_ratio:0.25 - timing_s/gen:4.4222649080329575 - timing_s/old_log_prob:1.1554772119852714 - timing_s/adv:0.23524441599147394 - timing_s/update_actor:2.0820588830392808 - timing_s/update_weights:1.0555724449804984 - timing_s/step:9.348794175952207 - timing_per_token_ms/adv:0.037263490573653406 - timing_per_token_ms/update_actor:0.32980498701715205 - timing_per_token_ms/gen:1.6694091763053822 - perf/total_num_tokens:6313 - perf/time_per_step:9.348794175952207 - perf/throughput:675.2742526131183 - training/num_turns/mean:np.float64(2.0) - training/num_turns/max:np.int64(2) - training/num_turns/min:np.int64(2) - training/off_policy/trajectory_spans/mean:np.float64(1.0) - training/off_policy/trajectory_spans/max:np.float64(1.0) - training/off_policy/trajectory_spans/min:np.float64(1.0) - training/off_policy/trajectory_staleness/mean:np.float64(0.0) - training/off_policy/trajectory_staleness/max:np.float64(0.0) - training/off_policy/trajectory_staleness/min:np.float64(0.0) - training/off_policy/trajectory_staleness_worst/mean:np.float64(0.0) - training/off_policy/trajectory_staleness_worst/max:np.float64(0.0) - training/off_policy/trajectory_staleness_worst/min:np.float64(0.0)
[36m(TaskRunnerV1 pid=859989)[0m step:103 - global_seqlen/min:6854 - global_seqlen/max:6854 - global_seqlen/minmax_diff:0 - global_seqlen/balanced_min:6854 - global_seqlen/balanced_max:6854 - global_seqlen/mean:6854.0 - actor/entropy:0.9775180816650391 - training/rollout_probs_diff_valid:1 - training/rollout_probs_diff_max:0.07682600617408752 - training/rollout_probs_diff_mean:0.0044870260171592236 - training/rollout_probs_diff_std:0.00803457386791706 - training/rollout_actor_probs_pearson_corr:0.9997056722640991 - rollout_corr/training_ppl:1.2215485572814941 - rollout_corr/training_log_ppl:0.10736549645662308 - rollout_corr/kl:-0.0005212212563492358 - rollout_corr/k3_kl:0.0006508962251245975 - rollout_corr/rollout_ppl:1.222947359085083 - rollout_corr/rollout_log_ppl:0.10845182836055756 - rollout_corr/log_ppl_diff:-0.0010863436618819833 - rollout_corr/log_ppl_abs_diff:0.0018844655714929104 - rollout_corr/log_ppl_diff_max:0.01467597484588623 - rollout_corr/log_ppl_diff_min:-0.037763550877571106 - rollout_corr/ppl_ratio:0.9989334940910339 - rollout_corr/chi2_token:0.003649115562438965 - rollout_corr/chi2_seq:0.330680251121521 - actor/pg_clipfrac:np.float64(0.0) - actor/ppo_kl:np.float64(0.0) - actor/pg_clipfrac_lower:np.float64(0.0) - actor/pg_loss:np.float64(0.511635959148407) - actor/loss:np.float64(0.511635959148407) - actor/grad_norm:np.float64(0.20598965883255005) - actor/lr:np.float64(1e-06) - actor/perf/max_memory_allocated_gb:np.float64(19.48296880722046) - actor/perf/max_memory_reserved_gb:np.float64(32.388671875) - actor/perf/cpu_memory_used_gb:np.float64(32.410213470458984) - perf/mfu/actor:np.float64(0.04006282708837234) - training/global_step:103 - training/epoch:0 - critic/score/mean:0.5 - critic/score/max:1.0 - critic/score/min:0.0 - critic/rewards/mean:0.5 - critic/rewards/max:1.0 - critic/rewards/min:0.0 - critic/advantages/mean:-0.511635959148407 - critic/advantages/max:0.935412585735321 - critic/advantages/min:-2.4748666286468506 - critic/returns/mean:-0.511635959148407 - critic/returns/max:0.935412585735321 - critic/returns/min:-2.4748666286468506 - response_length/mean:101.6875 - response_length/max:512.0 - response_length/min:4.0 - response_length/clip_ratio:0.03125 - response_length_non_aborted/mean:101.6875 - response_length_non_aborted/max:512.0 - response_length_non_aborted/min:4.0 - response_length_non_aborted/clip_ratio:0.03125 - response/aborted_ratio:0.0 - prompt_length/mean:106.5 - prompt_length/max:119.0 - prompt_length/min:93.0 - prompt_length/clip_ratio:0.25 - timing_s/gen:4.399961003975477 - timing_s/old_log_prob:1.223356370057445 - timing_s/adv:0.24721185298403725 - timing_s/update_actor:2.1553406629827805 - timing_s/update_weights:1.0507981309783645 - timing_s/step:9.480505243991502 - timing_per_token_ms/adv:0.03606825984593482 - timing_per_token_ms/update_actor:0.31446464297968785 - timing_per_token_ms/gen:1.3134211952165604 - perf/total_num_tokens:6854 - perf/time_per_step:9.480505243991502 - perf/throughput:722.9572500203918 - training/num_turns/mean:np.float64(2.0) - training/num_turns/max:np.int64(2) - training/num_turns/min:np.int64(2) - training/off_policy/trajectory_spans/mean:np.float64(1.0) - training/off_policy/trajectory_spans/max:np.float64(1.0) - training/off_policy/trajectory_spans/min:np.float64(1.0) - training/off_policy/trajectory_staleness/mean:np.float64(0.0) - training/off_policy/trajectory_staleness/max:np.float64(0.0) - training/off_policy/trajectory_staleness/min:np.float64(0.0) - training/off_policy/trajectory_staleness_worst/mean:np.float64(0.0) - training/off_policy/trajectory_staleness_worst/max:np.float64(0.0) - training/off_policy/trajectory_staleness_worst/min:np.float64(0.0)[36m(WorkerDict pid=861242)[0m INFO:2026-07-05 02:15:27,903:update_weights done, time cost: 0.35s
[36m(TaskRunnerV1 pid=859989)[0m Training Progress:  83%|████████▎ | 104/125 [16:17<03:24,  9.72s/it]
[36m(WorkerDict pid=861242)[0m INFO:2026-07-05 02:15:38,648:update_weights done, time cost: 0.37s
[36m(TaskRunnerV1 pid=859989)[0m Training Progress:  84%|████████▍ | 105/125 [16:28<03:20, 10.03s/it]
[36m(WorkerDict pid=861242)[0m INFO:2026-07-05 02:15:47,989:update_weights done, time cost: 0.37s
[36m(TaskRunnerV1 pid=859989)[0m Training Progress:  85%|████████▍ | 106/125 [16:38<03:06,  9.83s/it]

[36m(TaskRunnerV1 pid=859989)[0m step:104 - global_seqlen/min:7726 - global_seqlen/max:7726 - global_seqlen/minmax_diff:0 - global_seqlen/balanced_min:7726 - global_seqlen/balanced_max:7726 - global_seqlen/mean:7726.0 - actor/entropy:1.1379297971725464 - training/rollout_probs_diff_valid:1 - training/rollout_probs_diff_max:0.06027507781982422 - training/rollout_probs_diff_mean:0.0047732144594192505 - training/rollout_probs_diff_std:0.008471773006021976 - training/rollout_actor_probs_pearson_corr:0.9996810555458069 - rollout_corr/training_ppl:1.2923256158828735 - rollout_corr/training_log_ppl:0.13000451028347015 - rollout_corr/kl:0.0009587596287019551 - rollout_corr/k3_kl:0.0007389361271634698 - rollout_corr/rollout_ppl:1.292466402053833 - rollout_corr/rollout_log_ppl:0.13001954555511475 - rollout_corr/log_ppl_diff:-1.5047728084027767e-05 - rollout_corr/log_ppl_abs_diff:0.0017832911107689142 - rollout_corr/log_ppl_diff_max:0.02080179750919342 - rollout_corr/log_ppl_diff_min:-0.05931800603866577 - rollout_corr/ppl_ratio:1.0000059604644775 - rollout_corr/chi2_token:0.0010329484939575195 - rollout_corr/chi2_seq:-0.0294649600982666 - actor/pg_clipfrac:np.float64(0.0) - actor/ppo_kl:np.float64(0.0) - actor/pg_clipfrac_lower:np.float64(0.0) - actor/pg_loss:np.float64(0.14233224093914032) - actor/loss:np.float64(0.14233224093914032) - actor/grad_norm:np.float64(0.182510644197464) - actor/lr:np.float64(1e-06) - actor/perf/max_memory_allocated_gb:np.float64(19.48296880722046) - actor/perf/max_memory_reserved_gb:np.float64(32.388671875) - actor/perf/cpu_memory_used_gb:np.float64(32.413211822509766) - perf/mfu/actor:np.float64(0.041127456299708764) - training/global_step:104 - training/epoch:0 - critic/score/mean:0.34375 - critic/score/max:1.0 - critic/score/min:0.0 - critic/rewards/mean:0.34375 - critic/rewards/max:1.0 - critic/rewards/min:0.0 - critic/advantages/mean:-0.14233215153217316 - critic/advantages/max:1.6201815605163574 - critic/advantages/min:-0.935412585735321 - critic/returns/mean:-0.14233215153217316 - critic/returns/max:1.6201815605163574 - critic/returns/min:-0.935412585735321 - response_length/mean:106.1875 - response_length/max:512.0 - response_length/min:4.0 - response_length/clip_ratio:0.03125 - response_length_non_aborted/mean:106.1875 - response_length_non_aborted/max:512.0 - response_length_non_aborted/min:4.0 - response_length_non_aborted/clip_ratio:0.03125 - response/aborted_ratio:0.0 - prompt_length/mean:129.25 - prompt_length/max:171.0 - prompt_length/min:110.0 - prompt_length/clip_ratio:0.25 - timing_s/gen:4.430332317017019 - timing_s/old_log_prob:1.1395420659682713 - timing_s/adv:0.23826160398311913 - timing_s/update_actor:2.330223094963003 - timing_s/update_weights:1.050970806973055 - timing_s/step:9.584470791975036 - timing_per_token_ms/adv:0.03083893398694268 - timing_per_token_ms/update_actor:0.30160795948265634 - timing_per_token_ms/gen:1.267982918436468 - perf/total_num_tokens:7726 - perf/time_per_step:9.584470791975036 - perf/throughput:806.0956277803974 - training/num_turns/mean:np.float64(2.0) - training/num_turns/max:np.int64(2) - training/num_turns/min:np.int64(2) - training/off_policy/trajectory_spans/mean:np.float64(1.0) - training/off_policy/trajectory_spans/max:np.float64(1.0) - training/off_policy/trajectory_spans/min:np.float64(1.0) - training/off_policy/trajectory_staleness/mean:np.float64(0.0) - training/off_policy/trajectory_staleness/max:np.float64(0.0) - training/off_policy/trajectory_staleness/min:np.float64(0.0) - training/off_policy/trajectory_staleness_worst/mean:np.float64(0.0) - training/off_policy/trajectory_staleness_worst/max:np.float64(0.0) - training/off_policy/trajectory_staleness_worst/min:np.float64(0.0)
[36m(TaskRunnerV1 pid=859989)[0m step:105 - global_seqlen/min:9857 - global_seqlen/max:9857 - global_seqlen/minmax_diff:0 - global_seqlen/balanced_min:9857 - global_seqlen/balanced_max:9857 - global_seqlen/mean:9857.0 - actor/entropy:0.7555044293403625 - training/rollout_probs_diff_valid:1 - training/rollout_probs_diff_max:0.07089546322822571 - training/rollout_probs_diff_mean:0.0050867958925664425 - training/rollout_probs_diff_std:0.008557725697755814 - training/rollout_actor_probs_pearson_corr:0.999591052532196 - rollout_corr/training_ppl:1.1978729963302612 - rollout_corr/training_log_ppl:0.1288847178220749 - rollout_corr/kl:0.00011059742246288806 - rollout_corr/k3_kl:0.0006103326450102031 - rollout_corr/rollout_ppl:1.1985294818878174 - rollout_corr/rollout_log_ppl:0.12935271859169006 - rollout_corr/log_ppl_diff:-0.0004679966950789094 - rollout_corr/log_ppl_abs_diff:0.0011783280642703176 - rollout_corr/log_ppl_diff_max:0.011732935905456543 - rollout_corr/log_ppl_diff_min:-0.04337307810783386 - rollout_corr/ppl_ratio:0.9995425343513489 - rollout_corr/chi2_token:0.0022264719009399414 - rollout_corr/chi2_seq:0.09428679943084717 - actor/pg_clipfrac:np.float64(0.0) - actor/ppo_kl:np.float64(0.0) - actor/pg_clipfrac_lower:np.float64(0.0) - actor/pg_loss:np.float64(0.19188007712364197) - actor/loss:np.float64(0.19188007712364197) - actor/grad_norm:np.float64(0.11732429265975952) - actor/lr:np.float64(1e-06) - actor/perf/max_memory_allocated_gb:np.float64(19.48296880722046) - actor/perf/max_memory_reserved_gb:np.float64(32.388671875) - actor/perf/cpu_memory_used_gb:np.float64(32.42921447753906) - perf/mfu/actor:np.float64(0.040207645266841875) - training/global_step:105 - training/epoch:0 - critic/score/mean:0.5 - critic/score/max:1.0 - critic/score/min:0.0 - critic/rewards/mean:0.5 - critic/rewards/max:1.0 - critic/rewards/min:0.0 - critic/advantages/mean:-0.19188009202480316 - critic/advantages/max:0.935412585735321 - critic/advantages/min:-2.4748666286468506 - critic/returns/mean:-0.19188009202480316 - critic/returns/max:0.935412585735321 - critic/returns/min:-2.4748666286468506 - response_length/mean:182.78125 - response_length/max:512.0 - response_length/min:4.0 - response_length/clip_ratio:0.03125 - response_length_non_aborted/mean:182.78125 - response_length_non_aborted/max:512.0 - response_length_non_aborted/min:4.0 - response_length_non_aborted/clip_ratio:0.03125 - response/aborted_ratio:0.0 - prompt_length/mean:119.25 - prompt_length/max:134.0 - prompt_length/min:108.0 - prompt_length/clip_ratio:0.25 - timing_s/gen:4.43172507500276 - timing_s/old_log_prob:1.4742830959730782 - timing_s/adv:0.23518301302101463 - timing_s/update_actor:2.9580910190124996 - timing_s/update_weights:1.123102370009292 - timing_s/step:10.618329857010394 - timing_per_token_ms/adv:0.023859492038248414 - timing_per_token_ms/update_actor:0.30010053961778427 - timing_per_token_ms/gen:0.7454541757784289 - perf/total_num_tokens:9857 - perf/time_per_step:10.618329857010394 - perf/throughput:928.3004137879789 - training/num_turns/mean:np.float64(2.0) - training/num_turns/max:np.int64(2) - training/num_turns/min:np.int64(2) - training/off_policy/trajectory_spans/mean:np.float64(1.0) - training/off_policy/trajectory_spans/max:np.float64(1.0) - training/off_policy/trajectory_spans/min:np.float64(1.0) - training/off_policy/trajectory_staleness/mean:np.float64(0.0) - training/off_policy/trajectory_staleness/max:np.float64(0.0) - training/off_policy/trajectory_staleness/min:np.float64(0.0) - training/off_policy/trajectory_staleness_worst/mean:np.float64(0.0) - training/off_policy/trajectory_staleness_worst/max:np.float64(0.0) - training/off_policy/trajectory_staleness_worst/min:np.float64(0.0)
[36m(TaskRunnerV1 pid=859989)[0m step:106 - global_seqlen/min:5612 - global_seqlen/max:5612 - global_seqlen/minmax_diff:0 - global_seqlen/balanced_min:5612 - global_seqlen/balanced_max:5612 - global_seqlen/mean:5612.0 - actor/entropy:0.94805508852005 - training/rollout_probs_diff_valid:1 - training/rollout_probs_diff_max:0.0682220458984375 - training/rollout_probs_diff_mean:0.006038208957761526 - training/rollout_probs_diff_std:0.009113658219575882 - training/rollout_actor_probs_pearson_corr:0.9995413422584534 - rollout_corr/training_ppl:1.2537057399749756 - rollout_corr/training_log_ppl:0.14611051976680756 - rollout_corr/kl:0.0021186249796301126 - rollout_corr/k3_kl:0.0008720139157958329 - rollout_corr/rollout_ppl:1.252494215965271 - rollout_corr/rollout_log_ppl:0.14536939561367035 - rollout_corr/log_ppl_diff:0.0007411420810967684 - rollout_corr/log_ppl_abs_diff:0.0026808332186192274 - rollout_corr/log_ppl_diff_max:0.04362893104553223 - rollout_corr/log_ppl_diff_min:-0.06582778692245483 - rollout_corr/ppl_ratio:1.000777006149292 - rollout_corr/chi2_token:-0.0007593631744384766 - rollout_corr/chi2_seq:-0.004700064659118652 - actor/pg_clipfrac:np.float64(0.0) - actor/ppo_kl:np.float64(0.0) - actor/pg_clipfrac_lower:np.float64(0.0) - actor/pg_loss:np.float64(0.16634047031402588) - actor/loss:np.float64(0.16634047031402588) - actor/grad_norm:np.float64(0.1864028424024582) - actor/lr:np.float64(1e-06) - actor/perf/max_memory_allocated_gb:np.float64(19.48296880722046) - actor/perf/max_memory_reserved_gb:np.float64(32.388671875) - actor/perf/cpu_memory_used_gb:np.float64(32.40263748168945) - perf/mfu/actor:np.float64(0.035871537223597406) - training/global_step:106 - training/epoch:0 - critic/score/mean:0.15625 - critic/score/max:1.0 - critic/score/min:0.0 - critic/rewards/mean:0.15625 - critic/rewards/max:1.0 - critic/rewards/min:0.0 - critic/advantages/mean:-0.16634048521518707 - critic/advantages/max:2.4748666286468506 - critic/advantages/min:-0.5400605201721191 - critic/returns/mean:-0.16634048521518707 - critic/returns/max:2.4748666286468506 - critic/returns/min:-0.5400605201721191 - response_length/mean:64.875 - response_length/max:512.0 - response_length/min:4.0 - response_length/clip_ratio:0.03125 - response_length_non_aborted/mean:64.875 - response_length_non_aborted/max:512.0 - response_length_non_aborted/min:4.0 - response_length_non_aborted/clip_ratio:0.03125 - response/aborted_ratio:0.0 - prompt_length/mean:104.5 - prompt_length/max:152.0 - prompt_length/min:78.0 - prompt_length/clip_ratio:0.25 - timing_s/gen:4.420759965956677 - timing_s/old_log_prob:1.1182341779931448 - timing_s/adv:0.24082484398968518 - timing_s/update_actor:1.9836530710454099 - timing_s/update_weights:1.0731694630230777 - timing_s/step:9.236355415021535 - timing_per_token_ms/adv:0.04291248111006507 - timing_per_token_ms/update_actor:0.35346633482633816 - timing_per_token_ms/gen:2.0353406841421164 - perf/total_num_tokens:5612 - perf/time_per_step:9.236355415021535 - perf/throughput:607.5989660242968 - training/num_turns/mean:np.float64(2.0) - training/num_turns/max:np.int64(2) - training/num_turns/min:np.int64(2) - training/off_policy/trajectory_spans/mean:np.float64(1.0) - training/off_policy/trajectory_spans/max:np.float64(1.0) - training/off_policy/trajectory_spans/min:np.float64(1.0) - training/off_policy/trajectory_staleness/mean:np.float64(0.0) - training/off_policy/trajectory_staleness/max:np.float64(0.0) - training/off_policy/trajectory_staleness/min:np.float64(0.0) - training/off_policy/trajectory_staleness_worst/mean:np.float64(0.0) - training/off_policy/trajectory_staleness_worst/max:np.float64(0.0) - training/off_policy/trajectory_staleness_worst/min:np.float64(0.0)[36m(WorkerDict pid=861242)[0m INFO:2026-07-05 02:15:55,561:update_weights done, time cost: 0.36s
[36m(TaskRunnerV1 pid=859989)[0m Training Progress:  86%|████████▌ | 107/125 [16:45<02:44,  9.15s/it]
[36m(WorkerDict pid=861242)[0m INFO:2026-07-05 02:16:05,440:update_weights done, time cost: 0.38s
[36m(TaskRunnerV1 pid=859989)[0m Training Progress:  86%|████████▋ | 108/125 [16:55<02:39,  9.37s/it]
[36m(WorkerDict pid=861242)[0m INFO:2026-07-05 02:16:15,522:update_weights done, time cost: 0.38s
[36m(TaskRunnerV1 pid=859989)[0m Training Progress:  87%|████████▋ | 109/125 [17:05<02:33,  9.59s/it]

[36m(TaskRunnerV1 pid=859989)[0m step:107 - global_seqlen/min:6778 - global_seqlen/max:6778 - global_seqlen/minmax_diff:0 - global_seqlen/balanced_min:6778 - global_seqlen/balanced_max:6778 - global_seqlen/mean:6778.0 - actor/entropy:0.8927286267280579 - training/rollout_probs_diff_valid:1 - training/rollout_probs_diff_max:0.06171134114265442 - training/rollout_probs_diff_mean:0.0049973176792263985 - training/rollout_probs_diff_std:0.008740845136344433 - training/rollout_actor_probs_pearson_corr:0.9996253252029419 - rollout_corr/training_ppl:1.2786120176315308 - rollout_corr/training_log_ppl:0.15661263465881348 - rollout_corr/kl:0.0006887441268190742 - rollout_corr/k3_kl:0.0007044154917821288 - rollout_corr/rollout_ppl:1.277086853981018 - rollout_corr/rollout_log_ppl:0.1556258350610733 - rollout_corr/log_ppl_diff:0.0009867976186797023 - rollout_corr/log_ppl_abs_diff:0.002379635814577341 - rollout_corr/log_ppl_diff_max:0.032841235399246216 - rollout_corr/log_ppl_diff_min:-0.017376333475112915 - rollout_corr/ppl_ratio:1.0010082721710205 - rollout_corr/chi2_token:0.0014456510543823242 - rollout_corr/chi2_seq:0.005833625793457031 - actor/pg_clipfrac:np.float64(0.0) - actor/ppo_kl:np.float64(0.0) - actor/pg_clipfrac_lower:np.float64(0.0) - actor/pg_loss:np.float64(-0.4332410395145416) - actor/loss:np.float64(-0.4332410395145416) - actor/grad_norm:np.float64(0.2034253180027008) - actor/lr:np.float64(1e-06) - actor/perf/max_memory_allocated_gb:np.float64(19.48296880722046) - actor/perf/max_memory_reserved_gb:np.float64(32.388671875) - actor/perf/cpu_memory_used_gb:np.float64(32.411624908447266) - perf/mfu/actor:np.float64(0.039983505121176655) - training/global_step:107 - training/epoch:0 - critic/score/mean:0.28125 - critic/score/max:1.0 - critic/score/min:0.0 - critic/rewards/mean:0.28125 - critic/rewards/max:1.0 - critic/rewards/min:0.0 - critic/advantages/mean:0.433241069316864 - critic/advantages/max:2.4748666286468506 - critic/advantages/min:-0.935412585735321 - critic/returns/mean:0.433241069316864 - critic/returns/max:2.4748666286468506 - critic/returns/min:-0.935412585735321 - response_length/mean:105.8125 - response_length/max:417.0 - response_length/min:4.0 - response_length/clip_ratio:0.03125 - response_length_non_aborted/mean:105.8125 - response_length_non_aborted/max:417.0 - response_length_non_aborted/min:4.0 - response_length_non_aborted/clip_ratio:0.03125 - response/aborted_ratio:0.0 - prompt_length/mean:100.0 - prompt_length/max:114.0 - prompt_length/min:86.0 - prompt_length/clip_ratio:0.25 - timing_s/gen:2.397118357999716 - timing_s/old_log_prob:1.1858587969909422 - timing_s/adv:0.23473206302151084 - timing_s/update_actor:2.131569440010935 - timing_s/update_weights:1.0559225479955785 - timing_s/step:7.405335212999489 - timing_per_token_ms/adv:0.034631464004353914 - timing_per_token_ms/update_actor:0.31448354086912583 - timing_per_token_ms/gen:0.6884314641010097 - perf/total_num_tokens:6778 - perf/time_per_step:7.405335212999489 - perf/throughput:915.2860478350459 - training/num_turns/mean:np.float64(2.0) - training/num_turns/max:np.int64(2) - training/num_turns/min:np.int64(2) - training/off_policy/trajectory_spans/mean:np.float64(1.0) - training/off_policy/trajectory_spans/max:np.float64(1.0) - training/off_policy/trajectory_spans/min:np.float64(1.0) - training/off_policy/trajectory_staleness/mean:np.float64(0.0) - training/off_policy/trajectory_staleness/max:np.float64(0.0) - training/off_policy/trajectory_staleness/min:np.float64(0.0) - training/off_policy/trajectory_staleness_worst/mean:np.float64(0.0) - training/off_policy/trajectory_staleness_worst/max:np.float64(0.0) - training/off_policy/trajectory_staleness_worst/min:np.float64(0.0)
[36m(TaskRunnerV1 pid=859989)[0m step:108 - global_seqlen/min:6673 - global_seqlen/max:6673 - global_seqlen/minmax_diff:0 - global_seqlen/balanced_min:6673 - global_seqlen/balanced_max:6673 - global_seqlen/mean:6673.0 - actor/entropy:0.8409402966499329 - training/rollout_probs_diff_valid:1 - training/rollout_probs_diff_max:0.0716332197189331 - training/rollout_probs_diff_mean:0.0053917765617370605 - training/rollout_probs_diff_std:0.009023522958159447 - training/rollout_actor_probs_pearson_corr:0.9995716214179993 - rollout_corr/training_ppl:1.278396725654602 - rollout_corr/training_log_ppl:0.15058554708957672 - rollout_corr/kl:0.001343508716672659 - rollout_corr/k3_kl:0.0007110534352250397 - rollout_corr/rollout_ppl:1.2769923210144043 - rollout_corr/rollout_log_ppl:0.14972107112407684 - rollout_corr/log_ppl_diff:0.0008644795743748546 - rollout_corr/log_ppl_abs_diff:0.003357834881171584 - rollout_corr/log_ppl_diff_max:0.057703375816345215 - rollout_corr/log_ppl_diff_min:-0.03777378797531128 - rollout_corr/ppl_ratio:1.00091552734375 - rollout_corr/chi2_token:0.00014293193817138672 - rollout_corr/chi2_seq:0.02815711498260498 - actor/pg_clipfrac:np.float64(0.0) - actor/ppo_kl:np.float64(0.0) - actor/pg_clipfrac_lower:np.float64(0.0) - actor/pg_loss:np.float64(0.03690020367503166) - actor/loss:np.float64(0.03690020367503166) - actor/grad_norm:np.float64(0.1661812663078308) - actor/lr:np.float64(1e-06) - actor/perf/max_memory_allocated_gb:np.float64(19.48296880722046) - actor/perf/max_memory_reserved_gb:np.float64(32.388671875) - actor/perf/cpu_memory_used_gb:np.float64(32.408206939697266) - perf/mfu/actor:np.float64(0.03937894347850432) - training/global_step:108 - training/epoch:0 - critic/score/mean:0.21875 - critic/score/max:1.0 - critic/score/min:0.0 - critic/rewards/mean:0.21875 - critic/rewards/max:1.0 - critic/rewards/min:0.0 - critic/advantages/mean:-0.03690019249916077 - critic/advantages/max:1.6201815605163574 - critic/advantages/min:-1.20761239528656 - critic/returns/mean:-0.03690019249916077 - critic/returns/max:1.6201815605163574 - critic/returns/min:-1.20761239528656 - response_length/mean:104.28125 - response_length/max:512.0 - response_length/min:4.0 - response_length/clip_ratio:0.03125 - response_length_non_aborted/mean:104.28125 - response_length_non_aborted/max:512.0 - response_length_non_aborted/min:4.0 - response_length_non_aborted/clip_ratio:0.03125 - response/aborted_ratio:0.0 - prompt_length/mean:98.25 - prompt_length/max:118.0 - prompt_length/min:81.0 - prompt_length/clip_ratio:0.25 - timing_s/gen:4.411834562022705 - timing_s/old_log_prob:1.167583520989865 - timing_s/adv:0.2343696239986457 - timing_s/update_actor:2.1297381749609485 - timing_s/update_weights:1.1168259850237519 - timing_s/step:9.769593438017182 - timing_per_token_ms/adv:0.03512207762605211 - timing_per_token_ms/update_actor:0.3191575265938781 - timing_per_token_ms/gen:1.2851251273005257 - perf/total_num_tokens:6673 - perf/time_per_step:9.769593438017182 - perf/throughput:683.0376353260345 - training/num_turns/mean:np.float64(2.0) - training/num_turns/max:np.int64(2) - training/num_turns/min:np.int64(2) - training/off_policy/trajectory_spans/mean:np.float64(1.0) - training/off_policy/trajectory_spans/max:np.float64(1.0) - training/off_policy/trajectory_spans/min:np.float64(1.0) - training/off_policy/trajectory_staleness/mean:np.float64(0.0) - training/off_policy/trajectory_staleness/max:np.float64(0.0) - training/off_policy/trajectory_staleness/min:np.float64(0.0) - training/off_policy/trajectory_staleness_worst/mean:np.float64(0.0) - training/off_policy/trajectory_staleness_worst/max:np.float64(0.0) - training/off_policy/trajectory_staleness_worst/min:np.float64(0.0)
[36m(TaskRunnerV1 pid=859989)[0m step:109 - global_seqlen/min:8270 - global_seqlen/max:8270 - global_seqlen/minmax_diff:0 - global_seqlen/balanced_min:8270 - global_seqlen/balanced_max:8270 - global_seqlen/mean:8270.0 - actor/entropy:0.802545964717865 - training/rollout_probs_diff_valid:1 - training/rollout_probs_diff_max:0.060843437910079956 - training/rollout_probs_diff_mean:0.005186092108488083 - training/rollout_probs_diff_std:0.008757295086979866 - training/rollout_actor_probs_pearson_corr:0.9995878338813782 - rollout_corr/training_ppl:1.219829797744751 - rollout_corr/training_log_ppl:0.14359021186828613 - rollout_corr/kl:-0.00028411392122507095 - rollout_corr/k3_kl:0.000694416812621057 - rollout_corr/rollout_ppl:1.2170789241790771 - rollout_corr/rollout_log_ppl:0.14214523136615753 - rollout_corr/log_ppl_diff:0.0014449750306084752 - rollout_corr/log_ppl_abs_diff:0.0022541279904544353 - rollout_corr/log_ppl_diff_max:0.07380717992782593 - rollout_corr/log_ppl_diff_min:-0.01941019296646118 - rollout_corr/ppl_ratio:1.0014821290969849 - rollout_corr/chi2_token:0.003353118896484375 - rollout_corr/chi2_seq:0.21929562091827393 - actor/pg_clipfrac:np.float64(0.0) - actor/ppo_kl:np.float64(0.0) - actor/pg_clipfrac_lower:np.float64(0.0) - actor/pg_loss:np.float64(0.08602102845907211) - actor/loss:np.float64(0.08602102845907211) - actor/grad_norm:np.float64(0.1266261488199234) - actor/lr:np.float64(1e-06) - actor/perf/max_memory_allocated_gb:np.float64(19.48296880722046) - actor/perf/max_memory_reserved_gb:np.float64(32.388671875) - actor/perf/cpu_memory_used_gb:np.float64(32.42498016357422) - perf/mfu/actor:np.float64(0.04180709950840265) - training/global_step:109 - training/epoch:0 - critic/score/mean:0.3125 - critic/score/max:1.0 - critic/score/min:0.0 - critic/rewards/mean:0.3125 - critic/rewards/max:1.0 - critic/rewards/min:0.0 - critic/advantages/mean:-0.0860210731625557 - critic/advantages/max:2.4748666286468506 - critic/advantages/min:-1.20761239528656 - critic/returns/mean:-0.0860210731625557 - critic/returns/max:2.4748666286468506 - critic/returns/min:-1.20761239528656 - response_length/mean:120.6875 - response_length/max:512.0 - response_length/min:4.0 - response_length/clip_ratio:0.03125 - response_length_non_aborted/mean:120.6875 - response_length_non_aborted/max:512.0 - response_length_non_aborted/min:4.0 - response_length_non_aborted/clip_ratio:0.03125 - response/aborted_ratio:0.0 - prompt_length/mean:131.75 - prompt_length/max:188.0 - prompt_length/min:99.0 - prompt_length/clip_ratio:0.25 - timing_s/gen:4.416852267982904 - timing_s/old_log_prob:1.2937912360066548 - timing_s/adv:0.2394242439768277 - timing_s/update_actor:2.4487995989620686 - timing_s/update_weights:1.1586511339992285 - timing_s/step:9.951527829980478 - timing_per_token_ms/adv:0.0289509363938123 - timing_per_token_ms/update_actor:0.2961063602130675 - timing_per_token_ms/gen:1.115930335518672 - perf/total_num_tokens:8270 - perf/time_per_step:9.951527829980478 - perf/throughput:831.0281738935984 - training/num_turns/mean:np.float64(2.0) - training/num_turns/max:np.int64(2) - training/num_turns/min:np.int64(2) - training/off_policy/trajectory_spans/mean:np.float64(1.0) - training/off_policy/trajectory_spans/max:np.float64(1.0) - training/off_policy/trajectory_spans/min:np.float64(1.0) - training/off_policy/trajectory_staleness/mean:np.float64(0.0) - training/off_policy/trajectory_staleness/max:np.float64(0.0) - training/off_policy/trajectory_staleness/min:np.float64(0.0) - training/off_policy/trajectory_staleness_worst/mean:np.float64(0.0) - training/off_policy/trajectory_staleness_worst/max:np.float64(0.0) - training/off_policy/trajectory_staleness_worst/min:np.float64(0.0)[36m(WorkerDict pid=861242)[0m INFO:2026-07-05 02:16:25,420:update_weights done, time cost: 0.35s
[36m(TaskRunnerV1 pid=859989)[0m Training Progress:  88%|████████▊ | 110/125 [17:15<02:25,  9.67s/it]
[36m(WorkerDict pid=861242)[0m INFO:2026-07-05 02:16:34,826:update_weights done, time cost: 0.35s
[36m(TaskRunnerV1 pid=859989)[0m Training Progress:  89%|████████▉ | 111/125 [17:24<02:14,  9.59s/it]
[36m(WorkerDict pid=861242)[0m INFO:2026-07-05 02:16:42,230:update_weights done, time cost: 0.39s
[36m(TaskRunnerV1 pid=859989)[0m Training Progress:  90%|████████▉ | 112/125 [17:32<01:56,  8.93s/it]

[36m(TaskRunnerV1 pid=859989)[0m step:110 - global_seqlen/min:7729 - global_seqlen/max:7729 - global_seqlen/minmax_diff:0 - global_seqlen/balanced_min:7729 - global_seqlen/balanced_max:7729 - global_seqlen/mean:7729.0 - actor/entropy:0.6558148264884949 - training/rollout_probs_diff_valid:1 - training/rollout_probs_diff_max:0.06193190813064575 - training/rollout_probs_diff_mean:0.004687320441007614 - training/rollout_probs_diff_std:0.00862288661301136 - training/rollout_actor_probs_pearson_corr:0.9995866417884827 - rollout_corr/training_ppl:1.1203322410583496 - rollout_corr/training_log_ppl:0.08843903243541718 - rollout_corr/kl:0.0006576278829015791 - rollout_corr/k3_kl:0.0006024928879924119 - rollout_corr/rollout_ppl:1.119771957397461 - rollout_corr/rollout_log_ppl:0.08780549466609955 - rollout_corr/log_ppl_diff:0.0006335452198982239 - rollout_corr/log_ppl_abs_diff:0.0019233808852732182 - rollout_corr/log_ppl_diff_max:0.026793107390403748 - rollout_corr/log_ppl_diff_min:-0.028816282749176025 - rollout_corr/ppl_ratio:1.0006479024887085 - rollout_corr/chi2_token:0.0011025667190551758 - rollout_corr/chi2_seq:0.011806249618530273 - actor/pg_clipfrac:np.float64(0.0) - actor/ppo_kl:np.float64(0.0) - actor/pg_clipfrac_lower:np.float64(0.0) - actor/pg_loss:np.float64(0.5709071755409241) - actor/loss:np.float64(0.5709071755409241) - actor/grad_norm:np.float64(0.21090379357337952) - actor/lr:np.float64(1e-06) - actor/perf/max_memory_allocated_gb:np.float64(19.48296880722046) - actor/perf/max_memory_reserved_gb:np.float64(32.388671875) - actor/perf/cpu_memory_used_gb:np.float64(32.422950744628906) - perf/mfu/actor:np.float64(0.04102938340321247) - training/global_step:110 - training/epoch:0 - critic/score/mean:0.4375 - critic/score/max:1.0 - critic/score/min:0.0 - critic/rewards/mean:0.4375 - critic/rewards/max:1.0 - critic/rewards/min:0.0 - critic/advantages/mean:-0.5709072351455688 - critic/advantages/max:2.4748666286468506 - critic/advantages/min:-2.4748666286468506 - critic/returns/mean:-0.5709072351455688 - critic/returns/max:2.4748666286468506 - critic/returns/min:-2.4748666286468506 - response_length/mean:110.28125 - response_length/max:512.0 - response_length/min:4.0 - response_length/clip_ratio:0.03125 - response_length_non_aborted/mean:110.28125 - response_length_non_aborted/max:512.0 - response_length_non_aborted/min:4.0 - response_length_non_aborted/clip_ratio:0.03125 - response/aborted_ratio:0.0 - prompt_length/mean:125.25 - prompt_length/max:180.0 - prompt_length/min:85.0 - prompt_length/clip_ratio:0.25 - timing_s/gen:4.4246967509971 - timing_s/old_log_prob:1.2482178839854896 - timing_s/adv:0.2392399330274202 - timing_s/update_actor:2.342986400006339 - timing_s/update_weights:1.0624793670140207 - timing_s/step:9.712203553994186 - timing_per_token_ms/adv:0.030953542893960434 - timing_per_token_ms/update_actor:0.3031422434993323 - timing_per_token_ms/gen:1.220606000275062 - perf/total_num_tokens:7729 - perf/time_per_step:9.712203553994186 - perf/throughput:795.8029253640813 - training/num_turns/mean:np.float64(2.0) - training/num_turns/max:np.int64(2) - training/num_turns/min:np.int64(2) - training/off_policy/trajectory_spans/mean:np.float64(1.0) - training/off_policy/trajectory_spans/max:np.float64(1.0) - training/off_policy/trajectory_spans/min:np.float64(1.0) - training/off_policy/trajectory_staleness/mean:np.float64(0.0) - training/off_policy/trajectory_staleness/max:np.float64(0.0) - training/off_policy/trajectory_staleness/min:np.float64(0.0) - training/off_policy/trajectory_staleness_worst/mean:np.float64(0.0) - training/off_policy/trajectory_staleness_worst/max:np.float64(0.0) - training/off_policy/trajectory_staleness_worst/min:np.float64(0.0)
[36m(TaskRunnerV1 pid=859989)[0m step:111 - global_seqlen/min:6180 - global_seqlen/max:6180 - global_seqlen/minmax_diff:0 - global_seqlen/balanced_min:6180 - global_seqlen/balanced_max:6180 - global_seqlen/mean:6180.0 - actor/entropy:0.5618581175804138 - training/rollout_probs_diff_valid:1 - training/rollout_probs_diff_max:0.06561478972434998 - training/rollout_probs_diff_mean:0.0051320078782737255 - training/rollout_probs_diff_std:0.009282737970352173 - training/rollout_actor_probs_pearson_corr:0.999465823173523 - rollout_corr/training_ppl:1.1571125984191895 - rollout_corr/training_log_ppl:0.11481206864118576 - rollout_corr/kl:0.0017439553048461676 - rollout_corr/k3_kl:0.0006041231099516153 - rollout_corr/rollout_ppl:1.1564140319824219 - rollout_corr/rollout_log_ppl:0.11434752494096756 - rollout_corr/log_ppl_diff:0.00046453229151666164 - rollout_corr/log_ppl_abs_diff:0.0023683987092226744 - rollout_corr/log_ppl_diff_max:0.03390008211135864 - rollout_corr/log_ppl_diff_min:-0.023814260959625244 - rollout_corr/ppl_ratio:1.0004857778549194 - rollout_corr/chi2_token:-0.0010814070701599121 - rollout_corr/chi2_seq:-0.03305542469024658 - actor/pg_clipfrac:np.float64(0.0) - actor/ppo_kl:np.float64(0.0) - actor/pg_clipfrac_lower:np.float64(0.0) - actor/pg_loss:np.float64(-0.11637534946203232) - actor/loss:np.float64(-0.11637534946203232) - actor/grad_norm:np.float64(0.14468522369861603) - actor/lr:np.float64(1e-06) - actor/perf/max_memory_allocated_gb:np.float64(19.48296880722046) - actor/perf/max_memory_reserved_gb:np.float64(32.388671875) - actor/perf/cpu_memory_used_gb:np.float64(32.41559600830078) - perf/mfu/actor:np.float64(0.03805499441036088) - training/global_step:111 - training/epoch:0 - critic/score/mean:0.3125 - critic/score/max:1.0 - critic/score/min:0.0 - critic/rewards/mean:0.3125 - critic/rewards/max:1.0 - critic/rewards/min:0.0 - critic/advantages/mean:0.11637534946203232 - critic/advantages/max:2.4748666286468506 - critic/advantages/min:-1.6201815605163574 - critic/returns/mean:0.11637534946203232 - critic/returns/max:2.4748666286468506 - critic/returns/min:-1.6201815605163574 - response_length/mean:73.875 - response_length/max:512.0 - response_length/min:4.0 - response_length/clip_ratio:0.03125 - response_length_non_aborted/mean:73.875 - response_length_non_aborted/max:512.0 - response_length_non_aborted/min:4.0 - response_length_non_aborted/clip_ratio:0.03125 - response/aborted_ratio:0.0 - prompt_length/mean:113.25 - prompt_length/max:151.0 - prompt_length/min:85.0 - prompt_length/clip_ratio:0.25 - timing_s/gen:4.419164409977384 - timing_s/old_log_prob:1.1389143799897283 - timing_s/adv:0.23640608304413036 - timing_s/update_actor:2.0505600920296274 - timing_s/update_weights:1.0366327479714528 - timing_s/step:9.277052301971707 - timing_per_token_ms/adv:0.038253411495813974 - timing_per_token_ms/update_actor:0.3318058401342439 - timing_per_token_ms/gen:1.796408296738774 - perf/total_num_tokens:6180 - perf/time_per_step:9.277052301971707 - perf/throughput:666.1598748005903 - training/num_turns/mean:np.float64(2.0) - training/num_turns/max:np.int64(2) - training/num_turns/min:np.int64(2) - training/off_policy/trajectory_spans/mean:np.float64(1.0) - training/off_policy/trajectory_spans/max:np.float64(1.0) - training/off_policy/trajectory_spans/min:np.float64(1.0) - training/off_policy/trajectory_staleness/mean:np.float64(0.0) - training/off_policy/trajectory_staleness/max:np.float64(0.0) - training/off_policy/trajectory_staleness/min:np.float64(0.0) - training/off_policy/trajectory_staleness_worst/mean:np.float64(0.0) - training/off_policy/trajectory_staleness_worst/max:np.float64(0.0) - training/off_policy/trajectory_staleness_worst/min:np.float64(0.0)
[36m(TaskRunnerV1 pid=859989)[0m step:112 - global_seqlen/min:5851 - global_seqlen/max:5851 - global_seqlen/minmax_diff:0 - global_seqlen/balanced_min:5851 - global_seqlen/balanced_max:5851 - global_seqlen/mean:5851.0 - actor/entropy:0.5755959749221802 - training/rollout_probs_diff_valid:1 - training/rollout_probs_diff_max:0.0621756911277771 - training/rollout_probs_diff_mean:0.005097287241369486 - training/rollout_probs_diff_std:0.009185110218822956 - training/rollout_actor_probs_pearson_corr:0.9994757771492004 - rollout_corr/training_ppl:1.1518423557281494 - rollout_corr/training_log_ppl:0.1088389903306961 - rollout_corr/kl:0.00017453890177421272 - rollout_corr/k3_kl:0.0006126973894424736 - rollout_corr/rollout_ppl:1.149285912513733 - rollout_corr/rollout_log_ppl:0.10771109908819199 - rollout_corr/log_ppl_diff:0.0011278766905888915 - rollout_corr/log_ppl_abs_diff:0.0027764136902987957 - rollout_corr/log_ppl_diff_max:0.05801033973693848 - rollout_corr/log_ppl_diff_min:-0.031757473945617676 - rollout_corr/ppl_ratio:1.0011698007583618 - rollout_corr/chi2_token:0.0020984411239624023 - rollout_corr/chi2_seq:0.0406726598739624 - actor/pg_clipfrac:np.float64(0.0) - actor/ppo_kl:np.float64(0.0) - actor/pg_clipfrac_lower:np.float64(0.0) - actor/pg_loss:np.float64(0.06509846448898315) - actor/loss:np.float64(0.06509846448898315) - actor/grad_norm:np.float64(0.271150678396225) - actor/lr:np.float64(1e-06) - actor/perf/max_memory_allocated_gb:np.float64(19.48296880722046) - actor/perf/max_memory_reserved_gb:np.float64(32.388671875) - actor/perf/cpu_memory_used_gb:np.float64(32.41535949707031) - perf/mfu/actor:np.float64(0.03655191786925713) - training/global_step:112 - training/epoch:0 - critic/score/mean:0.46875 - critic/score/max:1.0 - critic/score/min:0.0 - critic/rewards/mean:0.46875 - critic/rewards/max:1.0 - critic/rewards/min:0.0 - critic/advantages/mean:-0.06509845703840256 - critic/advantages/max:2.4748666286468506 - critic/advantages/min:-1.6201815605163574 - critic/returns/mean:-0.06509845703840256 - critic/returns/max:2.4748666286468506 - critic/returns/min:-1.6201815605163574 - response_length/mean:71.09375 - response_length/max:278.0 - response_length/min:4.0 - response_length/clip_ratio:0.03125 - response_length_non_aborted/mean:71.09375 - response_length_non_aborted/max:278.0 - response_length_non_aborted/min:4.0 - response_length_non_aborted/clip_ratio:0.03125 - response/aborted_ratio:0.0 - prompt_length/mean:105.75 - prompt_length/max:114.0 - prompt_length/min:100.0 - prompt_length/clip_ratio:0.25 - timing_s/gen:2.4389473200426437 - timing_s/old_log_prob:1.0942686880007386 - timing_s/adv:0.23775518900947645 - timing_s/update_actor:2.0292161329998635 - timing_s/update_weights:1.0607483320054598 - timing_s/step:7.255240383965429 - timing_per_token_ms/adv:0.04063496650307237 - timing_per_token_ms/update_actor:0.3468152679883547 - timing_per_token_ms/gen:1.0286576634511362 - perf/total_num_tokens:5851 - perf/time_per_step:7.255240383965429 - perf/throughput:806.4515702237937 - training/num_turns/mean:np.float64(2.0) - training/num_turns/max:np.int64(2) - training/num_turns/min:np.int64(2) - training/off_policy/trajectory_spans/mean:np.float64(1.0) - training/off_policy/trajectory_spans/max:np.float64(1.0) - training/off_policy/trajectory_spans/min:np.float64(1.0) - training/off_policy/trajectory_staleness/mean:np.float64(0.0) - training/off_policy/trajectory_staleness/max:np.float64(0.0) - training/off_policy/trajectory_staleness/min:np.float64(0.0) - training/off_policy/trajectory_staleness_worst/mean:np.float64(0.0) - training/off_policy/trajectory_staleness_worst/max:np.float64(0.0) - training/off_policy/trajectory_staleness_worst/min:np.float64(0.0)[36m(WorkerDict pid=861242)[0m INFO:2026-07-05 02:16:51,920:update_weights done, time cost: 0.36s
[36m(TaskRunnerV1 pid=859989)[0m Training Progress:  90%|█████████ | 113/125 [17:41<01:49,  9.16s/it]
[36m(WorkerDict pid=861242)[0m INFO:2026-07-05 02:17:01,527:update_weights done, time cost: 0.39s
[36m(TaskRunnerV1 pid=859989)[0m Training Progress:  91%|█████████ | 114/125 [17:51<01:42,  9.31s/it]
[36m(WorkerDict pid=861242)[0m INFO:2026-07-05 02:17:11,123:update_weights done, time cost: 0.37s
[36m(TaskRunnerV1 pid=859989)[0m Training Progress:  92%|█████████▏| 115/125 [18:01<01:33,  9.40s/it]

[36m(TaskRunnerV1 pid=859989)[0m step:113 - global_seqlen/min:7176 - global_seqlen/max:7176 - global_seqlen/minmax_diff:0 - global_seqlen/balanced_min:7176 - global_seqlen/balanced_max:7176 - global_seqlen/mean:7176.0 - actor/entropy:0.6565547585487366 - training/rollout_probs_diff_valid:1 - training/rollout_probs_diff_max:0.08772709965705872 - training/rollout_probs_diff_mean:0.005202203523367643 - training/rollout_probs_diff_std:0.009042558260262012 - training/rollout_actor_probs_pearson_corr:0.9995172023773193 - rollout_corr/training_ppl:1.168752908706665 - rollout_corr/training_log_ppl:0.1195029765367508 - rollout_corr/kl:0.0012153207790106535 - rollout_corr/k3_kl:0.000608148577157408 - rollout_corr/rollout_ppl:1.1707216501235962 - rollout_corr/rollout_log_ppl:0.12085046619176865 - rollout_corr/log_ppl_diff:-0.0013474873267114162 - rollout_corr/log_ppl_abs_diff:0.0029216199181973934 - rollout_corr/log_ppl_diff_max:0.024311751127243042 - rollout_corr/log_ppl_diff_min:-0.04801660776138306 - rollout_corr/ppl_ratio:0.998686671257019 - rollout_corr/chi2_token:-1.1920928955078125e-07 - rollout_corr/chi2_seq:-0.0009750127792358398 - actor/pg_clipfrac:np.float64(0.0) - actor/ppo_kl:np.float64(0.0) - actor/pg_clipfrac_lower:np.float64(0.0) - actor/pg_loss:np.float64(0.005675521679222584) - actor/loss:np.float64(0.005675521679222584) - actor/grad_norm:np.float64(0.20685827732086182) - actor/lr:np.float64(1e-06) - actor/perf/max_memory_allocated_gb:np.float64(19.48296880722046) - actor/perf/max_memory_reserved_gb:np.float64(32.388671875) - actor/perf/cpu_memory_used_gb:np.float64(32.42878341674805) - perf/mfu/actor:np.float64(0.040666282311161706) - training/global_step:113 - training/epoch:0 - critic/score/mean:0.375 - critic/score/max:1.0 - critic/score/min:0.0 - critic/rewards/mean:0.375 - critic/rewards/max:1.0 - critic/rewards/min:0.0 - critic/advantages/mean:-0.0056755091063678265 - critic/advantages/max:1.6201815605163574 - critic/advantages/min:-0.935412585735321 - critic/returns/mean:-0.0056755091063678265 - critic/returns/max:1.6201815605163574 - critic/returns/min:-0.935412585735321 - response_length/mean:108.0 - response_length/max:512.0 - response_length/min:4.0 - response_length/clip_ratio:0.0625 - response_length_non_aborted/mean:108.0 - response_length_non_aborted/max:512.0 - response_length_non_aborted/min:4.0 - response_length_non_aborted/clip_ratio:0.0625 - response/aborted_ratio:0.0 - prompt_length/mean:110.25 - prompt_length/max:135.0 - prompt_length/min:79.0 - prompt_length/clip_ratio:0.25 - timing_s/gen:4.431085862044711 - timing_s/old_log_prob:1.2059345979942009 - timing_s/adv:0.23783620801987126 - timing_s/update_actor:2.2086706990376115 - timing_s/update_weights:1.0679897980298847 - timing_s/step:9.552302747964859 - timing_per_token_ms/adv:0.03314328428370558 - timing_per_token_ms/update_actor:0.30778577188372513 - timing_per_token_ms/gen:1.247490389089164 - perf/total_num_tokens:7176 - perf/time_per_step:9.552302747964859 - perf/throughput:751.232471304248 - training/num_turns/mean:np.float64(2.0) - training/num_turns/max:np.int64(2) - training/num_turns/min:np.int64(2) - training/off_policy/trajectory_spans/mean:np.float64(1.0) - training/off_policy/trajectory_spans/max:np.float64(1.0) - training/off_policy/trajectory_spans/min:np.float64(1.0) - training/off_policy/trajectory_staleness/mean:np.float64(0.0) - training/off_policy/trajectory_staleness/max:np.float64(0.0) - training/off_policy/trajectory_staleness/min:np.float64(0.0) - training/off_policy/trajectory_staleness_worst/mean:np.float64(0.0) - training/off_policy/trajectory_staleness_worst/max:np.float64(0.0) - training/off_policy/trajectory_staleness_worst/min:np.float64(0.0)
[36m(TaskRunnerV1 pid=859989)[0m step:114 - global_seqlen/min:6736 - global_seqlen/max:6736 - global_seqlen/minmax_diff:0 - global_seqlen/balanced_min:6736 - global_seqlen/balanced_max:6736 - global_seqlen/mean:6736.0 - actor/entropy:0.8553234338760376 - training/rollout_probs_diff_valid:1 - training/rollout_probs_diff_max:0.06215947866439819 - training/rollout_probs_diff_mean:0.005129273980855942 - training/rollout_probs_diff_std:0.008891121484339237 - training/rollout_actor_probs_pearson_corr:0.9996029734611511 - rollout_corr/training_ppl:1.2172149419784546 - rollout_corr/training_log_ppl:0.1283586472272873 - rollout_corr/kl:4.2209452658426017e-05 - rollout_corr/k3_kl:0.0006644770037382841 - rollout_corr/rollout_ppl:1.2179526090621948 - rollout_corr/rollout_log_ppl:0.12908944487571716 - rollout_corr/log_ppl_diff:-0.0007307983469218016 - rollout_corr/log_ppl_abs_diff:0.0024110516533255577 - rollout_corr/log_ppl_diff_max:0.03151494264602661 - rollout_corr/log_ppl_diff_min:-0.02938053011894226 - rollout_corr/ppl_ratio:0.9992910623550415 - rollout_corr/chi2_token:0.0025779008865356445 - rollout_corr/chi2_seq:0.17963504791259766 - actor/pg_clipfrac:np.float64(0.0) - actor/ppo_kl:np.float64(0.0) - actor/pg_clipfrac_lower:np.float64(0.0) - actor/pg_loss:np.float64(0.310924768447876) - actor/loss:np.float64(0.310924768447876) - actor/grad_norm:np.float64(0.18873347342014313) - actor/lr:np.float64(1e-06) - actor/perf/max_memory_allocated_gb:np.float64(19.48296880722046) - actor/perf/max_memory_reserved_gb:np.float64(32.388671875) - actor/perf/cpu_memory_used_gb:np.float64(32.429256439208984) - perf/mfu/actor:np.float64(0.03981671549140678) - training/global_step:114 - training/epoch:0 - critic/score/mean:0.25 - critic/score/max:1.0 - critic/score/min:0.0 - critic/rewards/mean:0.25 - critic/rewards/max:1.0 - critic/rewards/min:0.0 - critic/advantages/mean:-0.310924768447876 - critic/advantages/max:2.4748666286468506 - critic/advantages/min:-1.20761239528656 - critic/returns/mean:-0.310924768447876 - critic/returns/max:2.4748666286468506 - critic/returns/min:-1.20761239528656 - response_length/mean:97.25 - response_length/max:512.0 - response_length/min:4.0 - response_length/clip_ratio:0.03125 - response_length_non_aborted/mean:97.25 - response_length_non_aborted/max:512.0 - response_length_non_aborted/min:4.0 - response_length_non_aborted/clip_ratio:0.03125 - response/aborted_ratio:0.0 - prompt_length/mean:107.25 - prompt_length/max:140.0 - prompt_length/min:91.0 - prompt_length/clip_ratio:0.25 - timing_s/gen:4.421539637027308 - timing_s/old_log_prob:1.1901761299814098 - timing_s/adv:0.24099759699311107 - timing_s/update_actor:2.1329556590062566 - timing_s/update_weights:1.1208215590449981 - timing_s/step:9.502283429959789 - timing_per_token_ms/adv:0.03577755299778965 - timing_per_token_ms/update_actor:0.3166501869071046 - timing_per_token_ms/gen:1.3782854230135002 - perf/total_num_tokens:6736 - perf/time_per_step:9.502283429959789 - perf/throughput:708.8822438996124 - training/num_turns/mean:np.float64(2.0) - training/num_turns/max:np.int64(2) - training/num_turns/min:np.int64(2) - training/off_policy/trajectory_spans/mean:np.float64(1.0) - training/off_policy/trajectory_spans/max:np.float64(1.0) - training/off_policy/trajectory_spans/min:np.float64(1.0) - training/off_policy/trajectory_staleness/mean:np.float64(0.0) - training/off_policy/trajectory_staleness/max:np.float64(0.0) - training/off_policy/trajectory_staleness/min:np.float64(0.0) - training/off_policy/trajectory_staleness_worst/mean:np.float64(0.0) - training/off_policy/trajectory_staleness_worst/max:np.float64(0.0) - training/off_policy/trajectory_staleness_worst/min:np.float64(0.0)
[36m(TaskRunnerV1 pid=859989)[0m step:115 - global_seqlen/min:6565 - global_seqlen/max:6565 - global_seqlen/minmax_diff:0 - global_seqlen/balanced_min:6565 - global_seqlen/balanced_max:6565 - global_seqlen/mean:6565.0 - actor/entropy:0.6059925556182861 - training/rollout_probs_diff_valid:1 - training/rollout_probs_diff_max:0.0629831850528717 - training/rollout_probs_diff_mean:0.004405271727591753 - training/rollout_probs_diff_std:0.008492005988955498 - training/rollout_actor_probs_pearson_corr:0.9996019005775452 - rollout_corr/training_ppl:1.1619888544082642 - rollout_corr/training_log_ppl:0.10176186263561249 - rollout_corr/kl:-0.0004016937455162406 - rollout_corr/k3_kl:0.0005302958306856453 - rollout_corr/rollout_ppl:1.1619662046432495 - rollout_corr/rollout_log_ppl:0.10159953683614731 - rollout_corr/log_ppl_diff:0.00016232579946517944 - rollout_corr/log_ppl_abs_diff:0.0017153024673461914 - rollout_corr/log_ppl_diff_max:0.03806653618812561 - rollout_corr/log_ppl_diff_min:-0.026147782802581787 - rollout_corr/ppl_ratio:1.0001778602600098 - rollout_corr/chi2_token:0.0029430389404296875 - rollout_corr/chi2_seq:0.052387237548828125 - actor/pg_clipfrac:np.float64(0.0) - actor/ppo_kl:np.float64(0.0) - actor/pg_clipfrac_lower:np.float64(0.0) - actor/pg_loss:np.float64(0.4413888454437256) - actor/loss:np.float64(0.4413888454437256) - actor/grad_norm:np.float64(0.1986677497625351) - actor/lr:np.float64(1e-06) - actor/perf/max_memory_allocated_gb:np.float64(19.48296880722046) - actor/perf/max_memory_reserved_gb:np.float64(32.388671875) - actor/perf/cpu_memory_used_gb:np.float64(32.430755615234375) - perf/mfu/actor:np.float64(0.03875023777991275) - training/global_step:115 - training/epoch:0 - critic/score/mean:0.625 - critic/score/max:1.0 - critic/score/min:0.0 - critic/rewards/mean:0.625 - critic/rewards/max:1.0 - critic/rewards/min:0.0 - critic/advantages/mean:-0.4413888454437256 - critic/advantages/max:1.20761239528656 - critic/advantages/min:-1.20761239528656 - critic/returns/mean:-0.4413888454437256 - critic/returns/max:1.20761239528656 - critic/returns/min:-1.20761239528656 - response_length/mean:80.15625 - response_length/max:512.0 - response_length/min:4.0 - response_length/clip_ratio:0.03125 - response_length_non_aborted/mean:80.15625 - response_length_non_aborted/max:512.0 - response_length_non_aborted/min:4.0 - response_length_non_aborted/clip_ratio:0.03125 - response/aborted_ratio:0.0 - prompt_length/mean:119.0 - prompt_length/max:152.0 - prompt_length/min:94.0 - prompt_length/clip_ratio:0.25 - timing_s/gen:4.4295116100111045 - timing_s/old_log_prob:1.1624904679483734 - timing_s/adv:0.23813622101442888 - timing_s/update_actor:2.1362103630090132 - timing_s/update_weights:1.1107867220416665 - timing_s/step:9.472014915023465 - timing_per_token_ms/adv:0.03627360563814606 - timing_per_token_ms/update_actor:0.32539381005468593 - timing_per_token_ms/gen:1.6646041375464504 - perf/total_num_tokens:6565 - perf/time_per_step:9.472014915023465 - perf/throughput:693.0943478126625 - training/num_turns/mean:np.float64(2.0) - training/num_turns/max:np.int64(2) - training/num_turns/min:np.int64(2) - training/off_policy/trajectory_spans/mean:np.float64(1.0) - training/off_policy/trajectory_spans/max:np.float64(1.0) - training/off_policy/trajectory_spans/min:np.float64(1.0) - training/off_policy/trajectory_staleness/mean:np.float64(0.0) - training/off_policy/trajectory_staleness/max:np.float64(0.0) - training/off_policy/trajectory_staleness/min:np.float64(0.0) - training/off_policy/trajectory_staleness_worst/mean:np.float64(0.0) - training/off_policy/trajectory_staleness_worst/max:np.float64(0.0) - training/off_policy/trajectory_staleness_worst/min:np.float64(0.0)[36m(WorkerDict pid=861242)[0m INFO:2026-07-05 02:17:18,603:update_weights done, time cost: 0.34s
[36m(TransferQueueController pid=860196)[0m 2026-07-05 02:17:18,816 - INFO - transfer_queue.utils.perf_utils - TQ_CONTROLLER_d5bff4dc: [Performance] Total success requests: 5494, Total req/min: 1094.20, Total avg process time: 0.0009s; 
[36m(TransferQueueController pid=860196)[0m Time range: last 5.02 minutes; 
[36m(TransferQueueController pid=860196)[0m Per-operation statistics: NOTIFY_DATA_UPDATE: req_count=1319, req/min=262.70, avg_time=0.000358s, max_time=0.001181s, min_time=0.000125s; SET_CUSTOM_META: req_count=1873, req/min=373.03, avg_time=0.000040s, max_time=0.000369s, min_time=0.000011s; KV_RETRIEVE_KEYS: req_count=34, req/min=6.77, avg_time=0.000132s, max_time=0.000262s, min_time=0.000112s; KV_RETRIEVE_META: req_count=2111, req/min=420.43, avg_time=0.001986s, max_time=0.271632s, min_time=0.000286s; CLEAR_META: req_count=68, req/min=13.54, avg_time=0.001037s, max_time=0.001874s, min_time=0.000340s; KV_LIST: req_count=89, req/min=17.73, avg_time=0.000093s, max_time=0.000289s, min_time=0.000038s
[36m(TaskRunnerV1 pid=859989)[0m Training Progress:  93%|█████████▎| 116/125 [18:08<01:19,  8.80s/it]
[36m(SimpleStorageUnit pid=860265)[0m Per-operation statistics: CLEAR_DATA: req_count=53, req/min=10.57, avg_time=0.010307s, max_time=0.015251s, min_time=0.002755s; PUT_DATA: req_count=279, req/min=55.65, avg_time=0.009222s, max_time=0.016106s, min_time=0.002570s; GET_DATA: req_count=170, req/min=33.91, avg_time=0.011004s, max_time=0.014339s, min_time=0.002175s
[36m(WorkerDict pid=861242)[0m INFO:2026-07-05 02:17:28,467:update_weights done, time cost: 0.40s
[36m(SimpleStorageUnit pid=860268)[0m 2026-07-05 02:17:23,652 - INFO - transfer_queue.utils.perf_utils - TQ_STORAGE_UNIT_4faf49fe: [Performance] Total success requests: 519, Total req/min: 103.30, Total avg process time: 0.0101s; [32m [repeated 8x across cluster][0m
[36m(SimpleStorageUnit pid=860268)[0m Time range: last 5.02 minutes; [32m [repeated 8x across cluster][0m
[36m(SimpleStorageUnit pid=860268)[0m Per-operation statistics: CLEAR_DATA: req_count=50, req/min=9.95, avg_time=0.010722s, max_time=0.014914s, min_time=0.005401s; PUT_DATA: req_count=298, req/min=59.31, avg_time=0.009346s, max_time=0.016640s, min_time=0.005066s; GET_DATA: req_count=171, req/min=34.03, avg_time=0.011189s, max_time=0.015893s, min_time=0.004780s[32m [repeated 7x across cluster][0m
[36m(TaskRunnerV1 pid=859989)[0m Training Progress:  94%|█████████▎| 117/125 [18:18<01:13,  9.14s/it]
[36m(WorkerDict pid=861242)[0m INFO:2026-07-05 02:17:38,940:update_weights done, time cost: 0.38s
[36m(TaskRunnerV1 pid=859989)[0m Training Progress:  94%|█████████▍| 118/125 [18:28<01:06,  9.54s/it]

[36m(TaskRunnerV1 pid=859989)[0m step:116 - global_seqlen/min:6235 - global_seqlen/max:6235 - global_seqlen/minmax_diff:0 - global_seqlen/balanced_min:6235 - global_seqlen/balanced_max:6235 - global_seqlen/mean:6235.0 - actor/entropy:0.7199901342391968 - training/rollout_probs_diff_valid:1 - training/rollout_probs_diff_max:0.05884891748428345 - training/rollout_probs_diff_mean:0.004229731857776642 - training/rollout_probs_diff_std:0.007792075630277395 - training/rollout_actor_probs_pearson_corr:0.9996888637542725 - rollout_corr/training_ppl:1.1663635969161987 - rollout_corr/training_log_ppl:0.1124253123998642 - rollout_corr/kl:0.0005683251074515283 - rollout_corr/k3_kl:0.0006286376737989485 - rollout_corr/rollout_ppl:1.1635982990264893 - rollout_corr/rollout_log_ppl:0.11074803024530411 - rollout_corr/log_ppl_diff:0.0016772908857092261 - rollout_corr/log_ppl_abs_diff:0.0026694596745073795 - rollout_corr/log_ppl_diff_max:0.037049055099487305 - rollout_corr/log_ppl_diff_min:-0.021341130137443542 - rollout_corr/ppl_ratio:1.0017046928405762 - rollout_corr/chi2_token:0.0013937950134277344 - rollout_corr/chi2_seq:0.041007161140441895 - actor/pg_clipfrac:np.float64(0.0) - actor/ppo_kl:np.float64(0.0) - actor/pg_clipfrac_lower:np.float64(0.0) - actor/pg_loss:np.float64(-0.06457274407148361) - actor/loss:np.float64(-0.06457274407148361) - actor/grad_norm:np.float64(0.21655923128128052) - actor/lr:np.float64(1e-06) - actor/perf/max_memory_allocated_gb:np.float64(19.48296880722046) - actor/perf/max_memory_reserved_gb:np.float64(32.388671875) - actor/perf/cpu_memory_used_gb:np.float64(32.42875289916992) - perf/mfu/actor:np.float64(0.038220573924363295) - training/global_step:116 - training/epoch:0 - critic/score/mean:0.28125 - critic/score/max:1.0 - critic/score/min:0.0 - critic/rewards/mean:0.28125 - critic/rewards/max:1.0 - critic/rewards/min:0.0 - critic/advantages/mean:0.0645727664232254 - critic/advantages/max:2.4748666286468506 - critic/advantages/min:-0.7245674133300781 - critic/returns/mean:0.0645727664232254 - critic/returns/max:2.4748666286468506 - critic/returns/min:-0.7245674133300781 - response_length/mean:65.09375 - response_length/max:393.0 - response_length/min:4.0 - response_length/clip_ratio:0.03125 - response_length_non_aborted/mean:65.09375 - response_length_non_aborted/max:393.0 - response_length_non_aborted/min:4.0 - response_length_non_aborted/clip_ratio:0.03125 - response/aborted_ratio:0.0 - prompt_length/mean:123.75 - prompt_length/max:138.0 - prompt_length/min:107.0 - prompt_length/clip_ratio:0.25 - timing_s/gen:2.4071324699907564 - timing_s/old_log_prob:1.1420393569860607 - timing_s/adv:0.23815303499577567 - timing_s/update_actor:2.0851630329852924 - timing_s/update_weights:1.0160491959541105 - timing_s/step:7.281507407024037 - timing_per_token_ms/adv:0.0381961563746232 - timing_per_token_ms/update_actor:0.3344287141917069 - timing_per_token_ms/gen:1.104695947678181 - perf/total_num_tokens:6235 - perf/time_per_step:7.281507407024037 - perf/throughput:856.2787416772338 - training/num_turns/mean:np.float64(2.0) - training/num_turns/max:np.int64(2) - training/num_turns/min:np.int64(2) - training/off_policy/trajectory_spans/mean:np.float64(1.0) - training/off_policy/trajectory_spans/max:np.float64(1.0) - training/off_policy/trajectory_spans/min:np.float64(1.0) - training/off_policy/trajectory_staleness/mean:np.float64(0.0) - training/off_policy/trajectory_staleness/max:np.float64(0.0) - training/off_policy/trajectory_staleness/min:np.float64(0.0) - training/off_policy/trajectory_staleness_worst/mean:np.float64(0.0) - training/off_policy/trajectory_staleness_worst/max:np.float64(0.0) - training/off_policy/trajectory_staleness_worst/min:np.float64(0.0)
[36m(TaskRunnerV1 pid=859989)[0m step:117 - global_seqlen/min:7707 - global_seqlen/max:7707 - global_seqlen/minmax_diff:0 - global_seqlen/balanced_min:7707 - global_seqlen/balanced_max:7707 - global_seqlen/mean:7707.0 - actor/entropy:0.698473334312439 - training/rollout_probs_diff_valid:1 - training/rollout_probs_diff_max:0.18352872133255005 - training/rollout_probs_diff_mean:0.005257754120975733 - training/rollout_probs_diff_std:0.009396531619131565 - training/rollout_actor_probs_pearson_corr:0.9995068311691284 - rollout_corr/training_ppl:1.2032142877578735 - rollout_corr/training_log_ppl:0.13407157361507416 - rollout_corr/kl:0.0006205105455592275 - rollout_corr/k3_kl:0.0006160945049487054 - rollout_corr/rollout_ppl:1.2037324905395508 - rollout_corr/rollout_log_ppl:0.13457991182804108 - rollout_corr/log_ppl_diff:-0.000508346245624125 - rollout_corr/log_ppl_abs_diff:0.0019604372791945934 - rollout_corr/log_ppl_diff_max:0.015566527843475342 - rollout_corr/log_ppl_diff_min:-0.025068148970603943 - rollout_corr/ppl_ratio:0.999505877494812 - rollout_corr/chi2_token:0.0012358427047729492 - rollout_corr/chi2_seq:0.06661581993103027 - actor/pg_clipfrac:np.float64(0.0) - actor/ppo_kl:np.float64(0.0) - actor/pg_clipfrac_lower:np.float64(0.0) - actor/pg_loss:np.float64(0.13073234260082245) - actor/loss:np.float64(0.13073234260082245) - actor/grad_norm:np.float64(0.13056448101997375) - actor/lr:np.float64(1e-06) - actor/perf/max_memory_allocated_gb:np.float64(19.48296880722046) - actor/perf/max_memory_reserved_gb:np.float64(32.388671875) - actor/perf/cpu_memory_used_gb:np.float64(32.43827438354492) - perf/mfu/actor:np.float64(0.04108239373397494) - training/global_step:117 - training/epoch:0 - critic/score/mean:0.15625 - critic/score/max:1.0 - critic/score/min:0.0 - critic/rewards/mean:0.15625 - critic/rewards/max:1.0 - critic/rewards/min:0.0 - critic/advantages/mean:-0.13073235750198364 - critic/advantages/max:2.4748666286468506 - critic/advantages/min:-0.7245674133300781 - critic/returns/mean:-0.13073235750198364 - critic/returns/max:2.4748666286468506 - critic/returns/min:-0.7245674133300781 - response_length/mean:130.84375 - response_length/max:512.0 - response_length/min:4.0 - response_length/clip_ratio:0.0625 - response_length_non_aborted/mean:130.84375 - response_length_non_aborted/max:512.0 - response_length_non_aborted/min:4.0 - response_length_non_aborted/clip_ratio:0.0625 - response/aborted_ratio:0.0 - prompt_length/mean:104.0 - prompt_length/max:124.0 - prompt_length/min:92.0 - prompt_length/clip_ratio:0.25 - timing_s/gen:4.4217641379800625 - timing_s/old_log_prob:1.2519480140181258 - timing_s/adv:0.23856951599009335 - timing_s/update_actor:2.331415238964837 - timing_s/update_weights:1.1485882540000603 - timing_s/step:9.769657347991597 - timing_per_token_ms/adv:0.03095491319451062 - timing_per_token_ms/update_actor:0.30250619423444103 - timing_per_token_ms/gen:1.0323988181134864 - perf/total_num_tokens:7707 - perf/time_per_step:9.769657347991597 - perf/throughput:788.8710653280353 - training/num_turns/mean:np.float64(2.0) - training/num_turns/max:np.int64(2) - training/num_turns/min:np.int64(2) - training/off_policy/trajectory_spans/mean:np.float64(1.0) - training/off_policy/trajectory_spans/max:np.float64(1.0) - training/off_policy/trajectory_spans/min:np.float64(1.0) - training/off_policy/trajectory_staleness/mean:np.float64(0.0) - training/off_policy/trajectory_staleness/max:np.float64(0.0) - training/off_policy/trajectory_staleness/min:np.float64(0.0) - training/off_policy/trajectory_staleness_worst/mean:np.float64(0.0) - training/off_policy/trajectory_staleness_worst/max:np.float64(0.0) - training/off_policy/trajectory_staleness_worst/min:np.float64(0.0)
[36m(TaskRunnerV1 pid=859989)[0m step:118 - global_seqlen/min:9228 - global_seqlen/max:9228 - global_seqlen/minmax_diff:0 - global_seqlen/balanced_min:9228 - global_seqlen/balanced_max:9228 - global_seqlen/mean:9228.0 - actor/entropy:0.7931392788887024 - training/rollout_probs_diff_valid:1 - training/rollout_probs_diff_max:0.07096344232559204 - training/rollout_probs_diff_mean:0.004527353681623936 - training/rollout_probs_diff_std:0.008292136713862419 - training/rollout_actor_probs_pearson_corr:0.9996550679206848 - rollout_corr/training_ppl:1.2737388610839844 - rollout_corr/training_log_ppl:0.16183137893676758 - rollout_corr/kl:2.664807834662497e-05 - rollout_corr/k3_kl:0.0006190319545567036 - rollout_corr/rollout_ppl:1.2755370140075684 - rollout_corr/rollout_log_ppl:0.1630977988243103 - rollout_corr/log_ppl_diff:-0.0012664335081353784 - rollout_corr/log_ppl_abs_diff:0.0015563826309517026 - rollout_corr/log_ppl_diff_max:0.007164597511291504 - rollout_corr/log_ppl_diff_min:-0.026620537042617798 - rollout_corr/ppl_ratio:0.998744785785675 - rollout_corr/chi2_token:0.00245821475982666 - rollout_corr/chi2_seq:0.07081878185272217 - actor/pg_clipfrac:np.float64(0.0) - actor/ppo_kl:np.float64(0.0) - actor/pg_clipfrac_lower:np.float64(0.0) - actor/pg_loss:np.float64(-0.08370538800954819) - actor/loss:np.float64(-0.08370538800954819) - actor/grad_norm:np.float64(0.1396392583847046) - actor/lr:np.float64(1e-06) - actor/perf/max_memory_allocated_gb:np.float64(19.48296880722046) - actor/perf/max_memory_reserved_gb:np.float64(32.388671875) - actor/perf/cpu_memory_used_gb:np.float64(32.44852828979492) - perf/mfu/actor:np.float64(0.04115613493225457) - training/global_step:118 - training/epoch:0 - critic/score/mean:0.28125 - critic/score/max:1.0 - critic/score/min:0.0 - critic/rewards/mean:0.28125 - critic/rewards/max:1.0 - critic/rewards/min:0.0 - critic/advantages/mean:0.08370539546012878 - critic/advantages/max:2.4748666286468506 - critic/advantages/min:-0.935412585735321 - critic/returns/mean:0.08370539546012878 - critic/returns/max:2.4748666286468506 - critic/returns/min:-0.935412585735321 - response_length/mean:162.125 - response_length/max:512.0 - response_length/min:4.0 - response_length/clip_ratio:0.125 - response_length_non_aborted/mean:162.125 - response_length_non_aborted/max:512.0 - response_length_non_aborted/min:4.0 - response_length_non_aborted/clip_ratio:0.125 - response/aborted_ratio:0.0 - prompt_length/mean:120.25 - prompt_length/max:174.0 - prompt_length/min:92.0 - prompt_length/clip_ratio:0.25 - timing_s/gen:4.415427833038848 - timing_s/old_log_prob:1.394441889016889 - timing_s/adv:0.23548316495725885 - timing_s/update_actor:2.7278829070273787 - timing_s/update_weights:1.1616906080162153 - timing_s/step:10.330386984045617 - timing_per_token_ms/adv:0.025518331703214006 - timing_per_token_ms/update_actor:0.29560933106061754 - timing_per_token_ms/gen:0.8356222242692748 - perf/total_num_tokens:9228 - perf/time_per_step:10.330386984045617 - perf/throughput:893.2869614905852 - training/num_turns/mean:np.float64(2.0) - training/num_turns/max:np.int64(2) - training/num_turns/min:np.int64(2) - training/off_policy/trajectory_spans/mean:np.float64(1.0) - training/off_policy/trajectory_spans/max:np.float64(1.0) - training/off_policy/trajectory_spans/min:np.float64(1.0) - training/off_policy/trajectory_staleness/mean:np.float64(0.0) - training/off_policy/trajectory_staleness/max:np.float64(0.0) - training/off_policy/trajectory_staleness/min:np.float64(0.0) - training/off_policy/trajectory_staleness_worst/mean:np.float64(0.0) - training/off_policy/trajectory_staleness_worst/max:np.float64(0.0) - training/off_policy/trajectory_staleness_worst/min:np.float64(0.0)[36m(WorkerDict pid=861242)[0m INFO:2026-07-05 02:17:49,502:update_weights done, time cost: 0.36s
[36m(TaskRunnerV1 pid=859989)[0m Training Progress:  95%|█████████▌| 119/125 [18:39<00:59,  9.84s/it]
[36m(WorkerDict pid=861242)[0m INFO:2026-07-05 02:17:58,968:update_weights done, time cost: 0.36s
[36m(TaskRunnerV1 pid=859989)[0m Training Progress:  96%|█████████▌| 120/125 [18:48<00:48,  9.73s/it]
[36m(WorkerDict pid=861242)[0m INFO:2026-07-05 02:18:08,362:update_weights done, time cost: 0.35s
[36m(TaskRunnerV1 pid=859989)[0m Training Progress:  97%|█████████▋| 121/125 [18:58<00:38,  9.62s/it]

[36m(TaskRunnerV1 pid=859989)[0m step:119 - global_seqlen/min:9667 - global_seqlen/max:9667 - global_seqlen/minmax_diff:0 - global_seqlen/balanced_min:9667 - global_seqlen/balanced_max:9667 - global_seqlen/mean:9667.0 - actor/entropy:0.7982020974159241 - training/rollout_probs_diff_valid:1 - training/rollout_probs_diff_max:0.07803794741630554 - training/rollout_probs_diff_mean:0.004872681573033333 - training/rollout_probs_diff_std:0.008806119672954082 - training/rollout_actor_probs_pearson_corr:0.9995984435081482 - rollout_corr/training_ppl:1.231272578239441 - rollout_corr/training_log_ppl:0.12793400883674622 - rollout_corr/kl:0.001116221654228866 - rollout_corr/k3_kl:0.0006141721969470382 - rollout_corr/rollout_ppl:1.2330193519592285 - rollout_corr/rollout_log_ppl:0.12946459650993347 - rollout_corr/log_ppl_diff:-0.0015305816195905209 - rollout_corr/log_ppl_abs_diff:0.0025585514958947897 - rollout_corr/log_ppl_diff_max:0.014310240745544434 - rollout_corr/log_ppl_diff_min:-0.033459633588790894 - rollout_corr/ppl_ratio:0.9984966516494751 - rollout_corr/chi2_token:0.00021779537200927734 - rollout_corr/chi2_seq:-0.03045940399169922 - actor/pg_clipfrac:np.float64(0.0) - actor/ppo_kl:np.float64(0.0) - actor/pg_clipfrac_lower:np.float64(0.0) - actor/pg_loss:np.float64(0.18068543076515198) - actor/loss:np.float64(0.18068543076515198) - actor/grad_norm:np.float64(0.11161468923091888) - actor/lr:np.float64(1e-06) - actor/perf/max_memory_allocated_gb:np.float64(19.48296880722046) - actor/perf/max_memory_reserved_gb:np.float64(32.388671875) - actor/perf/cpu_memory_used_gb:np.float64(32.44816970825195) - perf/mfu/actor:np.float64(0.041798316834031256) - training/global_step:119 - training/epoch:0 - critic/score/mean:0.3125 - critic/score/max:1.0 - critic/score/min:0.0 - critic/rewards/mean:0.3125 - critic/rewards/max:1.0 - critic/rewards/min:0.0 - critic/advantages/mean:-0.18068541586399078 - critic/advantages/max:1.20761239528656 - critic/advantages/min:-2.4748666286468506 - critic/returns/mean:-0.18068541586399078 - critic/returns/max:1.20761239528656 - critic/returns/min:-2.4748666286468506 - response_length/mean:157.59375 - response_length/max:512.0 - response_length/min:4.0 - response_length/clip_ratio:0.125 - response_length_non_aborted/mean:157.59375 - response_length_non_aborted/max:512.0 - response_length_non_aborted/min:4.0 - response_length_non_aborted/clip_ratio:0.125 - response/aborted_ratio:0.0 - prompt_length/mean:138.5 - prompt_length/max:170.0 - prompt_length/min:111.0 - prompt_length/clip_ratio:0.25 - timing_s/gen:4.413148313993588 - timing_s/old_log_prob:1.4124129760311916 - timing_s/adv:0.23937449097866192 - timing_s/update_actor:2.8240880130324513 - timing_s/update_weights:1.1157645510393195 - timing_s/step:10.39864381501684 - timing_per_token_ms/adv:0.024762024514188675 - timing_per_token_ms/update_actor:0.2921369621425935 - timing_per_token_ms/gen:0.8587562393449286 - perf/total_num_tokens:9667 - perf/time_per_step:10.39864381501684 - perf/throughput:929.6404581181768 - training/num_turns/mean:np.float64(2.0) - training/num_turns/max:np.int64(2) - training/num_turns/min:np.int64(2) - training/off_policy/trajectory_spans/mean:np.float64(1.0) - training/off_policy/trajectory_spans/max:np.float64(1.0) - training/off_policy/trajectory_spans/min:np.float64(1.0) - training/off_policy/trajectory_staleness/mean:np.float64(0.0) - training/off_policy/trajectory_staleness/max:np.float64(0.0) - training/off_policy/trajectory_staleness/min:np.float64(0.0) - training/off_policy/trajectory_staleness_worst/mean:np.float64(0.0) - training/off_policy/trajectory_staleness_worst/max:np.float64(0.0) - training/off_policy/trajectory_staleness_worst/min:np.float64(0.0)
[36m(TaskRunnerV1 pid=859989)[0m step:120 - global_seqlen/min:6081 - global_seqlen/max:6081 - global_seqlen/minmax_diff:0 - global_seqlen/balanced_min:6081 - global_seqlen/balanced_max:6081 - global_seqlen/mean:6081.0 - actor/entropy:0.6266818642616272 - training/rollout_probs_diff_valid:1 - training/rollout_probs_diff_max:0.062151581048965454 - training/rollout_probs_diff_mean:0.004885650239884853 - training/rollout_probs_diff_std:0.00883628148585558 - training/rollout_actor_probs_pearson_corr:0.9995496273040771 - rollout_corr/training_ppl:1.1541324853897095 - rollout_corr/training_log_ppl:0.1096484437584877 - rollout_corr/kl:0.0008558533154428005 - rollout_corr/k3_kl:0.0006142092170193791 - rollout_corr/rollout_ppl:1.1550979614257812 - rollout_corr/rollout_log_ppl:0.11029072105884552 - rollout_corr/log_ppl_diff:-0.0006422748556360602 - rollout_corr/log_ppl_abs_diff:0.0028542811051011086 - rollout_corr/log_ppl_diff_max:0.04954111576080322 - rollout_corr/log_ppl_diff_min:-0.05871999263763428 - rollout_corr/ppl_ratio:0.9993967413902283 - rollout_corr/chi2_token:0.0007442235946655273 - rollout_corr/chi2_seq:-0.0028901100158691406 - actor/pg_clipfrac:np.float64(0.0) - actor/ppo_kl:np.float64(0.0) - actor/pg_clipfrac_lower:np.float64(0.0) - actor/pg_loss:np.float64(0.28923317790031433) - actor/loss:np.float64(0.28923317790031433) - actor/grad_norm:np.float64(0.2633795440196991) - actor/lr:np.float64(1e-06) - actor/perf/max_memory_allocated_gb:np.float64(19.48296880722046) - actor/perf/max_memory_reserved_gb:np.float64(32.388671875) - actor/perf/cpu_memory_used_gb:np.float64(32.43092727661133) - perf/mfu/actor:np.float64(0.03736874234134812) - training/global_step:120 - training/epoch:0 - critic/score/mean:0.46875 - critic/score/max:1.0 - critic/score/min:0.0 - critic/rewards/mean:0.46875 - critic/rewards/max:1.0 - critic/rewards/min:0.0 - critic/advantages/mean:-0.28923314809799194 - critic/advantages/max:1.20761239528656 - critic/advantages/min:-1.20761239528656 - critic/returns/mean:-0.28923314809799194 - critic/returns/max:1.20761239528656 - critic/returns/min:-1.20761239528656 - response_length/mean:61.03125 - response_length/max:492.0 - response_length/min:4.0 - response_length/clip_ratio:0.03125 - response_length_non_aborted/mean:61.03125 - response_length_non_aborted/max:492.0 - response_length_non_aborted/min:4.0 - response_length_non_aborted/clip_ratio:0.03125 - response/aborted_ratio:0.0 - prompt_length/mean:123.0 - prompt_length/max:182.0 - prompt_length/min:97.0 - prompt_length/clip_ratio:0.25 - timing_s/gen:4.445239220978692 - timing_s/old_log_prob:1.139550557010807 - timing_s/adv:0.2360665430314839 - timing_s/update_actor:2.0615660999901593 - timing_s/update_weights:1.063669508032035 - timing_s/step:9.337988801999018 - timing_per_token_ms/adv:0.03882034912538791 - timing_per_token_ms/update_actor:0.33901761223321153 - timing_per_token_ms/gen:2.169467652991065 - perf/total_num_tokens:6081 - perf/time_per_step:9.337988801999018 - perf/throughput:651.2108901542288 - training/num_turns/mean:np.float64(2.0) - training/num_turns/max:np.int64(2) - training/num_turns/min:np.int64(2) - training/off_policy/trajectory_spans/mean:np.float64(1.0) - training/off_policy/trajectory_spans/max:np.float64(1.0) - training/off_policy/trajectory_spans/min:np.float64(1.0) - training/off_policy/trajectory_staleness/mean:np.float64(0.0) - training/off_policy/trajectory_staleness/max:np.float64(0.0) - training/off_policy/trajectory_staleness/min:np.float64(0.0) - training/off_policy/trajectory_staleness_worst/mean:np.float64(0.0) - training/off_policy/trajectory_staleness_worst/max:np.float64(0.0) - training/off_policy/trajectory_staleness_worst/min:np.float64(0.0)
[36m(TaskRunnerV1 pid=859989)[0m step:121 - global_seqlen/min:6322 - global_seqlen/max:6322 - global_seqlen/minmax_diff:0 - global_seqlen/balanced_min:6322 - global_seqlen/balanced_max:6322 - global_seqlen/mean:6322.0 - actor/entropy:0.6411682367324829 - training/rollout_probs_diff_valid:1 - training/rollout_probs_diff_max:0.0619983971118927 - training/rollout_probs_diff_mean:0.004232385195791721 - training/rollout_probs_diff_std:0.008324631489813328 - training/rollout_actor_probs_pearson_corr:0.999624490737915 - rollout_corr/training_ppl:1.1363582611083984 - rollout_corr/training_log_ppl:0.0938950628042221 - rollout_corr/kl:-6.780343392165378e-05 - rollout_corr/k3_kl:0.0005120273563079536 - rollout_corr/rollout_ppl:1.134207010269165 - rollout_corr/rollout_log_ppl:0.09247137606143951 - rollout_corr/log_ppl_diff:0.0014236795250326395 - rollout_corr/log_ppl_abs_diff:0.0024679345078766346 - rollout_corr/log_ppl_diff_max:0.048132479190826416 - rollout_corr/log_ppl_diff_min:-0.014086723327636719 - rollout_corr/ppl_ratio:1.0014567375183105 - rollout_corr/chi2_token:0.0021796226501464844 - rollout_corr/chi2_seq:0.029213905334472656 - actor/pg_clipfrac:np.float64(0.0) - actor/ppo_kl:np.float64(0.0) - actor/pg_clipfrac_lower:np.float64(0.0) - actor/pg_loss:np.float64(-0.5621348023414612) - actor/loss:np.float64(-0.5621348023414612) - actor/grad_norm:np.float64(0.26471641659736633) - actor/lr:np.float64(1e-06) - actor/perf/max_memory_allocated_gb:np.float64(19.48296880722046) - actor/perf/max_memory_reserved_gb:np.float64(32.388671875) - actor/perf/cpu_memory_used_gb:np.float64(32.437374114990234) - perf/mfu/actor:np.float64(0.03835048228187097) - training/global_step:121 - training/epoch:0 - critic/score/mean:0.375 - critic/score/max:1.0 - critic/score/min:0.0 - critic/rewards/mean:0.375 - critic/rewards/max:1.0 - critic/rewards/min:0.0 - critic/advantages/mean:0.5621347427368164 - critic/advantages/max:2.4748666286468506 - critic/advantages/min:-1.6201815605163574 - critic/returns/mean:0.5621347427368164 - critic/returns/max:2.4748666286468506 - critic/returns/min:-1.6201815605163574 - response_length/mean:85.5625 - response_length/max:512.0 - response_length/min:4.0 - response_length/clip_ratio:0.03125 - response_length_non_aborted/mean:85.5625 - response_length_non_aborted/max:512.0 - response_length_non_aborted/min:4.0 - response_length_non_aborted/clip_ratio:0.03125 - response/aborted_ratio:0.0 - prompt_length/mean:106.0 - prompt_length/max:132.0 - prompt_length/min:81.0 - prompt_length/clip_ratio:0.25 - timing_s/gen:4.41363156796433 - timing_s/old_log_prob:1.1627608750131913 - timing_s/adv:0.19502129702595994 - timing_s/update_actor:2.0818994529545307 - timing_s/update_weights:1.0326966239954345 - timing_s/step:9.230542462028097 - timing_per_token_ms/adv:0.030848038124954118 - timing_per_token_ms/update_actor:0.32931025829714183 - timing_per_token_ms/gen:1.5573858743699118 - perf/total_num_tokens:6322 - perf/time_per_step:9.230542462028097 - perf/throughput:684.90015901091 - training/num_turns/mean:np.float64(2.0) - training/num_turns/max:np.int64(2) - training/num_turns/min:np.int64(2) - training/off_policy/trajectory_spans/mean:np.float64(1.0) - training/off_policy/trajectory_spans/max:np.float64(1.0) - training/off_policy/trajectory_spans/min:np.float64(1.0) - training/off_policy/trajectory_staleness/mean:np.float64(0.0) - training/off_policy/trajectory_staleness/max:np.float64(0.0) - training/off_policy/trajectory_staleness/min:np.float64(0.0) - training/off_policy/trajectory_staleness_worst/mean:np.float64(0.0) - training/off_policy/trajectory_staleness_worst/max:np.float64(0.0) - training/off_policy/trajectory_staleness_worst/min:np.float64(0.0)[36m(WorkerDict pid=861242)[0m INFO:2026-07-05 02:18:17,909:update_weights done, time cost: 0.38s
[36m(TaskRunnerV1 pid=859989)[0m Training Progress:  98%|█████████▊| 122/125 [19:07<00:28,  9.61s/it]
[36m(WorkerDict pid=861242)[0m INFO:2026-07-05 02:18:25,494:update_weights done, time cost: 0.35s
[36m(TaskRunnerV1 pid=859989)[0m Training Progress:  98%|█████████▊| 123/125 [19:15<00:17,  8.99s/it]
[36m(WorkerDict pid=861242)[0m INFO:2026-07-05 02:18:34,935:update_weights done, time cost: 0.37s
[36m(TaskRunnerV1 pid=859989)[0m Training Progress:  99%|█████████▉| 124/125 [19:24<00:09,  9.13s/it]

[36m(TaskRunnerV1 pid=859989)[0m step:122 - global_seqlen/min:6630 - global_seqlen/max:6630 - global_seqlen/minmax_diff:0 - global_seqlen/balanced_min:6630 - global_seqlen/balanced_max:6630 - global_seqlen/mean:6630.0 - actor/entropy:0.7177310585975647 - training/rollout_probs_diff_valid:1 - training/rollout_probs_diff_max:0.08043915033340454 - training/rollout_probs_diff_mean:0.005115074571222067 - training/rollout_probs_diff_std:0.009161500260233879 - training/rollout_actor_probs_pearson_corr:0.9995407462120056 - rollout_corr/training_ppl:1.160025954246521 - rollout_corr/training_log_ppl:0.10907750576734543 - rollout_corr/kl:-0.0003651877923402935 - rollout_corr/k3_kl:0.0005804652464576066 - rollout_corr/rollout_ppl:1.1597110033035278 - rollout_corr/rollout_log_ppl:0.10879451036453247 - rollout_corr/log_ppl_diff:0.00028299971017986536 - rollout_corr/log_ppl_abs_diff:0.0018549099331721663 - rollout_corr/log_ppl_diff_max:0.04720485210418701 - rollout_corr/log_ppl_diff_min:-0.021624475717544556 - rollout_corr/ppl_ratio:1.0003042221069336 - rollout_corr/chi2_token:0.0030641555786132812 - rollout_corr/chi2_seq:0.045086026191711426 - actor/pg_clipfrac:np.float64(0.0) - actor/ppo_kl:np.float64(0.0) - actor/pg_clipfrac_lower:np.float64(0.0) - actor/pg_loss:np.float64(0.5944811701774597) - actor/loss:np.float64(0.5944811701774597) - actor/grad_norm:np.float64(0.2024526298046112) - actor/lr:np.float64(1e-06) - actor/perf/max_memory_allocated_gb:np.float64(19.48296880722046) - actor/perf/max_memory_reserved_gb:np.float64(32.388671875) - actor/perf/cpu_memory_used_gb:np.float64(32.44218444824219) - perf/mfu/actor:np.float64(0.03925924748846298) - training/global_step:122 - training/epoch:0 - critic/score/mean:0.59375 - critic/score/max:1.0 - critic/score/min:0.0 - critic/rewards/mean:0.59375 - critic/rewards/max:1.0 - critic/rewards/min:0.0 - critic/advantages/mean:-0.5944810509681702 - critic/advantages/max:1.6201815605163574 - critic/advantages/min:-1.20761239528656 - critic/returns/mean:-0.5944810509681702 - critic/returns/max:1.6201815605163574 - critic/returns/min:-1.20761239528656 - response_length/mean:96.1875 - response_length/max:512.0 - response_length/min:4.0 - response_length/clip_ratio:0.03125 - response_length_non_aborted/mean:96.1875 - response_length_non_aborted/max:512.0 - response_length_non_aborted/min:4.0 - response_length_non_aborted/clip_ratio:0.03125 - response/aborted_ratio:0.0 - prompt_length/mean:105.0 - prompt_length/max:121.0 - prompt_length/min:81.0 - prompt_length/clip_ratio:0.25 - timing_s/gen:4.411279520019889 - timing_s/old_log_prob:1.171698389982339 - timing_s/adv:0.23639274603920057 - timing_s/update_actor:2.127047395973932 - timing_s/update_weights:1.0867284190026112 - timing_s/step:9.430762969015632 - timing_per_token_ms/adv:0.03565501448555061 - timing_per_token_ms/update_actor:0.32082162835202593 - timing_per_token_ms/gen:1.389817114057936 - perf/total_num_tokens:6630 - perf/time_per_step:9.430762969015632 - perf/throughput:703.0184113186368 - training/num_turns/mean:np.float64(2.0) - training/num_turns/max:np.int64(2) - training/num_turns/min:np.int64(2) - training/off_policy/trajectory_spans/mean:np.float64(1.0) - training/off_policy/trajectory_spans/max:np.float64(1.0) - training/off_policy/trajectory_spans/min:np.float64(1.0) - training/off_policy/trajectory_staleness/mean:np.float64(0.0) - training/off_policy/trajectory_staleness/max:np.float64(0.0) - training/off_policy/trajectory_staleness/min:np.float64(0.0) - training/off_policy/trajectory_staleness_worst/mean:np.float64(0.0) - training/off_policy/trajectory_staleness_worst/max:np.float64(0.0) - training/off_policy/trajectory_staleness_worst/min:np.float64(0.0)
[36m(TaskRunnerV1 pid=859989)[0m step:123 - global_seqlen/min:6992 - global_seqlen/max:6992 - global_seqlen/minmax_diff:0 - global_seqlen/balanced_min:6992 - global_seqlen/balanced_max:6992 - global_seqlen/mean:6992.0 - actor/entropy:0.8757075071334839 - training/rollout_probs_diff_valid:1 - training/rollout_probs_diff_max:0.055393218994140625 - training/rollout_probs_diff_mean:0.0047284686006605625 - training/rollout_probs_diff_std:0.008031711913645267 - training/rollout_actor_probs_pearson_corr:0.9996809363365173 - rollout_corr/training_ppl:1.2502617835998535 - rollout_corr/training_log_ppl:0.1383245289325714 - rollout_corr/kl:0.001223582192324102 - rollout_corr/k3_kl:0.0006692847819067538 - rollout_corr/rollout_ppl:1.249282717704773 - rollout_corr/rollout_log_ppl:0.13793668150901794 - rollout_corr/log_ppl_diff:0.00038785679498687387 - rollout_corr/log_ppl_abs_diff:0.0015570505056530237 - rollout_corr/log_ppl_diff_max:0.025646179914474487 - rollout_corr/log_ppl_diff_min:-0.025560975074768066 - rollout_corr/ppl_ratio:1.0003994703292847 - rollout_corr/chi2_token:0.00023102760314941406 - rollout_corr/chi2_seq:-0.012821197509765625 - actor/pg_clipfrac:np.float64(0.0) - actor/ppo_kl:np.float64(0.0) - actor/pg_clipfrac_lower:np.float64(0.0) - actor/pg_loss:np.float64(0.12630194425582886) - actor/loss:np.float64(0.12630194425582886) - actor/grad_norm:np.float64(0.22601129114627838) - actor/lr:np.float64(1e-06) - actor/perf/max_memory_allocated_gb:np.float64(19.48296880722046) - actor/perf/max_memory_reserved_gb:np.float64(32.388671875) - actor/perf/cpu_memory_used_gb:np.float64(32.44825744628906) - perf/mfu/actor:np.float64(0.040840658874333524) - training/global_step:123 - training/epoch:0 - critic/score/mean:0.65625 - critic/score/max:1.0 - critic/score/min:0.0 - critic/rewards/mean:0.65625 - critic/rewards/max:1.0 - critic/rewards/min:0.0 - critic/advantages/mean:-0.12630195915699005 - critic/advantages/max:2.4748666286468506 - critic/advantages/min:-2.4748666286468506 - critic/returns/mean:-0.12630195915699005 - critic/returns/max:2.4748666286468506 - critic/returns/min:-2.4748666286468506 - response_length/mean:95.0 - response_length/max:423.0 - response_length/min:4.0 - response_length/clip_ratio:0.03125 - response_length_non_aborted/mean:95.0 - response_length_non_aborted/max:423.0 - response_length_non_aborted/min:4.0 - response_length_non_aborted/clip_ratio:0.03125 - response/aborted_ratio:0.0 - prompt_length/mean:117.5 - prompt_length/max:154.0 - prompt_length/min:83.0 - prompt_length/clip_ratio:0.25 - timing_s/gen:2.4126936870161444 - timing_s/old_log_prob:1.185143634036649 - timing_s/adv:0.23921904404414818 - timing_s/update_actor:2.149038504983764 - timing_s/update_weights:1.042274497973267 - timing_s/step:7.420671327039599 - timing_per_token_ms/adv:0.034213250006314096 - timing_per_token_ms/update_actor:0.30735676558692276 - timing_per_token_ms/gen:0.7693538542781073 - perf/total_num_tokens:6992 - perf/time_per_step:7.420671327039599 - perf/throughput:942.2328104631723 - training/num_turns/mean:np.float64(2.0) - training/num_turns/max:np.int64(2) - training/num_turns/min:np.int64(2) - training/off_policy/trajectory_spans/mean:np.float64(1.0) - training/off_policy/trajectory_spans/max:np.float64(1.0) - training/off_policy/trajectory_spans/min:np.float64(1.0) - training/off_policy/trajectory_staleness/mean:np.float64(0.0) - training/off_policy/trajectory_staleness/max:np.float64(0.0) - training/off_policy/trajectory_staleness/min:np.float64(0.0) - training/off_policy/trajectory_staleness_worst/mean:np.float64(0.0) - training/off_policy/trajectory_staleness_worst/max:np.float64(0.0) - training/off_policy/trajectory_staleness_worst/min:np.float64(0.0)
[36m(TaskRunnerV1 pid=859989)[0m step:124 - global_seqlen/min:6327 - global_seqlen/max:6327 - global_seqlen/minmax_diff:0 - global_seqlen/balanced_min:6327 - global_seqlen/balanced_max:6327 - global_seqlen/mean:6327.0 - actor/entropy:0.7720585465431213 - training/rollout_probs_diff_valid:1 - training/rollout_probs_diff_max:0.062372565269470215 - training/rollout_probs_diff_mean:0.0053571490570902824 - training/rollout_probs_diff_std:0.008992915973067284 - training/rollout_actor_probs_pearson_corr:0.9995569586753845 - rollout_corr/training_ppl:1.2976617813110352 - rollout_corr/training_log_ppl:0.16114163398742676 - rollout_corr/kl:0.0012844890588894486 - rollout_corr/k3_kl:0.000657040101941675 - rollout_corr/rollout_ppl:1.2956671714782715 - rollout_corr/rollout_log_ppl:0.159616619348526 - rollout_corr/log_ppl_diff:0.001525017200037837 - rollout_corr/log_ppl_abs_diff:0.002810149220749736 - rollout_corr/log_ppl_diff_max:0.03905138373374939 - rollout_corr/log_ppl_diff_min:-0.0452878475189209 - rollout_corr/ppl_ratio:1.0015593767166138 - rollout_corr/chi2_token:5.936622619628906e-05 - rollout_corr/chi2_seq:0.0011200904846191406 - actor/pg_clipfrac:np.float64(0.0) - actor/ppo_kl:np.float64(0.0) - actor/pg_clipfrac_lower:np.float64(0.0) - actor/pg_loss:np.float64(-0.1408766359090805) - actor/loss:np.float64(-0.1408766359090805) - actor/grad_norm:np.float64(0.20298336446285248) - actor/lr:np.float64(1e-06) - actor/perf/max_memory_allocated_gb:np.float64(19.48296880722046) - actor/perf/max_memory_reserved_gb:np.float64(32.388671875) - actor/perf/cpu_memory_used_gb:np.float64(32.44496536254883) - perf/mfu/actor:np.float64(0.038473975706722244) - training/global_step:124 - training/epoch:0 - critic/score/mean:0.1875 - critic/score/max:1.0 - critic/score/min:0.0 - critic/rewards/mean:0.1875 - critic/rewards/max:1.0 - critic/rewards/min:0.0 - critic/advantages/mean:0.14087672531604767 - critic/advantages/max:1.6201815605163574 - critic/advantages/min:-0.5400605201721191 - critic/returns/mean:0.14087672531604767 - critic/returns/max:1.6201815605163574 - critic/returns/min:-0.5400605201721191 - response_length/mean:84.21875 - response_length/max:512.0 - response_length/min:4.0 - response_length/clip_ratio:0.03125 - response_length_non_aborted/mean:84.21875 - response_length_non_aborted/max:512.0 - response_length_non_aborted/min:4.0 - response_length_non_aborted/clip_ratio:0.03125 - response/aborted_ratio:0.0 - prompt_length/mean:107.5 - prompt_length/max:112.0 - prompt_length/min:101.0 - prompt_length/clip_ratio:0.5 - timing_s/gen:4.408875687979162 - timing_s/old_log_prob:1.121117321017664 - timing_s/adv:0.24456306302454323 - timing_s/update_actor:2.0775795339723118 - timing_s/update_weights:1.052787107997574 - timing_s/step:9.303859984967858 - timing_per_token_ms/adv:0.038653874351911366 - timing_per_token_ms/update_actor:0.32836724102612797 - timing_per_token_ms/gen:1.5796759899602872 - perf/total_num_tokens:6327 - perf/time_per_step:9.303859984967858 - perf/throughput:680.0403284467375 - training/num_turns/mean:np.float64(2.0) - training/num_turns/max:np.int64(2) - training/num_turns/min:np.int64(2) - training/off_policy/trajectory_spans/mean:np.float64(1.0) - training/off_policy/trajectory_spans/max:np.float64(1.0) - training/off_policy/trajectory_spans/min:np.float64(1.0) - training/off_policy/trajectory_staleness/mean:np.float64(0.0) - training/off_policy/trajectory_staleness/max:np.float64(0.0) - training/off_policy/trajectory_staleness/min:np.float64(0.0) - training/off_policy/trajectory_staleness_worst/mean:np.float64(0.0) - training/off_policy/trajectory_staleness_worst/max:np.float64(0.0) - training/off_policy/trajectory_staleness_worst/min:np.float64(0.0)[36m(TaskRunnerV1 pid=859989)[0m INFO:2026-07-05 02:18:41,588:Saving checkpoint to /data2/hjk/checkpoints/verl_qwen3vl/mathverse_text_qwen25_1p5b_grpo_answer_a0_clean_rerun512_seed43/global_step_125
[36m(WorkerDict pid=861242)[0m INFO:2026-07-05 02:18:49,814:[Rank 0] Saved model to /data2/hjk/checkpoints/verl_qwen3vl/mathverse_text_qwen25_1p5b_grpo_answer_a0_clean_rerun512_seed43/global_step_125/actor/model_world_size_1_rank_0.pt
[36m(WorkerDict pid=861242)[0m INFO:2026-07-05 02:18:49,930:[Rank 0] Saved optim to /data2/hjk/checkpoints/verl_qwen3vl/mathverse_text_qwen25_1p5b_grpo_answer_a0_clean_rerun512_seed43/global_step_125/actor/optim_world_size_1_rank_0.pt
[36m(WorkerDict pid=861242)[0m INFO:2026-07-05 02:18:49,931:[Rank 0] Saved extra_state to /data2/hjk/checkpoints/verl_qwen3vl/mathverse_text_qwen25_1p5b_grpo_answer_a0_clean_rerun512_seed43/global_step_125/actor/extra_state_world_size_1_rank_0.pt
[36m(WorkerDict pid=861242)[0m INFO:2026-07-05 02:18:50,090:[Rank 0] Saved model config and tokenizer class to /data2/hjk/checkpoints/verl_qwen3vl/mathverse_text_qwen25_1p5b_grpo_answer_a0_clean_rerun512_seed43/global_step_125/actor/huggingface
[36m(WorkerDict pid=861242)[0m INFO:2026-07-05 02:18:50,091:[Rank 0] Saved LoRA rank/alpha metadata to /data2/hjk/checkpoints/verl_qwen3vl/mathverse_text_qwen25_1p5b_grpo_answer_a0_clean_rerun512_seed43/global_step_125/actor/lora_train_meta.json
[36m(WorkerDict pid=861242)[0m INFO:2026-07-05 02:18:50,964:update_weights done, time cost: 0.40s

[36m(TaskRunnerV1 pid=859989)[0m Dumped generations to /data2/hjk/projects/AI-HiddenState-ER/rl_audit/mathverse_text_qwen25_1p5b_grpo_answer_a0_clean_rerun512_seed43/validation_generations/125.jsonl
[36m(TaskRunnerV1 pid=859989)[0m Training Progress: 100%|██████████| 125/125 [19:45<00:00, 12.64s/it]Training Progress: 100%|██████████| 125/125 [19:45<00:00,  9.49s/it]
[36m(TaskRunnerV1 pid=859989)[0m step:125 - global_seqlen/min:6371 - global_seqlen/max:6371 - global_seqlen/minmax_diff:0 - global_seqlen/balanced_min:6371 - global_seqlen/balanced_max:6371 - global_seqlen/mean:6371.0 - actor/entropy:0.7514657974243164 - training/rollout_probs_diff_valid:1 - training/rollout_probs_diff_max:0.06377026438713074 - training/rollout_probs_diff_mean:0.004727578721940517 - training/rollout_probs_diff_std:0.008390243165194988 - training/rollout_actor_probs_pearson_corr:0.9996386766433716 - rollout_corr/training_ppl:1.2002540826797485 - rollout_corr/training_log_ppl:0.1291867196559906 - rollout_corr/kl:0.0001682341971900314 - rollout_corr/k3_kl:0.0006942897452972829 - rollout_corr/rollout_ppl:1.2019529342651367 - rollout_corr/rollout_log_ppl:0.13035617768764496 - rollout_corr/log_ppl_diff:-0.0011694403365254402 - rollout_corr/log_ppl_abs_diff:0.0023326051887124777 - rollout_corr/log_ppl_diff_max:0.01824396848678589 - rollout_corr/log_ppl_diff_min:-0.03553563356399536 - rollout_corr/ppl_ratio:0.9988507032394409 - rollout_corr/chi2_token:0.0024394989013671875 - rollout_corr/chi2_seq:0.1386803388595581 - actor/pg_clipfrac:np.float64(0.0) - actor/ppo_kl:np.float64(0.0) - actor/pg_clipfrac_lower:np.float64(0.0) - actor/pg_loss:np.float64(0.024092845618724823) - actor/loss:np.float64(0.024092845618724823) - actor/grad_norm:np.float64(0.23741504549980164) - actor/lr:np.float64(1e-06) - actor/perf/max_memory_allocated_gb:np.float64(19.48296880722046) - actor/perf/max_memory_reserved_gb:np.float64(32.388671875) - actor/perf/cpu_memory_used_gb:np.float64(32.450477600097656) - perf/mfu/actor:np.float64(0.03883630197136116) - val-aux/MathVerseTextA0Clean/reward/mean@1:np.float64(0.453125) - val-core/MathVerseTextA0Clean/acc/mean@1:np.float64(0.453125) - val-aux/num_turns/min:np.int64(2) - val-aux/num_turns/max:np.int64(2) - val-aux/num_turns/mean:np.float64(2.0) - training/global_step:125 - training/epoch:0 - critic/score/mean:0.1875 - critic/score/max:1.0 - critic/score/min:0.0 - critic/rewards/mean:0.1875 - critic/rewards/max:1.0 - critic/rewards/min:0.0 - critic/advantages/mean:-0.02409285120666027 - critic/advantages/max:2.4748666286468506 - critic/advantages/min:-0.7245674133300781 - critic/returns/mean:-0.02409285120666027 - critic/returns/max:2.4748666286468506 - critic/returns/min:-0.7245674133300781 - response_length/mean:82.34375 - response_length/max:363.0 - response_length/min:4.0 - response_length/clip_ratio:0.03125 - response_length_non_aborted/mean:82.34375 - response_length_non_aborted/max:363.0 - response_length_non_aborted/min:4.0 - response_length_non_aborted/clip_ratio:0.03125 - response/aborted_ratio:0.0 - prompt_length/mean:110.75 - prompt_length/max:133.0 - prompt_length/min:103.0 - prompt_length/clip_ratio:0.25 - timing_s/gen:2.4352463980321772 - timing_s/old_log_prob:1.1551711479551159 - timing_s/adv:0.23950395500287414 - timing_s/update_actor:2.069196441967506 - timing_s/save_checkpoint:8.51596408203477 - timing_s/update_weights:1.0681967740529217 - timing_s/step:15.884036380972248 - timing_s/testing:4.806348774989601 - timing_per_token_ms/adv:0.03759283550508148 - timing_per_token_ms/update_actor:0.32478361983479925 - timing_per_token_ms/gen:0.8917050157569305 - perf/total_num_tokens:6371 - perf/time_per_step:15.884036380972248 - perf/throughput:401.09452328074036 - training/num_turns/mean:np.float64(2.0) - training/num_turns/max:np.int64(2) - training/num_turns/min:np.int64(2) - training/off_policy/trajectory_spans/mean:np.float64(1.0) - training/off_policy/trajectory_spans/max:np.float64(1.0) - training/off_policy/trajectory_spans/min:np.float64(1.0) - training/off_policy/trajectory_staleness/mean:np.float64(0.0) - training/off_policy/trajectory_staleness/max:np.float64(0.0) - training/off_policy/trajectory_staleness/min:np.float64(0.0) - training/off_policy/trajectory_staleness_worst/mean:np.float64(0.0) - training/off_policy/trajectory_staleness_worst/max:np.float64(0.0) - training/off_policy/trajectory_staleness_worst/min:np.float64(0.0)
[36m(TaskRunnerV1 pid=859989)[0m ("Final validation metrics: {'val-aux/MathVerseTextA0Clean/reward/mean@1': "
[36m(TaskRunnerV1 pid=859989)[0m  "np.float64(0.453125), 'val-core/MathVerseTextA0Clean/acc/mean@1': "
[36m(TaskRunnerV1 pid=859989)[0m  "np.float64(0.453125), 'val-aux/num_turns/min': np.int64(2), "
[36m(TaskRunnerV1 pid=859989)[0m  "'val-aux/num_turns/max': np.int64(2), 'val-aux/num_turns/mean': "
[36m(TaskRunnerV1 pid=859989)[0m  'np.float64(2.0)}')
+ status=0
+ echo A0_CLEAN_RERUN512_EXIT_CODE=0
A0_CLEAN_RERUN512_EXIT_CODE=0
+ df -h / /data2
Filesystem      Size  Used Avail Use% Mounted on
/dev/sda3       434G   99G  313G  24% /
/dev/nvme1n1p1  7.0T  143G  6.5T   3% /data2
+ exit 0
