+ python --version
Python 3.11.15
+ df -h / /data2
Filesystem      Size  Used Avail Use% Mounted on
/dev/sda3       434G   99G  313G  24% /
/dev/nvme1n1p1  7.0T  130G  6.5T   2% /data2
+ nvidia-smi
Sun Jul  5 01:34:39 2026       
+-----------------------------------------------------------------------------------------+
| NVIDIA-SMI 580.95.05              Driver Version: 580.95.05      CUDA Version: 13.0     |
+-----------------------------------------+------------------------+----------------------+
| GPU  Name                 Persistence-M | Bus-Id          Disp.A | Volatile Uncorr. ECC |
| Fan  Temp   Perf          Pwr:Usage/Cap |           Memory-Usage | GPU-Util  Compute M. |
|                                         |                        |               MIG M. |
|=========================================+========================+======================|
|   0  NVIDIA H200                    Off |   00000000:C0:00.0 Off |                    0 |
| N/A   42C    P0            206W /  700W |       0MiB / 143771MiB |      0%      Default |
|                                         |                        |             Disabled |
+-----------------------------------------+------------------------+----------------------+

+-----------------------------------------------------------------------------------------+
| Processes:                                                                              |
|  GPU   GI   CI              PID   Type   Process name                        GPU Memory |
|        ID   ID                                                               Usage      |
|=========================================================================================|
|  No running processes found                                                             |
+-----------------------------------------------------------------------------------------+
+ ls -lh /data2/hjk/projects/AI-HiddenState-ER/rl_data/mathverse_text_a0_clean_qwen25_500/mathverse_text_a0_clean_train.parquet /data2/hjk/projects/AI-HiddenState-ER/rl_data/mathverse_text_a0_clean_qwen25_500/mathverse_text_a0_clean_val.parquet
-rw-rw-r-- 1 hjk hjk 49K Jul  5 00:03 /data2/hjk/projects/AI-HiddenState-ER/rl_data/mathverse_text_a0_clean_qwen25_500/mathverse_text_a0_clean_train.parquet
-rw-rw-r-- 1 hjk hjk 19K Jul  5 00:03 /data2/hjk/projects/AI-HiddenState-ER/rl_data/mathverse_text_a0_clean_qwen25_500/mathverse_text_a0_clean_val.parquet
+ echo RUN_NAME=mathverse_text_qwen25_1p5b_grpo_answer_a0_clean_rerun512_seed42
RUN_NAME=mathverse_text_qwen25_1p5b_grpo_answer_a0_clean_rerun512_seed42
+ echo SEED=42
SEED=42
+ echo MAX_RESPONSE_LENGTH=512
MAX_RESPONSE_LENGTH=512
+ echo VALIDATION_DATA_DIR=/data2/hjk/projects/AI-HiddenState-ER/rl_audit/mathverse_text_qwen25_1p5b_grpo_answer_a0_clean_rerun512_seed42/validation_generations
VALIDATION_DATA_DIR=/data2/hjk/projects/AI-HiddenState-ER/rl_audit/mathverse_text_qwen25_1p5b_grpo_answer_a0_clean_rerun512_seed42/validation_generations
+ cd /data2/hjk/projects/verl
+ DEVICE=gpu
+ INFER_BACKEND=vllm
+ MODEL_PATH=/data2/hjk/models/huggingface/hub/models--Qwen--Qwen2.5-1.5B-Instruct/snapshots/989aa7980e4cf806f80c7fef2b1adb7bc71aa306
+ NGPUS_PER_NODE=1
+ NNODES=1
+ TRAIN_BATCH_SIZE=4
+ PPO_MINI_BATCH_SIZE=16
+ MAX_PROMPT_LENGTH=2048
+ MAX_RESPONSE_LENGTH=512
+ PPO_MAX_TOKEN_LEN_PER_GPU=32768
+ ROLLOUT_TP=1
+ ROLLOUT_N=8
+ ROLLOUT_GPU_MEM_UTIL=0.35
+ TOTAL_EPOCHS=1
+ SAVE_FREQ=125
+ TEST_FREQ=25
+ PROJECT_NAME=mathverse_text_grpo_answer
+ EXPERIMENT_NAME=mathverse_text_qwen25_1p5b_grpo_answer_a0_clean_rerun512_seed42
+ bash examples/grpo_trainer/run_qwen3_8b_fsdp.sh data.train_files=/data2/hjk/projects/AI-HiddenState-ER/rl_data/mathverse_text_a0_clean_qwen25_500/mathverse_text_a0_clean_train.parquet data.val_files=/data2/hjk/projects/AI-HiddenState-ER/rl_data/mathverse_text_a0_clean_qwen25_500/mathverse_text_a0_clean_val.parquet data.dataloader_num_workers=0 data.shuffle=True data.seed=42 'trainer.logger=["console"]' trainer.total_training_steps=125 trainer.val_before_train=True trainer.default_local_dir=/data2/hjk/checkpoints/verl_qwen3vl/mathverse_text_qwen25_1p5b_grpo_answer_a0_clean_rerun512_seed42 trainer.log_val_generations=128 trainer.validation_data_dir=/data2/hjk/projects/AI-HiddenState-ER/rl_audit/mathverse_text_qwen25_1p5b_grpo_answer_a0_clean_rerun512_seed42/validation_generations reward.num_workers=1 reward.custom_reward_function.path=/data2/hjk/projects/AI-HiddenState-ER/scripts/mathverse_answer_reward.py reward.custom_reward_function.name=compute_score actor_rollout_ref.model.use_fused_kernels=False +actor_rollout_ref.model.override_config.attn_implementation=sdpa actor_rollout_ref.model.lora_rank=8 actor_rollout_ref.model.lora_alpha=16 'actor_rollout_ref.model.target_modules=["q_proj","k_proj","v_proj","o_proj","gate_proj","up_proj","down_proj"]' actor_rollout_ref.rollout.temperature=1.0 actor_rollout_ref.rollout.top_p=1.0 actor_rollout_ref.rollout.top_k=-1 actor_rollout_ref.rollout.do_sample=True actor_rollout_ref.rollout.seed=42 actor_rollout_ref.actor.data_loader_seed=42 actor_rollout_ref.actor.fsdp_config.seed=42 actor_rollout_ref.ref.fsdp_config.seed=42 algorithm.use_kl_in_reward=False actor_rollout_ref.actor.use_kl_loss=False data.filter_overlong_prompts=True data.truncation=error
+ DEVICE=gpu
+ INFER_BACKEND=vllm
+ MACHINE=
+ MODEL_PATH=/data2/hjk/models/huggingface/hub/models--Qwen--Qwen2.5-1.5B-Instruct/snapshots/989aa7980e4cf806f80c7fef2b1adb7bc71aa306
+ NNODES=1
+ NGPUS_PER_NODE=1
+ NPUS_PER_NODE=
+ train_batch_size=4
+ ppo_mini_batch_size=16
+ max_prompt_length=2048
+ max_response_length=512
+ ppo_max_token_len_per_gpu=32768
+ actor_lr=1e-6
+ kl_loss_coef=0.001
+ entropy_coeff=0
+ rollout_tp=1
+ rollout_gpu_mem_util=0.35
+ rollout_n=8
+ sp_size=1
+ total_epochs=1
+ save_freq=125
+ test_freq=25
+ PROJECT_NAME=mathverse_text_grpo_answer
+ EXPERIMENT_NAME=mathverse_text_qwen25_1p5b_grpo_answer_a0_clean_rerun512_seed42
+ case "${DEVICE}" in
+ '[' gpu = npu ']'
+ EXTRA=()
+ case "${DEVICE}" in
+ actor_param_offload=False
+ actor_optimizer_offload=False
+ rollout_tp=1
+ rollout_gpu_mem_util=0.35
+ case "${MACHINE}" in
+ NGPUS_PER_NODE=1
+ n_trainer_devices=1
+ DATA=(algorithm.adv_estimator=grpo algorithm.use_kl_in_reward=False data.train_files="['$HOME/data/gsm8k/train.parquet', '$HOME/data/math/train.parquet']" data.val_files="['$HOME/data/gsm8k/test.parquet', '$HOME/data/math/test.parquet']" data.train_batch_size=${train_batch_size} data.max_prompt_length=${max_prompt_length} data.max_response_length=${max_response_length} data.filter_overlong_prompts=True data.truncation='error')
+ MODEL=(actor_rollout_ref.model.path="$MODEL_PATH" actor_rollout_ref.model.use_remove_padding=True actor_rollout_ref.model.enable_gradient_checkpointing=True)
+ ACTOR=(actor_rollout_ref.actor.optim.lr=${actor_lr} actor_rollout_ref.actor.ppo_mini_batch_size=${ppo_mini_batch_size} actor_rollout_ref.actor.use_dynamic_bsz=True actor_rollout_ref.actor.ppo_max_token_len_per_gpu=${ppo_max_token_len_per_gpu} actor_rollout_ref.actor.use_kl_loss=True actor_rollout_ref.actor.kl_loss_coef=${kl_loss_coef} actor_rollout_ref.actor.kl_loss_type=low_var_kl actor_rollout_ref.actor.entropy_coeff=${entropy_coeff} actor_rollout_ref.actor.fsdp_config.param_offload=${actor_param_offload} actor_rollout_ref.actor.fsdp_config.optimizer_offload=${actor_optimizer_offload})
+ ROLLOUT=(actor_rollout_ref.rollout.name=${INFER_BACKEND} actor_rollout_ref.rollout.tensor_model_parallel_size=${rollout_tp} actor_rollout_ref.rollout.gpu_memory_utilization=${rollout_gpu_mem_util} actor_rollout_ref.rollout.n=${rollout_n} actor_rollout_ref.rollout.log_prob_use_dynamic_bsz=True actor_rollout_ref.rollout.log_prob_max_token_len_per_gpu=${ppo_max_token_len_per_gpu})
+ REF=(actor_rollout_ref.ref.log_prob_use_dynamic_bsz=True actor_rollout_ref.ref.log_prob_max_token_len_per_gpu=${ppo_max_token_len_per_gpu} actor_rollout_ref.ref.fsdp_config.param_offload=True)
+ TRAINER=(trainer.balance_batch=True trainer.logger='["console","wandb"]' trainer.project_name=${PROJECT_NAME} trainer.experiment_name=${EXPERIMENT_NAME} trainer.n_gpus_per_node=${n_trainer_devices} trainer.nnodes=${NNODES} trainer.save_freq=${save_freq} trainer.test_freq=${test_freq} trainer.total_epochs=${total_epochs})
+ python3 -m verl.trainer.main_ppo algorithm.adv_estimator=grpo algorithm.use_kl_in_reward=False 'data.train_files=['\''/home/hjk/data/gsm8k/train.parquet'\'', '\''/home/hjk/data/math/train.parquet'\'']' 'data.val_files=['\''/home/hjk/data/gsm8k/test.parquet'\'', '\''/home/hjk/data/math/test.parquet'\'']' data.train_batch_size=4 data.max_prompt_length=2048 data.max_response_length=512 data.filter_overlong_prompts=True data.truncation=error actor_rollout_ref.model.path=/data2/hjk/models/huggingface/hub/models--Qwen--Qwen2.5-1.5B-Instruct/snapshots/989aa7980e4cf806f80c7fef2b1adb7bc71aa306 actor_rollout_ref.model.use_remove_padding=True actor_rollout_ref.model.enable_gradient_checkpointing=True actor_rollout_ref.actor.optim.lr=1e-6 actor_rollout_ref.actor.ppo_mini_batch_size=16 actor_rollout_ref.actor.use_dynamic_bsz=True actor_rollout_ref.actor.ppo_max_token_len_per_gpu=32768 actor_rollout_ref.actor.use_kl_loss=True actor_rollout_ref.actor.kl_loss_coef=0.001 actor_rollout_ref.actor.kl_loss_type=low_var_kl actor_rollout_ref.actor.entropy_coeff=0 actor_rollout_ref.actor.fsdp_config.param_offload=False actor_rollout_ref.actor.fsdp_config.optimizer_offload=False actor_rollout_ref.rollout.name=vllm actor_rollout_ref.rollout.tensor_model_parallel_size=1 actor_rollout_ref.rollout.gpu_memory_utilization=0.35 actor_rollout_ref.rollout.n=8 actor_rollout_ref.rollout.log_prob_use_dynamic_bsz=True actor_rollout_ref.rollout.log_prob_max_token_len_per_gpu=32768 actor_rollout_ref.ref.log_prob_use_dynamic_bsz=True actor_rollout_ref.ref.log_prob_max_token_len_per_gpu=32768 actor_rollout_ref.ref.fsdp_config.param_offload=True trainer.balance_batch=True 'trainer.logger=["console","wandb"]' trainer.project_name=mathverse_text_grpo_answer trainer.experiment_name=mathverse_text_qwen25_1p5b_grpo_answer_a0_clean_rerun512_seed42 trainer.n_gpus_per_node=1 trainer.nnodes=1 trainer.save_freq=125 trainer.test_freq=25 trainer.total_epochs=1 data.train_files=/data2/hjk/projects/AI-HiddenState-ER/rl_data/mathverse_text_a0_clean_qwen25_500/mathverse_text_a0_clean_train.parquet data.val_files=/data2/hjk/projects/AI-HiddenState-ER/rl_data/mathverse_text_a0_clean_qwen25_500/mathverse_text_a0_clean_val.parquet data.dataloader_num_workers=0 data.shuffle=True data.seed=42 'trainer.logger=["console"]' trainer.total_training_steps=125 trainer.val_before_train=True trainer.default_local_dir=/data2/hjk/checkpoints/verl_qwen3vl/mathverse_text_qwen25_1p5b_grpo_answer_a0_clean_rerun512_seed42 trainer.log_val_generations=128 trainer.validation_data_dir=/data2/hjk/projects/AI-HiddenState-ER/rl_audit/mathverse_text_qwen25_1p5b_grpo_answer_a0_clean_rerun512_seed42/validation_generations reward.num_workers=1 reward.custom_reward_function.path=/data2/hjk/projects/AI-HiddenState-ER/scripts/mathverse_answer_reward.py reward.custom_reward_function.name=compute_score actor_rollout_ref.model.use_fused_kernels=False +actor_rollout_ref.model.override_config.attn_implementation=sdpa actor_rollout_ref.model.lora_rank=8 actor_rollout_ref.model.lora_alpha=16 'actor_rollout_ref.model.target_modules=["q_proj","k_proj","v_proj","o_proj","gate_proj","up_proj","down_proj"]' actor_rollout_ref.rollout.temperature=1.0 actor_rollout_ref.rollout.top_p=1.0 actor_rollout_ref.rollout.top_k=-1 actor_rollout_ref.rollout.do_sample=True actor_rollout_ref.rollout.seed=42 actor_rollout_ref.actor.data_loader_seed=42 actor_rollout_ref.actor.fsdp_config.seed=42 actor_rollout_ref.ref.fsdp_config.seed=42 algorithm.use_kl_in_reward=False actor_rollout_ref.actor.use_kl_loss=False data.filter_overlong_prompts=True data.truncation=error
/data2/hjk/envs/verl_qwen3vl_py311/lib/python3.11/site-packages/transformers/utils/hub.py:110: FutureWarning: Using `TRANSFORMERS_CACHE` is deprecated and will be removed in v5 of Transformers. Use `HF_HOME` instead.
  warnings.warn(
/data2/hjk/projects/verl/verl/trainer/main_ppo.py:167: UserWarning: Disabled critic as algorithm.adv_estimator != gae. If it is not intended, please set critic.enable=True
  use_critic=need_critic(config),
INFO 07-05 01:34:46 [__init__.py:216] Automatically detected platform cuda.
2026-07-05 01:34:54,596	INFO worker.py:2015 -- Started a local Ray instance. View the dashboard at [1m[32mhttp://127.0.0.1:8265 [39m[22m
[36m(pid=761016)[0m /data2/hjk/envs/verl_qwen3vl_py311/lib/python3.11/site-packages/transformers/utils/hub.py:110: FutureWarning: Using `TRANSFORMERS_CACHE` is deprecated and will be removed in v5 of Transformers. Use `HF_HOME` instead.
[36m(pid=761016)[0m   warnings.warn(
[36m(TaskRunnerV1 pid=761016)[0m /data2/hjk/projects/verl/verl/workers/engine/mindspeed/transformer_impl.py:24: UserWarning: NPU not support router replay for now.
[36m(TaskRunnerV1 pid=761016)[0m   from verl.utils.megatron.router_replay_patch import RouterReplay
[validate_config] All configuration checks passed successfully!
ray init kwargs: {'num_cpus': None, 'runtime_env': {'env_vars': {'NCCL_DEBUG': 'WARN', 'VLLM_LOGGING_LEVEL': 'WARN', 'VLLM_ALLOW_RUNTIME_LORA_UPDATING': 'true', 'CUDA_DEVICE_MAX_CONNECTIONS': '1', 'VLLM_DISABLE_COMPILE_CACHE': '1', 'HCCL_HOST_SOCKET_PORT_RANGE': 'auto', 'HCCL_NPU_SOCKET_PORT_RANGE': 'auto', 'HSA_NO_SCRATCH_RECLAIM': '1', 'PYTHONHASHSEED': '0', 'VERL_FULL_DETERMINISM': '0', 'VLLM_BATCH_INVARIANT': '0'}, 'working_dir': None}}
[36m(TaskRunnerV1 pid=761016)[0m {'actor_rollout_ref': {'actor': {'_target_': 'verl.workers.config.FSDPActorConfig',
[36m(TaskRunnerV1 pid=761016)[0m                                  'calculate_entropy': False,
[36m(TaskRunnerV1 pid=761016)[0m                                  'calculate_sum_pi_squared': False,
[36m(TaskRunnerV1 pid=761016)[0m                                  'checkpoint': {'_target_': 'verl.trainer.config.CheckpointConfig',
[36m(TaskRunnerV1 pid=761016)[0m                                                 'async_save': False,
[36m(TaskRunnerV1 pid=761016)[0m                                                 'load_contents': ['model',
[36m(TaskRunnerV1 pid=761016)[0m                                                                   'optimizer',
[36m(TaskRunnerV1 pid=761016)[0m                                                                   'extra'],
[36m(TaskRunnerV1 pid=761016)[0m                                                 'save_contents': ['model',
[36m(TaskRunnerV1 pid=761016)[0m                                                                   'optimizer',
[36m(TaskRunnerV1 pid=761016)[0m                                                                   'extra'],
[36m(TaskRunnerV1 pid=761016)[0m                                                 'strict': True},
[36m(TaskRunnerV1 pid=761016)[0m                                  'clip_ratio': 0.2,
[36m(TaskRunnerV1 pid=761016)[0m                                  'clip_ratio_c': 3.0,
[36m(TaskRunnerV1 pid=761016)[0m                                  'clip_ratio_high': 0.2,
[36m(TaskRunnerV1 pid=761016)[0m                                  'clip_ratio_low': 0.2,
[36m(TaskRunnerV1 pid=761016)[0m                                  'data_loader_seed': 42,
[36m(TaskRunnerV1 pid=761016)[0m                                  'entropy_checkpointing': False,
[36m(TaskRunnerV1 pid=761016)[0m                                  'entropy_coeff': 0,
[36m(TaskRunnerV1 pid=761016)[0m                                  'entropy_from_logits_chunk_size': 2048,
[36m(TaskRunnerV1 pid=761016)[0m                                  'entropy_from_logits_with_chunking': False,
[36m(TaskRunnerV1 pid=761016)[0m                                  'freeze_vision_tower': False,
[36m(TaskRunnerV1 pid=761016)[0m                                  'fsdp_config': {'_target_': 'verl.workers.config.FSDPEngineConfig',
[36m(TaskRunnerV1 pid=761016)[0m                                                  'dtype': 'bfloat16',
[36m(TaskRunnerV1 pid=761016)[0m                                                  'entropy_checkpointing': False,
[36m(TaskRunnerV1 pid=761016)[0m                                                  'entropy_from_logits_chunk_size': 2048,
[36m(TaskRunnerV1 pid=761016)[0m                                                  'entropy_from_logits_with_chunking': False,
[36m(TaskRunnerV1 pid=761016)[0m                                                  'forward_only': False,
[36m(TaskRunnerV1 pid=761016)[0m                                                  'forward_prefetch': False,
[36m(TaskRunnerV1 pid=761016)[0m                                                  'fsdp_size': -1,
[36m(TaskRunnerV1 pid=761016)[0m                                                  'full_determinism': False,
[36m(TaskRunnerV1 pid=761016)[0m                                                  'model_dtype': 'fp32',
[36m(TaskRunnerV1 pid=761016)[0m                                                  'offload_policy': False,
[36m(TaskRunnerV1 pid=761016)[0m                                                  'optimizer_offload': False,
[36m(TaskRunnerV1 pid=761016)[0m                                                  'param_offload': False,
[36m(TaskRunnerV1 pid=761016)[0m                                                  'qat': {'_target_': 'verl.workers.config.QATEngineConfig',
[36m(TaskRunnerV1 pid=761016)[0m                                                          'activation_observer': 'static_minmax',
[36m(TaskRunnerV1 pid=761016)[0m                                                          'enable': False,
[36m(TaskRunnerV1 pid=761016)[0m                                                          'group_size': 16,
[36m(TaskRunnerV1 pid=761016)[0m                                                          'ignore_patterns': ['lm_head',
[36m(TaskRunnerV1 pid=761016)[0m                                                                              'embed_tokens',
[36m(TaskRunnerV1 pid=761016)[0m                                                                              're:.*mlp.gate$'],
[36m(TaskRunnerV1 pid=761016)[0m                                                          'mode': 'w4a16',
[36m(TaskRunnerV1 pid=761016)[0m                                                          'quantization_config_path': None},
[36m(TaskRunnerV1 pid=761016)[0m                                                  'reshard_after_forward': True,
[36m(TaskRunnerV1 pid=761016)[0m                                                  'seed': 42,
[36m(TaskRunnerV1 pid=761016)[0m                                                  'strategy': 'fsdp',
[36m(TaskRunnerV1 pid=761016)[0m                                                  'ulysses_sequence_parallel_size': 1,
[36m(TaskRunnerV1 pid=761016)[0m                                                  'use_orig_params': False,
[36m(TaskRunnerV1 pid=761016)[0m                                                  'use_torch_compile': True,
[36m(TaskRunnerV1 pid=761016)[0m                                                  'wrap_policy': {'min_num_params': 0}},
[36m(TaskRunnerV1 pid=761016)[0m                                  'grad_clip': 1.0,
[36m(TaskRunnerV1 pid=761016)[0m                                  'kl_loss_coef': 0.001,
[36m(TaskRunnerV1 pid=761016)[0m                                  'kl_loss_type': 'low_var_kl',
[36m(TaskRunnerV1 pid=761016)[0m                                  'loss_agg_mode': 'token-mean',
[36m(TaskRunnerV1 pid=761016)[0m                                  'loss_scale_factor': None,
[36m(TaskRunnerV1 pid=761016)[0m                                  'optim': {'_target_': 'verl.workers.config.FSDPOptimizerConfig',
[36m(TaskRunnerV1 pid=761016)[0m                                            'betas': [0.9, 0.999],
[36m(TaskRunnerV1 pid=761016)[0m                                            'clip_grad': 1.0,
[36m(TaskRunnerV1 pid=761016)[0m                                            'lr': 1e-06,
[36m(TaskRunnerV1 pid=761016)[0m                                            'lr_scheduler_type': 'constant',
[36m(TaskRunnerV1 pid=761016)[0m                                            'lr_warmup_steps': -1,
[36m(TaskRunnerV1 pid=761016)[0m                                            'lr_warmup_steps_ratio': 0.0,
[36m(TaskRunnerV1 pid=761016)[0m                                            'min_lr_ratio': 0.0,
[36m(TaskRunnerV1 pid=761016)[0m                                            'num_cycles': 0.5,
[36m(TaskRunnerV1 pid=761016)[0m                                            'optimizer': 'AdamW',
[36m(TaskRunnerV1 pid=761016)[0m                                            'optimizer_impl': 'torch.optim',
[36m(TaskRunnerV1 pid=761016)[0m                                            'override_optimizer_config': None,
[36m(TaskRunnerV1 pid=761016)[0m                                            'total_training_steps': -1,
[36m(TaskRunnerV1 pid=761016)[0m                                            'warmup_style': None,
[36m(TaskRunnerV1 pid=761016)[0m                                            'weight_decay': 0.01,
[36m(TaskRunnerV1 pid=761016)[0m                                            'zero_indexed_step': True},
[36m(TaskRunnerV1 pid=761016)[0m                                  'policy_loss': {'_target_': 'verl.workers.config.PolicyLossConfig',
[36m(TaskRunnerV1 pid=761016)[0m                                                  'clip_cov_lb': 1.0,
[36m(TaskRunnerV1 pid=761016)[0m                                                  'clip_cov_ratio': 0.0002,
[36m(TaskRunnerV1 pid=761016)[0m                                                  'clip_cov_ub': 5.0,
[36m(TaskRunnerV1 pid=761016)[0m                                                  'kl_cov_ratio': 0.0002,
[36m(TaskRunnerV1 pid=761016)[0m                                                  'loss_mode': 'vanilla',
[36m(TaskRunnerV1 pid=761016)[0m                                                  'ppo_kl_coef': 0.1},
[36m(TaskRunnerV1 pid=761016)[0m                                  'ppo_epochs': 1,
[36m(TaskRunnerV1 pid=761016)[0m                                  'ppo_max_token_len_per_gpu': 32768,
[36m(TaskRunnerV1 pid=761016)[0m                                  'ppo_micro_batch_size': None,
[36m(TaskRunnerV1 pid=761016)[0m                                  'ppo_micro_batch_size_per_gpu': None,
[36m(TaskRunnerV1 pid=761016)[0m                                  'ppo_mini_batch_size': 16,
[36m(TaskRunnerV1 pid=761016)[0m                                  'profiler': {'_target_': 'verl.utils.profiler.ProfilerConfig',
[36m(TaskRunnerV1 pid=761016)[0m                                               'all_ranks': False,
[36m(TaskRunnerV1 pid=761016)[0m                                               'enable': False,
[36m(TaskRunnerV1 pid=761016)[0m                                               'ranks': [],
[36m(TaskRunnerV1 pid=761016)[0m                                               'save_path': 'outputs/profile',
[36m(TaskRunnerV1 pid=761016)[0m                                               'tool': None,
[36m(TaskRunnerV1 pid=761016)[0m                                               'tool_config': {'npu': {'_target_': 'verl.utils.profiler.config.NPUToolConfig',
[36m(TaskRunnerV1 pid=761016)[0m                                                                       'analysis': True,
[36m(TaskRunnerV1 pid=761016)[0m                                                                       'contents': [],
[36m(TaskRunnerV1 pid=761016)[0m                                                                       'discrete': False,
[36m(TaskRunnerV1 pid=761016)[0m                                                                       'level': 'level0'},
[36m(TaskRunnerV1 pid=761016)[0m                                                               'nsys': {'_target_': 'verl.utils.profiler.config.NsightToolConfig',
[36m(TaskRunnerV1 pid=761016)[0m                                                                        'discrete': False},
[36m(TaskRunnerV1 pid=761016)[0m                                                               'precision_debugger': {'_target_': 'verl.utils.profiler.config.PrecisionDebuggerToolConfig',
[36m(TaskRunnerV1 pid=761016)[0m                                                                                      'config_path': None,
[36m(TaskRunnerV1 pid=761016)[0m                                                                                      'stages': None,
[36m(TaskRunnerV1 pid=761016)[0m                                                                                      'steps': None,
[36m(TaskRunnerV1 pid=761016)[0m                                                                                      'strict': False},
[36m(TaskRunnerV1 pid=761016)[0m                                                               'torch': {'_target_': 'verl.utils.profiler.config.TorchProfilerToolConfig',
[36m(TaskRunnerV1 pid=761016)[0m                                                                         'contents': [],
[36m(TaskRunnerV1 pid=761016)[0m                                                                         'discrete': False},
[36m(TaskRunnerV1 pid=761016)[0m                                                               'torch_memory': {'_target_': 'verl.utils.profiler.config.TorchMemoryToolConfig',
[36m(TaskRunnerV1 pid=761016)[0m                                                                                'stack_depth': 32,
[36m(TaskRunnerV1 pid=761016)[0m                                                                                'trace_alloc_max_entries': 100000}}},
[36m(TaskRunnerV1 pid=761016)[0m                                  'qat': {'activation_observer': 'static_minmax',
[36m(TaskRunnerV1 pid=761016)[0m                                          'enable': False,
[36m(TaskRunnerV1 pid=761016)[0m                                          'group_size': 16,
[36m(TaskRunnerV1 pid=761016)[0m                                          'ignore_patterns': ['lm_head',
[36m(TaskRunnerV1 pid=761016)[0m                                                              'embed_tokens',
[36m(TaskRunnerV1 pid=761016)[0m                                                              're:.*mlp.gate$'],
[36m(TaskRunnerV1 pid=761016)[0m                                          'mode': 'w4a16',
[36m(TaskRunnerV1 pid=761016)[0m                                          'quantization_config_path': None},
[36m(TaskRunnerV1 pid=761016)[0m                                  'rollout_n': 8,
[36m(TaskRunnerV1 pid=761016)[0m                                  'router_replay': {'_target_': 'verl.workers.config.RouterReplayConfig',
[36m(TaskRunnerV1 pid=761016)[0m                                                    'mode': 'disabled',
[36m(TaskRunnerV1 pid=761016)[0m                                                    'record_file': None,
[36m(TaskRunnerV1 pid=761016)[0m                                                    'replay_file': None},
[36m(TaskRunnerV1 pid=761016)[0m                                  'shuffle': False,
[36m(TaskRunnerV1 pid=761016)[0m                                  'strategy': 'fsdp',
[36m(TaskRunnerV1 pid=761016)[0m                                  'tau_neg': 1.05,
[36m(TaskRunnerV1 pid=761016)[0m                                  'tau_pos': 1.0,
[36m(TaskRunnerV1 pid=761016)[0m                                  'ulysses_sequence_parallel_size': 1,
[36m(TaskRunnerV1 pid=761016)[0m                                  'use_dynamic_bsz': True,
[36m(TaskRunnerV1 pid=761016)[0m                                  'use_fused_kernels': False,
[36m(TaskRunnerV1 pid=761016)[0m                                  'use_kl_loss': False,
[36m(TaskRunnerV1 pid=761016)[0m                                  'use_prefix_grouper': False,
[36m(TaskRunnerV1 pid=761016)[0m                                  'use_remove_padding': True,
[36m(TaskRunnerV1 pid=761016)[0m                                  'use_torch_compile': True},
[36m(TaskRunnerV1 pid=761016)[0m                        'hybrid_engine': True,
[36m(TaskRunnerV1 pid=761016)[0m                        'model': {'_target_': 'verl.workers.config.HFModelConfig',
[36m(TaskRunnerV1 pid=761016)[0m                                  'custom_chat_template': None,
[36m(TaskRunnerV1 pid=761016)[0m                                  'enable_activation_offload': False,
[36m(TaskRunnerV1 pid=761016)[0m                                  'enable_gradient_checkpointing': True,
[36m(TaskRunnerV1 pid=761016)[0m                                  'exclude_modules': None,
[36m(TaskRunnerV1 pid=761016)[0m                                  'external_lib': None,
[36m(TaskRunnerV1 pid=761016)[0m                                  'fused_kernel_options': {'impl_backend': 'torch'},
[36m(TaskRunnerV1 pid=761016)[0m                                  'hf_config_path': None,
[36m(TaskRunnerV1 pid=761016)[0m                                  'lora': {'a2a_experimental': False,
[36m(TaskRunnerV1 pid=761016)[0m                                           'adapter_path': None,
[36m(TaskRunnerV1 pid=761016)[0m                                           'alpha': 32,
[36m(TaskRunnerV1 pid=761016)[0m                                           'dropout': 0.0,
[36m(TaskRunnerV1 pid=761016)[0m                                           'dropout_position': 'pre',
[36m(TaskRunnerV1 pid=761016)[0m                                           'dtype': None,
[36m(TaskRunnerV1 pid=761016)[0m                                           'exclude_modules': [],
[36m(TaskRunnerV1 pid=761016)[0m                                           'freeze_language_model': True,
[36m(TaskRunnerV1 pid=761016)[0m                                           'freeze_vision_model': True,
[36m(TaskRunnerV1 pid=761016)[0m                                           'freeze_vision_projection': True,
[36m(TaskRunnerV1 pid=761016)[0m                                           'lora_A_init_method': 'xavier',
[36m(TaskRunnerV1 pid=761016)[0m                                           'lora_B_init_method': 'zero',
[36m(TaskRunnerV1 pid=761016)[0m                                           'merge': False,
[36m(TaskRunnerV1 pid=761016)[0m                                           'rank': 0,
[36m(TaskRunnerV1 pid=761016)[0m                                           'target_modules': ['linear_qkv',
[36m(TaskRunnerV1 pid=761016)[0m                                                              'linear_proj',
[36m(TaskRunnerV1 pid=761016)[0m                                                              'linear_fc1',
[36m(TaskRunnerV1 pid=761016)[0m                                                              'linear_fc2'],
[36m(TaskRunnerV1 pid=761016)[0m                                           'type': 'lora'},
[36m(TaskRunnerV1 pid=761016)[0m                                  'lora_adapter_path': None,
[36m(TaskRunnerV1 pid=761016)[0m                                  'lora_alpha': 16,
[36m(TaskRunnerV1 pid=761016)[0m                                  'lora_rank': 8,
[36m(TaskRunnerV1 pid=761016)[0m                                  'mtp': {'_target_': 'verl.workers.config.MtpConfig',
[36m(TaskRunnerV1 pid=761016)[0m                                          'detach_encoder': False,
[36m(TaskRunnerV1 pid=761016)[0m                                          'enable': False,
[36m(TaskRunnerV1 pid=761016)[0m                                          'enable_rollout': False,
[36m(TaskRunnerV1 pid=761016)[0m                                          'enable_train': False,
[36m(TaskRunnerV1 pid=761016)[0m                                          'method': 'mtp',
[36m(TaskRunnerV1 pid=761016)[0m                                          'mtp_loss_scaling_factor': 0.1,
[36m(TaskRunnerV1 pid=761016)[0m                                          'num_speculative_tokens': 1,
[36m(TaskRunnerV1 pid=761016)[0m                                          'speculative_algorithm': 'EAGLE',
[36m(TaskRunnerV1 pid=761016)[0m                                          'speculative_eagle_topk': 1,
[36m(TaskRunnerV1 pid=761016)[0m                                          'speculative_num_draft_tokens': 4,
[36m(TaskRunnerV1 pid=761016)[0m                                          'speculative_num_steps': 3},
[36m(TaskRunnerV1 pid=761016)[0m                                  'override_config': {'attn_implementation': 'sdpa'},
[36m(TaskRunnerV1 pid=761016)[0m                                  'path': '/data2/hjk/models/huggingface/hub/models--Qwen--Qwen2.5-1.5B-Instruct/snapshots/989aa7980e4cf806f80c7fef2b1adb7bc71aa306',
[36m(TaskRunnerV1 pid=761016)[0m                                  'target_modules': ['q_proj',
[36m(TaskRunnerV1 pid=761016)[0m                                                     'k_proj',
[36m(TaskRunnerV1 pid=761016)[0m                                                     'v_proj',
[36m(TaskRunnerV1 pid=761016)[0m                                                     'o_proj',
[36m(TaskRunnerV1 pid=761016)[0m                                                     'gate_proj',
[36m(TaskRunnerV1 pid=761016)[0m                                                     'up_proj',
[36m(TaskRunnerV1 pid=761016)[0m                                                     'down_proj'],
[36m(TaskRunnerV1 pid=761016)[0m                                  'tiled_mlp': {'enabled': False,
[36m(TaskRunnerV1 pid=761016)[0m                                                'num_shards': 4},
[36m(TaskRunnerV1 pid=761016)[0m                                  'tokenizer_path': None,
[36m(TaskRunnerV1 pid=761016)[0m                                  'trust_remote_code': False,
[36m(TaskRunnerV1 pid=761016)[0m                                  'use_fused_kernels': False,
[36m(TaskRunnerV1 pid=761016)[0m                                  'use_liger': False,
[36m(TaskRunnerV1 pid=761016)[0m                                  'use_remove_padding': True,
[36m(TaskRunnerV1 pid=761016)[0m                                  'use_shm': False},
[36m(TaskRunnerV1 pid=761016)[0m                        'nccl_timeout': 600,
[36m(TaskRunnerV1 pid=761016)[0m                        'ref': {'_target_': 'verl.workers.config.FSDPActorConfig',
[36m(TaskRunnerV1 pid=761016)[0m                                'entropy_checkpointing': False,
[36m(TaskRunnerV1 pid=761016)[0m                                'entropy_from_logits_chunk_size': 2048,
[36m(TaskRunnerV1 pid=761016)[0m                                'entropy_from_logits_with_chunking': False,
[36m(TaskRunnerV1 pid=761016)[0m                                'fsdp_config': {'_target_': 'verl.workers.config.FSDPEngineConfig',
[36m(TaskRunnerV1 pid=761016)[0m                                                'dtype': 'bfloat16',
[36m(TaskRunnerV1 pid=761016)[0m                                                'entropy_checkpointing': False,
[36m(TaskRunnerV1 pid=761016)[0m                                                'entropy_from_logits_chunk_size': 2048,
[36m(TaskRunnerV1 pid=761016)[0m                                                'entropy_from_logits_with_chunking': False,
[36m(TaskRunnerV1 pid=761016)[0m                                                'forward_only': True,
[36m(TaskRunnerV1 pid=761016)[0m                                                'forward_prefetch': False,
[36m(TaskRunnerV1 pid=761016)[0m                                                'fsdp_size': -1,
[36m(TaskRunnerV1 pid=761016)[0m                                                'full_determinism': False,
[36m(TaskRunnerV1 pid=761016)[0m                                                'model_dtype': 'fp32',
[36m(TaskRunnerV1 pid=761016)[0m                                                'offload_policy': False,
[36m(TaskRunnerV1 pid=761016)[0m                                                'optimizer_offload': False,
[36m(TaskRunnerV1 pid=761016)[0m                                                'param_offload': True,
[36m(TaskRunnerV1 pid=761016)[0m                                                'qat': {'_target_': 'verl.workers.config.QATEngineConfig',
[36m(TaskRunnerV1 pid=761016)[0m                                                        'activation_observer': 'static_minmax',
[36m(TaskRunnerV1 pid=761016)[0m                                                        'enable': False,
[36m(TaskRunnerV1 pid=761016)[0m                                                        'group_size': 16,
[36m(TaskRunnerV1 pid=761016)[0m                                                        'ignore_patterns': ['lm_head',
[36m(TaskRunnerV1 pid=761016)[0m                                                                            'embed_tokens',
[36m(TaskRunnerV1 pid=761016)[0m                                                                            're:.*mlp.gate$'],
[36m(TaskRunnerV1 pid=761016)[0m                                                        'mode': 'w4a16',
[36m(TaskRunnerV1 pid=761016)[0m                                                        'quantization_config_path': None},
[36m(TaskRunnerV1 pid=761016)[0m                                                'reshard_after_forward': True,
[36m(TaskRunnerV1 pid=761016)[0m                                                'seed': 42,
[36m(TaskRunnerV1 pid=761016)[0m                                                'strategy': 'fsdp',
[36m(TaskRunnerV1 pid=761016)[0m                                                'ulysses_sequence_parallel_size': 1,
[36m(TaskRunnerV1 pid=761016)[0m                                                'use_orig_params': False,
[36m(TaskRunnerV1 pid=761016)[0m                                                'use_torch_compile': True,
[36m(TaskRunnerV1 pid=761016)[0m                                                'wrap_policy': {'min_num_params': 0}},
[36m(TaskRunnerV1 pid=761016)[0m                                'log_prob_max_token_len_per_gpu': 32768,
[36m(TaskRunnerV1 pid=761016)[0m                                'log_prob_micro_batch_size': None,
[36m(TaskRunnerV1 pid=761016)[0m                                'log_prob_micro_batch_size_per_gpu': None,
[36m(TaskRunnerV1 pid=761016)[0m                                'log_prob_use_dynamic_bsz': True,
[36m(TaskRunnerV1 pid=761016)[0m                                'profiler': {'_target_': 'verl.utils.profiler.ProfilerConfig',
[36m(TaskRunnerV1 pid=761016)[0m                                             'all_ranks': False,
[36m(TaskRunnerV1 pid=761016)[0m                                             'enable': False,
[36m(TaskRunnerV1 pid=761016)[0m                                             'ranks': [],
[36m(TaskRunnerV1 pid=761016)[0m                                             'save_path': 'outputs/profile',
[36m(TaskRunnerV1 pid=761016)[0m                                             'tool': None,
[36m(TaskRunnerV1 pid=761016)[0m                                             'tool_config': {'npu': {'_target_': 'verl.utils.profiler.config.NPUToolConfig',
[36m(TaskRunnerV1 pid=761016)[0m                                                                     'analysis': True,
[36m(TaskRunnerV1 pid=761016)[0m                                                                     'contents': [],
[36m(TaskRunnerV1 pid=761016)[0m                                                                     'discrete': False,
[36m(TaskRunnerV1 pid=761016)[0m                                                                     'level': 'level0'},
[36m(TaskRunnerV1 pid=761016)[0m                                                             'nsys': {'_target_': 'verl.utils.profiler.config.NsightToolConfig',
[36m(TaskRunnerV1 pid=761016)[0m                                                                      'discrete': False},
[36m(TaskRunnerV1 pid=761016)[0m                                                             'precision_debugger': {'_target_': 'verl.utils.profiler.config.PrecisionDebuggerToolConfig',
[36m(TaskRunnerV1 pid=761016)[0m                                                                                    'config_path': None,
[36m(TaskRunnerV1 pid=761016)[0m                                                                                    'stages': None,
[36m(TaskRunnerV1 pid=761016)[0m                                                                                    'steps': None,
[36m(TaskRunnerV1 pid=761016)[0m                                                                                    'strict': False},
[36m(TaskRunnerV1 pid=761016)[0m                                                             'torch': {'_target_': 'verl.utils.profiler.config.TorchProfilerToolConfig',
[36m(TaskRunnerV1 pid=761016)[0m                                                                       'contents': [],
[36m(TaskRunnerV1 pid=761016)[0m                                                                       'discrete': False},
[36m(TaskRunnerV1 pid=761016)[0m                                                             'torch_memory': {'_target_': 'verl.utils.profiler.config.TorchMemoryToolConfig',
[36m(TaskRunnerV1 pid=761016)[0m                                                                              'stack_depth': 32,
[36m(TaskRunnerV1 pid=761016)[0m                                                                              'trace_alloc_max_entries': 100000}}},
[36m(TaskRunnerV1 pid=761016)[0m                                'rollout_n': 8,
[36m(TaskRunnerV1 pid=761016)[0m                                'router_replay': {'_target_': 'verl.workers.config.RouterReplayConfig',
[36m(TaskRunnerV1 pid=761016)[0m                                                  'mode': 'disabled',
[36m(TaskRunnerV1 pid=761016)[0m                                                  'record_file': None,
[36m(TaskRunnerV1 pid=761016)[0m                                                  'replay_file': None},
[36m(TaskRunnerV1 pid=761016)[0m                                'strategy': 'fsdp',
[36m(TaskRunnerV1 pid=761016)[0m                                'ulysses_sequence_parallel_size': 1,
[36m(TaskRunnerV1 pid=761016)[0m                                'use_torch_compile': True},
[36m(TaskRunnerV1 pid=761016)[0m                        'rollout': {'_target_': 'verl.workers.config.RolloutConfig',
[36m(TaskRunnerV1 pid=761016)[0m                                    'agent': {'_target_': 'verl.workers.config.AgentLoopConfig',
[36m(TaskRunnerV1 pid=761016)[0m                                              'agent_loop_config_path': None,
[36m(TaskRunnerV1 pid=761016)[0m                                              'custom_async_server': {'_target_': 'verl.workers.config.CustomAsyncServerConfig',
[36m(TaskRunnerV1 pid=761016)[0m                                                                      'name': None,
[36m(TaskRunnerV1 pid=761016)[0m                                                                      'path': None},
[36m(TaskRunnerV1 pid=761016)[0m                                              'default_agent_loop': 'single_turn_agent',
[36m(TaskRunnerV1 pid=761016)[0m                                              'num_workers': 8},
[36m(TaskRunnerV1 pid=761016)[0m                                    'calculate_log_probs': True,
[36m(TaskRunnerV1 pid=761016)[0m                                    'checkpoint_engine': {'_target_': 'verl.workers.config.CheckpointEngineConfig',
[36m(TaskRunnerV1 pid=761016)[0m                                                          'backend': 'naive',
[36m(TaskRunnerV1 pid=761016)[0m                                                          'custom_backend_module': None,
[36m(TaskRunnerV1 pid=761016)[0m                                                          'engine_kwargs': {},
[36m(TaskRunnerV1 pid=761016)[0m                                                          'update_weights_bucket_megabytes': 2048},
[36m(TaskRunnerV1 pid=761016)[0m                                    'cudagraph_capture_sizes': None,
[36m(TaskRunnerV1 pid=761016)[0m                                    'data_parallel_size': 1,
[36m(TaskRunnerV1 pid=761016)[0m                                    'disable_log_stats': True,
[36m(TaskRunnerV1 pid=761016)[0m                                    'disaggregation': {'bootstrap_port': None,
[36m(TaskRunnerV1 pid=761016)[0m                                                       'decode_replicas': 1,
[36m(TaskRunnerV1 pid=761016)[0m                                                       'decode_tensor_model_parallel_size': None,
[36m(TaskRunnerV1 pid=761016)[0m                                                       'enabled': False,
[36m(TaskRunnerV1 pid=761016)[0m                                                       'ib_device': None,
[36m(TaskRunnerV1 pid=761016)[0m                                                       'prefill_replicas': 1,
[36m(TaskRunnerV1 pid=761016)[0m                                                       'transfer_backend': 'nixl'},
[36m(TaskRunnerV1 pid=761016)[0m                                    'do_sample': True,
[36m(TaskRunnerV1 pid=761016)[0m                                    'dtype': 'bfloat16',
[36m(TaskRunnerV1 pid=761016)[0m                                    'enable_chunked_prefill': True,
[36m(TaskRunnerV1 pid=761016)[0m                                    'enable_prefix_caching': True,
[36m(TaskRunnerV1 pid=761016)[0m                                    'enable_rollout_routing_replay': False,
[36m(TaskRunnerV1 pid=761016)[0m                                    'enforce_eager': False,
[36m(TaskRunnerV1 pid=761016)[0m                                    'engine_kwargs': {'sglang': {},
[36m(TaskRunnerV1 pid=761016)[0m                                                      'trtllm': {},
[36m(TaskRunnerV1 pid=761016)[0m                                                      'vllm': {}},
[36m(TaskRunnerV1 pid=761016)[0m                                    'expert_parallel_size': 1,
[36m(TaskRunnerV1 pid=761016)[0m                                    'free_cache_engine': True,
[36m(TaskRunnerV1 pid=761016)[0m                                    'full_determinism': False,
[36m(TaskRunnerV1 pid=761016)[0m                                    'gpu_memory_utilization': 0.35,
[36m(TaskRunnerV1 pid=761016)[0m                                    'ignore_eos': False,
[36m(TaskRunnerV1 pid=761016)[0m                                    'layered_summon': False,
[36m(TaskRunnerV1 pid=761016)[0m                                    'load_format': 'dummy',
[36m(TaskRunnerV1 pid=761016)[0m                                    'log_prob_max_token_len_per_gpu': 32768,
[36m(TaskRunnerV1 pid=761016)[0m                                    'log_prob_micro_batch_size': None,
[36m(TaskRunnerV1 pid=761016)[0m                                    'log_prob_micro_batch_size_per_gpu': None,
[36m(TaskRunnerV1 pid=761016)[0m                                    'log_prob_use_dynamic_bsz': True,
[36m(TaskRunnerV1 pid=761016)[0m                                    'logprobs_mode': 'processed_logprobs',
[36m(TaskRunnerV1 pid=761016)[0m                                    'max_model_len': None,
[36m(TaskRunnerV1 pid=761016)[0m                                    'max_num_batched_tokens': 8192,
[36m(TaskRunnerV1 pid=761016)[0m                                    'max_num_seqs': 1024,
[36m(TaskRunnerV1 pid=761016)[0m                                    'mode': 'async',
[36m(TaskRunnerV1 pid=761016)[0m                                    'moe_load_balance_metrics_interval': 0,
[36m(TaskRunnerV1 pid=761016)[0m                                    'mtp': {'_target_': 'verl.workers.config.MtpConfig',
[36m(TaskRunnerV1 pid=761016)[0m                                            'detach_encoder': False,
[36m(TaskRunnerV1 pid=761016)[0m                                            'enable': False,
[36m(TaskRunnerV1 pid=761016)[0m                                            'enable_rollout': False,
[36m(TaskRunnerV1 pid=761016)[0m                                            'enable_train': False,
[36m(TaskRunnerV1 pid=761016)[0m                                            'method': 'mtp',
[36m(TaskRunnerV1 pid=761016)[0m                                            'mtp_loss_scaling_factor': 0.1,
[36m(TaskRunnerV1 pid=761016)[0m                                            'num_speculative_tokens': 1,
[36m(TaskRunnerV1 pid=761016)[0m                                            'speculative_algorithm': 'EAGLE',
[36m(TaskRunnerV1 pid=761016)[0m                                            'speculative_eagle_topk': 1,
[36m(TaskRunnerV1 pid=761016)[0m                                            'speculative_num_draft_tokens': 4,
[36m(TaskRunnerV1 pid=761016)[0m                                            'speculative_num_steps': 3},
[36m(TaskRunnerV1 pid=761016)[0m                                    'multi_stage_wake_up': False,
[36m(TaskRunnerV1 pid=761016)[0m                                    'multi_turn': {'_target_': 'verl.workers.config.MultiTurnConfig',
[36m(TaskRunnerV1 pid=761016)[0m                                                   'enable': False,
[36m(TaskRunnerV1 pid=761016)[0m                                                   'format': 'hermes',
[36m(TaskRunnerV1 pid=761016)[0m                                                   'function_tool_path': None,
[36m(TaskRunnerV1 pid=761016)[0m                                                   'max_assistant_turns': None,
[36m(TaskRunnerV1 pid=761016)[0m                                                   'max_parallel_calls': 1,
[36m(TaskRunnerV1 pid=761016)[0m                                                   'max_tool_response_length': 256,
[36m(TaskRunnerV1 pid=761016)[0m                                                   'max_user_turns': None,
[36m(TaskRunnerV1 pid=761016)[0m                                                   'num_repeat_rollouts': None,
[36m(TaskRunnerV1 pid=761016)[0m                                                   'tokenization_sanity_check_mode': 'strict',
[36m(TaskRunnerV1 pid=761016)[0m                                                   'tool_config_path': None,
[36m(TaskRunnerV1 pid=761016)[0m                                                   'tool_response_truncate_side': 'middle',
[36m(TaskRunnerV1 pid=761016)[0m                                                   'use_inference_chat_template': False},
[36m(TaskRunnerV1 pid=761016)[0m                                    'n': 8,
[36m(TaskRunnerV1 pid=761016)[0m                                    'n_gpus_per_node': 1,
[36m(TaskRunnerV1 pid=761016)[0m                                    'name': 'vllm',
[36m(TaskRunnerV1 pid=761016)[0m                                    'nnodes': 0,
[36m(TaskRunnerV1 pid=761016)[0m                                    'over_sample_rate': 0,
[36m(TaskRunnerV1 pid=761016)[0m                                    'pipeline_model_parallel_size': 1,
[36m(TaskRunnerV1 pid=761016)[0m                                    'profiler': {'_target_': 'verl.utils.profiler.ProfilerConfig',
[36m(TaskRunnerV1 pid=761016)[0m                                                 'all_ranks': False,
[36m(TaskRunnerV1 pid=761016)[0m                                                 'enable': False,
[36m(TaskRunnerV1 pid=761016)[0m                                                 'ranks': [],
[36m(TaskRunnerV1 pid=761016)[0m                                                 'save_path': 'outputs/profile',
[36m(TaskRunnerV1 pid=761016)[0m                                                 'tool': None,
[36m(TaskRunnerV1 pid=761016)[0m                                                 'tool_config': {'npu': {'_target_': 'verl.utils.profiler.config.NPUToolConfig',
[36m(TaskRunnerV1 pid=761016)[0m                                                                         'analysis': True,
[36m(TaskRunnerV1 pid=761016)[0m                                                                         'contents': [],
[36m(TaskRunnerV1 pid=761016)[0m                                                                         'discrete': False,
[36m(TaskRunnerV1 pid=761016)[0m                                                                         'level': 'level0',
[36m(TaskRunnerV1 pid=761016)[0m                                                                         'profile_token_end': None,
[36m(TaskRunnerV1 pid=761016)[0m                                                                         'profile_token_start': None},
[36m(TaskRunnerV1 pid=761016)[0m                                                                 'precision_debugger': {'_target_': 'verl.utils.profiler.config.PrecisionDebuggerToolConfig',
[36m(TaskRunnerV1 pid=761016)[0m                                                                                        'config_path': None,
[36m(TaskRunnerV1 pid=761016)[0m                                                                                        'stages': None,
[36m(TaskRunnerV1 pid=761016)[0m                                                                                        'steps': None,
[36m(TaskRunnerV1 pid=761016)[0m                                                                                        'strict': False},
[36m(TaskRunnerV1 pid=761016)[0m                                                                 'torch': {'_target_': 'verl.utils.profiler.config.TorchProfilerToolConfig',
[36m(TaskRunnerV1 pid=761016)[0m                                                                           'contents': [],
[36m(TaskRunnerV1 pid=761016)[0m                                                                           'discrete': False,
[36m(TaskRunnerV1 pid=761016)[0m                                                                           'profile_token_end': None,
[36m(TaskRunnerV1 pid=761016)[0m                                                                           'profile_token_start': None}}},
[36m(TaskRunnerV1 pid=761016)[0m                                    'prometheus': {'_target_': 'verl.workers.config.PrometheusConfig',
[36m(TaskRunnerV1 pid=761016)[0m                                                   'enable': False,
[36m(TaskRunnerV1 pid=761016)[0m                                                   'file': '/tmp/ray/session_latest/metrics/prometheus/prometheus.yml',
[36m(TaskRunnerV1 pid=761016)[0m                                                   'port': 9090,
[36m(TaskRunnerV1 pid=761016)[0m                                                   'served_model_name': '/data2/hjk/models/huggingface/hub/models--Qwen--Qwen2.5-1.5B-Instruct/snapshots/989aa7980e4cf806f80c7fef2b1adb7bc71aa306'},
[36m(TaskRunnerV1 pid=761016)[0m                                    'prompt_length': 2048,
[36m(TaskRunnerV1 pid=761016)[0m                                    'qat': {'_target_': 'verl.workers.config.QATEngineConfig',
[36m(TaskRunnerV1 pid=761016)[0m                                            'activation_observer': 'static_minmax',
[36m(TaskRunnerV1 pid=761016)[0m                                            'enable': False,
[36m(TaskRunnerV1 pid=761016)[0m                                            'group_size': 16,
[36m(TaskRunnerV1 pid=761016)[0m                                            'ignore_patterns': ['lm_head',
[36m(TaskRunnerV1 pid=761016)[0m                                                                'embed_tokens',
[36m(TaskRunnerV1 pid=761016)[0m                                                                're:.*mlp.gate$'],
[36m(TaskRunnerV1 pid=761016)[0m                                            'mode': 'w4a16',
[36m(TaskRunnerV1 pid=761016)[0m                                            'quantization_config_path': None},
[36m(TaskRunnerV1 pid=761016)[0m                                    'quantization': None,
[36m(TaskRunnerV1 pid=761016)[0m                                    'quantization_config_file': None,
[36m(TaskRunnerV1 pid=761016)[0m                                    'response_length': 512,
[36m(TaskRunnerV1 pid=761016)[0m                                    'scheduling_policy': 'fcfs',
[36m(TaskRunnerV1 pid=761016)[0m                                    'seed': 42,
[36m(TaskRunnerV1 pid=761016)[0m                                    'skip_tokenizer_init': True,
[36m(TaskRunnerV1 pid=761016)[0m                                    'temperature': 1.0,
[36m(TaskRunnerV1 pid=761016)[0m                                    'tensor_model_parallel_size': 1,
[36m(TaskRunnerV1 pid=761016)[0m                                    'top_k': -1,
[36m(TaskRunnerV1 pid=761016)[0m                                    'top_p': 1.0,
[36m(TaskRunnerV1 pid=761016)[0m                                    'trace': {'_target_': 'verl.workers.config.TraceConfig',
[36m(TaskRunnerV1 pid=761016)[0m                                              'backend': None,
[36m(TaskRunnerV1 pid=761016)[0m                                              'experiment_name': 'mathverse_text_qwen25_1p5b_grpo_answer_a0_clean_rerun512_seed42',
[36m(TaskRunnerV1 pid=761016)[0m                                              'max_samples_per_step_per_worker': None,
[36m(TaskRunnerV1 pid=761016)[0m                                              'project_name': 'mathverse_text_grpo_answer',
[36m(TaskRunnerV1 pid=761016)[0m                                              'token2text': False},
[36m(TaskRunnerV1 pid=761016)[0m                                    'val_kwargs': {'_target_': 'verl.workers.config.SamplingConfig',
[36m(TaskRunnerV1 pid=761016)[0m                                                   'do_sample': False,
[36m(TaskRunnerV1 pid=761016)[0m                                                   'n': 1,
[36m(TaskRunnerV1 pid=761016)[0m                                                   'temperature': 0,
[36m(TaskRunnerV1 pid=761016)[0m                                                   'top_k': -1,
[36m(TaskRunnerV1 pid=761016)[0m                                                   'top_p': 1.0}}},
[36m(TaskRunnerV1 pid=761016)[0m  'algorithm': {'_target_': 'verl.trainer.config.AlgoConfig',
[36m(TaskRunnerV1 pid=761016)[0m                'adv_estimator': 'grpo',
[36m(TaskRunnerV1 pid=761016)[0m                'gamma': 1.0,
[36m(TaskRunnerV1 pid=761016)[0m                'kl_ctrl': {'_target_': 'verl.trainer.config.KLControlConfig',
[36m(TaskRunnerV1 pid=761016)[0m                            'horizon': 10000,
[36m(TaskRunnerV1 pid=761016)[0m                            'kl_coef': 0.001,
[36m(TaskRunnerV1 pid=761016)[0m                            'target_kl': 0.1,
[36m(TaskRunnerV1 pid=761016)[0m                            'type': 'fixed'},
[36m(TaskRunnerV1 pid=761016)[0m                'kl_penalty': 'kl',
[36m(TaskRunnerV1 pid=761016)[0m                'lam': 1.0,
[36m(TaskRunnerV1 pid=761016)[0m                'norm_adv_by_std_in_grpo': True,
[36m(TaskRunnerV1 pid=761016)[0m                'pf_ppo': {'reweight_method': 'pow', 'weight_pow': 2.0},
[36m(TaskRunnerV1 pid=761016)[0m                'rollout_correction': {'bypass_mode': False,
[36m(TaskRunnerV1 pid=761016)[0m                                       'loss_type': 'ppo_clip',
[36m(TaskRunnerV1 pid=761016)[0m                                       'rollout_is': None,
[36m(TaskRunnerV1 pid=761016)[0m                                       'rollout_is_batch_normalize': False,
[36m(TaskRunnerV1 pid=761016)[0m                                       'rollout_is_threshold': 2.0,
[36m(TaskRunnerV1 pid=761016)[0m                                       'rollout_rs': None,
[36m(TaskRunnerV1 pid=761016)[0m                                       'rollout_rs_threshold': None},
[36m(TaskRunnerV1 pid=761016)[0m                'use_kl_in_reward': False,
[36m(TaskRunnerV1 pid=761016)[0m                'use_pf_ppo': False},
[36m(TaskRunnerV1 pid=761016)[0m  'critic': {'_target_': 'verl.workers.config.FSDPCriticConfig',
[36m(TaskRunnerV1 pid=761016)[0m             'checkpoint': {'_target_': 'verl.trainer.config.CheckpointConfig',
[36m(TaskRunnerV1 pid=761016)[0m                            'async_save': False,
[36m(TaskRunnerV1 pid=761016)[0m                            'load_contents': ['model', 'optimizer', 'extra'],
[36m(TaskRunnerV1 pid=761016)[0m                            'save_contents': ['model', 'optimizer', 'extra']},
[36m(TaskRunnerV1 pid=761016)[0m             'cliprange_value': 0.5,
[36m(TaskRunnerV1 pid=761016)[0m             'data_loader_seed': 42,
[36m(TaskRunnerV1 pid=761016)[0m             'enable': None,
[36m(TaskRunnerV1 pid=761016)[0m             'forward_max_token_len_per_gpu': 32768,
[36m(TaskRunnerV1 pid=761016)[0m             'forward_micro_batch_size': None,
[36m(TaskRunnerV1 pid=761016)[0m             'forward_micro_batch_size_per_gpu': None,
[36m(TaskRunnerV1 pid=761016)[0m             'fsdp': {'_target_': 'verl.workers.config.FSDPEngineConfig',
[36m(TaskRunnerV1 pid=761016)[0m                      'dtype': 'bfloat16',
[36m(TaskRunnerV1 pid=761016)[0m                      'entropy_checkpointing': False,
[36m(TaskRunnerV1 pid=761016)[0m                      'entropy_from_logits_chunk_size': 2048,
[36m(TaskRunnerV1 pid=761016)[0m                      'entropy_from_logits_with_chunking': False,
[36m(TaskRunnerV1 pid=761016)[0m                      'forward_only': False,
[36m(TaskRunnerV1 pid=761016)[0m                      'forward_prefetch': False,
[36m(TaskRunnerV1 pid=761016)[0m                      'fsdp_size': -1,
[36m(TaskRunnerV1 pid=761016)[0m                      'full_determinism': False,
[36m(TaskRunnerV1 pid=761016)[0m                      'model_dtype': 'fp32',
[36m(TaskRunnerV1 pid=761016)[0m                      'offload_policy': False,
[36m(TaskRunnerV1 pid=761016)[0m                      'optimizer_offload': False,
[36m(TaskRunnerV1 pid=761016)[0m                      'param_offload': False,
[36m(TaskRunnerV1 pid=761016)[0m                      'qat': {'_target_': 'verl.workers.config.QATEngineConfig',
[36m(TaskRunnerV1 pid=761016)[0m                              'activation_observer': 'static_minmax',
[36m(TaskRunnerV1 pid=761016)[0m                              'enable': False,
[36m(TaskRunnerV1 pid=761016)[0m                              'group_size': 16,
[36m(TaskRunnerV1 pid=761016)[0m                              'ignore_patterns': ['lm_head',
[36m(TaskRunnerV1 pid=761016)[0m                                                  'embed_tokens',
[36m(TaskRunnerV1 pid=761016)[0m                                                  're:.*mlp.gate$'],
[36m(TaskRunnerV1 pid=761016)[0m                              'mode': 'w4a16',
[36m(TaskRunnerV1 pid=761016)[0m                              'quantization_config_path': None},
[36m(TaskRunnerV1 pid=761016)[0m                      'reshard_after_forward': True,
[36m(TaskRunnerV1 pid=761016)[0m                      'seed': 42,
[36m(TaskRunnerV1 pid=761016)[0m                      'strategy': 'fsdp',
[36m(TaskRunnerV1 pid=761016)[0m                      'ulysses_sequence_parallel_size': 1,
[36m(TaskRunnerV1 pid=761016)[0m                      'use_orig_params': False,
[36m(TaskRunnerV1 pid=761016)[0m                      'use_torch_compile': True,
[36m(TaskRunnerV1 pid=761016)[0m                      'wrap_policy': {'min_num_params': 0}},
[36m(TaskRunnerV1 pid=761016)[0m             'grad_clip': 1.0,
[36m(TaskRunnerV1 pid=761016)[0m             'loss_agg_mode': 'token-mean',
[36m(TaskRunnerV1 pid=761016)[0m             'model': {'_target_': 'verl.workers.config.HFModelConfig',
[36m(TaskRunnerV1 pid=761016)[0m                       'custom_chat_template': None,
[36m(TaskRunnerV1 pid=761016)[0m                       'enable_activation_offload': False,
[36m(TaskRunnerV1 pid=761016)[0m                       'enable_gradient_checkpointing': True,
[36m(TaskRunnerV1 pid=761016)[0m                       'exclude_modules': None,
[36m(TaskRunnerV1 pid=761016)[0m                       'external_lib': None,
[36m(TaskRunnerV1 pid=761016)[0m                       'fused_kernel_options': {'impl_backend': 'torch'},
[36m(TaskRunnerV1 pid=761016)[0m                       'hf_config_path': None,
[36m(TaskRunnerV1 pid=761016)[0m                       'lora': {'a2a_experimental': False,
[36m(TaskRunnerV1 pid=761016)[0m                                'adapter_path': None,
[36m(TaskRunnerV1 pid=761016)[0m                                'alpha': 32,
[36m(TaskRunnerV1 pid=761016)[0m                                'dropout': 0.0,
[36m(TaskRunnerV1 pid=761016)[0m                                'dropout_position': 'pre',
[36m(TaskRunnerV1 pid=761016)[0m                                'dtype': None,
[36m(TaskRunnerV1 pid=761016)[0m                                'exclude_modules': [],
[36m(TaskRunnerV1 pid=761016)[0m                                'freeze_language_model': True,
[36m(TaskRunnerV1 pid=761016)[0m                                'freeze_vision_model': True,
[36m(TaskRunnerV1 pid=761016)[0m                                'freeze_vision_projection': True,
[36m(TaskRunnerV1 pid=761016)[0m                                'lora_A_init_method': 'xavier',
[36m(TaskRunnerV1 pid=761016)[0m                                'lora_B_init_method': 'zero',
[36m(TaskRunnerV1 pid=761016)[0m                                'merge': False,
[36m(TaskRunnerV1 pid=761016)[0m                                'rank': 0,
[36m(TaskRunnerV1 pid=761016)[0m                                'target_modules': ['linear_qkv',
[36m(TaskRunnerV1 pid=761016)[0m                                                   'linear_proj',
[36m(TaskRunnerV1 pid=761016)[0m                                                   'linear_fc1',
[36m(TaskRunnerV1 pid=761016)[0m                                                   'linear_fc2'],
[36m(TaskRunnerV1 pid=761016)[0m                                'type': 'lora'},
[36m(TaskRunnerV1 pid=761016)[0m                       'lora_adapter_path': None,
[36m(TaskRunnerV1 pid=761016)[0m                       'lora_alpha': 16,
[36m(TaskRunnerV1 pid=761016)[0m                       'lora_rank': 0,
[36m(TaskRunnerV1 pid=761016)[0m                       'mtp': {'_target_': 'verl.workers.config.MtpConfig',
[36m(TaskRunnerV1 pid=761016)[0m                               'detach_encoder': False,
[36m(TaskRunnerV1 pid=761016)[0m                               'enable': False,
[36m(TaskRunnerV1 pid=761016)[0m                               'enable_rollout': False,
[36m(TaskRunnerV1 pid=761016)[0m                               'enable_train': False,
[36m(TaskRunnerV1 pid=761016)[0m                               'method': 'mtp',
[36m(TaskRunnerV1 pid=761016)[0m                               'mtp_loss_scaling_factor': 0.1,
[36m(TaskRunnerV1 pid=761016)[0m                               'num_speculative_tokens': 1,
[36m(TaskRunnerV1 pid=761016)[0m                               'speculative_algorithm': 'EAGLE',
[36m(TaskRunnerV1 pid=761016)[0m                               'speculative_eagle_topk': 1,
[36m(TaskRunnerV1 pid=761016)[0m                               'speculative_num_draft_tokens': 4,
[36m(TaskRunnerV1 pid=761016)[0m                               'speculative_num_steps': 3},
[36m(TaskRunnerV1 pid=761016)[0m                       'override_config': {},
[36m(TaskRunnerV1 pid=761016)[0m                       'path': '~/models/deepseek-llm-7b-chat',
[36m(TaskRunnerV1 pid=761016)[0m                       'target_modules': 'all-linear',
[36m(TaskRunnerV1 pid=761016)[0m                       'tiled_mlp': {'enabled': False, 'num_shards': 4},
[36m(TaskRunnerV1 pid=761016)[0m                       'tokenizer_path': None,
[36m(TaskRunnerV1 pid=761016)[0m                       'trust_remote_code': False,
[36m(TaskRunnerV1 pid=761016)[0m                       'use_fused_kernels': False,
[36m(TaskRunnerV1 pid=761016)[0m                       'use_liger': False,
[36m(TaskRunnerV1 pid=761016)[0m                       'use_remove_padding': True,
[36m(TaskRunnerV1 pid=761016)[0m                       'use_shm': False},
[36m(TaskRunnerV1 pid=761016)[0m             'optim': {'_target_': 'verl.workers.config.FSDPOptimizerConfig',
[36m(TaskRunnerV1 pid=761016)[0m                       'betas': [0.9, 0.999],
[36m(TaskRunnerV1 pid=761016)[0m                       'clip_grad': 1.0,
[36m(TaskRunnerV1 pid=761016)[0m                       'lr': 1e-05,
[36m(TaskRunnerV1 pid=761016)[0m                       'lr_scheduler_type': 'constant',
[36m(TaskRunnerV1 pid=761016)[0m                       'lr_warmup_steps': -1,
[36m(TaskRunnerV1 pid=761016)[0m                       'lr_warmup_steps_ratio': 0.0,
[36m(TaskRunnerV1 pid=761016)[0m                       'min_lr_ratio': 0.0,
[36m(TaskRunnerV1 pid=761016)[0m                       'num_cycles': 0.5,
[36m(TaskRunnerV1 pid=761016)[0m                       'optimizer': 'AdamW',
[36m(TaskRunnerV1 pid=761016)[0m                       'optimizer_impl': 'torch.optim',
[36m(TaskRunnerV1 pid=761016)[0m                       'override_optimizer_config': None,
[36m(TaskRunnerV1 pid=761016)[0m                       'total_training_steps': -1,
[36m(TaskRunnerV1 pid=761016)[0m                       'warmup_style': None,
[36m(TaskRunnerV1 pid=761016)[0m                       'weight_decay': 0.01,
[36m(TaskRunnerV1 pid=761016)[0m                       'zero_indexed_step': True},
[36m(TaskRunnerV1 pid=761016)[0m             'ppo_epochs': 1,
[36m(TaskRunnerV1 pid=761016)[0m             'ppo_max_token_len_per_gpu': 32768,
[36m(TaskRunnerV1 pid=761016)[0m             'ppo_micro_batch_size': None,
[36m(TaskRunnerV1 pid=761016)[0m             'ppo_micro_batch_size_per_gpu': None,
[36m(TaskRunnerV1 pid=761016)[0m             'ppo_mini_batch_size': 16,
[36m(TaskRunnerV1 pid=761016)[0m             'profiler': {'_target_': 'verl.utils.profiler.ProfilerConfig',
[36m(TaskRunnerV1 pid=761016)[0m                          'all_ranks': False,
[36m(TaskRunnerV1 pid=761016)[0m                          'enable': False,
[36m(TaskRunnerV1 pid=761016)[0m                          'ranks': [],
[36m(TaskRunnerV1 pid=761016)[0m                          'save_path': 'outputs/profile',
[36m(TaskRunnerV1 pid=761016)[0m                          'tool': None,
[36m(TaskRunnerV1 pid=761016)[0m                          'tool_config': {'npu': {'_target_': 'verl.utils.profiler.config.NPUToolConfig',
[36m(TaskRunnerV1 pid=761016)[0m                                                  'analysis': True,
[36m(TaskRunnerV1 pid=761016)[0m                                                  'contents': [],
[36m(TaskRunnerV1 pid=761016)[0m                                                  'discrete': False,
[36m(TaskRunnerV1 pid=761016)[0m                                                  'level': 'level0'},
[36m(TaskRunnerV1 pid=761016)[0m                                          'nsys': {'_target_': 'verl.utils.profiler.config.NsightToolConfig',
[36m(TaskRunnerV1 pid=761016)[0m                                                   'discrete': False},
[36m(TaskRunnerV1 pid=761016)[0m                                          'precision_debugger': {'_target_': 'verl.utils.profiler.config.PrecisionDebuggerToolConfig',
[36m(TaskRunnerV1 pid=761016)[0m                                                                 'config_path': None,
[36m(TaskRunnerV1 pid=761016)[0m                                                                 'stages': None,
[36m(TaskRunnerV1 pid=761016)[0m                                                                 'steps': None,
[36m(TaskRunnerV1 pid=761016)[0m                                                                 'strict': False},
[36m(TaskRunnerV1 pid=761016)[0m                                          'torch': {'_target_': 'verl.utils.profiler.config.TorchProfilerToolConfig',
[36m(TaskRunnerV1 pid=761016)[0m                                                    'contents': [],
[36m(TaskRunnerV1 pid=761016)[0m                                                    'discrete': False},
[36m(TaskRunnerV1 pid=761016)[0m                                          'torch_memory': {'_target_': 'verl.utils.profiler.config.TorchMemoryToolConfig',
[36m(TaskRunnerV1 pid=761016)[0m                                                           'stack_depth': 32,
[36m(TaskRunnerV1 pid=761016)[0m                                                           'trace_alloc_max_entries': 100000}}},
[36m(TaskRunnerV1 pid=761016)[0m             'rollout_n': 8,
[36m(TaskRunnerV1 pid=761016)[0m             'shuffle': False,
[36m(TaskRunnerV1 pid=761016)[0m             'strategy': 'fsdp',
[36m(TaskRunnerV1 pid=761016)[0m             'ulysses_sequence_parallel_size': 1,
[36m(TaskRunnerV1 pid=761016)[0m             'use_dynamic_bsz': True},
[36m(TaskRunnerV1 pid=761016)[0m  'custom_reward_function': {'name': None, 'path': None},
[36m(TaskRunnerV1 pid=761016)[0m  'data': {'apply_chat_template_kwargs': {},
[36m(TaskRunnerV1 pid=761016)[0m           'audio_key': 'audios',
[36m(TaskRunnerV1 pid=761016)[0m           'continuous_token': {'enable': False, 'model_family': 'auto'},
[36m(TaskRunnerV1 pid=761016)[0m           'custom_cls': {'name': None, 'path': None},
[36m(TaskRunnerV1 pid=761016)[0m           'dataloader_num_workers': 0,
[36m(TaskRunnerV1 pid=761016)[0m           'filter_overlong_prompts': True,
[36m(TaskRunnerV1 pid=761016)[0m           'filter_overlong_prompts_workers': 1,
[36m(TaskRunnerV1 pid=761016)[0m           'function_tool_path': None,
[36m(TaskRunnerV1 pid=761016)[0m           'image_key': 'images',
[36m(TaskRunnerV1 pid=761016)[0m           'image_patch_size': 14,
[36m(TaskRunnerV1 pid=761016)[0m           'max_prompt_length': 2048,
[36m(TaskRunnerV1 pid=761016)[0m           'max_response_length': 512,
[36m(TaskRunnerV1 pid=761016)[0m           'mm_processor_kwargs': {},
[36m(TaskRunnerV1 pid=761016)[0m           'prompt_key': 'prompt',
[36m(TaskRunnerV1 pid=761016)[0m           'return_full_prompt': False,
[36m(TaskRunnerV1 pid=761016)[0m           'return_multi_modal_inputs': True,
[36m(TaskRunnerV1 pid=761016)[0m           'return_raw_chat': True,
[36m(TaskRunnerV1 pid=761016)[0m           'return_raw_input_ids': False,
[36m(TaskRunnerV1 pid=761016)[0m           'reward_fn_key': 'data_source',
[36m(TaskRunnerV1 pid=761016)[0m           'seed': 42,
[36m(TaskRunnerV1 pid=761016)[0m           'shuffle': True,
[36m(TaskRunnerV1 pid=761016)[0m           'tokenizer': None,
[36m(TaskRunnerV1 pid=761016)[0m           'tool_config_path': None,
[36m(TaskRunnerV1 pid=761016)[0m           'train_batch_size': 4,
[36m(TaskRunnerV1 pid=761016)[0m           'train_files': '/data2/hjk/projects/AI-HiddenState-ER/rl_data/mathverse_text_a0_clean_qwen25_500/mathverse_text_a0_clean_train.parquet',
[36m(TaskRunnerV1 pid=761016)[0m           'train_max_samples': -1,
[36m(TaskRunnerV1 pid=761016)[0m           'truncation': 'error',
[36m(TaskRunnerV1 pid=761016)[0m           'trust_remote_code': False,
[36m(TaskRunnerV1 pid=761016)[0m           'use_shm': False,
[36m(TaskRunnerV1 pid=761016)[0m           'val_batch_size': None,
[36m(TaskRunnerV1 pid=761016)[0m           'val_files': '/data2/hjk/projects/AI-HiddenState-ER/rl_data/mathverse_text_a0_clean_qwen25_500/mathverse_text_a0_clean_val.parquet',
[36m(TaskRunnerV1 pid=761016)[0m           'val_max_samples': -1,
[36m(TaskRunnerV1 pid=761016)[0m           'validation_shuffle': False,
[36m(TaskRunnerV1 pid=761016)[0m           'video_key': 'videos'},
[36m(TaskRunnerV1 pid=761016)[0m  'distillation': {'_target_': 'verl.workers.config.DistillationConfig',
[36m(TaskRunnerV1 pid=761016)[0m                   'distillation_loss': {'_target_': 'verl.workers.config.DistillationLossConfig',
[36m(TaskRunnerV1 pid=761016)[0m                                         'clip_ratio': 0.2,
[36m(TaskRunnerV1 pid=761016)[0m                                         'clip_ratio_high': 0.2,
[36m(TaskRunnerV1 pid=761016)[0m                                         'clip_ratio_low': 0.2,
[36m(TaskRunnerV1 pid=761016)[0m                                         'distillation_loss_coef': 1.0,
[36m(TaskRunnerV1 pid=761016)[0m                                         'log_prob_min_clamp': None,
[36m(TaskRunnerV1 pid=761016)[0m                                         'loss_max_clamp': None,
[36m(TaskRunnerV1 pid=761016)[0m                                         'loss_mode': 'k3',
[36m(TaskRunnerV1 pid=761016)[0m                                         'policy_loss_mode': 'vanilla',
[36m(TaskRunnerV1 pid=761016)[0m                                         'topk': 32,
[36m(TaskRunnerV1 pid=761016)[0m                                         'use_policy_gradient': False,
[36m(TaskRunnerV1 pid=761016)[0m                                         'use_task_rewards': True},
[36m(TaskRunnerV1 pid=761016)[0m                   'enabled': False,
[36m(TaskRunnerV1 pid=761016)[0m                   'n_gpus_per_node': 8,
[36m(TaskRunnerV1 pid=761016)[0m                   'nnodes': 0,
[36m(TaskRunnerV1 pid=761016)[0m                   'teacher_key': 'data_source',
[36m(TaskRunnerV1 pid=761016)[0m                   'teacher_models': {'teacher_model': {'_target_': 'verl.workers.config.DistillationTeacherModelConfig',
[36m(TaskRunnerV1 pid=761016)[0m                                                        'inference': {'_target_': 'verl.workers.config.RolloutConfig',
[36m(TaskRunnerV1 pid=761016)[0m                                                                      'cudagraph_capture_sizes': None,
[36m(TaskRunnerV1 pid=761016)[0m                                                                      'data_parallel_size': 1,
[36m(TaskRunnerV1 pid=761016)[0m                                                                      'disable_log_stats': True,
[36m(TaskRunnerV1 pid=761016)[0m                                                                      'dtype': 'bfloat16',
[36m(TaskRunnerV1 pid=761016)[0m                                                                      'enable_chunked_prefill': True,
[36m(TaskRunnerV1 pid=761016)[0m                                                                      'enable_prefix_caching': True,
[36m(TaskRunnerV1 pid=761016)[0m                                                                      'enforce_eager': True,
[36m(TaskRunnerV1 pid=761016)[0m                                                                      'engine_kwargs': {},
[36m(TaskRunnerV1 pid=761016)[0m                                                                      'expert_parallel_size': 1,
[36m(TaskRunnerV1 pid=761016)[0m                                                                      'free_cache_engine': True,
[36m(TaskRunnerV1 pid=761016)[0m                                                                      'gpu_memory_utilization': 0.5,
[36m(TaskRunnerV1 pid=761016)[0m                                                                      'limit_images': None,
[36m(TaskRunnerV1 pid=761016)[0m                                                                      'load_format': 'auto',
[36m(TaskRunnerV1 pid=761016)[0m                                                                      'max_model_len': None,
[36m(TaskRunnerV1 pid=761016)[0m                                                                      'max_num_batched_tokens': 8192,
[36m(TaskRunnerV1 pid=761016)[0m                                                                      'max_num_seqs': 1024,
[36m(TaskRunnerV1 pid=761016)[0m                                                                      'name': 'vllm',
[36m(TaskRunnerV1 pid=761016)[0m                                                                      'prompt_length': 2048,
[36m(TaskRunnerV1 pid=761016)[0m                                                                      'response_length': 512,
[36m(TaskRunnerV1 pid=761016)[0m                                                                      'skip_tokenizer_init': True,
[36m(TaskRunnerV1 pid=761016)[0m                                                                      'temperature': 1.0,
[36m(TaskRunnerV1 pid=761016)[0m                                                                      'tensor_model_parallel_size': 2},
[36m(TaskRunnerV1 pid=761016)[0m                                                        'key': None,
[36m(TaskRunnerV1 pid=761016)[0m                                                        'model_path': None,
[36m(TaskRunnerV1 pid=761016)[0m                                                        'num_replicas': 0}}},
[36m(TaskRunnerV1 pid=761016)[0m  'global_profiler': {'_target_': 'verl.utils.profiler.ProfilerConfig',
[36m(TaskRunnerV1 pid=761016)[0m                      'global_tool_config': {'nsys': {'_target_': 'verl.utils.profiler.config.NsightToolConfig',
[36m(TaskRunnerV1 pid=761016)[0m                                                      'controller_nsight_options': {'cuda-graph-trace': 'graph',
[36m(TaskRunnerV1 pid=761016)[0m                                                                                    'cuda-memory-usage': 'true',
[36m(TaskRunnerV1 pid=761016)[0m                                                                                    'trace': 'cuda,nvtx,cublas,ucx'},
[36m(TaskRunnerV1 pid=761016)[0m                                                      'discrete': False,
[36m(TaskRunnerV1 pid=761016)[0m                                                      'worker_nsight_options': {'capture-range': 'cudaProfilerApi',
[36m(TaskRunnerV1 pid=761016)[0m                                                                                'capture-range-end': None,
[36m(TaskRunnerV1 pid=761016)[0m                                                                                'cuda-graph-trace': 'graph',
[36m(TaskRunnerV1 pid=761016)[0m                                                                                'cuda-memory-usage': 'true',
[36m(TaskRunnerV1 pid=761016)[0m                                                                                'kill': 'none',
[36m(TaskRunnerV1 pid=761016)[0m                                                                                'trace': 'cuda,nvtx,cublas,ucx'}},
[36m(TaskRunnerV1 pid=761016)[0m                                             'precision_debugger': {'_target_': 'verl.utils.profiler.config.PrecisionDebuggerToolConfig',
[36m(TaskRunnerV1 pid=761016)[0m                                                                    'config_path': None,
[36m(TaskRunnerV1 pid=761016)[0m                                                                    'stages': None,
[36m(TaskRunnerV1 pid=761016)[0m                                                                    'steps': None,
[36m(TaskRunnerV1 pid=761016)[0m                                                                    'strict': False},
[36m(TaskRunnerV1 pid=761016)[0m                                             'torch_memory': {'context': 'all',
[36m(TaskRunnerV1 pid=761016)[0m                                                              'kw_args': {},
[36m(TaskRunnerV1 pid=761016)[0m                                                              'stack_depth': 32,
[36m(TaskRunnerV1 pid=761016)[0m                                                              'stacks': 'all',
[36m(TaskRunnerV1 pid=761016)[0m                                                              'trace_alloc_max_entries': 100000}},
[36m(TaskRunnerV1 pid=761016)[0m                      'profile_continuous_steps': False,
[36m(TaskRunnerV1 pid=761016)[0m                      'save_path': 'outputs/profile',
[36m(TaskRunnerV1 pid=761016)[0m                      'steps': None,
[36m(TaskRunnerV1 pid=761016)[0m                      'tool': None},
[36m(TaskRunnerV1 pid=761016)[0m  'model_engine': 'dp',
[36m(TaskRunnerV1 pid=761016)[0m  'ray_kwargs': {'ray_init': {'num_cpus': None}, 'timeline_json_file': None},
[36m(TaskRunnerV1 pid=761016)[0m  'reward': {'_target_': 'verl.workers.config.RewardConfig',
[36m(TaskRunnerV1 pid=761016)[0m             'custom_reward_function': {'name': 'compute_score',
[36m(TaskRunnerV1 pid=761016)[0m                                        'path': '/data2/hjk/projects/AI-HiddenState-ER/scripts/mathverse_answer_reward.py'},
[36m(TaskRunnerV1 pid=761016)[0m             'num_workers': 1,
[36m(TaskRunnerV1 pid=761016)[0m             'reward_manager': {'_target_': 'verl.workers.config.reward.RewardManagerConfig',
[36m(TaskRunnerV1 pid=761016)[0m                                'module': {'_target_': 'verl.trainer.config.config.ModuleConfig',
[36m(TaskRunnerV1 pid=761016)[0m                                           'name': 'custom_reward_manager',
[36m(TaskRunnerV1 pid=761016)[0m                                           'path': None},
[36m(TaskRunnerV1 pid=761016)[0m                                'name': 'naive',
[36m(TaskRunnerV1 pid=761016)[0m                                'source': 'register'},
[36m(TaskRunnerV1 pid=761016)[0m             'reward_model': {'_target_': 'verl.workers.config.RewardModelConfig',
[36m(TaskRunnerV1 pid=761016)[0m                              'enable': False,
[36m(TaskRunnerV1 pid=761016)[0m                              'enable_resource_pool': False,
[36m(TaskRunnerV1 pid=761016)[0m                              'model_path': None,
[36m(TaskRunnerV1 pid=761016)[0m                              'n_gpus_per_node': 8,
[36m(TaskRunnerV1 pid=761016)[0m                              'nnodes': 0,
[36m(TaskRunnerV1 pid=761016)[0m                              'rollout': {'_target_': 'verl.workers.config.RolloutConfig',
[36m(TaskRunnerV1 pid=761016)[0m                                          'cudagraph_capture_sizes': None,
[36m(TaskRunnerV1 pid=761016)[0m                                          'data_parallel_size': 1,
[36m(TaskRunnerV1 pid=761016)[0m                                          'disable_log_stats': True,
[36m(TaskRunnerV1 pid=761016)[0m                                          'disaggregation': {'bootstrap_port': None,
[36m(TaskRunnerV1 pid=761016)[0m                                                             'decode_replicas': 1,
[36m(TaskRunnerV1 pid=761016)[0m                                                             'decode_tensor_model_parallel_size': None,
[36m(TaskRunnerV1 pid=761016)[0m                                                             'enabled': False,
[36m(TaskRunnerV1 pid=761016)[0m                                                             'ib_device': None,
[36m(TaskRunnerV1 pid=761016)[0m                                                             'prefill_replicas': 1,
[36m(TaskRunnerV1 pid=761016)[0m                                                             'transfer_backend': 'nixl'},
[36m(TaskRunnerV1 pid=761016)[0m                                          'do_sample': True,
[36m(TaskRunnerV1 pid=761016)[0m                                          'dtype': 'bfloat16',
[36m(TaskRunnerV1 pid=761016)[0m                                          'enable_chunked_prefill': True,
[36m(TaskRunnerV1 pid=761016)[0m                                          'enable_prefix_caching': True,
[36m(TaskRunnerV1 pid=761016)[0m                                          'enforce_eager': True,
[36m(TaskRunnerV1 pid=761016)[0m                                          'engine_kwargs': {},
[36m(TaskRunnerV1 pid=761016)[0m                                          'expert_parallel_size': 1,
[36m(TaskRunnerV1 pid=761016)[0m                                          'free_cache_engine': True,
[36m(TaskRunnerV1 pid=761016)[0m                                          'full_determinism': False,
[36m(TaskRunnerV1 pid=761016)[0m                                          'gpu_memory_utilization': 0.5,
[36m(TaskRunnerV1 pid=761016)[0m                                          'ignore_eos': False,
[36m(TaskRunnerV1 pid=761016)[0m                                          'layered_summon': False,
[36m(TaskRunnerV1 pid=761016)[0m                                          'limit_images': None,
[36m(TaskRunnerV1 pid=761016)[0m                                          'load_format': 'auto',
[36m(TaskRunnerV1 pid=761016)[0m                                          'max_model_len': None,
[36m(TaskRunnerV1 pid=761016)[0m                                          'max_num_batched_tokens': 8192,
[36m(TaskRunnerV1 pid=761016)[0m                                          'max_num_seqs': 1024,
[36m(TaskRunnerV1 pid=761016)[0m                                          'mtp': None,
[36m(TaskRunnerV1 pid=761016)[0m                                          'multi_stage_wake_up': False,
[36m(TaskRunnerV1 pid=761016)[0m                                          'n': 1,
[36m(TaskRunnerV1 pid=761016)[0m                                          'name': '???',
[36m(TaskRunnerV1 pid=761016)[0m                                          'pipeline_model_parallel_size': 1,
[36m(TaskRunnerV1 pid=761016)[0m                                          'prompt_length': 2048,
[36m(TaskRunnerV1 pid=761016)[0m                                          'quantization': None,
[36m(TaskRunnerV1 pid=761016)[0m                                          'quantization_config_file': None,
[36m(TaskRunnerV1 pid=761016)[0m                                          'response_length': 2048,
[36m(TaskRunnerV1 pid=761016)[0m                                          'scheduling_policy': 'fcfs',
[36m(TaskRunnerV1 pid=761016)[0m                                          'seed': 42,
[36m(TaskRunnerV1 pid=761016)[0m                                          'skip_tokenizer_init': False,
[36m(TaskRunnerV1 pid=761016)[0m                                          'temperature': 1.0,
[36m(TaskRunnerV1 pid=761016)[0m                                          'tensor_model_parallel_size': 2,
[36m(TaskRunnerV1 pid=761016)[0m                                          'top_k': -1,
[36m(TaskRunnerV1 pid=761016)[0m                                          'top_p': 1}},
[36m(TaskRunnerV1 pid=761016)[0m             'sandbox_fusion': {'_target_': 'verl.workers.config.SandboxFusionConfig',
[36m(TaskRunnerV1 pid=761016)[0m                                'max_concurrent': 64,
[36m(TaskRunnerV1 pid=761016)[0m                                'memory_limit_mb': 1024,
[36m(TaskRunnerV1 pid=761016)[0m                                'url': None}},
[36m(TaskRunnerV1 pid=761016)[0m  'reward_model': {'enable': None,
[36m(TaskRunnerV1 pid=761016)[0m                   'enable_resource_pool': None,
[36m(TaskRunnerV1 pid=761016)[0m                   'model': {'external_lib': None,
[36m(TaskRunnerV1 pid=761016)[0m                             'path': None,
[36m(TaskRunnerV1 pid=761016)[0m                             'trust_remote_code': None},
[36m(TaskRunnerV1 pid=761016)[0m                   'n_gpus_per_node': None,
[36m(TaskRunnerV1 pid=761016)[0m                   'nnodes': None,
[36m(TaskRunnerV1 pid=761016)[0m                   'num_workers': None,
[36m(TaskRunnerV1 pid=761016)[0m                   'reward_loop_class_name': None,
[36m(TaskRunnerV1 pid=761016)[0m                   'reward_loop_module_path': None,
[36m(TaskRunnerV1 pid=761016)[0m                   'reward_loop_source': None,
[36m(TaskRunnerV1 pid=761016)[0m                   'reward_manager': None,
[36m(TaskRunnerV1 pid=761016)[0m                   'rollout': {'cudagraph_capture_sizes': None,
[36m(TaskRunnerV1 pid=761016)[0m                               'data_parallel_size': None,
[36m(TaskRunnerV1 pid=761016)[0m                               'disable_log_stats': None,
[36m(TaskRunnerV1 pid=761016)[0m                               'dtype': None,
[36m(TaskRunnerV1 pid=761016)[0m                               'enable_chunked_prefill': None,
[36m(TaskRunnerV1 pid=761016)[0m                               'enable_prefix_caching': None,
[36m(TaskRunnerV1 pid=761016)[0m                               'enforce_eager': None,
[36m(TaskRunnerV1 pid=761016)[0m                               'engine_kwargs': None,
[36m(TaskRunnerV1 pid=761016)[0m                               'expert_parallel_size': None,
[36m(TaskRunnerV1 pid=761016)[0m                               'free_cache_engine': None,
[36m(TaskRunnerV1 pid=761016)[0m                               'gpu_memory_utilization': None,
[36m(TaskRunnerV1 pid=761016)[0m                               'limit_images': None,
[36m(TaskRunnerV1 pid=761016)[0m                               'load_format': None,
[36m(TaskRunnerV1 pid=761016)[0m                               'max_model_len': None,
[36m(TaskRunnerV1 pid=761016)[0m                               'max_num_batched_tokens': None,
[36m(TaskRunnerV1 pid=761016)[0m                               'max_num_seqs': None,
[36m(TaskRunnerV1 pid=761016)[0m                               'name': None,
[36m(TaskRunnerV1 pid=761016)[0m                               'prompt_length': None,
[36m(TaskRunnerV1 pid=761016)[0m                               'response_length': None,
[36m(TaskRunnerV1 pid=761016)[0m                               'skip_tokenizer_init': None,
[36m(TaskRunnerV1 pid=761016)[0m                               'tensor_model_parallel_size': None}},
[36m(TaskRunnerV1 pid=761016)[0m  'sandbox_fusion': {'max_concurrent': None,
[36m(TaskRunnerV1 pid=761016)[0m                     'memory_limit_mb': None,
[36m(TaskRunnerV1 pid=761016)[0m                     'url': None},
[36m(TaskRunnerV1 pid=761016)[0m  'skip': {'_target_': 'verl.utils.skip.SkipManagerConfig',
[36m(TaskRunnerV1 pid=761016)[0m           'async_rollout': {'action': 'cache',
[36m(TaskRunnerV1 pid=761016)[0m                             'dump_dir': '~/.verl/rollout_dump',
[36m(TaskRunnerV1 pid=761016)[0m                             'enable': False,
[36m(TaskRunnerV1 pid=761016)[0m                             'steps': []},
[36m(TaskRunnerV1 pid=761016)[0m           'rollout': {'action': 'cache',
[36m(TaskRunnerV1 pid=761016)[0m                       'dump_dir': '~/.verl/rollout_dump',
[36m(TaskRunnerV1 pid=761016)[0m                       'enable': False,
[36m(TaskRunnerV1 pid=761016)[0m                       'steps': []}},
[36m(TaskRunnerV1 pid=761016)[0m  'trainer': {'balance_batch': True,
[36m(TaskRunnerV1 pid=761016)[0m              'critic_warmup': 0,
[36m(TaskRunnerV1 pid=761016)[0m              'default_hdfs_dir': None,
[36m(TaskRunnerV1 pid=761016)[0m              'default_local_dir': '/data2/hjk/checkpoints/verl_qwen3vl/mathverse_text_qwen25_1p5b_grpo_answer_a0_clean_rerun512_seed42',[36m(TaskRunnerV1 pid=761016)[0m /data2/hjk/projects/verl/verl/trainer/ppo/v1/trainer_base.py:113: UserWarning: Disabled critic as algorithm.adv_estimator != gae. If it is not intended, please set critic.enable=True
[36m(TaskRunnerV1 pid=761016)[0m   self.use_critic = need_critic(self.config)
[36m(TaskRunnerV1 pid=761016)[0m Filtering prompts longer than 2048 tokens (num_proc=1):   0%|          | 0/500 [00:00<?, ? examples/s]
[36m(TaskRunnerV1 pid=761016)[0m Filtering prompts longer than 2048 tokens (num_proc=1): 100%|██████████| 500/500 [00:00<00:00, 528.27 examples/s]
[36m(TaskRunnerV1 pid=761016)[0m Filtering prompts longer than 2048 tokens (num_proc=1): 100%|██████████| 500/500 [00:01<00:00, 461.63 examples/s]
[36m(TaskRunnerV1 pid=761016)[0m Filtering prompts longer than 2048 tokens (num_proc=1):   0%|          | 0/128 [00:00<?, ? examples/s]
[36m(TaskRunnerV1 pid=761016)[0m Filtering prompts longer than 2048 tokens (num_proc=1): 100%|██████████| 128/128 [00:00<00:00, 173.35 examples/s]
[36m(TaskRunnerV1 pid=761016)[0m Filtering prompts longer than 2048 tokens (num_proc=1): 100%|██████████| 128/128 [00:00<00:00, 146.79 examples/s]
[36m(TaskRunnerV1 pid=761016)[0m INFO:2026-07-05 01:35:12,056:train and validate dataloader initialized, train dataset size: 500, val dataset size: 128
[36m(TaskRunnerV1 pid=761016)[0m INFO:2026-07-05 01:35:12,057:Total training steps: 125
[36m(TaskRunnerV1 pid=761016)[0m /data2/hjk/projects/verl/verl/trainer/ppo/v1/trainer_base.py:596: UserWarning: Disabled critic as algorithm.adv_estimator != gae. If it is not intended, please set critic.enable=True
[36m(TaskRunnerV1 pid=761016)[0m   if need_critic(config):
[36m(TaskRunnerV1 pid=761016)[0m INFO:2026-07-05 01:35:12,070:worker group kwargs: {'device_name': 'cuda'}
[36m(TaskRunnerV1 pid=761016)[0m INFO:2026-07-05 01:35:13,085:create worker group dict_keys(['actor_rollout'])
[36m(pid=762273)[0m /data2/hjk/envs/verl_qwen3vl_py311/lib/python3.11/site-packages/transformers/utils/hub.py:110: FutureWarning: Using `TRANSFORMERS_CACHE` is deprecated and will be removed in v5 of Transformers. Use `HF_HOME` instead.
[36m(pid=762273)[0m   warnings.warn(
[36m(WorkerDict pid=762273)[0m /data2/hjk/projects/verl/verl/workers/engine/mindspeed/transformer_impl.py:24: UserWarning: NPU not support router replay for now.
[36m(WorkerDict pid=762273)[0m   from verl.utils.megatron.router_replay_patch import RouterReplay
[36m(WorkerDict pid=762273)[0m `torch_dtype` is deprecated! Use `dtype` instead!
[36m(WorkerDict pid=762273)[0m /data2/hjk/envs/verl_qwen3vl_py311/lib/python3.11/site-packages/torch/distributed/fsdp/_init_utils.py:430: UserWarning: FSDP is switching to use `NO_SHARD` instead of ShardingStrategy.FULL_SHARD since the world size is 1.
[36m(WorkerDict pid=762273)[0m   warnings.warn(
[36m(WorkerDict pid=762273)[0m /data2/hjk/envs/verl_qwen3vl_py311/lib/python3.11/site-packages/torch/distributed/fsdp/fully_sharded_data_parallel.py:678: FutureWarning: FSDP.state_dict_type() and FSDP.set_state_dict_type() are being deprecated. Please use APIs, get_state_dict() and set_state_dict(), which can support different parallelisms, FSDP1, FSDP2, DDP. API doc: https://pytorch.org/docs/stable/distributed.checkpoint.html#torch.distributed.checkpoint.state_dict.get_state_dict .Tutorial: https://pytorch.org/tutorials/recipes/distributed_checkpoint_recipe.html .
[36m(WorkerDict pid=762273)[0m   warnings.warn(
[36m(TaskRunnerV1 pid=761016)[0m INFO:2026-07-05 01:35:26,518:actor and ref model engine initialized
[36m(TaskRunnerV1 pid=761016)[0m INFO:2026-07-05 01:35:26,588:reward loop manager initialized
[36m(pid=762693)[0m /data2/hjk/envs/verl_qwen3vl_py311/lib/python3.11/site-packages/transformers/utils/hub.py:110: FutureWarning: Using `TRANSFORMERS_CACHE` is deprecated and will be removed in v5 of Transformers. Use `HF_HOME` instead.
[36m(pid=762751)[0m   warnings.warn([32m [repeated 2x across cluster] (Ray deduplicates logs by default. Set RAY_DEDUP_LOGS=0 to disable log deduplication, or see https://docs.ray.io/en/master/ray-observability/user-guides/configure-logging.html#log-deduplication for more options.)[0m

[36m(TaskRunnerV1 pid=761016)[0m              'del_local_ckpt_after_load': False,
[36m(TaskRunnerV1 pid=761016)[0m              'device': 'cuda',
[36m(TaskRunnerV1 pid=761016)[0m              'esi_redundant_time': 0,
[36m(TaskRunnerV1 pid=761016)[0m              'experiment_name': 'mathverse_text_qwen25_1p5b_grpo_answer_a0_clean_rerun512_seed42',
[36m(TaskRunnerV1 pid=761016)[0m              'log_val_generations': 128,
[36m(TaskRunnerV1 pid=761016)[0m              'logger': ['console'],
[36m(TaskRunnerV1 pid=761016)[0m              'max_actor_ckpt_to_keep': None,
[36m(TaskRunnerV1 pid=761016)[0m              'max_critic_ckpt_to_keep': None,
[36m(TaskRunnerV1 pid=761016)[0m              'n_gpus_per_node': 1,
[36m(TaskRunnerV1 pid=761016)[0m              'nnodes': 1,
[36m(TaskRunnerV1 pid=761016)[0m              'project_name': 'mathverse_text_grpo_answer',
[36m(TaskRunnerV1 pid=761016)[0m              'ray_wait_register_center_timeout': 300,
[36m(TaskRunnerV1 pid=761016)[0m              'resume_from_path': None,
[36m(TaskRunnerV1 pid=761016)[0m              'resume_mode': 'auto',
[36m(TaskRunnerV1 pid=761016)[0m              'rollout_data_dir': None,
[36m(TaskRunnerV1 pid=761016)[0m              'save_freq': 125,
[36m(TaskRunnerV1 pid=761016)[0m              'test_freq': 25,
[36m(TaskRunnerV1 pid=761016)[0m              'total_epochs': 1,
[36m(TaskRunnerV1 pid=761016)[0m              'total_training_steps': 125,
[36m(TaskRunnerV1 pid=761016)[0m              'use_v1': True,
[36m(TaskRunnerV1 pid=761016)[0m              'v1': {'colocate_async': {'num_warmup_batches': 1},
[36m(TaskRunnerV1 pid=761016)[0m                     'sampler': {'custom_sampler': {'name': None, 'path': None},
[36m(TaskRunnerV1 pid=761016)[0m                                 'max_off_policy_strategy': 'drop',
[36m(TaskRunnerV1 pid=761016)[0m                                 'max_off_policy_threshold': 8,
[36m(TaskRunnerV1 pid=761016)[0m                                 'sampler_kwargs': {}},
[36m(TaskRunnerV1 pid=761016)[0m                     'separate_async': {'num_warmup_batches': 4,
[36m(TaskRunnerV1 pid=761016)[0m                                        'parameter_sync_step': 4},
[36m(TaskRunnerV1 pid=761016)[0m                     'sync': {},
[36m(TaskRunnerV1 pid=761016)[0m                     'trainer_mode': 'sync'},
[36m(TaskRunnerV1 pid=761016)[0m              'val_before_train': True,
[36m(TaskRunnerV1 pid=761016)[0m              'val_only': False,
[36m(TaskRunnerV1 pid=761016)[0m              'validation_data_dir': '/data2/hjk/projects/AI-HiddenState-ER/rl_audit/mathverse_text_qwen25_1p5b_grpo_answer_a0_clean_rerun512_seed42/validation_generations'},
[36m(TaskRunnerV1 pid=761016)[0m  'transfer_queue': {'backend': {'MooncakeStore': {'auto_init': False,
[36m(TaskRunnerV1 pid=761016)[0m                                                   'device_name': '',
[36m(TaskRunnerV1 pid=761016)[0m                                                   'global_segment_size': 4294967296,
[36m(TaskRunnerV1 pid=761016)[0m                                                   'local_buffer_size': 1073741824,
[36m(TaskRunnerV1 pid=761016)[0m                                                   'local_hostname': 'localhost',
[36m(TaskRunnerV1 pid=761016)[0m                                                   'master_server_address': 'localhost:50124',
[36m(TaskRunnerV1 pid=761016)[0m                                                   'metadata_server': 'localhost:50123',
[36m(TaskRunnerV1 pid=761016)[0m                                                   'protocol': 'tcp'},
[36m(TaskRunnerV1 pid=761016)[0m                                 'SimpleStorage': {'num_data_storage_units': 8,
[36m(TaskRunnerV1 pid=761016)[0m                                                   'total_storage_size': 100000},
[36m(TaskRunnerV1 pid=761016)[0m                                 'storage_backend': 'SimpleStorage'},
[36m(TaskRunnerV1 pid=761016)[0m                     'enable': True,
[36m(TaskRunnerV1 pid=761016)[0m                     'metrics': {'enabled': False, 'port': 0}}}
[36m(TaskRunnerV1 pid=761016)[0m Using dataset class: RLHFDataset
[36m(TaskRunnerV1 pid=761016)[0m dataset len: 500
[36m(TaskRunnerV1 pid=761016)[0m filter dataset len: 500
[36m(TaskRunnerV1 pid=761016)[0m Using dataset class: RLHFDataset
[36m(TaskRunnerV1 pid=761016)[0m dataset len: 128
[36m(TaskRunnerV1 pid=761016)[0m filter dataset len: 128
[36m(TaskRunnerV1 pid=761016)[0m colocated worker base class <class 'verl.single_controller.base.worker.Worker'>
[36m(WorkerDict pid=762273)[0m [Gloo] Rank 0 is connected to 0 peer ranks. Expected number of connected peer ranks is : 0
[36m(WorkerDict pid=762273)[0m Warning: Failed to set NUMA affinity: libnuma.so: cannot open shared object file: No such file or directory
[36m(WorkerDict pid=762273)[0m Monkey patch _flash_attention_forward in transformers.integrations.flash_attention
[36m(WorkerDict pid=762273)[0m Skipping monkey patch for Qwen2ForCausalLM as use_fused_kernels is False or fused_kernels_backend is torch
[36m(WorkerDict pid=762273)[0m PeftModelForCausalLM contains 1.55B parameters
[36m(WorkerDict pid=762273)[0m Before FSDP, memory allocated (GB): 0.00, memory reserved (GB): 0.00, device memory used/total (GB): 0.51/139.80
[36m(WorkerDict pid=762273)[0m After FSDP, memory allocated (GB): 5.79, memory reserved (GB): 6.90, device memory used/total (GB): 8.05/139.80
[36m(WorkerDict pid=762273)[0m Total steps: 125, num_warmup_steps: 0
[36m(WorkerDict pid=762273)[0m NCCL version 2.27.3+cuda12.9
[36m(WorkerDict pid=762273)[0m [Gloo] Rank 0 is connected to 0 peer ranks. Expected number of connected peer ranks is : 0
[36m(WorkerDict pid=762273)[0m [Gloo] Rank 0 is connected to 0 peer ranks. Expected number of connected peer ranks is : 0
[36m(WorkerDict pid=762273)[0m [Gloo] Rank 0 is connected to 0 peer ranks. Expected number of connected peer ranks is : 0
[36m(TaskRunnerV1 pid=761016)[0m WARNING 07-05 01:35:29 [api_server.py:1213] LoRA dynamic loading & unloading is enabled in the API server. This should ONLY be used for local development!
[36m(pid=762751)[0m WARNING 07-05 01:35:36 [api_server.py:1213] LoRA dynamic loading & unloading is enabled in the API server. This should ONLY be used for local development!
[36m(vLLMHttpServer pid=762751)[0m ['serve',
[36m(vLLMHttpServer pid=762751)[0m  '/data2/hjk/models/huggingface/hub/models--Qwen--Qwen2.5-1.5B-Instruct/snapshots/989aa7980e4cf806f80c7fef2b1adb7bc71aa306',
[36m(vLLMHttpServer pid=762751)[0m  '--dtype',
[36m(vLLMHttpServer pid=762751)[0m  'bfloat16',
[36m(vLLMHttpServer pid=762751)[0m  '--load_format',
[36m(vLLMHttpServer pid=762751)[0m  'dummy',
[36m(vLLMHttpServer pid=762751)[0m  '--distributed_executor_backend',
[36m(vLLMHttpServer pid=762751)[0m  'mp',
[36m(vLLMHttpServer pid=762751)[0m  '--worker_extension_cls',
[36m(vLLMHttpServer pid=762751)[0m  'verl.workers.rollout.vllm_rollout.utils.vLLMColocateWorkerExtension',
[36m(vLLMHttpServer pid=762751)[0m  '--max_model_len',
[36m(vLLMHttpServer pid=762751)[0m  '32768',
[36m(vLLMHttpServer pid=762751)[0m  '--max_num_seqs',
[36m(vLLMHttpServer pid=762751)[0m  '1024',
[36m(vLLMHttpServer pid=762751)[0m  '--enable_chunked_prefill',
[36m(vLLMHttpServer pid=762751)[0m  '--max_num_batched_tokens',
[36m(vLLMHttpServer pid=762751)[0m  '8192',
[36m(vLLMHttpServer pid=762751)[0m  '--enable_prefix_caching',
[36m(vLLMHttpServer pid=762751)[0m  '--enable_sleep_mode',
[36m(vLLMHttpServer pid=762751)[0m  '--logprobs_mode',
[36m(vLLMHttpServer pid=762751)[0m  'processed_logprobs',
[36m(vLLMHttpServer pid=762751)[0m  '--gpu_memory_utilization',
[36m(vLLMHttpServer pid=762751)[0m  '0.35',
[36m(vLLMHttpServer pid=762751)[0m  '--disable_log_stats',
[36m(vLLMHttpServer pid=762751)[0m  '--tensor_parallel_size',
[36m(vLLMHttpServer pid=762751)[0m  '1',
[36m(vLLMHttpServer pid=762751)[0m  '--seed',
[36m(vLLMHttpServer pid=762751)[0m  '42',
[36m(vLLMHttpServer pid=762751)[0m  '--override_generation_config',
[36m(vLLMHttpServer pid=762751)[0m  '{"temperature": 1.0, "top_k": -1, "top_p": 1.0, "repetition_penalty": 1.0, '[36m(vLLMHttpServer pid=762751)[0m WARNING:2026-07-05 01:35:37,536:agent loop only support torch and npu profiler, got None
[36m(vLLMHttpServer pid=762751)[0m INFO:2026-07-05 01:35:37,536:vLLMHttpServer, replica_rank: 0, node_rank: 0, CUDA_VISIBLE_DEVICES: 0, master_address: 202.120.39.159, master_port: 38415, data_parallel_rpc_port: 33385, data_parallel_master_port: 42989
[36m(vLLMHttpServer pid=762751)[0m INFO:2026-07-05 01:35:37,545:override_generation_config: {'temperature': 1.0, 'top_k': -1, 'top_p': 1.0, 'repetition_penalty': 1.0, 'max_new_tokens': 512}
[36m(vLLMHttpServer pid=762751)[0m INFO:2026-07-05 01:35:37,545:enable_sleep_mode: True
[36m(vLLMHttpServer pid=762751)[0m `torch_dtype` is deprecated! Use `dtype` instead!
[36m(pid=762751)[0m /data2/hjk/envs/verl_qwen3vl_py311/lib/python3.11/site-packages/transformers/utils/hub.py:110: FutureWarning: Using `TRANSFORMERS_CACHE` is deprecated and will be removed in v5 of Transformers. Use `HF_HOME` instead.
[36m(vLLMHttpServer pid=762751)[0m /data2/hjk/envs/verl_qwen3vl_py311/lib/python3.11/site-packages/transformers/utils/hub.py:110: FutureWarning: Using `TRANSFORMERS_CACHE` is deprecated and will be removed in v5 of Transformers. Use `HF_HOME` instead.
[36m(vLLMHttpServer pid=762751)[0m   warnings.warn(
[36m(vLLMHttpServer pid=762751)[0m /data2/hjk/envs/verl_qwen3vl_py311/lib/python3.11/site-packages/transformers/utils/hub.py:110: FutureWarning: Using `TRANSFORMERS_CACHE` is deprecated and will be removed in v5 of Transformers. Use `HF_HOME` instead.
[36m(vLLMHttpServer pid=762751)[0m   warnings.warn(
[36m(vLLMHttpServer pid=762751)[0m [1;36m(Worker pid=762973)[0;0m Capturing CUDA graphs (mixed prefill-decode, PIECEWISE):   0%|          | 0/67 [00:00<?, ?it/s]
[36m(vLLMHttpServer pid=762751)[0m Capturing CUDA graphs (mixed prefill-decode, PIECEWISE):   1%|▏         | 1/67 [00:00<00:06,  9.45it/s]
[36m(vLLMHttpServer pid=762751)[0m Capturing CUDA graphs (mixed prefill-decode, PIECEWISE):   4%|▍         | 3/67 [00:00<00:05, 11.99it/s]
[36m(vLLMHttpServer pid=762751)[0m Capturing CUDA graphs (mixed prefill-decode, PIECEWISE):   7%|▋         | 5/67 [00:00<00:04, 12.82it/s]
[36m(vLLMHttpServer pid=762751)[0m Capturing CUDA graphs (mixed prefill-decode, PIECEWISE):  10%|█         | 7/67 [00:00<00:04, 13.46it/s]
[36m(vLLMHttpServer pid=762751)[0m Capturing CUDA graphs (mixed prefill-decode, PIECEWISE):  13%|█▎        | 9/67 [00:00<00:04, 13.34it/s]
[36m(vLLMHttpServer pid=762751)[0m Capturing CUDA graphs (mixed prefill-decode, PIECEWISE):  16%|█▋        | 11/67 [00:00<00:04, 13.39it/s]
[36m(vLLMHttpServer pid=762751)[0m Capturing CUDA graphs (mixed prefill-decode, PIECEWISE):  19%|█▉        | 13/67 [00:00<00:04, 13.37it/s]
[36m(vLLMHttpServer pid=762751)[0m Capturing CUDA graphs (mixed prefill-decode, PIECEWISE):  22%|██▏       | 15/67 [00:01<00:03, 13.43it/s]
[36m(vLLMHttpServer pid=762751)[0m Capturing CUDA graphs (mixed prefill-decode, PIECEWISE):  25%|██▌       | 17/67 [00:01<00:03, 13.43it/s]
[36m(vLLMHttpServer pid=762751)[0m Capturing CUDA graphs (mixed prefill-decode, PIECEWISE):  28%|██▊       | 19/67 [00:01<00:03, 13.46it/s]
[36m(vLLMHttpServer pid=762751)[0m Capturing CUDA graphs (mixed prefill-decode, PIECEWISE):  31%|███▏      | 21/67 [00:01<00:03, 13.43it/s]
[36m(vLLMHttpServer pid=762751)[0m Capturing CUDA graphs (mixed prefill-decode, PIECEWISE):  34%|███▍      | 23/67 [00:01<00:03, 13.24it/s]
[36m(vLLMHttpServer pid=762751)[0m Capturing CUDA graphs (mixed prefill-decode, PIECEWISE):  37%|███▋      | 25/67 [00:01<00:03, 13.12it/s]
[36m(vLLMHttpServer pid=762751)[0m Capturing CUDA graphs (mixed prefill-decode, PIECEWISE):  40%|████      | 27/67 [00:02<00:03, 13.26it/s]
[36m(vLLMHttpServer pid=762751)[0m Capturing CUDA graphs (mixed prefill-decode, PIECEWISE):  43%|████▎     | 29/67 [00:02<00:02, 13.20it/s]
[36m(vLLMHttpServer pid=762751)[0m Capturing CUDA graphs (mixed prefill-decode, PIECEWISE):  46%|████▋     | 31/67 [00:02<00:02, 13.24it/s]
[36m(vLLMHttpServer pid=762751)[0m Capturing CUDA graphs (mixed prefill-decode, PIECEWISE):  49%|████▉     | 33/67 [00:02<00:02, 12.87it/s]
[36m(vLLMHttpServer pid=762751)[0m Capturing CUDA graphs (mixed prefill-decode, PIECEWISE):  52%|█████▏    | 35/67 [00:02<00:02, 12.93it/s]
[36m(vLLMHttpServer pid=762751)[0m Capturing CUDA graphs (mixed prefill-decode, PIECEWISE):  55%|█████▌    | 37/67 [00:02<00:02, 12.96it/s]
[36m(vLLMHttpServer pid=762751)[0m Capturing CUDA graphs (mixed prefill-decode, PIECEWISE):  58%|█████▊    | 39/67 [00:02<00:02, 12.78it/s]
[36m(vLLMHttpServer pid=762751)[0m Capturing CUDA graphs (mixed prefill-decode, PIECEWISE):  61%|██████    | 41/67 [00:03<00:02, 12.65it/s]
[36m(vLLMHttpServer pid=762751)[0m Capturing CUDA graphs (mixed prefill-decode, PIECEWISE):  64%|██████▍   | 43/67 [00:03<00:01, 12.80it/s]
[36m(vLLMHttpServer pid=762751)[0m Capturing CUDA graphs (mixed prefill-decode, PIECEWISE):  67%|██████▋   | 45/67 [00:03<00:01, 12.63it/s]
[36m(vLLMHttpServer pid=762751)[0m Capturing CUDA graphs (mixed prefill-decode, PIECEWISE):  70%|███████   | 47/67 [00:03<00:01, 12.59it/s]
[36m(vLLMHttpServer pid=762751)[0m Capturing CUDA graphs (mixed prefill-decode, PIECEWISE):  73%|███████▎  | 49/67 [00:03<00:01, 12.55it/s]
[36m(vLLMHttpServer pid=762751)[0m Capturing CUDA graphs (mixed prefill-decode, PIECEWISE):  76%|███████▌  | 51/67 [00:03<00:01, 12.29it/s]
[36m(vLLMHttpServer pid=762751)[0m Capturing CUDA graphs (mixed prefill-decode, PIECEWISE):  79%|███████▉  | 53/67 [00:04<00:01, 12.11it/s]
[36m(vLLMHttpServer pid=762751)[0m Capturing CUDA graphs (mixed prefill-decode, PIECEWISE):  82%|████████▏ | 55/67 [00:04<00:00, 12.15it/s]
[36m(vLLMHttpServer pid=762751)[0m Capturing CUDA graphs (mixed prefill-decode, PIECEWISE):  85%|████████▌ | 57/67 [00:04<00:00, 12.06it/s]
[36m(vLLMHttpServer pid=762751)[0m Capturing CUDA graphs (mixed prefill-decode, PIECEWISE):  88%|████████▊ | 59/67 [00:04<00:00, 12.19it/s]
[36m(vLLMHttpServer pid=762751)[0m Capturing CUDA graphs (mixed prefill-decode, PIECEWISE):  91%|█████████ | 61/67 [00:04<00:00, 12.25it/s]
[36m(vLLMHttpServer pid=762751)[0m Capturing CUDA graphs (mixed prefill-decode, PIECEWISE):  94%|█████████▍| 63/67 [00:04<00:00, 12.29it/s]
[36m(vLLMHttpServer pid=762751)[0m Capturing CUDA graphs (mixed prefill-decode, PIECEWISE):  97%|█████████▋| 65/67 [00:05<00:00, 12.65it/s]
[36m(vLLMHttpServer pid=762751)[0m Capturing CUDA graphs (mixed prefill-decode, PIECEWISE): 100%|██████████| 67/67 [00:05<00:00, 12.49it/s]Capturing CUDA graphs (mixed prefill-decode, PIECEWISE): 100%|██████████| 67/67 [00:05<00:00, 12.77it/s]
[36m(vLLMHttpServer pid=762751)[0m [1;36m(Worker pid=762973)[0;0m Capturing CUDA graphs (decode, FULL):   0%|          | 0/67 [00:00<?, ?it/s]
[36m(vLLMHttpServer pid=762751)[0m Capturing CUDA graphs (decode, FULL):   3%|▎         | 2/67 [00:00<00:05, 12.25it/s]
[36m(vLLMHttpServer pid=762751)[0m Capturing CUDA graphs (decode, FULL):   6%|▌         | 4/67 [00:00<00:04, 13.92it/s]
[36m(vLLMHttpServer pid=762751)[0m Capturing CUDA graphs (decode, FULL):   9%|▉         | 6/67 [00:00<00:04, 14.57it/s]
[36m(vLLMHttpServer pid=762751)[0m Capturing CUDA graphs (decode, FULL):  12%|█▏        | 8/67 [00:00<00:03, 14.93it/s]
[36m(vLLMHttpServer pid=762751)[0m Capturing CUDA graphs (decode, FULL):  15%|█▍        | 10/67 [00:00<00:03, 15.01it/s]
[36m(vLLMHttpServer pid=762751)[0m Capturing CUDA graphs (decode, FULL):  18%|█▊        | 12/67 [00:00<00:03, 15.09it/s]
[36m(vLLMHttpServer pid=762751)[0m Capturing CUDA graphs (decode, FULL):  21%|██        | 14/67 [00:00<00:03, 15.18it/s]
[36m(vLLMHttpServer pid=762751)[0m Capturing CUDA graphs (decode, FULL):  24%|██▍       | 16/67 [00:01<00:03, 15.29it/s]
[36m(vLLMHttpServer pid=762751)[0m Capturing CUDA graphs (decode, FULL):  27%|██▋       | 18/67 [00:01<00:03, 15.30it/s]
[36m(vLLMHttpServer pid=762751)[0m Capturing CUDA graphs (decode, FULL):  30%|██▉       | 20/67 [00:01<00:03, 15.35it/s]
[36m(vLLMHttpServer pid=762751)[0m Capturing CUDA graphs (decode, FULL):  33%|███▎      | 22/67 [00:01<00:02, 15.38it/s]
[36m(vLLMHttpServer pid=762751)[0m Capturing CUDA graphs (decode, FULL):  36%|███▌      | 24/67 [00:01<00:02, 15.31it/s]
[36m(vLLMHttpServer pid=762751)[0m Capturing CUDA graphs (decode, FULL):  39%|███▉      | 26/67 [00:01<00:02, 15.35it/s]
[36m(vLLMHttpServer pid=762751)[0m Capturing CUDA graphs (decode, FULL):  42%|████▏     | 28/67 [00:01<00:02, 15.35it/s]
[36m(vLLMHttpServer pid=762751)[0m Capturing CUDA graphs (decode, FULL):  45%|████▍     | 30/67 [00:01<00:02, 15.36it/s]
[36m(vLLMHttpServer pid=762751)[0m Capturing CUDA graphs (decode, FULL):  48%|████▊     | 32/67 [00:02<00:02, 15.35it/s]
[36m(vLLMHttpServer pid=762751)[0m Capturing CUDA graphs (decode, FULL):  51%|█████     | 34/67 [00:02<00:02, 15.32it/s]
[36m(vLLMHttpServer pid=762751)[0m Capturing CUDA graphs (decode, FULL):  54%|█████▎    | 36/67 [00:02<00:02, 15.32it/s]
[36m(vLLMHttpServer pid=762751)[0m Capturing CUDA graphs (decode, FULL):  57%|█████▋    | 38/67 [00:02<00:01, 15.33it/s]
[36m(vLLMHttpServer pid=762751)[0m Capturing CUDA graphs (decode, FULL):  60%|█████▉    | 40/67 [00:02<00:01, 15.31it/s]
[36m(vLLMHttpServer pid=762751)[0m Capturing CUDA graphs (decode, FULL):  63%|██████▎   | 42/67 [00:02<00:01, 15.33it/s]
[36m(vLLMHttpServer pid=762751)[0m Capturing CUDA graphs (decode, FULL):  66%|██████▌   | 44/67 [00:02<00:01, 15.34it/s]
[36m(vLLMHttpServer pid=762751)[0m Capturing CUDA graphs (decode, FULL):  69%|██████▊   | 46/67 [00:03<00:01, 15.30it/s]
[36m(vLLMHttpServer pid=762751)[0m Capturing CUDA graphs (decode, FULL):  72%|███████▏  | 48/67 [00:03<00:01, 15.31it/s]
[36m(vLLMHttpServer pid=762751)[0m Capturing CUDA graphs (decode, FULL):  75%|███████▍  | 50/67 [00:03<00:01, 15.32it/s]
[36m(vLLMHttpServer pid=762751)[0m Capturing CUDA graphs (decode, FULL):  78%|███████▊  | 52/67 [00:03<00:00, 15.39it/s]
[36m(vLLMHttpServer pid=762751)[0m Capturing CUDA graphs (decode, FULL):  81%|████████  | 54/67 [00:03<00:00, 15.33it/s]
[36m(vLLMHttpServer pid=762751)[0m Capturing CUDA graphs (decode, FULL):  84%|████████▎ | 56/67 [00:03<00:00, 15.31it/s]
[36m(vLLMHttpServer pid=762751)[0m Capturing CUDA graphs (decode, FULL):  87%|████████▋ | 58/67 [00:03<00:00, 15.36it/s]
[36m(vLLMHttpServer pid=762751)[0m Capturing CUDA graphs (decode, FULL):  90%|████████▉ | 60/67 [00:03<00:00, 15.38it/s]
[36m(vLLMHttpServer pid=762751)[0m Capturing CUDA graphs (decode, FULL):  93%|█████████▎| 62/67 [00:04<00:00, 15.40it/s]
[36m(vLLMHttpServer pid=762751)[0m Capturing CUDA graphs (decode, FULL):  96%|█████████▌| 64/67 [00:04<00:00, 15.46it/s]
[36m(vLLMHttpServer pid=762751)[0m Capturing CUDA graphs (decode, FULL):  99%|█████████▊| 66/67 [00:04<00:00, 15.47it/s]
[36m(vLLMHttpServer pid=762751)[0m Capturing CUDA graphs (decode, FULL): 100%|██████████| 67/67 [00:04<00:00, 15.25it/s]
[36m(vLLMHttpServer pid=762751)[0m INFO:2026-07-05 01:36:32,936:Initializing a V1 LLM engine with config: model='/data2/hjk/models/huggingface/hub/models--Qwen--Qwen2.5-1.5B-Instruct/snapshots/989aa7980e4cf806f80c7fef2b1adb7bc71aa306', speculative_config=None, tokenizer='/data2/hjk/models/huggingface/hub/models--Qwen--Qwen2.5-1.5B-Instruct/snapshots/989aa7980e4cf806f80c7fef2b1adb7bc71aa306', skip_tokenizer_init=False, tokenizer_mode=auto, revision=None, tokenizer_revision=None, trust_remote_code=False, dtype=torch.bfloat16, max_seq_len=32768, download_dir=None, load_format=dummy, tensor_parallel_size=1, pipeline_parallel_size=1, data_parallel_size=1, disable_custom_all_reduce=False, quantization=None, enforce_eager=False, kv_cache_dtype=auto, device_config=cuda, structured_outputs_config=StructuredOutputsConfig(backend='auto', disable_fallback=False, disable_any_whitespace=False, disable_additional_properties=False, reasoning_parser=''), observability_config=ObservabilityConfig(show_hidden_metrics_for_version=None, otlp_traces_endpoint=None, collect_detailed_traces=None), seed=42, served_model_name=/data2/hjk/models/huggingface/hub/models--Qwen--Qwen2.5-1.5B-Instruct/snapshots/989aa7980e4cf806f80c7fef2b1adb7bc71aa306, enable_prefix_caching=True, chunked_prefill_enabled=True, pooler_config=None, compilation_config={"level":3,"debug_dump_path":"","cache_dir":"","backend":"","custom_ops":[],"splitting_ops":["vllm.unified_attention","vllm.unified_attention_with_output","vllm.mamba_mixer2","vllm.mamba_mixer","vllm.short_conv","vllm.linear_attention","vllm.plamo2_mamba_mixer","vllm.gdn_attention","vllm.sparse_attn_indexer"],"use_inductor":true,"compile_sizes":[],"inductor_compile_config":{"enable_auto_functionalized_v2":false},"inductor_passes":{},"cudagraph_mode":[2,1],"use_cudagraph":true,"cudagraph_num_of_warmups":1,"cudagraph_capture_sizes":[512,504,496,488,480,472,464,456,448,440,432,424,416,408,400,392,384,376,368,360,352,344,336,328,320,312,304,296,288,280,272,264,256,248,240,232,224,216,208,200,192,184,176,168,160,152,144,136,128,120,112,104,96,88,80,72,64,56,48,40,32,24,16,8,4,2,1],"cudagraph_copy_inputs":false,"full_cuda_graph":false,"use_inductor_graph_partition":false,"pass_config":{},"max_capture_size":512,"local_cache_dir":null}
[36m(TaskRunnerV1 pid=761016)[0m INFO:2026-07-05 01:36:33,212:checkpoint engine manager initialized
[36m(TaskRunnerV1 pid=761016)[0m INFO:2026-07-05 01:36:34,907:Training from scratch
[36m(TaskRunnerV1 pid=761016)[0m INFO:2026-07-05 01:36:34,908:all initialize finished, ready to fit
[36m(WorkerDict pid=762273)[0m /data2/hjk/envs/verl_qwen3vl_py311/lib/python3.11/site-packages/torch/distributed/fsdp/_state_dict_utils.py:763: UserWarning: When using ``NO_SHARD`` for ``ShardingStrategy``, full_state_dict will be returned.
[36m(WorkerDict pid=762273)[0m   warnings.warn(
[36m(WorkerDict pid=762273)[0m /data2/hjk/envs/verl_qwen3vl_py311/lib/python3.11/site-packages/torch/distributed/fsdp/_state_dict_utils.py:701: UserWarning: When using ``NO_SHARD`` for ``ShardingStrategy``, full_state_dict will be returned.
[36m(WorkerDict pid=762273)[0m   warnings.warn(
[36m(GlobalRequestLoadBalancer pid=763742)[0m /data2/hjk/envs/verl_qwen3vl_py311/lib/python3.11/site-packages/transformers/utils/hub.py:110: FutureWarning: Using `TRANSFORMERS_CACHE` is deprecated and will be removed in v5 of Transformers. Use `HF_HOME` instead.
[36m(WorkerDict pid=762273)[0m INFO:2026-07-05 01:36:45,364:update_weights done, time cost: 1.89s
[36m(GlobalRequestLoadBalancer pid=763742)[0m   warnings.warn(
[36m(WorkerDict pid=762273)[0m INFO:2026-07-05 01:36:45,848:update_weights done, time cost: 0.48s
[36m(pid=764075)[0m /data2/hjk/envs/verl_qwen3vl_py311/lib/python3.11/site-packages/transformers/utils/hub.py:110: FutureWarning: Using `TRANSFORMERS_CACHE` is deprecated and will be removed in v5 of Transformers. Use `HF_HOME` instead.
[36m(pid=764075)[0m   warnings.warn(
[36m(pid=764074)[0m /data2/hjk/projects/verl/verl/workers/engine/mindspeed/transformer_impl.py:24: UserWarning: NPU not support router replay for now.
[36m(pid=764074)[0m   from verl.utils.megatron.router_replay_patch import RouterReplay
[36m(AgentLoopWorkerTQ pid=764074)[0m Using blocking ray.get inside async actor. This blocks the event loop. Please use `await` on object ref with asyncio.gather if you want to yield execution to the event loop instead.
[36m(TaskRunnerV1 pid=761016)[0m Training Progress:   0%|          | 0/125 [00:00<?, ?it/s]
[36m(pid=764081)[0m /data2/hjk/envs/verl_qwen3vl_py311/lib/python3.11/site-packages/transformers/utils/hub.py:110: FutureWarning: Using `TRANSFORMERS_CACHE` is deprecated and will be removed in v5 of Transformers. Use `HF_HOME` instead.[32m [repeated 7x across cluster][0m
[36m(pid=764081)[0m   warnings.warn([32m [repeated 7x across cluster][0m
[36m(pid=764081)[0m /data2/hjk/projects/verl/verl/workers/engine/mindspeed/transformer_impl.py:24: UserWarning: NPU not support router replay for now.[32m [repeated 7x across cluster][0m
[36m(pid=764081)[0m   from verl.utils.megatron.router_replay_patch import RouterReplay[32m [repeated 7x across cluster][0m
[36m(AgentLoopWorkerTQ pid=764080)[0m Using blocking ray.get inside async actor. This blocks the event loop. Please use `await` on object ref with asyncio.gather if you want to yield execution to the event loop instead.[32m [repeated 7x across cluster][0m
[36m(WorkerDict pid=762273)[0m INFO:2026-07-05 01:37:08,478:update_weights done, time cost: 0.53s
[36m(WorkerDict pid=762273)[0m Using blocking ray.get inside async actor. This blocks the event loop. Please use `await` on object ref with asyncio.gather if you want to yield execution to the event loop instead.
[36m(TaskRunnerV1 pid=761016)[0m Training Progress:   1%|          | 1/125 [00:09<19:00,  9.19s/it]

[36m(vLLMHttpServer pid=762751)[0m  '"max_new_tokens": 512}',
[36m(vLLMHttpServer pid=762751)[0m  '--hf_overrides',
[36m(vLLMHttpServer pid=762751)[0m  '{}',
[36m(vLLMHttpServer pid=762751)[0m  '--scheduling_policy',
[36m(vLLMHttpServer pid=762751)[0m  'fcfs',
[36m(vLLMHttpServer pid=762751)[0m  '--compilation_config',
[36m(vLLMHttpServer pid=762751)[0m  '{"cudagraph_mode": "FULL_AND_PIECEWISE"}',
[36m(vLLMHttpServer pid=762751)[0m  '--enable_lora',
[36m(vLLMHttpServer pid=762751)[0m  '--max_loras',
[36m(vLLMHttpServer pid=762751)[0m  '1',
[36m(vLLMHttpServer pid=762751)[0m  '--max_lora_rank',
[36m(vLLMHttpServer pid=762751)[0m  '8']
[36m(vLLMHttpServer pid=762751)[0m WARNING 07-05 01:35:37 [lora.py:92] `lora_extra_vocab_size` is deprecated and will be removed in v0.12.0. Additional vocabulary support for LoRA adapters is being phased out.
[36m(vLLMHttpServer pid=762751)[0m WARNING 07-05 01:35:37 [__init__.py:3036] We must use the `spawn` multiprocessing start method. Overriding VLLM_WORKER_MULTIPROC_METHOD to 'spawn'. See https://docs.vllm.ai/en/latest/usage/troubleshooting.html#python-multiprocessing for more information. Reasons: In a Ray actor and can only be spawned; CUDA is initialized
[36m(vLLMHttpServer pid=762751)[0m [Gloo] Rank 0 is connected to 0 peer ranks. Expected number of connected peer ranks is : 0
[36m(vLLMHttpServer pid=762751)[0m [Gloo] Rank 0 is connected to 0 peer ranks. Expected number of connected peer ranks is : 0
[36m(vLLMHttpServer pid=762751)[0m [Gloo] Rank 0 is connected to 0 peer ranks. Expected number of connected peer ranks is : 0
[36m(vLLMHttpServer pid=762751)[0m [Gloo] Rank 0 is connected to 0 peer ranks. Expected number of connected peer ranks is : 0
[36m(vLLMHttpServer pid=762751)[0m [Gloo] Rank 0 is connected to 0 peer ranks. Expected number of connected peer ranks is : 0
[36m(vLLMHttpServer pid=762751)[0m [Gloo] Rank 0 is connected to 0 peer ranks. Expected number of connected peer ranks is : 0
[36m(vLLMHttpServer pid=762751)[0m WARNING 07-05 01:36:32 [model.py:1389] Default sampling parameters have been overridden by the model's Hugging Face generation config recommended from the model creator. If this is not intended, please relaunch vLLM instance with `--generation-config vllm`.
[36m(TaskRunnerV1 pid=761016)[0m LLMServerManager: ['202.120.39.159:37357']
[36m(TaskRunnerV1 pid=761016)[0m Checkpoint tracker file does not exist: /data2/hjk/checkpoints/verl_qwen3vl/mathverse_text_qwen25_1p5b_grpo_answer_a0_clean_rerun512_seed42/latest_checkpointed_iteration.txt
[36m(WorkerDict pid=762273)[0m WARNING 07-05 01:36:35 [api_server.py:1213] LoRA dynamic loading & unloading is enabled in the API server. This should ONLY be used for local development!
[36m(GlobalRequestLoadBalancer pid=763742)[0m WARNING 07-05 01:36:41 [api_server.py:1213] LoRA dynamic loading & unloading is enabled in the API server. This should ONLY be used for local development!
[36m(AgentLoopWorkerTQ pid=764074)[0m Using dataset class: RLHFDataset
[36m(vLLMHttpServer pid=762751)[0m WARNING 07-05 01:36:55 [processor.py:215] vLLM has deprecated support for supporting different tokenizers for different LoRAs. By default, vLLM uses base model's tokenizer. If you are using a LoRA with its own tokenizer, consider specifying `--tokenizer [lora_path]` to use the LoRA tokenizer.
[36m(AgentLoopWorkerTQ pid=764074)[0m WARNING 07-05 01:36:55 [api_server.py:1213] LoRA dynamic loading & unloading is enabled in the API server. This should ONLY be used for local development!
[36m(TaskRunnerV1 pid=761016)[0m ("Initial validation metrics: {'val-aux/MathVerseTextA0Clean/reward/mean@1': "
[36m(TaskRunnerV1 pid=761016)[0m  "np.float64(0.4609375), 'val-core/MathVerseTextA0Clean/acc/mean@1': "
[36m(TaskRunnerV1 pid=761016)[0m  "np.float64(0.4609375), 'val-aux/num_turns/min': np.int64(2), "
[36m(TaskRunnerV1 pid=761016)[0m  "'val-aux/num_turns/max': np.int64(2), 'val-aux/num_turns/mean': "
[36m(TaskRunnerV1 pid=761016)[0m  'np.float64(2.0)}')
[36m(TaskRunnerV1 pid=761016)[0m step:0 - val-aux/MathVerseTextA0Clean/reward/mean@1:np.float64(0.4609375) - val-core/MathVerseTextA0Clean/acc/mean@1:np.float64(0.4609375) - val-aux/num_turns/min:np.int64(2) - val-aux/num_turns/max:np.int64(2) - val-aux/num_turns/mean:np.float64(2.0)
[36m(TaskRunnerV1 pid=761016)[0m Dumped generations to /data2/hjk/projects/AI-HiddenState-ER/rl_audit/mathverse_text_qwen25_1p5b_grpo_answer_a0_clean_rerun512_seed42/validation_generations/0.jsonl
[36m(AgentLoopWorkerTQ pid=764080)[0m Using dataset class: RLHFDataset[32m [repeated 7x across cluster][0m
[36m(TaskRunnerV1 pid=761016)[0m step:1 - global_seqlen/min:6024 - global_seqlen/max:6024 - global_seqlen/minmax_diff:0 - global_seqlen/balanced_min:6024 - global_seqlen/balanced_max:6024 - global_seqlen/mean:6024.0 - actor/entropy:0.7248746156692505 - training/rollout_probs_diff_valid:1 - training/rollout_probs_diff_max:0.062326788902282715 - training/rollout_probs_diff_mean:0.005654658656567335 - training/rollout_probs_diff_std:0.009251086041331291 - training/rollout_actor_probs_pearson_corr:0.9995140433311462 - rollout_corr/training_ppl:1.127406358718872 - rollout_corr/training_log_ppl:0.09310324490070343 - rollout_corr/kl:0.000440121948486194 - rollout_corr/k3_kl:0.0007219305261969566 - rollout_corr/rollout_ppl:1.1272668838500977 - rollout_corr/rollout_log_ppl:0.09303697198629379 - rollout_corr/log_ppl_diff:6.625454989261925e-05 - rollout_corr/log_ppl_abs_diff:0.0024042553268373013 - rollout_corr/log_ppl_diff_max:0.02779752016067505 - rollout_corr/log_ppl_diff_min:-0.030893296003341675 - rollout_corr/ppl_ratio:1.0000876188278198 - rollout_corr/chi2_token:0.002022981643676758 - rollout_corr/chi2_seq:0.05322754383087158 - actor/pg_clipfrac:np.float64(0.0) - actor/ppo_kl:np.float64(0.0) - actor/pg_clipfrac_lower:np.float64(0.0) - actor/pg_loss:np.float64(0.1841307282447815) - actor/loss:np.float64(0.1841307282447815) - actor/grad_norm:np.float64(0.18208429217338562) - actor/lr:np.float64(1e-06) - actor/perf/max_memory_allocated_gb:np.float64(13.189530372619629) - actor/perf/max_memory_reserved_gb:np.float64(17.38671875) - actor/perf/cpu_memory_used_gb:np.float64(32.170928955078125) - perf/mfu/actor:np.float64(0.03303881326042339) - training/global_step:1 - training/epoch:0 - critic/score/mean:0.28125 - critic/score/max:1.0 - critic/score/min:0.0 - critic/rewards/mean:0.28125 - critic/rewards/max:1.0 - critic/rewards/min:0.0 - critic/advantages/mean:-0.1841307282447815 - critic/advantages/max:0.935412585735321 - critic/advantages/min:-1.20761239528656 - critic/returns/mean:-0.1841307282447815 - critic/returns/max:0.935412585735321 - critic/returns/min:-1.20761239528656 - response_length/mean:67.0 - response_length/max:319.0 - response_length/min:4.0 - response_length/clip_ratio:0.03125 - response_length_non_aborted/mean:67.0 - response_length_non_aborted/max:319.0 - response_length_non_aborted/min:4.0 - response_length_non_aborted/clip_ratio:0.03125 - response/aborted_ratio:0.0 - prompt_length/mean:115.25 - prompt_length/max:167.0 - prompt_length/min:90.0 - prompt_length/clip_ratio:0.25 - timing_s/gen:2.5056629120372236 - timing_s/old_log_prob:2.359845047001727 - timing_s/adv:0.23334252298809588 - timing_s/update_actor:2.273440989025403 - timing_s/update_weights:1.2848466249997728 - timing_s/step:9.05576897400897 - timing_per_token_ms/adv:0.03873547858368125 - timing_per_token_ms/update_actor:0.3773972425340974 - timing_per_token_ms/gen:1.118599514302332 - perf/total_num_tokens:6024 - perf/time_per_step:9.05576897400897 - perf/throughput:665.2113163762821 - training/num_turns/mean:np.float64(2.0) - training/num_turns/max:np.int64(2) - training/num_turns/min:np.int64(2) - training/off_policy/trajectory_spans/mean:np.float64(1.0) - training/off_policy/trajectory_spans/max:np.float64(1.0) - training/off_policy/trajectory_spans/min:np.float64(1.0) - training/off_policy/trajectory_staleness/mean:np.float64(0.0) - training/off_policy/trajectory_staleness/max:np.float64(0.0) - training/off_policy/trajectory_staleness/min:np.float64(0.0) - training/off_policy/trajectory_staleness_worst/mean:np.float64(0.0) - training/off_policy/trajectory_staleness_worst/max:np.float64(0.0) - training/off_policy/trajectory_staleness_worst/min:np.float64(0.0)[36m(WorkerDict pid=762273)[0m INFO:2026-07-05 01:37:18,167:update_weights done, time cost: 0.49s
[36m(TaskRunnerV1 pid=761016)[0m Training Progress:   2%|▏         | 2/125 [00:18<19:25,  9.48s/it]
[36m(WorkerDict pid=762273)[0m INFO:2026-07-05 01:37:26,157:update_weights done, time cost: 0.44s
[36m(TaskRunnerV1 pid=761016)[0m Training Progress:   2%|▏         | 3/125 [00:26<17:55,  8.82s/it]
[36m(WorkerDict pid=762273)[0m INFO:2026-07-05 01:37:35,917:update_weights done, time cost: 0.41s
[36m(TaskRunnerV1 pid=761016)[0m Training Progress:   3%|▎         | 4/125 [00:36<18:31,  9.19s/it]

[36m(AgentLoopWorkerTQ pid=764081)[0m WARNING 07-05 01:36:56 [api_server.py:1213] LoRA dynamic loading & unloading is enabled in the API server. This should ONLY be used for local development![32m [repeated 7x across cluster][0m
[36m(TaskRunnerV1 pid=761016)[0m step:2 - global_seqlen/min:5926 - global_seqlen/max:5926 - global_seqlen/minmax_diff:0 - global_seqlen/balanced_min:5926 - global_seqlen/balanced_max:5926 - global_seqlen/mean:5926.0 - actor/entropy:0.669569730758667 - training/rollout_probs_diff_valid:1 - training/rollout_probs_diff_max:0.06213563680648804 - training/rollout_probs_diff_mean:0.004953084047883749 - training/rollout_probs_diff_std:0.009102256037294865 - training/rollout_actor_probs_pearson_corr:0.9995442032814026 - rollout_corr/training_ppl:1.1453275680541992 - rollout_corr/training_log_ppl:0.10602086037397385 - rollout_corr/kl:-0.000564695568755269 - rollout_corr/k3_kl:0.0005950142513029277 - rollout_corr/rollout_ppl:1.145824670791626 - rollout_corr/rollout_log_ppl:0.10662016272544861 - rollout_corr/log_ppl_diff:-0.0005993082886561751 - rollout_corr/log_ppl_abs_diff:0.0030424476135522127 - rollout_corr/log_ppl_diff_max:0.03891110420227051 - rollout_corr/log_ppl_diff_min:-0.0456656813621521 - rollout_corr/ppl_ratio:0.9994382858276367 - rollout_corr/chi2_token:0.0035184621810913086 - rollout_corr/chi2_seq:0.057549357414245605 - actor/pg_clipfrac:np.float64(0.0) - actor/ppo_kl:np.float64(0.0) - actor/pg_clipfrac_lower:np.float64(0.0) - actor/pg_loss:np.float64(-0.25014275312423706) - actor/loss:np.float64(-0.25014275312423706) - actor/grad_norm:np.float64(0.2331719547510147) - actor/lr:np.float64(1e-06) - actor/perf/max_memory_allocated_gb:np.float64(13.189530372619629) - actor/perf/max_memory_reserved_gb:np.float64(22.3984375) - actor/perf/cpu_memory_used_gb:np.float64(32.181636810302734) - perf/mfu/actor:np.float64(0.03523451106973392) - training/global_step:2 - training/epoch:0 - critic/score/mean:0.5 - critic/score/max:1.0 - critic/score/min:0.0 - critic/rewards/mean:0.5 - critic/rewards/max:1.0 - critic/rewards/min:0.0 - critic/advantages/mean:0.2501426935195923 - critic/advantages/max:1.6201815605163574 - critic/advantages/min:-1.6201815605163574 - critic/returns/mean:0.2501426935195923 - critic/returns/max:1.6201815605163574 - critic/returns/min:-1.6201815605163574 - response_length/mean:72.1875 - response_length/max:512.0 - response_length/min:4.0 - response_length/clip_ratio:0.03125 - response_length_non_aborted/mean:72.1875 - response_length_non_aborted/max:512.0 - response_length_non_aborted/min:4.0 - response_length_non_aborted/clip_ratio:0.03125 - response/aborted_ratio:0.0 - prompt_length/mean:107.0 - prompt_length/max:114.0 - prompt_length/min:95.0 - prompt_length/clip_ratio:0.25 - timing_s/gen:4.445892102026846 - timing_s/old_log_prob:1.1514140070066787 - timing_s/adv:0.23714654298964888 - timing_s/update_actor:2.12156567099737 - timing_s/update_weights:1.1950572329806164 - timing_s/step:9.541939614980947 - timing_per_token_ms/adv:0.04001797890476694 - timing_per_token_ms/update_actor:0.35800973185915796 - timing_per_token_ms/gen:1.8478354538764947 - perf/total_num_tokens:5926 - perf/time_per_step:9.541939614980947 - perf/throughput:621.047736531063 - training/num_turns/mean:np.float64(2.0) - training/num_turns/max:np.int64(2) - training/num_turns/min:np.int64(2) - training/off_policy/trajectory_spans/mean:np.float64(1.0) - training/off_policy/trajectory_spans/max:np.float64(1.0) - training/off_policy/trajectory_spans/min:np.float64(1.0) - training/off_policy/trajectory_staleness/mean:np.float64(0.0) - training/off_policy/trajectory_staleness/max:np.float64(0.0) - training/off_policy/trajectory_staleness/min:np.float64(0.0) - training/off_policy/trajectory_staleness_worst/mean:np.float64(0.0) - training/off_policy/trajectory_staleness_worst/max:np.float64(0.0) - training/off_policy/trajectory_staleness_worst/min:np.float64(0.0)
[36m(TaskRunnerV1 pid=761016)[0m step:3 - global_seqlen/min:7702 - global_seqlen/max:7702 - global_seqlen/minmax_diff:0 - global_seqlen/balanced_min:7702 - global_seqlen/balanced_max:7702 - global_seqlen/mean:7702.0 - actor/entropy:0.7734748125076294 - training/rollout_probs_diff_valid:1 - training/rollout_probs_diff_max:0.07949811220169067 - training/rollout_probs_diff_mean:0.004635482560843229 - training/rollout_probs_diff_std:0.008814133703708649 - training/rollout_actor_probs_pearson_corr:0.9996044039726257 - rollout_corr/training_ppl:1.2383822202682495 - rollout_corr/training_log_ppl:0.12914787232875824 - rollout_corr/kl:0.0007033535512164235 - rollout_corr/k3_kl:0.0005728697869926691 - rollout_corr/rollout_ppl:1.2364188432693481 - rollout_corr/rollout_log_ppl:0.12814146280288696 - rollout_corr/log_ppl_diff:0.0010064112721011043 - rollout_corr/log_ppl_abs_diff:0.002094666939228773 - rollout_corr/log_ppl_diff_max:0.041463255882263184 - rollout_corr/log_ppl_diff_min:-0.021987304091453552 - rollout_corr/ppl_ratio:1.0010323524475098 - rollout_corr/chi2_token:0.000887751579284668 - rollout_corr/chi2_seq:0.014526009559631348 - actor/pg_clipfrac:np.float64(0.0) - actor/ppo_kl:np.float64(0.0) - actor/pg_clipfrac_lower:np.float64(0.0) - actor/pg_loss:np.float64(-0.49541622400283813) - actor/loss:np.float64(-0.49541622400283813) - actor/grad_norm:np.float64(0.20312170684337616) - actor/lr:np.float64(1e-06) - actor/perf/max_memory_allocated_gb:np.float64(15.35539722442627) - actor/perf/max_memory_reserved_gb:np.float64(22.3984375) - actor/perf/cpu_memory_used_gb:np.float64(32.22476577758789) - perf/mfu/actor:np.float64(0.04057022413555764) - training/global_step:3 - training/epoch:0 - critic/score/mean:0.21875 - critic/score/max:1.0 - critic/score/min:0.0 - critic/rewards/mean:0.21875 - critic/rewards/max:1.0 - critic/rewards/min:0.0 - critic/advantages/mean:0.4954163134098053 - critic/advantages/max:1.6201815605163574 - critic/advantages/min:-0.7245674133300781 - critic/returns/mean:0.4954163134098053 - critic/returns/max:1.6201815605163574 - critic/returns/min:-0.7245674133300781 - response_length/mean:128.6875 - response_length/max:424.0 - response_length/min:4.0 - response_length/clip_ratio:0.03125 - response_length_non_aborted/mean:128.6875 - response_length_non_aborted/max:424.0 - response_length_non_aborted/min:4.0 - response_length_non_aborted/clip_ratio:0.03125 - response/aborted_ratio:0.0 - prompt_length/mean:106.0 - prompt_length/max:113.0 - prompt_length/min:96.0 - prompt_length/clip_ratio:0.25 - timing_s/gen:2.4600339719909243 - timing_s/old_log_prob:1.2479608709691092 - timing_s/adv:0.2360488720005378 - timing_s/update_actor:2.3568830500007607 - timing_s/update_weights:1.1893434029771015 - timing_s/step:7.889416979975067 - timing_per_token_ms/adv:0.030647737211183825 - timing_per_token_ms/update_actor:0.3060092248767542 - timing_per_token_ms/gen:0.5837764527743057 - perf/total_num_tokens:7702 - perf/time_per_step:7.889416979975067 - perf/throughput:976.2445082506389 - training/num_turns/mean:np.float64(2.0) - training/num_turns/max:np.int64(2) - training/num_turns/min:np.int64(2) - training/off_policy/trajectory_spans/mean:np.float64(1.0) - training/off_policy/trajectory_spans/max:np.float64(1.0) - training/off_policy/trajectory_spans/min:np.float64(1.0) - training/off_policy/trajectory_staleness/mean:np.float64(0.0) - training/off_policy/trajectory_staleness/max:np.float64(0.0) - training/off_policy/trajectory_staleness/min:np.float64(0.0) - training/off_policy/trajectory_staleness_worst/mean:np.float64(0.0) - training/off_policy/trajectory_staleness_worst/max:np.float64(0.0) - training/off_policy/trajectory_staleness_worst/min:np.float64(0.0)
[36m(TaskRunnerV1 pid=761016)[0m step:4 - global_seqlen/min:6463 - global_seqlen/max:6463 - global_seqlen/minmax_diff:0 - global_seqlen/balanced_min:6463 - global_seqlen/balanced_max:6463 - global_seqlen/mean:6463.0 - actor/entropy:0.5090133547782898 - training/rollout_probs_diff_valid:1 - training/rollout_probs_diff_max:0.062174975872039795 - training/rollout_probs_diff_mean:0.004224225413054228 - training/rollout_probs_diff_std:0.008455635979771614 - training/rollout_actor_probs_pearson_corr:0.9995649456977844 - rollout_corr/training_ppl:1.1408395767211914 - rollout_corr/training_log_ppl:0.09422518312931061 - rollout_corr/kl:-0.0005524195730686188 - rollout_corr/k3_kl:0.0005007591098546982 - rollout_corr/rollout_ppl:1.1409310102462769 - rollout_corr/rollout_log_ppl:0.09392914175987244 - rollout_corr/log_ppl_diff:0.00029602955328300595 - rollout_corr/log_ppl_abs_diff:0.0021833281498402357 - rollout_corr/log_ppl_diff_max:0.03303411602973938 - rollout_corr/log_ppl_diff_min:-0.018482625484466553 - rollout_corr/ppl_ratio:1.00031316280365 - rollout_corr/chi2_token:0.0031162500381469727 - rollout_corr/chi2_seq:0.15252041816711426 - actor/pg_clipfrac:np.float64(0.0) - actor/ppo_kl:np.float64(0.0) - actor/pg_clipfrac_lower:np.float64(0.0) - actor/pg_loss:np.float64(0.09973987936973572) - actor/loss:np.float64(0.09973987936973572) - actor/grad_norm:np.float64(0.16353116929531097) - actor/lr:np.float64(1e-06) - actor/perf/max_memory_allocated_gb:np.float64(15.35539722442627) - actor/perf/max_memory_reserved_gb:np.float64(25.787109375) - actor/perf/cpu_memory_used_gb:np.float64(32.22927474975586) - perf/mfu/actor:np.float64(0.039444512746534655) - training/global_step:4 - training/epoch:0 - critic/score/mean:0.71875 - critic/score/max:1.0 - critic/score/min:0.0 - critic/rewards/mean:0.71875 - critic/rewards/max:1.0 - critic/rewards/min:0.0 - critic/advantages/mean:-0.09973985701799393 - critic/advantages/max:1.6201815605163574 - critic/advantages/min:-1.20761239528656 - critic/returns/mean:-0.09973985701799393 - critic/returns/max:1.6201815605163574 - critic/returns/min:-1.20761239528656 - response_length/mean:82.96875 - response_length/max:512.0 - response_length/min:4.0 - response_length/clip_ratio:0.03125 - response_length_non_aborted/mean:82.96875 - response_length_non_aborted/max:512.0 - response_length_non_aborted/min:4.0 - response_length_non_aborted/clip_ratio:0.03125 - response/aborted_ratio:0.0 - prompt_length/mean:113.0 - prompt_length/max:122.0 - prompt_length/min:103.0 - prompt_length/clip_ratio:0.25 - timing_s/gen:4.448845867009368 - timing_s/old_log_prob:1.0946938730194233 - timing_s/adv:0.24856996297603473 - timing_s/update_actor:2.0668935810099356 - timing_s/update_weights:1.120431701943744 - timing_s/step:9.624242128978949 - timing_per_token_ms/adv:0.038460461546655535 - timing_per_token_ms/update_actor:0.31980405090668973 - timing_per_token_ms/gen:1.617174070159712 - perf/total_num_tokens:6463 - perf/time_per_step:9.624242128978949 - perf/throughput:671.5333959169282 - training/num_turns/mean:np.float64(2.0) - training/num_turns/max:np.int64(2) - training/num_turns/min:np.int64(2) - training/off_policy/trajectory_spans/mean:np.float64(1.0) - training/off_policy/trajectory_spans/max:np.float64(1.0) - training/off_policy/trajectory_spans/min:np.float64(1.0) - training/off_policy/trajectory_staleness/mean:np.float64(0.0) - training/off_policy/trajectory_staleness/max:np.float64(0.0) - training/off_policy/trajectory_staleness/min:np.float64(0.0) - training/off_policy/trajectory_staleness_worst/mean:np.float64(0.0) - training/off_policy/trajectory_staleness_worst/max:np.float64(0.0) - training/off_policy/trajectory_staleness_worst/min:np.float64(0.0)[36m(WorkerDict pid=762273)[0m INFO:2026-07-05 01:37:45,559:update_weights done, time cost: 0.51s
[36m(TaskRunnerV1 pid=761016)[0m Training Progress:   4%|▍         | 5/125 [00:46<18:40,  9.34s/it]
[36m(WorkerDict pid=762273)[0m INFO:2026-07-05 01:37:55,342:update_weights done, time cost: 0.51s
[36m(TaskRunnerV1 pid=761016)[0m Training Progress:   5%|▍         | 6/125 [00:56<18:50,  9.50s/it]
[36m(WorkerDict pid=762273)[0m INFO:2026-07-05 01:38:05,256:update_weights done, time cost: 0.57s
[36m(TaskRunnerV1 pid=761016)[0m Training Progress:   6%|▌         | 7/125 [01:06<19:02,  9.68s/it]

[36m(TaskRunnerV1 pid=761016)[0m step:5 - global_seqlen/min:6222 - global_seqlen/max:6222 - global_seqlen/minmax_diff:0 - global_seqlen/balanced_min:6222 - global_seqlen/balanced_max:6222 - global_seqlen/mean:6222.0 - actor/entropy:0.5078139305114746 - training/rollout_probs_diff_valid:1 - training/rollout_probs_diff_max:0.08562284708023071 - training/rollout_probs_diff_mean:0.004238599445670843 - training/rollout_probs_diff_std:0.008692446164786816 - training/rollout_actor_probs_pearson_corr:0.9995214343070984 - rollout_corr/training_ppl:1.111482858657837 - rollout_corr/training_log_ppl:0.08337046951055527 - rollout_corr/kl:0.0007041686330921948 - rollout_corr/k3_kl:0.00047177798114717007 - rollout_corr/rollout_ppl:1.1114860773086548 - rollout_corr/rollout_log_ppl:0.08372575789690018 - rollout_corr/log_ppl_diff:-0.00035528262378647923 - rollout_corr/log_ppl_abs_diff:0.0025211672764271498 - rollout_corr/log_ppl_diff_max:0.030869901180267334 - rollout_corr/log_ppl_diff_min:-0.036803826689720154 - rollout_corr/ppl_ratio:0.9996697902679443 - rollout_corr/chi2_token:0.0004724264144897461 - rollout_corr/chi2_seq:0.03541529178619385 - actor/pg_clipfrac:np.float64(0.0) - actor/ppo_kl:np.float64(0.0) - actor/pg_clipfrac_lower:np.float64(0.0) - actor/pg_loss:np.float64(0.572335422039032) - actor/loss:np.float64(0.572335422039032) - actor/grad_norm:np.float64(0.2172628790140152) - actor/lr:np.float64(1e-06) - actor/perf/max_memory_allocated_gb:np.float64(15.35539722442627) - actor/perf/max_memory_reserved_gb:np.float64(25.787109375) - actor/perf/cpu_memory_used_gb:np.float64(32.219200134277344) - perf/mfu/actor:np.float64(0.03849515402304577) - training/global_step:5 - training/epoch:0 - critic/score/mean:0.5 - critic/score/max:1.0 - critic/score/min:0.0 - critic/rewards/mean:0.5 - critic/rewards/max:1.0 - critic/rewards/min:0.0 - critic/advantages/mean:-0.5723356008529663 - critic/advantages/max:1.20761239528656 - critic/advantages/min:-2.4748666286468506 - critic/returns/mean:-0.5723356008529663 - critic/returns/max:1.20761239528656 - critic/returns/min:-2.4748666286468506 - response_length/mean:75.9375 - response_length/max:512.0 - response_length/min:4.0 - response_length/clip_ratio:0.09375 - response_length_non_aborted/mean:75.9375 - response_length_non_aborted/max:512.0 - response_length_non_aborted/min:4.0 - response_length_non_aborted/clip_ratio:0.09375 - response/aborted_ratio:0.0 - prompt_length/mean:112.5 - prompt_length/max:136.0 - prompt_length/min:97.0 - prompt_length/clip_ratio:0.25 - timing_s/gen:4.442932531004772 - timing_s/old_log_prob:1.1499324430478737 - timing_s/adv:0.23720206000143662 - timing_s/update_actor:2.048000482027419 - timing_s/update_weights:1.2023332319804467 - timing_s/step:9.473600071039982 - timing_per_token_ms/adv:0.038123121183130285 - timing_per_token_ms/update_actor:0.3291546901361972 - timing_per_token_ms/gen:1.7588806536044226 - perf/total_num_tokens:6222 - perf/time_per_step:9.473600071039982 - perf/throughput:656.7724997195252 - training/num_turns/mean:np.float64(2.0) - training/num_turns/max:np.int64(2) - training/num_turns/min:np.int64(2) - training/off_policy/trajectory_spans/mean:np.float64(1.0) - training/off_policy/trajectory_spans/max:np.float64(1.0) - training/off_policy/trajectory_spans/min:np.float64(1.0) - training/off_policy/trajectory_staleness/mean:np.float64(0.0) - training/off_policy/trajectory_staleness/max:np.float64(0.0) - training/off_policy/trajectory_staleness/min:np.float64(0.0) - training/off_policy/trajectory_staleness_worst/mean:np.float64(0.0) - training/off_policy/trajectory_staleness_worst/max:np.float64(0.0) - training/off_policy/trajectory_staleness_worst/min:np.float64(0.0)
[36m(TaskRunnerV1 pid=761016)[0m step:6 - global_seqlen/min:6121 - global_seqlen/max:6121 - global_seqlen/minmax_diff:0 - global_seqlen/balanced_min:6121 - global_seqlen/balanced_max:6121 - global_seqlen/mean:6121.0 - actor/entropy:0.747711181640625 - training/rollout_probs_diff_valid:1 - training/rollout_probs_diff_max:0.062253087759017944 - training/rollout_probs_diff_mean:0.005067821592092514 - training/rollout_probs_diff_std:0.0089672040194273 - training/rollout_actor_probs_pearson_corr:0.9995676279067993 - rollout_corr/training_ppl:1.2665777206420898 - rollout_corr/training_log_ppl:0.14437329769134521 - rollout_corr/kl:-0.0004014813748653978 - rollout_corr/k3_kl:0.0006677336059510708 - rollout_corr/rollout_ppl:1.2692649364471436 - rollout_corr/rollout_log_ppl:0.14559243619441986 - rollout_corr/log_ppl_diff:-0.0012191423447802663 - rollout_corr/log_ppl_abs_diff:0.0032427324913442135 - rollout_corr/log_ppl_diff_max:0.02942025661468506 - rollout_corr/log_ppl_diff_min:-0.0456978976726532 - rollout_corr/ppl_ratio:0.9988199472427368 - rollout_corr/chi2_token:0.003493666648864746 - rollout_corr/chi2_seq:0.05832552909851074 - actor/pg_clipfrac:np.float64(0.0) - actor/ppo_kl:np.float64(0.0) - actor/pg_clipfrac_lower:np.float64(0.0) - actor/pg_loss:np.float64(0.06715419888496399) - actor/loss:np.float64(0.06715419888496399) - actor/grad_norm:np.float64(0.22104595601558685) - actor/lr:np.float64(1e-06) - actor/perf/max_memory_allocated_gb:np.float64(15.35539722442627) - actor/perf/max_memory_reserved_gb:np.float64(25.787109375) - actor/perf/cpu_memory_used_gb:np.float64(32.22042465209961) - perf/mfu/actor:np.float64(0.03475799945256868) - training/global_step:6 - training/epoch:0 - critic/score/mean:0.46875 - critic/score/max:1.0 - critic/score/min:0.0 - critic/rewards/mean:0.46875 - critic/rewards/max:1.0 - critic/rewards/min:0.0 - critic/advantages/mean:-0.06715427339076996 - critic/advantages/max:1.6201815605163574 - critic/advantages/min:-1.6201815605163574 - critic/returns/mean:-0.06715427339076996 - critic/returns/max:1.6201815605163574 - critic/returns/min:-1.6201815605163574 - response_length/mean:75.53125 - response_length/max:440.0 - response_length/min:4.0 - response_length/clip_ratio:0.03125 - response_length_non_aborted/mean:75.53125 - response_length_non_aborted/max:440.0 - response_length_non_aborted/min:4.0 - response_length_non_aborted/clip_ratio:0.03125 - response/aborted_ratio:0.0 - prompt_length/mean:109.75 - prompt_length/max:147.0 - prompt_length/min:84.0 - prompt_length/clip_ratio:0.25 - timing_s/gen:4.415754985995591 - timing_s/old_log_prob:1.1985972769907676 - timing_s/adv:0.23893333598971367 - timing_s/update_actor:2.209982400003355 - timing_s/update_weights:1.2041699649998918 - timing_s/step:9.661624837957788 - timing_per_token_ms/adv:0.0390350164988913 - timing_per_token_ms/update_actor:0.36104924032075725 - timing_per_token_ms/gen:1.7571647377618744 - perf/total_num_tokens:6121 - perf/time_per_step:9.661624837957788 - perf/throughput:633.5373296582915 - training/num_turns/mean:np.float64(2.0) - training/num_turns/max:np.int64(2) - training/num_turns/min:np.int64(2) - training/off_policy/trajectory_spans/mean:np.float64(1.0) - training/off_policy/trajectory_spans/max:np.float64(1.0) - training/off_policy/trajectory_spans/min:np.float64(1.0) - training/off_policy/trajectory_staleness/mean:np.float64(0.0) - training/off_policy/trajectory_staleness/max:np.float64(0.0) - training/off_policy/trajectory_staleness/min:np.float64(0.0) - training/off_policy/trajectory_staleness_worst/mean:np.float64(0.0) - training/off_policy/trajectory_staleness_worst/max:np.float64(0.0) - training/off_policy/trajectory_staleness_worst/min:np.float64(0.0)
[36m(TaskRunnerV1 pid=761016)[0m step:7 - global_seqlen/min:7239 - global_seqlen/max:7239 - global_seqlen/minmax_diff:0 - global_seqlen/balanced_min:7239 - global_seqlen/balanced_max:7239 - global_seqlen/mean:7239.0 - actor/entropy:0.6181422472000122 - training/rollout_probs_diff_valid:1 - training/rollout_probs_diff_max:0.08916330337524414 - training/rollout_probs_diff_mean:0.005031070671975613 - training/rollout_probs_diff_std:0.009081059135496616 - training/rollout_actor_probs_pearson_corr:0.9995251297950745 - rollout_corr/training_ppl:1.1636754274368286 - rollout_corr/training_log_ppl:0.10486884415149689 - rollout_corr/kl:0.0008059206302277744 - rollout_corr/k3_kl:0.0006045126356184483 - rollout_corr/rollout_ppl:1.1617496013641357 - rollout_corr/rollout_log_ppl:0.10386448353528976 - rollout_corr/log_ppl_diff:0.0010043639922514558 - rollout_corr/log_ppl_abs_diff:0.0018877285765483975 - rollout_corr/log_ppl_diff_max:0.03863847255706787 - rollout_corr/log_ppl_diff_min:-0.010535359382629395 - rollout_corr/ppl_ratio:1.0010221004486084 - rollout_corr/chi2_token:0.0008106231689453125 - rollout_corr/chi2_seq:-0.01369541883468628 - actor/pg_clipfrac:np.float64(0.0) - actor/ppo_kl:np.float64(0.0) - actor/pg_clipfrac_lower:np.float64(0.0) - actor/pg_loss:np.float64(0.15404623746871948) - actor/loss:np.float64(0.15404623746871948) - actor/grad_norm:np.float64(0.24442845582962036) - actor/lr:np.float64(1e-06) - actor/perf/max_memory_allocated_gb:np.float64(15.35539722442627) - actor/perf/max_memory_reserved_gb:np.float64(25.787109375) - actor/perf/cpu_memory_used_gb:np.float64(32.236106872558594) - perf/mfu/actor:np.float64(0.039854531457286596) - training/global_step:7 - training/epoch:0 - critic/score/mean:0.5 - critic/score/max:1.0 - critic/score/min:0.0 - critic/rewards/mean:0.5 - critic/rewards/max:1.0 - critic/rewards/min:0.0 - critic/advantages/mean:-0.15404632687568665 - critic/advantages/max:2.4748666286468506 - critic/advantages/min:-1.6201815605163574 - critic/returns/mean:-0.15404632687568665 - critic/returns/max:2.4748666286468506 - critic/returns/min:-1.6201815605163574 - response_length/mean:102.21875 - response_length/max:512.0 - response_length/min:4.0 - response_length/clip_ratio:0.03125 - response_length_non_aborted/mean:102.21875 - response_length_non_aborted/max:512.0 - response_length_non_aborted/min:4.0 - response_length_non_aborted/clip_ratio:0.03125 - response/aborted_ratio:0.0 - prompt_length/mean:118.0 - prompt_length/max:137.0 - prompt_length/min:92.0 - prompt_length/clip_ratio:0.25 - timing_s/gen:4.4380232249968685 - timing_s/old_log_prob:1.2234930060221814 - timing_s/adv:0.23030902398750186 - timing_s/update_actor:2.2641068719676696 - timing_s/update_weights:1.4272648729966022 - timing_s/step:9.92684701102553 - timing_per_token_ms/adv:0.03181503301388339 - timing_per_token_ms/update_actor:0.3127651432473642 - timing_per_token_ms/gen:1.3180942159182858 - perf/total_num_tokens:7239 - perf/time_per_step:9.92684701102553 - perf/throughput:729.2345688373965 - training/num_turns/mean:np.float64(2.0) - training/num_turns/max:np.int64(2) - training/num_turns/min:np.int64(2) - training/off_policy/trajectory_spans/mean:np.float64(1.0) - training/off_policy/trajectory_spans/max:np.float64(1.0) - training/off_policy/trajectory_spans/min:np.float64(1.0) - training/off_policy/trajectory_staleness/mean:np.float64(0.0) - training/off_policy/trajectory_staleness/max:np.float64(0.0) - training/off_policy/trajectory_staleness/min:np.float64(0.0) - training/off_policy/trajectory_staleness_worst/mean:np.float64(0.0) - training/off_policy/trajectory_staleness_worst/max:np.float64(0.0) - training/off_policy/trajectory_staleness_worst/min:np.float64(0.0)[36m(WorkerDict pid=762273)[0m INFO:2026-07-05 01:38:14,895:update_weights done, time cost: 0.45s
[36m(TaskRunnerV1 pid=761016)[0m Training Progress:   6%|▋         | 8/125 [01:15<18:45,  9.62s/it]
[36m(WorkerDict pid=762273)[0m INFO:2026-07-05 01:38:24,348:update_weights done, time cost: 0.41s
[36m(TaskRunnerV1 pid=761016)[0m Training Progress:   7%|▋         | 9/125 [01:25<18:29,  9.57s/it]
[36m(WorkerDict pid=762273)[0m INFO:2026-07-05 01:38:34,140:update_weights done, time cost: 0.43s
[36m(TaskRunnerV1 pid=761016)[0m Training Progress:   8%|▊         | 10/125 [01:34<18:28,  9.63s/it]

[36m(TaskRunnerV1 pid=761016)[0m step:8 - global_seqlen/min:5978 - global_seqlen/max:5978 - global_seqlen/minmax_diff:0 - global_seqlen/balanced_min:5978 - global_seqlen/balanced_max:5978 - global_seqlen/mean:5978.0 - actor/entropy:0.7965731024742126 - training/rollout_probs_diff_valid:1 - training/rollout_probs_diff_max:0.06294429302215576 - training/rollout_probs_diff_mean:0.005093954037874937 - training/rollout_probs_diff_std:0.008497082628309727 - training/rollout_actor_probs_pearson_corr:0.9996210336685181 - rollout_corr/training_ppl:1.1066877841949463 - rollout_corr/training_log_ppl:0.07436582446098328 - rollout_corr/kl:-0.00030017385142855346 - rollout_corr/k3_kl:0.0006440626457333565 - rollout_corr/rollout_ppl:1.1072756052017212 - rollout_corr/rollout_log_ppl:0.0747169554233551 - rollout_corr/log_ppl_diff:-0.00035113428020849824 - rollout_corr/log_ppl_abs_diff:0.001632132800295949 - rollout_corr/log_ppl_diff_max:0.0326976478099823 - rollout_corr/log_ppl_diff_min:-0.03275763988494873 - rollout_corr/ppl_ratio:0.9996646642684937 - rollout_corr/chi2_token:0.003192901611328125 - rollout_corr/chi2_seq:0.050870656967163086 - actor/pg_clipfrac:np.float64(0.0) - actor/ppo_kl:np.float64(0.0) - actor/pg_clipfrac_lower:np.float64(0.0) - actor/pg_loss:np.float64(-0.023175548762083054) - actor/loss:np.float64(-0.023175548762083054) - actor/grad_norm:np.float64(0.21664512157440186) - actor/lr:np.float64(1e-06) - actor/perf/max_memory_allocated_gb:np.float64(15.35539722442627) - actor/perf/max_memory_reserved_gb:np.float64(25.787109375) - actor/perf/cpu_memory_used_gb:np.float64(32.232688903808594) - perf/mfu/actor:np.float64(0.03631043420011001) - training/global_step:8 - training/epoch:0 - critic/score/mean:0.46875 - critic/score/max:1.0 - critic/score/min:0.0 - critic/rewards/mean:0.46875 - critic/rewards/max:1.0 - critic/rewards/min:0.0 - critic/advantages/mean:0.023175550624728203 - critic/advantages/max:1.6201815605163574 - critic/advantages/min:-2.4748666286468506 - critic/returns/mean:0.023175550624728203 - critic/returns/max:1.6201815605163574 - critic/returns/min:-2.4748666286468506 - response_length/mean:48.0625 - response_length/max:490.0 - response_length/min:4.0 - response_length/clip_ratio:0.03125 - response_length_non_aborted/mean:48.0625 - response_length_non_aborted/max:490.0 - response_length_non_aborted/min:4.0 - response_length_non_aborted/clip_ratio:0.03125 - response/aborted_ratio:0.0 - prompt_length/mean:132.75 - prompt_length/max:152.0 - prompt_length/min:111.0 - prompt_length/clip_ratio:0.5 - timing_s/gen:4.467568111023866 - timing_s/old_log_prob:1.133147070009727 - timing_s/adv:0.18798273499123752 - timing_s/update_actor:2.053751965984702 - timing_s/update_weights:1.1669675309676677 - timing_s/step:9.346062280004844 - timing_per_token_ms/adv:0.03144575694065532 - timing_per_token_ms/update_actor:0.3435516838381904 - timing_per_token_ms/gen:2.7341298109081187 - perf/total_num_tokens:5978 - perf/time_per_step:9.346062280004844 - perf/throughput:639.6276657378429 - training/num_turns/mean:np.float64(2.0) - training/num_turns/max:np.int64(2) - training/num_turns/min:np.int64(2) - training/off_policy/trajectory_spans/mean:np.float64(1.0) - training/off_policy/trajectory_spans/max:np.float64(1.0) - training/off_policy/trajectory_spans/min:np.float64(1.0) - training/off_policy/trajectory_staleness/mean:np.float64(0.0) - training/off_policy/trajectory_staleness/max:np.float64(0.0) - training/off_policy/trajectory_staleness/min:np.float64(0.0) - training/off_policy/trajectory_staleness_worst/mean:np.float64(0.0) - training/off_policy/trajectory_staleness_worst/max:np.float64(0.0) - training/off_policy/trajectory_staleness_worst/min:np.float64(0.0)
[36m(TaskRunnerV1 pid=761016)[0m step:9 - global_seqlen/min:5574 - global_seqlen/max:5574 - global_seqlen/minmax_diff:0 - global_seqlen/balanced_min:5574 - global_seqlen/balanced_max:5574 - global_seqlen/mean:5574.0 - actor/entropy:0.7363916635513306 - training/rollout_probs_diff_valid:1 - training/rollout_probs_diff_max:0.05957847833633423 - training/rollout_probs_diff_mean:0.004863221198320389 - training/rollout_probs_diff_std:0.008660654537379742 - training/rollout_actor_probs_pearson_corr:0.999606192111969 - rollout_corr/training_ppl:1.1618250608444214 - rollout_corr/training_log_ppl:0.0977887362241745 - rollout_corr/kl:0.0016976462211459875 - rollout_corr/k3_kl:0.0005959569243714213 - rollout_corr/rollout_ppl:1.1624647378921509 - rollout_corr/rollout_log_ppl:0.09837774932384491 - rollout_corr/log_ppl_diff:-0.0005890075117349625 - rollout_corr/log_ppl_abs_diff:0.0021903254091739655 - rollout_corr/log_ppl_diff_max:0.01806819438934326 - rollout_corr/log_ppl_diff_min:-0.032884836196899414 - rollout_corr/ppl_ratio:0.9994295835494995 - rollout_corr/chi2_token:-0.0010194778442382812 - rollout_corr/chi2_seq:-0.01188439130783081 - actor/pg_clipfrac:np.float64(0.0) - actor/ppo_kl:np.float64(0.0) - actor/pg_clipfrac_lower:np.float64(0.0) - actor/pg_loss:np.float64(0.3938758969306946) - actor/loss:np.float64(0.3938758969306946) - actor/grad_norm:np.float64(0.20015203952789307) - actor/lr:np.float64(1e-06) - actor/perf/max_memory_allocated_gb:np.float64(15.35539722442627) - actor/perf/max_memory_reserved_gb:np.float64(25.787109375) - actor/perf/cpu_memory_used_gb:np.float64(32.23542022705078) - perf/mfu/actor:np.float64(0.035266172527358336) - training/global_step:9 - training/epoch:0 - critic/score/mean:0.40625 - critic/score/max:1.0 - critic/score/min:0.0 - critic/rewards/mean:0.40625 - critic/rewards/max:1.0 - critic/rewards/min:0.0 - critic/advantages/mean:-0.3938758969306946 - critic/advantages/max:2.4748666286468506 - critic/advantages/min:-2.4748666286468506 - critic/returns/mean:-0.3938758969306946 - critic/returns/max:2.4748666286468506 - critic/returns/min:-2.4748666286468506 - response_length/mean:53.9375 - response_length/max:512.0 - response_length/min:4.0 - response_length/clip_ratio:0.03125 - response_length_non_aborted/mean:53.9375 - response_length_non_aborted/max:512.0 - response_length_non_aborted/min:4.0 - response_length_non_aborted/clip_ratio:0.03125 - response/aborted_ratio:0.0 - prompt_length/mean:114.25 - prompt_length/max:152.0 - prompt_length/min:90.0 - prompt_length/clip_ratio:0.25 - timing_s/gen:4.427986830996815 - timing_s/old_log_prob:1.1424836260266602 - timing_s/adv:0.23401560803176835 - timing_s/update_actor:2.0092937109875493 - timing_s/update_weights:1.1075486969784833 - timing_s/step:9.314438006025739 - timing_per_token_ms/adv:0.04198342447645647 - timing_per_token_ms/update_actor:0.3604760873676981 - timing_per_token_ms/gen:2.4302891498335977 - perf/total_num_tokens:5574 - perf/time_per_step:9.314438006025739 - perf/throughput:598.4257983567063 - training/num_turns/mean:np.float64(2.0) - training/num_turns/max:np.int64(2) - training/num_turns/min:np.int64(2) - training/off_policy/trajectory_spans/mean:np.float64(1.0) - training/off_policy/trajectory_spans/max:np.float64(1.0) - training/off_policy/trajectory_spans/min:np.float64(1.0) - training/off_policy/trajectory_staleness/mean:np.float64(0.0) - training/off_policy/trajectory_staleness/max:np.float64(0.0) - training/off_policy/trajectory_staleness/min:np.float64(0.0) - training/off_policy/trajectory_staleness_worst/mean:np.float64(0.0) - training/off_policy/trajectory_staleness_worst/max:np.float64(0.0) - training/off_policy/trajectory_staleness_worst/min:np.float64(0.0)
[36m(TaskRunnerV1 pid=761016)[0m step:10 - global_seqlen/min:7354 - global_seqlen/max:7354 - global_seqlen/minmax_diff:0 - global_seqlen/balanced_min:7354 - global_seqlen/balanced_max:7354 - global_seqlen/mean:7354.0 - actor/entropy:0.7405495047569275 - training/rollout_probs_diff_valid:1 - training/rollout_probs_diff_max:0.0621563196182251 - training/rollout_probs_diff_mean:0.0047671617940068245 - training/rollout_probs_diff_std:0.008394911885261536 - training/rollout_actor_probs_pearson_corr:0.9996269941329956 - rollout_corr/training_ppl:1.218611240386963 - rollout_corr/training_log_ppl:0.14084851741790771 - rollout_corr/kl:2.562100962677505e-05 - rollout_corr/k3_kl:0.0006083858897909522 - rollout_corr/rollout_ppl:1.2184773683547974 - rollout_corr/rollout_log_ppl:0.14052259922027588 - rollout_corr/log_ppl_diff:0.00032592698698863387 - rollout_corr/log_ppl_abs_diff:0.0022540984209626913 - rollout_corr/log_ppl_diff_max:0.033783018589019775 - rollout_corr/log_ppl_diff_min:-0.029138505458831787 - rollout_corr/ppl_ratio:1.0003478527069092 - rollout_corr/chi2_token:0.002390623092651367 - rollout_corr/chi2_seq:0.029237031936645508 - actor/pg_clipfrac:np.float64(0.0) - actor/ppo_kl:np.float64(0.0) - actor/pg_clipfrac_lower:np.float64(0.0) - actor/pg_loss:np.float64(-0.2755042016506195) - actor/loss:np.float64(-0.2755042016506195) - actor/grad_norm:np.float64(0.16889424622058868) - actor/lr:np.float64(1e-06) - actor/perf/max_memory_allocated_gb:np.float64(15.35539722442627) - actor/perf/max_memory_reserved_gb:np.float64(25.787109375) - actor/perf/cpu_memory_used_gb:np.float64(32.2542724609375) - perf/mfu/actor:np.float64(0.040710650717171795) - training/global_step:10 - training/epoch:0 - critic/score/mean:0.3125 - critic/score/max:1.0 - critic/score/min:0.0 - critic/rewards/mean:0.3125 - critic/rewards/max:1.0 - critic/rewards/min:0.0 - critic/advantages/mean:0.2755041718482971 - critic/advantages/max:1.20761239528656 - critic/advantages/min:-0.935412585735321 - critic/returns/mean:0.2755041718482971 - critic/returns/max:1.20761239528656 - critic/returns/min:-0.935412585735321 - response_length/mean:103.3125 - response_length/max:494.0 - response_length/min:4.0 - response_length/clip_ratio:0.03125 - response_length_non_aborted/mean:103.3125 - response_length_non_aborted/max:494.0 - response_length_non_aborted/min:4.0 - response_length_non_aborted/clip_ratio:0.03125 - response/aborted_ratio:0.0 - prompt_length/mean:120.5 - prompt_length/max:154.0 - prompt_length/min:101.0 - prompt_length/clip_ratio:0.25 - timing_s/gen:4.432494362001307 - timing_s/old_log_prob:1.2235299079911783 - timing_s/adv:0.24586421705316752 - timing_s/update_actor:2.2496241289773025 - timing_s/update_weights:1.1526054089772515 - timing_s/step:9.648457238974515 - timing_per_token_ms/adv:0.03343271920766488 - timing_per_token_ms/update_actor:0.30590483124521384 - timing_per_token_ms/gen:1.302908395650002 - perf/total_num_tokens:7354 - perf/time_per_step:9.648457238974515 - perf/throughput:762.1943921038322 - training/num_turns/mean:np.float64(2.0) - training/num_turns/max:np.int64(2) - training/num_turns/min:np.int64(2) - training/off_policy/trajectory_spans/mean:np.float64(1.0) - training/off_policy/trajectory_spans/max:np.float64(1.0) - training/off_policy/trajectory_spans/min:np.float64(1.0) - training/off_policy/trajectory_staleness/mean:np.float64(0.0) - training/off_policy/trajectory_staleness/max:np.float64(0.0) - training/off_policy/trajectory_staleness/min:np.float64(0.0) - training/off_policy/trajectory_staleness_worst/mean:np.float64(0.0) - training/off_policy/trajectory_staleness_worst/max:np.float64(0.0) - training/off_policy/trajectory_staleness_worst/min:np.float64(0.0)[36m(WorkerDict pid=762273)[0m INFO:2026-07-05 01:38:41,529:update_weights done, time cost: 0.54s
[36m(TaskRunnerV1 pid=761016)[0m Training Progress:   9%|▉         | 11/125 [01:42<17:00,  8.95s/it]
[36m(WorkerDict pid=762273)[0m INFO:2026-07-05 01:38:50,848:update_weights done, time cost: 0.41s
[36m(TaskRunnerV1 pid=761016)[0m Training Progress:  10%|▉         | 12/125 [01:51<17:03,  9.06s/it]
[36m(WorkerDict pid=762273)[0m INFO:2026-07-05 01:39:00,631:update_weights done, time cost: 0.44s
[36m(TaskRunnerV1 pid=761016)[0m Training Progress:  10%|█         | 13/125 [02:01<17:19,  9.28s/it]

[36m(TaskRunnerV1 pid=761016)[0m step:11 - global_seqlen/min:4866 - global_seqlen/max:4866 - global_seqlen/minmax_diff:0 - global_seqlen/balanced_min:4866 - global_seqlen/balanced_max:4866 - global_seqlen/mean:4866.0 - actor/entropy:0.93433678150177 - training/rollout_probs_diff_valid:1 - training/rollout_probs_diff_max:0.06195402145385742 - training/rollout_probs_diff_mean:0.005689658224582672 - training/rollout_probs_diff_std:0.009340858086943626 - training/rollout_actor_probs_pearson_corr:0.9995567202568054 - rollout_corr/training_ppl:1.2332350015640259 - rollout_corr/training_log_ppl:0.14729200303554535 - rollout_corr/kl:0.0010470199631527066 - rollout_corr/k3_kl:0.0008443036349490285 - rollout_corr/rollout_ppl:1.2344884872436523 - rollout_corr/rollout_log_ppl:0.1482216864824295 - rollout_corr/log_ppl_diff:-0.0009296812349930406 - rollout_corr/log_ppl_abs_diff:0.0035561472177505493 - rollout_corr/log_ppl_diff_max:0.0683133602142334 - rollout_corr/log_ppl_diff_min:-0.05096161365509033 - rollout_corr/ppl_ratio:0.9991264939308167 - rollout_corr/chi2_token:0.0012760162353515625 - rollout_corr/chi2_seq:0.010002613067626953 - actor/pg_clipfrac:np.float64(0.0) - actor/ppo_kl:np.float64(0.0) - actor/pg_clipfrac_lower:np.float64(0.0) - actor/pg_loss:np.float64(0.4933309853076935) - actor/loss:np.float64(0.4933309853076935) - actor/grad_norm:np.float64(0.32118937373161316) - actor/lr:np.float64(1e-06) - actor/perf/max_memory_allocated_gb:np.float64(15.35539722442627) - actor/perf/max_memory_reserved_gb:np.float64(25.787109375) - actor/perf/cpu_memory_used_gb:np.float64(32.24018859863281) - perf/mfu/actor:np.float64(0.03181264994651188) - training/global_step:11 - training/epoch:0 - critic/score/mean:0.28125 - critic/score/max:1.0 - critic/score/min:0.0 - critic/rewards/mean:0.28125 - critic/rewards/max:1.0 - critic/rewards/min:0.0 - critic/advantages/mean:-0.4933309853076935 - critic/advantages/max:1.6201815605163574 - critic/advantages/min:-0.7245674133300781 - critic/returns/mean:-0.4933309853076935 - critic/returns/max:1.6201815605163574 - critic/returns/min:-0.7245674133300781 - response_length/mean:39.8125 - response_length/max:294.0 - response_length/min:4.0 - response_length/clip_ratio:0.03125 - response_length_non_aborted/mean:39.8125 - response_length_non_aborted/max:294.0 - response_length_non_aborted/min:4.0 - response_length_non_aborted/clip_ratio:0.03125 - response/aborted_ratio:0.0 - prompt_length/mean:106.25 - prompt_length/max:117.0 - prompt_length/min:83.0 - prompt_length/clip_ratio:0.25 - timing_s/gen:2.396391893038526 - timing_s/old_log_prob:1.1023172870045528 - timing_s/adv:0.23519188998034224 - timing_s/update_actor:1.953949072980322 - timing_s/update_weights:1.2426473259693012 - timing_s/step:7.262214844988193 - timing_per_token_ms/adv:0.04833372173866466 - timing_per_token_ms/update_actor:0.40155139189895644 - timing_per_token_ms/gen:1.749191162801844 - perf/total_num_tokens:4866 - perf/time_per_step:7.262214844988193 - perf/throughput:670.0435203122817 - training/num_turns/mean:np.float64(2.0) - training/num_turns/max:np.int64(2) - training/num_turns/min:np.int64(2) - training/off_policy/trajectory_spans/mean:np.float64(1.0) - training/off_policy/trajectory_spans/max:np.float64(1.0) - training/off_policy/trajectory_spans/min:np.float64(1.0) - training/off_policy/trajectory_staleness/mean:np.float64(0.0) - training/off_policy/trajectory_staleness/max:np.float64(0.0) - training/off_policy/trajectory_staleness/min:np.float64(0.0) - training/off_policy/trajectory_staleness_worst/mean:np.float64(0.0) - training/off_policy/trajectory_staleness_worst/max:np.float64(0.0) - training/off_policy/trajectory_staleness_worst/min:np.float64(0.0)
[36m(TaskRunnerV1 pid=761016)[0m step:12 - global_seqlen/min:4963 - global_seqlen/max:4963 - global_seqlen/minmax_diff:0 - global_seqlen/balanced_min:4963 - global_seqlen/balanced_max:4963 - global_seqlen/mean:4963.0 - actor/entropy:0.8575398921966553 - training/rollout_probs_diff_valid:1 - training/rollout_probs_diff_max:0.06129878759384155 - training/rollout_probs_diff_mean:0.005928540136665106 - training/rollout_probs_diff_std:0.009264033287763596 - training/rollout_actor_probs_pearson_corr:0.9995211362838745 - rollout_corr/training_ppl:1.2230044603347778 - rollout_corr/training_log_ppl:0.13536329567432404 - rollout_corr/kl:0.0010543158277869225 - rollout_corr/k3_kl:0.0007872360292822123 - rollout_corr/rollout_ppl:1.2177270650863647 - rollout_corr/rollout_log_ppl:0.13426201045513153 - rollout_corr/log_ppl_diff:0.0011012869654223323 - rollout_corr/log_ppl_abs_diff:0.0027577930595725775 - rollout_corr/log_ppl_diff_max:0.08180975914001465 - rollout_corr/log_ppl_diff_min:-0.04172271490097046 - rollout_corr/ppl_ratio:1.0011467933654785 - rollout_corr/chi2_token:0.0010454654693603516 - rollout_corr/chi2_seq:0.14373981952667236 - actor/pg_clipfrac:np.float64(0.0) - actor/ppo_kl:np.float64(0.0) - actor/pg_clipfrac_lower:np.float64(0.0) - actor/pg_loss:np.float64(0.017254911363124847) - actor/loss:np.float64(0.017254911363124847) - actor/grad_norm:np.float64(0.30948224663734436) - actor/lr:np.float64(1e-06) - actor/perf/max_memory_allocated_gb:np.float64(15.35539722442627) - actor/perf/max_memory_reserved_gb:np.float64(25.787109375) - actor/perf/cpu_memory_used_gb:np.float64(32.249393463134766) - perf/mfu/actor:np.float64(0.03242336122155766) - training/global_step:12 - training/epoch:0 - critic/score/mean:0.40625 - critic/score/max:1.0 - critic/score/min:0.0 - critic/rewards/mean:0.40625 - critic/rewards/max:1.0 - critic/rewards/min:0.0 - critic/advantages/mean:-0.0172549057751894 - critic/advantages/max:2.4748666286468506 - critic/advantages/min:-1.6201815605163574 - critic/returns/mean:-0.0172549057751894 - critic/returns/max:2.4748666286468506 - critic/returns/min:-1.6201815605163574 - response_length/mean:58.59375 - response_length/max:477.0 - response_length/min:4.0 - response_length/clip_ratio:0.03125 - response_length_non_aborted/mean:58.59375 - response_length_non_aborted/max:477.0 - response_length_non_aborted/min:4.0 - response_length_non_aborted/clip_ratio:0.03125 - response/aborted_ratio:0.0 - prompt_length/mean:90.5 - prompt_length/max:110.0 - prompt_length/min:78.0 - prompt_length/clip_ratio:0.25 - timing_s/gen:4.423337974993046 - timing_s/old_log_prob:1.100866791966837 - timing_s/adv:0.22052080201683566 - timing_s/update_actor:1.946791100956034 - timing_s/update_weights:1.089203754963819 - timing_s/step:9.167436235991772 - timing_per_token_ms/adv:0.044432964339479276 - timing_per_token_ms/update_actor:0.3922609512303111 - timing_per_token_ms/gen:2.2442100329746557 - perf/total_num_tokens:4963 - perf/time_per_step:9.167436235991772 - perf/throughput:541.3727319438597 - training/num_turns/mean:np.float64(2.0) - training/num_turns/max:np.int64(2) - training/num_turns/min:np.int64(2) - training/off_policy/trajectory_spans/mean:np.float64(1.0) - training/off_policy/trajectory_spans/max:np.float64(1.0) - training/off_policy/trajectory_spans/min:np.float64(1.0) - training/off_policy/trajectory_staleness/mean:np.float64(0.0) - training/off_policy/trajectory_staleness/max:np.float64(0.0) - training/off_policy/trajectory_staleness/min:np.float64(0.0) - training/off_policy/trajectory_staleness_worst/mean:np.float64(0.0) - training/off_policy/trajectory_staleness_worst/max:np.float64(0.0) - training/off_policy/trajectory_staleness_worst/min:np.float64(0.0)
[36m(TaskRunnerV1 pid=761016)[0m step:13 - global_seqlen/min:7000 - global_seqlen/max:7000 - global_seqlen/minmax_diff:0 - global_seqlen/balanced_min:7000 - global_seqlen/balanced_max:7000 - global_seqlen/mean:7000.0 - actor/entropy:0.6695300340652466 - training/rollout_probs_diff_valid:1 - training/rollout_probs_diff_max:0.06202197074890137 - training/rollout_probs_diff_mean:0.004840615671128035 - training/rollout_probs_diff_std:0.00850056204944849 - training/rollout_actor_probs_pearson_corr:0.9995794892311096 - rollout_corr/training_ppl:1.1613534688949585 - rollout_corr/training_log_ppl:0.11455157399177551 - rollout_corr/kl:0.00023232103558257222 - rollout_corr/k3_kl:0.0005617793067358434 - rollout_corr/rollout_ppl:1.1607544422149658 - rollout_corr/rollout_log_ppl:0.11443114280700684 - rollout_corr/log_ppl_diff:0.00012042815797030926 - rollout_corr/log_ppl_abs_diff:0.0017516242805868387 - rollout_corr/log_ppl_diff_max:0.028725028038024902 - rollout_corr/log_ppl_diff_min:-0.019795462489128113 - rollout_corr/ppl_ratio:1.0001338720321655 - rollout_corr/chi2_token:0.0017794370651245117 - rollout_corr/chi2_seq:-0.001371145248413086 - actor/pg_clipfrac:np.float64(0.0) - actor/ppo_kl:np.float64(0.0) - actor/pg_clipfrac_lower:np.float64(0.0) - actor/pg_loss:np.float64(0.08659777790307999) - actor/loss:np.float64(0.08659777790307999) - actor/grad_norm:np.float64(0.08017396181821823) - actor/lr:np.float64(1e-06) - actor/perf/max_memory_allocated_gb:np.float64(15.35539722442627) - actor/perf/max_memory_reserved_gb:np.float64(25.787109375) - actor/perf/cpu_memory_used_gb:np.float64(32.273597717285156) - perf/mfu/actor:np.float64(0.040322693641858635) - training/global_step:13 - training/epoch:0 - critic/score/mean:0.15625 - critic/score/max:1.0 - critic/score/min:0.0 - critic/rewards/mean:0.15625 - critic/rewards/max:1.0 - critic/rewards/min:0.0 - critic/advantages/mean:-0.08659777045249939 - critic/advantages/max:2.4748666286468506 - critic/advantages/min:-0.935412585735321 - critic/returns/mean:-0.08659777045249939 - critic/returns/max:2.4748666286468506 - critic/returns/min:-0.935412585735321 - response_length/mean:94.0 - response_length/max:502.0 - response_length/min:4.0 - response_length/clip_ratio:0.03125 - response_length_non_aborted/mean:94.0 - response_length_non_aborted/max:502.0 - response_length_non_aborted/min:4.0 - response_length_non_aborted/clip_ratio:0.03125 - response/aborted_ratio:0.0 - prompt_length/mean:118.75 - prompt_length/max:137.0 - prompt_length/min:92.0 - prompt_length/clip_ratio:0.25 - timing_s/gen:4.463038749003317 - timing_s/old_log_prob:1.2128406739793718 - timing_s/adv:0.2314104179968126 - timing_s/update_actor:2.188559368951246 - timing_s/update_weights:1.1541195529862307 - timing_s/step:9.647280223027337 - timing_per_token_ms/adv:0.033058631142401804 - timing_per_token_ms/update_actor:0.3126513384216066 - timing_per_token_ms/gen:1.43783464851911 - perf/total_num_tokens:7000 - perf/time_per_step:9.647280223027337 - perf/throughput:725.5931037735924 - training/num_turns/mean:np.float64(2.0) - training/num_turns/max:np.int64(2) - training/num_turns/min:np.int64(2) - training/off_policy/trajectory_spans/mean:np.float64(1.0) - training/off_policy/trajectory_spans/max:np.float64(1.0) - training/off_policy/trajectory_spans/min:np.float64(1.0) - training/off_policy/trajectory_staleness/mean:np.float64(0.0) - training/off_policy/trajectory_staleness/max:np.float64(0.0) - training/off_policy/trajectory_staleness/min:np.float64(0.0) - training/off_policy/trajectory_staleness_worst/mean:np.float64(0.0) - training/off_policy/trajectory_staleness_worst/max:np.float64(0.0) - training/off_policy/trajectory_staleness_worst/min:np.float64(0.0)[36m(WorkerDict pid=762273)[0m INFO:2026-07-05 01:39:10,043:update_weights done, time cost: 0.40s
[36m(TaskRunnerV1 pid=761016)[0m Training Progress:  11%|█         | 14/125 [02:10<17:14,  9.32s/it]
[36m(WorkerDict pid=762273)[0m INFO:2026-07-05 01:39:17,836:update_weights done, time cost: 0.54s
[36m(TaskRunnerV1 pid=761016)[0m Training Progress:  12%|█▏        | 15/125 [02:18<16:14,  8.86s/it]
[36m(WorkerDict pid=762273)[0m INFO:2026-07-05 01:39:27,598:update_weights done, time cost: 0.36s
[36m(TaskRunnerV1 pid=761016)[0m Training Progress:  13%|█▎        | 16/125 [02:28<16:34,  9.13s/it]

[36m(TaskRunnerV1 pid=761016)[0m step:14 - global_seqlen/min:5794 - global_seqlen/max:5794 - global_seqlen/minmax_diff:0 - global_seqlen/balanced_min:5794 - global_seqlen/balanced_max:5794 - global_seqlen/mean:5794.0 - actor/entropy:0.6453324556350708 - training/rollout_probs_diff_valid:1 - training/rollout_probs_diff_max:0.06240615248680115 - training/rollout_probs_diff_mean:0.00462748110294342 - training/rollout_probs_diff_std:0.008660470135509968 - training/rollout_actor_probs_pearson_corr:0.9995830655097961 - rollout_corr/training_ppl:1.1826379299163818 - rollout_corr/training_log_ppl:0.1250486969947815 - rollout_corr/kl:0.0003623012744355947 - rollout_corr/k3_kl:0.0005415537161752582 - rollout_corr/rollout_ppl:1.183213233947754 - rollout_corr/rollout_log_ppl:0.12535935640335083 - rollout_corr/log_ppl_diff:-0.00031066848896443844 - rollout_corr/log_ppl_abs_diff:0.002640328137204051 - rollout_corr/log_ppl_diff_max:0.029993712902069092 - rollout_corr/log_ppl_diff_min:-0.031090468168258667 - rollout_corr/ppl_ratio:0.9997134804725647 - rollout_corr/chi2_token:0.001444101333618164 - rollout_corr/chi2_seq:0.021930456161499023 - actor/pg_clipfrac:np.float64(0.0) - actor/ppo_kl:np.float64(0.0) - actor/pg_clipfrac_lower:np.float64(0.0) - actor/pg_loss:np.float64(-0.16794103384017944) - actor/loss:np.float64(-0.16794103384017944) - actor/grad_norm:np.float64(0.20473898947238922) - actor/lr:np.float64(1e-06) - actor/perf/max_memory_allocated_gb:np.float64(15.35539722442627) - actor/perf/max_memory_reserved_gb:np.float64(25.787109375) - actor/perf/cpu_memory_used_gb:np.float64(32.27401351928711) - perf/mfu/actor:np.float64(0.03667163429422548) - training/global_step:14 - training/epoch:0 - critic/score/mean:0.40625 - critic/score/max:1.0 - critic/score/min:0.0 - critic/rewards/mean:0.40625 - critic/rewards/max:1.0 - critic/rewards/min:0.0 - critic/advantages/mean:0.16794104874134064 - critic/advantages/max:2.4748666286468506 - critic/advantages/min:-1.20761239528656 - critic/returns/mean:0.16794104874134064 - critic/returns/max:2.4748666286468506 - critic/returns/min:-1.20761239528656 - response_length/mean:72.0625 - response_length/max:507.0 - response_length/min:4.0 - response_length/clip_ratio:0.03125 - response_length_non_aborted/mean:72.0625 - response_length_non_aborted/max:507.0 - response_length_non_aborted/min:4.0 - response_length_non_aborted/clip_ratio:0.03125 - response/aborted_ratio:0.0 - prompt_length/mean:103.0 - prompt_length/max:124.0 - prompt_length/min:92.0 - prompt_length/clip_ratio:0.25 - timing_s/gen:4.438813551969361 - timing_s/old_log_prob:1.156511191977188 - timing_s/adv:0.2345089340233244 - timing_s/update_actor:1.9532790959929116 - timing_s/update_weights:1.1098191940109245 - timing_s/step:9.28199087799294 - timing_per_token_ms/adv:0.04047444494707014 - timing_per_token_ms/update_actor:0.337121003795808 - timing_per_token_ms/gen:1.847965675257852 - perf/total_num_tokens:5794 - perf/time_per_step:9.28199087799294 - perf/throughput:624.2195317964853 - training/num_turns/mean:np.float64(2.0) - training/num_turns/max:np.int64(2) - training/num_turns/min:np.int64(2) - training/off_policy/trajectory_spans/mean:np.float64(1.0) - training/off_policy/trajectory_spans/max:np.float64(1.0) - training/off_policy/trajectory_spans/min:np.float64(1.0) - training/off_policy/trajectory_staleness/mean:np.float64(0.0) - training/off_policy/trajectory_staleness/max:np.float64(0.0) - training/off_policy/trajectory_staleness/min:np.float64(0.0) - training/off_policy/trajectory_staleness_worst/mean:np.float64(0.0) - training/off_policy/trajectory_staleness_worst/max:np.float64(0.0) - training/off_policy/trajectory_staleness_worst/min:np.float64(0.0)
[36m(TaskRunnerV1 pid=761016)[0m step:15 - global_seqlen/min:6976 - global_seqlen/max:6976 - global_seqlen/minmax_diff:0 - global_seqlen/balanced_min:6976 - global_seqlen/balanced_max:6976 - global_seqlen/mean:6976.0 - actor/entropy:0.703449010848999 - training/rollout_probs_diff_valid:1 - training/rollout_probs_diff_max:0.061344921588897705 - training/rollout_probs_diff_mean:0.005499984137713909 - training/rollout_probs_diff_std:0.00922896433621645 - training/rollout_actor_probs_pearson_corr:0.9994974732398987 - rollout_corr/training_ppl:1.1529185771942139 - rollout_corr/training_log_ppl:0.10765598714351654 - rollout_corr/kl:0.0004479004710447043 - rollout_corr/k3_kl:0.0006713166367262602 - rollout_corr/rollout_ppl:1.152423620223999 - rollout_corr/rollout_log_ppl:0.10734722763299942 - rollout_corr/log_ppl_diff:0.0003087579971179366 - rollout_corr/log_ppl_abs_diff:0.0021629557013511658 - rollout_corr/log_ppl_diff_max:0.03123536705970764 - rollout_corr/log_ppl_diff_min:-0.029953062534332275 - rollout_corr/ppl_ratio:1.0003266334533691 - rollout_corr/chi2_token:0.001775979995727539 - rollout_corr/chi2_seq:0.04775416851043701 - actor/pg_clipfrac:np.float64(0.0) - actor/ppo_kl:np.float64(0.0) - actor/pg_clipfrac_lower:np.float64(0.0) - actor/pg_loss:np.float64(0.36056339740753174) - actor/loss:np.float64(0.36056339740753174) - actor/grad_norm:np.float64(0.17851707339286804) - actor/lr:np.float64(1e-06) - actor/perf/max_memory_allocated_gb:np.float64(15.35539722442627) - actor/perf/max_memory_reserved_gb:np.float64(25.787109375) - actor/perf/cpu_memory_used_gb:np.float64(32.29449462890625) - perf/mfu/actor:np.float64(0.03950313259164744) - training/global_step:15 - training/epoch:0 - critic/score/mean:0.28125 - critic/score/max:1.0 - critic/score/min:0.0 - critic/rewards/mean:0.28125 - critic/rewards/max:1.0 - critic/rewards/min:0.0 - critic/advantages/mean:-0.36056336760520935 - critic/advantages/max:0.935412585735321 - critic/advantages/min:-1.20761239528656 - critic/returns/mean:-0.36056336760520935 - critic/returns/max:0.935412585735321 - critic/returns/min:-1.20761239528656 - response_length/mean:102.5 - response_length/max:415.0 - response_length/min:4.0 - response_length/clip_ratio:0.03125 - response_length_non_aborted/mean:102.5 - response_length_non_aborted/max:415.0 - response_length_non_aborted/min:4.0 - response_length_non_aborted/clip_ratio:0.03125 - response/aborted_ratio:0.0 - prompt_length/mean:109.5 - prompt_length/max:126.0 - prompt_length/min:101.0 - prompt_length/clip_ratio:0.25 - timing_s/gen:2.3942014690255746 - timing_s/old_log_prob:1.2186688660294749 - timing_s/adv:0.23168454400729388 - timing_s/update_actor:2.2109558589872904 - timing_s/update_weights:1.2598173210280947 - timing_s/step:7.651797814993188 - timing_per_token_ms/adv:0.033211660551504284 - timing_per_token_ms/update_actor:0.31693747978602216 - timing_per_token_ms/gen:0.7091828995928835 - perf/total_num_tokens:6976 - perf/time_per_step:7.651797814993188 - perf/throughput:911.6811720156788 - training/num_turns/mean:np.float64(2.0) - training/num_turns/max:np.int64(2) - training/num_turns/min:np.int64(2) - training/off_policy/trajectory_spans/mean:np.float64(1.0) - training/off_policy/trajectory_spans/max:np.float64(1.0) - training/off_policy/trajectory_spans/min:np.float64(1.0) - training/off_policy/trajectory_staleness/mean:np.float64(0.0) - training/off_policy/trajectory_staleness/max:np.float64(0.0) - training/off_policy/trajectory_staleness/min:np.float64(0.0) - training/off_policy/trajectory_staleness_worst/mean:np.float64(0.0) - training/off_policy/trajectory_staleness_worst/max:np.float64(0.0) - training/off_policy/trajectory_staleness_worst/min:np.float64(0.0)
[36m(TaskRunnerV1 pid=761016)[0m step:16 - global_seqlen/min:7338 - global_seqlen/max:7338 - global_seqlen/minmax_diff:0 - global_seqlen/balanced_min:7338 - global_seqlen/balanced_max:7338 - global_seqlen/mean:7338.0 - actor/entropy:0.8369748592376709 - training/rollout_probs_diff_valid:1 - training/rollout_probs_diff_max:0.06783461570739746 - training/rollout_probs_diff_mean:0.005473249591886997 - training/rollout_probs_diff_std:0.008993699215352535 - training/rollout_actor_probs_pearson_corr:0.999562680721283 - rollout_corr/training_ppl:1.2652326822280884 - rollout_corr/training_log_ppl:0.14771431684494019 - rollout_corr/kl:0.0015683090314269066 - rollout_corr/k3_kl:0.0007438244065269828 - rollout_corr/rollout_ppl:1.2649669647216797 - rollout_corr/rollout_log_ppl:0.14782121777534485 - rollout_corr/log_ppl_diff:-0.00010690413182601333 - rollout_corr/log_ppl_abs_diff:0.0013510551070794463 - rollout_corr/log_ppl_diff_max:0.011422276496887207 - rollout_corr/log_ppl_diff_min:-0.02299007773399353 - rollout_corr/ppl_ratio:0.9999003410339355 - rollout_corr/chi2_token:-0.00016295909881591797 - rollout_corr/chi2_seq:-0.006062328815460205 - actor/pg_clipfrac:np.float64(0.0) - actor/ppo_kl:np.float64(0.0) - actor/pg_clipfrac_lower:np.float64(0.0) - actor/pg_loss:np.float64(0.1394205093383789) - actor/loss:np.float64(0.1394205093383789) - actor/grad_norm:np.float64(0.14022809267044067) - actor/lr:np.float64(1e-06) - actor/perf/max_memory_allocated_gb:np.float64(15.35539722442627) - actor/perf/max_memory_reserved_gb:np.float64(25.787109375) - actor/perf/cpu_memory_used_gb:np.float64(32.29832458496094) - perf/mfu/actor:np.float64(0.04055425008022104) - training/global_step:16 - training/epoch:0 - critic/score/mean:0.375 - critic/score/max:1.0 - critic/score/min:0.0 - critic/rewards/mean:0.375 - critic/rewards/max:1.0 - critic/rewards/min:0.0 - critic/advantages/mean:-0.13942047953605652 - critic/advantages/max:1.6201815605163574 - critic/advantages/min:-1.6201815605163574 - critic/returns/mean:-0.13942047953605652 - critic/returns/max:1.6201815605163574 - critic/returns/min:-1.6201815605163574 - response_length/mean:117.8125 - response_length/max:512.0 - response_length/min:4.0 - response_length/clip_ratio:0.03125 - response_length_non_aborted/mean:117.8125 - response_length_non_aborted/max:512.0 - response_length_non_aborted/min:4.0 - response_length_non_aborted/clip_ratio:0.03125 - response/aborted_ratio:0.0 - prompt_length/mean:105.5 - prompt_length/max:121.0 - prompt_length/min:86.0 - prompt_length/clip_ratio:0.25 - timing_s/gen:4.437212864984758 - timing_s/old_log_prob:1.224003086972516 - timing_s/adv:0.2362072829855606 - timing_s/update_actor:2.2597156839910895 - timing_s/update_weights:1.0664898410323076 - timing_s/step:9.615483992965892 - timing_per_token_ms/adv:0.0321895997527338 - timing_per_token_ms/update_actor:0.3079470814923807 - timing_per_token_ms/gen:1.1477529397270456 - perf/total_num_tokens:7338 - perf/time_per_step:9.615483992965892 - perf/throughput:763.1441127007271 - training/num_turns/mean:np.float64(2.0) - training/num_turns/max:np.int64(2) - training/num_turns/min:np.int64(2) - training/off_policy/trajectory_spans/mean:np.float64(1.0) - training/off_policy/trajectory_spans/max:np.float64(1.0) - training/off_policy/trajectory_spans/min:np.float64(1.0) - training/off_policy/trajectory_staleness/mean:np.float64(0.0) - training/off_policy/trajectory_staleness/max:np.float64(0.0) - training/off_policy/trajectory_staleness/min:np.float64(0.0) - training/off_policy/trajectory_staleness_worst/mean:np.float64(0.0) - training/off_policy/trajectory_staleness_worst/max:np.float64(0.0) - training/off_policy/trajectory_staleness_worst/min:np.float64(0.0)[36m(WorkerDict pid=762273)[0m INFO:2026-07-05 01:39:37,802:update_weights done, time cost: 0.37s
[36m(TaskRunnerV1 pid=761016)[0m Training Progress:  14%|█▎        | 17/125 [02:38<17:00,  9.45s/it]
[36m(WorkerDict pid=762273)[0m INFO:2026-07-05 01:39:47,381:update_weights done, time cost: 0.41s
[36m(TaskRunnerV1 pid=761016)[0m Training Progress:  14%|█▍        | 18/125 [02:48<16:54,  9.48s/it]
[36m(WorkerDict pid=762273)[0m INFO:2026-07-05 01:39:57,220:update_weights done, time cost: 0.36s
[36m(TaskRunnerV1 pid=761016)[0m Training Progress:  15%|█▌        | 19/125 [02:57<16:57,  9.60s/it]

[36m(TaskRunnerV1 pid=761016)[0m step:17 - global_seqlen/min:8618 - global_seqlen/max:8618 - global_seqlen/minmax_diff:0 - global_seqlen/balanced_min:8618 - global_seqlen/balanced_max:8618 - global_seqlen/mean:8618.0 - actor/entropy:0.8152949810028076 - training/rollout_probs_diff_valid:1 - training/rollout_probs_diff_max:0.09292036294937134 - training/rollout_probs_diff_mean:0.005092117004096508 - training/rollout_probs_diff_std:0.008756736293435097 - training/rollout_actor_probs_pearson_corr:0.9996010661125183 - rollout_corr/training_ppl:1.2663216590881348 - rollout_corr/training_log_ppl:0.1585724800825119 - rollout_corr/kl:0.0001832864509196952 - rollout_corr/k3_kl:0.0006619918276555836 - rollout_corr/rollout_ppl:1.2665693759918213 - rollout_corr/rollout_log_ppl:0.15873602032661438 - rollout_corr/log_ppl_diff:-0.00016351742669939995 - rollout_corr/log_ppl_abs_diff:0.001988547621294856 - rollout_corr/log_ppl_diff_max:0.02022494375705719 - rollout_corr/log_ppl_diff_min:-0.036924898624420166 - rollout_corr/ppl_ratio:0.9998542666435242 - rollout_corr/chi2_token:0.0022885799407958984 - rollout_corr/chi2_seq:0.06521046161651611 - actor/pg_clipfrac:np.float64(0.0) - actor/ppo_kl:np.float64(0.0) - actor/pg_clipfrac_lower:np.float64(0.0) - actor/pg_loss:np.float64(0.19971124827861786) - actor/loss:np.float64(0.19971124827861786) - actor/grad_norm:np.float64(0.08939838409423828) - actor/lr:np.float64(1e-06) - actor/perf/max_memory_allocated_gb:np.float64(16.485321521759033) - actor/perf/max_memory_reserved_gb:np.float64(25.787109375) - actor/perf/cpu_memory_used_gb:np.float64(32.320343017578125) - perf/mfu/actor:np.float64(0.04100229056470751) - training/global_step:17 - training/epoch:0 - critic/score/mean:0.21875 - critic/score/max:1.0 - critic/score/min:0.0 - critic/rewards/mean:0.21875 - critic/rewards/max:1.0 - critic/rewards/min:0.0 - critic/advantages/mean:-0.19971124827861786 - critic/advantages/max:2.4748666286468506 - critic/advantages/min:-0.935412585735321 - critic/returns/mean:-0.19971124827861786 - critic/returns/max:2.4748666286468506 - critic/returns/min:-0.935412585735321 - response_length/mean:142.8125 - response_length/max:512.0 - response_length/min:4.0 - response_length/clip_ratio:0.09375 - response_length_non_aborted/mean:142.8125 - response_length_non_aborted/max:512.0 - response_length_non_aborted/min:4.0 - response_length_non_aborted/clip_ratio:0.09375 - response/aborted_ratio:0.0 - prompt_length/mean:120.5 - prompt_length/max:152.0 - prompt_length/min:103.0 - prompt_length/clip_ratio:0.25 - timing_s/gen:4.4465935149928555 - timing_s/old_log_prob:1.3148089320166036 - timing_s/adv:0.2351901869988069 - timing_s/update_actor:2.5806061790208332 - timing_s/update_weights:1.0954189109615982 - timing_s/step:10.062464802002069 - timing_per_token_ms/adv:0.027290576351683325 - timing_per_token_ms/update_actor:0.2994437432142995 - timing_per_token_ms/gen:0.9529776071566343 - perf/total_num_tokens:8618 - perf/time_per_step:10.062464802002069 - perf/throughput:856.4502007783747 - training/num_turns/mean:np.float64(2.0) - training/num_turns/max:np.int64(2) - training/num_turns/min:np.int64(2) - training/off_policy/trajectory_spans/mean:np.float64(1.0) - training/off_policy/trajectory_spans/max:np.float64(1.0) - training/off_policy/trajectory_spans/min:np.float64(1.0) - training/off_policy/trajectory_staleness/mean:np.float64(0.0) - training/off_policy/trajectory_staleness/max:np.float64(0.0) - training/off_policy/trajectory_staleness/min:np.float64(0.0) - training/off_policy/trajectory_staleness_worst/mean:np.float64(0.0) - training/off_policy/trajectory_staleness_worst/max:np.float64(0.0) - training/off_policy/trajectory_staleness_worst/min:np.float64(0.0)
[36m(TaskRunnerV1 pid=761016)[0m step:18 - global_seqlen/min:6813 - global_seqlen/max:6813 - global_seqlen/minmax_diff:0 - global_seqlen/balanced_min:6813 - global_seqlen/balanced_max:6813 - global_seqlen/mean:6813.0 - actor/entropy:0.8115769624710083 - training/rollout_probs_diff_valid:1 - training/rollout_probs_diff_max:0.07034343481063843 - training/rollout_probs_diff_mean:0.0049605718813836575 - training/rollout_probs_diff_std:0.00861291028559208 - training/rollout_actor_probs_pearson_corr:0.9996130466461182 - rollout_corr/training_ppl:1.1902133226394653 - rollout_corr/training_log_ppl:0.12807542085647583 - rollout_corr/kl:0.0006131855770945549 - rollout_corr/k3_kl:0.0007056666072458029 - rollout_corr/rollout_ppl:1.190976619720459 - rollout_corr/rollout_log_ppl:0.12849509716033936 - rollout_corr/log_ppl_diff:-0.0004196814261376858 - rollout_corr/log_ppl_abs_diff:0.0022887377999722958 - rollout_corr/log_ppl_diff_max:0.028863802552223206 - rollout_corr/log_ppl_diff_min:-0.023137569427490234 - rollout_corr/ppl_ratio:0.9995982646942139 - rollout_corr/chi2_token:0.0016107559204101562 - rollout_corr/chi2_seq:0.009036540985107422 - actor/pg_clipfrac:np.float64(0.0) - actor/ppo_kl:np.float64(0.0) - actor/pg_clipfrac_lower:np.float64(0.0) - actor/pg_loss:np.float64(0.09497179090976715) - actor/loss:np.float64(0.09497179090976715) - actor/grad_norm:np.float64(0.1533796638250351) - actor/lr:np.float64(1e-06) - actor/perf/max_memory_allocated_gb:np.float64(16.485321521759033) - actor/perf/max_memory_reserved_gb:np.float64(27.615234375) - actor/perf/cpu_memory_used_gb:np.float64(32.31113052368164) - perf/mfu/actor:np.float64(0.039921072730675015) - training/global_step:18 - training/epoch:0 - critic/score/mean:0.25 - critic/score/max:1.0 - critic/score/min:0.0 - critic/rewards/mean:0.25 - critic/rewards/max:1.0 - critic/rewards/min:0.0 - critic/advantages/mean:-0.09497173130512238 - critic/advantages/max:1.6201815605163574 - critic/advantages/min:-0.935412585735321 - critic/returns/mean:-0.09497173130512238 - critic/returns/max:1.6201815605163574 - critic/returns/min:-0.935412585735321 - response_length/mean:95.40625 - response_length/max:512.0 - response_length/min:4.0 - response_length/clip_ratio:0.0625 - response_length_non_aborted/mean:95.40625 - response_length_non_aborted/max:512.0 - response_length_non_aborted/min:4.0 - response_length_non_aborted/clip_ratio:0.0625 - response/aborted_ratio:0.0 - prompt_length/mean:111.5 - prompt_length/max:154.0 - prompt_length/min:85.0 - prompt_length/clip_ratio:0.25 - timing_s/gen:4.427369564014953 - timing_s/old_log_prob:1.1890683860401623 - timing_s/adv:0.24057027301751077 - timing_s/update_actor:2.144799091038294 - timing_s/update_weights:1.1019166720216163 - timing_s/step:9.438919475011062 - timing_per_token_ms/adv:0.035310476004331535 - timing_per_token_ms/update_actor:0.31480978879176486 - timing_per_token_ms/gen:1.4059604839679112 - perf/total_num_tokens:6813 - perf/time_per_step:9.438919475011062 - perf/throughput:721.7987205036534 - training/num_turns/mean:np.float64(2.0) - training/num_turns/max:np.int64(2) - training/num_turns/min:np.int64(2) - training/off_policy/trajectory_spans/mean:np.float64(1.0) - training/off_policy/trajectory_spans/max:np.float64(1.0) - training/off_policy/trajectory_spans/min:np.float64(1.0) - training/off_policy/trajectory_staleness/mean:np.float64(0.0) - training/off_policy/trajectory_staleness/max:np.float64(0.0) - training/off_policy/trajectory_staleness/min:np.float64(0.0) - training/off_policy/trajectory_staleness_worst/mean:np.float64(0.0) - training/off_policy/trajectory_staleness_worst/max:np.float64(0.0) - training/off_policy/trajectory_staleness_worst/min:np.float64(0.0)
[36m(TaskRunnerV1 pid=761016)[0m step:19 - global_seqlen/min:7710 - global_seqlen/max:7710 - global_seqlen/minmax_diff:0 - global_seqlen/balanced_min:7710 - global_seqlen/balanced_max:7710 - global_seqlen/mean:7710.0 - actor/entropy:0.5696879029273987 - training/rollout_probs_diff_valid:1 - training/rollout_probs_diff_max:0.09265905618667603 - training/rollout_probs_diff_mean:0.004438895732164383 - training/rollout_probs_diff_std:0.008976271376013756 - training/rollout_actor_probs_pearson_corr:0.9995347857475281 - rollout_corr/training_ppl:1.179443597793579 - rollout_corr/training_log_ppl:0.1295652985572815 - rollout_corr/kl:0.0007992755272425711 - rollout_corr/k3_kl:0.0005606724880635738 - rollout_corr/rollout_ppl:1.1724921464920044 - rollout_corr/rollout_log_ppl:0.12525931000709534 - rollout_corr/log_ppl_diff:0.00430598109960556 - rollout_corr/log_ppl_abs_diff:0.004936789162456989 - rollout_corr/log_ppl_diff_max:0.06549173593521118 - rollout_corr/log_ppl_diff_min:-0.010638892650604248 - rollout_corr/ppl_ratio:1.0044008493423462 - rollout_corr/chi2_token:0.0006450414657592773 - rollout_corr/chi2_seq:-0.0028634071350097656 - actor/pg_clipfrac:np.float64(0.0) - actor/ppo_kl:np.float64(0.0) - actor/pg_clipfrac_lower:np.float64(0.0) - actor/pg_loss:np.float64(-0.35832706093788147) - actor/loss:np.float64(-0.35832706093788147) - actor/grad_norm:np.float64(0.12657029926776886) - actor/lr:np.float64(1e-06) - actor/perf/max_memory_allocated_gb:np.float64(16.485321521759033) - actor/perf/max_memory_reserved_gb:np.float64(27.615234375) - actor/perf/cpu_memory_used_gb:np.float64(32.32500457763672) - perf/mfu/actor:np.float64(0.04189782410796328) - training/global_step:19 - training/epoch:0 - critic/score/mean:0.03125 - critic/score/max:1.0 - critic/score/min:0.0 - critic/rewards/mean:0.03125 - critic/rewards/max:1.0 - critic/rewards/min:0.0 - critic/advantages/mean:0.3583270311355591 - critic/advantages/max:2.4748666286468506 - critic/advantages/min:-0.35355237126350403 - critic/returns/mean:0.3583270311355591 - critic/returns/max:2.4748666286468506 - critic/returns/min:-0.35355237126350403 - response_length/mean:97.1875 - response_length/max:512.0 - response_length/min:4.0 - response_length/clip_ratio:0.03125 - response_length_non_aborted/mean:97.1875 - response_length_non_aborted/max:512.0 - response_length_non_aborted/min:4.0 - response_length_non_aborted/clip_ratio:0.03125 - response/aborted_ratio:0.0 - prompt_length/mean:137.75 - prompt_length/max:174.0 - prompt_length/min:95.0 - prompt_length/clip_ratio:0.25 - timing_s/gen:4.434695937030483 - timing_s/old_log_prob:1.2579482939909212 - timing_s/adv:0.2405073520494625 - timing_s/update_actor:2.2961959129897878 - timing_s/update_weights:1.084036775981076 - timing_s/step:9.712642503960524 - timing_per_token_ms/adv:0.031194209085533397 - timing_per_token_ms/update_actor:0.297820481581036 - timing_per_token_ms/gen:1.3832488886557963 - perf/total_num_tokens:7710 - perf/time_per_step:9.712642503960524 - perf/throughput:793.8107468545346 - training/num_turns/mean:np.float64(2.0) - training/num_turns/max:np.int64(2) - training/num_turns/min:np.int64(2) - training/off_policy/trajectory_spans/mean:np.float64(1.0) - training/off_policy/trajectory_spans/max:np.float64(1.0) - training/off_policy/trajectory_spans/min:np.float64(1.0) - training/off_policy/trajectory_staleness/mean:np.float64(0.0) - training/off_policy/trajectory_staleness/max:np.float64(0.0) - training/off_policy/trajectory_staleness/min:np.float64(0.0) - training/off_policy/trajectory_staleness_worst/mean:np.float64(0.0) - training/off_policy/trajectory_staleness_worst/max:np.float64(0.0) - training/off_policy/trajectory_staleness_worst/min:np.float64(0.0)[36m(WorkerDict pid=762273)[0m INFO:2026-07-05 01:40:06,914:update_weights done, time cost: 0.36s
[36m(TransferQueueController pid=761223)[0m 2026-07-05 01:40:07,149 - INFO - transfer_queue.utils.perf_utils - TQ_CONTROLLER_19895470: [Performance] Total success requests: 3682, Total req/min: 729.25, Total avg process time: 0.0007s; 
[36m(TransferQueueController pid=761223)[0m Time range: last 5.05 minutes; 
[36m(TransferQueueController pid=761223)[0m Per-operation statistics: KV_RETRIEVE_META: req_count=1428, req/min=282.83, avg_time=0.001659s, max_time=0.013985s, min_time=0.000090s; SET_CUSTOM_META: req_count=1285, req/min=254.51, avg_time=0.000037s, max_time=0.000190s, min_time=0.000009s; KV_LIST: req_count=60, req/min=11.88, avg_time=0.000089s, max_time=0.000181s, min_time=0.000058s; NOTIFY_DATA_UPDATE: req_count=848, req/min=167.95, avg_time=0.000339s, max_time=0.005485s, min_time=0.000085s; CLEAR_META: req_count=41, req/min=8.12, avg_time=0.000848s, max_time=0.001411s, min_time=0.000353s; KV_RETRIEVE_KEYS: req_count=20, req/min=3.96, avg_time=0.000124s, max_time=0.000177s, min_time=0.000107s
[36m(TaskRunnerV1 pid=761016)[0m Training Progress:  16%|█▌        | 20/125 [03:07<16:51,  9.63s/it]
[36m(SimpleStorageUnit pid=761299)[0m Per-operation statistics: PUT_DATA: req_count=176, req/min=35.20, avg_time=0.009669s, max_time=0.022085s, min_time=0.004129s; CLEAR_DATA: req_count=36, req/min=7.20, avg_time=0.010624s, max_time=0.015385s, min_time=0.007670s; GET_DATA: req_count=102, req/min=20.40, avg_time=0.011366s, max_time=0.015672s, min_time=0.009159s
[36m(WorkerDict pid=762273)[0m INFO:2026-07-05 01:40:14,501:update_weights done, time cost: 0.37s
[36m(SimpleStorageUnit pid=761322)[0m 2026-07-05 01:40:07,498 - INFO - transfer_queue.utils.perf_utils - TQ_STORAGE_UNIT_3184888a: [Performance] Total success requests: 313, Total req/min: 62.57, Total avg process time: 0.0097s; [32m [repeated 8x across cluster][0m
[36m(SimpleStorageUnit pid=761322)[0m Time range: last 5.00 minutes; [32m [repeated 8x across cluster][0m
[36m(SimpleStorageUnit pid=761322)[0m Per-operation statistics: PUT_DATA: req_count=172, req/min=34.38, avg_time=0.009167s, max_time=0.017950s, min_time=0.005854s; CLEAR_DATA: req_count=36, req/min=7.20, avg_time=0.010062s, max_time=0.012537s, min_time=0.007674s; GET_DATA: req_count=105, req/min=20.99, avg_time=0.010437s, max_time=0.013130s, min_time=0.006845s[32m [repeated 7x across cluster][0m
[36m(TaskRunnerV1 pid=761016)[0m Training Progress:  17%|█▋        | 21/125 [03:15<15:38,  9.02s/it]
[36m(WorkerDict pid=762273)[0m INFO:2026-07-05 01:40:24,451:update_weights done, time cost: 0.37s
[36m(TaskRunnerV1 pid=761016)[0m Training Progress:  18%|█▊        | 22/125 [03:25<15:57,  9.30s/it]

[36m(TaskRunnerV1 pid=761016)[0m step:20 - global_seqlen/min:7276 - global_seqlen/max:7276 - global_seqlen/minmax_diff:0 - global_seqlen/balanced_min:7276 - global_seqlen/balanced_max:7276 - global_seqlen/mean:7276.0 - actor/entropy:0.7203330397605896 - training/rollout_probs_diff_valid:1 - training/rollout_probs_diff_max:0.08624041080474854 - training/rollout_probs_diff_mean:0.005085708573460579 - training/rollout_probs_diff_std:0.008937185630202293 - training/rollout_actor_probs_pearson_corr:0.9995567202568054 - rollout_corr/training_ppl:1.1581982374191284 - rollout_corr/training_log_ppl:0.10820291936397552 - rollout_corr/kl:0.0012982533080503345 - rollout_corr/k3_kl:0.000622751540504396 - rollout_corr/rollout_ppl:1.1566230058670044 - rollout_corr/rollout_log_ppl:0.10715442895889282 - rollout_corr/log_ppl_diff:0.0010484817903488874 - rollout_corr/log_ppl_abs_diff:0.001921977149322629 - rollout_corr/log_ppl_diff_max:0.026472344994544983 - rollout_corr/log_ppl_diff_min:-0.014793023467063904 - rollout_corr/ppl_ratio:1.0010638236999512 - rollout_corr/chi2_token:-9.423494338989258e-05 - rollout_corr/chi2_seq:-0.03711080551147461 - actor/pg_clipfrac:np.float64(0.0) - actor/ppo_kl:np.float64(0.0) - actor/pg_clipfrac_lower:np.float64(0.0) - actor/pg_loss:np.float64(0.3043111264705658) - actor/loss:np.float64(0.3043111264705658) - actor/grad_norm:np.float64(0.1986350566148758) - actor/lr:np.float64(1e-06) - actor/perf/max_memory_allocated_gb:np.float64(16.485321521759033) - actor/perf/max_memory_reserved_gb:np.float64(27.615234375) - actor/perf/cpu_memory_used_gb:np.float64(32.32747268676758) - perf/mfu/actor:np.float64(0.040738783477479) - training/global_step:20 - training/epoch:0 - critic/score/mean:0.53125 - critic/score/max:1.0 - critic/score/min:0.0 - critic/rewards/mean:0.53125 - critic/rewards/max:1.0 - critic/rewards/min:0.0 - critic/advantages/mean:-0.3043111264705658 - critic/advantages/max:0.7245674133300781 - critic/advantages/min:-2.4748666286468506 - critic/returns/mean:-0.3043111264705658 - critic/returns/max:0.7245674133300781 - critic/returns/min:-2.4748666286468506 - response_length/mean:101.125 - response_length/max:512.0 - response_length/min:4.0 - response_length/clip_ratio:0.0625 - response_length_non_aborted/mean:101.125 - response_length_non_aborted/max:512.0 - response_length_non_aborted/min:4.0 - response_length_non_aborted/clip_ratio:0.0625 - response/aborted_ratio:0.0 - prompt_length/mean:120.25 - prompt_length/max:148.0 - prompt_length/min:91.0 - prompt_length/clip_ratio:0.25 - timing_s/gen:4.395975018967874 - timing_s/old_log_prob:1.2347877149586566 - timing_s/adv:0.23674138996284455 - timing_s/update_actor:2.2323775310069323 - timing_s/update_weights:1.0735792979830876 - timing_s/step:9.566030204005074 - timing_per_token_ms/adv:0.03253729933519029 - timing_per_token_ms/update_actor:0.3068138442835256 - timing_per_token_ms/gen:1.3193202337838759 - perf/total_num_tokens:7276 - perf/time_per_step:9.566030204005074 - perf/throughput:760.6080939357382 - training/num_turns/mean:np.float64(2.0) - training/num_turns/max:np.int64(2) - training/num_turns/min:np.int64(2) - training/off_policy/trajectory_spans/mean:np.float64(1.0) - training/off_policy/trajectory_spans/max:np.float64(1.0) - training/off_policy/trajectory_spans/min:np.float64(1.0) - training/off_policy/trajectory_staleness/mean:np.float64(0.0) - training/off_policy/trajectory_staleness/max:np.float64(0.0) - training/off_policy/trajectory_staleness/min:np.float64(0.0) - training/off_policy/trajectory_staleness_worst/mean:np.float64(0.0) - training/off_policy/trajectory_staleness_worst/max:np.float64(0.0) - training/off_policy/trajectory_staleness_worst/min:np.float64(0.0)
[36m(TaskRunnerV1 pid=761016)[0m step:21 - global_seqlen/min:6653 - global_seqlen/max:6653 - global_seqlen/minmax_diff:0 - global_seqlen/balanced_min:6653 - global_seqlen/balanced_max:6653 - global_seqlen/mean:6653.0 - actor/entropy:0.8209668397903442 - training/rollout_probs_diff_valid:1 - training/rollout_probs_diff_max:0.09091770648956299 - training/rollout_probs_diff_mean:0.005587343592196703 - training/rollout_probs_diff_std:0.010035145096480846 - training/rollout_actor_probs_pearson_corr:0.9994807243347168 - rollout_corr/training_ppl:1.204211711883545 - rollout_corr/training_log_ppl:0.12708115577697754 - rollout_corr/kl:0.0017101300181820989 - rollout_corr/k3_kl:0.000781505077611655 - rollout_corr/rollout_ppl:1.2085024118423462 - rollout_corr/rollout_log_ppl:0.13066160678863525 - rollout_corr/log_ppl_diff:-0.003580444259569049 - rollout_corr/log_ppl_abs_diff:0.004279657267034054 - rollout_corr/log_ppl_diff_max:0.009924769401550293 - rollout_corr/log_ppl_diff_min:-0.0647149384021759 - rollout_corr/ppl_ratio:0.9964852929115295 - rollout_corr/chi2_token:-0.00030547380447387695 - rollout_corr/chi2_seq:0.014478802680969238 - actor/pg_clipfrac:np.float64(0.0) - actor/ppo_kl:np.float64(0.0) - actor/pg_clipfrac_lower:np.float64(0.0) - actor/pg_loss:np.float64(0.11863667517900467) - actor/loss:np.float64(0.11863667517900467) - actor/grad_norm:np.float64(0.29470598697662354) - actor/lr:np.float64(1e-06) - actor/perf/max_memory_allocated_gb:np.float64(16.485321521759033) - actor/perf/max_memory_reserved_gb:np.float64(27.615234375) - actor/perf/cpu_memory_used_gb:np.float64(32.33494186401367) - perf/mfu/actor:np.float64(0.039195591986396286) - training/global_step:21 - training/epoch:0 - critic/score/mean:0.4375 - critic/score/max:1.0 - critic/score/min:0.0 - critic/rewards/mean:0.4375 - critic/rewards/max:1.0 - critic/rewards/min:0.0 - critic/advantages/mean:-0.11863675713539124 - critic/advantages/max:2.4748666286468506 - critic/advantages/min:-1.6201815605163574 - critic/returns/mean:-0.11863675713539124 - critic/returns/max:2.4748666286468506 - critic/returns/min:-1.6201815605163574 - response_length/mean:98.40625 - response_length/max:378.0 - response_length/min:4.0 - response_length/clip_ratio:0.03125 - response_length_non_aborted/mean:98.40625 - response_length_non_aborted/max:378.0 - response_length_non_aborted/min:4.0 - response_length_non_aborted/clip_ratio:0.03125 - response/aborted_ratio:0.0 - prompt_length/mean:103.5 - prompt_length/max:119.0 - prompt_length/min:90.0 - prompt_length/clip_ratio:0.25 - timing_s/gen:2.4296152129536495 - timing_s/old_log_prob:1.1749831510242075 - timing_s/adv:0.2411140149924904 - timing_s/update_actor:2.137274752021767 - timing_s/update_weights:1.0943555149715394 - timing_s/step:7.469416145002469 - timing_per_token_ms/adv:0.03624139711295512 - timing_per_token_ms/update_actor:0.32124977484169054 - timing_per_token_ms/gen:0.748725797520385 - perf/total_num_tokens:6653 - perf/time_per_step:7.469416145002469 - perf/throughput:890.6988003943648 - training/num_turns/mean:np.float64(2.0) - training/num_turns/max:np.int64(2) - training/num_turns/min:np.int64(2) - training/off_policy/trajectory_spans/mean:np.float64(1.0) - training/off_policy/trajectory_spans/max:np.float64(1.0) - training/off_policy/trajectory_spans/min:np.float64(1.0) - training/off_policy/trajectory_staleness/mean:np.float64(0.0) - training/off_policy/trajectory_staleness/max:np.float64(0.0) - training/off_policy/trajectory_staleness/min:np.float64(0.0) - training/off_policy/trajectory_staleness_worst/mean:np.float64(0.0) - training/off_policy/trajectory_staleness_worst/max:np.float64(0.0) - training/off_policy/trajectory_staleness_worst/min:np.float64(0.0)
[36m(TaskRunnerV1 pid=761016)[0m step:22 - global_seqlen/min:6635 - global_seqlen/max:6635 - global_seqlen/minmax_diff:0 - global_seqlen/balanced_min:6635 - global_seqlen/balanced_max:6635 - global_seqlen/mean:6635.0 - actor/entropy:0.8097999691963196 - training/rollout_probs_diff_valid:1 - training/rollout_probs_diff_max:0.059724390506744385 - training/rollout_probs_diff_mean:0.0052619026973843575 - training/rollout_probs_diff_std:0.008487271144986153 - training/rollout_actor_probs_pearson_corr:0.9996127486228943 - rollout_corr/training_ppl:1.244248390197754 - rollout_corr/training_log_ppl:0.14887996017932892 - rollout_corr/kl:0.0008407600107602775 - rollout_corr/k3_kl:0.0007223100983537734 - rollout_corr/rollout_ppl:1.243627905845642 - rollout_corr/rollout_log_ppl:0.14810048043727875 - rollout_corr/log_ppl_diff:0.0007794717093929648 - rollout_corr/log_ppl_abs_diff:0.002135185757651925 - rollout_corr/log_ppl_diff_max:0.030103474855422974 - rollout_corr/log_ppl_diff_min:-0.03687238693237305 - rollout_corr/ppl_ratio:1.000799298286438 - rollout_corr/chi2_token:0.0012184381484985352 - rollout_corr/chi2_seq:-0.004005312919616699 - actor/pg_clipfrac:np.float64(0.0) - actor/ppo_kl:np.float64(0.0) - actor/pg_clipfrac_lower:np.float64(0.0) - actor/pg_loss:np.float64(0.43043702840805054) - actor/loss:np.float64(0.43043702840805054) - actor/grad_norm:np.float64(0.16421546041965485) - actor/lr:np.float64(1e-06) - actor/perf/max_memory_allocated_gb:np.float64(16.485321521759033) - actor/perf/max_memory_reserved_gb:np.float64(27.615234375) - actor/perf/cpu_memory_used_gb:np.float64(32.33537292480469) - perf/mfu/actor:np.float64(0.03856721812077951) - training/global_step:22 - training/epoch:0 - critic/score/mean:0.21875 - critic/score/max:1.0 - critic/score/min:0.0 - critic/rewards/mean:0.21875 - critic/rewards/max:1.0 - critic/rewards/min:0.0 - critic/advantages/mean:-0.43043702840805054 - critic/advantages/max:2.4748666286468506 - critic/advantages/min:-1.20761239528656 - critic/returns/mean:-0.43043702840805054 - critic/returns/max:2.4748666286468506 - critic/returns/min:-1.20761239528656 - response_length/mean:92.34375 - response_length/max:492.0 - response_length/min:4.0 - response_length/clip_ratio:0.03125 - response_length_non_aborted/mean:92.34375 - response_length_non_aborted/max:492.0 - response_length_non_aborted/min:4.0 - response_length_non_aborted/clip_ratio:0.03125 - response/aborted_ratio:0.0 - prompt_length/mean:109.0 - prompt_length/max:126.0 - prompt_length/min:90.0 - prompt_length/clip_ratio:0.25 - timing_s/gen:4.430864248017315 - timing_s/old_log_prob:1.1732169169699773 - timing_s/adv:0.2402708830195479 - timing_s/update_actor:2.17440122901462 - timing_s/update_weights:1.0817438950180076 - timing_s/step:9.795660443021916 - timing_per_token_ms/adv:0.03621264250483013 - timing_per_token_ms/update_actor:0.32771683933905355 - timing_per_token_ms/gen:1.452266223538943 - perf/total_num_tokens:6635 - perf/time_per_step:9.795660443021916 - perf/throughput:677.3407508961318 - training/num_turns/mean:np.float64(2.0) - training/num_turns/max:np.int64(2) - training/num_turns/min:np.int64(2) - training/off_policy/trajectory_spans/mean:np.float64(1.0) - training/off_policy/trajectory_spans/max:np.float64(1.0) - training/off_policy/trajectory_spans/min:np.float64(1.0) - training/off_policy/trajectory_staleness/mean:np.float64(0.0) - training/off_policy/trajectory_staleness/max:np.float64(0.0) - training/off_policy/trajectory_staleness/min:np.float64(0.0) - training/off_policy/trajectory_staleness_worst/mean:np.float64(0.0) - training/off_policy/trajectory_staleness_worst/max:np.float64(0.0) - training/off_policy/trajectory_staleness_worst/min:np.float64(0.0)[36m(WorkerDict pid=762273)[0m INFO:2026-07-05 01:40:34,533:update_weights done, time cost: 0.46s
[36m(TaskRunnerV1 pid=761016)[0m Training Progress:  18%|█▊        | 23/125 [03:35<16:13,  9.54s/it]
[36m(WorkerDict pid=762273)[0m INFO:2026-07-05 01:40:41,939:update_weights done, time cost: 0.38s
[36m(TaskRunnerV1 pid=761016)[0m Training Progress:  19%|█▉        | 24/125 [03:42<14:57,  8.89s/it]
[36m(WorkerDict pid=762273)[0m INFO:2026-07-05 01:40:51,574:update_weights done, time cost: 0.40s
[36m(TaskRunnerV1 pid=761016)[0m Training Progress:  20%|██        | 25/125 [03:56<17:25, 10.45s/it]

[36m(TaskRunnerV1 pid=761016)[0m step:23 - global_seqlen/min:8125 - global_seqlen/max:8125 - global_seqlen/minmax_diff:0 - global_seqlen/balanced_min:8125 - global_seqlen/balanced_max:8125 - global_seqlen/mean:8125.0 - actor/entropy:0.7015078663825989 - training/rollout_probs_diff_valid:1 - training/rollout_probs_diff_max:0.08376750349998474 - training/rollout_probs_diff_mean:0.004920393694192171 - training/rollout_probs_diff_std:0.008601367473602295 - training/rollout_actor_probs_pearson_corr:0.9995865821838379 - rollout_corr/training_ppl:1.1793140172958374 - rollout_corr/training_log_ppl:0.1270938366651535 - rollout_corr/kl:0.0009366214508190751 - rollout_corr/k3_kl:0.0006359584513120353 - rollout_corr/rollout_ppl:1.1778998374938965 - rollout_corr/rollout_log_ppl:0.12625378370285034 - rollout_corr/log_ppl_diff:0.0008400558726862073 - rollout_corr/log_ppl_abs_diff:0.0033420000690966845 - rollout_corr/log_ppl_diff_max:0.051973432302474976 - rollout_corr/log_ppl_diff_min:-0.02574029564857483 - rollout_corr/ppl_ratio:1.0008848905563354 - rollout_corr/chi2_token:0.0006704330444335938 - rollout_corr/chi2_seq:0.039069175720214844 - actor/pg_clipfrac:np.float64(0.0) - actor/ppo_kl:np.float64(0.0) - actor/pg_clipfrac_lower:np.float64(0.0) - actor/pg_loss:np.float64(0.26407355070114136) - actor/loss:np.float64(0.26407355070114136) - actor/grad_norm:np.float64(0.147856667637825) - actor/lr:np.float64(1e-06) - actor/perf/max_memory_allocated_gb:np.float64(16.485321521759033) - actor/perf/max_memory_reserved_gb:np.float64(27.615234375) - actor/perf/cpu_memory_used_gb:np.float64(32.35006332397461) - perf/mfu/actor:np.float64(0.041829121162603865) - training/global_step:23 - training/epoch:0 - critic/score/mean:0.5 - critic/score/max:1.0 - critic/score/min:0.0 - critic/rewards/mean:0.5 - critic/rewards/max:1.0 - critic/rewards/min:0.0 - critic/advantages/mean:-0.26407358050346375 - critic/advantages/max:2.4748666286468506 - critic/advantages/min:-1.6201815605163574 - critic/returns/mean:-0.26407358050346375 - critic/returns/max:2.4748666286468506 - critic/returns/min:-1.6201815605163574 - response_length/mean:138.40625 - response_length/max:512.0 - response_length/min:4.0 - response_length/clip_ratio:0.0625 - response_length_non_aborted/mean:138.40625 - response_length_non_aborted/max:512.0 - response_length_non_aborted/min:4.0 - response_length_non_aborted/clip_ratio:0.0625 - response/aborted_ratio:0.0 - prompt_length/mean:109.5 - prompt_length/max:125.0 - prompt_length/min:90.0 - prompt_length/clip_ratio:0.25 - timing_s/gen:4.430720125965308 - timing_s/old_log_prob:1.2732083349837922 - timing_s/adv:0.24081628501880914 - timing_s/update_actor:2.4068768299766816 - timing_s/update_weights:1.2297792950412259 - timing_s/step:9.976413411961403 - timing_per_token_ms/adv:0.029638927386930355 - timing_per_token_ms/update_actor:0.2962309944586685 - timing_per_token_ms/gen:0.9791646687216151 - perf/total_num_tokens:8125 - perf/time_per_step:9.976413411961403 - perf/throughput:814.4209411228271 - training/num_turns/mean:np.float64(2.0) - training/num_turns/max:np.int64(2) - training/num_turns/min:np.int64(2) - training/off_policy/trajectory_spans/mean:np.float64(1.0) - training/off_policy/trajectory_spans/max:np.float64(1.0) - training/off_policy/trajectory_spans/min:np.float64(1.0) - training/off_policy/trajectory_staleness/mean:np.float64(0.0) - training/off_policy/trajectory_staleness/max:np.float64(0.0) - training/off_policy/trajectory_staleness/min:np.float64(0.0) - training/off_policy/trajectory_staleness_worst/mean:np.float64(0.0) - training/off_policy/trajectory_staleness_worst/max:np.float64(0.0) - training/off_policy/trajectory_staleness_worst/min:np.float64(0.0)
[36m(TaskRunnerV1 pid=761016)[0m step:24 - global_seqlen/min:5381 - global_seqlen/max:5381 - global_seqlen/minmax_diff:0 - global_seqlen/balanced_min:5381 - global_seqlen/balanced_max:5381 - global_seqlen/mean:5381.0 - actor/entropy:0.8892804384231567 - training/rollout_probs_diff_valid:1 - training/rollout_probs_diff_max:0.06284689903259277 - training/rollout_probs_diff_mean:0.006074686534702778 - training/rollout_probs_diff_std:0.009732026606798172 - training/rollout_actor_probs_pearson_corr:0.9994950890541077 - rollout_corr/training_ppl:1.2074936628341675 - rollout_corr/training_log_ppl:0.13489682972431183 - rollout_corr/kl:0.001327467616647482 - rollout_corr/k3_kl:0.00085173558909446 - rollout_corr/rollout_ppl:1.2111294269561768 - rollout_corr/rollout_log_ppl:0.13715538382530212 - rollout_corr/log_ppl_diff:-0.0022585508413612843 - rollout_corr/log_ppl_abs_diff:0.003350374521687627 - rollout_corr/log_ppl_diff_max:0.01880800724029541 - rollout_corr/log_ppl_diff_min:-0.051494598388671875 - rollout_corr/ppl_ratio:0.9977802038192749 - rollout_corr/chi2_token:0.0007244348526000977 - rollout_corr/chi2_seq:0.005623459815979004 - actor/pg_clipfrac:np.float64(0.0) - actor/ppo_kl:np.float64(0.0) - actor/pg_clipfrac_lower:np.float64(0.0) - actor/pg_loss:np.float64(-0.04055967926979065) - actor/loss:np.float64(-0.04055967926979065) - actor/grad_norm:np.float64(0.25963443517684937) - actor/lr:np.float64(1e-06) - actor/perf/max_memory_allocated_gb:np.float64(16.485321521759033) - actor/perf/max_memory_reserved_gb:np.float64(27.615234375) - actor/perf/cpu_memory_used_gb:np.float64(32.32992172241211) - perf/mfu/actor:np.float64(0.03440463776589105) - training/global_step:24 - training/epoch:0 - critic/score/mean:0.375 - critic/score/max:1.0 - critic/score/min:0.0 - critic/rewards/mean:0.375 - critic/rewards/max:1.0 - critic/rewards/min:0.0 - critic/advantages/mean:0.040559690445661545 - critic/advantages/max:1.6201815605163574 - critic/advantages/min:-1.20761239528656 - critic/returns/mean:0.040559690445661545 - critic/returns/max:1.6201815605163574 - critic/returns/min:-1.20761239528656 - response_length/mean:56.90625 - response_length/max:423.0 - response_length/min:4.0 - response_length/clip_ratio:0.03125 - response_length_non_aborted/mean:56.90625 - response_length_non_aborted/max:423.0 - response_length_non_aborted/min:4.0 - response_length_non_aborted/clip_ratio:0.03125 - response/aborted_ratio:0.0 - prompt_length/mean:105.25 - prompt_length/max:128.0 - prompt_length/min:93.0 - prompt_length/clip_ratio:0.25 - timing_s/gen:2.406356899999082 - timing_s/old_log_prob:1.1332949019852094 - timing_s/adv:0.2375493019935675 - timing_s/update_actor:1.9858275030273944 - timing_s/update_weights:1.0824628749978729 - timing_s/step:7.24226833099965 - timing_per_token_ms/adv:0.04414593978694806 - timing_per_token_ms/update_actor:0.36904432317922214 - timing_per_token_ms/gen:1.2552722483041638 - perf/total_num_tokens:5381 - perf/time_per_step:7.24226833099965 - perf/throughput:742.9992585288898 - training/num_turns/mean:np.float64(2.0) - training/num_turns/max:np.int64(2) - training/num_turns/min:np.int64(2) - training/off_policy/trajectory_spans/mean:np.float64(1.0) - training/off_policy/trajectory_spans/max:np.float64(1.0) - training/off_policy/trajectory_spans/min:np.float64(1.0) - training/off_policy/trajectory_staleness/mean:np.float64(0.0) - training/off_policy/trajectory_staleness/max:np.float64(0.0) - training/off_policy/trajectory_staleness/min:np.float64(0.0) - training/off_policy/trajectory_staleness_worst/mean:np.float64(0.0) - training/off_policy/trajectory_staleness_worst/max:np.float64(0.0) - training/off_policy/trajectory_staleness_worst/min:np.float64(0.0)
[36m(TaskRunnerV1 pid=761016)[0m Dumped generations to /data2/hjk/projects/AI-HiddenState-ER/rl_audit/mathverse_text_qwen25_1p5b_grpo_answer_a0_clean_rerun512_seed42/validation_generations/25.jsonl
[36m(TaskRunnerV1 pid=761016)[0m step:25 - global_seqlen/min:6563 - global_seqlen/max:6563 - global_seqlen/minmax_diff:0 - global_seqlen/balanced_min:6563 - global_seqlen/balanced_max:6563 - global_seqlen/mean:6563.0 - actor/entropy:0.8164778351783752 - training/rollout_probs_diff_valid:1 - training/rollout_probs_diff_max:0.0623723566532135 - training/rollout_probs_diff_mean:0.005007714964449406 - training/rollout_probs_diff_std:0.008733482100069523 - training/rollout_actor_probs_pearson_corr:0.9996148347854614 - rollout_corr/training_ppl:1.1723580360412598 - rollout_corr/training_log_ppl:0.11844953894615173 - rollout_corr/kl:0.0009944301564246416 - rollout_corr/k3_kl:0.0006860329885967076 - rollout_corr/rollout_ppl:1.173256278038025 - rollout_corr/rollout_log_ppl:0.11908601969480515 - rollout_corr/log_ppl_diff:-0.0006364838918671012 - rollout_corr/log_ppl_abs_diff:0.0028793327510356903 - rollout_corr/log_ppl_diff_max:0.03819751739501953 - rollout_corr/log_ppl_diff_min:-0.043391644954681396 - rollout_corr/ppl_ratio:0.9993935227394104 - rollout_corr/chi2_token:0.0007424354553222656 - rollout_corr/chi2_seq:0.1223292350769043 - actor/pg_clipfrac:np.float64(0.0) - actor/ppo_kl:np.float64(0.0) - actor/pg_clipfrac_lower:np.float64(0.0) - actor/pg_loss:np.float64(0.024289866909384727) - actor/loss:np.float64(0.024289866909384727) - actor/grad_norm:np.float64(0.14993488788604736) - actor/lr:np.float64(1e-06) - actor/perf/max_memory_allocated_gb:np.float64(16.485321521759033) - actor/perf/max_memory_reserved_gb:np.float64(27.615234375) - actor/perf/cpu_memory_used_gb:np.float64(32.33891677856445) - perf/mfu/actor:np.float64(0.03905131366434489) - val-aux/MathVerseTextA0Clean/reward/mean@1:np.float64(0.4609375) - val-core/MathVerseTextA0Clean/acc/mean@1:np.float64(0.4609375) - val-aux/num_turns/min:np.int64(2) - val-aux/num_turns/max:np.int64(2) - val-aux/num_turns/mean:np.float64(2.0) - training/global_step:25 - training/epoch:0 - critic/score/mean:0.1875 - critic/score/max:1.0 - critic/score/min:0.0 - critic/rewards/mean:0.1875 - critic/rewards/max:1.0 - critic/rewards/min:0.0 - critic/advantages/mean:-0.02428986132144928 - critic/advantages/max:2.4748666286468506 - critic/advantages/min:-1.20761239528656 - critic/returns/mean:-0.02428986132144928 - critic/returns/max:2.4748666286468506 - critic/returns/min:-1.20761239528656 - response_length/mean:86.34375 - response_length/max:512.0 - response_length/min:4.0 - response_length/clip_ratio:0.03125 - response_length_non_aborted/mean:86.34375 - response_length_non_aborted/max:512.0 - response_length_non_aborted/min:4.0 - response_length_non_aborted/clip_ratio:0.03125 - response/aborted_ratio:0.0 - prompt_length/mean:112.75 - prompt_length/max:138.0 - prompt_length/min:99.0 - prompt_length/clip_ratio:0.25 - timing_s/gen:4.445746247016359 - timing_s/old_log_prob:1.1896057660342194 - timing_s/adv:0.23924048896878958 - timing_s/update_actor:2.1136914930539206 - timing_s/update_weights:1.1001568909850903 - timing_s/step:9.483014588011429 - timing_s/testing:4.482008973020129 - timing_per_token_ms/adv:0.03645291619210568 - timing_per_token_ms/update_actor:0.32206178471033375 - timing_per_token_ms/gen:1.5550004361722138 - perf/total_num_tokens:6563 - perf/time_per_step:9.483014588011429 - perf/throughput:692.0795005732717 - training/num_turns/mean:np.float64(2.0) - training/num_turns/max:np.int64(2) - training/num_turns/min:np.int64(2) - training/off_policy/trajectory_spans/mean:np.float64(1.0) - training/off_policy/trajectory_spans/max:np.float64(1.0) - training/off_policy/trajectory_spans/min:np.float64(1.0) - training/off_policy/trajectory_staleness/mean:np.float64(0.0) - training/off_policy/trajectory_staleness/max:np.float64(0.0) - training/off_policy/trajectory_staleness/min:np.float64(0.0) - training/off_policy/trajectory_staleness_worst/mean:np.float64(0.0) - training/off_policy/trajectory_staleness_worst/max:np.float64(0.0) - training/off_policy/trajectory_staleness_worst/min:np.float64(0.0)[36m(WorkerDict pid=762273)[0m INFO:2026-07-05 01:41:05,734:update_weights done, time cost: 0.39s
[36m(TaskRunnerV1 pid=761016)[0m Training Progress:  21%|██        | 26/125 [04:06<16:53, 10.23s/it]
[36m(WorkerDict pid=762273)[0m INFO:2026-07-05 01:41:13,439:update_weights done, time cost: 0.36s
[36m(TaskRunnerV1 pid=761016)[0m Training Progress:  22%|██▏       | 27/125 [04:14<15:27,  9.47s/it]
[36m(WorkerDict pid=762273)[0m INFO:2026-07-05 01:41:23,152:update_weights done, time cost: 0.40s
[36m(TaskRunnerV1 pid=761016)[0m Training Progress:  22%|██▏       | 28/125 [04:23<15:26,  9.55s/it]

[36m(TaskRunnerV1 pid=761016)[0m step:26 - global_seqlen/min:6918 - global_seqlen/max:6918 - global_seqlen/minmax_diff:0 - global_seqlen/balanced_min:6918 - global_seqlen/balanced_max:6918 - global_seqlen/mean:6918.0 - actor/entropy:0.7019605040550232 - training/rollout_probs_diff_valid:1 - training/rollout_probs_diff_max:0.11915117502212524 - training/rollout_probs_diff_mean:0.0052748797461390495 - training/rollout_probs_diff_std:0.009406979195773602 - training/rollout_actor_probs_pearson_corr:0.9995055198669434 - rollout_corr/training_ppl:1.1785633563995361 - rollout_corr/training_log_ppl:0.119720458984375 - rollout_corr/kl:0.0008726570522412658 - rollout_corr/k3_kl:0.0006667458219453692 - rollout_corr/rollout_ppl:1.1770919561386108 - rollout_corr/rollout_log_ppl:0.11859860271215439 - rollout_corr/log_ppl_diff:0.0011218544095754623 - rollout_corr/log_ppl_abs_diff:0.0024739205837249756 - rollout_corr/log_ppl_diff_max:0.028419166803359985 - rollout_corr/log_ppl_diff_min:-0.025265991687774658 - rollout_corr/ppl_ratio:1.0011420249938965 - rollout_corr/chi2_token:0.0009162425994873047 - rollout_corr/chi2_seq:-0.0011410713195800781 - actor/pg_clipfrac:np.float64(0.0) - actor/ppo_kl:np.float64(0.0) - actor/pg_clipfrac_lower:np.float64(0.0) - actor/pg_loss:np.float64(0.07242298871278763) - actor/loss:np.float64(0.07242298871278763) - actor/grad_norm:np.float64(0.1390705108642578) - actor/lr:np.float64(1e-06) - actor/perf/max_memory_allocated_gb:np.float64(16.485321521759033) - actor/perf/max_memory_reserved_gb:np.float64(27.615234375) - actor/perf/cpu_memory_used_gb:np.float64(32.37600326538086) - perf/mfu/actor:np.float64(0.03999596428878075) - training/global_step:26 - training/epoch:0 - critic/score/mean:0.34375 - critic/score/max:1.0 - critic/score/min:0.0 - critic/rewards/mean:0.34375 - critic/rewards/max:1.0 - critic/rewards/min:0.0 - critic/advantages/mean:-0.07242296636104584 - critic/advantages/max:2.4748666286468506 - critic/advantages/min:-0.5400605201721191 - critic/returns/mean:-0.07242296636104584 - critic/returns/max:2.4748666286468506 - critic/returns/min:-0.5400605201721191 - response_length/mean:93.9375 - response_length/max:512.0 - response_length/min:4.0 - response_length/clip_ratio:0.0625 - response_length_non_aborted/mean:93.9375 - response_length_non_aborted/max:512.0 - response_length_non_aborted/min:4.0 - response_length_non_aborted/clip_ratio:0.0625 - response/aborted_ratio:0.0 - prompt_length/mean:116.25 - prompt_length/max:131.0 - prompt_length/min:103.0 - prompt_length/clip_ratio:0.25 - timing_s/gen:4.496068935957737 - timing_s/old_log_prob:1.1549307850073092 - timing_s/adv:0.23953600600361824 - timing_s/update_actor:2.165833732986357 - timing_s/update_weights:1.1347349749994464 - timing_s/step:9.578626913018525 - timing_per_token_ms/adv:0.03462503700543773 - timing_per_token_ms/update_actor:0.3130722366271115 - timing_per_token_ms/gen:1.4494097150089418 - perf/total_num_tokens:6918 - perf/time_per_step:9.578626913018525 - perf/throughput:722.2329528878082 - training/num_turns/mean:np.float64(2.0) - training/num_turns/max:np.int64(2) - training/num_turns/min:np.int64(2) - training/off_policy/trajectory_spans/mean:np.float64(1.0) - training/off_policy/trajectory_spans/max:np.float64(1.0) - training/off_policy/trajectory_spans/min:np.float64(1.0) - training/off_policy/trajectory_staleness/mean:np.float64(0.0) - training/off_policy/trajectory_staleness/max:np.float64(0.0) - training/off_policy/trajectory_staleness/min:np.float64(0.0) - training/off_policy/trajectory_staleness_worst/mean:np.float64(0.0) - training/off_policy/trajectory_staleness_worst/max:np.float64(0.0) - training/off_policy/trajectory_staleness_worst/min:np.float64(0.0)
[36m(TaskRunnerV1 pid=761016)[0m step:27 - global_seqlen/min:7150 - global_seqlen/max:7150 - global_seqlen/minmax_diff:0 - global_seqlen/balanced_min:7150 - global_seqlen/balanced_max:7150 - global_seqlen/mean:7150.0 - actor/entropy:0.921992838382721 - training/rollout_probs_diff_valid:1 - training/rollout_probs_diff_max:0.14711183309555054 - training/rollout_probs_diff_mean:0.00551978824660182 - training/rollout_probs_diff_std:0.009698416106402874 - training/rollout_actor_probs_pearson_corr:0.9995284080505371 - rollout_corr/training_ppl:1.2412301301956177 - rollout_corr/training_log_ppl:0.13871446251869202 - rollout_corr/kl:-0.00023908937873784453 - rollout_corr/k3_kl:0.0007169491145759821 - rollout_corr/rollout_ppl:1.2404955625534058 - rollout_corr/rollout_log_ppl:0.13862252235412598 - rollout_corr/log_ppl_diff:9.194877929985523e-05 - rollout_corr/log_ppl_abs_diff:0.0034178351052105427 - rollout_corr/log_ppl_diff_max:0.045246422290802 - rollout_corr/log_ppl_diff_min:-0.06119157373905182 - rollout_corr/ppl_ratio:1.0001510381698608 - rollout_corr/chi2_token:0.0033538341522216797 - rollout_corr/chi2_seq:0.331895112991333 - actor/pg_clipfrac:np.float64(0.0) - actor/ppo_kl:np.float64(0.0) - actor/pg_clipfrac_lower:np.float64(0.0) - actor/pg_loss:np.float64(-0.0041424245573580265) - actor/loss:np.float64(-0.0041424245573580265) - actor/grad_norm:np.float64(0.18545232713222504) - actor/lr:np.float64(1e-06) - actor/perf/max_memory_allocated_gb:np.float64(16.485321521759033) - actor/perf/max_memory_reserved_gb:np.float64(27.615234375) - actor/perf/cpu_memory_used_gb:np.float64(32.36363983154297) - perf/mfu/actor:np.float64(0.04029991320996503) - training/global_step:27 - training/epoch:0 - critic/score/mean:0.40625 - critic/score/max:1.0 - critic/score/min:0.0 - critic/rewards/mean:0.40625 - critic/rewards/max:1.0 - critic/rewards/min:0.0 - critic/advantages/mean:0.0041424487717449665 - critic/advantages/max:2.4748666286468506 - critic/advantages/min:-1.20761239528656 - critic/returns/mean:0.0041424487717449665 - critic/returns/max:2.4748666286468506 - critic/returns/min:-1.20761239528656 - response_length/mean:110.4375 - response_length/max:418.0 - response_length/min:4.0 - response_length/clip_ratio:0.03125 - response_length_non_aborted/mean:110.4375 - response_length_non_aborted/max:418.0 - response_length_non_aborted/min:4.0 - response_length_non_aborted/clip_ratio:0.03125 - response/aborted_ratio:0.0 - prompt_length/mean:107.0 - prompt_length/max:134.0 - prompt_length/min:81.0 - prompt_length/clip_ratio:0.25 - timing_s/gen:2.4118255429784767 - timing_s/old_log_prob:1.206696575973183 - timing_s/adv:0.2344574219896458 - timing_s/update_actor:2.2213821149780415 - timing_s/update_weights:1.0666707059717737 - timing_s/step:7.538388353015762 - timing_per_token_ms/adv:0.0327912478307197 - timing_per_token_ms/update_actor:0.31068281328364217 - timing_per_token_ms/gen:0.6644147501318117 - perf/total_num_tokens:7150 - perf/time_per_step:7.538388353015762 - perf/throughput:948.4785958446429 - training/num_turns/mean:np.float64(2.0) - training/num_turns/max:np.int64(2) - training/num_turns/min:np.int64(2) - training/off_policy/trajectory_spans/mean:np.float64(1.0) - training/off_policy/trajectory_spans/max:np.float64(1.0) - training/off_policy/trajectory_spans/min:np.float64(1.0) - training/off_policy/trajectory_staleness/mean:np.float64(0.0) - training/off_policy/trajectory_staleness/max:np.float64(0.0) - training/off_policy/trajectory_staleness/min:np.float64(0.0) - training/off_policy/trajectory_staleness_worst/mean:np.float64(0.0) - training/off_policy/trajectory_staleness_worst/max:np.float64(0.0) - training/off_policy/trajectory_staleness_worst/min:np.float64(0.0)
[36m(TaskRunnerV1 pid=761016)[0m step:28 - global_seqlen/min:7100 - global_seqlen/max:7100 - global_seqlen/minmax_diff:0 - global_seqlen/balanced_min:7100 - global_seqlen/balanced_max:7100 - global_seqlen/mean:7100.0 - actor/entropy:0.7927880883216858 - training/rollout_probs_diff_valid:1 - training/rollout_probs_diff_max:0.12165212631225586 - training/rollout_probs_diff_mean:0.005567616783082485 - training/rollout_probs_diff_std:0.009348450228571892 - training/rollout_actor_probs_pearson_corr:0.9995281100273132 - rollout_corr/training_ppl:1.2102833986282349 - rollout_corr/training_log_ppl:0.1341559886932373 - rollout_corr/kl:0.0019662489648908377 - rollout_corr/k3_kl:0.0007638358511030674 - rollout_corr/rollout_ppl:1.2103796005249023 - rollout_corr/rollout_log_ppl:0.13474318385124207 - rollout_corr/log_ppl_diff:-0.0005871899193152785 - rollout_corr/log_ppl_abs_diff:0.0036305938847362995 - rollout_corr/log_ppl_diff_max:0.04114849865436554 - rollout_corr/log_ppl_diff_min:-0.05202507972717285 - rollout_corr/ppl_ratio:0.9994651079177856 - rollout_corr/chi2_token:-0.0008853673934936523 - rollout_corr/chi2_seq:-0.009606778621673584 - actor/pg_clipfrac:np.float64(0.0) - actor/ppo_kl:np.float64(0.0) - actor/pg_clipfrac_lower:np.float64(0.0) - actor/pg_loss:np.float64(0.39140936732292175) - actor/loss:np.float64(0.39140936732292175) - actor/grad_norm:np.float64(0.17635883390903473) - actor/lr:np.float64(1e-06) - actor/perf/max_memory_allocated_gb:np.float64(16.485321521759033) - actor/perf/max_memory_reserved_gb:np.float64(27.615234375) - actor/perf/cpu_memory_used_gb:np.float64(32.35637283325195) - perf/mfu/actor:np.float64(0.04025379353718259) - training/global_step:28 - training/epoch:0 - critic/score/mean:0.40625 - critic/score/max:1.0 - critic/score/min:0.0 - critic/rewards/mean:0.40625 - critic/rewards/max:1.0 - critic/rewards/min:0.0 - critic/advantages/mean:-0.391409307718277 - critic/advantages/max:1.6201815605163574 - critic/advantages/min:-0.935412585735321 - critic/returns/mean:-0.391409307718277 - critic/returns/max:1.6201815605163574 - critic/returns/min:-0.935412585735321 - response_length/mean:100.125 - response_length/max:512.0 - response_length/min:4.0 - response_length/clip_ratio:0.03125 - response_length_non_aborted/mean:100.125 - response_length_non_aborted/max:512.0 - response_length_non_aborted/min:4.0 - response_length_non_aborted/clip_ratio:0.03125 - response/aborted_ratio:0.0 - prompt_length/mean:115.75 - prompt_length/max:126.0 - prompt_length/min:106.0 - prompt_length/clip_ratio:0.25 - timing_s/gen:4.44124890799867 - timing_s/old_log_prob:1.20449227897916 - timing_s/adv:0.2349526630132459 - timing_s/update_actor:2.2057395720039494 - timing_s/update_weights:1.1304023059783503 - timing_s/step:9.599997946992517 - timing_per_token_ms/adv:0.033091924368062804 - timing_per_token_ms/update_actor:0.31066754535266894 - timing_per_token_ms/gen:1.3458330024238394 - perf/total_num_tokens:7100 - perf/time_per_step:9.599997946992517 - perf/throughput:739.5834914969212 - training/num_turns/mean:np.float64(2.0) - training/num_turns/max:np.int64(2) - training/num_turns/min:np.int64(2) - training/off_policy/trajectory_spans/mean:np.float64(1.0) - training/off_policy/trajectory_spans/max:np.float64(1.0) - training/off_policy/trajectory_spans/min:np.float64(1.0) - training/off_policy/trajectory_staleness/mean:np.float64(0.0) - training/off_policy/trajectory_staleness/max:np.float64(0.0) - training/off_policy/trajectory_staleness/min:np.float64(0.0) - training/off_policy/trajectory_staleness_worst/mean:np.float64(0.0) - training/off_policy/trajectory_staleness_worst/max:np.float64(0.0) - training/off_policy/trajectory_staleness_worst/min:np.float64(0.0)[36m(WorkerDict pid=762273)[0m INFO:2026-07-05 01:41:33,668:update_weights done, time cost: 0.39s
[36m(TaskRunnerV1 pid=761016)[0m Training Progress:  23%|██▎       | 29/125 [04:34<15:44,  9.84s/it]
[36m(WorkerDict pid=762273)[0m INFO:2026-07-05 01:41:43,333:update_weights done, time cost: 0.38s
[36m(TaskRunnerV1 pid=761016)[0m Training Progress:  24%|██▍       | 30/125 [04:44<15:29,  9.79s/it]
[36m(WorkerDict pid=762273)[0m INFO:2026-07-05 01:41:54,202:update_weights done, time cost: 0.40s
[36m(TaskRunnerV1 pid=761016)[0m Training Progress:  25%|██▍       | 31/125 [04:54<15:50, 10.11s/it]

[36m(TaskRunnerV1 pid=761016)[0m step:29 - global_seqlen/min:9228 - global_seqlen/max:9228 - global_seqlen/minmax_diff:0 - global_seqlen/balanced_min:9228 - global_seqlen/balanced_max:9228 - global_seqlen/mean:9228.0 - actor/entropy:0.6006619930267334 - training/rollout_probs_diff_valid:1 - training/rollout_probs_diff_max:0.07251608371734619 - training/rollout_probs_diff_mean:0.005008786916732788 - training/rollout_probs_diff_std:0.008952888660132885 - training/rollout_actor_probs_pearson_corr:0.9995149970054626 - rollout_corr/training_ppl:1.166252613067627 - rollout_corr/training_log_ppl:0.12237139046192169 - rollout_corr/kl:-0.0005902901757508516 - rollout_corr/k3_kl:0.0005866340943612158 - rollout_corr/rollout_ppl:1.1687097549438477 - rollout_corr/rollout_log_ppl:0.1238907128572464 - rollout_corr/log_ppl_diff:-0.001519323093816638 - rollout_corr/log_ppl_abs_diff:0.0024289742577821016 - rollout_corr/log_ppl_diff_max:0.023347198963165283 - rollout_corr/log_ppl_diff_min:-0.04827547073364258 - rollout_corr/ppl_ratio:0.9985084533691406 - rollout_corr/chi2_token:0.003531336784362793 - rollout_corr/chi2_seq:0.13340294361114502 - actor/pg_clipfrac:np.float64(0.0) - actor/ppo_kl:np.float64(0.0) - actor/pg_clipfrac_lower:np.float64(0.0) - actor/pg_loss:np.float64(0.33400070667266846) - actor/loss:np.float64(0.33400070667266846) - actor/grad_norm:np.float64(0.1538694053888321) - actor/lr:np.float64(1e-06) - actor/perf/max_memory_allocated_gb:np.float64(17.23865032196045) - actor/perf/max_memory_reserved_gb:np.float64(27.615234375) - actor/perf/cpu_memory_used_gb:np.float64(32.37770462036133) - perf/mfu/actor:np.float64(0.04087229368984124) - training/global_step:29 - training/epoch:0 - critic/score/mean:0.375 - critic/score/max:1.0 - critic/score/min:0.0 - critic/rewards/mean:0.375 - critic/rewards/max:1.0 - critic/rewards/min:0.0 - critic/advantages/mean:-0.3340006470680237 - critic/advantages/max:1.6201815605163574 - critic/advantages/min:-0.935412585735321 - critic/returns/mean:-0.3340006470680237 - critic/returns/max:1.6201815605163574 - critic/returns/min:-0.935412585735321 - response_length/mean:147.625 - response_length/max:512.0 - response_length/min:4.0 - response_length/clip_ratio:0.125 - response_length_non_aborted/mean:147.625 - response_length_non_aborted/max:512.0 - response_length_non_aborted/min:4.0 - response_length_non_aborted/clip_ratio:0.125 - response/aborted_ratio:0.0 - prompt_length/mean:134.75 - prompt_length/max:167.0 - prompt_length/min:111.0 - prompt_length/clip_ratio:0.25 - timing_s/gen:4.44230587297352 - timing_s/old_log_prob:1.3790997129981406 - timing_s/adv:0.24213973298901692 - timing_s/update_actor:2.7483024690300226 - timing_s/update_weights:1.1761228989926167 - timing_s/step:10.379920500039589 - timing_per_token_ms/adv:0.02623967631003651 - timing_per_token_ms/update_actor:0.2978221141124862 - timing_per_token_ms/gen:0.9216402226086142 - perf/total_num_tokens:9228 - perf/time_per_step:10.379920500039589 - perf/throughput:889.0241500370648 - training/num_turns/mean:np.float64(2.0) - training/num_turns/max:np.int64(2) - training/num_turns/min:np.int64(2) - training/off_policy/trajectory_spans/mean:np.float64(1.0) - training/off_policy/trajectory_spans/max:np.float64(1.0) - training/off_policy/trajectory_spans/min:np.float64(1.0) - training/off_policy/trajectory_staleness/mean:np.float64(0.0) - training/off_policy/trajectory_staleness/max:np.float64(0.0) - training/off_policy/trajectory_staleness/min:np.float64(0.0) - training/off_policy/trajectory_staleness_worst/mean:np.float64(0.0) - training/off_policy/trajectory_staleness_worst/max:np.float64(0.0) - training/off_policy/trajectory_staleness_worst/min:np.float64(0.0)
[36m(TaskRunnerV1 pid=761016)[0m step:30 - global_seqlen/min:7023 - global_seqlen/max:7023 - global_seqlen/minmax_diff:0 - global_seqlen/balanced_min:7023 - global_seqlen/balanced_max:7023 - global_seqlen/mean:7023.0 - actor/entropy:0.7858966588973999 - training/rollout_probs_diff_valid:1 - training/rollout_probs_diff_max:0.0622389018535614 - training/rollout_probs_diff_mean:0.004779685288667679 - training/rollout_probs_diff_std:0.00850220862776041 - training/rollout_actor_probs_pearson_corr:0.9996293187141418 - rollout_corr/training_ppl:1.2023887634277344 - rollout_corr/training_log_ppl:0.1322612166404724 - rollout_corr/kl:0.0011393491877242923 - rollout_corr/k3_kl:0.000637572375126183 - rollout_corr/rollout_ppl:1.201889157295227 - rollout_corr/rollout_log_ppl:0.1318519413471222 - rollout_corr/log_ppl_diff:0.00040927331428974867 - rollout_corr/log_ppl_abs_diff:0.0022781994193792343 - rollout_corr/log_ppl_diff_max:0.02174939215183258 - rollout_corr/log_ppl_diff_min:-0.03435075283050537 - rollout_corr/ppl_ratio:1.0004281997680664 - rollout_corr/chi2_token:0.0002652406692504883 - rollout_corr/chi2_seq:0.013371586799621582 - actor/pg_clipfrac:np.float64(0.0) - actor/ppo_kl:np.float64(0.0) - actor/pg_clipfrac_lower:np.float64(0.0) - actor/pg_loss:np.float64(-0.1584126055240631) - actor/loss:np.float64(-0.1584126055240631) - actor/grad_norm:np.float64(0.1302330046892166) - actor/lr:np.float64(1e-06) - actor/perf/max_memory_allocated_gb:np.float64(17.23865032196045) - actor/perf/max_memory_reserved_gb:np.float64(28.87890625) - actor/perf/cpu_memory_used_gb:np.float64(32.356849670410156) - perf/mfu/actor:np.float64(0.04018515705246759) - training/global_step:30 - training/epoch:0 - critic/score/mean:0.28125 - critic/score/max:1.0 - critic/score/min:0.0 - critic/rewards/mean:0.28125 - critic/rewards/max:1.0 - critic/rewards/min:0.0 - critic/advantages/mean:0.1584126204252243 - critic/advantages/max:2.4748666286468506 - critic/advantages/min:-1.20761239528656 - critic/returns/mean:0.1584126204252243 - critic/returns/max:2.4748666286468506 - critic/returns/min:-1.20761239528656 - response_length/mean:102.96875 - response_length/max:512.0 - response_length/min:4.0 - response_length/clip_ratio:0.0625 - response_length_non_aborted/mean:102.96875 - response_length_non_aborted/max:512.0 - response_length_non_aborted/min:4.0 - response_length_non_aborted/clip_ratio:0.0625 - response/aborted_ratio:0.0 - prompt_length/mean:110.5 - prompt_length/max:132.0 - prompt_length/min:78.0 - prompt_length/clip_ratio:0.25 - timing_s/gen:4.428878090984654 - timing_s/old_log_prob:1.1585710420040414 - timing_s/adv:0.23706020001554862 - timing_s/update_actor:2.187157320964616 - timing_s/update_weights:1.1234556550043635 - timing_s/step:9.524142947979271 - timing_per_token_ms/adv:0.0337548341186884 - timing_per_token_ms/update_actor:0.31142778313606945 - timing_per_token_ms/gen:1.3060684432275593 - perf/total_num_tokens:7023 - perf/time_per_step:9.524142947979271 - perf/throughput:737.38918434546 - training/num_turns/mean:np.float64(2.0) - training/num_turns/max:np.int64(2) - training/num_turns/min:np.int64(2) - training/off_policy/trajectory_spans/mean:np.float64(1.0) - training/off_policy/trajectory_spans/max:np.float64(1.0) - training/off_policy/trajectory_spans/min:np.float64(1.0) - training/off_policy/trajectory_staleness/mean:np.float64(0.0) - training/off_policy/trajectory_staleness/max:np.float64(0.0) - training/off_policy/trajectory_staleness/min:np.float64(0.0) - training/off_policy/trajectory_staleness_worst/mean:np.float64(0.0) - training/off_policy/trajectory_staleness_worst/max:np.float64(0.0) - training/off_policy/trajectory_staleness_worst/min:np.float64(0.0)
[36m(TaskRunnerV1 pid=761016)[0m step:31 - global_seqlen/min:10074 - global_seqlen/max:10074 - global_seqlen/minmax_diff:0 - global_seqlen/balanced_min:10074 - global_seqlen/balanced_max:10074 - global_seqlen/mean:10074.0 - actor/entropy:0.7667368054389954 - training/rollout_probs_diff_valid:1 - training/rollout_probs_diff_max:0.06144511699676514 - training/rollout_probs_diff_mean:0.0046523516066372395 - training/rollout_probs_diff_std:0.008235539309680462 - training/rollout_actor_probs_pearson_corr:0.9996404051780701 - rollout_corr/training_ppl:1.2842886447906494 - rollout_corr/training_log_ppl:0.158655047416687 - rollout_corr/kl:0.0006912270910106599 - rollout_corr/k3_kl:0.0006033668760210276 - rollout_corr/rollout_ppl:1.2838777303695679 - rollout_corr/rollout_log_ppl:0.15859755873680115 - rollout_corr/log_ppl_diff:5.7498051319271326e-05 - rollout_corr/log_ppl_abs_diff:0.0013942262157797813 - rollout_corr/log_ppl_diff_max:0.02302950620651245 - rollout_corr/log_ppl_diff_min:-0.02701514959335327 - rollout_corr/ppl_ratio:1.000069260597229 - rollout_corr/chi2_token:0.0010207891464233398 - rollout_corr/chi2_seq:0.050411105155944824 - actor/pg_clipfrac:np.float64(0.0) - actor/ppo_kl:np.float64(0.0) - actor/pg_clipfrac_lower:np.float64(0.0) - actor/pg_loss:np.float64(-0.12112857401371002) - actor/loss:np.float64(-0.12112857401371002) - actor/grad_norm:np.float64(0.09677634388208389) - actor/lr:np.float64(1e-06) - actor/perf/max_memory_allocated_gb:np.float64(18.28457546234131) - actor/perf/max_memory_reserved_gb:np.float64(28.87890625) - actor/perf/cpu_memory_used_gb:np.float64(32.386817932128906) - perf/mfu/actor:np.float64(0.04035950680303794) - training/global_step:31 - training/epoch:0 - critic/score/mean:0.21875 - critic/score/max:1.0 - critic/score/min:0.0 - critic/rewards/mean:0.21875 - critic/rewards/max:1.0 - critic/rewards/min:0.0 - critic/advantages/mean:0.12112857401371002 - critic/advantages/max:2.4748666286468506 - critic/advantages/min:-0.935412585735321 - critic/returns/mean:0.12112857401371002 - critic/returns/max:2.4748666286468506 - critic/returns/min:-0.935412585735321 - response_length/mean:182.0625 - response_length/max:512.0 - response_length/min:4.0 - response_length/clip_ratio:0.0625 - response_length_non_aborted/mean:182.0625 - response_length_non_aborted/max:512.0 - response_length_non_aborted/min:4.0 - response_length_non_aborted/clip_ratio:0.0625 - response/aborted_ratio:0.0 - prompt_length/mean:126.75 - prompt_length/max:188.0 - prompt_length/min:94.0 - prompt_length/clip_ratio:0.25 - timing_s/gen:4.469906679994892 - timing_s/old_log_prob:1.4621196980006061 - timing_s/adv:0.23595037299674004 - timing_s/update_actor:3.0075135749648325 - timing_s/update_weights:1.2039847440319136 - timing_s/step:10.73541948897764 - timing_per_token_ms/adv:0.02342171659685726 - timing_per_token_ms/update_actor:0.29854214561890335 - timing_per_token_ms/gen:0.7547968051325384 - perf/total_num_tokens:10074 - perf/time_per_step:10.73541948897764 - perf/throughput:938.3890410936676 - training/num_turns/mean:np.float64(2.0) - training/num_turns/max:np.int64(2) - training/num_turns/min:np.int64(2) - training/off_policy/trajectory_spans/mean:np.float64(1.0) - training/off_policy/trajectory_spans/max:np.float64(1.0) - training/off_policy/trajectory_spans/min:np.float64(1.0) - training/off_policy/trajectory_staleness/mean:np.float64(0.0) - training/off_policy/trajectory_staleness/max:np.float64(0.0) - training/off_policy/trajectory_staleness/min:np.float64(0.0) - training/off_policy/trajectory_staleness_worst/mean:np.float64(0.0) - training/off_policy/trajectory_staleness_worst/max:np.float64(0.0) - training/off_policy/trajectory_staleness_worst/min:np.float64(0.0)[36m(WorkerDict pid=762273)[0m INFO:2026-07-05 01:42:01,429:update_weights done, time cost: 0.36s
[36m(TaskRunnerV1 pid=761016)[0m Training Progress:  26%|██▌       | 32/125 [05:02<14:18,  9.23s/it]
[36m(WorkerDict pid=762273)[0m INFO:2026-07-05 01:42:11,326:update_weights done, time cost: 0.42s
[36m(TaskRunnerV1 pid=761016)[0m Training Progress:  26%|██▋       | 33/125 [05:12<14:29,  9.45s/it]
[36m(WorkerDict pid=762273)[0m INFO:2026-07-05 01:42:18,947:update_weights done, time cost: 0.39s
[36m(TaskRunnerV1 pid=761016)[0m Training Progress:  27%|██▋       | 34/125 [05:19<13:28,  8.88s/it]

[36m(TaskRunnerV1 pid=761016)[0m step:32 - global_seqlen/min:4725 - global_seqlen/max:4725 - global_seqlen/minmax_diff:0 - global_seqlen/balanced_min:4725 - global_seqlen/balanced_max:4725 - global_seqlen/mean:4725.0 - actor/entropy:0.7229291200637817 - training/rollout_probs_diff_valid:1 - training/rollout_probs_diff_max:0.06215125322341919 - training/rollout_probs_diff_mean:0.005447407253086567 - training/rollout_probs_diff_std:0.009022656828165054 - training/rollout_actor_probs_pearson_corr:0.9995307922363281 - rollout_corr/training_ppl:1.180553674697876 - rollout_corr/training_log_ppl:0.12148186564445496 - rollout_corr/kl:0.0013638698728755116 - rollout_corr/k3_kl:0.000689510430675 - rollout_corr/rollout_ppl:1.1822493076324463 - rollout_corr/rollout_log_ppl:0.12282048165798187 - rollout_corr/log_ppl_diff:-0.0013386172940954566 - rollout_corr/log_ppl_abs_diff:0.002590548014268279 - rollout_corr/log_ppl_diff_max:0.026769161224365234 - rollout_corr/log_ppl_diff_min:-0.029739052057266235 - rollout_corr/ppl_ratio:0.9986844062805176 - rollout_corr/chi2_token:6.198883056640625e-06 - rollout_corr/chi2_seq:-0.007384240627288818 - actor/pg_clipfrac:np.float64(0.0) - actor/ppo_kl:np.float64(0.0) - actor/pg_clipfrac_lower:np.float64(0.0) - actor/pg_loss:np.float64(0.3449347913265228) - actor/loss:np.float64(0.3449347913265228) - actor/grad_norm:np.float64(0.19404426217079163) - actor/lr:np.float64(1e-06) - actor/perf/max_memory_allocated_gb:np.float64(18.28457546234131) - actor/perf/max_memory_reserved_gb:np.float64(30.509765625) - actor/perf/cpu_memory_used_gb:np.float64(32.35359573364258) - perf/mfu/actor:np.float64(0.03171595976438859) - training/global_step:32 - training/epoch:0 - critic/score/mean:0.1875 - critic/score/max:1.0 - critic/score/min:0.0 - critic/rewards/mean:0.1875 - critic/rewards/max:1.0 - critic/rewards/min:0.0 - critic/advantages/mean:-0.34493476152420044 - critic/advantages/max:2.4748666286468506 - critic/advantages/min:-0.935412585735321 - critic/returns/mean:-0.34493476152420044 - critic/returns/max:2.4748666286468506 - critic/returns/min:-0.935412585735321 - response_length/mean:44.65625 - response_length/max:374.0 - response_length/min:4.0 - response_length/clip_ratio:0.03125 - response_length_non_aborted/mean:44.65625 - response_length_non_aborted/max:374.0 - response_length_non_aborted/min:4.0 - response_length_non_aborted/clip_ratio:0.03125 - response/aborted_ratio:0.0 - prompt_length/mean:97.0 - prompt_length/max:108.0 - prompt_length/min:88.0 - prompt_length/clip_ratio:0.25 - timing_s/gen:2.416951210994739 - timing_s/old_log_prob:1.0866143219755031 - timing_s/adv:0.235939379024785 - timing_s/update_actor:1.8980108629912138 - timing_s/update_weights:1.021231594029814 - timing_s/step:7.053529133030679 - timing_per_token_ms/adv:0.04993426011106561 - timing_per_token_ms/update_actor:0.4016954207388812 - timing_per_token_ms/gen:1.5848860399965503 - perf/total_num_tokens:4725 - perf/time_per_step:7.053529133030679 - perf/throughput:669.8774345275606 - training/num_turns/mean:np.float64(2.0) - training/num_turns/max:np.int64(2) - training/num_turns/min:np.int64(2) - training/off_policy/trajectory_spans/mean:np.float64(1.0) - training/off_policy/trajectory_spans/max:np.float64(1.0) - training/off_policy/trajectory_spans/min:np.float64(1.0) - training/off_policy/trajectory_staleness/mean:np.float64(0.0) - training/off_policy/trajectory_staleness/max:np.float64(0.0) - training/off_policy/trajectory_staleness/min:np.float64(0.0) - training/off_policy/trajectory_staleness_worst/mean:np.float64(0.0) - training/off_policy/trajectory_staleness_worst/max:np.float64(0.0) - training/off_policy/trajectory_staleness_worst/min:np.float64(0.0)
[36m(TaskRunnerV1 pid=761016)[0m step:33 - global_seqlen/min:7708 - global_seqlen/max:7708 - global_seqlen/minmax_diff:0 - global_seqlen/balanced_min:7708 - global_seqlen/balanced_max:7708 - global_seqlen/mean:7708.0 - actor/entropy:0.6344277858734131 - training/rollout_probs_diff_valid:1 - training/rollout_probs_diff_max:0.06762278079986572 - training/rollout_probs_diff_mean:0.0043481518514454365 - training/rollout_probs_diff_std:0.008165276609361172 - training/rollout_actor_probs_pearson_corr:0.9996172785758972 - rollout_corr/training_ppl:1.1871592998504639 - rollout_corr/training_log_ppl:0.117941714823246 - rollout_corr/kl:-0.000365815416444093 - rollout_corr/k3_kl:0.0005494225188158453 - rollout_corr/rollout_ppl:1.1886266469955444 - rollout_corr/rollout_log_ppl:0.11891143769025803 - rollout_corr/log_ppl_diff:-0.0009697199566289783 - rollout_corr/log_ppl_abs_diff:0.0022882483899593353 - rollout_corr/log_ppl_diff_max:0.02446402609348297 - rollout_corr/log_ppl_diff_min:-0.04917702078819275 - rollout_corr/ppl_ratio:0.9990576505661011 - rollout_corr/chi2_token:0.0029344558715820312 - rollout_corr/chi2_seq:0.05521833896636963 - actor/pg_clipfrac:np.float64(0.0) - actor/ppo_kl:np.float64(0.0) - actor/pg_clipfrac_lower:np.float64(0.0) - actor/pg_loss:np.float64(0.11957939714193344) - actor/loss:np.float64(0.11957939714193344) - actor/grad_norm:np.float64(0.15772034227848053) - actor/lr:np.float64(1e-06) - actor/perf/max_memory_allocated_gb:np.float64(18.28457546234131) - actor/perf/max_memory_reserved_gb:np.float64(30.509765625) - actor/perf/cpu_memory_used_gb:np.float64(32.37588882446289) - perf/mfu/actor:np.float64(0.04121306245970408) - training/global_step:33 - training/epoch:0 - critic/score/mean:0.3125 - critic/score/max:1.0 - critic/score/min:0.0 - critic/rewards/mean:0.3125 - critic/rewards/max:1.0 - critic/rewards/min:0.0 - critic/advantages/mean:-0.11957940459251404 - critic/advantages/max:2.4748666286468506 - critic/advantages/min:-0.935412585735321 - critic/returns/mean:-0.11957940459251404 - critic/returns/max:2.4748666286468506 - critic/returns/min:-0.935412585735321 - response_length/mean:111.625 - response_length/max:512.0 - response_length/min:4.0 - response_length/clip_ratio:0.03125 - response_length_non_aborted/mean:111.625 - response_length_non_aborted/max:512.0 - response_length_non_aborted/min:4.0 - response_length_non_aborted/clip_ratio:0.03125 - response/aborted_ratio:0.0 - prompt_length/mean:123.25 - prompt_length/max:151.0 - prompt_length/min:104.0 - prompt_length/clip_ratio:0.25 - timing_s/gen:4.443876319972333 - timing_s/old_log_prob:1.2442156379693188 - timing_s/adv:0.23064758395776153 - timing_s/update_actor:2.3260578619665466 - timing_s/update_weights:1.170926452963613 - timing_s/step:9.80475423700409 - timing_per_token_ms/adv:0.029923142703394075 - timing_per_token_ms/update_actor:0.3017719073646272 - timing_per_token_ms/gen:1.2115257142781715 - perf/total_num_tokens:7708 - perf/time_per_step:9.80475423700409 - perf/throughput:786.1492306364256 - training/num_turns/mean:np.float64(2.0) - training/num_turns/max:np.int64(2) - training/num_turns/min:np.int64(2) - training/off_policy/trajectory_spans/mean:np.float64(1.0) - training/off_policy/trajectory_spans/max:np.float64(1.0) - training/off_policy/trajectory_spans/min:np.float64(1.0) - training/off_policy/trajectory_staleness/mean:np.float64(0.0) - training/off_policy/trajectory_staleness/max:np.float64(0.0) - training/off_policy/trajectory_staleness/min:np.float64(0.0) - training/off_policy/trajectory_staleness_worst/mean:np.float64(0.0) - training/off_policy/trajectory_staleness_worst/max:np.float64(0.0) - training/off_policy/trajectory_staleness_worst/min:np.float64(0.0)
[36m(TaskRunnerV1 pid=761016)[0m step:34 - global_seqlen/min:6710 - global_seqlen/max:6710 - global_seqlen/minmax_diff:0 - global_seqlen/balanced_min:6710 - global_seqlen/balanced_max:6710 - global_seqlen/mean:6710.0 - actor/entropy:0.7912224531173706 - training/rollout_probs_diff_valid:1 - training/rollout_probs_diff_max:0.061223626136779785 - training/rollout_probs_diff_mean:0.0048631587997078896 - training/rollout_probs_diff_std:0.008620666339993477 - training/rollout_actor_probs_pearson_corr:0.9996220469474792 - rollout_corr/training_ppl:1.1765648126602173 - rollout_corr/training_log_ppl:0.12149591743946075 - rollout_corr/kl:0.0008734189905226231 - rollout_corr/k3_kl:0.0006430026842281222 - rollout_corr/rollout_ppl:1.1766304969787598 - rollout_corr/rollout_log_ppl:0.1215953528881073 - rollout_corr/log_ppl_diff:-9.942974429577589e-05 - rollout_corr/log_ppl_abs_diff:0.003156566061079502 - rollout_corr/log_ppl_diff_max:0.036911606788635254 - rollout_corr/log_ppl_diff_min:-0.054013997316360474 - rollout_corr/ppl_ratio:0.9999438524246216 - rollout_corr/chi2_token:0.000825047492980957 - rollout_corr/chi2_seq:0.015239238739013672 - actor/pg_clipfrac:np.float64(0.0) - actor/ppo_kl:np.float64(0.0) - actor/pg_clipfrac_lower:np.float64(0.0) - actor/pg_loss:np.float64(0.39016541838645935) - actor/loss:np.float64(0.39016541838645935) - actor/grad_norm:np.float64(0.12947842478752136) - actor/lr:np.float64(1e-06) - actor/perf/max_memory_allocated_gb:np.float64(18.28457546234131) - actor/perf/max_memory_reserved_gb:np.float64(30.509765625) - actor/perf/cpu_memory_used_gb:np.float64(32.37014389038086) - perf/mfu/actor:np.float64(0.039273773837132986) - training/global_step:34 - training/epoch:0 - critic/score/mean:0.1875 - critic/score/max:1.0 - critic/score/min:0.0 - critic/rewards/mean:0.1875 - critic/rewards/max:1.0 - critic/rewards/min:0.0 - critic/advantages/mean:-0.39016538858413696 - critic/advantages/max:1.6201815605163574 - critic/advantages/min:-0.5400605201721191 - critic/returns/mean:-0.39016538858413696 - critic/returns/max:1.6201815605163574 - critic/returns/min:-0.5400605201721191 - response_length/mean:92.4375 - response_length/max:413.0 - response_length/min:4.0 - response_length/clip_ratio:0.03125 - response_length_non_aborted/mean:92.4375 - response_length_non_aborted/max:413.0 - response_length_non_aborted/min:4.0 - response_length_non_aborted/clip_ratio:0.03125 - response/aborted_ratio:0.0 - prompt_length/mean:111.25 - prompt_length/max:118.0 - prompt_length/min:93.0 - prompt_length/clip_ratio:0.25 - timing_s/gen:2.4200986239593476 - timing_s/old_log_prob:1.1749427660251968 - timing_s/adv:0.23312691104365513 - timing_s/update_actor:2.146125048981048 - timing_s/update_weights:1.0689693570020609 - timing_s/step:7.432916101999581 - timing_per_token_ms/adv:0.034743205818726544 - timing_per_token_ms/update_actor:0.3198397986558939 - timing_per_token_ms/gen:0.792435698742419 - perf/total_num_tokens:6710 - perf/time_per_step:7.432916101999581 - perf/throughput:902.7412536238497 - training/num_turns/mean:np.float64(2.0) - training/num_turns/max:np.int64(2) - training/num_turns/min:np.int64(2) - training/off_policy/trajectory_spans/mean:np.float64(1.0) - training/off_policy/trajectory_spans/max:np.float64(1.0) - training/off_policy/trajectory_spans/min:np.float64(1.0) - training/off_policy/trajectory_staleness/mean:np.float64(0.0) - training/off_policy/trajectory_staleness/max:np.float64(0.0) - training/off_policy/trajectory_staleness/min:np.float64(0.0) - training/off_policy/trajectory_staleness_worst/mean:np.float64(0.0) - training/off_policy/trajectory_staleness_worst/max:np.float64(0.0) - training/off_policy/trajectory_staleness_worst/min:np.float64(0.0)[36m(WorkerDict pid=762273)[0m INFO:2026-07-05 01:42:28,385:update_weights done, time cost: 0.37s
[36m(TaskRunnerV1 pid=761016)[0m Training Progress:  28%|██▊       | 35/125 [05:29<13:35,  9.06s/it]
[36m(WorkerDict pid=762273)[0m INFO:2026-07-05 01:42:37,673:update_weights done, time cost: 0.37s
[36m(TaskRunnerV1 pid=761016)[0m Training Progress:  29%|██▉       | 36/125 [05:38<13:33,  9.14s/it]
[36m(WorkerDict pid=762273)[0m INFO:2026-07-05 01:42:44,907:update_weights done, time cost: 0.35s
[36m(TaskRunnerV1 pid=761016)[0m Training Progress:  30%|██▉       | 37/125 [05:45<12:32,  8.55s/it]

[36m(TaskRunnerV1 pid=761016)[0m step:35 - global_seqlen/min:6495 - global_seqlen/max:6495 - global_seqlen/minmax_diff:0 - global_seqlen/balanced_min:6495 - global_seqlen/balanced_max:6495 - global_seqlen/mean:6495.0 - actor/entropy:1.0327270030975342 - training/rollout_probs_diff_valid:1 - training/rollout_probs_diff_max:0.07353106141090393 - training/rollout_probs_diff_mean:0.004816779401153326 - training/rollout_probs_diff_std:0.008707381784915924 - training/rollout_actor_probs_pearson_corr:0.9996430277824402 - rollout_corr/training_ppl:1.2479331493377686 - rollout_corr/training_log_ppl:0.1228320449590683 - rollout_corr/kl:0.0009467377094551921 - rollout_corr/k3_kl:0.0006132365670055151 - rollout_corr/rollout_ppl:1.2473886013031006 - rollout_corr/rollout_log_ppl:0.12273464351892471 - rollout_corr/log_ppl_diff:9.740435052663088e-05 - rollout_corr/log_ppl_abs_diff:0.002107948064804077 - rollout_corr/log_ppl_diff_max:0.045262306928634644 - rollout_corr/log_ppl_diff_min:-0.04054206609725952 - rollout_corr/ppl_ratio:1.000125765800476 - rollout_corr/chi2_token:0.0005575418472290039 - rollout_corr/chi2_seq:-0.016717910766601562 - actor/pg_clipfrac:np.float64(0.0) - actor/ppo_kl:np.float64(0.0) - actor/pg_clipfrac_lower:np.float64(0.0) - actor/pg_loss:np.float64(0.19435621798038483) - actor/loss:np.float64(0.19435621798038483) - actor/grad_norm:np.float64(0.14028717577457428) - actor/lr:np.float64(1e-06) - actor/perf/max_memory_allocated_gb:np.float64(18.28457546234131) - actor/perf/max_memory_reserved_gb:np.float64(30.509765625) - actor/perf/cpu_memory_used_gb:np.float64(32.36768341064453) - perf/mfu/actor:np.float64(0.039160335077058864) - training/global_step:35 - training/epoch:0 - critic/score/mean:0.15625 - critic/score/max:1.0 - critic/score/min:0.0 - critic/rewards/mean:0.15625 - critic/rewards/max:1.0 - critic/rewards/min:0.0 - critic/advantages/mean:-0.19435621798038483 - critic/advantages/max:2.4748666286468506 - critic/advantages/min:-0.5400605201721191 - critic/returns/mean:-0.19435621798038483 - critic/returns/max:2.4748666286468506 - critic/returns/min:-0.5400605201721191 - response_length/mean:93.46875 - response_length/max:512.0 - response_length/min:4.0 - response_length/clip_ratio:0.0625 - response_length_non_aborted/mean:93.46875 - response_length_non_aborted/max:512.0 - response_length_non_aborted/min:4.0 - response_length_non_aborted/clip_ratio:0.0625 - response/aborted_ratio:0.0 - prompt_length/mean:103.5 - prompt_length/max:118.0 - prompt_length/min:95.0 - prompt_length/clip_ratio:0.25 - timing_s/gen:4.4199131619534455 - timing_s/old_log_prob:1.1647551819914952 - timing_s/adv:0.2395912850042805 - timing_s/update_actor:2.069351737969555 - timing_s/update_weights:1.059883453999646 - timing_s/step:9.342990521050524 - timing_per_token_ms/adv:0.036888573518749884 - timing_per_token_ms/update_actor:0.318606888063057 - timing_per_token_ms/gen:1.4317826893273229 - perf/total_num_tokens:6495 - perf/time_per_step:9.342990521050524 - perf/throughput:695.1735619731426 - training/num_turns/mean:np.float64(2.0) - training/num_turns/max:np.int64(2) - training/num_turns/min:np.int64(2) - training/off_policy/trajectory_spans/mean:np.float64(1.0) - training/off_policy/trajectory_spans/max:np.float64(1.0) - training/off_policy/trajectory_spans/min:np.float64(1.0) - training/off_policy/trajectory_staleness/mean:np.float64(0.0) - training/off_policy/trajectory_staleness/max:np.float64(0.0) - training/off_policy/trajectory_staleness/min:np.float64(0.0) - training/off_policy/trajectory_staleness_worst/mean:np.float64(0.0) - training/off_policy/trajectory_staleness_worst/max:np.float64(0.0) - training/off_policy/trajectory_staleness_worst/min:np.float64(0.0)
[36m(TaskRunnerV1 pid=761016)[0m step:36 - global_seqlen/min:5045 - global_seqlen/max:5045 - global_seqlen/minmax_diff:0 - global_seqlen/balanced_min:5045 - global_seqlen/balanced_max:5045 - global_seqlen/mean:5045.0 - actor/entropy:0.9076218008995056 - training/rollout_probs_diff_valid:1 - training/rollout_probs_diff_max:0.05677682161331177 - training/rollout_probs_diff_mean:0.0058810352347791195 - training/rollout_probs_diff_std:0.008965488523244858 - training/rollout_actor_probs_pearson_corr:0.9995548129081726 - rollout_corr/training_ppl:1.2083264589309692 - rollout_corr/training_log_ppl:0.12489809840917587 - rollout_corr/kl:0.0012952357064932585 - rollout_corr/k3_kl:0.000666470208670944 - rollout_corr/rollout_ppl:1.2107778787612915 - rollout_corr/rollout_log_ppl:0.12619994580745697 - rollout_corr/log_ppl_diff:-0.0013018418103456497 - rollout_corr/log_ppl_abs_diff:0.002626834437251091 - rollout_corr/log_ppl_diff_max:0.017307162284851074 - rollout_corr/log_ppl_diff_min:-0.035176217555999756 - rollout_corr/ppl_ratio:0.9987253546714783 - rollout_corr/chi2_token:7.677078247070312e-05 - rollout_corr/chi2_seq:-0.0005918145179748535 - actor/pg_clipfrac:np.float64(0.0) - actor/ppo_kl:np.float64(0.0) - actor/pg_clipfrac_lower:np.float64(0.0) - actor/pg_loss:np.float64(-0.027315301820635796) - actor/loss:np.float64(-0.027315301820635796) - actor/grad_norm:np.float64(0.2366887778043747) - actor/lr:np.float64(1e-06) - actor/perf/max_memory_allocated_gb:np.float64(18.28457546234131) - actor/perf/max_memory_reserved_gb:np.float64(30.509765625) - actor/perf/cpu_memory_used_gb:np.float64(32.36357498168945) - perf/mfu/actor:np.float64(0.0331991035976067) - training/global_step:36 - training/epoch:0 - critic/score/mean:0.1875 - critic/score/max:1.0 - critic/score/min:0.0 - critic/rewards/mean:0.1875 - critic/rewards/max:1.0 - critic/rewards/min:0.0 - critic/advantages/mean:0.02731526829302311 - critic/advantages/max:1.6201815605163574 - critic/advantages/min:-0.935412585735321 - critic/returns/mean:0.02731526829302311 - critic/returns/max:1.6201815605163574 - critic/returns/min:-0.935412585735321 - response_length/mean:42.40625 - response_length/max:476.0 - response_length/min:4.0 - response_length/clip_ratio:0.03125 - response_length_non_aborted/mean:42.40625 - response_length_non_aborted/max:476.0 - response_length_non_aborted/min:4.0 - response_length_non_aborted/clip_ratio:0.03125 - response/aborted_ratio:0.0 - prompt_length/mean:109.25 - prompt_length/max:128.0 - prompt_length/min:90.0 - prompt_length/clip_ratio:0.25 - timing_s/gen:4.443950493005104 - timing_s/old_log_prob:1.0852827860508114 - timing_s/adv:0.23312490503303707 - timing_s/update_actor:1.941392406995874 - timing_s/update_weights:1.0827679160283878 - timing_s/step:9.174201110028662 - timing_per_token_ms/adv:0.04620909911457623 - timing_per_token_ms/update_actor:0.38481514509333475 - timing_per_token_ms/gen:3.0584655836236094 - perf/total_num_tokens:5045 - perf/time_per_step:9.174201110028662 - perf/throughput:549.9116423865095 - training/num_turns/mean:np.float64(2.0) - training/num_turns/max:np.int64(2) - training/num_turns/min:np.int64(2) - training/off_policy/trajectory_spans/mean:np.float64(1.0) - training/off_policy/trajectory_spans/max:np.float64(1.0) - training/off_policy/trajectory_spans/min:np.float64(1.0) - training/off_policy/trajectory_staleness/mean:np.float64(0.0) - training/off_policy/trajectory_staleness/max:np.float64(0.0) - training/off_policy/trajectory_staleness/min:np.float64(0.0) - training/off_policy/trajectory_staleness_worst/mean:np.float64(0.0) - training/off_policy/trajectory_staleness_worst/max:np.float64(0.0) - training/off_policy/trajectory_staleness_worst/min:np.float64(0.0)
[36m(TaskRunnerV1 pid=761016)[0m step:37 - global_seqlen/min:4792 - global_seqlen/max:4792 - global_seqlen/minmax_diff:0 - global_seqlen/balanced_min:4792 - global_seqlen/balanced_max:4792 - global_seqlen/mean:4792.0 - actor/entropy:0.6832855343818665 - training/rollout_probs_diff_valid:1 - training/rollout_probs_diff_max:0.06028270721435547 - training/rollout_probs_diff_mean:0.006151966284960508 - training/rollout_probs_diff_std:0.010096991434693336 - training/rollout_actor_probs_pearson_corr:0.9993844032287598 - rollout_corr/training_ppl:1.128481149673462 - rollout_corr/training_log_ppl:0.09335502237081528 - rollout_corr/kl:0.001379657071083784 - rollout_corr/k3_kl:0.0007848602253943682 - rollout_corr/rollout_ppl:1.1266096830368042 - rollout_corr/rollout_log_ppl:0.09208794683218002 - rollout_corr/log_ppl_diff:0.0012670762371271849 - rollout_corr/log_ppl_abs_diff:0.0034974634181708097 - rollout_corr/log_ppl_diff_max:0.04921206831932068 - rollout_corr/log_ppl_diff_min:-0.03933069109916687 - rollout_corr/ppl_ratio:1.0013115406036377 - rollout_corr/chi2_token:0.0003867149353027344 - rollout_corr/chi2_seq:-0.012768805027008057 - actor/pg_clipfrac:np.float64(0.0) - actor/ppo_kl:np.float64(0.0) - actor/pg_clipfrac_lower:np.float64(0.0) - actor/pg_loss:np.float64(-0.03898584842681885) - actor/loss:np.float64(-0.03898584842681885) - actor/grad_norm:np.float64(0.3117104470729828) - actor/lr:np.float64(1e-06) - actor/perf/max_memory_allocated_gb:np.float64(18.28457546234131) - actor/perf/max_memory_reserved_gb:np.float64(30.509765625) - actor/perf/cpu_memory_used_gb:np.float64(32.36752700805664) - perf/mfu/actor:np.float64(0.032317423898521096) - training/global_step:37 - training/epoch:0 - critic/score/mean:0.28125 - critic/score/max:1.0 - critic/score/min:0.0 - critic/rewards/mean:0.28125 - critic/rewards/max:1.0 - critic/rewards/min:0.0 - critic/advantages/mean:0.038985852152109146 - critic/advantages/max:2.4748666286468506 - critic/advantages/min:-1.6201815605163574 - critic/returns/mean:0.038985852152109146 - critic/returns/max:2.4748666286468506 - critic/returns/min:-1.6201815605163574 - response_length/mean:33.25 - response_length/max:330.0 - response_length/min:4.0 - response_length/clip_ratio:0.03125 - response_length_non_aborted/mean:33.25 - response_length_non_aborted/max:330.0 - response_length_non_aborted/min:4.0 - response_length_non_aborted/clip_ratio:0.03125 - response/aborted_ratio:0.0 - prompt_length/mean:110.5 - prompt_length/max:133.0 - prompt_length/min:100.0 - prompt_length/clip_ratio:0.25 - timing_s/gen:2.4363006110070273 - timing_s/old_log_prob:1.0773690160131082 - timing_s/adv:0.2346475730300881 - timing_s/update_actor:1.9011394180124626 - timing_s/update_weights:1.0159151509869844 - timing_s/step:7.058440754015464 - timing_per_token_ms/adv:0.04896652191779802 - timing_per_token_ms/update_actor:0.39673193197255063 - timing_per_token_ms/gen:2.1002591474198513 - perf/total_num_tokens:4792 - perf/time_per_step:7.058440754015464 - perf/throughput:678.9034812361197 - training/num_turns/mean:np.float64(2.0) - training/num_turns/max:np.int64(2) - training/num_turns/min:np.int64(2) - training/off_policy/trajectory_spans/mean:np.float64(1.0) - training/off_policy/trajectory_spans/max:np.float64(1.0) - training/off_policy/trajectory_spans/min:np.float64(1.0) - training/off_policy/trajectory_staleness/mean:np.float64(0.0) - training/off_policy/trajectory_staleness/max:np.float64(0.0) - training/off_policy/trajectory_staleness/min:np.float64(0.0) - training/off_policy/trajectory_staleness_worst/mean:np.float64(0.0) - training/off_policy/trajectory_staleness_worst/max:np.float64(0.0) - training/off_policy/trajectory_staleness_worst/min:np.float64(0.0)[36m(WorkerDict pid=762273)[0m INFO:2026-07-05 01:42:54,420:update_weights done, time cost: 0.40s
[36m(TaskRunnerV1 pid=761016)[0m Training Progress:  30%|███       | 38/125 [05:55<12:49,  8.85s/it]
[36m(WorkerDict pid=762273)[0m INFO:2026-07-05 01:43:04,831:update_weights done, time cost: 0.40s
[36m(TaskRunnerV1 pid=761016)[0m Training Progress:  31%|███       | 39/125 [06:05<13:21,  9.32s/it]
[36m(WorkerDict pid=762273)[0m INFO:2026-07-05 01:43:14,624:update_weights done, time cost: 0.36s
[36m(TaskRunnerV1 pid=761016)[0m Training Progress:  32%|███▏      | 40/125 [06:15<13:23,  9.45s/it]

[36m(TaskRunnerV1 pid=761016)[0m step:38 - global_seqlen/min:6452 - global_seqlen/max:6452 - global_seqlen/minmax_diff:0 - global_seqlen/balanced_min:6452 - global_seqlen/balanced_max:6452 - global_seqlen/mean:6452.0 - actor/entropy:0.5913169384002686 - training/rollout_probs_diff_valid:1 - training/rollout_probs_diff_max:0.11018091440200806 - training/rollout_probs_diff_mean:0.004777757916599512 - training/rollout_probs_diff_std:0.00911991111934185 - training/rollout_actor_probs_pearson_corr:0.999515950679779 - rollout_corr/training_ppl:1.1372783184051514 - rollout_corr/training_log_ppl:0.10515926778316498 - rollout_corr/kl:0.0015209880657494068 - rollout_corr/k3_kl:0.0006105040083639324 - rollout_corr/rollout_ppl:1.1372458934783936 - rollout_corr/rollout_log_ppl:0.10529833287000656 - rollout_corr/log_ppl_diff:-0.00013907032553106546 - rollout_corr/log_ppl_abs_diff:0.004239354282617569 - rollout_corr/log_ppl_diff_max:0.10948550701141357 - rollout_corr/log_ppl_diff_min:-0.038006752729415894 - rollout_corr/ppl_ratio:0.9999486804008484 - rollout_corr/chi2_token:-0.0006225705146789551 - rollout_corr/chi2_seq:-0.01569277048110962 - actor/pg_clipfrac:np.float64(0.0) - actor/ppo_kl:np.float64(0.0) - actor/pg_clipfrac_lower:np.float64(0.0) - actor/pg_loss:np.float64(0.1245301216840744) - actor/loss:np.float64(0.1245301216840744) - actor/grad_norm:np.float64(0.24645502865314484) - actor/lr:np.float64(1e-06) - actor/perf/max_memory_allocated_gb:np.float64(18.28457546234131) - actor/perf/max_memory_reserved_gb:np.float64(30.509765625) - actor/perf/cpu_memory_used_gb:np.float64(32.3812141418457) - perf/mfu/actor:np.float64(0.03913098833585715) - training/global_step:38 - training/epoch:0 - critic/score/mean:0.4375 - critic/score/max:1.0 - critic/score/min:0.0 - critic/rewards/mean:0.4375 - critic/rewards/max:1.0 - critic/rewards/min:0.0 - critic/advantages/mean:-0.12453009933233261 - critic/advantages/max:1.20761239528656 - critic/advantages/min:-0.935412585735321 - critic/returns/mean:-0.12453009933233261 - critic/returns/max:1.20761239528656 - critic/returns/min:-0.935412585735321 - response_length/mean:89.875 - response_length/max:512.0 - response_length/min:4.0 - response_length/clip_ratio:0.03125 - response_length_non_aborted/mean:89.875 - response_length_non_aborted/max:512.0 - response_length_non_aborted/min:4.0 - response_length_non_aborted/clip_ratio:0.03125 - response/aborted_ratio:0.0 - prompt_length/mean:105.75 - prompt_length/max:128.0 - prompt_length/min:81.0 - prompt_length/clip_ratio:0.25 - timing_s/gen:4.426106139027979 - timing_s/old_log_prob:1.144787503988482 - timing_s/adv:0.23675379698397592 - timing_s/update_actor:2.085235721024219 - timing_s/update_weights:1.1135543209966272 - timing_s/step:9.39288428996224 - timing_per_token_ms/adv:0.03669463685430501 - timing_per_token_ms/update_actor:0.32319214523004014 - timing_per_token_ms/gen:1.4892685528357938 - perf/total_num_tokens:6452 - perf/time_per_step:9.39288428996224 - perf/throughput:686.9029576884033 - training/num_turns/mean:np.float64(2.0) - training/num_turns/max:np.int64(2) - training/num_turns/min:np.int64(2) - training/off_policy/trajectory_spans/mean:np.float64(1.0) - training/off_policy/trajectory_spans/max:np.float64(1.0) - training/off_policy/trajectory_spans/min:np.float64(1.0) - training/off_policy/trajectory_staleness/mean:np.float64(0.0) - training/off_policy/trajectory_staleness/max:np.float64(0.0) - training/off_policy/trajectory_staleness/min:np.float64(0.0) - training/off_policy/trajectory_staleness_worst/mean:np.float64(0.0) - training/off_policy/trajectory_staleness_worst/max:np.float64(0.0) - training/off_policy/trajectory_staleness_worst/min:np.float64(0.0)
[36m(TaskRunnerV1 pid=761016)[0m step:39 - global_seqlen/min:8469 - global_seqlen/max:8469 - global_seqlen/minmax_diff:0 - global_seqlen/balanced_min:8469 - global_seqlen/balanced_max:8469 - global_seqlen/mean:8469.0 - actor/entropy:0.6005434393882751 - training/rollout_probs_diff_valid:1 - training/rollout_probs_diff_max:0.08896571397781372 - training/rollout_probs_diff_mean:0.005089035257697105 - training/rollout_probs_diff_std:0.009023535996675491 - training/rollout_actor_probs_pearson_corr:0.999500036239624 - rollout_corr/training_ppl:1.1830486059188843 - rollout_corr/training_log_ppl:0.11633136868476868 - rollout_corr/kl:0.001013426692225039 - rollout_corr/k3_kl:0.0006007188931107521 - rollout_corr/rollout_ppl:1.1820979118347168 - rollout_corr/rollout_log_ppl:0.11577758193016052 - rollout_corr/log_ppl_diff:0.0005537868710234761 - rollout_corr/log_ppl_abs_diff:0.002528546843677759 - rollout_corr/log_ppl_diff_max:0.039924561977386475 - rollout_corr/log_ppl_diff_min:-0.0542072057723999 - rollout_corr/ppl_ratio:1.000586986541748 - rollout_corr/chi2_token:0.0003815889358520508 - rollout_corr/chi2_seq:0.001828908920288086 - actor/pg_clipfrac:np.float64(0.0) - actor/ppo_kl:np.float64(0.0) - actor/pg_clipfrac_lower:np.float64(0.0) - actor/pg_loss:np.float64(-0.018580473959445953) - actor/loss:np.float64(-0.018580473959445953) - actor/grad_norm:np.float64(0.0878026932477951) - actor/lr:np.float64(1e-06) - actor/perf/max_memory_allocated_gb:np.float64(18.28457546234131) - actor/perf/max_memory_reserved_gb:np.float64(30.509765625) - actor/perf/cpu_memory_used_gb:np.float64(32.401878356933594) - perf/mfu/actor:np.float64(0.0424243979668043) - training/global_step:39 - training/epoch:0 - critic/score/mean:0.21875 - critic/score/max:1.0 - critic/score/min:0.0 - critic/rewards/mean:0.21875 - critic/rewards/max:1.0 - critic/rewards/min:0.0 - critic/advantages/mean:0.018580473959445953 - critic/advantages/max:2.4748666286468506 - critic/advantages/min:-1.6201815605163574 - critic/returns/mean:0.018580473959445953 - critic/returns/max:2.4748666286468506 - critic/returns/min:-1.6201815605163574 - response_length/mean:126.65625 - response_length/max:512.0 - response_length/min:4.0 - response_length/clip_ratio:0.09375 - response_length_non_aborted/mean:126.65625 - response_length_non_aborted/max:512.0 - response_length_non_aborted/min:4.0 - response_length_non_aborted/clip_ratio:0.09375 - response/aborted_ratio:0.0 - prompt_length/mean:132.0 - prompt_length/max:171.0 - prompt_length/min:93.0 - prompt_length/clip_ratio:0.25 - timing_s/gen:4.44344328797888 - timing_s/old_log_prob:1.3161294419551268 - timing_s/adv:0.235717533971183 - timing_s/update_actor:2.4198900629999116 - timing_s/update_weights:1.1710911900154315 - timing_s/step:10.284012104966678 - timing_per_token_ms/adv:0.027832983111486954 - timing_per_token_ms/update_actor:0.2857350410910275 - timing_per_token_ms/gen:1.070967290426339 - perf/total_num_tokens:8469 - perf/time_per_step:10.284012104966678 - perf/throughput:823.5112827132792 - training/num_turns/mean:np.float64(2.0) - training/num_turns/max:np.int64(2) - training/num_turns/min:np.int64(2) - training/off_policy/trajectory_spans/mean:np.float64(1.0) - training/off_policy/trajectory_spans/max:np.float64(1.0) - training/off_policy/trajectory_spans/min:np.float64(1.0) - training/off_policy/trajectory_staleness/mean:np.float64(0.0) - training/off_policy/trajectory_staleness/max:np.float64(0.0) - training/off_policy/trajectory_staleness/min:np.float64(0.0) - training/off_policy/trajectory_staleness_worst/mean:np.float64(0.0) - training/off_policy/trajectory_staleness_worst/max:np.float64(0.0) - training/off_policy/trajectory_staleness_worst/min:np.float64(0.0)
[36m(TaskRunnerV1 pid=761016)[0m step:40 - global_seqlen/min:7624 - global_seqlen/max:7624 - global_seqlen/minmax_diff:0 - global_seqlen/balanced_min:7624 - global_seqlen/balanced_max:7624 - global_seqlen/mean:7624.0 - actor/entropy:0.7898284792900085 - training/rollout_probs_diff_valid:1 - training/rollout_probs_diff_max:0.06771230697631836 - training/rollout_probs_diff_mean:0.005140596069395542 - training/rollout_probs_diff_std:0.008696548640727997 - training/rollout_actor_probs_pearson_corr:0.9995896816253662 - rollout_corr/training_ppl:1.257327914237976 - rollout_corr/training_log_ppl:0.15250787138938904 - rollout_corr/kl:0.0003775141667574644 - rollout_corr/k3_kl:0.0006437483243644238 - rollout_corr/rollout_ppl:1.2572356462478638 - rollout_corr/rollout_log_ppl:0.1525961458683014 - rollout_corr/log_ppl_diff:-8.827762212604284e-05 - rollout_corr/log_ppl_abs_diff:0.0018602925119921565 - rollout_corr/log_ppl_diff_max:0.01741206645965576 - rollout_corr/log_ppl_diff_min:-0.025387555360794067 - rollout_corr/ppl_ratio:0.9999250769615173 - rollout_corr/chi2_token:0.0018219947814941406 - rollout_corr/chi2_seq:0.07200241088867188 - actor/pg_clipfrac:np.float64(0.0) - actor/ppo_kl:np.float64(0.0) - actor/pg_clipfrac_lower:np.float64(0.0) - actor/pg_loss:np.float64(0.03399170562624931) - actor/loss:np.float64(0.03399170562624931) - actor/grad_norm:np.float64(0.15969207882881165) - actor/lr:np.float64(1e-06) - actor/perf/max_memory_allocated_gb:np.float64(18.28457546234131) - actor/perf/max_memory_reserved_gb:np.float64(30.509765625) - actor/perf/cpu_memory_used_gb:np.float64(32.3967170715332) - perf/mfu/actor:np.float64(0.04135413224367991) - training/global_step:40 - training/epoch:0 - critic/score/mean:0.1875 - critic/score/max:1.0 - critic/score/min:0.0 - critic/rewards/mean:0.1875 - critic/rewards/max:1.0 - critic/rewards/min:0.0 - critic/advantages/mean:-0.03399168327450752 - critic/advantages/max:2.4748666286468506 - critic/advantages/min:-0.7245674133300781 - critic/returns/mean:-0.03399168327450752 - critic/returns/max:2.4748666286468506 - critic/returns/min:-0.7245674133300781 - response_length/mean:125.5 - response_length/max:512.0 - response_length/min:4.0 - response_length/clip_ratio:0.03125 - response_length_non_aborted/mean:125.5 - response_length_non_aborted/max:512.0 - response_length_non_aborted/min:4.0 - response_length_non_aborted/clip_ratio:0.03125 - response/aborted_ratio:0.0 - prompt_length/mean:106.75 - prompt_length/max:123.0 - prompt_length/min:93.0 - prompt_length/clip_ratio:0.25 - timing_s/gen:4.421457917022053 - timing_s/old_log_prob:1.2059169040294364 - timing_s/adv:0.23126540600787848 - timing_s/update_actor:2.289861844968982 - timing_s/update_weights:1.0850987220183015 - timing_s/step:9.630632394982968 - timing_per_token_ms/adv:0.030333867524643034 - timing_per_token_ms/update_actor:0.3003491402110417 - timing_per_token_ms/gen:1.0752572755403826 - perf/total_num_tokens:7624 - perf/time_per_step:9.630632394982968 - perf/throughput:791.6406407508282 - training/num_turns/mean:np.float64(2.0) - training/num_turns/max:np.int64(2) - training/num_turns/min:np.int64(2) - training/off_policy/trajectory_spans/mean:np.float64(1.0) - training/off_policy/trajectory_spans/max:np.float64(1.0) - training/off_policy/trajectory_spans/min:np.float64(1.0) - training/off_policy/trajectory_staleness/mean:np.float64(0.0) - training/off_policy/trajectory_staleness/max:np.float64(0.0) - training/off_policy/trajectory_staleness/min:np.float64(0.0) - training/off_policy/trajectory_staleness_worst/mean:np.float64(0.0) - training/off_policy/trajectory_staleness_worst/max:np.float64(0.0) - training/off_policy/trajectory_staleness_worst/min:np.float64(0.0)[36m(WorkerDict pid=762273)[0m INFO:2026-07-05 01:43:24,097:update_weights done, time cost: 0.40s
[36m(TaskRunnerV1 pid=761016)[0m Training Progress:  33%|███▎      | 41/125 [06:24<13:15,  9.47s/it]
[36m(WorkerDict pid=762273)[0m INFO:2026-07-05 01:43:31,673:update_weights done, time cost: 0.35s
[36m(TaskRunnerV1 pid=761016)[0m Training Progress:  34%|███▎      | 42/125 [06:32<12:18,  8.89s/it]
[36m(WorkerDict pid=762273)[0m INFO:2026-07-05 01:43:38,988:update_weights done, time cost: 0.36s
[36m(TaskRunnerV1 pid=761016)[0m Training Progress:  34%|███▍      | 43/125 [06:39<11:29,  8.41s/it]

[36m(TaskRunnerV1 pid=761016)[0m step:41 - global_seqlen/min:5890 - global_seqlen/max:5890 - global_seqlen/minmax_diff:0 - global_seqlen/balanced_min:5890 - global_seqlen/balanced_max:5890 - global_seqlen/mean:5890.0 - actor/entropy:0.8628451228141785 - training/rollout_probs_diff_valid:1 - training/rollout_probs_diff_max:0.06215721368789673 - training/rollout_probs_diff_mean:0.005921084433794022 - training/rollout_probs_diff_std:0.009432941675186157 - training/rollout_actor_probs_pearson_corr:0.999506950378418 - rollout_corr/training_ppl:1.2678085565567017 - rollout_corr/training_log_ppl:0.11779679358005524 - rollout_corr/kl:0.001471447292715311 - rollout_corr/k3_kl:0.0007396833971142769 - rollout_corr/rollout_ppl:1.2669686079025269 - rollout_corr/rollout_log_ppl:0.11749852448701859 - rollout_corr/log_ppl_diff:0.00029827788239344954 - rollout_corr/log_ppl_abs_diff:0.002344293985515833 - rollout_corr/log_ppl_diff_max:0.05977839231491089 - rollout_corr/log_ppl_diff_min:-0.04452735185623169 - rollout_corr/ppl_ratio:1.000338077545166 - rollout_corr/chi2_token:5.960464477539062e-07 - rollout_corr/chi2_seq:-0.0006339550018310547 - actor/pg_clipfrac:np.float64(0.0) - actor/ppo_kl:np.float64(0.0) - actor/pg_clipfrac_lower:np.float64(0.0) - actor/pg_loss:np.float64(0.21468161046504974) - actor/loss:np.float64(0.21468161046504974) - actor/grad_norm:np.float64(0.20951685309410095) - actor/lr:np.float64(1e-06) - actor/perf/max_memory_allocated_gb:np.float64(18.28457546234131) - actor/perf/max_memory_reserved_gb:np.float64(30.509765625) - actor/perf/cpu_memory_used_gb:np.float64(32.38513946533203) - perf/mfu/actor:np.float64(0.03646346862425527) - training/global_step:41 - training/epoch:0 - critic/score/mean:0.21875 - critic/score/max:1.0 - critic/score/min:0.0 - critic/rewards/mean:0.21875 - critic/rewards/max:1.0 - critic/rewards/min:0.0 - critic/advantages/mean:-0.21468158066272736 - critic/advantages/max:1.20761239528656 - critic/advantages/min:-0.935412585735321 - critic/returns/mean:-0.21468158066272736 - critic/returns/max:1.20761239528656 - critic/returns/min:-0.935412585735321 - response_length/mean:71.8125 - response_length/max:503.0 - response_length/min:4.0 - response_length/clip_ratio:0.03125 - response_length_non_aborted/mean:71.8125 - response_length_non_aborted/max:503.0 - response_length_non_aborted/min:4.0 - response_length_non_aborted/clip_ratio:0.03125 - response/aborted_ratio:0.0 - prompt_length/mean:106.25 - prompt_length/max:152.0 - prompt_length/min:80.0 - prompt_length/clip_ratio:0.25 - timing_s/gen:4.440165771986358 - timing_s/old_log_prob:1.1353207469801418 - timing_s/adv:0.23477319901576266 - timing_s/update_actor:2.0398016290273517 - timing_s/update_weights:1.1354791959747672 - timing_s/step:9.373899930971675 - timing_per_token_ms/adv:0.039859626318465645 - timing_per_token_ms/update_actor:0.3463160660487864 - timing_per_token_ms/gen:1.8547058362516116 - perf/total_num_tokens:5890 - perf/time_per_step:9.373899930971675 - perf/throughput:628.3403965663475 - training/num_turns/mean:np.float64(2.0) - training/num_turns/max:np.int64(2) - training/num_turns/min:np.int64(2) - training/off_policy/trajectory_spans/mean:np.float64(1.0) - training/off_policy/trajectory_spans/max:np.float64(1.0) - training/off_policy/trajectory_spans/min:np.float64(1.0) - training/off_policy/trajectory_staleness/mean:np.float64(0.0) - training/off_policy/trajectory_staleness/max:np.float64(0.0) - training/off_policy/trajectory_staleness/min:np.float64(0.0) - training/off_policy/trajectory_staleness_worst/mean:np.float64(0.0) - training/off_policy/trajectory_staleness_worst/max:np.float64(0.0) - training/off_policy/trajectory_staleness_worst/min:np.float64(0.0)
[36m(TaskRunnerV1 pid=761016)[0m step:42 - global_seqlen/min:6700 - global_seqlen/max:6700 - global_seqlen/minmax_diff:0 - global_seqlen/balanced_min:6700 - global_seqlen/balanced_max:6700 - global_seqlen/mean:6700.0 - actor/entropy:0.7831615805625916 - training/rollout_probs_diff_valid:1 - training/rollout_probs_diff_max:0.06367629766464233 - training/rollout_probs_diff_mean:0.0055237868800759315 - training/rollout_probs_diff_std:0.008843272924423218 - training/rollout_actor_probs_pearson_corr:0.9995560050010681 - rollout_corr/training_ppl:1.2429859638214111 - rollout_corr/training_log_ppl:0.1488763689994812 - rollout_corr/kl:0.0010042700450867414 - rollout_corr/k3_kl:0.000704608450178057 - rollout_corr/rollout_ppl:1.2413921356201172 - rollout_corr/rollout_log_ppl:0.14823715388774872 - rollout_corr/log_ppl_diff:0.0006392261711880565 - rollout_corr/log_ppl_abs_diff:0.0025481856428086758 - rollout_corr/log_ppl_diff_max:0.04061394929885864 - rollout_corr/log_ppl_diff_min:-0.02691011130809784 - rollout_corr/ppl_ratio:1.000666856765747 - rollout_corr/chi2_token:0.0008072853088378906 - rollout_corr/chi2_seq:0.026097416877746582 - actor/pg_clipfrac:np.float64(0.0) - actor/ppo_kl:np.float64(0.0) - actor/pg_clipfrac_lower:np.float64(0.0) - actor/pg_loss:np.float64(0.4249381721019745) - actor/loss:np.float64(0.4249381721019745) - actor/grad_norm:np.float64(0.20472295582294464) - actor/lr:np.float64(1e-06) - actor/perf/max_memory_allocated_gb:np.float64(18.28457546234131) - actor/perf/max_memory_reserved_gb:np.float64(30.509765625) - actor/perf/cpu_memory_used_gb:np.float64(32.388816833496094) - perf/mfu/actor:np.float64(0.04019510897540554) - training/global_step:42 - training/epoch:0 - critic/score/mean:0.40625 - critic/score/max:1.0 - critic/score/min:0.0 - critic/rewards/mean:0.40625 - critic/rewards/max:1.0 - critic/rewards/min:0.0 - critic/advantages/mean:-0.42493826150894165 - critic/advantages/max:2.4748666286468506 - critic/advantages/min:-1.6201815605163574 - critic/returns/mean:-0.42493826150894165 - critic/returns/max:2.4748666286468506 - critic/returns/min:-1.6201815605163574 - response_length/mean:100.125 - response_length/max:380.0 - response_length/min:4.0 - response_length/clip_ratio:0.03125 - response_length_non_aborted/mean:100.125 - response_length_non_aborted/max:380.0 - response_length_non_aborted/min:4.0 - response_length_non_aborted/clip_ratio:0.03125 - response/aborted_ratio:0.0 - prompt_length/mean:103.25 - prompt_length/max:112.0 - prompt_length/min:86.0 - prompt_length/clip_ratio:0.25 - timing_s/gen:2.478656810009852 - timing_s/old_log_prob:1.177606327983085 - timing_s/adv:0.23329094500513747 - timing_s/update_actor:2.0605711679672822 - timing_s/update_weights:1.0571315399720334 - timing_s/step:7.4044252810417674 - timing_per_token_ms/adv:0.03481954403061753 - timing_per_token_ms/update_actor:0.3075479355175048 - timing_per_token_ms/gen:0.7511081242454097 - perf/total_num_tokens:6700 - perf/time_per_step:7.4044252810417674 - perf/throughput:904.8642866522845 - training/num_turns/mean:np.float64(2.0) - training/num_turns/max:np.int64(2) - training/num_turns/min:np.int64(2) - training/off_policy/trajectory_spans/mean:np.float64(1.0) - training/off_policy/trajectory_spans/max:np.float64(1.0) - training/off_policy/trajectory_spans/min:np.float64(1.0) - training/off_policy/trajectory_staleness/mean:np.float64(0.0) - training/off_policy/trajectory_staleness/max:np.float64(0.0) - training/off_policy/trajectory_staleness/min:np.float64(0.0) - training/off_policy/trajectory_staleness_worst/mean:np.float64(0.0) - training/off_policy/trajectory_staleness_worst/max:np.float64(0.0) - training/off_policy/trajectory_staleness_worst/min:np.float64(0.0)
[36m(TaskRunnerV1 pid=761016)[0m step:43 - global_seqlen/min:5516 - global_seqlen/max:5516 - global_seqlen/minmax_diff:0 - global_seqlen/balanced_min:5516 - global_seqlen/balanced_max:5516 - global_seqlen/mean:5516.0 - actor/entropy:0.8478279113769531 - training/rollout_probs_diff_valid:1 - training/rollout_probs_diff_max:0.08400720357894897 - training/rollout_probs_diff_mean:0.005779072642326355 - training/rollout_probs_diff_std:0.00956097524613142 - training/rollout_actor_probs_pearson_corr:0.9995078444480896 - rollout_corr/training_ppl:1.2003543376922607 - rollout_corr/training_log_ppl:0.12481409311294556 - rollout_corr/kl:0.000639652251265943 - rollout_corr/k3_kl:0.0007196314400061965 - rollout_corr/rollout_ppl:1.2030857801437378 - rollout_corr/rollout_log_ppl:0.1263241469860077 - rollout_corr/log_ppl_diff:-0.0015100492164492607 - rollout_corr/log_ppl_abs_diff:0.002828820375725627 - rollout_corr/log_ppl_diff_max:0.03557136654853821 - rollout_corr/log_ppl_diff_min:-0.03318280726671219 - rollout_corr/ppl_ratio:0.9985185861587524 - rollout_corr/chi2_token:0.0015997886657714844 - rollout_corr/chi2_seq:0.0075490474700927734 - actor/pg_clipfrac:np.float64(0.0) - actor/ppo_kl:np.float64(0.0) - actor/pg_clipfrac_lower:np.float64(0.0) - actor/pg_loss:np.float64(0.006147806998342276) - actor/loss:np.float64(0.006147806998342276) - actor/grad_norm:np.float64(0.30003654956817627) - actor/lr:np.float64(1e-06) - actor/perf/max_memory_allocated_gb:np.float64(18.28457546234131) - actor/perf/max_memory_reserved_gb:np.float64(30.509765625) - actor/perf/cpu_memory_used_gb:np.float64(32.38645935058594) - perf/mfu/actor:np.float64(0.034932955571433215) - training/global_step:43 - training/epoch:0 - critic/score/mean:0.21875 - critic/score/max:1.0 - critic/score/min:0.0 - critic/rewards/mean:0.21875 - critic/rewards/max:1.0 - critic/rewards/min:0.0 - critic/advantages/mean:-0.006147829350084066 - critic/advantages/max:2.4748666286468506 - critic/advantages/min:-0.935412585735321 - critic/returns/mean:-0.006147829350084066 - critic/returns/max:2.4748666286468506 - critic/returns/min:-0.935412585735321 - response_length/mean:52.875 - response_length/max:418.0 - response_length/min:4.0 - response_length/clip_ratio:0.03125 - response_length_non_aborted/mean:52.875 - response_length_non_aborted/max:418.0 - response_length_non_aborted/min:4.0 - response_length_non_aborted/clip_ratio:0.03125 - response/aborted_ratio:0.0 - prompt_length/mean:113.5 - prompt_length/max:133.0 - prompt_length/min:93.0 - prompt_length/clip_ratio:0.25 - timing_s/gen:2.393061201029923 - timing_s/old_log_prob:1.1164627899997868 - timing_s/adv:0.23277329199481755 - timing_s/update_actor:2.000629023008514 - timing_s/update_weights:1.0193058339646086 - timing_s/step:7.155042560014408 - timing_per_token_ms/adv:0.04219965409623233 - timing_per_token_ms/update_actor:0.36269561693410335 - timing_per_token_ms/gen:1.3384011191442522 - perf/total_num_tokens:5516 - perf/time_per_step:7.155042560014408 - perf/throughput:770.9248343015995 - training/num_turns/mean:np.float64(2.0) - training/num_turns/max:np.int64(2) - training/num_turns/min:np.int64(2) - training/off_policy/trajectory_spans/mean:np.float64(1.0) - training/off_policy/trajectory_spans/max:np.float64(1.0) - training/off_policy/trajectory_spans/min:np.float64(1.0) - training/off_policy/trajectory_staleness/mean:np.float64(0.0) - training/off_policy/trajectory_staleness/max:np.float64(0.0) - training/off_policy/trajectory_staleness/min:np.float64(0.0) - training/off_policy/trajectory_staleness_worst/mean:np.float64(0.0) - training/off_policy/trajectory_staleness_worst/max:np.float64(0.0) - training/off_policy/trajectory_staleness_worst/min:np.float64(0.0)[36m(WorkerDict pid=762273)[0m INFO:2026-07-05 01:43:46,415:update_weights done, time cost: 0.43s
[36m(TaskRunnerV1 pid=761016)[0m Training Progress:  35%|███▌      | 44/125 [06:47<10:58,  8.13s/it]
[36m(WorkerDict pid=762273)[0m INFO:2026-07-05 01:43:56,428:update_weights done, time cost: 0.36s
[36m(TaskRunnerV1 pid=761016)[0m Training Progress:  36%|███▌      | 45/125 [06:57<11:34,  8.68s/it]
[36m(WorkerDict pid=762273)[0m INFO:2026-07-05 01:44:06,291:update_weights done, time cost: 0.40s
[36m(TaskRunnerV1 pid=761016)[0m Training Progress:  37%|███▋      | 46/125 [07:06<11:54,  9.04s/it]

[36m(TaskRunnerV1 pid=761016)[0m step:44 - global_seqlen/min:5810 - global_seqlen/max:5810 - global_seqlen/minmax_diff:0 - global_seqlen/balanced_min:5810 - global_seqlen/balanced_max:5810 - global_seqlen/mean:5810.0 - actor/entropy:0.7958273887634277 - training/rollout_probs_diff_valid:1 - training/rollout_probs_diff_max:0.06029033660888672 - training/rollout_probs_diff_mean:0.005126692354679108 - training/rollout_probs_diff_std:0.008758923038840294 - training/rollout_actor_probs_pearson_corr:0.9995960593223572 - rollout_corr/training_ppl:1.2919776439666748 - rollout_corr/training_log_ppl:0.12449038028717041 - rollout_corr/kl:0.00042834048508666456 - rollout_corr/k3_kl:0.0006542123737744987 - rollout_corr/rollout_ppl:1.2945600748062134 - rollout_corr/rollout_log_ppl:0.12506045401096344 - rollout_corr/log_ppl_diff:-0.0005700779729522765 - rollout_corr/log_ppl_abs_diff:0.0020204021129757166 - rollout_corr/log_ppl_diff_max:0.016655951738357544 - rollout_corr/log_ppl_diff_min:-0.028811365365982056 - rollout_corr/ppl_ratio:0.999443769454956 - rollout_corr/chi2_token:0.0017720460891723633 - rollout_corr/chi2_seq:0.042194366455078125 - actor/pg_clipfrac:np.float64(0.0) - actor/ppo_kl:np.float64(0.0) - actor/pg_clipfrac_lower:np.float64(0.0) - actor/pg_loss:np.float64(-0.03264535218477249) - actor/loss:np.float64(-0.03264535218477249) - actor/grad_norm:np.float64(0.30374228954315186) - actor/lr:np.float64(1e-06) - actor/perf/max_memory_allocated_gb:np.float64(18.28457546234131) - actor/perf/max_memory_reserved_gb:np.float64(30.509765625) - actor/perf/cpu_memory_used_gb:np.float64(32.39165115356445) - perf/mfu/actor:np.float64(0.03595963443711303) - training/global_step:44 - training/epoch:0 - critic/score/mean:0.28125 - critic/score/max:1.0 - critic/score/min:0.0 - critic/rewards/mean:0.28125 - critic/rewards/max:1.0 - critic/rewards/min:0.0 - critic/advantages/mean:0.03264539688825607 - critic/advantages/max:2.4748666286468506 - critic/advantages/min:-1.20761239528656 - critic/returns/mean:0.03264539688825607 - critic/returns/max:2.4748666286468506 - critic/returns/min:-1.20761239528656 - response_length/mean:73.3125 - response_length/max:413.0 - response_length/min:4.0 - response_length/clip_ratio:0.03125 - response_length_non_aborted/mean:73.3125 - response_length_non_aborted/max:413.0 - response_length_non_aborted/min:4.0 - response_length_non_aborted/clip_ratio:0.03125 - response/aborted_ratio:0.0 - prompt_length/mean:102.25 - prompt_length/max:106.0 - prompt_length/min:99.0 - prompt_length/clip_ratio:0.25 - timing_s/gen:2.393268562038429 - timing_s/old_log_prob:1.1280568970250897 - timing_s/adv:0.23419726704014465 - timing_s/update_actor:2.0445485069649294 - timing_s/update_weights:1.1524113419582136 - timing_s/step:7.345498830021825 - timing_per_token_ms/adv:0.040309340282296845 - timing_per_token_ms/update_actor:0.3519016363106591 - timing_per_token_ms/gen:0.9800444561991929 - perf/total_num_tokens:5810 - perf/time_per_step:7.345498830021825 - perf/throughput:790.9605779601952 - training/num_turns/mean:np.float64(2.0) - training/num_turns/max:np.int64(2) - training/num_turns/min:np.int64(2) - training/off_policy/trajectory_spans/mean:np.float64(1.0) - training/off_policy/trajectory_spans/max:np.float64(1.0) - training/off_policy/trajectory_spans/min:np.float64(1.0) - training/off_policy/trajectory_staleness/mean:np.float64(0.0) - training/off_policy/trajectory_staleness/max:np.float64(0.0) - training/off_policy/trajectory_staleness/min:np.float64(0.0) - training/off_policy/trajectory_staleness_worst/mean:np.float64(0.0) - training/off_policy/trajectory_staleness_worst/max:np.float64(0.0) - training/off_policy/trajectory_staleness_worst/min:np.float64(0.0)
[36m(TaskRunnerV1 pid=761016)[0m step:45 - global_seqlen/min:8172 - global_seqlen/max:8172 - global_seqlen/minmax_diff:0 - global_seqlen/balanced_min:8172 - global_seqlen/balanced_max:8172 - global_seqlen/mean:8172.0 - actor/entropy:0.8779998421669006 - training/rollout_probs_diff_valid:1 - training/rollout_probs_diff_max:0.062175899744033813 - training/rollout_probs_diff_mean:0.005223668180406094 - training/rollout_probs_diff_std:0.008898977190256119 - training/rollout_actor_probs_pearson_corr:0.9995924830436707 - rollout_corr/training_ppl:1.2456250190734863 - rollout_corr/training_log_ppl:0.14517952501773834 - rollout_corr/kl:0.0019643688574433327 - rollout_corr/k3_kl:0.0007093357271514833 - rollout_corr/rollout_ppl:1.246645212173462 - rollout_corr/rollout_log_ppl:0.14561869204044342 - rollout_corr/log_ppl_diff:-0.0004391609982121736 - rollout_corr/log_ppl_abs_diff:0.002191030653193593 - rollout_corr/log_ppl_diff_max:0.026544541120529175 - rollout_corr/log_ppl_diff_min:-0.040914714336395264 - rollout_corr/ppl_ratio:0.9995810389518738 - rollout_corr/chi2_token:-0.001098930835723877 - rollout_corr/chi2_seq:-0.010437071323394775 - actor/pg_clipfrac:np.float64(0.0) - actor/ppo_kl:np.float64(0.0) - actor/pg_clipfrac_lower:np.float64(0.0) - actor/pg_loss:np.float64(-0.4161002039909363) - actor/loss:np.float64(-0.4161002039909363) - actor/grad_norm:np.float64(0.2221604883670807) - actor/lr:np.float64(1e-06) - actor/perf/max_memory_allocated_gb:np.float64(18.28457546234131) - actor/perf/max_memory_reserved_gb:np.float64(30.509765625) - actor/perf/cpu_memory_used_gb:np.float64(32.411380767822266) - perf/mfu/actor:np.float64(0.04151096504871256) - training/global_step:45 - training/epoch:0 - critic/score/mean:0.3125 - critic/score/max:1.0 - critic/score/min:0.0 - critic/rewards/mean:0.3125 - critic/rewards/max:1.0 - critic/rewards/min:0.0 - critic/advantages/mean:0.4161001741886139 - critic/advantages/max:2.4748666286468506 - critic/advantages/min:-0.935412585735321 - critic/returns/mean:0.4161001741886139 - critic/returns/max:2.4748666286468506 - critic/returns/min:-0.935412585735321 - response_length/mean:107.875 - response_length/max:512.0 - response_length/min:4.0 - response_length/clip_ratio:0.03125 - response_length_non_aborted/mean:107.875 - response_length_non_aborted/max:512.0 - response_length_non_aborted/min:4.0 - response_length_non_aborted/clip_ratio:0.03125 - response/aborted_ratio:0.0 - prompt_length/mean:141.5 - prompt_length/max:228.0 - prompt_length/min:101.0 - prompt_length/clip_ratio:0.25 - timing_s/gen:4.408600070979446 - timing_s/old_log_prob:1.2745588810066693 - timing_s/adv:0.23584251396823674 - timing_s/update_actor:2.428935325006023 - timing_s/update_weights:1.0842256520409137 - timing_s/step:9.82583543797955 - timing_per_token_ms/adv:0.02885982794520763 - timing_per_token_ms/update_actor:0.2972265449101839 - timing_per_token_ms/gen:1.2425592082805654 - perf/total_num_tokens:8172 - perf/time_per_step:9.82583543797955 - perf/throughput:831.6850054716954 - training/num_turns/mean:np.float64(2.0) - training/num_turns/max:np.int64(2) - training/num_turns/min:np.int64(2) - training/off_policy/trajectory_spans/mean:np.float64(1.0) - training/off_policy/trajectory_spans/max:np.float64(1.0) - training/off_policy/trajectory_spans/min:np.float64(1.0) - training/off_policy/trajectory_staleness/mean:np.float64(0.0) - training/off_policy/trajectory_staleness/max:np.float64(0.0) - training/off_policy/trajectory_staleness/min:np.float64(0.0) - training/off_policy/trajectory_staleness_worst/mean:np.float64(0.0) - training/off_policy/trajectory_staleness_worst/max:np.float64(0.0) - training/off_policy/trajectory_staleness_worst/min:np.float64(0.0)
[36m(TaskRunnerV1 pid=761016)[0m step:46 - global_seqlen/min:7741 - global_seqlen/max:7741 - global_seqlen/minmax_diff:0 - global_seqlen/balanced_min:7741 - global_seqlen/balanced_max:7741 - global_seqlen/mean:7741.0 - actor/entropy:1.131943702697754 - training/rollout_probs_diff_valid:1 - training/rollout_probs_diff_max:0.10889303684234619 - training/rollout_probs_diff_mean:0.005575594026595354 - training/rollout_probs_diff_std:0.008541272021830082 - training/rollout_actor_probs_pearson_corr:0.9996240735054016 - rollout_corr/training_ppl:1.3854684829711914 - rollout_corr/training_log_ppl:0.173939049243927 - rollout_corr/kl:0.0026645176112651825 - rollout_corr/k3_kl:0.0008407607674598694 - rollout_corr/rollout_ppl:1.385638952255249 - rollout_corr/rollout_log_ppl:0.17435765266418457 - rollout_corr/log_ppl_diff:-0.0004186192527413368 - rollout_corr/log_ppl_abs_diff:0.0025219498202204704 - rollout_corr/log_ppl_diff_max:0.024304717779159546 - rollout_corr/log_ppl_diff_min:-0.044125497341156006 - rollout_corr/ppl_ratio:0.9996072053909302 - rollout_corr/chi2_token:-0.001978576183319092 - rollout_corr/chi2_seq:-0.054929494857788086 - actor/pg_clipfrac:np.float64(0.0) - actor/ppo_kl:np.float64(0.0) - actor/pg_clipfrac_lower:np.float64(0.0) - actor/pg_loss:np.float64(0.12241259962320328) - actor/loss:np.float64(0.12241259962320328) - actor/grad_norm:np.float64(0.16581912338733673) - actor/lr:np.float64(1e-06) - actor/perf/max_memory_allocated_gb:np.float64(18.28457546234131) - actor/perf/max_memory_reserved_gb:np.float64(30.509765625) - actor/perf/cpu_memory_used_gb:np.float64(32.41328048706055) - perf/mfu/actor:np.float64(0.0416183481125354) - training/global_step:46 - training/epoch:0 - critic/score/mean:0.4375 - critic/score/max:1.0 - critic/score/min:0.0 - critic/rewards/mean:0.4375 - critic/rewards/max:1.0 - critic/rewards/min:0.0 - critic/advantages/mean:-0.12241257727146149 - critic/advantages/max:1.20761239528656 - critic/advantages/min:-1.6201815605163574 - critic/returns/mean:-0.12241257727146149 - critic/returns/max:1.20761239528656 - critic/returns/min:-1.6201815605163574 - response_length/mean:110.40625 - response_length/max:449.0 - response_length/min:4.0 - response_length/clip_ratio:0.03125 - response_length_non_aborted/mean:110.40625 - response_length_non_aborted/max:449.0 - response_length_non_aborted/min:4.0 - response_length_non_aborted/clip_ratio:0.03125 - response/aborted_ratio:0.0 - prompt_length/mean:125.5 - prompt_length/max:167.0 - prompt_length/min:95.0 - prompt_length/clip_ratio:0.25 - timing_s/gen:4.41501239099307 - timing_s/old_log_prob:1.2654368339572102 - timing_s/adv:0.2333196180406958 - timing_s/update_actor:2.310914925998077 - timing_s/update_weights:1.1159912630100735 - timing_s/step:9.735908388975076 - timing_per_token_ms/adv:0.030140759338676628 - timing_per_token_ms/update_actor:0.29852925022582055 - timing_per_token_ms/gen:1.2165920063359243 - perf/total_num_tokens:7741 - perf/time_per_step:9.735908388975076 - perf/throughput:795.0978676798042 - training/num_turns/mean:np.float64(2.0) - training/num_turns/max:np.int64(2) - training/num_turns/min:np.int64(2) - training/off_policy/trajectory_spans/mean:np.float64(1.0) - training/off_policy/trajectory_spans/max:np.float64(1.0) - training/off_policy/trajectory_spans/min:np.float64(1.0) - training/off_policy/trajectory_staleness/mean:np.float64(0.0) - training/off_policy/trajectory_staleness/max:np.float64(0.0) - training/off_policy/trajectory_staleness/min:np.float64(0.0) - training/off_policy/trajectory_staleness_worst/mean:np.float64(0.0) - training/off_policy/trajectory_staleness_worst/max:np.float64(0.0) - training/off_policy/trajectory_staleness_worst/min:np.float64(0.0)[36m(WorkerDict pid=762273)[0m INFO:2026-07-05 01:44:16,070:update_weights done, time cost: 0.39s
[36m(TaskRunnerV1 pid=761016)[0m Training Progress:  38%|███▊      | 47/125 [07:16<12:02,  9.26s/it]
[36m(WorkerDict pid=762273)[0m INFO:2026-07-05 01:44:25,795:update_weights done, time cost: 0.35s
[36m(TaskRunnerV1 pid=761016)[0m Training Progress:  38%|███▊      | 48/125 [07:26<12:04,  9.41s/it]
[36m(WorkerDict pid=762273)[0m INFO:2026-07-05 01:44:33,112:update_weights done, time cost: 0.37s
[36m(TaskRunnerV1 pid=761016)[0m Training Progress:  39%|███▉      | 49/125 [07:33<11:07,  8.78s/it]

[36m(TaskRunnerV1 pid=761016)[0m step:47 - global_seqlen/min:7306 - global_seqlen/max:7306 - global_seqlen/minmax_diff:0 - global_seqlen/balanced_min:7306 - global_seqlen/balanced_max:7306 - global_seqlen/mean:7306.0 - actor/entropy:0.47126391530036926 - training/rollout_probs_diff_valid:1 - training/rollout_probs_diff_max:0.06217595934867859 - training/rollout_probs_diff_mean:0.004179761279374361 - training/rollout_probs_diff_std:0.00847569014877081 - training/rollout_actor_probs_pearson_corr:0.9995248317718506 - rollout_corr/training_ppl:1.1332520246505737 - rollout_corr/training_log_ppl:0.09902092814445496 - rollout_corr/kl:0.0010204315185546875 - rollout_corr/k3_kl:0.00047581730177626014 - rollout_corr/rollout_ppl:1.1348083019256592 - rollout_corr/rollout_log_ppl:0.0999479666352272 - rollout_corr/log_ppl_diff:-0.0009270305745303631 - rollout_corr/log_ppl_abs_diff:0.002880536485463381 - rollout_corr/log_ppl_diff_max:0.025102227926254272 - rollout_corr/log_ppl_diff_min:-0.06675714254379272 - rollout_corr/ppl_ratio:0.9991258382797241 - rollout_corr/chi2_token:-0.00013697147369384766 - rollout_corr/chi2_seq:-0.010501742362976074 - actor/pg_clipfrac:np.float64(0.0) - actor/ppo_kl:np.float64(0.0) - actor/pg_clipfrac_lower:np.float64(0.0) - actor/pg_loss:np.float64(-0.3018583655357361) - actor/loss:np.float64(-0.3018583655357361) - actor/grad_norm:np.float64(0.20551684498786926) - actor/lr:np.float64(1e-06) - actor/perf/max_memory_allocated_gb:np.float64(18.28457546234131) - actor/perf/max_memory_reserved_gb:np.float64(30.509765625) - actor/perf/cpu_memory_used_gb:np.float64(32.41853713989258) - perf/mfu/actor:np.float64(0.04075097837056193) - training/global_step:47 - training/epoch:0 - critic/score/mean:0.3125 - critic/score/max:1.0 - critic/score/min:0.0 - critic/rewards/mean:0.3125 - critic/rewards/max:1.0 - critic/rewards/min:0.0 - critic/advantages/mean:0.3018583357334137 - critic/advantages/max:1.6201815605163574 - critic/advantages/min:-0.7245674133300781 - critic/returns/mean:0.3018583357334137 - critic/returns/max:1.6201815605163574 - critic/returns/min:-0.7245674133300781 - response_length/mean:97.3125 - response_length/max:512.0 - response_length/min:4.0 - response_length/clip_ratio:0.0625 - response_length_non_aborted/mean:97.3125 - response_length_non_aborted/max:512.0 - response_length_non_aborted/min:4.0 - response_length_non_aborted/clip_ratio:0.0625 - response/aborted_ratio:0.0 - prompt_length/mean:125.0 - prompt_length/max:133.0 - prompt_length/min:114.0 - prompt_length/clip_ratio:0.25 - timing_s/gen:4.448206159984693 - timing_s/old_log_prob:1.2323243389837444 - timing_s/adv:0.23773816000903025 - timing_s/update_actor:2.2362898819847032 - timing_s/update_weights:1.1125256230006926 - timing_s/step:9.655822207976598 - timing_per_token_ms/adv:0.032540125925134174 - timing_per_token_ms/update_actor:0.30608949931353724 - timing_per_token_ms/gen:1.385734006225761 - perf/total_num_tokens:7306 - perf/time_per_step:9.655822207976598 - perf/throughput:756.6419350559884 - training/num_turns/mean:np.float64(2.0) - training/num_turns/max:np.int64(2) - training/num_turns/min:np.int64(2) - training/off_policy/trajectory_spans/mean:np.float64(1.0) - training/off_policy/trajectory_spans/max:np.float64(1.0) - training/off_policy/trajectory_spans/min:np.float64(1.0) - training/off_policy/trajectory_staleness/mean:np.float64(0.0) - training/off_policy/trajectory_staleness/max:np.float64(0.0) - training/off_policy/trajectory_staleness/min:np.float64(0.0) - training/off_policy/trajectory_staleness_worst/mean:np.float64(0.0) - training/off_policy/trajectory_staleness_worst/max:np.float64(0.0) - training/off_policy/trajectory_staleness_worst/min:np.float64(0.0)
[36m(TaskRunnerV1 pid=761016)[0m step:48 - global_seqlen/min:7433 - global_seqlen/max:7433 - global_seqlen/minmax_diff:0 - global_seqlen/balanced_min:7433 - global_seqlen/balanced_max:7433 - global_seqlen/mean:7433.0 - actor/entropy:0.6009089946746826 - training/rollout_probs_diff_valid:1 - training/rollout_probs_diff_max:0.06203877925872803 - training/rollout_probs_diff_mean:0.004793204832822084 - training/rollout_probs_diff_std:0.008803361095488071 - training/rollout_actor_probs_pearson_corr:0.9995344877243042 - rollout_corr/training_ppl:1.265911340713501 - rollout_corr/training_log_ppl:0.1419268101453781 - rollout_corr/kl:0.0013399741146713495 - rollout_corr/k3_kl:0.000514901417773217 - rollout_corr/rollout_ppl:1.2581374645233154 - rollout_corr/rollout_log_ppl:0.1403188705444336 - rollout_corr/log_ppl_diff:0.0016079534543678164 - rollout_corr/log_ppl_abs_diff:0.0030625269282609224 - rollout_corr/log_ppl_diff_max:0.06701970100402832 - rollout_corr/log_ppl_diff_min:-0.024863481521606445 - rollout_corr/ppl_ratio:1.0016523599624634 - rollout_corr/chi2_token:-0.0006348490715026855 - rollout_corr/chi2_seq:-0.019531548023223877 - actor/pg_clipfrac:np.float64(0.0) - actor/ppo_kl:np.float64(0.0) - actor/pg_clipfrac_lower:np.float64(0.0) - actor/pg_loss:np.float64(0.36210718750953674) - actor/loss:np.float64(0.36210718750953674) - actor/grad_norm:np.float64(0.1634993553161621) - actor/lr:np.float64(1e-06) - actor/perf/max_memory_allocated_gb:np.float64(18.28457546234131) - actor/perf/max_memory_reserved_gb:np.float64(30.509765625) - actor/perf/cpu_memory_used_gb:np.float64(32.417503356933594) - perf/mfu/actor:np.float64(0.04098085971600166) - training/global_step:48 - training/epoch:0 - critic/score/mean:0.40625 - critic/score/max:1.0 - critic/score/min:0.0 - critic/rewards/mean:0.40625 - critic/rewards/max:1.0 - critic/rewards/min:0.0 - critic/advantages/mean:-0.36210721731185913 - critic/advantages/max:1.6201815605163574 - critic/advantages/min:-1.6201815605163574 - critic/returns/mean:-0.36210721731185913 - critic/returns/max:1.6201815605163574 - critic/returns/min:-1.6201815605163574 - response_length/mean:108.78125 - response_length/max:512.0 - response_length/min:4.0 - response_length/clip_ratio:0.03125 - response_length_non_aborted/mean:108.78125 - response_length_non_aborted/max:512.0 - response_length_non_aborted/min:4.0 - response_length_non_aborted/clip_ratio:0.03125 - response/aborted_ratio:0.0 - prompt_length/mean:117.5 - prompt_length/max:152.0 - prompt_length/min:95.0 - prompt_length/clip_ratio:0.25 - timing_s/gen:4.413682510028593 - timing_s/old_log_prob:1.2208496660459787 - timing_s/adv:0.23564047104446217 - timing_s/update_actor:2.263725977973081 - timing_s/update_weights:1.0449448310537264 - timing_s/step:9.569766129017808 - timing_per_token_ms/adv:0.031701933411067154 - timing_per_token_ms/update_actor:0.30455078406741304 - timing_per_token_ms/gen:1.233906209121776 - perf/total_num_tokens:7433 - perf/time_per_step:9.569766129017808 - perf/throughput:776.716995983985 - training/num_turns/mean:np.float64(2.0) - training/num_turns/max:np.int64(2) - training/num_turns/min:np.int64(2) - training/off_policy/trajectory_spans/mean:np.float64(1.0) - training/off_policy/trajectory_spans/max:np.float64(1.0) - training/off_policy/trajectory_spans/min:np.float64(1.0) - training/off_policy/trajectory_staleness/mean:np.float64(0.0) - training/off_policy/trajectory_staleness/max:np.float64(0.0) - training/off_policy/trajectory_staleness/min:np.float64(0.0) - training/off_policy/trajectory_staleness_worst/mean:np.float64(0.0) - training/off_policy/trajectory_staleness_worst/max:np.float64(0.0) - training/off_policy/trajectory_staleness_worst/min:np.float64(0.0)
[36m(TaskRunnerV1 pid=761016)[0m step:49 - global_seqlen/min:5202 - global_seqlen/max:5202 - global_seqlen/minmax_diff:0 - global_seqlen/balanced_min:5202 - global_seqlen/balanced_max:5202 - global_seqlen/mean:5202.0 - actor/entropy:0.8946937322616577 - training/rollout_probs_diff_valid:1 - training/rollout_probs_diff_max:0.08896133303642273 - training/rollout_probs_diff_mean:0.00638116430491209 - training/rollout_probs_diff_std:0.009924610145390034 - training/rollout_actor_probs_pearson_corr:0.9994470477104187 - rollout_corr/training_ppl:1.2533340454101562 - rollout_corr/training_log_ppl:0.15299101173877716 - rollout_corr/kl:0.0018818345852196217 - rollout_corr/k3_kl:0.0008305255323648453 - rollout_corr/rollout_ppl:1.2542988061904907 - rollout_corr/rollout_log_ppl:0.15374454855918884 - rollout_corr/log_ppl_diff:-0.0007535374024882913 - rollout_corr/log_ppl_abs_diff:0.002802956849336624 - rollout_corr/log_ppl_diff_max:0.02533566951751709 - rollout_corr/log_ppl_diff_min:-0.05080258846282959 - rollout_corr/ppl_ratio:0.9992839097976685 - rollout_corr/chi2_token:-0.0004647970199584961 - rollout_corr/chi2_seq:0.0076198577880859375 - actor/pg_clipfrac:np.float64(0.0) - actor/ppo_kl:np.float64(0.0) - actor/pg_clipfrac_lower:np.float64(0.0) - actor/pg_loss:np.float64(-0.3024464547634125) - actor/loss:np.float64(-0.3024464547634125) - actor/grad_norm:np.float64(0.37779003381729126) - actor/lr:np.float64(1e-06) - actor/perf/max_memory_allocated_gb:np.float64(18.28457546234131) - actor/perf/max_memory_reserved_gb:np.float64(30.509765625) - actor/perf/cpu_memory_used_gb:np.float64(32.40555953979492) - perf/mfu/actor:np.float64(0.0338253624894548) - training/global_step:49 - training/epoch:0 - critic/score/mean:0.28125 - critic/score/max:1.0 - critic/score/min:0.0 - critic/rewards/mean:0.28125 - critic/rewards/max:1.0 - critic/rewards/min:0.0 - critic/advantages/mean:0.30244651436805725 - critic/advantages/max:2.4748666286468506 - critic/advantages/min:-0.935412585735321 - critic/returns/mean:0.30244651436805725 - critic/returns/max:2.4748666286468506 - critic/returns/min:-0.935412585735321 - response_length/mean:55.0625 - response_length/max:316.0 - response_length/min:4.0 - response_length/clip_ratio:0.03125 - response_length_non_aborted/mean:55.0625 - response_length_non_aborted/max:316.0 - response_length_non_aborted/min:4.0 - response_length_non_aborted/clip_ratio:0.03125 - response/aborted_ratio:0.0 - prompt_length/mean:101.5 - prompt_length/max:114.0 - prompt_length/min:90.0 - prompt_length/clip_ratio:0.25 - timing_s/gen:2.4273709910339676 - timing_s/old_log_prob:1.1049038409837522 - timing_s/adv:0.23648843000410125 - timing_s/update_actor:1.9603320130263455 - timing_s/update_weights:1.0622597659821622 - timing_s/step:7.185696404019836 - timing_per_token_ms/adv:0.04546105920878532 - timing_per_token_ms/update_actor:0.3768419863564678 - timing_per_token_ms/gen:1.3064429445823291 - perf/total_num_tokens:5202 - perf/time_per_step:7.185696404019836 - perf/throughput:723.9381832343887 - training/num_turns/mean:np.float64(2.0) - training/num_turns/max:np.int64(2) - training/num_turns/min:np.int64(2) - training/off_policy/trajectory_spans/mean:np.float64(1.0) - training/off_policy/trajectory_spans/max:np.float64(1.0) - training/off_policy/trajectory_spans/min:np.float64(1.0) - training/off_policy/trajectory_staleness/mean:np.float64(0.0) - training/off_policy/trajectory_staleness/max:np.float64(0.0) - training/off_policy/trajectory_staleness/min:np.float64(0.0) - training/off_policy/trajectory_staleness_worst/mean:np.float64(0.0) - training/off_policy/trajectory_staleness_worst/max:np.float64(0.0) - training/off_policy/trajectory_staleness_worst/min:np.float64(0.0)[36m(WorkerDict pid=762273)[0m INFO:2026-07-05 01:44:42,952:update_weights done, time cost: 0.38s
[36m(TaskRunnerV1 pid=761016)[0m Training Progress:  40%|████      | 50/125 [07:48<13:03, 10.44s/it]
[36m(WorkerDict pid=762273)[0m INFO:2026-07-05 01:44:54,947:update_weights done, time cost: 0.38s
[36m(TaskRunnerV1 pid=761016)[0m Training Progress:  41%|████      | 51/125 [07:55<11:47,  9.57s/it]
[36m(WorkerDict pid=762273)[0m INFO:2026-07-05 01:45:04,279:update_weights done, time cost: 0.36s
[36m(TaskRunnerV1 pid=761016)[0m Training Progress:  42%|████▏     | 52/125 [08:04<11:32,  9.49s/it]

[36m(TaskRunnerV1 pid=761016)[0m Dumped generations to /data2/hjk/projects/AI-HiddenState-ER/rl_audit/mathverse_text_qwen25_1p5b_grpo_answer_a0_clean_rerun512_seed42/validation_generations/50.jsonl
[36m(TaskRunnerV1 pid=761016)[0m step:50 - global_seqlen/min:7637 - global_seqlen/max:7637 - global_seqlen/minmax_diff:0 - global_seqlen/balanced_min:7637 - global_seqlen/balanced_max:7637 - global_seqlen/mean:7637.0 - actor/entropy:0.8268768787384033 - training/rollout_probs_diff_valid:1 - training/rollout_probs_diff_max:0.0623510479927063 - training/rollout_probs_diff_mean:0.005198308266699314 - training/rollout_probs_diff_std:0.008695287629961967 - training/rollout_actor_probs_pearson_corr:0.9996020793914795 - rollout_corr/training_ppl:1.1807048320770264 - rollout_corr/training_log_ppl:0.12443557381629944 - rollout_corr/kl:0.0005064443685114384 - rollout_corr/k3_kl:0.0006822128780186176 - rollout_corr/rollout_ppl:1.18010413646698 - rollout_corr/rollout_log_ppl:0.1241789162158966 - rollout_corr/log_ppl_diff:0.00025666109286248684 - rollout_corr/log_ppl_abs_diff:0.0022838625591248274 - rollout_corr/log_ppl_diff_max:0.039550602436065674 - rollout_corr/log_ppl_diff_min:-0.021105468273162842 - rollout_corr/ppl_ratio:1.0002795457839966 - rollout_corr/chi2_token:0.0017048120498657227 - rollout_corr/chi2_seq:0.01684284210205078 - actor/pg_clipfrac:np.float64(0.0) - actor/ppo_kl:np.float64(0.0) - actor/pg_clipfrac_lower:np.float64(0.0) - actor/pg_loss:np.float64(0.49385401606559753) - actor/loss:np.float64(0.49385401606559753) - actor/grad_norm:np.float64(0.2117893546819687) - actor/lr:np.float64(1e-06) - actor/perf/max_memory_allocated_gb:np.float64(18.28457546234131) - actor/perf/max_memory_reserved_gb:np.float64(30.509765625) - actor/perf/cpu_memory_used_gb:np.float64(32.422279357910156) - perf/mfu/actor:np.float64(0.041212583456205855) - val-aux/MathVerseTextA0Clean/reward/mean@1:np.float64(0.453125) - val-core/MathVerseTextA0Clean/acc/mean@1:np.float64(0.453125) - val-aux/num_turns/min:np.int64(2) - val-aux/num_turns/max:np.int64(2) - val-aux/num_turns/mean:np.float64(2.0) - training/global_step:50 - training/epoch:0 - critic/score/mean:0.5625 - critic/score/max:1.0 - critic/score/min:0.0 - critic/rewards/mean:0.5625 - critic/rewards/max:1.0 - critic/rewards/min:0.0 - critic/advantages/mean:-0.4938541352748871 - critic/advantages/max:1.20761239528656 - critic/advantages/min:-1.6201815605163574 - critic/returns/mean:-0.4938541352748871 - critic/returns/max:1.20761239528656 - critic/returns/min:-1.6201815605163574 - response_length/mean:102.40625 - response_length/max:474.0 - response_length/min:4.0 - response_length/clip_ratio:0.03125 - response_length_non_aborted/mean:102.40625 - response_length_non_aborted/max:474.0 - response_length_non_aborted/min:4.0 - response_length_non_aborted/clip_ratio:0.03125 - response/aborted_ratio:0.0 - prompt_length/mean:130.25 - prompt_length/max:167.0 - prompt_length/min:108.0 - prompt_length/clip_ratio:0.25 - timing_s/gen:4.438948828028515 - timing_s/old_log_prob:1.236210214032326 - timing_s/adv:0.23674863600172102 - timing_s/update_actor:2.2996700429939665 - timing_s/update_weights:1.12768449698342 - timing_s/step:9.710384423029609 - timing_s/testing:4.475420776987448 - timing_per_token_ms/adv:0.031000214220468905 - timing_per_token_ms/update_actor:0.30112217402042246 - timing_per_token_ms/gen:1.3160239632459279 - perf/total_num_tokens:7637 - perf/time_per_step:9.710384423029609 - perf/throughput:786.4776168786611 - training/num_turns/mean:np.float64(2.0) - training/num_turns/max:np.int64(2) - training/num_turns/min:np.int64(2) - training/off_policy/trajectory_spans/mean:np.float64(1.0) - training/off_policy/trajectory_spans/max:np.float64(1.0) - training/off_policy/trajectory_spans/min:np.float64(1.0) - training/off_policy/trajectory_staleness/mean:np.float64(0.0) - training/off_policy/trajectory_staleness/max:np.float64(0.0) - training/off_policy/trajectory_staleness/min:np.float64(0.0) - training/off_policy/trajectory_staleness_worst/mean:np.float64(0.0) - training/off_policy/trajectory_staleness_worst/max:np.float64(0.0) - training/off_policy/trajectory_staleness_worst/min:np.float64(0.0)
[36m(TaskRunnerV1 pid=761016)[0m step:51 - global_seqlen/min:6129 - global_seqlen/max:6129 - global_seqlen/minmax_diff:0 - global_seqlen/balanced_min:6129 - global_seqlen/balanced_max:6129 - global_seqlen/mean:6129.0 - actor/entropy:0.6980130076408386 - training/rollout_probs_diff_valid:1 - training/rollout_probs_diff_max:0.06233566999435425 - training/rollout_probs_diff_mean:0.005332175642251968 - training/rollout_probs_diff_std:0.009185806848108768 - training/rollout_actor_probs_pearson_corr:0.9995177388191223 - rollout_corr/training_ppl:1.1784160137176514 - rollout_corr/training_log_ppl:0.11733482778072357 - rollout_corr/kl:0.0011769923148676753 - rollout_corr/k3_kl:0.0006445720209740102 - rollout_corr/rollout_ppl:1.1777734756469727 - rollout_corr/rollout_log_ppl:0.11712278425693512 - rollout_corr/log_ppl_diff:0.00021204393124207854 - rollout_corr/log_ppl_abs_diff:0.002608242444694042 - rollout_corr/log_ppl_diff_max:0.047911763191223145 - rollout_corr/log_ppl_diff_min:-0.05191349983215332 - rollout_corr/ppl_ratio:1.000248670578003 - rollout_corr/chi2_token:0.00023043155670166016 - rollout_corr/chi2_seq:-0.0002905130386352539 - actor/pg_clipfrac:np.float64(0.0) - actor/ppo_kl:np.float64(0.0) - actor/pg_clipfrac_lower:np.float64(0.0) - actor/pg_loss:np.float64(0.25989606976509094) - actor/loss:np.float64(0.25989606976509094) - actor/grad_norm:np.float64(0.14479050040245056) - actor/lr:np.float64(1e-06) - actor/perf/max_memory_allocated_gb:np.float64(18.28457546234131) - actor/perf/max_memory_reserved_gb:np.float64(30.509765625) - actor/perf/cpu_memory_used_gb:np.float64(32.432369232177734) - perf/mfu/actor:np.float64(0.037419918763924094) - training/global_step:51 - training/epoch:0 - critic/score/mean:0.15625 - critic/score/max:1.0 - critic/score/min:0.0 - critic/rewards/mean:0.15625 - critic/rewards/max:1.0 - critic/rewards/min:0.0 - critic/advantages/mean:-0.25989603996276855 - critic/advantages/max:0.7245674133300781 - critic/advantages/min:-1.20761239528656 - critic/returns/mean:-0.25989603996276855 - critic/returns/max:0.7245674133300781 - critic/returns/min:-1.20761239528656 - response_length/mean:79.28125 - response_length/max:425.0 - response_length/min:4.0 - response_length/clip_ratio:0.03125 - response_length_non_aborted/mean:79.28125 - response_length_non_aborted/max:425.0 - response_length_non_aborted/min:4.0 - response_length_non_aborted/clip_ratio:0.03125 - response/aborted_ratio:0.0 - prompt_length/mean:106.25 - prompt_length/max:120.0 - prompt_length/min:92.0 - prompt_length/clip_ratio:0.25 - timing_s/gen:2.4459817549795844 - timing_s/old_log_prob:1.1431619210052304 - timing_s/adv:0.23603160300990567 - timing_s/update_actor:2.0667912969947793 - timing_s/update_weights:1.1027204499696381 - timing_s/step:7.384719894966111 - timing_per_token_ms/adv:0.03851062212594317 - timing_per_token_ms/update_actor:0.33721509169436764 - timing_per_token_ms/gen:0.928971422324187 - perf/total_num_tokens:6129 - perf/time_per_step:7.384719894966111 - perf/throughput:829.9570040805355 - training/num_turns/mean:np.float64(2.0) - training/num_turns/max:np.int64(2) - training/num_turns/min:np.int64(2) - training/off_policy/trajectory_spans/mean:np.float64(1.0) - training/off_policy/trajectory_spans/max:np.float64(1.0) - training/off_policy/trajectory_spans/min:np.float64(1.0) - training/off_policy/trajectory_staleness/mean:np.float64(0.0) - training/off_policy/trajectory_staleness/max:np.float64(0.0) - training/off_policy/trajectory_staleness/min:np.float64(0.0) - training/off_policy/trajectory_staleness_worst/mean:np.float64(0.0) - training/off_policy/trajectory_staleness_worst/max:np.float64(0.0) - training/off_policy/trajectory_staleness_worst/min:np.float64(0.0)
[36m(TaskRunnerV1 pid=761016)[0m step:52 - global_seqlen/min:5662 - global_seqlen/max:5662 - global_seqlen/minmax_diff:0 - global_seqlen/balanced_min:5662 - global_seqlen/balanced_max:5662 - global_seqlen/mean:5662.0 - actor/entropy:0.7227668762207031 - training/rollout_probs_diff_valid:1 - training/rollout_probs_diff_max:0.07685196399688721 - training/rollout_probs_diff_mean:0.005122647620737553 - training/rollout_probs_diff_std:0.009072006680071354 - training/rollout_actor_probs_pearson_corr:0.9995431303977966 - rollout_corr/training_ppl:1.1951789855957031 - rollout_corr/training_log_ppl:0.11988463997840881 - rollout_corr/kl:0.0005185725167393684 - rollout_corr/k3_kl:0.0006599456537514925 - rollout_corr/rollout_ppl:1.1950918436050415 - rollout_corr/rollout_log_ppl:0.12062954902648926 - rollout_corr/log_ppl_diff:-0.0007449150434695184 - rollout_corr/log_ppl_abs_diff:0.002849849406629801 - rollout_corr/log_ppl_diff_max:0.0670655369758606 - rollout_corr/log_ppl_diff_min:-0.03190562129020691 - rollout_corr/ppl_ratio:0.9992929697036743 - rollout_corr/chi2_token:0.0015822649002075195 - rollout_corr/chi2_seq:0.03581094741821289 - actor/pg_clipfrac:np.float64(0.0) - actor/ppo_kl:np.float64(0.0) - actor/pg_clipfrac_lower:np.float64(0.0) - actor/pg_loss:np.float64(0.08381337672472) - actor/loss:np.float64(0.08381337672472) - actor/grad_norm:np.float64(0.30975931882858276) - actor/lr:np.float64(1e-06) - actor/perf/max_memory_allocated_gb:np.float64(18.28457546234131) - actor/perf/max_memory_reserved_gb:np.float64(30.509765625) - actor/perf/cpu_memory_used_gb:np.float64(32.425235748291016) - perf/mfu/actor:np.float64(0.03573759117287698) - training/global_step:52 - training/epoch:0 - critic/score/mean:0.4375 - critic/score/max:1.0 - critic/score/min:0.0 - critic/rewards/mean:0.4375 - critic/rewards/max:1.0 - critic/rewards/min:0.0 - critic/advantages/mean:-0.08381334692239761 - critic/advantages/max:2.4748666286468506 - critic/advantages/min:-1.6201815605163574 - critic/returns/mean:-0.08381334692239761 - critic/returns/max:2.4748666286468506 - critic/returns/min:-1.6201815605163574 - response_length/mean:63.1875 - response_length/max:512.0 - response_length/min:4.0 - response_length/clip_ratio:0.0625 - response_length_non_aborted/mean:63.1875 - response_length_non_aborted/max:512.0 - response_length_non_aborted/min:4.0 - response_length_non_aborted/clip_ratio:0.0625 - response/aborted_ratio:0.0 - prompt_length/mean:107.75 - prompt_length/max:137.0 - prompt_length/min:83.0 - prompt_length/clip_ratio:0.25 - timing_s/gen:4.435747557959985 - timing_s/old_log_prob:1.0534153530024923 - timing_s/adv:0.23615386697929353 - timing_s/update_actor:2.0034795890096575 - timing_s/update_weights:1.0499448319897056 - timing_s/step:9.17349228396779 - timing_per_token_ms/adv:0.041708560045795394 - timing_per_token_ms/update_actor:0.3538466246926276 - timing_per_token_ms/gen:2.094309517450418 - perf/total_num_tokens:5662 - perf/time_per_step:9.17349228396779 - perf/throughput:617.2131424686856 - training/num_turns/mean:np.float64(2.0) - training/num_turns/max:np.int64(2) - training/num_turns/min:np.int64(2) - training/off_policy/trajectory_spans/mean:np.float64(1.0) - training/off_policy/trajectory_spans/max:np.float64(1.0) - training/off_policy/trajectory_spans/min:np.float64(1.0) - training/off_policy/trajectory_staleness/mean:np.float64(0.0) - training/off_policy/trajectory_staleness/max:np.float64(0.0) - training/off_policy/trajectory_staleness/min:np.float64(0.0) - training/off_policy/trajectory_staleness_worst/mean:np.float64(0.0) - training/off_policy/trajectory_staleness_worst/max:np.float64(0.0) - training/off_policy/trajectory_staleness_worst/min:np.float64(0.0)[36m(TransferQueueController pid=761223)[0m 2026-07-05 01:45:08,679 - INFO - transfer_queue.utils.perf_utils - TQ_CONTROLLER_19895470: [Performance] Total success requests: 6370, Total req/min: 1267.53, Total avg process time: 0.0008s; 
[36m(TransferQueueController pid=761223)[0m Time range: last 5.03 minutes; 
[36m(TransferQueueController pid=761223)[0m Per-operation statistics: KV_RETRIEVE_META: req_count=2484, req/min=494.28, avg_time=0.001652s, max_time=0.011972s, min_time=0.000270s; CLEAR_META: req_count=69, req/min=13.73, avg_time=0.000932s, max_time=0.001765s, min_time=0.000338s; SET_CUSTOM_META: req_count=2251, req/min=447.92, avg_time=0.000038s, max_time=0.000136s, min_time=0.000011s; KV_LIST: req_count=94, req/min=18.70, avg_time=0.000095s, max_time=0.000311s, min_time=0.000061s; NOTIFY_DATA_UPDATE: req_count=1440, req/min=286.54, avg_time=0.000355s, max_time=0.002208s, min_time=0.000157s; KV_RETRIEVE_KEYS: req_count=32, req/min=6.37, avg_time=0.000126s, max_time=0.000197s, min_time=0.000105s
[36m(SimpleStorageUnit pid=761321)[0m Per-operation statistics: PUT_DATA: req_count=286, req/min=56.93, avg_time=0.009013s, max_time=0.017547s, min_time=0.006817s; GET_DATA: req_count=169, req/min=33.64, avg_time=0.010531s, max_time=0.012624s, min_time=0.006856s; CLEAR_DATA: req_count=52, req/min=10.35, avg_time=0.010093s, max_time=0.012656s, min_time=0.005002s
[36m(SimpleStorageUnit pid=761296)[0m Per-operation statistics: PUT_DATA: req_count=285, req/min=56.73, avg_time=0.009223s, max_time=0.014986s, min_time=0.005025s; CLEAR_DATA: req_count=50, req/min=9.95, avg_time=0.010466s, max_time=0.012858s, min_time=0.007688s; GET_DATA: req_count=166, req/min=33.04, avg_time=0.010549s, max_time=0.012742s, min_time=0.002377s
[36m(WorkerDict pid=762273)[0m INFO:2026-07-05 01:45:13,839:update_weights done, time cost: 0.36s
[36m(SimpleStorageUnit pid=761322)[0m 2026-07-05 01:45:09,382 - INFO - transfer_queue.utils.perf_utils - TQ_STORAGE_UNIT_3184888a: [Performance] Total success requests: 510, Total req/min: 101.36, Total avg process time: 0.0098s; [32m [repeated 8x across cluster][0m
[36m(SimpleStorageUnit pid=761322)[0m Time range: last 5.03 minutes; [32m [repeated 8x across cluster][0m
[36m(SimpleStorageUnit pid=761322)[0m Per-operation statistics: PUT_DATA: req_count=291, req/min=57.84, avg_time=0.009156s, max_time=0.015809s, min_time=0.002415s; GET_DATA: req_count=166, req/min=32.99, avg_time=0.010782s, max_time=0.014417s, min_time=0.005085s; CLEAR_DATA: req_count=53, req/min=10.53, avg_time=0.010160s, max_time=0.013092s, min_time=0.005202s[32m [repeated 4x across cluster][0m
[36m(SimpleStorageUnit pid=761297)[0m Per-operation statistics: PUT_DATA: req_count=298, req/min=59.18, avg_time=0.009110s, max_time=0.016429s, min_time=0.002095s; CLEAR_DATA: req_count=52, req/min=10.33, avg_time=0.010433s, max_time=0.013181s, min_time=0.005120s; GET_DATA: req_count=165, req/min=32.77, avg_time=0.010912s, max_time=0.012835s, min_time=0.005025s[32m [repeated 2x across cluster][0m
[36m(TaskRunnerV1 pid=761016)[0m Training Progress:  42%|████▏     | 53/125 [08:14<11:25,  9.52s/it]
[36m(WorkerDict pid=762273)[0m INFO:2026-07-05 01:45:24,009:update_weights done, time cost: 0.40s
[36m(TaskRunnerV1 pid=761016)[0m Training Progress:  43%|████▎     | 54/125 [08:24<11:29,  9.71s/it]
[36m(WorkerDict pid=762273)[0m INFO:2026-07-05 01:45:34,214:update_weights done, time cost: 0.38s
[36m(TaskRunnerV1 pid=761016)[0m Training Progress:  44%|████▍     | 55/125 [08:34<11:29,  9.86s/it]

[36m(TaskRunnerV1 pid=761016)[0m step:53 - global_seqlen/min:6565 - global_seqlen/max:6565 - global_seqlen/minmax_diff:0 - global_seqlen/balanced_min:6565 - global_seqlen/balanced_max:6565 - global_seqlen/mean:6565.0 - actor/entropy:0.7720575928688049 - training/rollout_probs_diff_valid:1 - training/rollout_probs_diff_max:0.061026155948638916 - training/rollout_probs_diff_mean:0.0051154508255422115 - training/rollout_probs_diff_std:0.008527179248631 - training/rollout_actor_probs_pearson_corr:0.9996035099029541 - rollout_corr/training_ppl:1.2106881141662598 - rollout_corr/training_log_ppl:0.13738010823726654 - rollout_corr/kl:0.0009478292195126414 - rollout_corr/k3_kl:0.0007154423510655761 - rollout_corr/rollout_ppl:1.2073500156402588 - rollout_corr/rollout_log_ppl:0.13594456017017365 - rollout_corr/log_ppl_diff:0.001435551093891263 - rollout_corr/log_ppl_abs_diff:0.002576947445049882 - rollout_corr/log_ppl_diff_max:0.04235228896141052 - rollout_corr/log_ppl_diff_min:-0.02733585238456726 - rollout_corr/ppl_ratio:1.0014674663543701 - rollout_corr/chi2_token:0.0009555816650390625 - rollout_corr/chi2_seq:0.051857948303222656 - actor/pg_clipfrac:np.float64(0.0) - actor/ppo_kl:np.float64(0.0) - actor/pg_clipfrac_lower:np.float64(0.0) - actor/pg_loss:np.float64(0.2454039454460144) - actor/loss:np.float64(0.2454039454460144) - actor/grad_norm:np.float64(0.1751057505607605) - actor/lr:np.float64(1e-06) - actor/perf/max_memory_allocated_gb:np.float64(18.28457546234131) - actor/perf/max_memory_reserved_gb:np.float64(30.509765625) - actor/perf/cpu_memory_used_gb:np.float64(32.42982482910156) - perf/mfu/actor:np.float64(0.038825198174891766) - training/global_step:53 - training/epoch:0 - critic/score/mean:0.3125 - critic/score/max:1.0 - critic/score/min:0.0 - critic/rewards/mean:0.3125 - critic/rewards/max:1.0 - critic/rewards/min:0.0 - critic/advantages/mean:-0.2454039454460144 - critic/advantages/max:2.4748666286468506 - critic/advantages/min:-0.7245674133300781 - critic/returns/mean:-0.2454039454460144 - critic/returns/max:2.4748666286468506 - critic/returns/min:-0.7245674133300781 - response_length/mean:95.40625 - response_length/max:479.0 - response_length/min:4.0 - response_length/clip_ratio:0.03125 - response_length_non_aborted/mean:95.40625 - response_length_non_aborted/max:479.0 - response_length_non_aborted/min:4.0 - response_length_non_aborted/clip_ratio:0.03125 - response/aborted_ratio:0.0 - prompt_length/mean:103.75 - prompt_length/max:122.0 - prompt_length/min:85.0 - prompt_length/clip_ratio:0.25 - timing_s/gen:4.42894851998426 - timing_s/old_log_prob:1.168128156044986 - timing_s/adv:0.23426553601166233 - timing_s/update_actor:2.133236959052738 - timing_s/update_weights:1.0815128670074046 - timing_s/step:9.441254873992875 - timing_per_token_ms/adv:0.03568401157831871 - timing_per_token_ms/update_actor:0.3249408924680484 - timing_per_token_ms/gen:1.4064618990105622 - perf/total_num_tokens:6565 - perf/time_per_step:9.441254873992875 - perf/throughput:695.3524809592969 - training/num_turns/mean:np.float64(2.0) - training/num_turns/max:np.int64(2) - training/num_turns/min:np.int64(2) - training/off_policy/trajectory_spans/mean:np.float64(1.0) - training/off_policy/trajectory_spans/max:np.float64(1.0) - training/off_policy/trajectory_spans/min:np.float64(1.0) - training/off_policy/trajectory_staleness/mean:np.float64(0.0) - training/off_policy/trajectory_staleness/max:np.float64(0.0) - training/off_policy/trajectory_staleness/min:np.float64(0.0) - training/off_policy/trajectory_staleness_worst/mean:np.float64(0.0) - training/off_policy/trajectory_staleness_worst/max:np.float64(0.0) - training/off_policy/trajectory_staleness_worst/min:np.float64(0.0)
[36m(TaskRunnerV1 pid=761016)[0m step:54 - global_seqlen/min:8535 - global_seqlen/max:8535 - global_seqlen/minmax_diff:0 - global_seqlen/balanced_min:8535 - global_seqlen/balanced_max:8535 - global_seqlen/mean:8535.0 - actor/entropy:0.6078565120697021 - training/rollout_probs_diff_valid:1 - training/rollout_probs_diff_max:0.06227076053619385 - training/rollout_probs_diff_mean:0.004707640968263149 - training/rollout_probs_diff_std:0.008638953790068626 - training/rollout_actor_probs_pearson_corr:0.9995580315589905 - rollout_corr/training_ppl:1.1674139499664307 - rollout_corr/training_log_ppl:0.10707641392946243 - rollout_corr/kl:0.000337290286552161 - rollout_corr/k3_kl:0.0005300791235640645 - rollout_corr/rollout_ppl:1.1665940284729004 - rollout_corr/rollout_log_ppl:0.10654725879430771 - rollout_corr/log_ppl_diff:0.0005291645647957921 - rollout_corr/log_ppl_abs_diff:0.0015804613940417767 - rollout_corr/log_ppl_diff_max:0.025832772254943848 - rollout_corr/log_ppl_diff_min:-0.020941555500030518 - rollout_corr/ppl_ratio:1.0005394220352173 - rollout_corr/chi2_token:0.0014525651931762695 - rollout_corr/chi2_seq:0.02703571319580078 - actor/pg_clipfrac:np.float64(0.0) - actor/ppo_kl:np.float64(0.0) - actor/pg_clipfrac_lower:np.float64(0.0) - actor/pg_loss:np.float64(0.11899168789386749) - actor/loss:np.float64(0.11899168789386749) - actor/grad_norm:np.float64(0.11230795830488205) - actor/lr:np.float64(1e-06) - actor/perf/max_memory_allocated_gb:np.float64(18.28457546234131) - actor/perf/max_memory_reserved_gb:np.float64(30.509765625) - actor/perf/cpu_memory_used_gb:np.float64(32.43915939331055) - perf/mfu/actor:np.float64(0.041205958492776744) - training/global_step:54 - training/epoch:0 - critic/score/mean:0.46875 - critic/score/max:1.0 - critic/score/min:0.0 - critic/rewards/mean:0.46875 - critic/rewards/max:1.0 - critic/rewards/min:0.0 - critic/advantages/mean:-0.1189916804432869 - critic/advantages/max:2.4748666286468506 - critic/advantages/min:-0.935412585735321 - critic/returns/mean:-0.1189916804432869 - critic/returns/max:2.4748666286468506 - critic/returns/min:-0.935412585735321 - response_length/mean:133.71875 - response_length/max:512.0 - response_length/min:4.0 - response_length/clip_ratio:0.125 - response_length_non_aborted/mean:133.71875 - response_length_non_aborted/max:512.0 - response_length_non_aborted/min:4.0 - response_length_non_aborted/clip_ratio:0.125 - response/aborted_ratio:0.0 - prompt_length/mean:127.0 - prompt_length/max:161.0 - prompt_length/min:97.0 - prompt_length/clip_ratio:0.25 - timing_s/gen:4.436780974036083 - timing_s/old_log_prob:1.2696469859802164 - timing_s/adv:0.23564450099365786 - timing_s/update_actor:2.5410680019995198 - timing_s/update_weights:1.161084330000449 - timing_s/step:10.032664378988557 - timing_per_token_ms/adv:0.027609197538799982 - timing_per_token_ms/update_actor:0.29772325741060574 - timing_per_token_ms/gen:1.0141213654939618 - perf/total_num_tokens:8535 - perf/time_per_step:10.032664378988557 - perf/throughput:850.7211721220217 - training/num_turns/mean:np.float64(2.0) - training/num_turns/max:np.int64(2) - training/num_turns/min:np.int64(2) - training/off_policy/trajectory_spans/mean:np.float64(1.0) - training/off_policy/trajectory_spans/max:np.float64(1.0) - training/off_policy/trajectory_spans/min:np.float64(1.0) - training/off_policy/trajectory_staleness/mean:np.float64(0.0) - training/off_policy/trajectory_staleness/max:np.float64(0.0) - training/off_policy/trajectory_staleness/min:np.float64(0.0) - training/off_policy/trajectory_staleness_worst/mean:np.float64(0.0) - training/off_policy/trajectory_staleness_worst/max:np.float64(0.0) - training/off_policy/trajectory_staleness_worst/min:np.float64(0.0)
[36m(TaskRunnerV1 pid=761016)[0m step:55 - global_seqlen/min:8512 - global_seqlen/max:8512 - global_seqlen/minmax_diff:0 - global_seqlen/balanced_min:8512 - global_seqlen/balanced_max:8512 - global_seqlen/mean:8512.0 - actor/entropy:0.592937171459198 - training/rollout_probs_diff_valid:1 - training/rollout_probs_diff_max:0.07997190952301025 - training/rollout_probs_diff_mean:0.0046379282139241695 - training/rollout_probs_diff_std:0.008859523572027683 - training/rollout_actor_probs_pearson_corr:0.9995448589324951 - rollout_corr/training_ppl:1.184920072555542 - rollout_corr/training_log_ppl:0.12802976369857788 - rollout_corr/kl:0.0005250743124634027 - rollout_corr/k3_kl:0.0005988673074170947 - rollout_corr/rollout_ppl:1.1885591745376587 - rollout_corr/rollout_log_ppl:0.1299726665019989 - rollout_corr/log_ppl_diff:-0.0019429015228524804 - rollout_corr/log_ppl_abs_diff:0.003298312658444047 - rollout_corr/log_ppl_diff_max:0.04165109992027283 - rollout_corr/log_ppl_diff_min:-0.06138288974761963 - rollout_corr/ppl_ratio:0.9981123208999634 - rollout_corr/chi2_token:0.0013561248779296875 - rollout_corr/chi2_seq:0.07459437847137451 - actor/pg_clipfrac:np.float64(0.0) - actor/ppo_kl:np.float64(0.0) - actor/pg_clipfrac_lower:np.float64(0.0) - actor/pg_loss:np.float64(0.4012528955936432) - actor/loss:np.float64(0.4012528955936432) - actor/grad_norm:np.float64(0.1441258192062378) - actor/lr:np.float64(1e-06) - actor/perf/max_memory_allocated_gb:np.float64(18.28457546234131) - actor/perf/max_memory_reserved_gb:np.float64(30.509765625) - actor/perf/cpu_memory_used_gb:np.float64(32.449214935302734) - perf/mfu/actor:np.float64(0.0412164108408159) - training/global_step:55 - training/epoch:0 - critic/score/mean:0.3125 - critic/score/max:1.0 - critic/score/min:0.0 - critic/rewards/mean:0.3125 - critic/rewards/max:1.0 - critic/rewards/min:0.0 - critic/advantages/mean:-0.4012529253959656 - critic/advantages/max:2.4748666286468506 - critic/advantages/min:-0.935412585735321 - critic/returns/mean:-0.4012529253959656 - critic/returns/max:2.4748666286468506 - critic/returns/min:-0.935412585735321 - response_length/mean:134.0 - response_length/max:512.0 - response_length/min:4.0 - response_length/clip_ratio:0.0625 - response_length_non_aborted/mean:134.0 - response_length_non_aborted/max:512.0 - response_length_non_aborted/min:4.0 - response_length_non_aborted/clip_ratio:0.0625 - response/aborted_ratio:0.0 - prompt_length/mean:126.0 - prompt_length/max:152.0 - prompt_length/min:94.0 - prompt_length/clip_ratio:0.25 - timing_s/gen:4.432630933995824 - timing_s/old_log_prob:1.3238781259860843 - timing_s/adv:0.24008688103640452 - timing_s/update_actor:2.541188917006366 - timing_s/update_weights:1.138012541050557 - timing_s/step:10.05977582099149 - timing_per_token_ms/adv:0.028205695610479854 - timing_per_token_ms/update_actor:0.2985419310392817 - timing_per_token_ms/gen:1.0110928225355438 - perf/total_num_tokens:8512 - perf/time_per_step:10.05977582099149 - perf/throughput:846.1421160338599 - training/num_turns/mean:np.float64(2.0) - training/num_turns/max:np.int64(2) - training/num_turns/min:np.int64(2) - training/off_policy/trajectory_spans/mean:np.float64(1.0) - training/off_policy/trajectory_spans/max:np.float64(1.0) - training/off_policy/trajectory_spans/min:np.float64(1.0) - training/off_policy/trajectory_staleness/mean:np.float64(0.0) - training/off_policy/trajectory_staleness/max:np.float64(0.0) - training/off_policy/trajectory_staleness/min:np.float64(0.0) - training/off_policy/trajectory_staleness_worst/mean:np.float64(0.0) - training/off_policy/trajectory_staleness_worst/max:np.float64(0.0) - training/off_policy/trajectory_staleness_worst/min:np.float64(0.0)[36m(WorkerDict pid=762273)[0m INFO:2026-07-05 01:45:43,674:update_weights done, time cost: 0.37s
[36m(TaskRunnerV1 pid=761016)[0m Training Progress:  45%|████▍     | 56/125 [08:44<11:11,  9.74s/it]
[36m(WorkerDict pid=762273)[0m INFO:2026-07-05 01:45:53,749:update_weights done, time cost: 0.39s
[36m(TaskRunnerV1 pid=761016)[0m Training Progress:  46%|████▌     | 57/125 [08:54<11:09,  9.84s/it]
[36m(WorkerDict pid=762273)[0m INFO:2026-07-05 01:46:04,066:update_weights done, time cost: 0.41s
[36m(TaskRunnerV1 pid=761016)[0m Training Progress:  46%|████▋     | 58/125 [09:04<11:08,  9.98s/it]

[36m(TaskRunnerV1 pid=761016)[0m step:56 - global_seqlen/min:5880 - global_seqlen/max:5880 - global_seqlen/minmax_diff:0 - global_seqlen/balanced_min:5880 - global_seqlen/balanced_max:5880 - global_seqlen/mean:5880.0 - actor/entropy:0.773188591003418 - training/rollout_probs_diff_valid:1 - training/rollout_probs_diff_max:0.06025576591491699 - training/rollout_probs_diff_mean:0.005176875274628401 - training/rollout_probs_diff_std:0.008777067065238953 - training/rollout_actor_probs_pearson_corr:0.9995889067649841 - rollout_corr/training_ppl:1.1576611995697021 - rollout_corr/training_log_ppl:0.10402163863182068 - rollout_corr/kl:-0.0006858269334770739 - rollout_corr/k3_kl:0.0006451625959016383 - rollout_corr/rollout_ppl:1.1570192575454712 - rollout_corr/rollout_log_ppl:0.10351639986038208 - rollout_corr/log_ppl_diff:0.0005052397609688342 - rollout_corr/log_ppl_abs_diff:0.001575641450472176 - rollout_corr/log_ppl_diff_max:0.02420184016227722 - rollout_corr/log_ppl_diff_min:-0.016895800828933716 - rollout_corr/ppl_ratio:1.0005171298980713 - rollout_corr/chi2_token:0.003972768783569336 - rollout_corr/chi2_seq:0.10791707038879395 - actor/pg_clipfrac:np.float64(0.0) - actor/ppo_kl:np.float64(0.0) - actor/pg_clipfrac_lower:np.float64(0.0) - actor/pg_loss:np.float64(0.0015006985049694777) - actor/loss:np.float64(0.0015006985049694777) - actor/grad_norm:np.float64(0.2052307426929474) - actor/lr:np.float64(1e-06) - actor/perf/max_memory_allocated_gb:np.float64(18.28457546234131) - actor/perf/max_memory_reserved_gb:np.float64(30.509765625) - actor/perf/cpu_memory_used_gb:np.float64(32.43460464477539) - perf/mfu/actor:np.float64(0.03617207691542287) - training/global_step:56 - training/epoch:0 - critic/score/mean:0.21875 - critic/score/max:1.0 - critic/score/min:0.0 - critic/rewards/mean:0.21875 - critic/rewards/max:1.0 - critic/rewards/min:0.0 - critic/advantages/mean:-0.0015006946632638574 - critic/advantages/max:1.20761239528656 - critic/advantages/min:-0.935412585735321 - critic/returns/mean:-0.0015006946632638574 - critic/returns/max:1.20761239528656 - critic/returns/min:-0.935412585735321 - response_length/mean:66.75 - response_length/max:497.0 - response_length/min:4.0 - response_length/clip_ratio:0.03125 - response_length_non_aborted/mean:66.75 - response_length_non_aborted/max:497.0 - response_length_non_aborted/min:4.0 - response_length_non_aborted/clip_ratio:0.03125 - response/aborted_ratio:0.0 - prompt_length/mean:111.0 - prompt_length/max:152.0 - prompt_length/min:86.0 - prompt_length/clip_ratio:0.25 - timing_s/gen:4.431636010995135 - timing_s/old_log_prob:1.1305227419943549 - timing_s/adv:0.2327312400448136 - timing_s/update_actor:2.0582065799972042 - timing_s/update_weights:1.0709026270196773 - timing_s/step:9.321407190989703 - timing_per_token_ms/adv:0.03958014286476422 - timing_per_token_ms/update_actor:0.35003513265258573 - timing_per_token_ms/gen:1.9855000049261355 - perf/total_num_tokens:5880 - perf/time_per_step:9.321407190989703 - perf/throughput:630.8060445727282 - training/num_turns/mean:np.float64(2.0) - training/num_turns/max:np.int64(2) - training/num_turns/min:np.int64(2) - training/off_policy/trajectory_spans/mean:np.float64(1.0) - training/off_policy/trajectory_spans/max:np.float64(1.0) - training/off_policy/trajectory_spans/min:np.float64(1.0) - training/off_policy/trajectory_staleness/mean:np.float64(0.0) - training/off_policy/trajectory_staleness/max:np.float64(0.0) - training/off_policy/trajectory_staleness/min:np.float64(0.0) - training/off_policy/trajectory_staleness_worst/mean:np.float64(0.0) - training/off_policy/trajectory_staleness_worst/max:np.float64(0.0) - training/off_policy/trajectory_staleness_worst/min:np.float64(0.0)
[36m(TaskRunnerV1 pid=761016)[0m step:57 - global_seqlen/min:7135 - global_seqlen/max:7135 - global_seqlen/minmax_diff:0 - global_seqlen/balanced_min:7135 - global_seqlen/balanced_max:7135 - global_seqlen/mean:7135.0 - actor/entropy:0.7192533612251282 - training/rollout_probs_diff_valid:1 - training/rollout_probs_diff_max:0.16591089963912964 - training/rollout_probs_diff_mean:0.005021986551582813 - training/rollout_probs_diff_std:0.009340174496173859 - training/rollout_actor_probs_pearson_corr:0.9995229840278625 - rollout_corr/training_ppl:1.1765105724334717 - rollout_corr/training_log_ppl:0.1202799528837204 - rollout_corr/kl:0.00026446679839864373 - rollout_corr/k3_kl:0.0006459849537350237 - rollout_corr/rollout_ppl:1.1796648502349854 - rollout_corr/rollout_log_ppl:0.12185029685497284 - rollout_corr/log_ppl_diff:-0.001570340944454074 - rollout_corr/log_ppl_abs_diff:0.003334624692797661 - rollout_corr/log_ppl_diff_max:0.07108625769615173 - rollout_corr/log_ppl_diff_min:-0.07448971271514893 - rollout_corr/ppl_ratio:0.9985010027885437 - rollout_corr/chi2_token:0.0020657777786254883 - rollout_corr/chi2_seq:0.031525254249572754 - actor/pg_clipfrac:np.float64(0.0) - actor/ppo_kl:np.float64(0.0) - actor/pg_clipfrac_lower:np.float64(0.0) - actor/pg_loss:np.float64(-0.2375880777835846) - actor/loss:np.float64(-0.2375880777835846) - actor/grad_norm:np.float64(0.22536075115203857) - actor/lr:np.float64(1e-06) - actor/perf/max_memory_allocated_gb:np.float64(18.28457546234131) - actor/perf/max_memory_reserved_gb:np.float64(30.509765625) - actor/perf/cpu_memory_used_gb:np.float64(32.443321228027344) - perf/mfu/actor:np.float64(0.04047335178358429) - training/global_step:57 - training/epoch:0 - critic/score/mean:0.34375 - critic/score/max:1.0 - critic/score/min:0.0 - critic/rewards/mean:0.34375 - critic/rewards/max:1.0 - critic/rewards/min:0.0 - critic/advantages/mean:0.23758813738822937 - critic/advantages/max:1.6201815605163574 - critic/advantages/min:-0.935412585735321 - critic/returns/mean:0.23758813738822937 - critic/returns/max:1.6201815605163574 - critic/returns/min:-0.935412585735321 - response_length/mean:93.96875 - response_length/max:512.0 - response_length/min:4.0 - response_length/clip_ratio:0.03125 - response_length_non_aborted/mean:93.96875 - response_length_non_aborted/max:512.0 - response_length_non_aborted/min:4.0 - response_length_non_aborted/clip_ratio:0.03125 - response/aborted_ratio:0.0 - prompt_length/mean:123.0 - prompt_length/max:164.0 - prompt_length/min:81.0 - prompt_length/clip_ratio:0.25 - timing_s/gen:4.469466598005965 - timing_s/old_log_prob:1.2005998200038448 - timing_s/adv:0.24013369501335546 - timing_s/update_actor:2.210793234000448 - timing_s/update_weights:1.1258353929733858 - timing_s/step:9.944549567997456 - timing_per_token_ms/adv:0.033655738614345544 - timing_per_token_ms/update_actor:0.3098518898388855 - timing_per_token_ms/gen:1.440369512731539 - perf/total_num_tokens:7135 - perf/time_per_step:9.944549567997456 - perf/throughput:717.4784489949284 - training/num_turns/mean:np.float64(2.0) - training/num_turns/max:np.int64(2) - training/num_turns/min:np.int64(2) - training/off_policy/trajectory_spans/mean:np.float64(1.0) - training/off_policy/trajectory_spans/max:np.float64(1.0) - training/off_policy/trajectory_spans/min:np.float64(1.0) - training/off_policy/trajectory_staleness/mean:np.float64(0.0) - training/off_policy/trajectory_staleness/max:np.float64(0.0) - training/off_policy/trajectory_staleness/min:np.float64(0.0) - training/off_policy/trajectory_staleness_worst/mean:np.float64(0.0) - training/off_policy/trajectory_staleness_worst/max:np.float64(0.0) - training/off_policy/trajectory_staleness_worst/min:np.float64(0.0)
[36m(TaskRunnerV1 pid=761016)[0m step:58 - global_seqlen/min:8839 - global_seqlen/max:8839 - global_seqlen/minmax_diff:0 - global_seqlen/balanced_min:8839 - global_seqlen/balanced_max:8839 - global_seqlen/mean:8839.0 - actor/entropy:0.7547335624694824 - training/rollout_probs_diff_valid:1 - training/rollout_probs_diff_max:0.06233295798301697 - training/rollout_probs_diff_mean:0.005321498494595289 - training/rollout_probs_diff_std:0.008862356655299664 - training/rollout_actor_probs_pearson_corr:0.9995603561401367 - rollout_corr/training_ppl:1.2261842489242554 - rollout_corr/training_log_ppl:0.14524391293525696 - rollout_corr/kl:0.000998057657852769 - rollout_corr/k3_kl:0.0006691134185530245 - rollout_corr/rollout_ppl:1.2258199453353882 - rollout_corr/rollout_log_ppl:0.14495182037353516 - rollout_corr/log_ppl_diff:0.00029208080377429724 - rollout_corr/log_ppl_abs_diff:0.0023432255256921053 - rollout_corr/log_ppl_diff_max:0.039997488260269165 - rollout_corr/log_ppl_diff_min:-0.039342284202575684 - rollout_corr/ppl_ratio:1.0003165006637573 - rollout_corr/chi2_token:0.0006844997406005859 - rollout_corr/chi2_seq:-0.0033158063888549805 - actor/pg_clipfrac:np.float64(0.0) - actor/ppo_kl:np.float64(0.0) - actor/pg_clipfrac_lower:np.float64(0.0) - actor/pg_loss:np.float64(0.19739317893981934) - actor/loss:np.float64(0.19739317893981934) - actor/grad_norm:np.float64(0.12888780236244202) - actor/lr:np.float64(1e-06) - actor/perf/max_memory_allocated_gb:np.float64(18.28457546234131) - actor/perf/max_memory_reserved_gb:np.float64(30.509765625) - actor/perf/cpu_memory_used_gb:np.float64(32.46098327636719) - perf/mfu/actor:np.float64(0.0411675853295898) - training/global_step:58 - training/epoch:0 - critic/score/mean:0.28125 - critic/score/max:1.0 - critic/score/min:0.0 - critic/rewards/mean:0.28125 - critic/rewards/max:1.0 - critic/rewards/min:0.0 - critic/advantages/mean:-0.19739313423633575 - critic/advantages/max:2.4748666286468506 - critic/advantages/min:-1.20761239528656 - critic/returns/mean:-0.19739313423633575 - critic/returns/max:2.4748666286468506 - critic/returns/min:-1.20761239528656 - response_length/mean:151.46875 - response_length/max:512.0 - response_length/min:4.0 - response_length/clip_ratio:0.03125 - response_length_non_aborted/mean:151.46875 - response_length_non_aborted/max:512.0 - response_length_non_aborted/min:4.0 - response_length_non_aborted/clip_ratio:0.03125 - response/aborted_ratio:0.0 - prompt_length/mean:118.75 - prompt_length/max:142.0 - prompt_length/min:110.0 - prompt_length/clip_ratio:0.25 - timing_s/gen:4.424245092028286 - timing_s/old_log_prob:1.3365779680316336 - timing_s/adv:0.24217077903449535 - timing_s/update_actor:2.6039911020197906 - timing_s/update_weights:1.1706130789825693 - timing_s/step:10.163134216039907 - timing_per_token_ms/adv:0.027397983825601917 - timing_per_token_ms/update_actor:0.29460245525735834 - timing_per_token_ms/gen:0.89505261825375 - perf/total_num_tokens:8839 - perf/time_per_step:10.163134216039907 - perf/throughput:869.7120211253238 - training/num_turns/mean:np.float64(2.0) - training/num_turns/max:np.int64(2) - training/num_turns/min:np.int64(2) - training/off_policy/trajectory_spans/mean:np.float64(1.0) - training/off_policy/trajectory_spans/max:np.float64(1.0) - training/off_policy/trajectory_spans/min:np.float64(1.0) - training/off_policy/trajectory_staleness/mean:np.float64(0.0) - training/off_policy/trajectory_staleness/max:np.float64(0.0) - training/off_policy/trajectory_staleness/min:np.float64(0.0) - training/off_policy/trajectory_staleness_worst/mean:np.float64(0.0) - training/off_policy/trajectory_staleness_worst/max:np.float64(0.0) - training/off_policy/trajectory_staleness_worst/min:np.float64(0.0)[36m(WorkerDict pid=762273)[0m INFO:2026-07-05 01:46:14,355:update_weights done, time cost: 0.41s
[36m(TaskRunnerV1 pid=761016)[0m Training Progress:  47%|████▋     | 59/125 [09:15<11:05, 10.08s/it]
[36m(WorkerDict pid=762273)[0m INFO:2026-07-05 01:46:24,017:update_weights done, time cost: 0.36s
[36m(TaskRunnerV1 pid=761016)[0m Training Progress:  48%|████▊     | 60/125 [09:24<10:46,  9.94s/it]
[36m(WorkerDict pid=762273)[0m INFO:2026-07-05 01:46:33,494:update_weights done, time cost: 0.37s
[36m(TaskRunnerV1 pid=761016)[0m Training Progress:  49%|████▉     | 61/125 [09:34<10:27,  9.81s/it]

[36m(TaskRunnerV1 pid=761016)[0m step:59 - global_seqlen/min:8693 - global_seqlen/max:8693 - global_seqlen/minmax_diff:0 - global_seqlen/balanced_min:8693 - global_seqlen/balanced_max:8693 - global_seqlen/mean:8693.0 - actor/entropy:0.4564477205276489 - training/rollout_probs_diff_valid:1 - training/rollout_probs_diff_max:0.06046640872955322 - training/rollout_probs_diff_mean:0.004281459841877222 - training/rollout_probs_diff_std:0.008635877631604671 - training/rollout_actor_probs_pearson_corr:0.9994847178459167 - rollout_corr/training_ppl:1.1463098526000977 - rollout_corr/training_log_ppl:0.10528463125228882 - rollout_corr/kl:0.0002975075040012598 - rollout_corr/k3_kl:0.00046525371726602316 - rollout_corr/rollout_ppl:1.1447347402572632 - rollout_corr/rollout_log_ppl:0.10401646792888641 - rollout_corr/log_ppl_diff:0.0012681606458500028 - rollout_corr/log_ppl_abs_diff:0.0024448661133646965 - rollout_corr/log_ppl_diff_max:0.02854315936565399 - rollout_corr/log_ppl_diff_min:-0.018784046173095703 - rollout_corr/ppl_ratio:1.001291275024414 - rollout_corr/chi2_token:0.0012574195861816406 - rollout_corr/chi2_seq:0.003142237663269043 - actor/pg_clipfrac:np.float64(0.0) - actor/ppo_kl:np.float64(0.0) - actor/pg_clipfrac_lower:np.float64(0.0) - actor/pg_loss:np.float64(-0.12552280724048615) - actor/loss:np.float64(-0.12552280724048615) - actor/grad_norm:np.float64(0.11578115820884705) - actor/lr:np.float64(1e-06) - actor/perf/max_memory_allocated_gb:np.float64(18.28457546234131) - actor/perf/max_memory_reserved_gb:np.float64(30.509765625) - actor/perf/cpu_memory_used_gb:np.float64(32.46303176879883) - perf/mfu/actor:np.float64(0.04102463099406131) - training/global_step:59 - training/epoch:0 - critic/score/mean:0.53125 - critic/score/max:1.0 - critic/score/min:0.0 - critic/rewards/mean:0.53125 - critic/rewards/max:1.0 - critic/rewards/min:0.0 - critic/advantages/mean:0.12552279233932495 - critic/advantages/max:1.6201815605163574 - critic/advantages/min:-0.935412585735321 - critic/returns/mean:0.12552279233932495 - critic/returns/max:1.6201815605163574 - critic/returns/min:-0.935412585735321 - response_length/mean:137.15625 - response_length/max:512.0 - response_length/min:4.0 - response_length/clip_ratio:0.0625 - response_length_non_aborted/mean:137.15625 - response_length_non_aborted/max:512.0 - response_length_non_aborted/min:4.0 - response_length_non_aborted/clip_ratio:0.0625 - response/aborted_ratio:0.0 - prompt_length/mean:128.5 - prompt_length/max:160.0 - prompt_length/min:99.0 - prompt_length/clip_ratio:0.25 - timing_s/gen:4.434236517001409 - timing_s/old_log_prob:1.3356766040087678 - timing_s/adv:0.23360713303554803 - timing_s/update_actor:2.5945814219885506 - timing_s/update_weights:1.1791857419884764 - timing_s/step:10.171069016039837 - timing_per_token_ms/adv:0.026873016569141612 - timing_per_token_ms/update_actor:0.2984678962370356 - timing_per_token_ms/gen:0.988681497659177 - perf/total_num_tokens:8693 - perf/time_per_step:10.171069016039837 - perf/throughput:854.6790889228149 - training/num_turns/mean:np.float64(2.0) - training/num_turns/max:np.int64(2) - training/num_turns/min:np.int64(2) - training/off_policy/trajectory_spans/mean:np.float64(1.0) - training/off_policy/trajectory_spans/max:np.float64(1.0) - training/off_policy/trajectory_spans/min:np.float64(1.0) - training/off_policy/trajectory_staleness/mean:np.float64(0.0) - training/off_policy/trajectory_staleness/max:np.float64(0.0) - training/off_policy/trajectory_staleness/min:np.float64(0.0) - training/off_policy/trajectory_staleness_worst/mean:np.float64(0.0) - training/off_policy/trajectory_staleness_worst/max:np.float64(0.0) - training/off_policy/trajectory_staleness_worst/min:np.float64(0.0)
[36m(TaskRunnerV1 pid=761016)[0m step:60 - global_seqlen/min:6818 - global_seqlen/max:6818 - global_seqlen/minmax_diff:0 - global_seqlen/balanced_min:6818 - global_seqlen/balanced_max:6818 - global_seqlen/mean:6818.0 - actor/entropy:0.659593939781189 - training/rollout_probs_diff_valid:1 - training/rollout_probs_diff_max:0.09266221523284912 - training/rollout_probs_diff_mean:0.005346061661839485 - training/rollout_probs_diff_std:0.009303626604378223 - training/rollout_actor_probs_pearson_corr:0.9995031356811523 - rollout_corr/training_ppl:1.1791467666625977 - rollout_corr/training_log_ppl:0.1177387684583664 - rollout_corr/kl:-0.0003128552052658051 - rollout_corr/k3_kl:0.000648212619125843 - rollout_corr/rollout_ppl:1.1783618927001953 - rollout_corr/rollout_log_ppl:0.11737591028213501 - rollout_corr/log_ppl_diff:0.00036285468377172947 - rollout_corr/log_ppl_abs_diff:0.0017902464605867863 - rollout_corr/log_ppl_diff_max:0.02344346046447754 - rollout_corr/log_ppl_diff_min:-0.023778796195983887 - rollout_corr/ppl_ratio:1.0003756284713745 - rollout_corr/chi2_token:0.003225088119506836 - rollout_corr/chi2_seq:0.15353167057037354 - actor/pg_clipfrac:np.float64(0.0) - actor/ppo_kl:np.float64(0.0) - actor/pg_clipfrac_lower:np.float64(0.0) - actor/pg_loss:np.float64(0.09048053622245789) - actor/loss:np.float64(0.09048053622245789) - actor/grad_norm:np.float64(0.13449744880199432) - actor/lr:np.float64(1e-06) - actor/perf/max_memory_allocated_gb:np.float64(18.28457546234131) - actor/perf/max_memory_reserved_gb:np.float64(30.509765625) - actor/perf/cpu_memory_used_gb:np.float64(32.44867706298828) - perf/mfu/actor:np.float64(0.039887968231296984) - training/global_step:60 - training/epoch:0 - critic/score/mean:0.46875 - critic/score/max:1.0 - critic/score/min:0.0 - critic/rewards/mean:0.46875 - critic/rewards/max:1.0 - critic/rewards/min:0.0 - critic/advantages/mean:-0.0904804989695549 - critic/advantages/max:2.4748666286468506 - critic/advantages/min:-0.935412585735321 - critic/returns/mean:-0.0904804989695549 - critic/returns/max:2.4748666286468506 - critic/returns/min:-0.935412585735321 - response_length/mean:102.3125 - response_length/max:512.0 - response_length/min:4.0 - response_length/clip_ratio:0.03125 - response_length_non_aborted/mean:102.3125 - response_length_non_aborted/max:512.0 - response_length_non_aborted/min:4.0 - response_length_non_aborted/clip_ratio:0.03125 - response/aborted_ratio:0.0 - prompt_length/mean:104.75 - prompt_length/max:130.0 - prompt_length/min:85.0 - prompt_length/clip_ratio:0.25 - timing_s/gen:4.4485464070457965 - timing_s/old_log_prob:1.1870059169596061 - timing_s/adv:0.2385166619787924 - timing_s/update_actor:2.1527774109854363 - timing_s/update_weights:1.065796306997072 - timing_s/step:9.482987239956856 - timing_per_token_ms/adv:0.03498337664693347 - timing_per_token_ms/update_actor:0.31574910692071523 - timing_per_token_ms/gen:1.3200434442272393 - perf/total_num_tokens:6818 - perf/time_per_step:9.482987239956856 - perf/throughput:718.9717572614829 - training/num_turns/mean:np.float64(2.0) - training/num_turns/max:np.int64(2) - training/num_turns/min:np.int64(2) - training/off_policy/trajectory_spans/mean:np.float64(1.0) - training/off_policy/trajectory_spans/max:np.float64(1.0) - training/off_policy/trajectory_spans/min:np.float64(1.0) - training/off_policy/trajectory_staleness/mean:np.float64(0.0) - training/off_policy/trajectory_staleness/max:np.float64(0.0) - training/off_policy/trajectory_staleness/min:np.float64(0.0) - training/off_policy/trajectory_staleness_worst/mean:np.float64(0.0) - training/off_policy/trajectory_staleness_worst/max:np.float64(0.0) - training/off_policy/trajectory_staleness_worst/min:np.float64(0.0)
[36m(TaskRunnerV1 pid=761016)[0m step:61 - global_seqlen/min:6517 - global_seqlen/max:6517 - global_seqlen/minmax_diff:0 - global_seqlen/balanced_min:6517 - global_seqlen/balanced_max:6517 - global_seqlen/mean:6517.0 - actor/entropy:0.6136506199836731 - training/rollout_probs_diff_valid:1 - training/rollout_probs_diff_max:0.061178058385849 - training/rollout_probs_diff_mean:0.0049157943576574326 - training/rollout_probs_diff_std:0.00872553139925003 - training/rollout_actor_probs_pearson_corr:0.9995439648628235 - rollout_corr/training_ppl:1.1466940641403198 - rollout_corr/training_log_ppl:0.1025502160191536 - rollout_corr/kl:0.0007714106468483806 - rollout_corr/k3_kl:0.000571517157368362 - rollout_corr/rollout_ppl:1.1460915803909302 - rollout_corr/rollout_log_ppl:0.10232182592153549 - rollout_corr/log_ppl_diff:0.00022838119184598327 - rollout_corr/log_ppl_abs_diff:0.0014769550180062652 - rollout_corr/log_ppl_diff_max:0.015015244483947754 - rollout_corr/log_ppl_diff_min:-0.01425066590309143 - rollout_corr/ppl_ratio:1.0002360343933105 - rollout_corr/chi2_token:0.0007545948028564453 - rollout_corr/chi2_seq:0.03085911273956299 - actor/pg_clipfrac:np.float64(0.0) - actor/ppo_kl:np.float64(0.0) - actor/pg_clipfrac_lower:np.float64(0.0) - actor/pg_loss:np.float64(-0.052056025713682175) - actor/loss:np.float64(-0.052056025713682175) - actor/grad_norm:np.float64(0.2336244136095047) - actor/lr:np.float64(1e-06) - actor/perf/max_memory_allocated_gb:np.float64(18.28457546234131) - actor/perf/max_memory_reserved_gb:np.float64(30.509765625) - actor/perf/cpu_memory_used_gb:np.float64(32.4474983215332) - perf/mfu/actor:np.float64(0.03902375921358158) - training/global_step:61 - training/epoch:0 - critic/score/mean:0.3125 - critic/score/max:1.0 - critic/score/min:0.0 - critic/rewards/mean:0.3125 - critic/rewards/max:1.0 - critic/rewards/min:0.0 - critic/advantages/mean:0.05205599218606949 - critic/advantages/max:2.4748666286468506 - critic/advantages/min:-2.4748666286468506 - critic/returns/mean:0.05205599218606949 - critic/returns/max:2.4748666286468506 - critic/returns/min:-2.4748666286468506 - response_length/mean:87.65625 - response_length/max:512.0 - response_length/min:4.0 - response_length/clip_ratio:0.03125 - response_length_non_aborted/mean:87.65625 - response_length_non_aborted/max:512.0 - response_length_non_aborted/min:4.0 - response_length_non_aborted/clip_ratio:0.03125 - response/aborted_ratio:0.0 - prompt_length/mean:110.0 - prompt_length/max:133.0 - prompt_length/min:99.0 - prompt_length/clip_ratio:0.25 - timing_s/gen:4.4364421180216596 - timing_s/old_log_prob:1.1308853409718722 - timing_s/adv:0.23013728100340813 - timing_s/update_actor:2.1029188739485107 - timing_s/update_weights:1.068181796988938 - timing_s/step:9.357763694017194 - timing_per_token_ms/adv:0.03531337747482095 - timing_per_token_ms/update_actor:0.3226820429566535 - timing_per_token_ms/gen:1.5292802888733745 - perf/total_num_tokens:6517 - perf/time_per_step:9.357763694017194 - perf/throughput:696.4270752174035 - training/num_turns/mean:np.float64(2.0) - training/num_turns/max:np.int64(2) - training/num_turns/min:np.int64(2) - training/off_policy/trajectory_spans/mean:np.float64(1.0) - training/off_policy/trajectory_spans/max:np.float64(1.0) - training/off_policy/trajectory_spans/min:np.float64(1.0) - training/off_policy/trajectory_staleness/mean:np.float64(0.0) - training/off_policy/trajectory_staleness/max:np.float64(0.0) - training/off_policy/trajectory_staleness/min:np.float64(0.0) - training/off_policy/trajectory_staleness_worst/mean:np.float64(0.0) - training/off_policy/trajectory_staleness_worst/max:np.float64(0.0) - training/off_policy/trajectory_staleness_worst/min:np.float64(0.0)[36m(WorkerDict pid=762273)[0m INFO:2026-07-05 01:46:40,970:update_weights done, time cost: 0.43s
[36m(TaskRunnerV1 pid=761016)[0m Training Progress:  50%|████▉     | 62/125 [09:41<09:33,  9.11s/it]
[36m(WorkerDict pid=762273)[0m INFO:2026-07-05 01:46:50,560:update_weights done, time cost: 0.36s
[36m(TaskRunnerV1 pid=761016)[0m Training Progress:  50%|█████     | 63/125 [09:51<09:33,  9.25s/it]
[36m(WorkerDict pid=762273)[0m INFO:2026-07-05 01:46:58,014:update_weights done, time cost: 0.39s
[36m(TaskRunnerV1 pid=761016)[0m Training Progress:  51%|█████     | 64/125 [09:58<08:52,  8.72s/it]

[36m(TaskRunnerV1 pid=761016)[0m step:62 - global_seqlen/min:5809 - global_seqlen/max:5809 - global_seqlen/minmax_diff:0 - global_seqlen/balanced_min:5809 - global_seqlen/balanced_max:5809 - global_seqlen/mean:5809.0 - actor/entropy:0.8631296753883362 - training/rollout_probs_diff_valid:1 - training/rollout_probs_diff_max:0.11489981412887573 - training/rollout_probs_diff_mean:0.00587713485583663 - training/rollout_probs_diff_std:0.009350033476948738 - training/rollout_actor_probs_pearson_corr:0.9995231032371521 - rollout_corr/training_ppl:1.2147635221481323 - rollout_corr/training_log_ppl:0.13825666904449463 - rollout_corr/kl:5.498887912835926e-05 - rollout_corr/k3_kl:0.0007846507360227406 - rollout_corr/rollout_ppl:1.215355634689331 - rollout_corr/rollout_log_ppl:0.1387319713830948 - rollout_corr/log_ppl_diff:-0.0004753036191686988 - rollout_corr/log_ppl_abs_diff:0.0012955224374309182 - rollout_corr/log_ppl_diff_max:0.013257920742034912 - rollout_corr/log_ppl_diff_min:-0.023553967475891113 - rollout_corr/ppl_ratio:0.9995321035385132 - rollout_corr/chi2_token:0.003032088279724121 - rollout_corr/chi2_seq:0.050420403480529785 - actor/pg_clipfrac:np.float64(0.0) - actor/ppo_kl:np.float64(0.0) - actor/pg_clipfrac_lower:np.float64(0.0) - actor/pg_loss:np.float64(0.2787359952926636) - actor/loss:np.float64(0.2787359952926636) - actor/grad_norm:np.float64(0.14924374222755432) - actor/lr:np.float64(1e-06) - actor/perf/max_memory_allocated_gb:np.float64(18.28457546234131) - actor/perf/max_memory_reserved_gb:np.float64(30.509765625) - actor/perf/cpu_memory_used_gb:np.float64(32.44223403930664) - perf/mfu/actor:np.float64(0.03588584688636963) - training/global_step:62 - training/epoch:0 - critic/score/mean:0.1875 - critic/score/max:1.0 - critic/score/min:0.0 - critic/rewards/mean:0.1875 - critic/rewards/max:1.0 - critic/rewards/min:0.0 - critic/advantages/mean:-0.2787359952926636 - critic/advantages/max:2.4748666286468506 - critic/advantages/min:-1.20761239528656 - critic/returns/mean:-0.2787359952926636 - critic/returns/max:2.4748666286468506 - critic/returns/min:-1.20761239528656 - response_length/mean:82.03125 - response_length/max:340.0 - response_length/min:4.0 - response_length/clip_ratio:0.03125 - response_length_non_aborted/mean:82.03125 - response_length_non_aborted/max:340.0 - response_length_non_aborted/min:4.0 - response_length_non_aborted/clip_ratio:0.03125 - response/aborted_ratio:0.0 - prompt_length/mean:93.5 - prompt_length/max:110.0 - prompt_length/min:79.0 - prompt_length/clip_ratio:0.25 - timing_s/gen:2.420560755999759 - timing_s/old_log_prob:1.1356564660090953 - timing_s/adv:0.23039851698558778 - timing_s/update_actor:2.0453391629853286 - timing_s/update_weights:1.1320660730125383 - timing_s/step:7.349790015025064 - timing_per_token_ms/adv:0.03966233723284348 - timing_per_token_ms/update_actor:0.35209832380535866 - timing_per_token_ms/gen:0.889584989342065 - perf/total_num_tokens:5809 - perf/time_per_step:7.349790015025064 - perf/throughput:790.3627162306337 - training/num_turns/mean:np.float64(2.0) - training/num_turns/max:np.int64(2) - training/num_turns/min:np.int64(2) - training/off_policy/trajectory_spans/mean:np.float64(1.0) - training/off_policy/trajectory_spans/max:np.float64(1.0) - training/off_policy/trajectory_spans/min:np.float64(1.0) - training/off_policy/trajectory_staleness/mean:np.float64(0.0) - training/off_policy/trajectory_staleness/max:np.float64(0.0) - training/off_policy/trajectory_staleness/min:np.float64(0.0) - training/off_policy/trajectory_staleness_worst/mean:np.float64(0.0) - training/off_policy/trajectory_staleness_worst/max:np.float64(0.0) - training/off_policy/trajectory_staleness_worst/min:np.float64(0.0)
[36m(TaskRunnerV1 pid=761016)[0m step:63 - global_seqlen/min:6630 - global_seqlen/max:6630 - global_seqlen/minmax_diff:0 - global_seqlen/balanced_min:6630 - global_seqlen/balanced_max:6630 - global_seqlen/mean:6630.0 - actor/entropy:0.6249939203262329 - training/rollout_probs_diff_valid:1 - training/rollout_probs_diff_max:0.06181761622428894 - training/rollout_probs_diff_mean:0.0051344032399356365 - training/rollout_probs_diff_std:0.008948028087615967 - training/rollout_actor_probs_pearson_corr:0.9995093941688538 - rollout_corr/training_ppl:1.1379566192626953 - rollout_corr/training_log_ppl:0.10244675725698471 - rollout_corr/kl:0.0002954953524749726 - rollout_corr/k3_kl:0.000602804240770638 - rollout_corr/rollout_ppl:1.137486219406128 - rollout_corr/rollout_log_ppl:0.10214993357658386 - rollout_corr/log_ppl_diff:0.00029683741740882397 - rollout_corr/log_ppl_abs_diff:0.0018824543803930283 - rollout_corr/log_ppl_diff_max:0.030824482440948486 - rollout_corr/log_ppl_diff_min:-0.0390966534614563 - rollout_corr/ppl_ratio:1.0003141164779663 - rollout_corr/chi2_token:0.0018209218978881836 - rollout_corr/chi2_seq:0.019112348556518555 - actor/pg_clipfrac:np.float64(0.0) - actor/ppo_kl:np.float64(0.0) - actor/pg_clipfrac_lower:np.float64(0.0) - actor/pg_loss:np.float64(0.47301581501960754) - actor/loss:np.float64(0.47301581501960754) - actor/grad_norm:np.float64(0.19705522060394287) - actor/lr:np.float64(1e-06) - actor/perf/max_memory_allocated_gb:np.float64(18.28457546234131) - actor/perf/max_memory_reserved_gb:np.float64(30.509765625) - actor/perf/cpu_memory_used_gb:np.float64(32.45402145385742) - perf/mfu/actor:np.float64(0.03897272265366315) - training/global_step:63 - training/epoch:0 - critic/score/mean:0.34375 - critic/score/max:1.0 - critic/score/min:0.0 - critic/rewards/mean:0.34375 - critic/rewards/max:1.0 - critic/rewards/min:0.0 - critic/advantages/mean:-0.47301581501960754 - critic/advantages/max:2.4748666286468506 - critic/advantages/min:-1.20761239528656 - critic/returns/mean:-0.47301581501960754 - critic/returns/max:2.4748666286468506 - critic/returns/min:-1.20761239528656 - response_length/mean:93.9375 - response_length/max:512.0 - response_length/min:4.0 - response_length/clip_ratio:0.09375 - response_length_non_aborted/mean:93.9375 - response_length_non_aborted/max:512.0 - response_length_non_aborted/min:4.0 - response_length_non_aborted/clip_ratio:0.09375 - response/aborted_ratio:0.0 - prompt_length/mean:107.25 - prompt_length/max:119.0 - prompt_length/min:94.0 - prompt_length/clip_ratio:0.25 - timing_s/gen:4.430341012019198 - timing_s/old_log_prob:1.1764605739735998 - timing_s/adv:0.23767259699525312 - timing_s/update_actor:2.137435587006621 - timing_s/update_weights:1.0575437640072778 - timing_s/step:9.42922114796238 - timing_per_token_ms/adv:0.03584805384543788 - timing_per_token_ms/update_actor:0.3223884746616321 - timing_per_token_ms/gen:1.4282208291486778 - perf/total_num_tokens:6630 - perf/time_per_step:9.42922114796238 - perf/throughput:703.1333655200906 - training/num_turns/mean:np.float64(2.0) - training/num_turns/max:np.int64(2) - training/num_turns/min:np.int64(2) - training/off_policy/trajectory_spans/mean:np.float64(1.0) - training/off_policy/trajectory_spans/max:np.float64(1.0) - training/off_policy/trajectory_spans/min:np.float64(1.0) - training/off_policy/trajectory_staleness/mean:np.float64(0.0) - training/off_policy/trajectory_staleness/max:np.float64(0.0) - training/off_policy/trajectory_staleness/min:np.float64(0.0) - training/off_policy/trajectory_staleness_worst/mean:np.float64(0.0) - training/off_policy/trajectory_staleness_worst/max:np.float64(0.0) - training/off_policy/trajectory_staleness_worst/min:np.float64(0.0)
[36m(TaskRunnerV1 pid=761016)[0m step:64 - global_seqlen/min:6508 - global_seqlen/max:6508 - global_seqlen/minmax_diff:0 - global_seqlen/balanced_min:6508 - global_seqlen/balanced_max:6508 - global_seqlen/mean:6508.0 - actor/entropy:0.7551220655441284 - training/rollout_probs_diff_valid:1 - training/rollout_probs_diff_max:0.06002873182296753 - training/rollout_probs_diff_mean:0.0050355903804302216 - training/rollout_probs_diff_std:0.008602886460721493 - training/rollout_actor_probs_pearson_corr:0.9996020197868347 - rollout_corr/training_ppl:1.2015221118927002 - rollout_corr/training_log_ppl:0.129999041557312 - rollout_corr/kl:0.00026485355920158327 - rollout_corr/k3_kl:0.000650001282338053 - rollout_corr/rollout_ppl:1.2019672393798828 - rollout_corr/rollout_log_ppl:0.1302669495344162 - rollout_corr/log_ppl_diff:-0.00026791892014443874 - rollout_corr/log_ppl_abs_diff:0.0017826901748776436 - rollout_corr/log_ppl_diff_max:0.018498092889785767 - rollout_corr/log_ppl_diff_min:-0.040997982025146484 - rollout_corr/ppl_ratio:0.9997459650039673 - rollout_corr/chi2_token:0.0020895004272460938 - rollout_corr/chi2_seq:0.1514378786087036 - actor/pg_clipfrac:np.float64(0.0) - actor/ppo_kl:np.float64(0.0) - actor/pg_clipfrac_lower:np.float64(0.0) - actor/pg_loss:np.float64(0.17749686539173126) - actor/loss:np.float64(0.17749686539173126) - actor/grad_norm:np.float64(0.19628629088401794) - actor/lr:np.float64(1e-06) - actor/perf/max_memory_allocated_gb:np.float64(18.28457546234131) - actor/perf/max_memory_reserved_gb:np.float64(30.509765625) - actor/perf/cpu_memory_used_gb:np.float64(32.45591354370117) - perf/mfu/actor:np.float64(0.0387512116425328) - training/global_step:64 - training/epoch:0 - critic/score/mean:0.1875 - critic/score/max:1.0 - critic/score/min:0.0 - critic/rewards/mean:0.1875 - critic/rewards/max:1.0 - critic/rewards/min:0.0 - critic/advantages/mean:-0.17749686539173126 - critic/advantages/max:2.4748666286468506 - critic/advantages/min:-0.7245674133300781 - critic/returns/mean:-0.17749686539173126 - critic/returns/max:2.4748666286468506 - critic/returns/min:-0.7245674133300781 - response_length/mean:84.625 - response_length/max:393.0 - response_length/min:4.0 - response_length/clip_ratio:0.03125 - response_length_non_aborted/mean:84.625 - response_length_non_aborted/max:393.0 - response_length_non_aborted/min:4.0 - response_length_non_aborted/clip_ratio:0.03125 - response/aborted_ratio:0.0 - prompt_length/mean:112.75 - prompt_length/max:138.0 - prompt_length/min:98.0 - prompt_length/clip_ratio:0.25 - timing_s/gen:2.4054542500525713 - timing_s/old_log_prob:1.0869868339505047 - timing_s/adv:0.23083088599378243 - timing_s/update_actor:2.12716058496153 - timing_s/update_weights:1.1238452339894138 - timing_s/step:7.366720901976805 - timing_per_token_ms/adv:0.03546879010353141 - timing_per_token_ms/update_actor:0.32685319375561306 - timing_per_token_ms/gen:0.8578652817591196 - perf/total_num_tokens:6508 - perf/time_per_step:7.366720901976805 - perf/throughput:883.4324099686777 - training/num_turns/mean:np.float64(2.0) - training/num_turns/max:np.int64(2) - training/num_turns/min:np.int64(2) - training/off_policy/trajectory_spans/mean:np.float64(1.0) - training/off_policy/trajectory_spans/max:np.float64(1.0) - training/off_policy/trajectory_spans/min:np.float64(1.0) - training/off_policy/trajectory_staleness/mean:np.float64(0.0) - training/off_policy/trajectory_staleness/max:np.float64(0.0) - training/off_policy/trajectory_staleness/min:np.float64(0.0) - training/off_policy/trajectory_staleness_worst/mean:np.float64(0.0) - training/off_policy/trajectory_staleness_worst/max:np.float64(0.0) - training/off_policy/trajectory_staleness_worst/min:np.float64(0.0)[36m(WorkerDict pid=762273)[0m INFO:2026-07-05 01:47:05,400:update_weights done, time cost: 0.39s
[36m(TaskRunnerV1 pid=761016)[0m Training Progress:  52%|█████▏    | 65/125 [10:06<08:19,  8.32s/it]
[36m(WorkerDict pid=762273)[0m INFO:2026-07-05 01:47:15,391:update_weights done, time cost: 0.42s
[36m(TaskRunnerV1 pid=761016)[0m Training Progress:  53%|█████▎    | 66/125 [10:16<08:39,  8.81s/it]
[36m(WorkerDict pid=762273)[0m INFO:2026-07-05 01:47:25,034:update_weights done, time cost: 0.37s
[36m(TaskRunnerV1 pid=761016)[0m Training Progress:  54%|█████▎    | 67/125 [10:25<08:46,  9.07s/it]

[36m(TaskRunnerV1 pid=761016)[0m step:65 - global_seqlen/min:5506 - global_seqlen/max:5506 - global_seqlen/minmax_diff:0 - global_seqlen/balanced_min:5506 - global_seqlen/balanced_max:5506 - global_seqlen/mean:5506.0 - actor/entropy:0.7600822448730469 - training/rollout_probs_diff_valid:1 - training/rollout_probs_diff_max:0.09034717082977295 - training/rollout_probs_diff_mean:0.005764034576714039 - training/rollout_probs_diff_std:0.009585944004356861 - training/rollout_actor_probs_pearson_corr:0.9994617700576782 - rollout_corr/training_ppl:1.1441253423690796 - rollout_corr/training_log_ppl:0.10013612359762192 - rollout_corr/kl:0.0004270559875294566 - rollout_corr/k3_kl:0.0006656828336417675 - rollout_corr/rollout_ppl:1.1434707641601562 - rollout_corr/rollout_log_ppl:0.09974424540996552 - rollout_corr/log_ppl_diff:0.0003918696893379092 - rollout_corr/log_ppl_abs_diff:0.0025179951917380095 - rollout_corr/log_ppl_diff_max:0.04047662019729614 - rollout_corr/log_ppl_diff_min:-0.023088842630386353 - rollout_corr/ppl_ratio:1.0004149675369263 - rollout_corr/chi2_token:0.0017998218536376953 - rollout_corr/chi2_seq:0.017840266227722168 - actor/pg_clipfrac:np.float64(0.0) - actor/ppo_kl:np.float64(0.0) - actor/pg_clipfrac_lower:np.float64(0.0) - actor/pg_loss:np.float64(-0.46708449721336365) - actor/loss:np.float64(-0.46708449721336365) - actor/grad_norm:np.float64(0.3938141465187073) - actor/lr:np.float64(1e-06) - actor/perf/max_memory_allocated_gb:np.float64(18.28457546234131) - actor/perf/max_memory_reserved_gb:np.float64(30.509765625) - actor/perf/cpu_memory_used_gb:np.float64(32.45240783691406) - perf/mfu/actor:np.float64(0.0349597852041644) - training/global_step:65 - training/epoch:0 - critic/score/mean:0.28125 - critic/score/max:1.0 - critic/score/min:0.0 - critic/rewards/mean:0.28125 - critic/rewards/max:1.0 - critic/rewards/min:0.0 - critic/advantages/mean:0.467084676027298 - critic/advantages/max:2.4748666286468506 - critic/advantages/min:-0.935412585735321 - critic/returns/mean:0.467084676027298 - critic/returns/max:2.4748666286468506 - critic/returns/min:-0.935412585735321 - response_length/mean:53.3125 - response_length/max:335.0 - response_length/min:4.0 - response_length/clip_ratio:0.03125 - response_length_non_aborted/mean:53.3125 - response_length_non_aborted/max:335.0 - response_length_non_aborted/min:4.0 - response_length_non_aborted/clip_ratio:0.03125 - response/aborted_ratio:0.0 - prompt_length/mean:112.75 - prompt_length/max:125.0 - prompt_length/min:102.0 - prompt_length/clip_ratio:0.25 - timing_s/gen:2.4167555639869533 - timing_s/old_log_prob:1.1172037399956025 - timing_s/adv:0.23428209801204503 - timing_s/update_actor:1.9963103180052713 - timing_s/update_weights:1.0798211140208878 - timing_s/step:7.2352902260026895 - timing_per_token_ms/adv:0.042550326555039056 - timing_per_token_ms/update_actor:0.3625699814757122 - timing_per_token_ms/gen:1.3411518113135146 - perf/total_num_tokens:5506 - perf/time_per_step:7.2352902260026895 - perf/throughput:760.9922792332717 - training/num_turns/mean:np.float64(2.0) - training/num_turns/max:np.int64(2) - training/num_turns/min:np.int64(2) - training/off_policy/trajectory_spans/mean:np.float64(1.0) - training/off_policy/trajectory_spans/max:np.float64(1.0) - training/off_policy/trajectory_spans/min:np.float64(1.0) - training/off_policy/trajectory_staleness/mean:np.float64(0.0) - training/off_policy/trajectory_staleness/max:np.float64(0.0) - training/off_policy/trajectory_staleness/min:np.float64(0.0) - training/off_policy/trajectory_staleness_worst/mean:np.float64(0.0) - training/off_policy/trajectory_staleness_worst/max:np.float64(0.0) - training/off_policy/trajectory_staleness_worst/min:np.float64(0.0)
[36m(TaskRunnerV1 pid=761016)[0m step:66 - global_seqlen/min:7932 - global_seqlen/max:7932 - global_seqlen/minmax_diff:0 - global_seqlen/balanced_min:7932 - global_seqlen/balanced_max:7932 - global_seqlen/mean:7932.0 - actor/entropy:0.6969053149223328 - training/rollout_probs_diff_valid:1 - training/rollout_probs_diff_max:0.062270671129226685 - training/rollout_probs_diff_mean:0.0046712737530469894 - training/rollout_probs_diff_std:0.008411267772316933 - training/rollout_actor_probs_pearson_corr:0.9995912909507751 - rollout_corr/training_ppl:1.1932117938995361 - rollout_corr/training_log_ppl:0.12311813235282898 - rollout_corr/kl:0.0011134748347103596 - rollout_corr/k3_kl:0.0005016288487240672 - rollout_corr/rollout_ppl:1.1953483819961548 - rollout_corr/rollout_log_ppl:0.12433312833309174 - rollout_corr/log_ppl_diff:-0.001214988878928125 - rollout_corr/log_ppl_abs_diff:0.0027885751333087683 - rollout_corr/log_ppl_diff_max:0.02409195899963379 - rollout_corr/log_ppl_diff_min:-0.05607384443283081 - rollout_corr/ppl_ratio:0.9988214373588562 - rollout_corr/chi2_token:-0.00023227930068969727 - rollout_corr/chi2_seq:-0.016511917114257812 - actor/pg_clipfrac:np.float64(0.0) - actor/ppo_kl:np.float64(0.0) - actor/pg_clipfrac_lower:np.float64(0.0) - actor/pg_loss:np.float64(-0.19078059494495392) - actor/loss:np.float64(-0.19078059494495392) - actor/grad_norm:np.float64(0.19425787031650543) - actor/lr:np.float64(1e-06) - actor/perf/max_memory_allocated_gb:np.float64(18.28457546234131) - actor/perf/max_memory_reserved_gb:np.float64(30.509765625) - actor/perf/cpu_memory_used_gb:np.float64(32.470542907714844) - perf/mfu/actor:np.float64(0.04160835456432217) - training/global_step:66 - training/epoch:0 - critic/score/mean:0.3125 - critic/score/max:1.0 - critic/score/min:0.0 - critic/rewards/mean:0.3125 - critic/rewards/max:1.0 - critic/rewards/min:0.0 - critic/advantages/mean:0.1907806694507599 - critic/advantages/max:1.6201815605163574 - critic/advantages/min:-0.7245674133300781 - critic/returns/mean:0.1907806694507599 - critic/returns/max:1.6201815605163574 - critic/returns/min:-0.7245674133300781 - response_length/mean:103.375 - response_length/max:512.0 - response_length/min:4.0 - response_length/clip_ratio:0.0625 - response_length_non_aborted/mean:103.375 - response_length_non_aborted/max:512.0 - response_length_non_aborted/min:4.0 - response_length_non_aborted/clip_ratio:0.0625 - response/aborted_ratio:0.0 - prompt_length/mean:138.5 - prompt_length/max:170.0 - prompt_length/min:109.0 - prompt_length/clip_ratio:0.25 - timing_s/gen:4.413356141012628 - timing_s/old_log_prob:1.274241992039606 - timing_s/adv:0.23936883895657957 - timing_s/update_actor:2.3648163769976236 - timing_s/update_weights:1.1442117979750037 - timing_s/step:9.829759824031498 - timing_per_token_ms/adv:0.0301776145936182 - timing_per_token_ms/update_actor:0.2981362048660645 - timing_per_token_ms/gen:1.2965206054678695 - perf/total_num_tokens:7932 - perf/time_per_step:9.829759824031498 - perf/throughput:806.937315050983 - training/num_turns/mean:np.float64(2.0) - training/num_turns/max:np.int64(2) - training/num_turns/min:np.int64(2) - training/off_policy/trajectory_spans/mean:np.float64(1.0) - training/off_policy/trajectory_spans/max:np.float64(1.0) - training/off_policy/trajectory_spans/min:np.float64(1.0) - training/off_policy/trajectory_staleness/mean:np.float64(0.0) - training/off_policy/trajectory_staleness/max:np.float64(0.0) - training/off_policy/trajectory_staleness/min:np.float64(0.0) - training/off_policy/trajectory_staleness_worst/mean:np.float64(0.0) - training/off_policy/trajectory_staleness_worst/max:np.float64(0.0) - training/off_policy/trajectory_staleness_worst/min:np.float64(0.0)
[36m(TaskRunnerV1 pid=761016)[0m step:67 - global_seqlen/min:7239 - global_seqlen/max:7239 - global_seqlen/minmax_diff:0 - global_seqlen/balanced_min:7239 - global_seqlen/balanced_max:7239 - global_seqlen/mean:7239.0 - actor/entropy:0.7033563852310181 - training/rollout_probs_diff_valid:1 - training/rollout_probs_diff_max:0.06386590003967285 - training/rollout_probs_diff_mean:0.005380416288971901 - training/rollout_probs_diff_std:0.009241166524589062 - training/rollout_actor_probs_pearson_corr:0.9995191097259521 - rollout_corr/training_ppl:1.1767828464508057 - rollout_corr/training_log_ppl:0.11722085624933243 - rollout_corr/kl:-0.0004658372781705111 - rollout_corr/k3_kl:0.000636386510450393 - rollout_corr/rollout_ppl:1.1744619607925415 - rollout_corr/rollout_log_ppl:0.1157926544547081 - rollout_corr/log_ppl_diff:0.0014282043557614088 - rollout_corr/log_ppl_abs_diff:0.001755809411406517 - rollout_corr/log_ppl_diff_max:0.02662760019302368 - rollout_corr/log_ppl_diff_min:-0.005793854594230652 - rollout_corr/ppl_ratio:1.0014407634735107 - rollout_corr/chi2_token:0.003484368324279785 - rollout_corr/chi2_seq:0.2244558334350586 - actor/pg_clipfrac:np.float64(0.0) - actor/ppo_kl:np.float64(0.0) - actor/pg_clipfrac_lower:np.float64(0.0) - actor/pg_loss:np.float64(-0.2821139097213745) - actor/loss:np.float64(-0.2821139097213745) - actor/grad_norm:np.float64(0.21209529042243958) - actor/lr:np.float64(1e-06) - actor/perf/max_memory_allocated_gb:np.float64(18.28457546234131) - actor/perf/max_memory_reserved_gb:np.float64(30.509765625) - actor/perf/cpu_memory_used_gb:np.float64(32.46815490722656) - perf/mfu/actor:np.float64(0.04070040262124481) - training/global_step:67 - training/epoch:0 - critic/score/mean:0.15625 - critic/score/max:1.0 - critic/score/min:0.0 - critic/rewards/mean:0.15625 - critic/rewards/max:1.0 - critic/rewards/min:0.0 - critic/advantages/mean:0.2821139991283417 - critic/advantages/max:2.4748666286468506 - critic/advantages/min:-0.5400605201721191 - critic/returns/mean:0.2821139991283417 - critic/returns/max:2.4748666286468506 - critic/returns/min:-0.5400605201721191 - response_length/mean:104.71875 - response_length/max:508.0 - response_length/min:4.0 - response_length/clip_ratio:0.03125 - response_length_non_aborted/mean:104.71875 - response_length_non_aborted/max:508.0 - response_length_non_aborted/min:4.0 - response_length_non_aborted/clip_ratio:0.03125 - response/aborted_ratio:0.0 - prompt_length/mean:115.5 - prompt_length/max:122.0 - prompt_length/min:105.0 - prompt_length/clip_ratio:0.25 - timing_s/gen:4.45681991596939 - timing_s/old_log_prob:1.143729880976025 - timing_s/adv:0.23896544700255617 - timing_s/update_actor:2.2238108279998414 - timing_s/update_weights:1.1061861570342444 - timing_s/step:9.54332900600275 - timing_per_token_ms/adv:0.03301083671813181 - timing_per_token_ms/update_actor:0.3071986224616441 - timing_per_token_ms/gen:1.2929561694138063 - perf/total_num_tokens:7239 - perf/time_per_step:9.54332900600275 - perf/throughput:758.5403369669716 - training/num_turns/mean:np.float64(2.0) - training/num_turns/max:np.int64(2) - training/num_turns/min:np.int64(2) - training/off_policy/trajectory_spans/mean:np.float64(1.0) - training/off_policy/trajectory_spans/max:np.float64(1.0) - training/off_policy/trajectory_spans/min:np.float64(1.0) - training/off_policy/trajectory_staleness/mean:np.float64(0.0) - training/off_policy/trajectory_staleness/max:np.float64(0.0) - training/off_policy/trajectory_staleness/min:np.float64(0.0) - training/off_policy/trajectory_staleness_worst/mean:np.float64(0.0) - training/off_policy/trajectory_staleness_worst/max:np.float64(0.0) - training/off_policy/trajectory_staleness_worst/min:np.float64(0.0)[36m(WorkerDict pid=762273)[0m INFO:2026-07-05 01:47:34,634:update_weights done, time cost: 0.36s
[36m(TaskRunnerV1 pid=761016)[0m Training Progress:  54%|█████▍    | 68/125 [10:35<08:45,  9.22s/it]
[36m(WorkerDict pid=762273)[0m INFO:2026-07-05 01:47:44,668:update_weights done, time cost: 0.41s
[36m(TaskRunnerV1 pid=761016)[0m Training Progress:  55%|█████▌    | 69/125 [10:45<08:50,  9.47s/it]
[36m(WorkerDict pid=762273)[0m INFO:2026-07-05 01:47:54,498:update_weights done, time cost: 0.38s
[36m(TaskRunnerV1 pid=761016)[0m Training Progress:  56%|█████▌    | 70/125 [10:55<08:47,  9.58s/it]

[36m(TaskRunnerV1 pid=761016)[0m step:68 - global_seqlen/min:6488 - global_seqlen/max:6488 - global_seqlen/minmax_diff:0 - global_seqlen/balanced_min:6488 - global_seqlen/balanced_max:6488 - global_seqlen/mean:6488.0 - actor/entropy:0.5682989358901978 - training/rollout_probs_diff_valid:1 - training/rollout_probs_diff_max:0.08324301242828369 - training/rollout_probs_diff_mean:0.004703014623373747 - training/rollout_probs_diff_std:0.008957508020102978 - training/rollout_actor_probs_pearson_corr:0.9995012283325195 - rollout_corr/training_ppl:1.1127679347991943 - rollout_corr/training_log_ppl:0.08079671114683151 - rollout_corr/kl:0.0008333595469594002 - rollout_corr/k3_kl:0.0005321483477018774 - rollout_corr/rollout_ppl:1.1123968362808228 - rollout_corr/rollout_log_ppl:0.08064419776201248 - rollout_corr/log_ppl_diff:0.00015252060256898403 - rollout_corr/log_ppl_abs_diff:0.002298330655321479 - rollout_corr/log_ppl_diff_max:0.04881775379180908 - rollout_corr/log_ppl_diff_min:-0.023765087127685547 - rollout_corr/ppl_ratio:1.0001782178878784 - rollout_corr/chi2_token:0.0004534721374511719 - rollout_corr/chi2_seq:-0.00964367389678955 - actor/pg_clipfrac:np.float64(0.0) - actor/ppo_kl:np.float64(0.0) - actor/pg_clipfrac_lower:np.float64(0.0) - actor/pg_loss:np.float64(-0.22912055253982544) - actor/loss:np.float64(-0.22912055253982544) - actor/grad_norm:np.float64(0.22911694645881653) - actor/lr:np.float64(1e-06) - actor/perf/max_memory_allocated_gb:np.float64(18.28457546234131) - actor/perf/max_memory_reserved_gb:np.float64(30.509765625) - actor/perf/cpu_memory_used_gb:np.float64(32.459354400634766) - perf/mfu/actor:np.float64(0.03849405065450758) - training/global_step:68 - training/epoch:0 - critic/score/mean:0.125 - critic/score/max:1.0 - critic/score/min:0.0 - critic/rewards/mean:0.125 - critic/rewards/max:1.0 - critic/rewards/min:0.0 - critic/advantages/mean:0.22912055253982544 - critic/advantages/max:2.4748666286468506 - critic/advantages/min:-0.7245674133300781 - critic/returns/mean:0.22912055253982544 - critic/returns/max:2.4748666286468506 - critic/returns/min:-0.7245674133300781 - response_length/mean:77.0 - response_length/max:512.0 - response_length/min:4.0 - response_length/clip_ratio:0.0625 - response_length_non_aborted/mean:77.0 - response_length_non_aborted/max:512.0 - response_length_non_aborted/min:4.0 - response_length_non_aborted/clip_ratio:0.0625 - response/aborted_ratio:0.0 - prompt_length/mean:119.75 - prompt_length/max:152.0 - prompt_length/min:79.0 - prompt_length/clip_ratio:0.25 - timing_s/gen:4.449074203032069 - timing_s/old_log_prob:1.1772444259840995 - timing_s/adv:0.23679859103867784 - timing_s/update_actor:2.129750003980007 - timing_s/update_weights:1.0529813580214977 - timing_s/step:9.432868639996741 - timing_per_token_ms/adv:0.03649793326736712 - timing_per_token_ms/update_actor:0.3282598649784228 - timing_per_token_ms/gen:1.737919610559402 - perf/total_num_tokens:6488 - perf/time_per_step:9.432868639996741 - perf/throughput:687.807733533989 - training/num_turns/mean:np.float64(2.0) - training/num_turns/max:np.int64(2) - training/num_turns/min:np.int64(2) - training/off_policy/trajectory_spans/mean:np.float64(1.0) - training/off_policy/trajectory_spans/max:np.float64(1.0) - training/off_policy/trajectory_spans/min:np.float64(1.0) - training/off_policy/trajectory_staleness/mean:np.float64(0.0) - training/off_policy/trajectory_staleness/max:np.float64(0.0) - training/off_policy/trajectory_staleness/min:np.float64(0.0) - training/off_policy/trajectory_staleness_worst/mean:np.float64(0.0) - training/off_policy/trajectory_staleness_worst/max:np.float64(0.0) - training/off_policy/trajectory_staleness_worst/min:np.float64(0.0)
[36m(TaskRunnerV1 pid=761016)[0m step:69 - global_seqlen/min:8127 - global_seqlen/max:8127 - global_seqlen/minmax_diff:0 - global_seqlen/balanced_min:8127 - global_seqlen/balanced_max:8127 - global_seqlen/mean:8127.0 - actor/entropy:0.7597119212150574 - training/rollout_probs_diff_valid:1 - training/rollout_probs_diff_max:0.0854458212852478 - training/rollout_probs_diff_mean:0.004483504220843315 - training/rollout_probs_diff_std:0.008364083245396614 - training/rollout_actor_probs_pearson_corr:0.999640941619873 - rollout_corr/training_ppl:1.2108581066131592 - rollout_corr/training_log_ppl:0.13242711126804352 - rollout_corr/kl:0.0004945201217196882 - rollout_corr/k3_kl:0.0005823146202601492 - rollout_corr/rollout_ppl:1.2108582258224487 - rollout_corr/rollout_log_ppl:0.1320558339357376 - rollout_corr/log_ppl_diff:0.00037126243114471436 - rollout_corr/log_ppl_abs_diff:0.0020018676295876503 - rollout_corr/log_ppl_diff_max:0.03351752460002899 - rollout_corr/log_ppl_diff_min:-0.024497628211975098 - rollout_corr/ppl_ratio:1.000389575958252 - rollout_corr/chi2_token:0.0013456344604492188 - rollout_corr/chi2_seq:-0.006956219673156738 - actor/pg_clipfrac:np.float64(0.0) - actor/ppo_kl:np.float64(0.0) - actor/pg_clipfrac_lower:np.float64(0.0) - actor/pg_loss:np.float64(0.3734787702560425) - actor/loss:np.float64(0.3734787702560425) - actor/grad_norm:np.float64(0.15533916652202606) - actor/lr:np.float64(1e-06) - actor/perf/max_memory_allocated_gb:np.float64(18.28457546234131) - actor/perf/max_memory_reserved_gb:np.float64(30.509765625) - actor/perf/cpu_memory_used_gb:np.float64(32.46648406982422) - perf/mfu/actor:np.float64(0.04137787161141273) - training/global_step:69 - training/epoch:0 - critic/score/mean:0.5 - critic/score/max:1.0 - critic/score/min:0.0 - critic/rewards/mean:0.5 - critic/rewards/max:1.0 - critic/rewards/min:0.0 - critic/advantages/mean:-0.3734787106513977 - critic/advantages/max:1.6201815605163574 - critic/advantages/min:-1.6201815605163574 - critic/returns/mean:-0.3734787106513977 - critic/returns/max:1.6201815605163574 - critic/returns/min:-1.6201815605163574 - response_length/mean:134.21875 - response_length/max:512.0 - response_length/min:4.0 - response_length/clip_ratio:0.0625 - response_length_non_aborted/mean:134.21875 - response_length_non_aborted/max:512.0 - response_length_non_aborted/min:4.0 - response_length_non_aborted/clip_ratio:0.0625 - response/aborted_ratio:0.0 - prompt_length/mean:113.75 - prompt_length/max:126.0 - prompt_length/min:92.0 - prompt_length/clip_ratio:0.25 - timing_s/gen:4.4330839879694395 - timing_s/old_log_prob:1.2735131999943405 - timing_s/adv:0.23364163096994162 - timing_s/update_actor:2.4268901469768025 - timing_s/update_weights:1.1783640630310401 - timing_s/step:9.938449352048337 - timing_per_token_ms/adv:0.028748816410722484 - timing_per_token_ms/update_actor:0.2986206653102993 - timing_per_token_ms/gen:1.0095841466566704 - perf/total_num_tokens:8127 - perf/time_per_step:9.938449352048337 - perf/throughput:817.7332008363062 - training/num_turns/mean:np.float64(2.0) - training/num_turns/max:np.int64(2) - training/num_turns/min:np.int64(2) - training/off_policy/trajectory_spans/mean:np.float64(1.0) - training/off_policy/trajectory_spans/max:np.float64(1.0) - training/off_policy/trajectory_spans/min:np.float64(1.0) - training/off_policy/trajectory_staleness/mean:np.float64(0.0) - training/off_policy/trajectory_staleness/max:np.float64(0.0) - training/off_policy/trajectory_staleness/min:np.float64(0.0) - training/off_policy/trajectory_staleness_worst/mean:np.float64(0.0) - training/off_policy/trajectory_staleness_worst/max:np.float64(0.0) - training/off_policy/trajectory_staleness_worst/min:np.float64(0.0)
[36m(TaskRunnerV1 pid=761016)[0m step:70 - global_seqlen/min:7671 - global_seqlen/max:7671 - global_seqlen/minmax_diff:0 - global_seqlen/balanced_min:7671 - global_seqlen/balanced_max:7671 - global_seqlen/mean:7671.0 - actor/entropy:0.5518833994865417 - training/rollout_probs_diff_valid:1 - training/rollout_probs_diff_max:0.08726197481155396 - training/rollout_probs_diff_mean:0.004954313859343529 - training/rollout_probs_diff_std:0.009260415099561214 - training/rollout_actor_probs_pearson_corr:0.9994587898254395 - rollout_corr/training_ppl:1.159368872642517 - rollout_corr/training_log_ppl:0.11426904797554016 - rollout_corr/kl:-0.0001300530566368252 - rollout_corr/k3_kl:0.0005524010048247874 - rollout_corr/rollout_ppl:1.158103346824646 - rollout_corr/rollout_log_ppl:0.11294592916965485 - rollout_corr/log_ppl_diff:0.0013231202028691769 - rollout_corr/log_ppl_abs_diff:0.00270453211851418 - rollout_corr/log_ppl_diff_max:0.03970813751220703 - rollout_corr/log_ppl_diff_min:-0.0289456844329834 - rollout_corr/ppl_ratio:1.0013549327850342 - rollout_corr/chi2_token:0.0024802684783935547 - rollout_corr/chi2_seq:0.11887383460998535 - actor/pg_clipfrac:np.float64(0.0) - actor/ppo_kl:np.float64(0.0) - actor/pg_clipfrac_lower:np.float64(0.0) - actor/pg_loss:np.float64(0.021175481379032135) - actor/loss:np.float64(0.021175481379032135) - actor/grad_norm:np.float64(0.15413762629032135) - actor/lr:np.float64(1e-06) - actor/perf/max_memory_allocated_gb:np.float64(18.28457546234131) - actor/perf/max_memory_reserved_gb:np.float64(30.509765625) - actor/perf/cpu_memory_used_gb:np.float64(32.46504211425781) - perf/mfu/actor:np.float64(0.04119095599516617) - training/global_step:70 - training/epoch:0 - critic/score/mean:0.3125 - critic/score/max:1.0 - critic/score/min:0.0 - critic/rewards/mean:0.3125 - critic/rewards/max:1.0 - critic/rewards/min:0.0 - critic/advantages/mean:-0.021175537258386612 - critic/advantages/max:2.4748666286468506 - critic/advantages/min:-1.6201815605163574 - critic/returns/mean:-0.021175537258386612 - critic/returns/max:2.4748666286468506 - critic/returns/min:-1.6201815605163574 - response_length/mean:123.46875 - response_length/max:512.0 - response_length/min:4.0 - response_length/clip_ratio:0.03125 - response_length_non_aborted/mean:123.46875 - response_length_non_aborted/max:512.0 - response_length_non_aborted/min:4.0 - response_length_non_aborted/clip_ratio:0.03125 - response/aborted_ratio:0.0 - prompt_length/mean:110.25 - prompt_length/max:124.0 - prompt_length/min:92.0 - prompt_length/clip_ratio:0.25 - timing_s/gen:4.421952856006101 - timing_s/old_log_prob:1.2344804650056176 - timing_s/adv:0.2311773839755915 - timing_s/update_actor:2.3133399030193686 - timing_s/update_weights:1.1223399990121834 - timing_s/step:9.714244814997073 - timing_per_token_ms/adv:0.030136538127439903 - timing_per_token_ms/update_actor:0.30156953500448036 - timing_per_token_ms/gen:1.092649581419842 - perf/total_num_tokens:7671 - perf/time_per_step:9.714244814997073 - perf/throughput:789.6650893703373 - training/num_turns/mean:np.float64(2.0) - training/num_turns/max:np.int64(2) - training/num_turns/min:np.int64(2) - training/off_policy/trajectory_spans/mean:np.float64(1.0) - training/off_policy/trajectory_spans/max:np.float64(1.0) - training/off_policy/trajectory_spans/min:np.float64(1.0) - training/off_policy/trajectory_staleness/mean:np.float64(0.0) - training/off_policy/trajectory_staleness/max:np.float64(0.0) - training/off_policy/trajectory_staleness/min:np.float64(0.0) - training/off_policy/trajectory_staleness_worst/mean:np.float64(0.0) - training/off_policy/trajectory_staleness_worst/max:np.float64(0.0) - training/off_policy/trajectory_staleness_worst/min:np.float64(0.0)[36m(WorkerDict pid=762273)[0m INFO:2026-07-05 01:48:01,806:update_weights done, time cost: 0.37s
[36m(TaskRunnerV1 pid=761016)[0m Training Progress:  57%|█████▋    | 71/125 [11:02<07:59,  8.89s/it]
[36m(WorkerDict pid=762273)[0m INFO:2026-07-05 01:48:11,673:update_weights done, time cost: 0.40s
[36m(TaskRunnerV1 pid=761016)[0m Training Progress:  58%|█████▊    | 72/125 [11:12<08:06,  9.18s/it]
[36m(WorkerDict pid=762273)[0m INFO:2026-07-05 01:48:21,328:update_weights done, time cost: 0.36s
[36m(TaskRunnerV1 pid=761016)[0m Training Progress:  58%|█████▊    | 73/125 [11:22<08:05,  9.33s/it]

[36m(TaskRunnerV1 pid=761016)[0m step:71 - global_seqlen/min:5414 - global_seqlen/max:5414 - global_seqlen/minmax_diff:0 - global_seqlen/balanced_min:5414 - global_seqlen/balanced_max:5414 - global_seqlen/mean:5414.0 - actor/entropy:0.788870632648468 - training/rollout_probs_diff_valid:1 - training/rollout_probs_diff_max:0.07162010669708252 - training/rollout_probs_diff_mean:0.0052903215400874615 - training/rollout_probs_diff_std:0.008655097335577011 - training/rollout_actor_probs_pearson_corr:0.9995966553688049 - rollout_corr/training_ppl:1.1706154346466064 - rollout_corr/training_log_ppl:0.11885638535022736 - rollout_corr/kl:0.0012175028678029776 - rollout_corr/k3_kl:0.0006677517085336149 - rollout_corr/rollout_ppl:1.1681662797927856 - rollout_corr/rollout_log_ppl:0.11697551608085632 - rollout_corr/log_ppl_diff:0.0018808646127581596 - rollout_corr/log_ppl_abs_diff:0.002975733019411564 - rollout_corr/log_ppl_diff_max:0.05244430899620056 - rollout_corr/log_ppl_diff_min:-0.027398347854614258 - rollout_corr/ppl_ratio:1.0019199848175049 - rollout_corr/chi2_token:0.00023567676544189453 - rollout_corr/chi2_seq:-0.003145873546600342 - actor/pg_clipfrac:np.float64(0.0) - actor/ppo_kl:np.float64(0.0) - actor/pg_clipfrac_lower:np.float64(0.0) - actor/pg_loss:np.float64(0.053012676537036896) - actor/loss:np.float64(0.053012676537036896) - actor/grad_norm:np.float64(0.28434959053993225) - actor/lr:np.float64(1e-06) - actor/perf/max_memory_allocated_gb:np.float64(18.28457546234131) - actor/perf/max_memory_reserved_gb:np.float64(30.509765625) - actor/perf/cpu_memory_used_gb:np.float64(32.45133590698242) - perf/mfu/actor:np.float64(0.03484361410444815) - training/global_step:71 - training/epoch:0 - critic/score/mean:0.34375 - critic/score/max:1.0 - critic/score/min:0.0 - critic/rewards/mean:0.34375 - critic/rewards/max:1.0 - critic/rewards/min:0.0 - critic/advantages/mean:-0.05301262065768242 - critic/advantages/max:1.6201815605163574 - critic/advantages/min:-0.935412585735321 - critic/returns/mean:-0.05301262065768242 - critic/returns/max:1.6201815605163574 - critic/returns/min:-0.935412585735321 - response_length/mean:59.1875 - response_length/max:389.0 - response_length/min:4.0 - response_length/clip_ratio:0.03125 - response_length_non_aborted/mean:59.1875 - response_length_non_aborted/max:389.0 - response_length_non_aborted/min:4.0 - response_length_non_aborted/clip_ratio:0.03125 - response/aborted_ratio:0.0 - prompt_length/mean:104.0 - prompt_length/max:109.0 - prompt_length/min:99.0 - prompt_length/clip_ratio:0.25 - timing_s/gen:2.398776341986377 - timing_s/old_log_prob:1.1063579400070012 - timing_s/adv:0.23479176696855575 - timing_s/update_actor:1.9678386030136608 - timing_s/update_weights:1.0309665889944881 - timing_s/step:7.1317311730235815 - timing_per_token_ms/adv:0.04336752252836271 - timing_per_token_ms/update_actor:0.363472220726572 - timing_per_token_ms/gen:1.2054152472293351 - perf/total_num_tokens:5414 - perf/time_per_step:7.1317311730235815 - perf/throughput:759.1424674669378 - training/num_turns/mean:np.float64(2.0) - training/num_turns/max:np.int64(2) - training/num_turns/min:np.int64(2) - training/off_policy/trajectory_spans/mean:np.float64(1.0) - training/off_policy/trajectory_spans/max:np.float64(1.0) - training/off_policy/trajectory_spans/min:np.float64(1.0) - training/off_policy/trajectory_staleness/mean:np.float64(0.0) - training/off_policy/trajectory_staleness/max:np.float64(0.0) - training/off_policy/trajectory_staleness/min:np.float64(0.0) - training/off_policy/trajectory_staleness_worst/mean:np.float64(0.0) - training/off_policy/trajectory_staleness_worst/max:np.float64(0.0) - training/off_policy/trajectory_staleness_worst/min:np.float64(0.0)
[36m(TaskRunnerV1 pid=761016)[0m step:72 - global_seqlen/min:7566 - global_seqlen/max:7566 - global_seqlen/minmax_diff:0 - global_seqlen/balanced_min:7566 - global_seqlen/balanced_max:7566 - global_seqlen/mean:7566.0 - actor/entropy:0.6752820611000061 - training/rollout_probs_diff_valid:1 - training/rollout_probs_diff_max:0.07091757655143738 - training/rollout_probs_diff_mean:0.005055205896496773 - training/rollout_probs_diff_std:0.008956764824688435 - training/rollout_actor_probs_pearson_corr:0.9995459914207458 - rollout_corr/training_ppl:1.2160375118255615 - rollout_corr/training_log_ppl:0.13682782649993896 - rollout_corr/kl:0.000632655166555196 - rollout_corr/k3_kl:0.0006186205428093672 - rollout_corr/rollout_ppl:1.2163689136505127 - rollout_corr/rollout_log_ppl:0.13628631830215454 - rollout_corr/log_ppl_diff:0.000541522225830704 - rollout_corr/log_ppl_abs_diff:0.003086639801040292 - rollout_corr/log_ppl_diff_max:0.06179574131965637 - rollout_corr/log_ppl_diff_min:-0.033395856618881226 - rollout_corr/ppl_ratio:1.0005918741226196 - rollout_corr/chi2_token:0.001220107078552246 - rollout_corr/chi2_seq:0.03922748565673828 - actor/pg_clipfrac:np.float64(0.0) - actor/ppo_kl:np.float64(0.0) - actor/pg_clipfrac_lower:np.float64(0.0) - actor/pg_loss:np.float64(0.03860477730631828) - actor/loss:np.float64(0.03860477730631828) - actor/grad_norm:np.float64(0.15809188783168793) - actor/lr:np.float64(1e-06) - actor/perf/max_memory_allocated_gb:np.float64(18.28457546234131) - actor/perf/max_memory_reserved_gb:np.float64(30.509765625) - actor/perf/cpu_memory_used_gb:np.float64(32.462398529052734) - perf/mfu/actor:np.float64(0.040724652320024333) - training/global_step:72 - training/epoch:0 - critic/score/mean:0.3125 - critic/score/max:1.0 - critic/score/min:0.0 - critic/rewards/mean:0.3125 - critic/rewards/max:1.0 - critic/rewards/min:0.0 - critic/advantages/mean:-0.03860476240515709 - critic/advantages/max:2.4748666286468506 - critic/advantages/min:-0.935412585735321 - critic/returns/mean:-0.03860476240515709 - critic/returns/max:2.4748666286468506 - critic/returns/min:-0.935412585735321 - response_length/mean:109.1875 - response_length/max:444.0 - response_length/min:4.0 - response_length/clip_ratio:0.03125 - response_length_non_aborted/mean:109.1875 - response_length_non_aborted/max:444.0 - response_length_non_aborted/min:4.0 - response_length_non_aborted/clip_ratio:0.03125 - response/aborted_ratio:0.0 - prompt_length/mean:121.25 - prompt_length/max:174.0 - prompt_length/min:81.0 - prompt_length/clip_ratio:0.25 - timing_s/gen:4.441030788992066 - timing_s/old_log_prob:1.2439983230433427 - timing_s/adv:0.23525171197252348 - timing_s/update_actor:2.3138230540207587 - timing_s/update_weights:1.1202801130129956 - timing_s/step:9.741159382043406 - timing_per_token_ms/adv:0.031093274117436356 - timing_per_token_ms/update_actor:0.3058185374069203 - timing_per_token_ms/gen:1.2370559300813555 - perf/total_num_tokens:7566 - perf/time_per_step:9.741159382043406 - perf/throughput:776.7042610910322 - training/num_turns/mean:np.float64(2.0) - training/num_turns/max:np.int64(2) - training/num_turns/min:np.int64(2) - training/off_policy/trajectory_spans/mean:np.float64(1.0) - training/off_policy/trajectory_spans/max:np.float64(1.0) - training/off_policy/trajectory_spans/min:np.float64(1.0) - training/off_policy/trajectory_staleness/mean:np.float64(0.0) - training/off_policy/trajectory_staleness/max:np.float64(0.0) - training/off_policy/trajectory_staleness/min:np.float64(0.0) - training/off_policy/trajectory_staleness_worst/mean:np.float64(0.0) - training/off_policy/trajectory_staleness_worst/max:np.float64(0.0) - training/off_policy/trajectory_staleness_worst/min:np.float64(0.0)
[36m(TaskRunnerV1 pid=761016)[0m step:73 - global_seqlen/min:7002 - global_seqlen/max:7002 - global_seqlen/minmax_diff:0 - global_seqlen/balanced_min:7002 - global_seqlen/balanced_max:7002 - global_seqlen/mean:7002.0 - actor/entropy:0.7572214007377625 - training/rollout_probs_diff_valid:1 - training/rollout_probs_diff_max:0.06451007723808289 - training/rollout_probs_diff_mean:0.0054609766229987144 - training/rollout_probs_diff_std:0.00916680321097374 - training/rollout_actor_probs_pearson_corr:0.9995336532592773 - rollout_corr/training_ppl:1.1556315422058105 - rollout_corr/training_log_ppl:0.10891122370958328 - rollout_corr/kl:0.0009239710634574294 - rollout_corr/k3_kl:0.0006613418809138238 - rollout_corr/rollout_ppl:1.1541918516159058 - rollout_corr/rollout_log_ppl:0.1079525575041771 - rollout_corr/log_ppl_diff:0.0009586678352206945 - rollout_corr/log_ppl_abs_diff:0.0024659475311636925 - rollout_corr/log_ppl_diff_max:0.0488925576210022 - rollout_corr/log_ppl_diff_min:-0.03539806604385376 - rollout_corr/ppl_ratio:1.0009855031967163 - rollout_corr/chi2_token:0.0007917881011962891 - rollout_corr/chi2_seq:0.01457226276397705 - actor/pg_clipfrac:np.float64(0.0) - actor/ppo_kl:np.float64(0.0) - actor/pg_clipfrac_lower:np.float64(0.0) - actor/pg_loss:np.float64(-0.11962442845106125) - actor/loss:np.float64(-0.11962442845106125) - actor/grad_norm:np.float64(0.18754401803016663) - actor/lr:np.float64(1e-06) - actor/perf/max_memory_allocated_gb:np.float64(18.28457546234131) - actor/perf/max_memory_reserved_gb:np.float64(30.509765625) - actor/perf/cpu_memory_used_gb:np.float64(32.46367645263672) - perf/mfu/actor:np.float64(0.040287268899375284) - training/global_step:73 - training/epoch:0 - critic/score/mean:0.40625 - critic/score/max:1.0 - critic/score/min:0.0 - critic/rewards/mean:0.40625 - critic/rewards/max:1.0 - critic/rewards/min:0.0 - critic/advantages/mean:0.11962434649467468 - critic/advantages/max:1.20761239528656 - critic/advantages/min:-1.6201815605163574 - critic/returns/mean:0.11962434649467468 - critic/returns/max:1.20761239528656 - critic/returns/min:-1.6201815605163574 - response_length/mean:89.5625 - response_length/max:471.0 - response_length/min:4.0 - response_length/clip_ratio:0.03125 - response_length_non_aborted/mean:89.5625 - response_length_non_aborted/max:471.0 - response_length_non_aborted/min:4.0 - response_length_non_aborted/clip_ratio:0.03125 - response/aborted_ratio:0.0 - prompt_length/mean:123.25 - prompt_length/max:141.0 - prompt_length/min:94.0 - prompt_length/clip_ratio:0.25 - timing_s/gen:4.446470341004897 - timing_s/old_log_prob:1.1938839679933153 - timing_s/adv:0.23417685902677476 - timing_s/update_actor:2.181189011025708 - timing_s/update_weights:1.0723742470145226 - timing_s/step:9.521322345011868 - timing_per_token_ms/adv:0.03344428149482644 - timing_per_token_ms/update_actor:0.3115094274529717 - timing_per_token_ms/gen:1.501171620865934 - perf/total_num_tokens:7002 - perf/time_per_step:9.521322345011868 - perf/throughput:735.4020530213729 - training/num_turns/mean:np.float64(2.0) - training/num_turns/max:np.int64(2) - training/num_turns/min:np.int64(2) - training/off_policy/trajectory_spans/mean:np.float64(1.0) - training/off_policy/trajectory_spans/max:np.float64(1.0) - training/off_policy/trajectory_spans/min:np.float64(1.0) - training/off_policy/trajectory_staleness/mean:np.float64(0.0) - training/off_policy/trajectory_staleness/max:np.float64(0.0) - training/off_policy/trajectory_staleness/min:np.float64(0.0) - training/off_policy/trajectory_staleness_worst/mean:np.float64(0.0) - training/off_policy/trajectory_staleness_worst/max:np.float64(0.0) - training/off_policy/trajectory_staleness_worst/min:np.float64(0.0)[36m(WorkerDict pid=762273)[0m INFO:2026-07-05 01:48:28,630:update_weights done, time cost: 0.37s
[36m(TaskRunnerV1 pid=761016)[0m Training Progress:  59%|█████▉    | 74/125 [11:29<07:24,  8.72s/it]
[36m(WorkerDict pid=762273)[0m INFO:2026-07-05 01:48:39,555:update_weights done, time cost: 0.40s
[36m(TaskRunnerV1 pid=761016)[0m Training Progress:  60%|██████    | 75/125 [11:42<08:26, 10.13s/it]
[36m(WorkerDict pid=762273)[0m INFO:2026-07-05 01:48:51,421:update_weights done, time cost: 0.37s
[36m(TaskRunnerV1 pid=761016)[0m Training Progress:  61%|██████    | 76/125 [11:52<08:05,  9.91s/it]

[36m(TaskRunnerV1 pid=761016)[0m step:74 - global_seqlen/min:5317 - global_seqlen/max:5317 - global_seqlen/minmax_diff:0 - global_seqlen/balanced_min:5317 - global_seqlen/balanced_max:5317 - global_seqlen/mean:5317.0 - actor/entropy:0.7211740016937256 - training/rollout_probs_diff_valid:1 - training/rollout_probs_diff_max:0.06331923604011536 - training/rollout_probs_diff_mean:0.00524774519726634 - training/rollout_probs_diff_std:0.008919278159737587 - training/rollout_actor_probs_pearson_corr:0.9995366930961609 - rollout_corr/training_ppl:1.2074894905090332 - rollout_corr/training_log_ppl:0.1331542283296585 - rollout_corr/kl:-3.24214379361365e-05 - rollout_corr/k3_kl:0.0005904152640141547 - rollout_corr/rollout_ppl:1.2051067352294922 - rollout_corr/rollout_log_ppl:0.1323091834783554 - rollout_corr/log_ppl_diff:0.0008450355380773544 - rollout_corr/log_ppl_abs_diff:0.0022891671396791935 - rollout_corr/log_ppl_diff_max:0.053300946950912476 - rollout_corr/log_ppl_diff_min:-0.02479541301727295 - rollout_corr/ppl_ratio:1.0008717775344849 - rollout_corr/chi2_token:0.0024356842041015625 - rollout_corr/chi2_seq:0.021918177604675293 - actor/pg_clipfrac:np.float64(0.0) - actor/ppo_kl:np.float64(0.0) - actor/pg_clipfrac_lower:np.float64(0.0) - actor/pg_loss:np.float64(-0.3854600489139557) - actor/loss:np.float64(-0.3854600489139557) - actor/grad_norm:np.float64(0.26350468397140503) - actor/lr:np.float64(1e-06) - actor/perf/max_memory_allocated_gb:np.float64(18.28457546234131) - actor/perf/max_memory_reserved_gb:np.float64(30.509765625) - actor/perf/cpu_memory_used_gb:np.float64(32.45800018310547) - perf/mfu/actor:np.float64(0.03454590841658985) - training/global_step:74 - training/epoch:0 - critic/score/mean:0.25 - critic/score/max:1.0 - critic/score/min:0.0 - critic/rewards/mean:0.25 - critic/rewards/max:1.0 - critic/rewards/min:0.0 - critic/advantages/mean:0.3854600787162781 - critic/advantages/max:1.6201815605163574 - critic/advantages/min:-0.7245674133300781 - critic/returns/mean:0.3854600787162781 - critic/returns/max:1.6201815605163574 - critic/returns/min:-0.7245674133300781 - response_length/mean:61.40625 - response_length/max:394.0 - response_length/min:4.0 - response_length/clip_ratio:0.03125 - response_length_non_aborted/mean:61.40625 - response_length_non_aborted/max:394.0 - response_length_non_aborted/min:4.0 - response_length_non_aborted/clip_ratio:0.03125 - response/aborted_ratio:0.0 - prompt_length/mean:98.75 - prompt_length/max:123.0 - prompt_length/min:86.0 - prompt_length/clip_ratio:0.25 - timing_s/gen:2.4163117250427604 - timing_s/old_log_prob:1.113628944964148 - timing_s/adv:0.23682153900153935 - timing_s/update_actor:1.9610897739767097 - timing_s/update_weights:1.0312846540473402 - timing_s/step:7.154573141015135 - timing_per_token_ms/adv:0.044540443671532697 - timing_per_token_ms/update_actor:0.36883388639772613 - timing_per_token_ms/gen:1.172397731704396 - perf/total_num_tokens:5317 - perf/time_per_step:7.154573141015135 - perf/throughput:743.1610377311191 - training/num_turns/mean:np.float64(2.0) - training/num_turns/max:np.int64(2) - training/num_turns/min:np.int64(2) - training/off_policy/trajectory_spans/mean:np.float64(1.0) - training/off_policy/trajectory_spans/max:np.float64(1.0) - training/off_policy/trajectory_spans/min:np.float64(1.0) - training/off_policy/trajectory_staleness/mean:np.float64(0.0) - training/off_policy/trajectory_staleness/max:np.float64(0.0) - training/off_policy/trajectory_staleness/min:np.float64(0.0) - training/off_policy/trajectory_staleness_worst/mean:np.float64(0.0) - training/off_policy/trajectory_staleness_worst/max:np.float64(0.0) - training/off_policy/trajectory_staleness_worst/min:np.float64(0.0)
[36m(TaskRunnerV1 pid=761016)[0m Dumped generations to /data2/hjk/projects/AI-HiddenState-ER/rl_audit/mathverse_text_qwen25_1p5b_grpo_answer_a0_clean_rerun512_seed42/validation_generations/75.jsonl
[36m(TaskRunnerV1 pid=761016)[0m step:75 - global_seqlen/min:9533 - global_seqlen/max:9533 - global_seqlen/minmax_diff:0 - global_seqlen/balanced_min:9533 - global_seqlen/balanced_max:9533 - global_seqlen/mean:9533.0 - actor/entropy:0.4943627119064331 - training/rollout_probs_diff_valid:1 - training/rollout_probs_diff_max:0.06186407804489136 - training/rollout_probs_diff_mean:0.004434376955032349 - training/rollout_probs_diff_std:0.008451811969280243 - training/rollout_actor_probs_pearson_corr:0.9995259642601013 - rollout_corr/training_ppl:1.302253246307373 - rollout_corr/training_log_ppl:0.11752456426620483 - rollout_corr/kl:-0.000404778344091028 - rollout_corr/k3_kl:0.0004713205562438816 - rollout_corr/rollout_ppl:1.3132460117340088 - rollout_corr/rollout_log_ppl:0.1184108555316925 - rollout_corr/log_ppl_diff:-0.000886290508788079 - rollout_corr/log_ppl_abs_diff:0.001972086261957884 - rollout_corr/log_ppl_diff_max:0.026319116353988647 - rollout_corr/log_ppl_diff_min:-0.05376243591308594 - rollout_corr/ppl_ratio:0.9991387128829956 - rollout_corr/chi2_token:0.002705216407775879 - rollout_corr/chi2_seq:0.20159661769866943 - actor/pg_clipfrac:np.float64(0.0) - actor/ppo_kl:np.float64(0.0) - actor/pg_clipfrac_lower:np.float64(0.0) - actor/pg_loss:np.float64(0.28638896346092224) - actor/loss:np.float64(0.28638896346092224) - actor/grad_norm:np.float64(0.12429811805486679) - actor/lr:np.float64(1e-06) - actor/perf/max_memory_allocated_gb:np.float64(18.28457546234131) - actor/perf/max_memory_reserved_gb:np.float64(30.509765625) - actor/perf/cpu_memory_used_gb:np.float64(32.49372100830078) - perf/mfu/actor:np.float64(0.04073069474435016) - val-aux/MathVerseTextA0Clean/reward/mean@1:np.float64(0.453125) - val-core/MathVerseTextA0Clean/acc/mean@1:np.float64(0.453125) - val-aux/num_turns/min:np.int64(2) - val-aux/num_turns/max:np.int64(2) - val-aux/num_turns/mean:np.float64(2.0) - training/global_step:75 - training/epoch:0 - critic/score/mean:0.46875 - critic/score/max:1.0 - critic/score/min:0.0 - critic/rewards/mean:0.46875 - critic/rewards/max:1.0 - critic/rewards/min:0.0 - critic/advantages/mean:-0.28638899326324463 - critic/advantages/max:2.4748666286468506 - critic/advantages/min:-1.20761239528656 - critic/returns/mean:-0.28638899326324463 - critic/returns/max:2.4748666286468506 - critic/returns/min:-1.20761239528656 - response_length/mean:170.15625 - response_length/max:512.0 - response_length/min:4.0 - response_length/clip_ratio:0.21875 - response_length_non_aborted/mean:170.15625 - response_length_non_aborted/max:512.0 - response_length_non_aborted/min:4.0 - response_length_non_aborted/clip_ratio:0.21875 - response/aborted_ratio:0.0 - prompt_length/mean:121.75 - prompt_length/max:157.0 - prompt_length/min:90.0 - prompt_length/clip_ratio:0.25 - timing_s/gen:4.455960001971107 - timing_s/old_log_prob:1.4200190340052359 - timing_s/adv:0.24081061396282166 - timing_s/update_actor:2.845070682989899 - timing_s/update_weights:1.2089124060003087 - timing_s/step:10.83254367398331 - timing_s/testing:2.4651060460018925 - timing_per_token_ms/adv:0.0252607378540671 - timing_per_token_ms/update_actor:0.2984444228458931 - timing_per_token_ms/gen:0.8041797513032137 - perf/total_num_tokens:9533 - perf/time_per_step:10.83254367398331 - perf/throughput:880.0333778386287 - training/num_turns/mean:np.float64(2.0) - training/num_turns/max:np.int64(2) - training/num_turns/min:np.int64(2) - training/off_policy/trajectory_spans/mean:np.float64(1.0) - training/off_policy/trajectory_spans/max:np.float64(1.0) - training/off_policy/trajectory_spans/min:np.float64(1.0) - training/off_policy/trajectory_staleness/mean:np.float64(0.0) - training/off_policy/trajectory_staleness/max:np.float64(0.0) - training/off_policy/trajectory_staleness/min:np.float64(0.0) - training/off_policy/trajectory_staleness_worst/mean:np.float64(0.0) - training/off_policy/trajectory_staleness_worst/max:np.float64(0.0) - training/off_policy/trajectory_staleness_worst/min:np.float64(0.0)
[36m(TaskRunnerV1 pid=761016)[0m step:76 - global_seqlen/min:5150 - global_seqlen/max:5150 - global_seqlen/minmax_diff:0 - global_seqlen/balanced_min:5150 - global_seqlen/balanced_max:5150 - global_seqlen/mean:5150.0 - actor/entropy:0.8560349941253662 - training/rollout_probs_diff_valid:1 - training/rollout_probs_diff_max:0.06140846014022827 - training/rollout_probs_diff_mean:0.005934978369623423 - training/rollout_probs_diff_std:0.009083773009479046 - training/rollout_actor_probs_pearson_corr:0.9995287656784058 - rollout_corr/training_ppl:1.200240969657898 - rollout_corr/training_log_ppl:0.12756596505641937 - rollout_corr/kl:0.0021063373424112797 - rollout_corr/k3_kl:0.0008716089650988579 - rollout_corr/rollout_ppl:1.199189305305481 - rollout_corr/rollout_log_ppl:0.1276484727859497 - rollout_corr/log_ppl_diff:-8.251750841736794e-05 - rollout_corr/log_ppl_abs_diff:0.0025628090370446444 - rollout_corr/log_ppl_diff_max:0.03180795907974243 - rollout_corr/log_ppl_diff_min:-0.034277260303497314 - rollout_corr/ppl_ratio:0.9999412298202515 - rollout_corr/chi2_token:-0.000756382942199707 - rollout_corr/chi2_seq:-0.024182140827178955 - actor/pg_clipfrac:np.float64(0.0) - actor/ppo_kl:np.float64(0.0) - actor/pg_clipfrac_lower:np.float64(0.0) - actor/pg_loss:np.float64(0.18296989798545837) - actor/loss:np.float64(0.18296989798545837) - actor/grad_norm:np.float64(0.2159852534532547) - actor/lr:np.float64(1e-06) - actor/perf/max_memory_allocated_gb:np.float64(18.28457546234131) - actor/perf/max_memory_reserved_gb:np.float64(30.509765625) - actor/perf/cpu_memory_used_gb:np.float64(32.489097595214844) - perf/mfu/actor:np.float64(0.03303730103653659) - training/global_step:76 - training/epoch:0 - critic/score/mean:0.34375 - critic/score/max:1.0 - critic/score/min:0.0 - critic/rewards/mean:0.34375 - critic/rewards/max:1.0 - critic/rewards/min:0.0 - critic/advantages/mean:-0.18296989798545837 - critic/advantages/max:2.4748666286468506 - critic/advantages/min:-1.6201815605163574 - critic/returns/mean:-0.18296989798545837 - critic/returns/max:2.4748666286468506 - critic/returns/min:-1.6201815605163574 - response_length/mean:51.6875 - response_length/max:489.0 - response_length/min:4.0 - response_length/clip_ratio:0.03125 - response_length_non_aborted/mean:51.6875 - response_length_non_aborted/max:489.0 - response_length_non_aborted/min:4.0 - response_length_non_aborted/clip_ratio:0.03125 - response/aborted_ratio:0.0 - prompt_length/mean:103.25 - prompt_length/max:108.0 - prompt_length/min:92.0 - prompt_length/clip_ratio:0.25 - timing_s/gen:4.441788268974051 - timing_s/old_log_prob:1.1248602090054192 - timing_s/adv:0.23839831299846992 - timing_s/update_actor:1.9800826749997213 - timing_s/update_weights:1.0637112749973312 - timing_s/step:9.243427059031092 - timing_per_token_ms/adv:0.046290934562809694 - timing_per_token_ms/update_actor:0.38448207281547986 - timing_per_token_ms/gen:2.5381647251280293 - perf/total_num_tokens:5150 - perf/time_per_step:9.243427059031092 - perf/throughput:557.1526628717542 - training/num_turns/mean:np.float64(2.0) - training/num_turns/max:np.int64(2) - training/num_turns/min:np.int64(2) - training/off_policy/trajectory_spans/mean:np.float64(1.0) - training/off_policy/trajectory_spans/max:np.float64(1.0) - training/off_policy/trajectory_spans/min:np.float64(1.0) - training/off_policy/trajectory_staleness/mean:np.float64(0.0) - training/off_policy/trajectory_staleness/max:np.float64(0.0) - training/off_policy/trajectory_staleness/min:np.float64(0.0) - training/off_policy/trajectory_staleness_worst/mean:np.float64(0.0) - training/off_policy/trajectory_staleness_worst/max:np.float64(0.0) - training/off_policy/trajectory_staleness_worst/min:np.float64(0.0)[36m(WorkerDict pid=762273)[0m INFO:2026-07-05 01:49:00,966:update_weights done, time cost: 0.37s
[36m(TaskRunnerV1 pid=761016)[0m Training Progress:  62%|██████▏   | 77/125 [12:01<07:50,  9.81s/it]
[36m(WorkerDict pid=762273)[0m INFO:2026-07-05 01:49:10,777:update_weights done, time cost: 0.37s
[36m(TaskRunnerV1 pid=761016)[0m Training Progress:  62%|██████▏   | 78/125 [12:11<07:40,  9.79s/it]
[36m(WorkerDict pid=762273)[0m INFO:2026-07-05 01:49:20,313:update_weights done, time cost: 0.39s
[36m(TaskRunnerV1 pid=761016)[0m Training Progress:  63%|██████▎   | 79/125 [12:21<07:27,  9.73s/it]

[36m(TaskRunnerV1 pid=761016)[0m step:77 - global_seqlen/min:6517 - global_seqlen/max:6517 - global_seqlen/minmax_diff:0 - global_seqlen/balanced_min:6517 - global_seqlen/balanced_max:6517 - global_seqlen/mean:6517.0 - actor/entropy:0.7057785391807556 - training/rollout_probs_diff_valid:1 - training/rollout_probs_diff_max:0.06237006187438965 - training/rollout_probs_diff_mean:0.005724040325731039 - training/rollout_probs_diff_std:0.009340544231235981 - training/rollout_actor_probs_pearson_corr:0.9994884133338928 - rollout_corr/training_ppl:1.1456049680709839 - rollout_corr/training_log_ppl:0.09563294053077698 - rollout_corr/kl:0.0012070976663380861 - rollout_corr/k3_kl:0.0007225556182675064 - rollout_corr/rollout_ppl:1.1477320194244385 - rollout_corr/rollout_log_ppl:0.09633293747901917 - rollout_corr/log_ppl_diff:-0.0006999839097261429 - rollout_corr/log_ppl_abs_diff:0.0018722906243056059 - rollout_corr/log_ppl_diff_max:0.017156511545181274 - rollout_corr/log_ppl_diff_min:-0.03887355327606201 - rollout_corr/ppl_ratio:0.9993149638175964 - rollout_corr/chi2_token:0.0004693269729614258 - rollout_corr/chi2_seq:0.001819014549255371 - actor/pg_clipfrac:np.float64(0.0) - actor/ppo_kl:np.float64(0.0) - actor/pg_clipfrac_lower:np.float64(0.0) - actor/pg_loss:np.float64(0.12115629017353058) - actor/loss:np.float64(0.12115629017353058) - actor/grad_norm:np.float64(0.14582780003547668) - actor/lr:np.float64(1e-06) - actor/perf/max_memory_allocated_gb:np.float64(18.28457546234131) - actor/perf/max_memory_reserved_gb:np.float64(30.509765625) - actor/perf/cpu_memory_used_gb:np.float64(32.49591827392578) - perf/mfu/actor:np.float64(0.039558105218918026) - training/global_step:77 - training/epoch:0 - critic/score/mean:0.46875 - critic/score/max:1.0 - critic/score/min:0.0 - critic/rewards/mean:0.46875 - critic/rewards/max:1.0 - critic/rewards/min:0.0 - critic/advantages/mean:-0.12115631252527237 - critic/advantages/max:2.4748666286468506 - critic/advantages/min:-1.6201815605163574 - critic/returns/mean:-0.12115631252527237 - critic/returns/max:2.4748666286468506 - critic/returns/min:-1.6201815605163574 - response_length/mean:79.90625 - response_length/max:512.0 - response_length/min:4.0 - response_length/clip_ratio:0.03125 - response_length_non_aborted/mean:79.90625 - response_length_non_aborted/max:512.0 - response_length_non_aborted/min:4.0 - response_length_non_aborted/clip_ratio:0.03125 - response/aborted_ratio:0.0 - prompt_length/mean:117.75 - prompt_length/max:152.0 - prompt_length/min:91.0 - prompt_length/clip_ratio:0.25 - timing_s/gen:4.468137822987046 - timing_s/old_log_prob:1.1670519309700467 - timing_s/adv:0.23831991205224767 - timing_s/update_actor:2.0461693489924073 - timing_s/update_weights:1.1194323610397987 - timing_s/step:9.439546178036835 - timing_per_token_ms/adv:0.036568959958914786 - timing_per_token_ms/update_actor:0.3139741213737007 - timing_per_token_ms/gen:1.6841831221210124 - perf/total_num_tokens:6517 - perf/time_per_step:9.439546178036835 - perf/throughput:690.3933597107903 - training/num_turns/mean:np.float64(2.0) - training/num_turns/max:np.int64(2) - training/num_turns/min:np.int64(2) - training/off_policy/trajectory_spans/mean:np.float64(1.0) - training/off_policy/trajectory_spans/max:np.float64(1.0) - training/off_policy/trajectory_spans/min:np.float64(1.0) - training/off_policy/trajectory_staleness/mean:np.float64(0.0) - training/off_policy/trajectory_staleness/max:np.float64(0.0) - training/off_policy/trajectory_staleness/min:np.float64(0.0) - training/off_policy/trajectory_staleness_worst/mean:np.float64(0.0) - training/off_policy/trajectory_staleness_worst/max:np.float64(0.0) - training/off_policy/trajectory_staleness_worst/min:np.float64(0.0)
[36m(TaskRunnerV1 pid=761016)[0m step:78 - global_seqlen/min:7176 - global_seqlen/max:7176 - global_seqlen/minmax_diff:0 - global_seqlen/balanced_min:7176 - global_seqlen/balanced_max:7176 - global_seqlen/mean:7176.0 - actor/entropy:0.8295087814331055 - training/rollout_probs_diff_valid:1 - training/rollout_probs_diff_max:0.06214889883995056 - training/rollout_probs_diff_mean:0.005342327523976564 - training/rollout_probs_diff_std:0.008647209033370018 - training/rollout_actor_probs_pearson_corr:0.9996001124382019 - rollout_corr/training_ppl:1.2491220235824585 - rollout_corr/training_log_ppl:0.14713726937770844 - rollout_corr/kl:0.0013095418689772487 - rollout_corr/k3_kl:0.0007668117177672684 - rollout_corr/rollout_ppl:1.2484701871871948 - rollout_corr/rollout_log_ppl:0.1465650498867035 - rollout_corr/log_ppl_diff:0.0005722029018215835 - rollout_corr/log_ppl_abs_diff:0.0019258793909102678 - rollout_corr/log_ppl_diff_max:0.04851993918418884 - rollout_corr/log_ppl_diff_min:-0.018178343772888184 - rollout_corr/ppl_ratio:1.00059175491333 - rollout_corr/chi2_token:0.0004420280456542969 - rollout_corr/chi2_seq:0.05147957801818848 - actor/pg_clipfrac:np.float64(0.0) - actor/ppo_kl:np.float64(0.0) - actor/pg_clipfrac_lower:np.float64(0.0) - actor/pg_loss:np.float64(0.386138916015625) - actor/loss:np.float64(0.386138916015625) - actor/grad_norm:np.float64(0.2069637030363083) - actor/lr:np.float64(1e-06) - actor/perf/max_memory_allocated_gb:np.float64(18.28457546234131) - actor/perf/max_memory_reserved_gb:np.float64(30.509765625) - actor/perf/cpu_memory_used_gb:np.float64(32.49884796142578) - perf/mfu/actor:np.float64(0.03987959206745537) - training/global_step:78 - training/epoch:0 - critic/score/mean:0.46875 - critic/score/max:1.0 - critic/score/min:0.0 - critic/rewards/mean:0.46875 - critic/rewards/max:1.0 - critic/rewards/min:0.0 - critic/advantages/mean:-0.386138916015625 - critic/advantages/max:1.6201815605163574 - critic/advantages/min:-1.6201815605163574 - critic/returns/mean:-0.386138916015625 - critic/returns/max:1.6201815605163574 - critic/returns/min:-1.6201815605163574 - response_length/mean:114.75 - response_length/max:488.0 - response_length/min:4.0 - response_length/clip_ratio:0.03125 - response_length_non_aborted/mean:114.75 - response_length_non_aborted/max:488.0 - response_length_non_aborted/min:4.0 - response_length_non_aborted/clip_ratio:0.03125 - response/aborted_ratio:0.0 - prompt_length/mean:103.5 - prompt_length/max:107.0 - prompt_length/min:101.0 - prompt_length/clip_ratio:0.25 - timing_s/gen:4.431171962991357 - timing_s/old_log_prob:1.2170968519640155 - timing_s/adv:0.23942596901906654 - timing_s/update_actor:2.2498214470106177 - timing_s/update_weights:1.0917906900285743 - timing_s/step:9.625232372025494 - timing_per_token_ms/adv:0.03336482288448531 - timing_per_token_ms/update_actor:0.3135202685354818 - timing_per_token_ms/gen:1.1760010517492985 - perf/total_num_tokens:7176 - perf/time_per_step:9.625232372025494 - perf/throughput:745.5404423124502 - training/num_turns/mean:np.float64(2.0) - training/num_turns/max:np.int64(2) - training/num_turns/min:np.int64(2) - training/off_policy/trajectory_spans/mean:np.float64(1.0) - training/off_policy/trajectory_spans/max:np.float64(1.0) - training/off_policy/trajectory_spans/min:np.float64(1.0) - training/off_policy/trajectory_staleness/mean:np.float64(0.0) - training/off_policy/trajectory_staleness/max:np.float64(0.0) - training/off_policy/trajectory_staleness/min:np.float64(0.0) - training/off_policy/trajectory_staleness_worst/mean:np.float64(0.0) - training/off_policy/trajectory_staleness_worst/max:np.float64(0.0) - training/off_policy/trajectory_staleness_worst/min:np.float64(0.0)
[36m(TaskRunnerV1 pid=761016)[0m step:79 - global_seqlen/min:6406 - global_seqlen/max:6406 - global_seqlen/minmax_diff:0 - global_seqlen/balanced_min:6406 - global_seqlen/balanced_max:6406 - global_seqlen/mean:6406.0 - actor/entropy:0.5521703958511353 - training/rollout_probs_diff_valid:1 - training/rollout_probs_diff_max:0.07958051562309265 - training/rollout_probs_diff_mean:0.0046114190481603146 - training/rollout_probs_diff_std:0.008892104029655457 - training/rollout_actor_probs_pearson_corr:0.9995375275611877 - rollout_corr/training_ppl:1.1509228944778442 - rollout_corr/training_log_ppl:0.11290542036294937 - rollout_corr/kl:0.002085528103634715 - rollout_corr/k3_kl:0.000525903538800776 - rollout_corr/rollout_ppl:1.1492167711257935 - rollout_corr/rollout_log_ppl:0.11180244386196136 - rollout_corr/log_ppl_diff:0.001102983020246029 - rollout_corr/log_ppl_abs_diff:0.002669380512088537 - rollout_corr/log_ppl_diff_max:0.041918039321899414 - rollout_corr/log_ppl_diff_min:-0.02617061138153076 - rollout_corr/ppl_ratio:1.001131534576416 - rollout_corr/chi2_token:-0.002086460590362549 - rollout_corr/chi2_seq:-0.04665100574493408 - actor/pg_clipfrac:np.float64(0.0) - actor/ppo_kl:np.float64(0.0) - actor/pg_clipfrac_lower:np.float64(0.0) - actor/pg_loss:np.float64(0.18742433190345764) - actor/loss:np.float64(0.18742433190345764) - actor/grad_norm:np.float64(0.18630211055278778) - actor/lr:np.float64(1e-06) - actor/perf/max_memory_allocated_gb:np.float64(18.28457546234131) - actor/perf/max_memory_reserved_gb:np.float64(30.509765625) - actor/perf/cpu_memory_used_gb:np.float64(32.49562454223633) - perf/mfu/actor:np.float64(0.03855887326816549) - training/global_step:79 - training/epoch:0 - critic/score/mean:0.40625 - critic/score/max:1.0 - critic/score/min:0.0 - critic/rewards/mean:0.40625 - critic/rewards/max:1.0 - critic/rewards/min:0.0 - critic/advantages/mean:-0.18742431700229645 - critic/advantages/max:2.4748666286468506 - critic/advantages/min:-1.20761239528656 - critic/returns/mean:-0.18742431700229645 - critic/returns/max:2.4748666286468506 - critic/returns/min:-1.20761239528656 - response_length/mean:78.4375 - response_length/max:512.0 - response_length/min:4.0 - response_length/clip_ratio:0.0625 - response_length_non_aborted/mean:78.4375 - response_length_non_aborted/max:512.0 - response_length_non_aborted/min:4.0 - response_length_non_aborted/clip_ratio:0.0625 - response/aborted_ratio:0.0 - prompt_length/mean:115.75 - prompt_length/max:124.0 - prompt_length/min:97.0 - prompt_length/clip_ratio:0.25 - timing_s/gen:4.427938545006327 - timing_s/old_log_prob:1.1715465420274995 - timing_s/adv:0.23601957701612264 - timing_s/update_actor:2.0967403649701737 - timing_s/update_weights:1.1164639889611863 - timing_s/step:9.433236650016624 - timing_per_token_ms/adv:0.036843518110540534 - timing_per_token_ms/update_actor:0.32730882999846606 - timing_per_token_ms/gen:1.6991322122050374 - perf/total_num_tokens:6406 - perf/time_per_step:9.433236650016624 - perf/throughput:679.088232138087 - training/num_turns/mean:np.float64(2.0) - training/num_turns/max:np.int64(2) - training/num_turns/min:np.int64(2) - training/off_policy/trajectory_spans/mean:np.float64(1.0) - training/off_policy/trajectory_spans/max:np.float64(1.0) - training/off_policy/trajectory_spans/min:np.float64(1.0) - training/off_policy/trajectory_staleness/mean:np.float64(0.0) - training/off_policy/trajectory_staleness/max:np.float64(0.0) - training/off_policy/trajectory_staleness/min:np.float64(0.0) - training/off_policy/trajectory_staleness_worst/mean:np.float64(0.0) - training/off_policy/trajectory_staleness_worst/max:np.float64(0.0) - training/off_policy/trajectory_staleness_worst/min:np.float64(0.0)[36m(WorkerDict pid=762273)[0m INFO:2026-07-05 01:49:30,106:update_weights done, time cost: 0.38s
[36m(TaskRunnerV1 pid=761016)[0m Training Progress:  64%|██████▍   | 80/125 [12:30<07:18,  9.74s/it]
[36m(WorkerDict pid=762273)[0m INFO:2026-07-05 01:49:39,403:update_weights done, time cost: 0.38s
[36m(TaskRunnerV1 pid=761016)[0m Training Progress:  65%|██████▍   | 81/125 [12:40<07:03,  9.61s/it]
[36m(WorkerDict pid=762273)[0m INFO:2026-07-05 01:49:47,350:update_weights done, time cost: 0.40s
[36m(TaskRunnerV1 pid=761016)[0m Training Progress:  66%|██████▌   | 82/125 [12:48<06:32,  9.12s/it]

[36m(TaskRunnerV1 pid=761016)[0m step:80 - global_seqlen/min:7366 - global_seqlen/max:7366 - global_seqlen/minmax_diff:0 - global_seqlen/balanced_min:7366 - global_seqlen/balanced_max:7366 - global_seqlen/mean:7366.0 - actor/entropy:0.6755748987197876 - training/rollout_probs_diff_valid:1 - training/rollout_probs_diff_max:0.06364122033119202 - training/rollout_probs_diff_mean:0.0041242786683142185 - training/rollout_probs_diff_std:0.008233227767050266 - training/rollout_actor_probs_pearson_corr:0.9996368885040283 - rollout_corr/training_ppl:1.208282232284546 - rollout_corr/training_log_ppl:0.13341593742370605 - rollout_corr/kl:0.0004909004201181233 - rollout_corr/k3_kl:0.0004942042869515717 - rollout_corr/rollout_ppl:1.204546332359314 - rollout_corr/rollout_log_ppl:0.1312357485294342 - rollout_corr/log_ppl_diff:0.0021802056580781937 - rollout_corr/log_ppl_abs_diff:0.002980125369504094 - rollout_corr/log_ppl_diff_max:0.050553351640701294 - rollout_corr/log_ppl_diff_min:-0.033239126205444336 - rollout_corr/ppl_ratio:1.0022180080413818 - rollout_corr/chi2_token:0.000995039939880371 - rollout_corr/chi2_seq:0.02823495864868164 - actor/pg_clipfrac:np.float64(0.0) - actor/ppo_kl:np.float64(0.0) - actor/pg_clipfrac_lower:np.float64(0.0) - actor/pg_loss:np.float64(-0.18852202594280243) - actor/loss:np.float64(-0.18852202594280243) - actor/grad_norm:np.float64(0.16081051528453827) - actor/lr:np.float64(1e-06) - actor/perf/max_memory_allocated_gb:np.float64(18.28457546234131) - actor/perf/max_memory_reserved_gb:np.float64(30.509765625) - actor/perf/cpu_memory_used_gb:np.float64(32.50245666503906) - perf/mfu/actor:np.float64(0.040950310185886026) - training/global_step:80 - training/epoch:0 - critic/score/mean:0.25 - critic/score/max:1.0 - critic/score/min:0.0 - critic/rewards/mean:0.25 - critic/rewards/max:1.0 - critic/rewards/min:0.0 - critic/advantages/mean:0.18852202594280243 - critic/advantages/max:2.4748666286468506 - critic/advantages/min:-0.935412585735321 - critic/returns/mean:0.18852202594280243 - critic/returns/max:2.4748666286468506 - critic/returns/min:-0.935412585735321 - response_length/mean:113.6875 - response_length/max:512.0 - response_length/min:4.0 - response_length/clip_ratio:0.15625 - response_length_non_aborted/mean:113.6875 - response_length_non_aborted/max:512.0 - response_length_non_aborted/min:4.0 - response_length_non_aborted/clip_ratio:0.15625 - response/aborted_ratio:0.0 - prompt_length/mean:110.5 - prompt_length/max:174.0 - prompt_length/min:79.0 - prompt_length/clip_ratio:0.25 - timing_s/gen:4.43420633795904 - timing_s/old_log_prob:1.212788589997217 - timing_s/adv:0.2372342079761438 - timing_s/update_actor:2.2522121139918454 - timing_s/update_weights:1.0893648369819857 - timing_s/step:9.616231122985482 - timing_per_token_ms/adv:0.032206653268550614 - timing_per_token_ms/update_actor:0.30575782161170856 - timing_per_token_ms/gen:1.1875217830634814 - perf/total_num_tokens:7366 - perf/time_per_step:9.616231122985482 - perf/throughput:765.9965641209683 - training/num_turns/mean:np.float64(2.0) - training/num_turns/max:np.int64(2) - training/num_turns/min:np.int64(2) - training/off_policy/trajectory_spans/mean:np.float64(1.0) - training/off_policy/trajectory_spans/max:np.float64(1.0) - training/off_policy/trajectory_spans/min:np.float64(1.0) - training/off_policy/trajectory_staleness/mean:np.float64(0.0) - training/off_policy/trajectory_staleness/max:np.float64(0.0) - training/off_policy/trajectory_staleness/min:np.float64(0.0) - training/off_policy/trajectory_staleness_worst/mean:np.float64(0.0) - training/off_policy/trajectory_staleness_worst/max:np.float64(0.0) - training/off_policy/trajectory_staleness_worst/min:np.float64(0.0)
[36m(TaskRunnerV1 pid=761016)[0m step:81 - global_seqlen/min:5349 - global_seqlen/max:5349 - global_seqlen/minmax_diff:0 - global_seqlen/balanced_min:5349 - global_seqlen/balanced_max:5349 - global_seqlen/mean:5349.0 - actor/entropy:0.8637404441833496 - training/rollout_probs_diff_valid:1 - training/rollout_probs_diff_max:0.06215891242027283 - training/rollout_probs_diff_mean:0.006406999658793211 - training/rollout_probs_diff_std:0.009778195060789585 - training/rollout_actor_probs_pearson_corr:0.9994586110115051 - rollout_corr/training_ppl:1.2256958484649658 - rollout_corr/training_log_ppl:0.14288808405399323 - rollout_corr/kl:0.0011065448634326458 - rollout_corr/k3_kl:0.0008781561627984047 - rollout_corr/rollout_ppl:1.2258363962173462 - rollout_corr/rollout_log_ppl:0.14325210452079773 - rollout_corr/log_ppl_diff:-0.0003640170907601714 - rollout_corr/log_ppl_abs_diff:0.0021116947755217552 - rollout_corr/log_ppl_diff_max:0.0268934965133667 - rollout_corr/log_ppl_diff_min:-0.0407525897026062 - rollout_corr/ppl_ratio:0.999653697013855 - rollout_corr/chi2_token:0.0013066530227661133 - rollout_corr/chi2_seq:-0.00018835067749023438 - actor/pg_clipfrac:np.float64(0.0) - actor/ppo_kl:np.float64(0.0) - actor/pg_clipfrac_lower:np.float64(0.0) - actor/pg_loss:np.float64(0.3034731447696686) - actor/loss:np.float64(0.3034731447696686) - actor/grad_norm:np.float64(0.20032815635204315) - actor/lr:np.float64(1e-06) - actor/perf/max_memory_allocated_gb:np.float64(18.28457546234131) - actor/perf/max_memory_reserved_gb:np.float64(30.509765625) - actor/perf/cpu_memory_used_gb:np.float64(32.492549896240234) - perf/mfu/actor:np.float64(0.034642718137546026) - training/global_step:81 - training/epoch:0 - critic/score/mean:0.28125 - critic/score/max:1.0 - critic/score/min:0.0 - critic/rewards/mean:0.28125 - critic/rewards/max:1.0 - critic/rewards/min:0.0 - critic/advantages/mean:-0.3034731447696686 - critic/advantages/max:1.20761239528656 - critic/advantages/min:-0.7245674133300781 - critic/returns/mean:-0.3034731447696686 - critic/returns/max:1.20761239528656 - critic/returns/min:-0.7245674133300781 - response_length/mean:70.90625 - response_length/max:512.0 - response_length/min:4.0 - response_length/clip_ratio:0.03125 - response_length_non_aborted/mean:70.90625 - response_length_non_aborted/max:512.0 - response_length_non_aborted/min:4.0 - response_length_non_aborted/clip_ratio:0.03125 - response/aborted_ratio:0.0 - prompt_length/mean:90.25 - prompt_length/max:111.0 - prompt_length/min:79.0 - prompt_length/clip_ratio:0.25 - timing_s/gen:4.415520832000766 - timing_s/old_log_prob:1.103894443018362 - timing_s/adv:0.2397366570075974 - timing_s/update_actor:1.9627536589978263 - timing_s/update_weights:1.080904770991765 - timing_s/step:9.192497283045668 - timing_per_token_ms/adv:0.044818967471975585 - timing_per_token_ms/update_actor:0.3669384294256546 - timing_per_token_ms/gen:1.8670278359411272 - perf/total_num_tokens:5349 - perf/time_per_step:9.192497283045668 - perf/throughput:581.8875801971152 - training/num_turns/mean:np.float64(2.0) - training/num_turns/max:np.int64(2) - training/num_turns/min:np.int64(2) - training/off_policy/trajectory_spans/mean:np.float64(1.0) - training/off_policy/trajectory_spans/max:np.float64(1.0) - training/off_policy/trajectory_spans/min:np.float64(1.0) - training/off_policy/trajectory_staleness/mean:np.float64(0.0) - training/off_policy/trajectory_staleness/max:np.float64(0.0) - training/off_policy/trajectory_staleness/min:np.float64(0.0) - training/off_policy/trajectory_staleness_worst/mean:np.float64(0.0) - training/off_policy/trajectory_staleness_worst/max:np.float64(0.0) - training/off_policy/trajectory_staleness_worst/min:np.float64(0.0)
[36m(TaskRunnerV1 pid=761016)[0m step:82 - global_seqlen/min:6594 - global_seqlen/max:6594 - global_seqlen/minmax_diff:0 - global_seqlen/balanced_min:6594 - global_seqlen/balanced_max:6594 - global_seqlen/mean:6594.0 - actor/entropy:0.8592459559440613 - training/rollout_probs_diff_valid:1 - training/rollout_probs_diff_max:0.07582429051399231 - training/rollout_probs_diff_mean:0.004697564523667097 - training/rollout_probs_diff_std:0.008502660319209099 - training/rollout_actor_probs_pearson_corr:0.9996353983879089 - rollout_corr/training_ppl:1.212255597114563 - rollout_corr/training_log_ppl:0.12066379189491272 - rollout_corr/kl:0.0015242937952280045 - rollout_corr/k3_kl:0.00063385657267645 - rollout_corr/rollout_ppl:1.2094289064407349 - rollout_corr/rollout_log_ppl:0.11922477185726166 - rollout_corr/log_ppl_diff:0.0014390114229172468 - rollout_corr/log_ppl_abs_diff:0.002314277458935976 - rollout_corr/log_ppl_diff_max:0.03839653730392456 - rollout_corr/log_ppl_diff_min:-0.014557898044586182 - rollout_corr/ppl_ratio:1.0014641284942627 - rollout_corr/chi2_token:-0.0005131363868713379 - rollout_corr/chi2_seq:-0.01849764585494995 - actor/pg_clipfrac:np.float64(0.0) - actor/ppo_kl:np.float64(0.0) - actor/pg_clipfrac_lower:np.float64(0.0) - actor/pg_loss:np.float64(-0.0949762836098671) - actor/loss:np.float64(-0.0949762836098671) - actor/grad_norm:np.float64(0.26336905360221863) - actor/lr:np.float64(1e-06) - actor/perf/max_memory_allocated_gb:np.float64(18.28457546234131) - actor/perf/max_memory_reserved_gb:np.float64(30.509765625) - actor/perf/cpu_memory_used_gb:np.float64(32.50727081298828) - perf/mfu/actor:np.float64(0.0387283408311345) - training/global_step:82 - training/epoch:0 - critic/score/mean:0.4375 - critic/score/max:1.0 - critic/score/min:0.0 - critic/rewards/mean:0.4375 - critic/rewards/max:1.0 - critic/rewards/min:0.0 - critic/advantages/mean:0.09497629106044769 - critic/advantages/max:2.4748666286468506 - critic/advantages/min:-2.4748666286468506 - critic/returns/mean:0.09497629106044769 - critic/returns/max:2.4748666286468506 - critic/returns/min:-2.4748666286468506 - response_length/mean:73.0625 - response_length/max:398.0 - response_length/min:4.0 - response_length/clip_ratio:0.03125 - response_length_non_aborted/mean:73.0625 - response_length_non_aborted/max:398.0 - response_length_non_aborted/min:4.0 - response_length_non_aborted/clip_ratio:0.03125 - response/aborted_ratio:0.0 - prompt_length/mean:127.0 - prompt_length/max:164.0 - prompt_length/min:103.0 - prompt_length/clip_ratio:0.25 - timing_s/gen:2.440192845009733 - timing_s/old_log_prob:1.444184624007903 - timing_s/adv:0.238078412017785 - timing_s/update_actor:2.1464532280224375 - timing_s/update_weights:1.1547206880059093 - timing_s/step:7.821871165011544 - timing_per_token_ms/adv:0.03610530967815969 - timing_per_token_ms/update_actor:0.3255161098001877 - timing_per_token_ms/gen:1.00254430772791 - perf/total_num_tokens:6594 - perf/time_per_step:7.821871165011544 - perf/throughput:843.0207888741502 - training/num_turns/mean:np.float64(2.0) - training/num_turns/max:np.int64(2) - training/num_turns/min:np.int64(2) - training/off_policy/trajectory_spans/mean:np.float64(1.0) - training/off_policy/trajectory_spans/max:np.float64(1.0) - training/off_policy/trajectory_spans/min:np.float64(1.0) - training/off_policy/trajectory_staleness/mean:np.float64(0.0) - training/off_policy/trajectory_staleness/max:np.float64(0.0) - training/off_policy/trajectory_staleness/min:np.float64(0.0) - training/off_policy/trajectory_staleness_worst/mean:np.float64(0.0) - training/off_policy/trajectory_staleness_worst/max:np.float64(0.0) - training/off_policy/trajectory_staleness_worst/min:np.float64(0.0)[36m(WorkerDict pid=762273)[0m INFO:2026-07-05 01:49:57,542:update_weights done, time cost: 0.37s
[36m(TaskRunnerV1 pid=761016)[0m Training Progress:  66%|██████▋   | 83/125 [12:58<06:35,  9.42s/it]
[36m(WorkerDict pid=762273)[0m INFO:2026-07-05 01:50:07,143:update_weights done, time cost: 0.42s
[36m(TaskRunnerV1 pid=761016)[0m Training Progress:  67%|██████▋   | 84/125 [13:07<06:29,  9.49s/it]
[36m(TransferQueueController pid=761223)[0m 2026-07-05 01:50:08,953 - INFO - transfer_queue.utils.perf_utils - TQ_CONTROLLER_19895470: [Performance] Total success requests: 5337, Total req/min: 1066.43, Total avg process time: 0.0009s; 
[36m(TransferQueueController pid=761223)[0m Time range: last 5.00 minutes; 
[36m(TransferQueueController pid=761223)[0m Per-operation statistics: KV_RETRIEVE_META: req_count=2050, req/min=409.63, avg_time=0.001986s, max_time=0.270058s, min_time=0.000162s; CLEAR_META: req_count=66, req/min=13.19, avg_time=0.000969s, max_time=0.001763s, min_time=0.000346s; NOTIFY_DATA_UPDATE: req_count=1278, req/min=255.37, avg_time=0.000362s, max_time=0.001956s, min_time=0.000086s; SET_CUSTOM_META: req_count=1821, req/min=363.87, avg_time=0.000041s, max_time=0.000186s, min_time=0.000010s; KV_RETRIEVE_KEYS: req_count=32, req/min=6.39, avg_time=0.000126s, max_time=0.000176s, min_time=0.000109s; KV_LIST: req_count=90, req/min=17.98, avg_time=0.000092s, max_time=0.000301s, min_time=0.000057s
[36m(SimpleStorageUnit pid=761295)[0m Per-operation statistics: GET_DATA: req_count=172, req/min=34.37, avg_time=0.010211s, max_time=0.012707s, min_time=0.005072s; PUT_DATA: req_count=268, req/min=53.55, avg_time=0.009110s, max_time=0.015584s, min_time=0.002033s; CLEAR_DATA: req_count=47, req/min=9.39, avg_time=0.010366s, max_time=0.012496s, min_time=0.003898s
[36m(SimpleStorageUnit pid=761321)[0m Per-operation statistics: PUT_DATA: req_count=269, req/min=53.60, avg_time=0.009228s, max_time=0.016184s, min_time=0.006512s; GET_DATA: req_count=168, req/min=33.47, avg_time=0.010621s, max_time=0.012405s, min_time=0.006007s; CLEAR_DATA: req_count=50, req/min=9.96, avg_time=0.010415s, max_time=0.012516s, min_time=0.007345s
[36m(WorkerDict pid=762273)[0m INFO:2026-07-05 01:50:16,599:update_weights done, time cost: 0.39s
[36m(SimpleStorageUnit pid=761322)[0m 2026-07-05 01:50:12,250 - INFO - transfer_queue.utils.perf_utils - TQ_STORAGE_UNIT_3184888a: [Performance] Total success requests: 482, Total req/min: 95.49, Total avg process time: 0.0099s; [32m [repeated 8x across cluster][0m
[36m(SimpleStorageUnit pid=761322)[0m Time range: last 5.05 minutes; [32m [repeated 8x across cluster][0m
[36m(SimpleStorageUnit pid=761322)[0m Per-operation statistics: GET_DATA: req_count=165, req/min=32.69, avg_time=0.010929s, max_time=0.013720s, min_time=0.006898s; PUT_DATA: req_count=266, req/min=52.70, avg_time=0.009124s, max_time=0.015264s, min_time=0.002311s; CLEAR_DATA: req_count=51, req/min=10.10, avg_time=0.010531s, max_time=0.014619s, min_time=0.007358s[32m [repeated 5x across cluster][0m
[36m(SimpleStorageUnit pid=761296)[0m Per-operation statistics: PUT_DATA: req_count=270, req/min=53.49, avg_time=0.009156s, max_time=0.014385s, min_time=0.003284s; GET_DATA: req_count=164, req/min=32.49, avg_time=0.010665s, max_time=0.012872s, min_time=0.004056s; CLEAR_DATA: req_count=49, req/min=9.71, avg_time=0.010630s, max_time=0.012380s, min_time=0.007701s
[36m(TaskRunnerV1 pid=761016)[0m Training Progress:  68%|██████▊   | 85/125 [13:17<06:19,  9.48s/it]

[36m(TaskRunnerV1 pid=761016)[0m step:83 - global_seqlen/min:8354 - global_seqlen/max:8354 - global_seqlen/minmax_diff:0 - global_seqlen/balanced_min:8354 - global_seqlen/balanced_max:8354 - global_seqlen/mean:8354.0 - actor/entropy:0.6362111568450928 - training/rollout_probs_diff_valid:1 - training/rollout_probs_diff_max:0.10382038354873657 - training/rollout_probs_diff_mean:0.004448708146810532 - training/rollout_probs_diff_std:0.008524137549102306 - training/rollout_actor_probs_pearson_corr:0.9995937347412109 - rollout_corr/training_ppl:1.2386393547058105 - rollout_corr/training_log_ppl:0.13471129536628723 - rollout_corr/kl:0.0009023188031278551 - rollout_corr/k3_kl:0.0005325426463969052 - rollout_corr/rollout_ppl:1.2370152473449707 - rollout_corr/rollout_log_ppl:0.1337296962738037 - rollout_corr/log_ppl_diff:0.0009816086385399103 - rollout_corr/log_ppl_abs_diff:0.0034190742298960686 - rollout_corr/log_ppl_diff_max:0.04744426906108856 - rollout_corr/log_ppl_diff_min:-0.06472864747047424 - rollout_corr/ppl_ratio:1.0010337829589844 - rollout_corr/chi2_token:0.0003218650817871094 - rollout_corr/chi2_seq:-0.01770085096359253 - actor/pg_clipfrac:np.float64(0.0) - actor/ppo_kl:np.float64(0.0) - actor/pg_clipfrac_lower:np.float64(0.0) - actor/pg_loss:np.float64(0.20314860343933105) - actor/loss:np.float64(0.20314860343933105) - actor/grad_norm:np.float64(0.11190500855445862) - actor/lr:np.float64(1e-06) - actor/perf/max_memory_allocated_gb:np.float64(18.28457546234131) - actor/perf/max_memory_reserved_gb:np.float64(30.509765625) - actor/perf/cpu_memory_used_gb:np.float64(32.5145263671875) - perf/mfu/actor:np.float64(0.04157198131908116) - training/global_step:83 - training/epoch:0 - critic/score/mean:0.21875 - critic/score/max:1.0 - critic/score/min:0.0 - critic/rewards/mean:0.21875 - critic/rewards/max:1.0 - critic/rewards/min:0.0 - critic/advantages/mean:-0.20314857363700867 - critic/advantages/max:2.4748666286468506 - critic/advantages/min:-0.935412585735321 - critic/returns/mean:-0.20314857363700867 - critic/returns/max:2.4748666286468506 - critic/returns/min:-0.935412585735321 - response_length/mean:129.8125 - response_length/max:512.0 - response_length/min:4.0 - response_length/clip_ratio:0.09375 - response_length_non_aborted/mean:129.8125 - response_length_non_aborted/max:512.0 - response_length_non_aborted/min:4.0 - response_length_non_aborted/clip_ratio:0.09375 - response/aborted_ratio:0.0 - prompt_length/mean:125.25 - prompt_length/max:160.0 - prompt_length/min:85.0 - prompt_length/clip_ratio:0.25 - timing_s/gen:4.415432212001178 - timing_s/old_log_prob:1.3043579179793596 - timing_s/adv:0.23392195597989485 - timing_s/update_actor:2.487589204974938 - timing_s/update_weights:1.16701945400564 - timing_s/step:10.002218334004283 - timing_per_token_ms/adv:0.02800119176201758 - timing_per_token_ms/update_actor:0.29777222946791215 - timing_per_token_ms/gen:1.0389252263532185 - perf/total_num_tokens:8354 - perf/time_per_step:10.002218334004283 - perf/throughput:835.2147214782467 - training/num_turns/mean:np.float64(2.0) - training/num_turns/max:np.int64(2) - training/num_turns/min:np.int64(2) - training/off_policy/trajectory_spans/mean:np.float64(1.0) - training/off_policy/trajectory_spans/max:np.float64(1.0) - training/off_policy/trajectory_spans/min:np.float64(1.0) - training/off_policy/trajectory_staleness/mean:np.float64(0.0) - training/off_policy/trajectory_staleness/max:np.float64(0.0) - training/off_policy/trajectory_staleness/min:np.float64(0.0) - training/off_policy/trajectory_staleness_worst/mean:np.float64(0.0) - training/off_policy/trajectory_staleness_worst/max:np.float64(0.0) - training/off_policy/trajectory_staleness_worst/min:np.float64(0.0)
[36m(TaskRunnerV1 pid=761016)[0m step:84 - global_seqlen/min:6346 - global_seqlen/max:6346 - global_seqlen/minmax_diff:0 - global_seqlen/balanced_min:6346 - global_seqlen/balanced_max:6346 - global_seqlen/mean:6346.0 - actor/entropy:0.9000065326690674 - training/rollout_probs_diff_valid:1 - training/rollout_probs_diff_max:0.062619149684906 - training/rollout_probs_diff_mean:0.005608219187706709 - training/rollout_probs_diff_std:0.008811759762465954 - training/rollout_actor_probs_pearson_corr:0.9995807409286499 - rollout_corr/training_ppl:1.2344720363616943 - rollout_corr/training_log_ppl:0.15103380382061005 - rollout_corr/kl:0.0006420333520509303 - rollout_corr/k3_kl:0.0007271312642842531 - rollout_corr/rollout_ppl:1.2352638244628906 - rollout_corr/rollout_log_ppl:0.15160776674747467 - rollout_corr/log_ppl_diff:-0.0005739902844652534 - rollout_corr/log_ppl_abs_diff:0.0025881617330014706 - rollout_corr/log_ppl_diff_max:0.03791916370391846 - rollout_corr/log_ppl_diff_min:-0.039265453815460205 - rollout_corr/ppl_ratio:0.9994550347328186 - rollout_corr/chi2_token:0.0016322135925292969 - rollout_corr/chi2_seq:0.009049654006958008 - actor/pg_clipfrac:np.float64(0.0) - actor/ppo_kl:np.float64(0.0) - actor/pg_clipfrac_lower:np.float64(0.0) - actor/pg_loss:np.float64(0.1592121571302414) - actor/loss:np.float64(0.1592121571302414) - actor/grad_norm:np.float64(0.21880033612251282) - actor/lr:np.float64(1e-06) - actor/perf/max_memory_allocated_gb:np.float64(18.28457546234131) - actor/perf/max_memory_reserved_gb:np.float64(30.509765625) - actor/perf/cpu_memory_used_gb:np.float64(32.50361251831055) - perf/mfu/actor:np.float64(0.03823655906325198) - training/global_step:84 - training/epoch:0 - critic/score/mean:0.4375 - critic/score/max:1.0 - critic/score/min:0.0 - critic/rewards/mean:0.4375 - critic/rewards/max:1.0 - critic/rewards/min:0.0 - critic/advantages/mean:-0.1592121720314026 - critic/advantages/max:1.20761239528656 - critic/advantages/min:-1.20761239528656 - critic/returns/mean:-0.1592121720314026 - critic/returns/max:1.20761239528656 - critic/returns/min:-1.20761239528656 - response_length/mean:89.3125 - response_length/max:479.0 - response_length/min:4.0 - response_length/clip_ratio:0.03125 - response_length_non_aborted/mean:89.3125 - response_length_non_aborted/max:479.0 - response_length_non_aborted/min:4.0 - response_length_non_aborted/clip_ratio:0.03125 - response/aborted_ratio:0.0 - prompt_length/mean:103.0 - prompt_length/max:126.0 - prompt_length/min:79.0 - prompt_length/clip_ratio:0.25 - timing_s/gen:4.43841522699222 - timing_s/old_log_prob:1.1675485250307247 - timing_s/adv:0.23843294102698565 - timing_s/update_actor:2.0968342859996483 - timing_s/update_weights:1.1740207319962792 - timing_s/step:9.510717442026362 - timing_per_token_ms/adv:0.037572162153637824 - timing_per_token_ms/update_actor:0.3304182612668844 - timing_per_token_ms/gen:1.5025102325633783 - perf/total_num_tokens:6346 - perf/time_per_step:9.510717442026362 - perf/throughput:667.2472438260047 - training/num_turns/mean:np.float64(2.0) - training/num_turns/max:np.int64(2) - training/num_turns/min:np.int64(2) - training/off_policy/trajectory_spans/mean:np.float64(1.0) - training/off_policy/trajectory_spans/max:np.float64(1.0) - training/off_policy/trajectory_spans/min:np.float64(1.0) - training/off_policy/trajectory_staleness/mean:np.float64(0.0) - training/off_policy/trajectory_staleness/max:np.float64(0.0) - training/off_policy/trajectory_staleness/min:np.float64(0.0) - training/off_policy/trajectory_staleness_worst/mean:np.float64(0.0) - training/off_policy/trajectory_staleness_worst/max:np.float64(0.0) - training/off_policy/trajectory_staleness_worst/min:np.float64(0.0)
[36m(TaskRunnerV1 pid=761016)[0m step:85 - global_seqlen/min:6004 - global_seqlen/max:6004 - global_seqlen/minmax_diff:0 - global_seqlen/balanced_min:6004 - global_seqlen/balanced_max:6004 - global_seqlen/mean:6004.0 - actor/entropy:0.8321174383163452 - training/rollout_probs_diff_valid:1 - training/rollout_probs_diff_max:0.08617404103279114 - training/rollout_probs_diff_mean:0.004839127883315086 - training/rollout_probs_diff_std:0.009061731398105621 - training/rollout_actor_probs_pearson_corr:0.9996045231819153 - rollout_corr/training_ppl:1.1245439052581787 - rollout_corr/training_log_ppl:0.08433772623538971 - rollout_corr/kl:0.0015140410978347063 - rollout_corr/k3_kl:0.0006833462393842638 - rollout_corr/rollout_ppl:1.1225833892822266 - rollout_corr/rollout_log_ppl:0.08322317898273468 - rollout_corr/log_ppl_diff:0.001114554237574339 - rollout_corr/log_ppl_abs_diff:0.0029806990642100573 - rollout_corr/log_ppl_diff_max:0.09054574370384216 - rollout_corr/log_ppl_diff_min:-0.030251681804656982 - rollout_corr/ppl_ratio:1.0011801719665527 - rollout_corr/chi2_token:-0.0003274083137512207 - rollout_corr/chi2_seq:-0.003931760787963867 - actor/pg_clipfrac:np.float64(0.0) - actor/ppo_kl:np.float64(0.0) - actor/pg_clipfrac_lower:np.float64(0.0) - actor/pg_loss:np.float64(-1.20099675655365) - actor/loss:np.float64(-1.20099675655365) - actor/grad_norm:np.float64(0.5804567337036133) - actor/lr:np.float64(1e-06) - actor/perf/max_memory_allocated_gb:np.float64(18.28457546234131) - actor/perf/max_memory_reserved_gb:np.float64(30.509765625) - actor/perf/cpu_memory_used_gb:np.float64(32.49929428100586) - perf/mfu/actor:np.float64(0.03721627562492264) - training/global_step:85 - training/epoch:0 - critic/score/mean:0.53125 - critic/score/max:1.0 - critic/score/min:0.0 - critic/rewards/mean:0.53125 - critic/rewards/max:1.0 - critic/rewards/min:0.0 - critic/advantages/mean:1.20099675655365 - critic/advantages/max:2.4748666286468506 - critic/advantages/min:-1.6201815605163574 - critic/returns/mean:1.20099675655365 - critic/returns/max:2.4748666286468506 - critic/returns/min:-1.6201815605163574 - response_length/mean:47.875 - response_length/max:512.0 - response_length/min:4.0 - response_length/clip_ratio:0.03125 - response_length_non_aborted/mean:47.875 - response_length_non_aborted/max:512.0 - response_length_non_aborted/min:4.0 - response_length_non_aborted/clip_ratio:0.03125 - response/aborted_ratio:0.0 - prompt_length/mean:133.75 - prompt_length/max:218.0 - prompt_length/min:81.0 - prompt_length/clip_ratio:0.25 - timing_s/gen:4.421183422033209 - timing_s/old_log_prob:1.135286083968822 - timing_s/adv:0.23509999498492107 - timing_s/update_actor:2.0210224090260454 - timing_s/update_weights:1.1151319820201024 - timing_s/step:9.324012360011693 - timing_per_token_ms/adv:0.03915722767903416 - timing_per_token_ms/update_actor:0.33661265973118676 - timing_per_token_ms/gen:2.7157146326985315 - perf/total_num_tokens:6004 - perf/time_per_step:9.324012360011693 - perf/throughput:643.9287903295391 - training/num_turns/mean:np.float64(2.0) - training/num_turns/max:np.int64(2) - training/num_turns/min:np.int64(2) - training/off_policy/trajectory_spans/mean:np.float64(1.0) - training/off_policy/trajectory_spans/max:np.float64(1.0) - training/off_policy/trajectory_spans/min:np.float64(1.0) - training/off_policy/trajectory_staleness/mean:np.float64(0.0) - training/off_policy/trajectory_staleness/max:np.float64(0.0) - training/off_policy/trajectory_staleness/min:np.float64(0.0) - training/off_policy/trajectory_staleness_worst/mean:np.float64(0.0) - training/off_policy/trajectory_staleness_worst/max:np.float64(0.0) - training/off_policy/trajectory_staleness_worst/min:np.float64(0.0)[36m(WorkerDict pid=762273)[0m INFO:2026-07-05 01:50:23,708:update_weights done, time cost: 0.35s
[36m(TaskRunnerV1 pid=761016)[0m Training Progress:  69%|██████▉   | 86/125 [13:24<05:41,  8.76s/it]
[36m(WorkerDict pid=762273)[0m INFO:2026-07-05 01:50:33,692:update_weights done, time cost: 0.41s
[36m(TaskRunnerV1 pid=761016)[0m Training Progress:  70%|██████▉   | 87/125 [13:34<05:47,  9.13s/it]
[36m(WorkerDict pid=762273)[0m INFO:2026-07-05 01:50:43,315:update_weights done, time cost: 0.36s
[36m(TaskRunnerV1 pid=761016)[0m Training Progress:  70%|███████   | 88/125 [13:43<05:42,  9.27s/it]

[36m(TaskRunnerV1 pid=761016)[0m step:86 - global_seqlen/min:3992 - global_seqlen/max:3992 - global_seqlen/minmax_diff:0 - global_seqlen/balanced_min:3992 - global_seqlen/balanced_max:3992 - global_seqlen/mean:3992.0 - actor/entropy:0.8976256847381592 - training/rollout_probs_diff_valid:1 - training/rollout_probs_diff_max:0.042672038078308105 - training/rollout_probs_diff_mean:0.006368440110236406 - training/rollout_probs_diff_std:0.009236902929842472 - training/rollout_actor_probs_pearson_corr:0.9995133280754089 - rollout_corr/training_ppl:1.1347047090530396 - rollout_corr/training_log_ppl:0.08527755737304688 - rollout_corr/kl:-0.0009258658392354846 - rollout_corr/k3_kl:0.00084150634938851 - rollout_corr/rollout_ppl:1.1357321739196777 - rollout_corr/rollout_log_ppl:0.0862557515501976 - rollout_corr/log_ppl_diff:-0.0009781867265701294 - rollout_corr/log_ppl_abs_diff:0.002426713239401579 - rollout_corr/log_ppl_diff_max:0.021699130535125732 - rollout_corr/log_ppl_diff_min:-0.033157944679260254 - rollout_corr/ppl_ratio:0.9990425109863281 - rollout_corr/chi2_token:0.005263805389404297 - rollout_corr/chi2_seq:0.03155040740966797 - actor/pg_clipfrac:np.float64(0.0) - actor/ppo_kl:np.float64(0.0) - actor/pg_clipfrac_lower:np.float64(0.0) - actor/pg_loss:np.float64(-0.05277940630912781) - actor/loss:np.float64(-0.05277940630912781) - actor/grad_norm:np.float64(0.466076135635376) - actor/lr:np.float64(1e-06) - actor/perf/max_memory_allocated_gb:np.float64(18.28457546234131) - actor/perf/max_memory_reserved_gb:np.float64(30.509765625) - actor/perf/cpu_memory_used_gb:np.float64(32.49370193481445) - perf/mfu/actor:np.float64(0.028358486505023556) - training/global_step:86 - training/epoch:0 - critic/score/mean:0.3125 - critic/score/max:1.0 - critic/score/min:0.0 - critic/rewards/mean:0.3125 - critic/rewards/max:1.0 - critic/rewards/min:0.0 - critic/advantages/mean:0.05277939885854721 - critic/advantages/max:1.20761239528656 - critic/advantages/min:-2.4748666286468506 - critic/returns/mean:0.05277939885854721 - critic/returns/max:1.20761239528656 - critic/returns/min:-2.4748666286468506 - response_length/mean:18.0 - response_length/max:215.0 - response_length/min:4.0 - response_length/clip_ratio:0.03125 - response_length_non_aborted/mean:18.0 - response_length_non_aborted/max:215.0 - response_length_non_aborted/min:4.0 - response_length_non_aborted/clip_ratio:0.03125 - response/aborted_ratio:0.0 - prompt_length/mean:100.75 - prompt_length/max:120.0 - prompt_length/min:85.0 - prompt_length/clip_ratio:0.25 - timing_s/gen:2.414382956980262 - timing_s/old_log_prob:1.0666003869846463 - timing_s/adv:0.23594626499107108 - timing_s/update_actor:1.811048341973219 - timing_s/update_weights:1.0021337909856811 - timing_s/step:6.924620028003119 - timing_per_token_ms/adv:0.0591047757993665 - timing_per_token_ms/update_actor:0.45366942434198876 - timing_per_token_ms/gen:3.592831781220628 - perf/total_num_tokens:3992 - perf/time_per_step:6.924620028003119 - perf/throughput:576.4937258443608 - training/num_turns/mean:np.float64(2.0) - training/num_turns/max:np.int64(2) - training/num_turns/min:np.int64(2) - training/off_policy/trajectory_spans/mean:np.float64(1.0) - training/off_policy/trajectory_spans/max:np.float64(1.0) - training/off_policy/trajectory_spans/min:np.float64(1.0) - training/off_policy/trajectory_staleness/mean:np.float64(0.0) - training/off_policy/trajectory_staleness/max:np.float64(0.0) - training/off_policy/trajectory_staleness/min:np.float64(0.0) - training/off_policy/trajectory_staleness_worst/mean:np.float64(0.0) - training/off_policy/trajectory_staleness_worst/max:np.float64(0.0) - training/off_policy/trajectory_staleness_worst/min:np.float64(0.0)
[36m(TaskRunnerV1 pid=761016)[0m step:87 - global_seqlen/min:8044 - global_seqlen/max:8044 - global_seqlen/minmax_diff:0 - global_seqlen/balanced_min:8044 - global_seqlen/balanced_max:8044 - global_seqlen/mean:8044.0 - actor/entropy:0.5399115681648254 - training/rollout_probs_diff_valid:1 - training/rollout_probs_diff_max:0.08847111463546753 - training/rollout_probs_diff_mean:0.004339986946433783 - training/rollout_probs_diff_std:0.00868944451212883 - training/rollout_actor_probs_pearson_corr:0.9995419383049011 - rollout_corr/training_ppl:1.123744249343872 - rollout_corr/training_log_ppl:0.09622639417648315 - rollout_corr/kl:0.00012392202916089445 - rollout_corr/k3_kl:0.00046828322228975594 - rollout_corr/rollout_ppl:1.122312068939209 - rollout_corr/rollout_log_ppl:0.09532187879085541 - rollout_corr/log_ppl_diff:0.0009045181795954704 - rollout_corr/log_ppl_abs_diff:0.0022340286523103714 - rollout_corr/log_ppl_diff_max:0.036822497844696045 - rollout_corr/log_ppl_diff_min:-0.03364548087120056 - rollout_corr/ppl_ratio:1.000925898551941 - rollout_corr/chi2_token:0.0016222000122070312 - rollout_corr/chi2_seq:0.06913959980010986 - actor/pg_clipfrac:np.float64(0.0) - actor/ppo_kl:np.float64(0.0) - actor/pg_clipfrac_lower:np.float64(0.0) - actor/pg_loss:np.float64(-0.1187806949019432) - actor/loss:np.float64(-0.1187806949019432) - actor/grad_norm:np.float64(0.20740295946598053) - actor/lr:np.float64(1e-06) - actor/perf/max_memory_allocated_gb:np.float64(18.28457546234131) - actor/perf/max_memory_reserved_gb:np.float64(30.509765625) - actor/perf/cpu_memory_used_gb:np.float64(32.52504348754883) - perf/mfu/actor:np.float64(0.041567241870735655) - training/global_step:87 - training/epoch:0 - critic/score/mean:0.28125 - critic/score/max:1.0 - critic/score/min:0.0 - critic/rewards/mean:0.28125 - critic/rewards/max:1.0 - critic/rewards/min:0.0 - critic/advantages/mean:0.11878074705600739 - critic/advantages/max:2.4748666286468506 - critic/advantages/min:-0.7245674133300781 - critic/returns/mean:0.11878074705600739 - critic/returns/max:2.4748666286468506 - critic/returns/min:-0.7245674133300781 - response_length/mean:102.375 - response_length/max:512.0 - response_length/min:4.0 - response_length/clip_ratio:0.03125 - response_length_non_aborted/mean:102.375 - response_length_non_aborted/max:512.0 - response_length_non_aborted/min:4.0 - response_length_non_aborted/clip_ratio:0.03125 - response/aborted_ratio:0.0 - prompt_length/mean:143.0 - prompt_length/max:182.0 - prompt_length/min:116.0 - prompt_length/clip_ratio:0.25 - timing_s/gen:4.425113798002712 - timing_s/old_log_prob:1.2692031390033662 - timing_s/adv:0.23549674300011247 - timing_s/update_actor:2.3872492630034685 - timing_s/update_weights:1.1620066210161895 - timing_s/step:9.871299766004086 - timing_per_token_ms/adv:0.029276074465454063 - timing_per_token_ms/update_actor:0.29677390141763654 - timing_per_token_ms/gen:1.3123113279960594 - perf/total_num_tokens:8044 - perf/time_per_step:9.871299766004086 - perf/throughput:814.8876227731276 - training/num_turns/mean:np.float64(2.0) - training/num_turns/max:np.int64(2) - training/num_turns/min:np.int64(2) - training/off_policy/trajectory_spans/mean:np.float64(1.0) - training/off_policy/trajectory_spans/max:np.float64(1.0) - training/off_policy/trajectory_spans/min:np.float64(1.0) - training/off_policy/trajectory_staleness/mean:np.float64(0.0) - training/off_policy/trajectory_staleness/max:np.float64(0.0) - training/off_policy/trajectory_staleness/min:np.float64(0.0) - training/off_policy/trajectory_staleness_worst/mean:np.float64(0.0) - training/off_policy/trajectory_staleness_worst/max:np.float64(0.0) - training/off_policy/trajectory_staleness_worst/min:np.float64(0.0)
[36m(TaskRunnerV1 pid=761016)[0m step:88 - global_seqlen/min:6931 - global_seqlen/max:6931 - global_seqlen/minmax_diff:0 - global_seqlen/balanced_min:6931 - global_seqlen/balanced_max:6931 - global_seqlen/mean:6931.0 - actor/entropy:0.7849847078323364 - training/rollout_probs_diff_valid:1 - training/rollout_probs_diff_max:0.08642086386680603 - training/rollout_probs_diff_mean:0.005858656018972397 - training/rollout_probs_diff_std:0.009514020755887032 - training/rollout_actor_probs_pearson_corr:0.9994936585426331 - rollout_corr/training_ppl:1.4163216352462769 - rollout_corr/training_log_ppl:0.15160241723060608 - rollout_corr/kl:-0.0004555887426249683 - rollout_corr/k3_kl:0.000693482521455735 - rollout_corr/rollout_ppl:1.4126110076904297 - rollout_corr/rollout_log_ppl:0.15111450850963593 - rollout_corr/log_ppl_diff:0.0004879159387201071 - rollout_corr/log_ppl_abs_diff:0.002790990984067321 - rollout_corr/log_ppl_diff_max:0.033254474401474 - rollout_corr/log_ppl_diff_min:-0.046933889389038086 - rollout_corr/ppl_ratio:1.0005191564559937 - rollout_corr/chi2_token:0.0036967992782592773 - rollout_corr/chi2_seq:0.05437147617340088 - actor/pg_clipfrac:np.float64(0.0) - actor/ppo_kl:np.float64(0.0) - actor/pg_clipfrac_lower:np.float64(0.0) - actor/pg_loss:np.float64(0.23587936162948608) - actor/loss:np.float64(0.23587936162948608) - actor/grad_norm:np.float64(0.21863235533237457) - actor/lr:np.float64(1e-06) - actor/perf/max_memory_allocated_gb:np.float64(18.28457546234131) - actor/perf/max_memory_reserved_gb:np.float64(30.509765625) - actor/perf/cpu_memory_used_gb:np.float64(32.5167236328125) - perf/mfu/actor:np.float64(0.04034739761564472) - training/global_step:88 - training/epoch:0 - critic/score/mean:0.34375 - critic/score/max:1.0 - critic/score/min:0.0 - critic/rewards/mean:0.34375 - critic/rewards/max:1.0 - critic/rewards/min:0.0 - critic/advantages/mean:-0.2358793318271637 - critic/advantages/max:1.6201815605163574 - critic/advantages/min:-1.20761239528656 - critic/returns/mean:-0.2358793318271637 - critic/returns/max:1.6201815605163574 - critic/returns/min:-1.20761239528656 - response_length/mean:89.84375 - response_length/max:460.0 - response_length/min:4.0 - response_length/clip_ratio:0.03125 - response_length_non_aborted/mean:89.84375 - response_length_non_aborted/max:460.0 - response_length_non_aborted/min:4.0 - response_length_non_aborted/clip_ratio:0.03125 - response/aborted_ratio:0.0 - prompt_length/mean:120.75 - prompt_length/max:139.0 - prompt_length/min:85.0 - prompt_length/clip_ratio:0.25 - timing_s/gen:4.447603817970958 - timing_s/old_log_prob:1.1804163919878192 - timing_s/adv:0.24001898703863844 - timing_s/update_actor:2.157821658998728 - timing_s/update_weights:1.0307194679626264 - timing_s/step:9.448605997022241 - timing_per_token_ms/adv:0.0346297773825766 - timing_per_token_ms/update_actor:0.31132905194037336 - timing_per_token_ms/gen:1.4970056607105209 - perf/total_num_tokens:6931 - perf/time_per_step:9.448605997022241 - perf/throughput:733.5473616091439 - training/num_turns/mean:np.float64(2.0) - training/num_turns/max:np.int64(2) - training/num_turns/min:np.int64(2) - training/off_policy/trajectory_spans/mean:np.float64(1.0) - training/off_policy/trajectory_spans/max:np.float64(1.0) - training/off_policy/trajectory_spans/min:np.float64(1.0) - training/off_policy/trajectory_staleness/mean:np.float64(0.0) - training/off_policy/trajectory_staleness/max:np.float64(0.0) - training/off_policy/trajectory_staleness/min:np.float64(0.0) - training/off_policy/trajectory_staleness_worst/mean:np.float64(0.0) - training/off_policy/trajectory_staleness_worst/max:np.float64(0.0) - training/off_policy/trajectory_staleness_worst/min:np.float64(0.0)[36m(WorkerDict pid=762273)[0m INFO:2026-07-05 01:50:53,018:update_weights done, time cost: 0.37s
[36m(TaskRunnerV1 pid=761016)[0m Training Progress:  71%|███████   | 89/125 [13:53<05:38,  9.41s/it]
[36m(WorkerDict pid=762273)[0m INFO:2026-07-05 01:51:00,400:update_weights done, time cost: 0.37s
[36m(TaskRunnerV1 pid=761016)[0m Training Progress:  72%|███████▏  | 90/125 [14:01<05:08,  8.80s/it]
[36m(WorkerDict pid=762273)[0m INFO:2026-07-05 01:51:10,249:update_weights done, time cost: 0.36s
[36m(TaskRunnerV1 pid=761016)[0m Training Progress:  73%|███████▎  | 91/125 [14:10<05:09,  9.11s/it]

[36m(TaskRunnerV1 pid=761016)[0m step:89 - global_seqlen/min:7388 - global_seqlen/max:7388 - global_seqlen/minmax_diff:0 - global_seqlen/balanced_min:7388 - global_seqlen/balanced_max:7388 - global_seqlen/mean:7388.0 - actor/entropy:0.7714446783065796 - training/rollout_probs_diff_valid:1 - training/rollout_probs_diff_max:0.06144493818283081 - training/rollout_probs_diff_mean:0.0050813606940209866 - training/rollout_probs_diff_std:0.00860204454511404 - training/rollout_actor_probs_pearson_corr:0.9995930194854736 - rollout_corr/training_ppl:1.1816575527191162 - rollout_corr/training_log_ppl:0.11369305104017258 - rollout_corr/kl:0.00043057327275164425 - rollout_corr/k3_kl:0.0006270180456340313 - rollout_corr/rollout_ppl:1.182628870010376 - rollout_corr/rollout_log_ppl:0.11450233310461044 - rollout_corr/log_ppl_diff:-0.0008092850912362337 - rollout_corr/log_ppl_abs_diff:0.0018378575332462788 - rollout_corr/log_ppl_diff_max:0.03530290722846985 - rollout_corr/log_ppl_diff_min:-0.02287602424621582 - rollout_corr/ppl_ratio:0.9992052912712097 - rollout_corr/chi2_token:0.0016423463821411133 - rollout_corr/chi2_seq:0.01254892349243164 - actor/pg_clipfrac:np.float64(0.0) - actor/ppo_kl:np.float64(0.0) - actor/pg_clipfrac_lower:np.float64(0.0) - actor/pg_loss:np.float64(0.28220731019973755) - actor/loss:np.float64(0.28220731019973755) - actor/grad_norm:np.float64(0.16341793537139893) - actor/lr:np.float64(1e-06) - actor/perf/max_memory_allocated_gb:np.float64(18.28457546234131) - actor/perf/max_memory_reserved_gb:np.float64(30.509765625) - actor/perf/cpu_memory_used_gb:np.float64(32.52562713623047) - perf/mfu/actor:np.float64(0.041428097421788164) - training/global_step:89 - training/epoch:0 - critic/score/mean:0.28125 - critic/score/max:1.0 - critic/score/min:0.0 - critic/rewards/mean:0.28125 - critic/rewards/max:1.0 - critic/rewards/min:0.0 - critic/advantages/mean:-0.28220731019973755 - critic/advantages/max:2.4748666286468506 - critic/advantages/min:-2.4748666286468506 - critic/returns/mean:-0.28220731019973755 - critic/returns/max:2.4748666286468506 - critic/returns/min:-2.4748666286468506 - response_length/mean:121.875 - response_length/max:512.0 - response_length/min:4.0 - response_length/clip_ratio:0.09375 - response_length_non_aborted/mean:121.875 - response_length_non_aborted/max:512.0 - response_length_non_aborted/min:4.0 - response_length_non_aborted/clip_ratio:0.09375 - response/aborted_ratio:0.0 - prompt_length/mean:103.0 - prompt_length/max:119.0 - prompt_length/min:93.0 - prompt_length/clip_ratio:0.25 - timing_s/gen:4.4315940699889325 - timing_s/old_log_prob:1.2156414929777384 - timing_s/adv:0.2331661080243066 - timing_s/update_actor:2.228281941032037 - timing_s/update_weights:1.1116430889815092 - timing_s/step:9.612899284053128 - timing_per_token_ms/adv:0.03156011207692293 - timing_per_token_ms/update_actor:0.3016082757217159 - timing_per_token_ms/gen:1.1090075250222553 - perf/total_num_tokens:7388 - perf/time_per_step:9.612899284053128 - perf/throughput:768.5506507132535 - training/num_turns/mean:np.float64(2.0) - training/num_turns/max:np.int64(2) - training/num_turns/min:np.int64(2) - training/off_policy/trajectory_spans/mean:np.float64(1.0) - training/off_policy/trajectory_spans/max:np.float64(1.0) - training/off_policy/trajectory_spans/min:np.float64(1.0) - training/off_policy/trajectory_staleness/mean:np.float64(0.0) - training/off_policy/trajectory_staleness/max:np.float64(0.0) - training/off_policy/trajectory_staleness/min:np.float64(0.0) - training/off_policy/trajectory_staleness_worst/mean:np.float64(0.0) - training/off_policy/trajectory_staleness_worst/max:np.float64(0.0) - training/off_policy/trajectory_staleness_worst/min:np.float64(0.0)
[36m(TaskRunnerV1 pid=761016)[0m step:90 - global_seqlen/min:5869 - global_seqlen/max:5869 - global_seqlen/minmax_diff:0 - global_seqlen/balanced_min:5869 - global_seqlen/balanced_max:5869 - global_seqlen/mean:5869.0 - actor/entropy:1.0061084032058716 - training/rollout_probs_diff_valid:1 - training/rollout_probs_diff_max:0.05804690718650818 - training/rollout_probs_diff_mean:0.005422912538051605 - training/rollout_probs_diff_std:0.00895362626761198 - training/rollout_actor_probs_pearson_corr:0.9996119141578674 - rollout_corr/training_ppl:1.1722736358642578 - rollout_corr/training_log_ppl:0.10984361171722412 - rollout_corr/kl:0.0013062725774943829 - rollout_corr/k3_kl:0.0007936295587569475 - rollout_corr/rollout_ppl:1.1705011129379272 - rollout_corr/rollout_log_ppl:0.10857751965522766 - rollout_corr/log_ppl_diff:0.001266098697669804 - rollout_corr/log_ppl_abs_diff:0.003118624445050955 - rollout_corr/log_ppl_diff_max:0.052766114473342896 - rollout_corr/log_ppl_diff_min:-0.030624985694885254 - rollout_corr/ppl_ratio:1.0013036727905273 - rollout_corr/chi2_token:0.000574946403503418 - rollout_corr/chi2_seq:-0.026016056537628174 - actor/pg_clipfrac:np.float64(0.0) - actor/ppo_kl:np.float64(0.0) - actor/pg_clipfrac_lower:np.float64(0.0) - actor/pg_loss:np.float64(0.318594366312027) - actor/loss:np.float64(0.318594366312027) - actor/grad_norm:np.float64(0.16126643121242523) - actor/lr:np.float64(1e-06) - actor/perf/max_memory_allocated_gb:np.float64(18.28457546234131) - actor/perf/max_memory_reserved_gb:np.float64(30.509765625) - actor/perf/cpu_memory_used_gb:np.float64(32.51921463012695) - perf/mfu/actor:np.float64(0.037142094955990336) - training/global_step:90 - training/epoch:0 - critic/score/mean:0.09375 - critic/score/max:1.0 - critic/score/min:0.0 - critic/rewards/mean:0.09375 - critic/rewards/max:1.0 - critic/rewards/min:0.0 - critic/advantages/mean:-0.318594366312027 - critic/advantages/max:1.20761239528656 - critic/advantages/min:-0.7245674133300781 - critic/returns/mean:-0.318594366312027 - critic/returns/max:1.20761239528656 - critic/returns/min:-0.7245674133300781 - response_length/mean:65.90625 - response_length/max:452.0 - response_length/min:4.0 - response_length/clip_ratio:0.03125 - response_length_non_aborted/mean:65.90625 - response_length_non_aborted/max:452.0 - response_length_non_aborted/min:4.0 - response_length_non_aborted/clip_ratio:0.03125 - response/aborted_ratio:0.0 - prompt_length/mean:111.5 - prompt_length/max:126.0 - prompt_length/min:95.0 - prompt_length/clip_ratio:0.25 - timing_s/gen:2.428933922026772 - timing_s/old_log_prob:1.128545023035258 - timing_s/adv:0.23820094001712278 - timing_s/update_actor:1.9781214230461046 - timing_s/update_weights:1.0840354439569637 - timing_s/step:7.248625958978664 - timing_per_token_ms/adv:0.04058629068276074 - timing_per_token_ms/update_actor:0.337045735737963 - timing_per_token_ms/gen:1.1015573342525042 - perf/total_num_tokens:5869 - perf/time_per_step:7.248625958978664 - perf/throughput:809.6706925165919 - training/num_turns/mean:np.float64(2.0) - training/num_turns/max:np.int64(2) - training/num_turns/min:np.int64(2) - training/off_policy/trajectory_spans/mean:np.float64(1.0) - training/off_policy/trajectory_spans/max:np.float64(1.0) - training/off_policy/trajectory_spans/min:np.float64(1.0) - training/off_policy/trajectory_staleness/mean:np.float64(0.0) - training/off_policy/trajectory_staleness/max:np.float64(0.0) - training/off_policy/trajectory_staleness/min:np.float64(0.0) - training/off_policy/trajectory_staleness_worst/mean:np.float64(0.0) - training/off_policy/trajectory_staleness_worst/max:np.float64(0.0) - training/off_policy/trajectory_staleness_worst/min:np.float64(0.0)
[36m(TaskRunnerV1 pid=761016)[0m step:91 - global_seqlen/min:7791 - global_seqlen/max:7791 - global_seqlen/minmax_diff:0 - global_seqlen/balanced_min:7791 - global_seqlen/balanced_max:7791 - global_seqlen/mean:7791.0 - actor/entropy:0.5978476405143738 - training/rollout_probs_diff_valid:1 - training/rollout_probs_diff_max:0.10313254594802856 - training/rollout_probs_diff_mean:0.004435716196894646 - training/rollout_probs_diff_std:0.008462094701826572 - training/rollout_actor_probs_pearson_corr:0.9995913505554199 - rollout_corr/training_ppl:1.1675758361816406 - rollout_corr/training_log_ppl:0.11639977246522903 - rollout_corr/kl:0.0007945859688334167 - rollout_corr/k3_kl:0.0005878484225831926 - rollout_corr/rollout_ppl:1.1666432619094849 - rollout_corr/rollout_log_ppl:0.11580900847911835 - rollout_corr/log_ppl_diff:0.0005907576996833086 - rollout_corr/log_ppl_abs_diff:0.0026367446407675743 - rollout_corr/log_ppl_diff_max:0.05715370178222656 - rollout_corr/log_ppl_diff_min:-0.030313894152641296 - rollout_corr/ppl_ratio:1.0006256103515625 - rollout_corr/chi2_token:0.0007675886154174805 - rollout_corr/chi2_seq:-0.016628384590148926 - actor/pg_clipfrac:np.float64(0.0) - actor/ppo_kl:np.float64(0.0) - actor/pg_clipfrac_lower:np.float64(0.0) - actor/pg_loss:np.float64(-0.1359025239944458) - actor/loss:np.float64(-0.1359025239944458) - actor/grad_norm:np.float64(0.18295972049236298) - actor/lr:np.float64(1e-06) - actor/perf/max_memory_allocated_gb:np.float64(18.28457546234131) - actor/perf/max_memory_reserved_gb:np.float64(30.509765625) - actor/perf/cpu_memory_used_gb:np.float64(32.53049850463867) - perf/mfu/actor:np.float64(0.04154289452933456) - training/global_step:91 - training/epoch:0 - critic/score/mean:0.59375 - critic/score/max:1.0 - critic/score/min:0.0 - critic/rewards/mean:0.59375 - critic/rewards/max:1.0 - critic/rewards/min:0.0 - critic/advantages/mean:0.1359024941921234 - critic/advantages/max:1.20761239528656 - critic/advantages/min:-2.4748666286468506 - critic/returns/mean:0.1359024941921234 - critic/returns/max:1.20761239528656 - critic/returns/min:-2.4748666286468506 - response_length/mean:120.21875 - response_length/max:512.0 - response_length/min:4.0 - response_length/clip_ratio:0.09375 - response_length_non_aborted/mean:120.21875 - response_length_non_aborted/max:512.0 - response_length_non_aborted/min:4.0 - response_length_non_aborted/clip_ratio:0.09375 - response/aborted_ratio:0.0 - prompt_length/mean:117.25 - prompt_length/max:161.0 - prompt_length/min:81.0 - prompt_length/clip_ratio:0.25 - timing_s/gen:4.403814059973229 - timing_s/old_log_prob:1.245448886998929 - timing_s/adv:0.23890360398218036 - timing_s/update_actor:2.328152623027563 - timing_s/update_weights:1.067925565992482 - timing_s/step:9.673307078017388 - timing_per_token_ms/adv:0.030664048771939463 - timing_per_token_ms/update_actor:0.29882590463708936 - timing_per_token_ms/gen:1.1168688967723126 - perf/total_num_tokens:7791 - perf/time_per_step:9.673307078017388 - perf/throughput:805.4122480723336 - training/num_turns/mean:np.float64(2.0) - training/num_turns/max:np.int64(2) - training/num_turns/min:np.int64(2) - training/off_policy/trajectory_spans/mean:np.float64(1.0) - training/off_policy/trajectory_spans/max:np.float64(1.0) - training/off_policy/trajectory_spans/min:np.float64(1.0) - training/off_policy/trajectory_staleness/mean:np.float64(0.0) - training/off_policy/trajectory_staleness/max:np.float64(0.0) - training/off_policy/trajectory_staleness/min:np.float64(0.0) - training/off_policy/trajectory_staleness_worst/mean:np.float64(0.0) - training/off_policy/trajectory_staleness_worst/max:np.float64(0.0) - training/off_policy/trajectory_staleness_worst/min:np.float64(0.0)[36m(WorkerDict pid=762273)[0m INFO:2026-07-05 01:51:19,793:update_weights done, time cost: 0.37s
[36m(TaskRunnerV1 pid=761016)[0m Training Progress:  74%|███████▎  | 92/125 [14:20<05:04,  9.24s/it]
[36m(WorkerDict pid=762273)[0m INFO:2026-07-05 01:51:30,493:update_weights done, time cost: 0.39s
[36m(TaskRunnerV1 pid=761016)[0m Training Progress:  74%|███████▍  | 93/125 [14:31<05:09,  9.68s/it]
[36m(WorkerDict pid=762273)[0m INFO:2026-07-05 01:51:40,400:update_weights done, time cost: 0.36s
[36m(TaskRunnerV1 pid=761016)[0m Training Progress:  75%|███████▌  | 94/125 [14:41<05:02,  9.75s/it]

[36m(TaskRunnerV1 pid=761016)[0m step:92 - global_seqlen/min:6498 - global_seqlen/max:6498 - global_seqlen/minmax_diff:0 - global_seqlen/balanced_min:6498 - global_seqlen/balanced_max:6498 - global_seqlen/mean:6498.0 - actor/entropy:0.61317378282547 - training/rollout_probs_diff_valid:1 - training/rollout_probs_diff_max:0.06849581003189087 - training/rollout_probs_diff_mean:0.00417238287627697 - training/rollout_probs_diff_std:0.008441140875220299 - training/rollout_actor_probs_pearson_corr:0.9996014833450317 - rollout_corr/training_ppl:1.1218914985656738 - rollout_corr/training_log_ppl:0.0845976322889328 - rollout_corr/kl:0.0013223931891843677 - rollout_corr/k3_kl:0.0004938407219015062 - rollout_corr/rollout_ppl:1.1219487190246582 - rollout_corr/rollout_log_ppl:0.08480115979909897 - rollout_corr/log_ppl_diff:-0.0002035321667790413 - rollout_corr/log_ppl_abs_diff:0.0018351180478930473 - rollout_corr/log_ppl_diff_max:0.049118757247924805 - rollout_corr/log_ppl_diff_min:-0.02925923466682434 - rollout_corr/ppl_ratio:0.9998171329498291 - rollout_corr/chi2_token:-0.0006777644157409668 - rollout_corr/chi2_seq:-0.0009511113166809082 - actor/pg_clipfrac:np.float64(0.0) - actor/ppo_kl:np.float64(0.0) - actor/pg_clipfrac_lower:np.float64(0.0) - actor/pg_loss:np.float64(-0.3668152093887329) - actor/loss:np.float64(-0.3668152093887329) - actor/grad_norm:np.float64(0.23005975782871246) - actor/lr:np.float64(1e-06) - actor/perf/max_memory_allocated_gb:np.float64(18.28457546234131) - actor/perf/max_memory_reserved_gb:np.float64(30.509765625) - actor/perf/cpu_memory_used_gb:np.float64(32.52189636230469) - perf/mfu/actor:np.float64(0.038934442505478326) - training/global_step:92 - training/epoch:0 - critic/score/mean:0.3125 - critic/score/max:1.0 - critic/score/min:0.0 - critic/rewards/mean:0.3125 - critic/rewards/max:1.0 - critic/rewards/min:0.0 - critic/advantages/mean:0.3668152689933777 - critic/advantages/max:1.6201815605163574 - critic/advantages/min:-1.20761239528656 - critic/returns/mean:0.3668152689933777 - critic/returns/max:1.6201815605163574 - critic/returns/min:-1.20761239528656 - response_length/mean:74.5625 - response_length/max:512.0 - response_length/min:4.0 - response_length/clip_ratio:0.03125 - response_length_non_aborted/mean:74.5625 - response_length_non_aborted/max:512.0 - response_length_non_aborted/min:4.0 - response_length_non_aborted/clip_ratio:0.03125 - response/aborted_ratio:0.0 - prompt_length/mean:122.5 - prompt_length/max:147.0 - prompt_length/min:100.0 - prompt_length/clip_ratio:0.25 - timing_s/gen:4.454962613002863 - timing_s/old_log_prob:1.1671485690167174 - timing_s/adv:0.23703585396287963 - timing_s/update_actor:2.098196803999599 - timing_s/update_weights:1.0519489890430123 - timing_s/step:9.405102739983704 - timing_per_token_ms/adv:0.036478278541532724 - timing_per_token_ms/update_actor:0.3228988618035702 - timing_per_token_ms/gen:1.7949083855773016 - perf/total_num_tokens:6498 - perf/time_per_step:9.405102739983704 - perf/throughput:690.9015435179881 - training/num_turns/mean:np.float64(2.0) - training/num_turns/max:np.int64(2) - training/num_turns/min:np.int64(2) - training/off_policy/trajectory_spans/mean:np.float64(1.0) - training/off_policy/trajectory_spans/max:np.float64(1.0) - training/off_policy/trajectory_spans/min:np.float64(1.0) - training/off_policy/trajectory_staleness/mean:np.float64(0.0) - training/off_policy/trajectory_staleness/max:np.float64(0.0) - training/off_policy/trajectory_staleness/min:np.float64(0.0) - training/off_policy/trajectory_staleness_worst/mean:np.float64(0.0) - training/off_policy/trajectory_staleness_worst/max:np.float64(0.0) - training/off_policy/trajectory_staleness_worst/min:np.float64(0.0)
[36m(TaskRunnerV1 pid=761016)[0m step:93 - global_seqlen/min:9288 - global_seqlen/max:9288 - global_seqlen/minmax_diff:0 - global_seqlen/balanced_min:9288 - global_seqlen/balanced_max:9288 - global_seqlen/mean:9288.0 - actor/entropy:0.8156879544258118 - training/rollout_probs_diff_valid:1 - training/rollout_probs_diff_max:0.09147459268569946 - training/rollout_probs_diff_mean:0.005186582915484905 - training/rollout_probs_diff_std:0.00887849647551775 - training/rollout_actor_probs_pearson_corr:0.9995773434638977 - rollout_corr/training_ppl:1.2442424297332764 - rollout_corr/training_log_ppl:0.14822247624397278 - rollout_corr/kl:0.0011407044949010015 - rollout_corr/k3_kl:0.0006367507157847285 - rollout_corr/rollout_ppl:1.2433738708496094 - rollout_corr/rollout_log_ppl:0.14789706468582153 - rollout_corr/log_ppl_diff:0.0003254375187680125 - rollout_corr/log_ppl_abs_diff:0.0017440117662772536 - rollout_corr/log_ppl_diff_max:0.04649472236633301 - rollout_corr/log_ppl_diff_min:-0.03472781181335449 - rollout_corr/ppl_ratio:1.0003453493118286 - rollout_corr/chi2_token:0.00025665760040283203 - rollout_corr/chi2_seq:0.03837108612060547 - actor/pg_clipfrac:np.float64(0.0) - actor/ppo_kl:np.float64(0.0) - actor/pg_clipfrac_lower:np.float64(0.0) - actor/pg_loss:np.float64(0.189231276512146) - actor/loss:np.float64(0.189231276512146) - actor/grad_norm:np.float64(0.12699422240257263) - actor/lr:np.float64(1e-06) - actor/perf/max_memory_allocated_gb:np.float64(18.28457546234131) - actor/perf/max_memory_reserved_gb:np.float64(30.509765625) - actor/perf/cpu_memory_used_gb:np.float64(32.54859161376953) - perf/mfu/actor:np.float64(0.04129423682113513) - training/global_step:93 - training/epoch:0 - critic/score/mean:0.3125 - critic/score/max:1.0 - critic/score/min:0.0 - critic/rewards/mean:0.3125 - critic/rewards/max:1.0 - critic/rewards/min:0.0 - critic/advantages/mean:-0.189231276512146 - critic/advantages/max:2.4748666286468506 - critic/advantages/min:-0.7245674133300781 - critic/returns/mean:-0.189231276512146 - critic/returns/max:2.4748666286468506 - critic/returns/min:-0.7245674133300781 - response_length/mean:150.25 - response_length/max:512.0 - response_length/min:4.0 - response_length/clip_ratio:0.09375 - response_length_non_aborted/mean:150.25 - response_length_non_aborted/max:512.0 - response_length_non_aborted/min:4.0 - response_length_non_aborted/clip_ratio:0.09375 - response/aborted_ratio:0.0 - prompt_length/mean:134.0 - prompt_length/max:169.0 - prompt_length/min:108.0 - prompt_length/clip_ratio:0.25 - timing_s/gen:4.4313113240059465 - timing_s/old_log_prob:1.321584670979064 - timing_s/adv:0.2373519800021313 - timing_s/update_actor:2.7418283749721013 - timing_s/update_weights:1.1460045800195076 - timing_s/step:10.566266215988435 - timing_per_token_ms/adv:0.025554692076026196 - timing_per_token_ms/update_actor:0.2952011600960488 - timing_per_token_ms/gen:0.9036116076684231 - perf/total_num_tokens:9288 - perf/time_per_step:10.566266215988435 - perf/throughput:879.0238491195485 - training/num_turns/mean:np.float64(2.0) - training/num_turns/max:np.int64(2) - training/num_turns/min:np.int64(2) - training/off_policy/trajectory_spans/mean:np.float64(1.0) - training/off_policy/trajectory_spans/max:np.float64(1.0) - training/off_policy/trajectory_spans/min:np.float64(1.0) - training/off_policy/trajectory_staleness/mean:np.float64(0.0) - training/off_policy/trajectory_staleness/max:np.float64(0.0) - training/off_policy/trajectory_staleness/min:np.float64(0.0) - training/off_policy/trajectory_staleness_worst/mean:np.float64(0.0) - training/off_policy/trajectory_staleness_worst/max:np.float64(0.0) - training/off_policy/trajectory_staleness_worst/min:np.float64(0.0)
[36m(TaskRunnerV1 pid=761016)[0m step:94 - global_seqlen/min:8024 - global_seqlen/max:8024 - global_seqlen/minmax_diff:0 - global_seqlen/balanced_min:8024 - global_seqlen/balanced_max:8024 - global_seqlen/mean:8024.0 - actor/entropy:0.8396125435829163 - training/rollout_probs_diff_valid:1 - training/rollout_probs_diff_max:0.0977572500705719 - training/rollout_probs_diff_mean:0.005086361430585384 - training/rollout_probs_diff_std:0.00849936529994011 - training/rollout_actor_probs_pearson_corr:0.9996287226676941 - rollout_corr/training_ppl:1.2001557350158691 - rollout_corr/training_log_ppl:0.12623204290866852 - rollout_corr/kl:0.0009913878748193383 - rollout_corr/k3_kl:0.0007391547551378608 - rollout_corr/rollout_ppl:1.1989388465881348 - rollout_corr/rollout_log_ppl:0.125689297914505 - rollout_corr/log_ppl_diff:0.0005427344585768878 - rollout_corr/log_ppl_abs_diff:0.0022836728021502495 - rollout_corr/log_ppl_diff_max:0.056011736392974854 - rollout_corr/log_ppl_diff_min:-0.09476244449615479 - rollout_corr/ppl_ratio:1.000596284866333 - rollout_corr/chi2_token:0.0009791851043701172 - rollout_corr/chi2_seq:0.036454081535339355 - actor/pg_clipfrac:np.float64(0.0) - actor/ppo_kl:np.float64(0.0) - actor/pg_clipfrac_lower:np.float64(0.0) - actor/pg_loss:np.float64(0.2875168025493622) - actor/loss:np.float64(0.2875168025493622) - actor/grad_norm:np.float64(0.13939297199249268) - actor/lr:np.float64(1e-06) - actor/perf/max_memory_allocated_gb:np.float64(18.28457546234131) - actor/perf/max_memory_reserved_gb:np.float64(30.509765625) - actor/perf/cpu_memory_used_gb:np.float64(32.54106521606445) - perf/mfu/actor:np.float64(0.042019754347908514) - training/global_step:94 - training/epoch:0 - critic/score/mean:0.40625 - critic/score/max:1.0 - critic/score/min:0.0 - critic/rewards/mean:0.40625 - critic/rewards/max:1.0 - critic/rewards/min:0.0 - critic/advantages/mean:-0.2875168025493622 - critic/advantages/max:1.20761239528656 - critic/advantages/min:-1.6201815605163574 - critic/returns/mean:-0.2875168025493622 - critic/returns/max:1.20761239528656 - critic/returns/min:-1.6201815605163574 - response_length/mean:135.0 - response_length/max:512.0 - response_length/min:4.0 - response_length/clip_ratio:0.03125 - response_length_non_aborted/mean:135.0 - response_length_non_aborted/max:512.0 - response_length_non_aborted/min:4.0 - response_length_non_aborted/clip_ratio:0.03125 - response/aborted_ratio:0.0 - prompt_length/mean:109.75 - prompt_length/max:135.0 - prompt_length/min:81.0 - prompt_length/clip_ratio:0.25 - timing_s/gen:4.414860535995103 - timing_s/old_log_prob:1.2699213740415871 - timing_s/adv:0.2365654809982516 - timing_s/update_actor:2.3642433839850128 - timing_s/update_weights:1.086085262009874 - timing_s/step:9.766797863005195 - timing_per_token_ms/adv:0.02948223840955279 - timing_per_token_ms/update_actor:0.29464648354748413 - timing_per_token_ms/gen:0.9997419692017897 - perf/total_num_tokens:8024 - perf/time_per_step:9.766797863005195 - perf/throughput:821.558929809883 - training/num_turns/mean:np.float64(2.0) - training/num_turns/max:np.int64(2) - training/num_turns/min:np.int64(2) - training/off_policy/trajectory_spans/mean:np.float64(1.0) - training/off_policy/trajectory_spans/max:np.float64(1.0) - training/off_policy/trajectory_spans/min:np.float64(1.0) - training/off_policy/trajectory_staleness/mean:np.float64(0.0) - training/off_policy/trajectory_staleness/max:np.float64(0.0) - training/off_policy/trajectory_staleness/min:np.float64(0.0) - training/off_policy/trajectory_staleness_worst/mean:np.float64(0.0) - training/off_policy/trajectory_staleness_worst/max:np.float64(0.0) - training/off_policy/trajectory_staleness_worst/min:np.float64(0.0)[36m(WorkerDict pid=762273)[0m INFO:2026-07-05 01:51:50,834:update_weights done, time cost: 0.36s
[36m(TaskRunnerV1 pid=761016)[0m Training Progress:  76%|███████▌  | 95/125 [14:51<04:58,  9.95s/it]
[36m(WorkerDict pid=762273)[0m INFO:2026-07-05 01:52:00,712:update_weights done, time cost: 0.35s
[36m(TaskRunnerV1 pid=761016)[0m Training Progress:  77%|███████▋  | 96/125 [15:01<04:47,  9.93s/it]
[36m(WorkerDict pid=762273)[0m INFO:2026-07-05 01:52:09,837:update_weights done, time cost: 0.40s
[36m(TaskRunnerV1 pid=761016)[0m Training Progress:  78%|███████▊  | 97/125 [15:10<04:31,  9.70s/it]

[36m(TaskRunnerV1 pid=761016)[0m step:95 - global_seqlen/min:9194 - global_seqlen/max:9194 - global_seqlen/minmax_diff:0 - global_seqlen/balanced_min:9194 - global_seqlen/balanced_max:9194 - global_seqlen/mean:9194.0 - actor/entropy:0.5967927575111389 - training/rollout_probs_diff_valid:1 - training/rollout_probs_diff_max:0.06217426061630249 - training/rollout_probs_diff_mean:0.005060750525444746 - training/rollout_probs_diff_std:0.009107216261327267 - training/rollout_actor_probs_pearson_corr:0.99949711561203 - rollout_corr/training_ppl:1.169556975364685 - rollout_corr/training_log_ppl:0.12351228296756744 - rollout_corr/kl:0.0003298188094049692 - rollout_corr/k3_kl:0.0005274490104056895 - rollout_corr/rollout_ppl:1.1688121557235718 - rollout_corr/rollout_log_ppl:0.12324684858322144 - rollout_corr/log_ppl_diff:0.0002654369454830885 - rollout_corr/log_ppl_abs_diff:0.0016378608997911215 - rollout_corr/log_ppl_diff_max:0.02617374062538147 - rollout_corr/log_ppl_diff_min:-0.027240276336669922 - rollout_corr/ppl_ratio:1.000276803970337 - rollout_corr/chi2_token:0.001442551612854004 - rollout_corr/chi2_seq:0.13558173179626465 - actor/pg_clipfrac:np.float64(0.0) - actor/ppo_kl:np.float64(0.0) - actor/pg_clipfrac_lower:np.float64(0.0) - actor/pg_loss:np.float64(-0.06729988753795624) - actor/loss:np.float64(-0.06729988753795624) - actor/grad_norm:np.float64(0.09018664807081223) - actor/lr:np.float64(1e-06) - actor/perf/max_memory_allocated_gb:np.float64(18.28457546234131) - actor/perf/max_memory_reserved_gb:np.float64(30.509765625) - actor/perf/cpu_memory_used_gb:np.float64(32.549598693847656) - perf/mfu/actor:np.float64(0.04171869123948112) - training/global_step:95 - training/epoch:0 - critic/score/mean:0.3125 - critic/score/max:1.0 - critic/score/min:0.0 - critic/rewards/mean:0.3125 - critic/rewards/max:1.0 - critic/rewards/min:0.0 - critic/advantages/mean:0.06729989498853683 - critic/advantages/max:2.4748666286468506 - critic/advantages/min:-1.20761239528656 - critic/returns/mean:0.06729989498853683 - critic/returns/max:2.4748666286468506 - critic/returns/min:-1.20761239528656 - response_length/mean:146.8125 - response_length/max:505.0 - response_length/min:4.0 - response_length/clip_ratio:0.03125 - response_length_non_aborted/mean:146.8125 - response_length_non_aborted/max:505.0 - response_length_non_aborted/min:4.0 - response_length_non_aborted/clip_ratio:0.03125 - response/aborted_ratio:0.0 - prompt_length/mean:134.5 - prompt_length/max:165.0 - prompt_length/min:101.0 - prompt_length/clip_ratio:0.25 - timing_s/gen:4.466310838004574 - timing_s/old_log_prob:1.3806213369825855 - timing_s/adv:0.239505001984071 - timing_s/update_actor:2.699697699979879 - timing_s/update_weights:1.1095008050324395 - timing_s/step:10.293905608006753 - timing_per_token_ms/adv:0.026050141612363607 - timing_per_token_ms/update_actor:0.2936369045007482 - timing_per_token_ms/gen:0.9316459820618637 - perf/total_num_tokens:9194 - perf/time_per_step:10.293905608006753 - perf/throughput:893.1498257424053 - training/num_turns/mean:np.float64(2.0) - training/num_turns/max:np.int64(2) - training/num_turns/min:np.int64(2) - training/off_policy/trajectory_spans/mean:np.float64(1.0) - training/off_policy/trajectory_spans/max:np.float64(1.0) - training/off_policy/trajectory_spans/min:np.float64(1.0) - training/off_policy/trajectory_staleness/mean:np.float64(0.0) - training/off_policy/trajectory_staleness/max:np.float64(0.0) - training/off_policy/trajectory_staleness/min:np.float64(0.0) - training/off_policy/trajectory_staleness_worst/mean:np.float64(0.0) - training/off_policy/trajectory_staleness_worst/max:np.float64(0.0) - training/off_policy/trajectory_staleness_worst/min:np.float64(0.0)
[36m(TaskRunnerV1 pid=761016)[0m step:96 - global_seqlen/min:7977 - global_seqlen/max:7977 - global_seqlen/minmax_diff:0 - global_seqlen/balanced_min:7977 - global_seqlen/balanced_max:7977 - global_seqlen/mean:7977.0 - actor/entropy:0.8469998240470886 - training/rollout_probs_diff_valid:1 - training/rollout_probs_diff_max:0.06204429268836975 - training/rollout_probs_diff_mean:0.004888980649411678 - training/rollout_probs_diff_std:0.008438022807240486 - training/rollout_actor_probs_pearson_corr:0.9996325969696045 - rollout_corr/training_ppl:1.2784700393676758 - rollout_corr/training_log_ppl:0.15119339525699615 - rollout_corr/kl:0.001321296440437436 - rollout_corr/k3_kl:0.000620029226411134 - rollout_corr/rollout_ppl:1.277613878250122 - rollout_corr/rollout_log_ppl:0.15095746517181396 - rollout_corr/log_ppl_diff:0.00023594126105308533 - rollout_corr/log_ppl_abs_diff:0.001797905657440424 - rollout_corr/log_ppl_diff_max:0.025746941566467285 - rollout_corr/log_ppl_diff_min:-0.02365100383758545 - rollout_corr/ppl_ratio:1.000248908996582 - rollout_corr/chi2_token:-0.00015932321548461914 - rollout_corr/chi2_seq:-0.036546945571899414 - actor/pg_clipfrac:np.float64(0.0) - actor/ppo_kl:np.float64(0.0) - actor/pg_clipfrac_lower:np.float64(0.0) - actor/pg_loss:np.float64(0.45658040046691895) - actor/loss:np.float64(0.45658040046691895) - actor/grad_norm:np.float64(0.15429739654064178) - actor/lr:np.float64(1e-06) - actor/perf/max_memory_allocated_gb:np.float64(18.28457546234131) - actor/perf/max_memory_reserved_gb:np.float64(30.509765625) - actor/perf/cpu_memory_used_gb:np.float64(32.54225158691406) - perf/mfu/actor:np.float64(0.0417769368239903) - training/global_step:96 - training/epoch:0 - critic/score/mean:0.25 - critic/score/max:1.0 - critic/score/min:0.0 - critic/rewards/mean:0.25 - critic/rewards/max:1.0 - critic/rewards/min:0.0 - critic/advantages/mean:-0.4565803110599518 - critic/advantages/max:2.4748666286468506 - critic/advantages/min:-0.935412585735321 - critic/returns/mean:-0.4565803110599518 - critic/returns/max:2.4748666286468506 - critic/returns/min:-0.935412585735321 - response_length/mean:114.78125 - response_length/max:512.0 - response_length/min:4.0 - response_length/clip_ratio:0.0625 - response_length_non_aborted/mean:114.78125 - response_length_non_aborted/max:512.0 - response_length_non_aborted/min:4.0 - response_length_non_aborted/clip_ratio:0.0625 - response/aborted_ratio:0.0 - prompt_length/mean:128.5 - prompt_length/max:171.0 - prompt_length/min:92.0 - prompt_length/clip_ratio:0.25 - timing_s/gen:4.4257507510483265 - timing_s/old_log_prob:1.2639672260265797 - timing_s/adv:0.23908096499508247 - timing_s/update_actor:2.3599047149764374 - timing_s/update_weights:1.0565028850105591 - timing_s/step:9.733339440019336 - timing_per_token_ms/adv:0.029971288077608432 - timing_per_token_ms/update_actor:0.29583862542013756 - timing_per_token_ms/gen:1.174250663584061 - perf/total_num_tokens:7977 - perf/time_per_step:9.733339440019336 - perf/throughput:819.5542803328098 - training/num_turns/mean:np.float64(2.0) - training/num_turns/max:np.int64(2) - training/num_turns/min:np.int64(2) - training/off_policy/trajectory_spans/mean:np.float64(1.0) - training/off_policy/trajectory_spans/max:np.float64(1.0) - training/off_policy/trajectory_spans/min:np.float64(1.0) - training/off_policy/trajectory_staleness/mean:np.float64(0.0) - training/off_policy/trajectory_staleness/max:np.float64(0.0) - training/off_policy/trajectory_staleness/min:np.float64(0.0) - training/off_policy/trajectory_staleness_worst/mean:np.float64(0.0) - training/off_policy/trajectory_staleness_worst/max:np.float64(0.0) - training/off_policy/trajectory_staleness_worst/min:np.float64(0.0)
[36m(TaskRunnerV1 pid=761016)[0m step:97 - global_seqlen/min:4372 - global_seqlen/max:4372 - global_seqlen/minmax_diff:0 - global_seqlen/balanced_min:4372 - global_seqlen/balanced_max:4372 - global_seqlen/mean:4372.0 - actor/entropy:1.009050965309143 - training/rollout_probs_diff_valid:1 - training/rollout_probs_diff_max:0.058563232421875 - training/rollout_probs_diff_mean:0.006212964653968811 - training/rollout_probs_diff_std:0.009346647188067436 - training/rollout_actor_probs_pearson_corr:0.9995356798171997 - rollout_corr/training_ppl:1.2332944869995117 - rollout_corr/training_log_ppl:0.13263824582099915 - rollout_corr/kl:-0.0019660729449242353 - rollout_corr/k3_kl:0.0008426437270827591 - rollout_corr/rollout_ppl:1.2365003824234009 - rollout_corr/rollout_log_ppl:0.1350603997707367 - rollout_corr/log_ppl_diff:-0.00242215977050364 - rollout_corr/log_ppl_abs_diff:0.0036319869104772806 - rollout_corr/log_ppl_diff_max:0.029786527156829834 - rollout_corr/log_ppl_diff_min:-0.0363500714302063 - rollout_corr/ppl_ratio:0.9976193904876709 - rollout_corr/chi2_token:0.007313251495361328 - rollout_corr/chi2_seq:0.06392765045166016 - actor/pg_clipfrac:np.float64(0.0) - actor/ppo_kl:np.float64(0.0) - actor/pg_clipfrac_lower:np.float64(0.0) - actor/pg_loss:np.float64(0.27300766110420227) - actor/loss:np.float64(0.27300766110420227) - actor/grad_norm:np.float64(0.2618091106414795) - actor/lr:np.float64(1e-06) - actor/perf/max_memory_allocated_gb:np.float64(18.28457546234131) - actor/perf/max_memory_reserved_gb:np.float64(30.509765625) - actor/perf/cpu_memory_used_gb:np.float64(32.51791763305664) - perf/mfu/actor:np.float64(0.030450598623497457) - training/global_step:97 - training/epoch:0 - critic/score/mean:0.1875 - critic/score/max:1.0 - critic/score/min:0.0 - critic/rewards/mean:0.1875 - critic/rewards/max:1.0 - critic/rewards/min:0.0 - critic/advantages/mean:-0.2730076313018799 - critic/advantages/max:2.4748666286468506 - critic/advantages/min:-0.7245674133300781 - critic/returns/mean:-0.2730076313018799 - critic/returns/max:2.4748666286468506 - critic/returns/min:-0.7245674133300781 - response_length/mean:34.375 - response_length/max:442.0 - response_length/min:4.0 - response_length/clip_ratio:0.03125 - response_length_non_aborted/mean:34.375 - response_length_non_aborted/max:442.0 - response_length_non_aborted/min:4.0 - response_length_non_aborted/clip_ratio:0.03125 - response/aborted_ratio:0.0 - prompt_length/mean:96.25 - prompt_length/max:115.0 - prompt_length/min:85.0 - prompt_length/clip_ratio:0.25 - timing_s/gen:4.431477511010598 - timing_s/old_log_prob:1.0491637189988978 - timing_s/adv:0.2321573339868337 - timing_s/update_actor:1.8415232590050437 - timing_s/update_weights:1.088394418999087 - timing_s/step:9.030348568980116 - timing_per_token_ms/adv:0.05310094555966004 - timing_per_token_ms/update_actor:0.42120843069648756 - timing_per_token_ms/gen:3.705248755025584 - perf/total_num_tokens:4372 - perf/time_per_step:9.030348568980116 - perf/throughput:484.14520952359777 - training/num_turns/mean:np.float64(2.0) - training/num_turns/max:np.int64(2) - training/num_turns/min:np.int64(2) - training/off_policy/trajectory_spans/mean:np.float64(1.0) - training/off_policy/trajectory_spans/max:np.float64(1.0) - training/off_policy/trajectory_spans/min:np.float64(1.0) - training/off_policy/trajectory_staleness/mean:np.float64(0.0) - training/off_policy/trajectory_staleness/max:np.float64(0.0) - training/off_policy/trajectory_staleness/min:np.float64(0.0) - training/off_policy/trajectory_staleness_worst/mean:np.float64(0.0) - training/off_policy/trajectory_staleness_worst/max:np.float64(0.0) - training/off_policy/trajectory_staleness_worst/min:np.float64(0.0)[36m(WorkerDict pid=762273)[0m INFO:2026-07-05 01:52:17,392:update_weights done, time cost: 0.37s
[36m(TaskRunnerV1 pid=761016)[0m Training Progress:  78%|███████▊  | 98/125 [15:18<04:04,  9.05s/it]
[36m(WorkerDict pid=762273)[0m INFO:2026-07-05 01:52:27,201:update_weights done, time cost: 0.37s
[36m(TaskRunnerV1 pid=761016)[0m Training Progress:  79%|███████▉  | 99/125 [15:27<04:01,  9.28s/it]
[36m(WorkerDict pid=762273)[0m INFO:2026-07-05 01:52:37,017:update_weights done, time cost: 0.35s
[36m(TaskRunnerV1 pid=761016)[0m Training Progress:  80%|████████  | 100/125 [15:42<04:29, 10.78s/it]

[36m(TaskRunnerV1 pid=761016)[0m step:98 - global_seqlen/min:6645 - global_seqlen/max:6645 - global_seqlen/minmax_diff:0 - global_seqlen/balanced_min:6645 - global_seqlen/balanced_max:6645 - global_seqlen/mean:6645.0 - actor/entropy:0.6072511672973633 - training/rollout_probs_diff_valid:1 - training/rollout_probs_diff_max:0.116996169090271 - training/rollout_probs_diff_mean:0.005067318677902222 - training/rollout_probs_diff_std:0.00925451423972845 - training/rollout_actor_probs_pearson_corr:0.9995084404945374 - rollout_corr/training_ppl:1.2307368516921997 - rollout_corr/training_log_ppl:0.1317012459039688 - rollout_corr/kl:-2.6132791390409693e-05 - rollout_corr/k3_kl:0.0007027502288110554 - rollout_corr/rollout_ppl:1.2295116186141968 - rollout_corr/rollout_log_ppl:0.13146141171455383 - rollout_corr/log_ppl_diff:0.00023983372375369072 - rollout_corr/log_ppl_abs_diff:0.002723964396864176 - rollout_corr/log_ppl_diff_max:0.053931474685668945 - rollout_corr/log_ppl_diff_min:-0.03234085440635681 - rollout_corr/ppl_ratio:1.0002704858779907 - rollout_corr/chi2_token:0.0028647184371948242 - rollout_corr/chi2_seq:0.06371843814849854 - actor/pg_clipfrac:np.float64(0.0) - actor/ppo_kl:np.float64(0.0) - actor/pg_clipfrac_lower:np.float64(0.0) - actor/pg_loss:np.float64(-0.18559448421001434) - actor/loss:np.float64(-0.18559448421001434) - actor/grad_norm:np.float64(0.2807014286518097) - actor/lr:np.float64(1e-06) - actor/perf/max_memory_allocated_gb:np.float64(18.28457546234131) - actor/perf/max_memory_reserved_gb:np.float64(30.509765625) - actor/perf/cpu_memory_used_gb:np.float64(32.53672790527344) - perf/mfu/actor:np.float64(0.039304983793982416) - training/global_step:98 - training/epoch:0 - critic/score/mean:0.375 - critic/score/max:1.0 - critic/score/min:0.0 - critic/rewards/mean:0.375 - critic/rewards/max:1.0 - critic/rewards/min:0.0 - critic/advantages/mean:0.18559446930885315 - critic/advantages/max:2.4748666286468506 - critic/advantages/min:-1.6201815605163574 - critic/returns/mean:0.18559446930885315 - critic/returns/max:2.4748666286468506 - critic/returns/min:-1.6201815605163574 - response_length/mean:57.40625 - response_length/max:398.0 - response_length/min:4.0 - response_length/clip_ratio:0.03125 - response_length_non_aborted/mean:57.40625 - response_length_non_aborted/max:398.0 - response_length_non_aborted/min:4.0 - response_length_non_aborted/clip_ratio:0.03125 - response/aborted_ratio:0.0 - prompt_length/mean:144.25 - prompt_length/max:257.0 - prompt_length/min:90.0 - prompt_length/clip_ratio:0.25 - timing_s/gen:2.394794356019702 - timing_s/old_log_prob:1.1682261590030976 - timing_s/adv:0.23449780995724723 - timing_s/update_actor:2.1284463930060156 - timing_s/update_weights:1.0561899340245873 - timing_s/step:7.38105251500383 - timing_per_token_ms/adv:0.03528936191982652 - timing_per_token_ms/update_actor:0.32030795982031834 - timing_per_token_ms/gen:1.238900339379049 - perf/total_num_tokens:6645 - perf/time_per_step:7.38105251500383 - perf/throughput:900.2781089136515 - training/num_turns/mean:np.float64(2.0) - training/num_turns/max:np.int64(2) - training/num_turns/min:np.int64(2) - training/off_policy/trajectory_spans/mean:np.float64(1.0) - training/off_policy/trajectory_spans/max:np.float64(1.0) - training/off_policy/trajectory_spans/min:np.float64(1.0) - training/off_policy/trajectory_staleness/mean:np.float64(0.0) - training/off_policy/trajectory_staleness/max:np.float64(0.0) - training/off_policy/trajectory_staleness/min:np.float64(0.0) - training/off_policy/trajectory_staleness_worst/mean:np.float64(0.0) - training/off_policy/trajectory_staleness_worst/max:np.float64(0.0) - training/off_policy/trajectory_staleness_worst/min:np.float64(0.0)
[36m(TaskRunnerV1 pid=761016)[0m step:99 - global_seqlen/min:7657 - global_seqlen/max:7657 - global_seqlen/minmax_diff:0 - global_seqlen/balanced_min:7657 - global_seqlen/balanced_max:7657 - global_seqlen/mean:7657.0 - actor/entropy:0.6393545866012573 - training/rollout_probs_diff_valid:1 - training/rollout_probs_diff_max:0.06136983633041382 - training/rollout_probs_diff_mean:0.004591693636029959 - training/rollout_probs_diff_std:0.008341286331415176 - training/rollout_actor_probs_pearson_corr:0.9996091723442078 - rollout_corr/training_ppl:1.1855734586715698 - rollout_corr/training_log_ppl:0.12472212314605713 - rollout_corr/kl:0.0003739446692634374 - rollout_corr/k3_kl:0.0005957790999673307 - rollout_corr/rollout_ppl:1.1843599081039429 - rollout_corr/rollout_log_ppl:0.1240919828414917 - rollout_corr/log_ppl_diff:0.0006301453104242682 - rollout_corr/log_ppl_abs_diff:0.002267444971948862 - rollout_corr/log_ppl_diff_max:0.04239547252655029 - rollout_corr/log_ppl_diff_min:-0.02577841281890869 - rollout_corr/ppl_ratio:1.0006521940231323 - rollout_corr/chi2_token:0.001629948616027832 - rollout_corr/chi2_seq:0.05810415744781494 - actor/pg_clipfrac:np.float64(0.0) - actor/ppo_kl:np.float64(0.0) - actor/pg_clipfrac_lower:np.float64(0.0) - actor/pg_loss:np.float64(0.4800776243209839) - actor/loss:np.float64(0.4800776243209839) - actor/grad_norm:np.float64(0.16695065796375275) - actor/lr:np.float64(1e-06) - actor/perf/max_memory_allocated_gb:np.float64(18.28457546234131) - actor/perf/max_memory_reserved_gb:np.float64(30.509765625) - actor/perf/cpu_memory_used_gb:np.float64(32.54862594604492) - perf/mfu/actor:np.float64(0.04129968228392045) - training/global_step:99 - training/epoch:0 - critic/score/mean:0.5 - critic/score/max:1.0 - critic/score/min:0.0 - critic/rewards/mean:0.5 - critic/rewards/max:1.0 - critic/rewards/min:0.0 - critic/advantages/mean:-0.4800776243209839 - critic/advantages/max:1.6201815605163574 - critic/advantages/min:-1.6201815605163574 - critic/returns/mean:-0.4800776243209839 - critic/returns/max:1.6201815605163574 - critic/returns/min:-1.6201815605163574 - response_length/mean:113.78125 - response_length/max:512.0 - response_length/min:4.0 - response_length/clip_ratio:0.09375 - response_length_non_aborted/mean:113.78125 - response_length_non_aborted/max:512.0 - response_length_non_aborted/min:4.0 - response_length_non_aborted/clip_ratio:0.09375 - response/aborted_ratio:0.0 - prompt_length/mean:119.5 - prompt_length/max:133.0 - prompt_length/min:108.0 - prompt_length/clip_ratio:0.25 - timing_s/gen:4.427391116973013 - timing_s/old_log_prob:1.236969813995529 - timing_s/adv:0.23854372999630868 - timing_s/update_actor:2.306314935965929 - timing_s/update_weights:1.1037104970309883 - timing_s/step:9.690891847014427 - timing_per_token_ms/adv:0.031153680292060688 - timing_per_token_ms/update_actor:0.3012034655825949 - timing_per_token_ms/gen:1.1847447463133562 - perf/total_num_tokens:7657 - perf/time_per_step:9.690891847014427 - perf/throughput:790.1233571561291 - training/num_turns/mean:np.float64(2.0) - training/num_turns/max:np.int64(2) - training/num_turns/min:np.int64(2) - training/off_policy/trajectory_spans/mean:np.float64(1.0) - training/off_policy/trajectory_spans/max:np.float64(1.0) - training/off_policy/trajectory_spans/min:np.float64(1.0) - training/off_policy/trajectory_staleness/mean:np.float64(0.0) - training/off_policy/trajectory_staleness/max:np.float64(0.0) - training/off_policy/trajectory_staleness/min:np.float64(0.0) - training/off_policy/trajectory_staleness_worst/mean:np.float64(0.0) - training/off_policy/trajectory_staleness_worst/max:np.float64(0.0) - training/off_policy/trajectory_staleness_worst/min:np.float64(0.0)
[36m(TaskRunnerV1 pid=761016)[0m Dumped generations to /data2/hjk/projects/AI-HiddenState-ER/rl_audit/mathverse_text_qwen25_1p5b_grpo_answer_a0_clean_rerun512_seed42/validation_generations/100.jsonl
[36m(TaskRunnerV1 pid=761016)[0m step:100 - global_seqlen/min:7590 - global_seqlen/max:7590 - global_seqlen/minmax_diff:0 - global_seqlen/balanced_min:7590 - global_seqlen/balanced_max:7590 - global_seqlen/mean:7590.0 - actor/entropy:0.7274549007415771 - training/rollout_probs_diff_valid:1 - training/rollout_probs_diff_max:0.05941194295883179 - training/rollout_probs_diff_mean:0.004018587991595268 - training/rollout_probs_diff_std:0.007647388149052858 - training/rollout_actor_probs_pearson_corr:0.9997016787528992 - rollout_corr/training_ppl:1.209104061126709 - rollout_corr/training_log_ppl:0.12557461857795715 - rollout_corr/kl:0.000580054591409862 - rollout_corr/k3_kl:0.0005280359764583409 - rollout_corr/rollout_ppl:1.2078734636306763 - rollout_corr/rollout_log_ppl:0.1250220388174057 - rollout_corr/log_ppl_diff:0.0005525836022570729 - rollout_corr/log_ppl_abs_diff:0.002873131539672613 - rollout_corr/log_ppl_diff_max:0.039270877838134766 - rollout_corr/log_ppl_diff_min:-0.03914374113082886 - rollout_corr/ppl_ratio:1.0005857944488525 - rollout_corr/chi2_token:0.0009615421295166016 - rollout_corr/chi2_seq:0.002878904342651367 - actor/pg_clipfrac:np.float64(0.0) - actor/ppo_kl:np.float64(0.0) - actor/pg_clipfrac_lower:np.float64(0.0) - actor/pg_loss:np.float64(0.40250077843666077) - actor/loss:np.float64(0.40250077843666077) - actor/grad_norm:np.float64(0.15921977162361145) - actor/lr:np.float64(1e-06) - actor/perf/max_memory_allocated_gb:np.float64(18.28457546234131) - actor/perf/max_memory_reserved_gb:np.float64(30.509765625) - actor/perf/cpu_memory_used_gb:np.float64(32.550048828125) - perf/mfu/actor:np.float64(0.041046888244751625) - val-aux/MathVerseTextA0Clean/reward/mean@1:np.float64(0.46875) - val-core/MathVerseTextA0Clean/acc/mean@1:np.float64(0.46875) - val-aux/num_turns/min:np.int64(2) - val-aux/num_turns/max:np.int64(2) - val-aux/num_turns/mean:np.float64(2.0) - training/global_step:100 - training/epoch:0 - critic/score/mean:0.5 - critic/score/max:1.0 - critic/score/min:0.0 - critic/rewards/mean:0.5 - critic/rewards/max:1.0 - critic/rewards/min:0.0 - critic/advantages/mean:-0.40250077843666077 - critic/advantages/max:1.20761239528656 - critic/advantages/min:-2.4748666286468506 - critic/returns/mean:-0.40250077843666077 - critic/returns/max:1.20761239528656 - critic/returns/min:-2.4748666286468506 - response_length/mean:110.9375 - response_length/max:512.0 - response_length/min:4.0 - response_length/clip_ratio:0.03125 - response_length_non_aborted/mean:110.9375 - response_length_non_aborted/max:512.0 - response_length_non_aborted/min:4.0 - response_length_non_aborted/clip_ratio:0.03125 - response/aborted_ratio:0.0 - prompt_length/mean:120.25 - prompt_length/max:159.0 - prompt_length/min:103.0 - prompt_length/clip_ratio:0.25 - timing_s/gen:4.434291933954228 - timing_s/old_log_prob:1.2406406889786012 - timing_s/adv:0.23824296897510067 - timing_s/update_actor:2.307171883992851 - timing_s/update_weights:1.057744683988858 - timing_s/step:9.666638960014097 - timing_s/testing:4.476212129986379 - timing_per_token_ms/adv:0.031389060471027755 - timing_per_token_ms/update_actor:0.3039752152823255 - timing_per_token_ms/gen:1.2162073324065352 - perf/total_num_tokens:7590 - perf/time_per_step:9.666638960014097 - perf/throughput:785.1746642649961 - training/num_turns/mean:np.float64(2.0) - training/num_turns/max:np.int64(2) - training/num_turns/min:np.int64(2) - training/off_policy/trajectory_spans/mean:np.float64(1.0) - training/off_policy/trajectory_spans/max:np.float64(1.0) - training/off_policy/trajectory_spans/min:np.float64(1.0) - training/off_policy/trajectory_staleness/mean:np.float64(0.0) - training/off_policy/trajectory_staleness/max:np.float64(0.0) - training/off_policy/trajectory_staleness/min:np.float64(0.0) - training/off_policy/trajectory_staleness_worst/mean:np.float64(0.0) - training/off_policy/trajectory_staleness_worst/max:np.float64(0.0) - training/off_policy/trajectory_staleness_worst/min:np.float64(0.0)[36m(WorkerDict pid=762273)[0m INFO:2026-07-05 01:52:51,129:update_weights done, time cost: 0.35s
[36m(TaskRunnerV1 pid=761016)[0m Training Progress:  81%|████████  | 101/125 [15:51<04:10, 10.43s/it]
[36m(WorkerDict pid=762273)[0m INFO:2026-07-05 01:53:01,275:update_weights done, time cost: 0.35s
[36m(TaskRunnerV1 pid=761016)[0m Training Progress:  82%|████████▏ | 102/125 [16:01<03:58, 10.35s/it]
[36m(WorkerDict pid=762273)[0m INFO:2026-07-05 01:53:10,894:update_weights done, time cost: 0.37s
[36m(TaskRunnerV1 pid=761016)[0m Training Progress:  82%|████████▏ | 103/125 [16:11<03:42, 10.14s/it]

[36m(TaskRunnerV1 pid=761016)[0m step:101 - global_seqlen/min:6973 - global_seqlen/max:6973 - global_seqlen/minmax_diff:0 - global_seqlen/balanced_min:6973 - global_seqlen/balanced_max:6973 - global_seqlen/mean:6973.0 - actor/entropy:0.795060932636261 - training/rollout_probs_diff_valid:1 - training/rollout_probs_diff_max:0.058110058307647705 - training/rollout_probs_diff_mean:0.005192542914301157 - training/rollout_probs_diff_std:0.00846357923001051 - training/rollout_actor_probs_pearson_corr:0.999608039855957 - rollout_corr/training_ppl:1.1665959358215332 - rollout_corr/training_log_ppl:0.1076035350561142 - rollout_corr/kl:0.0006895979749970138 - rollout_corr/k3_kl:0.0006613630685023963 - rollout_corr/rollout_ppl:1.1659986972808838 - rollout_corr/rollout_log_ppl:0.10721999406814575 - rollout_corr/log_ppl_diff:0.0003835292300209403 - rollout_corr/log_ppl_abs_diff:0.0020915083587169647 - rollout_corr/log_ppl_diff_max:0.04357209801673889 - rollout_corr/log_ppl_diff_min:-0.021837979555130005 - rollout_corr/ppl_ratio:1.0004042387008667 - rollout_corr/chi2_token:0.0012657642364501953 - rollout_corr/chi2_seq:0.35294580459594727 - actor/pg_clipfrac:np.float64(0.0) - actor/ppo_kl:np.float64(0.0) - actor/pg_clipfrac_lower:np.float64(0.0) - actor/pg_loss:np.float64(0.14599066972732544) - actor/loss:np.float64(0.14599066972732544) - actor/grad_norm:np.float64(0.3068621754646301) - actor/lr:np.float64(1e-06) - actor/perf/max_memory_allocated_gb:np.float64(18.28457546234131) - actor/perf/max_memory_reserved_gb:np.float64(30.509765625) - actor/perf/cpu_memory_used_gb:np.float64(32.56365966796875) - perf/mfu/actor:np.float64(0.0403751225412622) - training/global_step:101 - training/epoch:0 - critic/score/mean:0.46875 - critic/score/max:1.0 - critic/score/min:0.0 - critic/rewards/mean:0.46875 - critic/rewards/max:1.0 - critic/rewards/min:0.0 - critic/advantages/mean:-0.14599069952964783 - critic/advantages/max:2.4748666286468506 - critic/advantages/min:-2.4748666286468506 - critic/returns/mean:-0.14599069952964783 - critic/returns/max:2.4748666286468506 - critic/returns/min:-2.4748666286468506 - response_length/mean:98.65625 - response_length/max:512.0 - response_length/min:4.0 - response_length/clip_ratio:0.0625 - response_length_non_aborted/mean:98.65625 - response_length_non_aborted/max:512.0 - response_length_non_aborted/min:4.0 - response_length_non_aborted/clip_ratio:0.0625 - response/aborted_ratio:0.0 - prompt_length/mean:113.25 - prompt_length/max:131.0 - prompt_length/min:95.0 - prompt_length/clip_ratio:0.25 - timing_s/gen:4.457458940974902 - timing_s/old_log_prob:1.1841218990157358 - timing_s/adv:0.23351742298109457 - timing_s/update_actor:2.177315147011541 - timing_s/update_weights:1.0410506470361724 - timing_s/step:9.482556953036692 - timing_per_token_ms/adv:0.03348880295154088 - timing_per_token_ms/update_actor:0.31224941158920705 - timing_per_token_ms/gen:1.3702609717106986 - perf/total_num_tokens:6973 - perf/time_per_step:9.482556953036692 - perf/throughput:735.3501839782748 - training/num_turns/mean:np.float64(2.0) - training/num_turns/max:np.int64(2) - training/num_turns/min:np.int64(2) - training/off_policy/trajectory_spans/mean:np.float64(1.0) - training/off_policy/trajectory_spans/max:np.float64(1.0) - training/off_policy/trajectory_spans/min:np.float64(1.0) - training/off_policy/trajectory_staleness/mean:np.float64(0.0) - training/off_policy/trajectory_staleness/max:np.float64(0.0) - training/off_policy/trajectory_staleness/min:np.float64(0.0) - training/off_policy/trajectory_staleness_worst/mean:np.float64(0.0) - training/off_policy/trajectory_staleness_worst/max:np.float64(0.0) - training/off_policy/trajectory_staleness_worst/min:np.float64(0.0)
[36m(TaskRunnerV1 pid=761016)[0m step:102 - global_seqlen/min:8803 - global_seqlen/max:8803 - global_seqlen/minmax_diff:0 - global_seqlen/balanced_min:8803 - global_seqlen/balanced_max:8803 - global_seqlen/mean:8803.0 - actor/entropy:0.7113283276557922 - training/rollout_probs_diff_valid:1 - training/rollout_probs_diff_max:0.06031215190887451 - training/rollout_probs_diff_mean:0.005008533596992493 - training/rollout_probs_diff_std:0.008702696301043034 - training/rollout_actor_probs_pearson_corr:0.9995781779289246 - rollout_corr/training_ppl:1.240454077720642 - rollout_corr/training_log_ppl:0.15061035752296448 - rollout_corr/kl:0.000534882303327322 - rollout_corr/k3_kl:0.0006067002541385591 - rollout_corr/rollout_ppl:1.2414284944534302 - rollout_corr/rollout_log_ppl:0.15120303630828857 - rollout_corr/log_ppl_diff:-0.0005926863523200154 - rollout_corr/log_ppl_abs_diff:0.002059963531792164 - rollout_corr/log_ppl_diff_max:0.026561737060546875 - rollout_corr/log_ppl_diff_min:-0.05375102162361145 - rollout_corr/ppl_ratio:0.9994333982467651 - rollout_corr/chi2_token:0.0013566017150878906 - rollout_corr/chi2_seq:0.012446999549865723 - actor/pg_clipfrac:np.float64(0.0) - actor/ppo_kl:np.float64(0.0) - actor/pg_clipfrac_lower:np.float64(0.0) - actor/pg_loss:np.float64(-0.0007543331594206393) - actor/loss:np.float64(-0.0007543331594206393) - actor/grad_norm:np.float64(0.1379031389951706) - actor/lr:np.float64(1e-06) - actor/perf/max_memory_allocated_gb:np.float64(18.28457546234131) - actor/perf/max_memory_reserved_gb:np.float64(30.509765625) - actor/perf/cpu_memory_used_gb:np.float64(32.57171630859375) - perf/mfu/actor:np.float64(0.04193444562878428) - training/global_step:102 - training/epoch:0 - critic/score/mean:0.40625 - critic/score/max:1.0 - critic/score/min:0.0 - critic/rewards/mean:0.40625 - critic/rewards/max:1.0 - critic/rewards/min:0.0 - critic/advantages/mean:0.0007543443352915347 - critic/advantages/max:1.6201815605163574 - critic/advantages/min:-1.6201815605163574 - critic/returns/mean:0.0007543443352915347 - critic/returns/max:1.6201815605163574 - critic/returns/min:-1.6201815605163574 - response_length/mean:163.09375 - response_length/max:512.0 - response_length/min:4.0 - response_length/clip_ratio:0.0625 - response_length_non_aborted/mean:163.09375 - response_length_non_aborted/max:512.0 - response_length_non_aborted/min:4.0 - response_length_non_aborted/clip_ratio:0.0625 - response/aborted_ratio:0.0 - prompt_length/mean:106.0 - prompt_length/max:126.0 - prompt_length/min:83.0 - prompt_length/clip_ratio:0.25 - timing_s/gen:4.44441104598809 - timing_s/old_log_prob:1.3329321490018629 - timing_s/adv:0.2368715389748104 - timing_s/update_actor:2.537411838013213 - timing_s/update_weights:1.0876648899866268 - timing_s/step:10.023336398997344 - timing_per_token_ms/adv:0.026908047140157945 - timing_per_token_ms/update_actor:0.28824398932332307 - timing_per_token_ms/gen:0.8362015138265457 - perf/total_num_tokens:8803 - perf/time_per_step:10.023336398997344 - perf/throughput:878.2504796387541 - training/num_turns/mean:np.float64(2.0) - training/num_turns/max:np.int64(2) - training/num_turns/min:np.int64(2) - training/off_policy/trajectory_spans/mean:np.float64(1.0) - training/off_policy/trajectory_spans/max:np.float64(1.0) - training/off_policy/trajectory_spans/min:np.float64(1.0) - training/off_policy/trajectory_staleness/mean:np.float64(0.0) - training/off_policy/trajectory_staleness/max:np.float64(0.0) - training/off_policy/trajectory_staleness/min:np.float64(0.0) - training/off_policy/trajectory_staleness_worst/mean:np.float64(0.0) - training/off_policy/trajectory_staleness_worst/max:np.float64(0.0) - training/off_policy/trajectory_staleness_worst/min:np.float64(0.0)
[36m(TaskRunnerV1 pid=761016)[0m step:103 - global_seqlen/min:6740 - global_seqlen/max:6740 - global_seqlen/minmax_diff:0 - global_seqlen/balanced_min:6740 - global_seqlen/balanced_max:6740 - global_seqlen/mean:6740.0 - actor/entropy:0.7813600301742554 - training/rollout_probs_diff_valid:1 - training/rollout_probs_diff_max:0.12282440066337585 - training/rollout_probs_diff_mean:0.005648236256092787 - training/rollout_probs_diff_std:0.009538433514535427 - training/rollout_actor_probs_pearson_corr:0.999504804611206 - rollout_corr/training_ppl:1.2098298072814941 - rollout_corr/training_log_ppl:0.135890394449234 - rollout_corr/kl:0.0010417245794087648 - rollout_corr/k3_kl:0.0007815720164217055 - rollout_corr/rollout_ppl:1.2071316242218018 - rollout_corr/rollout_log_ppl:0.1343110352754593 - rollout_corr/log_ppl_diff:0.001579349976964295 - rollout_corr/log_ppl_abs_diff:0.002516736276447773 - rollout_corr/log_ppl_diff_max:0.04239434003829956 - rollout_corr/log_ppl_diff_min:-0.011821478605270386 - rollout_corr/ppl_ratio:1.001607894897461 - rollout_corr/chi2_token:0.001076340675354004 - rollout_corr/chi2_seq:-0.005753874778747559 - actor/pg_clipfrac:np.float64(0.0) - actor/ppo_kl:np.float64(0.0) - actor/pg_clipfrac_lower:np.float64(0.0) - actor/pg_loss:np.float64(-0.16605302691459656) - actor/loss:np.float64(-0.16605302691459656) - actor/grad_norm:np.float64(0.19484436511993408) - actor/lr:np.float64(1e-06) - actor/perf/max_memory_allocated_gb:np.float64(18.28457546234131) - actor/perf/max_memory_reserved_gb:np.float64(30.509765625) - actor/perf/cpu_memory_used_gb:np.float64(32.55406188964844) - perf/mfu/actor:np.float64(0.039499513975865874) - training/global_step:103 - training/epoch:0 - critic/score/mean:0.25 - critic/score/max:1.0 - critic/score/min:0.0 - critic/rewards/mean:0.25 - critic/rewards/max:1.0 - critic/rewards/min:0.0 - critic/advantages/mean:0.16605305671691895 - critic/advantages/max:2.4748666286468506 - critic/advantages/min:-0.935412585735321 - critic/returns/mean:0.16605305671691895 - critic/returns/max:2.4748666286468506 - critic/returns/min:-0.935412585735321 - response_length/mean:105.375 - response_length/max:476.0 - response_length/min:4.0 - response_length/clip_ratio:0.03125 - response_length_non_aborted/mean:105.375 - response_length_non_aborted/max:476.0 - response_length_non_aborted/min:4.0 - response_length_non_aborted/clip_ratio:0.03125 - response/aborted_ratio:0.0 - prompt_length/mean:99.25 - prompt_length/max:107.0 - prompt_length/min:91.0 - prompt_length/clip_ratio:0.25 - timing_s/gen:4.447332999028731 - timing_s/old_log_prob:1.209936250001192 - timing_s/adv:0.23389390198281035 - timing_s/update_actor:2.1398562279646285 - timing_s/update_weights:1.0781117230071686 - timing_s/step:9.499801038997248 - timing_per_token_ms/adv:0.03470235934463062 - timing_per_token_ms/update_actor:0.31748608723510807 - timing_per_token_ms/gen:1.282391291530776 - perf/total_num_tokens:6740 - perf/time_per_step:9.499801038997248 - perf/throughput:709.4885432159999 - training/num_turns/mean:np.float64(2.0) - training/num_turns/max:np.int64(2) - training/num_turns/min:np.int64(2) - training/off_policy/trajectory_spans/mean:np.float64(1.0) - training/off_policy/trajectory_spans/max:np.float64(1.0) - training/off_policy/trajectory_spans/min:np.float64(1.0) - training/off_policy/trajectory_staleness/mean:np.float64(0.0) - training/off_policy/trajectory_staleness/max:np.float64(0.0) - training/off_policy/trajectory_staleness/min:np.float64(0.0) - training/off_policy/trajectory_staleness_worst/mean:np.float64(0.0) - training/off_policy/trajectory_staleness_worst/max:np.float64(0.0) - training/off_policy/trajectory_staleness_worst/min:np.float64(0.0)[36m(WorkerDict pid=762273)[0m INFO:2026-07-05 01:53:18,204:update_weights done, time cost: 0.40s
[36m(TaskRunnerV1 pid=761016)[0m Training Progress:  83%|████████▎ | 104/125 [16:18<03:15,  9.29s/it]
[36m(WorkerDict pid=762273)[0m INFO:2026-07-05 01:53:27,888:update_weights done, time cost: 0.38s
[36m(TaskRunnerV1 pid=761016)[0m Training Progress:  84%|████████▍ | 105/125 [16:28<03:08,  9.41s/it]
[36m(WorkerDict pid=762273)[0m INFO:2026-07-05 01:53:37,599:update_weights done, time cost: 0.37s
[36m(TaskRunnerV1 pid=761016)[0m Training Progress:  85%|████████▍ | 106/125 [16:38<03:00,  9.50s/it]

[36m(TaskRunnerV1 pid=761016)[0m step:104 - global_seqlen/min:5269 - global_seqlen/max:5269 - global_seqlen/minmax_diff:0 - global_seqlen/balanced_min:5269 - global_seqlen/balanced_max:5269 - global_seqlen/mean:5269.0 - actor/entropy:0.6886120438575745 - training/rollout_probs_diff_valid:1 - training/rollout_probs_diff_max:0.062043219804763794 - training/rollout_probs_diff_mean:0.005341844633221626 - training/rollout_probs_diff_std:0.00876743346452713 - training/rollout_actor_probs_pearson_corr:0.9995355606079102 - rollout_corr/training_ppl:1.1909193992614746 - rollout_corr/training_log_ppl:0.12472153455018997 - rollout_corr/kl:-0.0005058064707554877 - rollout_corr/k3_kl:0.0006347816088236868 - rollout_corr/rollout_ppl:1.1909129619598389 - rollout_corr/rollout_log_ppl:0.12456891685724258 - rollout_corr/log_ppl_diff:0.00015261734370142221 - rollout_corr/log_ppl_abs_diff:0.0011912017362192273 - rollout_corr/log_ppl_diff_max:0.013686269521713257 - rollout_corr/log_ppl_diff_min:-0.014022201299667358 - rollout_corr/ppl_ratio:1.0001575946807861 - rollout_corr/chi2_token:0.0035467147827148438 - rollout_corr/chi2_seq:0.05154275894165039 - actor/pg_clipfrac:np.float64(0.0) - actor/ppo_kl:np.float64(0.0) - actor/pg_clipfrac_lower:np.float64(0.0) - actor/pg_loss:np.float64(0.018313003703951836) - actor/loss:np.float64(0.018313003703951836) - actor/grad_norm:np.float64(0.27257388830184937) - actor/lr:np.float64(1e-06) - actor/perf/max_memory_allocated_gb:np.float64(18.28457546234131) - actor/perf/max_memory_reserved_gb:np.float64(30.509765625) - actor/perf/cpu_memory_used_gb:np.float64(32.54804611206055) - perf/mfu/actor:np.float64(0.03425005144516044) - training/global_step:104 - training/epoch:0 - critic/score/mean:0.46875 - critic/score/max:1.0 - critic/score/min:0.0 - critic/rewards/mean:0.46875 - critic/rewards/max:1.0 - critic/rewards/min:0.0 - critic/advantages/mean:-0.018312999978661537 - critic/advantages/max:2.4748666286468506 - critic/advantages/min:-2.4748666286468506 - critic/returns/mean:-0.018312999978661537 - critic/returns/max:2.4748666286468506 - critic/returns/min:-2.4748666286468506 - response_length/mean:58.40625 - response_length/max:366.0 - response_length/min:4.0 - response_length/clip_ratio:0.03125 - response_length_non_aborted/mean:58.40625 - response_length_non_aborted/max:366.0 - response_length_non_aborted/min:4.0 - response_length_non_aborted/clip_ratio:0.03125 - response/aborted_ratio:0.0 - prompt_length/mean:100.25 - prompt_length/max:109.0 - prompt_length/min:86.0 - prompt_length/clip_ratio:0.25 - timing_s/gen:2.4048887779936194 - timing_s/old_log_prob:1.1009144660201855 - timing_s/adv:0.2383899639826268 - timing_s/update_actor:1.966344375978224 - timing_s/update_weights:1.0957313440158032 - timing_s/step:7.195047993038315 - timing_per_token_ms/adv:0.04524387245827041 - timing_per_token_ms/update_actor:0.373191189215833 - timing_per_token_ms/gen:1.2238619735336487 - perf/total_num_tokens:5269 - perf/time_per_step:7.195047993038315 - perf/throughput:732.309222273167 - training/num_turns/mean:np.float64(2.0) - training/num_turns/max:np.int64(2) - training/num_turns/min:np.int64(2) - training/off_policy/trajectory_spans/mean:np.float64(1.0) - training/off_policy/trajectory_spans/max:np.float64(1.0) - training/off_policy/trajectory_spans/min:np.float64(1.0) - training/off_policy/trajectory_staleness/mean:np.float64(0.0) - training/off_policy/trajectory_staleness/max:np.float64(0.0) - training/off_policy/trajectory_staleness/min:np.float64(0.0) - training/off_policy/trajectory_staleness_worst/mean:np.float64(0.0) - training/off_policy/trajectory_staleness_worst/max:np.float64(0.0) - training/off_policy/trajectory_staleness_worst/min:np.float64(0.0)
[36m(TaskRunnerV1 pid=761016)[0m step:105 - global_seqlen/min:6951 - global_seqlen/max:6951 - global_seqlen/minmax_diff:0 - global_seqlen/balanced_min:6951 - global_seqlen/balanced_max:6951 - global_seqlen/mean:6951.0 - actor/entropy:0.7189195156097412 - training/rollout_probs_diff_valid:1 - training/rollout_probs_diff_max:0.07829326391220093 - training/rollout_probs_diff_mean:0.005016292445361614 - training/rollout_probs_diff_std:0.008749885484576225 - training/rollout_actor_probs_pearson_corr:0.9995740056037903 - rollout_corr/training_ppl:1.1850723028182983 - rollout_corr/training_log_ppl:0.12509411573410034 - rollout_corr/kl:0.00036200680187903345 - rollout_corr/k3_kl:0.0005928099853917956 - rollout_corr/rollout_ppl:1.1846740245819092 - rollout_corr/rollout_log_ppl:0.1248173862695694 - rollout_corr/log_ppl_diff:0.0002767398254945874 - rollout_corr/log_ppl_abs_diff:0.0017735095461830497 - rollout_corr/log_ppl_diff_max:0.029366761445999146 - rollout_corr/log_ppl_diff_min:-0.0509968101978302 - rollout_corr/ppl_ratio:1.0002955198287964 - rollout_corr/chi2_token:0.0016533136367797852 - rollout_corr/chi2_seq:0.03826141357421875 - actor/pg_clipfrac:np.float64(0.0) - actor/ppo_kl:np.float64(0.0) - actor/pg_clipfrac_lower:np.float64(0.0) - actor/pg_loss:np.float64(-0.0006443692254833877) - actor/loss:np.float64(-0.0006443692254833877) - actor/grad_norm:np.float64(0.18347951769828796) - actor/lr:np.float64(1e-06) - actor/perf/max_memory_allocated_gb:np.float64(18.28457546234131) - actor/perf/max_memory_reserved_gb:np.float64(30.509765625) - actor/perf/cpu_memory_used_gb:np.float64(32.559322357177734) - perf/mfu/actor:np.float64(0.04042296577071454) - training/global_step:105 - training/epoch:0 - critic/score/mean:0.28125 - critic/score/max:1.0 - critic/score/min:0.0 - critic/rewards/mean:0.28125 - critic/rewards/max:1.0 - critic/rewards/min:0.0 - critic/advantages/mean:0.0006443741731345654 - critic/advantages/max:2.4748666286468506 - critic/advantages/min:-0.935412585735321 - critic/returns/mean:0.0006443741731345654 - critic/returns/max:2.4748666286468506 - critic/returns/min:-0.935412585735321 - response_length/mean:105.71875 - response_length/max:512.0 - response_length/min:4.0 - response_length/clip_ratio:0.03125 - response_length_non_aborted/mean:105.71875 - response_length_non_aborted/max:512.0 - response_length_non_aborted/min:4.0 - response_length_non_aborted/clip_ratio:0.03125 - response/aborted_ratio:0.0 - prompt_length/mean:105.5 - prompt_length/max:113.0 - prompt_length/min:102.0 - prompt_length/clip_ratio:0.25 - timing_s/gen:4.432405465980992 - timing_s/old_log_prob:1.208937767019961 - timing_s/adv:0.23933169897645712 - timing_s/update_actor:2.159587048983667 - timing_s/update_weights:1.1121138079906814 - timing_s/step:9.55057250201935 - timing_per_token_ms/adv:0.03443126154171445 - timing_per_token_ms/update_actor:0.3106872462931473 - timing_per_token_ms/gen:1.2740458367292302 - perf/total_num_tokens:6951 - perf/time_per_step:9.55057250201935 - perf/throughput:727.8097725063391 - training/num_turns/mean:np.float64(2.0) - training/num_turns/max:np.int64(2) - training/num_turns/min:np.int64(2) - training/off_policy/trajectory_spans/mean:np.float64(1.0) - training/off_policy/trajectory_spans/max:np.float64(1.0) - training/off_policy/trajectory_spans/min:np.float64(1.0) - training/off_policy/trajectory_staleness/mean:np.float64(0.0) - training/off_policy/trajectory_staleness/max:np.float64(0.0) - training/off_policy/trajectory_staleness/min:np.float64(0.0) - training/off_policy/trajectory_staleness_worst/mean:np.float64(0.0) - training/off_policy/trajectory_staleness_worst/max:np.float64(0.0) - training/off_policy/trajectory_staleness_worst/min:np.float64(0.0)
[36m(TaskRunnerV1 pid=761016)[0m step:106 - global_seqlen/min:7517 - global_seqlen/max:7517 - global_seqlen/minmax_diff:0 - global_seqlen/balanced_min:7517 - global_seqlen/balanced_max:7517 - global_seqlen/mean:7517.0 - actor/entropy:0.7604132294654846 - training/rollout_probs_diff_valid:1 - training/rollout_probs_diff_max:0.10568058490753174 - training/rollout_probs_diff_mean:0.0038750472012907267 - training/rollout_probs_diff_std:0.008221672847867012 - training/rollout_actor_probs_pearson_corr:0.9996764063835144 - rollout_corr/training_ppl:1.2295129299163818 - rollout_corr/training_log_ppl:0.10540410876274109 - rollout_corr/kl:-0.0003257762873545289 - rollout_corr/k3_kl:0.0005993332015350461 - rollout_corr/rollout_ppl:1.231064796447754 - rollout_corr/rollout_log_ppl:0.10659635066986084 - rollout_corr/log_ppl_diff:-0.0011922512203454971 - rollout_corr/log_ppl_abs_diff:0.0021363000851124525 - rollout_corr/log_ppl_diff_max:0.01869526505470276 - rollout_corr/log_ppl_diff_min:-0.039144158363342285 - rollout_corr/ppl_ratio:0.9988315105438232 - rollout_corr/chi2_token:0.0030554533004760742 - rollout_corr/chi2_seq:0.06548058986663818 - actor/pg_clipfrac:np.float64(0.0) - actor/ppo_kl:np.float64(0.0) - actor/pg_clipfrac_lower:np.float64(0.0) - actor/pg_loss:np.float64(0.07970429956912994) - actor/loss:np.float64(0.07970429956912994) - actor/grad_norm:np.float64(0.22377559542655945) - actor/lr:np.float64(1e-06) - actor/perf/max_memory_allocated_gb:np.float64(18.28457546234131) - actor/perf/max_memory_reserved_gb:np.float64(30.509765625) - actor/perf/cpu_memory_used_gb:np.float64(32.56032180786133) - perf/mfu/actor:np.float64(0.041230372327566864) - training/global_step:106 - training/epoch:0 - critic/score/mean:0.5625 - critic/score/max:1.0 - critic/score/min:0.0 - critic/rewards/mean:0.5625 - critic/rewards/max:1.0 - critic/rewards/min:0.0 - critic/advantages/mean:-0.079704150557518 - critic/advantages/max:1.6201815605163574 - critic/advantages/min:-2.4748666286468506 - critic/returns/mean:-0.079704150557518 - critic/returns/max:1.6201815605163574 - critic/returns/min:-2.4748666286468506 - response_length/mean:110.15625 - response_length/max:512.0 - response_length/min:4.0 - response_length/clip_ratio:0.125 - response_length_non_aborted/mean:110.15625 - response_length_non_aborted/max:512.0 - response_length_non_aborted/min:4.0 - response_length_non_aborted/clip_ratio:0.125 - response/aborted_ratio:0.0 - prompt_length/mean:118.75 - prompt_length/max:174.0 - prompt_length/min:81.0 - prompt_length/clip_ratio:0.25 - timing_s/gen:4.420118000998627 - timing_s/old_log_prob:1.2127225139993243 - timing_s/adv:0.23920190101489425 - timing_s/update_actor:2.1991921960143372 - timing_s/update_weights:1.0990248959860764 - timing_s/step:9.554946607036982 - timing_per_token_ms/adv:0.03182145816348201 - timing_per_token_ms/update_actor:0.29256248450370326 - timing_per_token_ms/gen:1.2206898649540534 - perf/total_num_tokens:7517 - perf/time_per_step:9.554946607036982 - perf/throughput:786.7129256864623 - training/num_turns/mean:np.float64(2.0) - training/num_turns/max:np.int64(2) - training/num_turns/min:np.int64(2) - training/off_policy/trajectory_spans/mean:np.float64(1.0) - training/off_policy/trajectory_spans/max:np.float64(1.0) - training/off_policy/trajectory_spans/min:np.float64(1.0) - training/off_policy/trajectory_staleness/mean:np.float64(0.0) - training/off_policy/trajectory_staleness/max:np.float64(0.0) - training/off_policy/trajectory_staleness/min:np.float64(0.0) - training/off_policy/trajectory_staleness_worst/mean:np.float64(0.0) - training/off_policy/trajectory_staleness_worst/max:np.float64(0.0) - training/off_policy/trajectory_staleness_worst/min:np.float64(0.0)[36m(WorkerDict pid=762273)[0m INFO:2026-07-05 01:53:48,261:update_weights done, time cost: 0.40s
[36m(TaskRunnerV1 pid=761016)[0m Training Progress:  86%|████████▌ | 107/125 [16:48<02:57,  9.85s/it]
[36m(WorkerDict pid=762273)[0m INFO:2026-07-05 01:53:55,519:update_weights done, time cost: 0.35s
[36m(TaskRunnerV1 pid=761016)[0m Training Progress:  86%|████████▋ | 108/125 [16:56<02:34,  9.06s/it]
[36m(WorkerDict pid=762273)[0m INFO:2026-07-05 01:54:05,401:update_weights done, time cost: 0.38s
[36m(TaskRunnerV1 pid=761016)[0m Training Progress:  87%|████████▋ | 109/125 [17:06<02:29,  9.32s/it]

[36m(TaskRunnerV1 pid=761016)[0m step:107 - global_seqlen/min:9631 - global_seqlen/max:9631 - global_seqlen/minmax_diff:0 - global_seqlen/balanced_min:9631 - global_seqlen/balanced_max:9631 - global_seqlen/mean:9631.0 - actor/entropy:0.6507948637008667 - training/rollout_probs_diff_valid:1 - training/rollout_probs_diff_max:0.10865581035614014 - training/rollout_probs_diff_mean:0.0050601172260940075 - training/rollout_probs_diff_std:0.008802052587270737 - training/rollout_actor_probs_pearson_corr:0.999548077583313 - rollout_corr/training_ppl:1.2328190803527832 - rollout_corr/training_log_ppl:0.1485365480184555 - rollout_corr/kl:0.00039781146915629506 - rollout_corr/k3_kl:0.0006485370104201138 - rollout_corr/rollout_ppl:1.2327641248703003 - rollout_corr/rollout_log_ppl:0.14875037968158722 - rollout_corr/log_ppl_diff:-0.00021382770501077175 - rollout_corr/log_ppl_abs_diff:0.0013517439365386963 - rollout_corr/log_ppl_diff_max:0.018421918153762817 - rollout_corr/log_ppl_diff_min:-0.02282962203025818 - rollout_corr/ppl_ratio:0.999794065952301 - rollout_corr/chi2_token:0.001798391342163086 - rollout_corr/chi2_seq:0.3201625347137451 - actor/pg_clipfrac:np.float64(0.0) - actor/ppo_kl:np.float64(0.0) - actor/pg_clipfrac_lower:np.float64(0.0) - actor/pg_loss:np.float64(-0.09159392863512039) - actor/loss:np.float64(-0.09159392863512039) - actor/grad_norm:np.float64(0.09228796511888504) - actor/lr:np.float64(1e-06) - actor/perf/max_memory_allocated_gb:np.float64(18.28457546234131) - actor/perf/max_memory_reserved_gb:np.float64(30.509765625) - actor/perf/cpu_memory_used_gb:np.float64(32.57878112792969) - perf/mfu/actor:np.float64(0.041247935423752) - training/global_step:107 - training/epoch:0 - critic/score/mean:0.125 - critic/score/max:1.0 - critic/score/min:0.0 - critic/rewards/mean:0.125 - critic/rewards/max:1.0 - critic/rewards/min:0.0 - critic/advantages/mean:0.09159394353628159 - critic/advantages/max:2.4748666286468506 - critic/advantages/min:-0.5400605201721191 - critic/returns/mean:0.09159394353628159 - critic/returns/max:2.4748666286468506 - critic/returns/min:-0.5400605201721191 - response_length/mean:192.96875 - response_length/max:512.0 - response_length/min:4.0 - response_length/clip_ratio:0.03125 - response_length_non_aborted/mean:192.96875 - response_length_non_aborted/max:512.0 - response_length_non_aborted/min:4.0 - response_length_non_aborted/clip_ratio:0.03125 - response/aborted_ratio:0.0 - prompt_length/mean:102.0 - prompt_length/max:113.0 - prompt_length/min:86.0 - prompt_length/clip_ratio:0.25 - timing_s/gen:4.451928208989557 - timing_s/old_log_prob:1.4228002050076611 - timing_s/adv:0.23977136000758037 - timing_s/update_actor:2.8320970510249026 - timing_s/update_weights:1.1967771879862994 - timing_s/step:10.544562757015228 - timing_per_token_ms/adv:0.02489579067672935 - timing_per_token_ms/update_actor:0.29406053899126805 - timing_per_token_ms/gen:0.7099231715818142 - perf/total_num_tokens:9631 - perf/time_per_step:10.544562757015228 - perf/throughput:913.3617222385593 - training/num_turns/mean:np.float64(2.0) - training/num_turns/max:np.int64(2) - training/num_turns/min:np.int64(2) - training/off_policy/trajectory_spans/mean:np.float64(1.0) - training/off_policy/trajectory_spans/max:np.float64(1.0) - training/off_policy/trajectory_spans/min:np.float64(1.0) - training/off_policy/trajectory_staleness/mean:np.float64(0.0) - training/off_policy/trajectory_staleness/max:np.float64(0.0) - training/off_policy/trajectory_staleness/min:np.float64(0.0) - training/off_policy/trajectory_staleness_worst/mean:np.float64(0.0) - training/off_policy/trajectory_staleness_worst/max:np.float64(0.0) - training/off_policy/trajectory_staleness_worst/min:np.float64(0.0)
[36m(TaskRunnerV1 pid=761016)[0m step:108 - global_seqlen/min:5292 - global_seqlen/max:5292 - global_seqlen/minmax_diff:0 - global_seqlen/balanced_min:5292 - global_seqlen/balanced_max:5292 - global_seqlen/mean:5292.0 - actor/entropy:0.6314679980278015 - training/rollout_probs_diff_valid:1 - training/rollout_probs_diff_max:0.09266012907028198 - training/rollout_probs_diff_mean:0.004562320187687874 - training/rollout_probs_diff_std:0.008520472794771194 - training/rollout_actor_probs_pearson_corr:0.9995955228805542 - rollout_corr/training_ppl:1.1677238941192627 - rollout_corr/training_log_ppl:0.11484378576278687 - rollout_corr/kl:0.0007906694081611931 - rollout_corr/k3_kl:0.0005390694132074714 - rollout_corr/rollout_ppl:1.167299509048462 - rollout_corr/rollout_log_ppl:0.11446304619312286 - rollout_corr/log_ppl_diff:0.0003807359025813639 - rollout_corr/log_ppl_abs_diff:0.0027565215714275837 - rollout_corr/log_ppl_diff_max:0.042373597621917725 - rollout_corr/log_ppl_diff_min:-0.03570494055747986 - rollout_corr/ppl_ratio:1.0004128217697144 - rollout_corr/chi2_token:0.0005723237991333008 - rollout_corr/chi2_seq:-0.01283198595046997 - actor/pg_clipfrac:np.float64(0.0) - actor/ppo_kl:np.float64(0.0) - actor/pg_clipfrac_lower:np.float64(0.0) - actor/pg_loss:np.float64(0.25012168288230896) - actor/loss:np.float64(0.25012168288230896) - actor/grad_norm:np.float64(0.1739824265241623) - actor/lr:np.float64(1e-06) - actor/perf/max_memory_allocated_gb:np.float64(18.28457546234131) - actor/perf/max_memory_reserved_gb:np.float64(30.509765625) - actor/perf/cpu_memory_used_gb:np.float64(32.553775787353516) - perf/mfu/actor:np.float64(0.03465838703084412) - training/global_step:108 - training/epoch:0 - critic/score/mean:0.1875 - critic/score/max:1.0 - critic/score/min:0.0 - critic/rewards/mean:0.1875 - critic/rewards/max:1.0 - critic/rewards/min:0.0 - critic/advantages/mean:-0.25012171268463135 - critic/advantages/max:2.4748666286468506 - critic/advantages/min:-0.7245674133300781 - critic/returns/mean:-0.25012171268463135 - critic/returns/max:2.4748666286468506 - critic/returns/min:-0.7245674133300781 - response_length/mean:54.625 - response_length/max:427.0 - response_length/min:4.0 - response_length/clip_ratio:0.03125 - response_length_non_aborted/mean:54.625 - response_length_non_aborted/max:427.0 - response_length_non_aborted/min:4.0 - response_length_non_aborted/clip_ratio:0.03125 - response/aborted_ratio:0.0 - prompt_length/mean:104.75 - prompt_length/max:119.0 - prompt_length/min:96.0 - prompt_length/clip_ratio:0.25 - timing_s/gen:2.3891692360048182 - timing_s/old_log_prob:1.0985722839832306 - timing_s/adv:0.23577989701880142 - timing_s/update_actor:1.9509768260177225 - timing_s/update_weights:1.0293802520027384 - timing_s/step:7.095412821974605 - timing_per_token_ms/adv:0.04455402437997003 - timing_per_token_ms/update_actor:0.36866531103887423 - timing_per_token_ms/gen:1.2956449219115067 - perf/total_num_tokens:5292 - perf/time_per_step:7.095412821974605 - perf/throughput:745.8339821483808 - training/num_turns/mean:np.float64(2.0) - training/num_turns/max:np.int64(2) - training/num_turns/min:np.int64(2) - training/off_policy/trajectory_spans/mean:np.float64(1.0) - training/off_policy/trajectory_spans/max:np.float64(1.0) - training/off_policy/trajectory_spans/min:np.float64(1.0) - training/off_policy/trajectory_staleness/mean:np.float64(0.0) - training/off_policy/trajectory_staleness/max:np.float64(0.0) - training/off_policy/trajectory_staleness/min:np.float64(0.0) - training/off_policy/trajectory_staleness_worst/mean:np.float64(0.0) - training/off_policy/trajectory_staleness_worst/max:np.float64(0.0) - training/off_policy/trajectory_staleness_worst/min:np.float64(0.0)
[36m(TaskRunnerV1 pid=761016)[0m step:109 - global_seqlen/min:7855 - global_seqlen/max:7855 - global_seqlen/minmax_diff:0 - global_seqlen/balanced_min:7855 - global_seqlen/balanced_max:7855 - global_seqlen/mean:7855.0 - actor/entropy:0.8774967789649963 - training/rollout_probs_diff_valid:1 - training/rollout_probs_diff_max:0.06767836213111877 - training/rollout_probs_diff_mean:0.005461559630930424 - training/rollout_probs_diff_std:0.008921475149691105 - training/rollout_actor_probs_pearson_corr:0.9995840787887573 - rollout_corr/training_ppl:1.233018398284912 - rollout_corr/training_log_ppl:0.14909200370311737 - rollout_corr/kl:0.0005065908771939576 - rollout_corr/k3_kl:0.0007258621044456959 - rollout_corr/rollout_ppl:1.2329798936843872 - rollout_corr/rollout_log_ppl:0.1493835300207138 - rollout_corr/log_ppl_diff:-0.0002915321383625269 - rollout_corr/log_ppl_abs_diff:0.003408447839319706 - rollout_corr/log_ppl_diff_max:0.07428282499313354 - rollout_corr/log_ppl_diff_min:-0.036018550395965576 - rollout_corr/ppl_ratio:0.999760627746582 - rollout_corr/chi2_token:0.0018889904022216797 - rollout_corr/chi2_seq:0.014801502227783203 - actor/pg_clipfrac:np.float64(0.0) - actor/ppo_kl:np.float64(0.0) - actor/pg_clipfrac_lower:np.float64(0.0) - actor/pg_loss:np.float64(-0.0990651473402977) - actor/loss:np.float64(-0.0990651473402977) - actor/grad_norm:np.float64(0.20222316682338715) - actor/lr:np.float64(1e-06) - actor/perf/max_memory_allocated_gb:np.float64(18.28457546234131) - actor/perf/max_memory_reserved_gb:np.float64(30.509765625) - actor/perf/cpu_memory_used_gb:np.float64(32.57255554199219) - perf/mfu/actor:np.float64(0.04140096252816458) - training/global_step:109 - training/epoch:0 - critic/score/mean:0.125 - critic/score/max:1.0 - critic/score/min:0.0 - critic/rewards/mean:0.125 - critic/rewards/max:1.0 - critic/rewards/min:0.0 - critic/advantages/mean:0.09906519204378128 - critic/advantages/max:2.4748666286468506 - critic/advantages/min:-0.5400605201721191 - critic/returns/mean:0.09906519204378128 - critic/returns/max:2.4748666286468506 - critic/returns/min:-0.5400605201721191 - response_length/mean:112.96875 - response_length/max:512.0 - response_length/min:4.0 - response_length/clip_ratio:0.03125 - response_length_non_aborted/mean:112.96875 - response_length_non_aborted/max:512.0 - response_length_non_aborted/min:4.0 - response_length_non_aborted/clip_ratio:0.03125 - response/aborted_ratio:0.0 - prompt_length/mean:126.5 - prompt_length/max:196.0 - prompt_length/min:95.0 - prompt_length/clip_ratio:0.25 - timing_s/gen:4.431832936999854 - timing_s/old_log_prob:1.2475993619882502 - timing_s/adv:0.2168243090272881 - timing_s/update_actor:2.351881925947964 - timing_s/update_weights:1.1444619580288418 - timing_s/step:9.780309862049762 - timing_per_token_ms/adv:0.02760334933510988 - timing_per_token_ms/update_actor:0.2994120847801355 - timing_per_token_ms/gen:1.1942422357854632 - perf/total_num_tokens:7855 - perf/time_per_step:9.780309862049762 - perf/throughput:803.1442879411742 - training/num_turns/mean:np.float64(2.0) - training/num_turns/max:np.int64(2) - training/num_turns/min:np.int64(2) - training/off_policy/trajectory_spans/mean:np.float64(1.0) - training/off_policy/trajectory_spans/max:np.float64(1.0) - training/off_policy/trajectory_spans/min:np.float64(1.0) - training/off_policy/trajectory_staleness/mean:np.float64(0.0) - training/off_policy/trajectory_staleness/max:np.float64(0.0) - training/off_policy/trajectory_staleness/min:np.float64(0.0) - training/off_policy/trajectory_staleness_worst/mean:np.float64(0.0) - training/off_policy/trajectory_staleness_worst/max:np.float64(0.0) - training/off_policy/trajectory_staleness_worst/min:np.float64(0.0)[36m(WorkerDict pid=762273)[0m INFO:2026-07-05 01:54:12,773:update_weights done, time cost: 0.39s
[36m(TaskRunnerV1 pid=761016)[0m Training Progress:  88%|████████▊ | 110/125 [17:13<02:12,  8.81s/it]
[36m(WorkerDict pid=762273)[0m INFO:2026-07-05 01:54:20,653:update_weights done, time cost: 0.35s
[36m(TaskRunnerV1 pid=761016)[0m Training Progress:  89%|████████▉ | 111/125 [17:21<01:58,  8.44s/it]
[36m(WorkerDict pid=762273)[0m INFO:2026-07-05 01:54:31,137:update_weights done, time cost: 0.41s
[36m(TaskRunnerV1 pid=761016)[0m Training Progress:  90%|████████▉ | 112/125 [17:31<01:57,  9.07s/it]

[36m(TaskRunnerV1 pid=761016)[0m step:110 - global_seqlen/min:5502 - global_seqlen/max:5502 - global_seqlen/minmax_diff:0 - global_seqlen/balanced_min:5502 - global_seqlen/balanced_max:5502 - global_seqlen/mean:5502.0 - actor/entropy:0.989824652671814 - training/rollout_probs_diff_valid:1 - training/rollout_probs_diff_max:0.05475902557373047 - training/rollout_probs_diff_mean:0.005571916699409485 - training/rollout_probs_diff_std:0.008673964999616146 - training/rollout_actor_probs_pearson_corr:0.9996098279953003 - rollout_corr/training_ppl:1.1903855800628662 - rollout_corr/training_log_ppl:0.11194959282875061 - rollout_corr/kl:0.0012508955551311374 - rollout_corr/k3_kl:0.0007183538982644677 - rollout_corr/rollout_ppl:1.190426230430603 - rollout_corr/rollout_log_ppl:0.11195141822099686 - rollout_corr/log_ppl_diff:-1.8342980183660984e-06 - rollout_corr/log_ppl_abs_diff:0.0015732507454231381 - rollout_corr/log_ppl_diff_max:0.01469394564628601 - rollout_corr/log_ppl_diff_min:-0.024698466062545776 - rollout_corr/ppl_ratio:1.0000090599060059 - rollout_corr/chi2_token:0.00036406517028808594 - rollout_corr/chi2_seq:-0.009482800960540771 - actor/pg_clipfrac:np.float64(0.0) - actor/ppo_kl:np.float64(0.0) - actor/pg_clipfrac_lower:np.float64(0.0) - actor/pg_loss:np.float64(0.09610945731401443) - actor/loss:np.float64(0.09610945731401443) - actor/grad_norm:np.float64(0.2509418725967407) - actor/lr:np.float64(1e-06) - actor/perf/max_memory_allocated_gb:np.float64(18.28457546234131) - actor/perf/max_memory_reserved_gb:np.float64(30.509765625) - actor/perf/cpu_memory_used_gb:np.float64(32.55910873413086) - perf/mfu/actor:np.float64(0.03518835273825101) - training/global_step:110 - training/epoch:0 - critic/score/mean:0.1875 - critic/score/max:1.0 - critic/score/min:0.0 - critic/rewards/mean:0.1875 - critic/rewards/max:1.0 - critic/rewards/min:0.0 - critic/advantages/mean:-0.09610944986343384 - critic/advantages/max:2.4748666286468506 - critic/advantages/min:-1.20761239528656 - critic/returns/mean:-0.09610944986343384 - critic/returns/max:2.4748666286468506 - critic/returns/min:-1.20761239528656 - response_length/mean:58.4375 - response_length/max:409.0 - response_length/min:4.0 - response_length/clip_ratio:0.03125 - response_length_non_aborted/mean:58.4375 - response_length_non_aborted/max:409.0 - response_length_non_aborted/min:4.0 - response_length_non_aborted/clip_ratio:0.03125 - response/aborted_ratio:0.0 - prompt_length/mean:107.5 - prompt_length/max:147.0 - prompt_length/min:85.0 - prompt_length/clip_ratio:0.25 - timing_s/gen:2.4084172470029444 - timing_s/old_log_prob:1.1157467649900354 - timing_s/adv:0.23360613797558472 - timing_s/update_actor:1.9876965429866686 - timing_s/update_weights:1.0555926829692908 - timing_s/step:7.191739097994287 - timing_per_token_ms/adv:0.042458403848706784 - timing_per_token_ms/update_actor:0.36126800126984165 - timing_per_token_ms/gen:1.2250342049862382 - perf/total_num_tokens:5502 - perf/time_per_step:7.191739097994287 - perf/throughput:765.0444384911655 - training/num_turns/mean:np.float64(2.0) - training/num_turns/max:np.int64(2) - training/num_turns/min:np.int64(2) - training/off_policy/trajectory_spans/mean:np.float64(1.0) - training/off_policy/trajectory_spans/max:np.float64(1.0) - training/off_policy/trajectory_spans/min:np.float64(1.0) - training/off_policy/trajectory_staleness/mean:np.float64(0.0) - training/off_policy/trajectory_staleness/max:np.float64(0.0) - training/off_policy/trajectory_staleness/min:np.float64(0.0) - training/off_policy/trajectory_staleness_worst/mean:np.float64(0.0) - training/off_policy/trajectory_staleness_worst/max:np.float64(0.0) - training/off_policy/trajectory_staleness_worst/min:np.float64(0.0)
[36m(TaskRunnerV1 pid=761016)[0m step:111 - global_seqlen/min:7046 - global_seqlen/max:7046 - global_seqlen/minmax_diff:0 - global_seqlen/balanced_min:7046 - global_seqlen/balanced_max:7046 - global_seqlen/mean:7046.0 - actor/entropy:0.6378591060638428 - training/rollout_probs_diff_valid:1 - training/rollout_probs_diff_max:0.060920774936676025 - training/rollout_probs_diff_mean:0.004668649286031723 - training/rollout_probs_diff_std:0.008332162164151669 - training/rollout_actor_probs_pearson_corr:0.9996011853218079 - rollout_corr/training_ppl:1.1606789827346802 - rollout_corr/training_log_ppl:0.11758095771074295 - rollout_corr/kl:0.0009440810536034405 - rollout_corr/k3_kl:0.0005554638337343931 - rollout_corr/rollout_ppl:1.1614960432052612 - rollout_corr/rollout_log_ppl:0.11808930337429047 - rollout_corr/log_ppl_diff:-0.0005083475261926651 - rollout_corr/log_ppl_abs_diff:0.0021035978570580482 - rollout_corr/log_ppl_diff_max:0.02197173237800598 - rollout_corr/log_ppl_diff_min:-0.032287806272506714 - rollout_corr/ppl_ratio:0.9995110630989075 - rollout_corr/chi2_token:0.00033032894134521484 - rollout_corr/chi2_seq:-0.0043662190437316895 - actor/pg_clipfrac:np.float64(0.0) - actor/ppo_kl:np.float64(0.0) - actor/pg_clipfrac_lower:np.float64(0.0) - actor/pg_loss:np.float64(-0.034631725400686264) - actor/loss:np.float64(-0.034631725400686264) - actor/grad_norm:np.float64(0.1605929136276245) - actor/lr:np.float64(1e-06) - actor/perf/max_memory_allocated_gb:np.float64(18.28457546234131) - actor/perf/max_memory_reserved_gb:np.float64(30.509765625) - actor/perf/cpu_memory_used_gb:np.float64(32.57073974609375) - perf/mfu/actor:np.float64(0.04039000826617449) - training/global_step:111 - training/epoch:0 - critic/score/mean:0.34375 - critic/score/max:1.0 - critic/score/min:0.0 - critic/rewards/mean:0.34375 - critic/rewards/max:1.0 - critic/rewards/min:0.0 - critic/advantages/mean:0.03463174030184746 - critic/advantages/max:1.20761239528656 - critic/advantages/min:-1.20761239528656 - critic/returns/mean:0.03463174030184746 - critic/returns/max:1.20761239528656 - critic/returns/min:-1.20761239528656 - response_length/mean:100.6875 - response_length/max:402.0 - response_length/min:4.0 - response_length/clip_ratio:0.03125 - response_length_non_aborted/mean:100.6875 - response_length_non_aborted/max:402.0 - response_length_non_aborted/min:4.0 - response_length_non_aborted/clip_ratio:0.03125 - response/aborted_ratio:0.0 - prompt_length/mean:113.5 - prompt_length/max:125.0 - prompt_length/min:92.0 - prompt_length/clip_ratio:0.25 - timing_s/gen:2.438122941995971 - timing_s/old_log_prob:1.1523177929921076 - timing_s/adv:0.23754196101799607 - timing_s/update_actor:2.187226112000644 - timing_s/update_weights:1.039317974995356 - timing_s/step:7.441186191979796 - timing_per_token_ms/adv:0.03371302313624696 - timing_per_token_ms/update_actor:0.3104209639512694 - timing_per_token_ms/gen:0.734817040987333 - perf/total_num_tokens:7046 - perf/time_per_step:7.441186191979796 - perf/throughput:946.892043582281 - training/num_turns/mean:np.float64(2.0) - training/num_turns/max:np.int64(2) - training/num_turns/min:np.int64(2) - training/off_policy/trajectory_spans/mean:np.float64(1.0) - training/off_policy/trajectory_spans/max:np.float64(1.0) - training/off_policy/trajectory_spans/min:np.float64(1.0) - training/off_policy/trajectory_staleness/mean:np.float64(0.0) - training/off_policy/trajectory_staleness/max:np.float64(0.0) - training/off_policy/trajectory_staleness/min:np.float64(0.0) - training/off_policy/trajectory_staleness_worst/mean:np.float64(0.0) - training/off_policy/trajectory_staleness_worst/max:np.float64(0.0) - training/off_policy/trajectory_staleness_worst/min:np.float64(0.0)
[36m(TaskRunnerV1 pid=761016)[0m step:112 - global_seqlen/min:9266 - global_seqlen/max:9266 - global_seqlen/minmax_diff:0 - global_seqlen/balanced_min:9266 - global_seqlen/balanced_max:9266 - global_seqlen/mean:9266.0 - actor/entropy:0.6098020076751709 - training/rollout_probs_diff_valid:1 - training/rollout_probs_diff_max:0.06773620843887329 - training/rollout_probs_diff_mean:0.004985448904335499 - training/rollout_probs_diff_std:0.008878166787326336 - training/rollout_actor_probs_pearson_corr:0.9995258450508118 - rollout_corr/training_ppl:1.14310622215271 - rollout_corr/training_log_ppl:0.10789327323436737 - rollout_corr/kl:0.0010525839170441031 - rollout_corr/k3_kl:0.0005598796415142715 - rollout_corr/rollout_ppl:1.1423707008361816 - rollout_corr/rollout_log_ppl:0.10739930719137192 - rollout_corr/log_ppl_diff:0.0004939665086567402 - rollout_corr/log_ppl_abs_diff:0.0016326673794537783 - rollout_corr/log_ppl_diff_max:0.026452958583831787 - rollout_corr/log_ppl_diff_min:-0.032687798142433167 - rollout_corr/ppl_ratio:1.0005066394805908 - rollout_corr/chi2_token:0.0001342296600341797 - rollout_corr/chi2_seq:-0.016021728515625 - actor/pg_clipfrac:np.float64(0.0) - actor/ppo_kl:np.float64(0.0) - actor/pg_clipfrac_lower:np.float64(0.0) - actor/pg_loss:np.float64(0.2674150764942169) - actor/loss:np.float64(0.2674150764942169) - actor/grad_norm:np.float64(0.15420463681221008) - actor/lr:np.float64(1e-06) - actor/perf/max_memory_allocated_gb:np.float64(18.28457546234131) - actor/perf/max_memory_reserved_gb:np.float64(30.509765625) - actor/perf/cpu_memory_used_gb:np.float64(32.58787536621094) - perf/mfu/actor:np.float64(0.04102333122046023) - training/global_step:112 - training/epoch:0 - critic/score/mean:0.4375 - critic/score/max:1.0 - critic/score/min:0.0 - critic/rewards/mean:0.4375 - critic/rewards/max:1.0 - critic/rewards/min:0.0 - critic/advantages/mean:-0.26741504669189453 - critic/advantages/max:1.6201815605163574 - critic/advantages/min:-1.20761239528656 - critic/returns/mean:-0.26741504669189453 - critic/returns/max:1.6201815605163574 - critic/returns/min:-1.20761239528656 - response_length/mean:168.0625 - response_length/max:512.0 - response_length/min:4.0 - response_length/clip_ratio:0.0625 - response_length_non_aborted/mean:168.0625 - response_length_non_aborted/max:512.0 - response_length_non_aborted/min:4.0 - response_length_non_aborted/clip_ratio:0.0625 - response/aborted_ratio:0.0 - prompt_length/mean:115.5 - prompt_length/max:127.0 - prompt_length/min:81.0 - prompt_length/clip_ratio:0.75 - timing_s/gen:4.430607205023989 - timing_s/old_log_prob:1.3833384260069579 - timing_s/adv:0.23846134898485616 - timing_s/update_actor:2.7510161410318688 - timing_s/update_weights:1.191242957022041 - timing_s/step:10.391340305970516 - timing_per_token_ms/adv:0.025735090544448107 - timing_per_token_ms/update_actor:0.29689360468722953 - timing_per_token_ms/gen:0.8093911591202027 - perf/total_num_tokens:9266 - perf/time_per_step:10.391340305970516 - perf/throughput:891.704027311671 - training/num_turns/mean:np.float64(2.0) - training/num_turns/max:np.int64(2) - training/num_turns/min:np.int64(2) - training/off_policy/trajectory_spans/mean:np.float64(1.0) - training/off_policy/trajectory_spans/max:np.float64(1.0) - training/off_policy/trajectory_spans/min:np.float64(1.0) - training/off_policy/trajectory_staleness/mean:np.float64(0.0) - training/off_policy/trajectory_staleness/max:np.float64(0.0) - training/off_policy/trajectory_staleness/min:np.float64(0.0) - training/off_policy/trajectory_staleness_worst/mean:np.float64(0.0) - training/off_policy/trajectory_staleness_worst/max:np.float64(0.0) - training/off_policy/trajectory_staleness_worst/min:np.float64(0.0)[36m(WorkerDict pid=762273)[0m INFO:2026-07-05 01:54:38,356:update_weights done, time cost: 0.39s
[36m(TaskRunnerV1 pid=761016)[0m Training Progress:  90%|█████████ | 113/125 [17:39<01:42,  8.51s/it]
[36m(WorkerDict pid=762273)[0m INFO:2026-07-05 01:54:48,234:update_weights done, time cost: 0.36s
[36m(TaskRunnerV1 pid=761016)[0m Training Progress:  91%|█████████ | 114/125 [17:48<01:38,  8.92s/it]
[36m(WorkerDict pid=762273)[0m INFO:2026-07-05 01:54:57,878:update_weights done, time cost: 0.37s
[36m(TaskRunnerV1 pid=761016)[0m Training Progress:  92%|█████████▏| 115/125 [17:58<01:31,  9.14s/it]

[36m(TaskRunnerV1 pid=761016)[0m step:113 - global_seqlen/min:4707 - global_seqlen/max:4707 - global_seqlen/minmax_diff:0 - global_seqlen/balanced_min:4707 - global_seqlen/balanced_max:4707 - global_seqlen/mean:4707.0 - actor/entropy:0.8145345449447632 - training/rollout_probs_diff_valid:1 - training/rollout_probs_diff_max:0.11235767602920532 - training/rollout_probs_diff_mean:0.0060163079760968685 - training/rollout_probs_diff_std:0.009901081211864948 - training/rollout_actor_probs_pearson_corr:0.9994531869888306 - rollout_corr/training_ppl:1.2448170185089111 - rollout_corr/training_log_ppl:0.14387626945972443 - rollout_corr/kl:0.0022766566835343838 - rollout_corr/k3_kl:0.0008219104493036866 - rollout_corr/rollout_ppl:1.2455288171768188 - rollout_corr/rollout_log_ppl:0.14508801698684692 - rollout_corr/log_ppl_diff:-0.001211757306009531 - rollout_corr/log_ppl_abs_diff:0.003631679341197014 - rollout_corr/log_ppl_diff_max:0.03923112154006958 - rollout_corr/log_ppl_diff_min:-0.06943157315254211 - rollout_corr/ppl_ratio:0.9988448619842529 - rollout_corr/chi2_token:-0.0012830495834350586 - rollout_corr/chi2_seq:-0.017638683319091797 - actor/pg_clipfrac:np.float64(0.0) - actor/ppo_kl:np.float64(0.0) - actor/pg_clipfrac_lower:np.float64(0.0) - actor/pg_loss:np.float64(0.36971917748451233) - actor/loss:np.float64(0.36971917748451233) - actor/grad_norm:np.float64(0.4029667377471924) - actor/lr:np.float64(1e-06) - actor/perf/max_memory_allocated_gb:np.float64(18.28457546234131) - actor/perf/max_memory_reserved_gb:np.float64(30.509765625) - actor/perf/cpu_memory_used_gb:np.float64(32.558799743652344) - perf/mfu/actor:np.float64(0.031770119980834344) - training/global_step:113 - training/epoch:0 - critic/score/mean:0.375 - critic/score/max:1.0 - critic/score/min:0.0 - critic/rewards/mean:0.375 - critic/rewards/max:1.0 - critic/rewards/min:0.0 - critic/advantages/mean:-0.36971914768218994 - critic/advantages/max:1.6201815605163574 - critic/advantages/min:-1.6201815605163574 - critic/returns/mean:-0.36971914768218994 - critic/returns/max:1.6201815605163574 - critic/returns/min:-1.6201815605163574 - response_length/mean:43.09375 - response_length/max:285.0 - response_length/min:4.0 - response_length/clip_ratio:0.03125 - response_length_non_aborted/mean:43.09375 - response_length_non_aborted/max:285.0 - response_length_non_aborted/min:4.0 - response_length_non_aborted/clip_ratio:0.03125 - response/aborted_ratio:0.0 - prompt_length/mean:98.0 - prompt_length/max:106.0 - prompt_length/min:81.0 - prompt_length/clip_ratio:0.25 - timing_s/gen:2.396186540951021 - timing_s/old_log_prob:1.077168314019218 - timing_s/adv:0.2386198720196262 - timing_s/update_actor:1.896643471030984 - timing_s/update_weights:1.0784530770033598 - timing_s/step:7.079275979020167 - timing_per_token_ms/adv:0.05069468281700153 - timing_per_token_ms/update_actor:0.4029410390972985 - timing_per_token_ms/gen:1.624533248102387 - perf/total_num_tokens:4707 - perf/time_per_step:7.079275979020167 - perf/throughput:664.8985028906147 - training/num_turns/mean:np.float64(2.0) - training/num_turns/max:np.int64(2) - training/num_turns/min:np.int64(2) - training/off_policy/trajectory_spans/mean:np.float64(1.0) - training/off_policy/trajectory_spans/max:np.float64(1.0) - training/off_policy/trajectory_spans/min:np.float64(1.0) - training/off_policy/trajectory_staleness/mean:np.float64(0.0) - training/off_policy/trajectory_staleness/max:np.float64(0.0) - training/off_policy/trajectory_staleness/min:np.float64(0.0) - training/off_policy/trajectory_staleness_worst/mean:np.float64(0.0) - training/off_policy/trajectory_staleness_worst/max:np.float64(0.0) - training/off_policy/trajectory_staleness_worst/min:np.float64(0.0)
[36m(TaskRunnerV1 pid=761016)[0m step:114 - global_seqlen/min:7891 - global_seqlen/max:7891 - global_seqlen/minmax_diff:0 - global_seqlen/balanced_min:7891 - global_seqlen/balanced_max:7891 - global_seqlen/mean:7891.0 - actor/entropy:0.7971344590187073 - training/rollout_probs_diff_valid:1 - training/rollout_probs_diff_max:0.05972033739089966 - training/rollout_probs_diff_mean:0.005247580353170633 - training/rollout_probs_diff_std:0.008843892253935337 - training/rollout_actor_probs_pearson_corr:0.9995807409286499 - rollout_corr/training_ppl:1.2079230546951294 - rollout_corr/training_log_ppl:0.12701192498207092 - rollout_corr/kl:0.0010029320837929845 - rollout_corr/k3_kl:0.0006861497531645 - rollout_corr/rollout_ppl:1.2060829401016235 - rollout_corr/rollout_log_ppl:0.1259831041097641 - rollout_corr/log_ppl_diff:0.0010288232006132603 - rollout_corr/log_ppl_abs_diff:0.002179862465709448 - rollout_corr/log_ppl_diff_max:0.047334909439086914 - rollout_corr/log_ppl_diff_min:-0.021671295166015625 - rollout_corr/ppl_ratio:1.0010524988174438 - rollout_corr/chi2_token:0.0007282495498657227 - rollout_corr/chi2_seq:-0.012589454650878906 - actor/pg_clipfrac:np.float64(0.0) - actor/ppo_kl:np.float64(0.0) - actor/pg_clipfrac_lower:np.float64(0.0) - actor/pg_loss:np.float64(0.19837155938148499) - actor/loss:np.float64(0.19837155938148499) - actor/grad_norm:np.float64(0.0950533077120781) - actor/lr:np.float64(1e-06) - actor/perf/max_memory_allocated_gb:np.float64(18.28457546234131) - actor/perf/max_memory_reserved_gb:np.float64(30.509765625) - actor/perf/cpu_memory_used_gb:np.float64(32.58356857299805) - perf/mfu/actor:np.float64(0.04222938945317177) - training/global_step:114 - training/epoch:0 - critic/score/mean:0.125 - critic/score/max:1.0 - critic/score/min:0.0 - critic/rewards/mean:0.125 - critic/rewards/max:1.0 - critic/rewards/min:0.0 - critic/advantages/mean:-0.1983715444803238 - critic/advantages/max:0.935412585735321 - critic/advantages/min:-0.935412585735321 - critic/returns/mean:-0.1983715444803238 - critic/returns/max:0.935412585735321 - critic/returns/min:-0.935412585735321 - response_length/mean:125.84375 - response_length/max:511.0 - response_length/min:4.0 - response_length/clip_ratio:0.03125 - response_length_non_aborted/mean:125.84375 - response_length_non_aborted/max:511.0 - response_length_non_aborted/min:4.0 - response_length_non_aborted/clip_ratio:0.03125 - response/aborted_ratio:0.0 - prompt_length/mean:114.75 - prompt_length/max:120.0 - prompt_length/min:102.0 - prompt_length/clip_ratio:0.25 - timing_s/gen:4.4259087419486605 - timing_s/old_log_prob:1.2512089439551346 - timing_s/adv:0.23737960896687582 - timing_s/update_actor:2.321083083981648 - timing_s/update_weights:1.0939563880092464 - timing_s/step:9.718323351989966 - timing_per_token_ms/adv:0.030082322768581398 - timing_per_token_ms/update_actor:0.2941430850312569 - timing_per_token_ms/gen:1.0734680431599952 - perf/total_num_tokens:7891 - perf/time_per_step:9.718323351989966 - perf/throughput:811.9713364326578 - training/num_turns/mean:np.float64(2.0) - training/num_turns/max:np.int64(2) - training/num_turns/min:np.int64(2) - training/off_policy/trajectory_spans/mean:np.float64(1.0) - training/off_policy/trajectory_spans/max:np.float64(1.0) - training/off_policy/trajectory_spans/min:np.float64(1.0) - training/off_policy/trajectory_staleness/mean:np.float64(0.0) - training/off_policy/trajectory_staleness/max:np.float64(0.0) - training/off_policy/trajectory_staleness/min:np.float64(0.0) - training/off_policy/trajectory_staleness_worst/mean:np.float64(0.0) - training/off_policy/trajectory_staleness_worst/max:np.float64(0.0) - training/off_policy/trajectory_staleness_worst/min:np.float64(0.0)
[36m(TaskRunnerV1 pid=761016)[0m step:115 - global_seqlen/min:6824 - global_seqlen/max:6824 - global_seqlen/minmax_diff:0 - global_seqlen/balanced_min:6824 - global_seqlen/balanced_max:6824 - global_seqlen/mean:6824.0 - actor/entropy:0.7828766107559204 - training/rollout_probs_diff_valid:1 - training/rollout_probs_diff_max:0.06216570734977722 - training/rollout_probs_diff_mean:0.004991607274860144 - training/rollout_probs_diff_std:0.008640384301543236 - training/rollout_actor_probs_pearson_corr:0.9996005296707153 - rollout_corr/training_ppl:1.3084001541137695 - rollout_corr/training_log_ppl:0.16178525984287262 - rollout_corr/kl:0.0012045962503179908 - rollout_corr/k3_kl:0.0006263393443077803 - rollout_corr/rollout_ppl:1.3120672702789307 - rollout_corr/rollout_log_ppl:0.16221661865711212 - rollout_corr/log_ppl_diff:-0.00043133931467309594 - rollout_corr/log_ppl_abs_diff:0.0023455910850316286 - rollout_corr/log_ppl_diff_max:0.020493745803833008 - rollout_corr/log_ppl_diff_min:-0.044182777404785156 - rollout_corr/ppl_ratio:0.9995923042297363 - rollout_corr/chi2_token:9.918212890625e-05 - rollout_corr/chi2_seq:0.014736533164978027 - actor/pg_clipfrac:np.float64(0.0) - actor/ppo_kl:np.float64(0.0) - actor/pg_clipfrac_lower:np.float64(0.0) - actor/pg_loss:np.float64(0.7785590887069702) - actor/loss:np.float64(0.7785590887069702) - actor/grad_norm:np.float64(0.19611118733882904) - actor/lr:np.float64(1e-06) - actor/perf/max_memory_allocated_gb:np.float64(18.28457546234131) - actor/perf/max_memory_reserved_gb:np.float64(30.509765625) - actor/perf/cpu_memory_used_gb:np.float64(32.57505798339844) - perf/mfu/actor:np.float64(0.0396586102590344) - training/global_step:115 - training/epoch:0 - critic/score/mean:0.40625 - critic/score/max:1.0 - critic/score/min:0.0 - critic/rewards/mean:0.40625 - critic/rewards/max:1.0 - critic/rewards/min:0.0 - critic/advantages/mean:-0.7785590291023254 - critic/advantages/max:1.6201815605163574 - critic/advantages/min:-1.20761239528656 - critic/returns/mean:-0.7785590291023254 - critic/returns/max:1.6201815605163574 - critic/returns/min:-1.20761239528656 - response_length/mean:105.75 - response_length/max:512.0 - response_length/min:4.0 - response_length/clip_ratio:0.0625 - response_length_non_aborted/mean:105.75 - response_length_non_aborted/max:512.0 - response_length_non_aborted/min:4.0 - response_length_non_aborted/clip_ratio:0.0625 - response/aborted_ratio:0.0 - prompt_length/mean:101.5 - prompt_length/max:132.0 - prompt_length/min:81.0 - prompt_length/clip_ratio:0.25 - timing_s/gen:4.45042328198906 - timing_s/old_log_prob:1.187288282031659 - timing_s/adv:0.23832217999733984 - timing_s/update_actor:2.1612434270209633 - timing_s/update_weights:1.083027753047645 - timing_s/step:9.5117911020061 - timing_per_token_ms/adv:0.034924117819070906 - timing_per_token_ms/update_actor:0.31671210829732754 - timing_per_token_ms/gen:1.2788572649393852 - perf/total_num_tokens:6824 - perf/time_per_step:9.5117911020061 - perf/throughput:717.4253436411964 - training/num_turns/mean:np.float64(2.0) - training/num_turns/max:np.int64(2) - training/num_turns/min:np.int64(2) - training/off_policy/trajectory_spans/mean:np.float64(1.0) - training/off_policy/trajectory_spans/max:np.float64(1.0) - training/off_policy/trajectory_spans/min:np.float64(1.0) - training/off_policy/trajectory_staleness/mean:np.float64(0.0) - training/off_policy/trajectory_staleness/max:np.float64(0.0) - training/off_policy/trajectory_staleness/min:np.float64(0.0) - training/off_policy/trajectory_staleness_worst/mean:np.float64(0.0) - training/off_policy/trajectory_staleness_worst/max:np.float64(0.0) - training/off_policy/trajectory_staleness_worst/min:np.float64(0.0)[36m(WorkerDict pid=762273)[0m INFO:2026-07-05 01:55:07,474:update_weights done, time cost: 0.38s
[36m(TaskRunnerV1 pid=761016)[0m Training Progress:  93%|█████████▎| 116/125 [18:08<01:23,  9.27s/it]
[36m(TransferQueueController pid=761223)[0m 2026-07-05 01:55:09,494 - INFO - transfer_queue.utils.perf_utils - TQ_CONTROLLER_19895470: [Performance] Total success requests: 5338, Total req/min: 1065.68, Total avg process time: 0.0008s; 
[36m(TransferQueueController pid=761223)[0m Time range: last 5.01 minutes; 
[36m(TransferQueueController pid=761223)[0m Per-operation statistics: NOTIFY_DATA_UPDATE: req_count=1277, req/min=254.94, avg_time=0.000366s, max_time=0.000996s, min_time=0.000166s; SET_CUSTOM_META: req_count=1822, req/min=363.74, avg_time=0.000041s, max_time=0.000191s, min_time=0.000010s; KV_RETRIEVE_META: req_count=2050, req/min=409.26, avg_time=0.001866s, max_time=0.012298s, min_time=0.000235s; KV_LIST: req_count=91, req/min=18.17, avg_time=0.000097s, max_time=0.000349s, min_time=0.000057s; CLEAR_META: req_count=66, req/min=13.18, avg_time=0.001024s, max_time=0.001852s, min_time=0.000208s; KV_RETRIEVE_KEYS: req_count=32, req/min=6.39, avg_time=0.000131s, max_time=0.000178s, min_time=0.000110s
[36m(SimpleStorageUnit pid=761321)[0m Per-operation statistics: CLEAR_DATA: req_count=48, req/min=9.59, avg_time=0.010691s, max_time=0.012782s, min_time=0.007456s; GET_DATA: req_count=166, req/min=33.17, avg_time=0.010883s, max_time=0.013291s, min_time=0.002197s; PUT_DATA: req_count=266, req/min=53.16, avg_time=0.009118s, max_time=0.013121s, min_time=0.002767s
[36m(SimpleStorageUnit pid=761295)[0m Per-operation statistics: CLEAR_DATA: req_count=47, req/min=9.37, avg_time=0.010597s, max_time=0.012539s, min_time=0.006968s; PUT_DATA: req_count=275, req/min=54.80, avg_time=0.009037s, max_time=0.013309s, min_time=0.002206s; GET_DATA: req_count=167, req/min=33.28, avg_time=0.010751s, max_time=0.012754s, min_time=0.006886s
[36m(SimpleStorageUnit pid=761299)[0m Per-operation statistics: PUT_DATA: req_count=280, req/min=55.95, avg_time=0.009051s, max_time=0.012851s, min_time=0.006292s; GET_DATA: req_count=167, req/min=33.37, avg_time=0.010892s, max_time=0.013139s, min_time=0.004470s; CLEAR_DATA: req_count=47, req/min=9.39, avg_time=0.010621s, max_time=0.012910s, min_time=0.007262s
[36m(SimpleStorageUnit pid=761318)[0m Per-operation statistics: GET_DATA: req_count=167, req/min=33.37, avg_time=0.010733s, max_time=0.015128s, min_time=0.004713s; PUT_DATA: req_count=274, req/min=54.75, avg_time=0.009056s, max_time=0.013185s, min_time=0.004278s; CLEAR_DATA: req_count=45, req/min=8.99, avg_time=0.010621s, max_time=0.012495s, min_time=0.007745s
[36m(WorkerDict pid=762273)[0m INFO:2026-07-05 01:55:16,956:update_weights done, time cost: 0.38s
[36m(SimpleStorageUnit pid=761322)[0m 2026-07-05 01:55:12,544 - INFO - transfer_queue.utils.perf_utils - TQ_STORAGE_UNIT_3184888a: [Performance] Total success requests: 481, Total req/min: 96.11, Total avg process time: 0.0099s; [32m [repeated 8x across cluster][0m
[36m(SimpleStorageUnit pid=761322)[0m Time range: last 5.00 minutes; [32m [repeated 8x across cluster][0m
[36m(SimpleStorageUnit pid=761296)[0m Per-operation statistics: PUT_DATA: req_count=262, req/min=52.35, avg_time=0.009103s, max_time=0.013258s, min_time=0.004395s; GET_DATA: req_count=166, req/min=33.17, avg_time=0.010836s, max_time=0.012863s, min_time=0.006977s; CLEAR_DATA: req_count=49, req/min=9.79, avg_time=0.010567s, max_time=0.012600s, min_time=0.007876s
[36m(TaskRunnerV1 pid=761016)[0m Training Progress:  94%|█████████▎| 117/125 [18:17<01:14,  9.34s/it]
[36m(WorkerDict pid=762273)[0m INFO:2026-07-05 01:55:26,890:update_weights done, time cost: 0.37s
[36m(SimpleStorageUnit pid=761322)[0m Per-operation statistics: GET_DATA: req_count=167, req/min=33.37, avg_time=0.010993s, max_time=0.013522s, min_time=0.006858s; PUT_DATA: req_count=267, req/min=53.35, avg_time=0.009028s, max_time=0.013484s, min_time=0.004527s; CLEAR_DATA: req_count=47, req/min=9.39, avg_time=0.010788s, max_time=0.013019s, min_time=0.007457s[32m [repeated 3x across cluster][0m
[36m(TaskRunnerV1 pid=761016)[0m Training Progress:  94%|█████████▍| 118/125 [18:27<01:06,  9.52s/it]

[36m(TaskRunnerV1 pid=761016)[0m step:116 - global_seqlen/min:6330 - global_seqlen/max:6330 - global_seqlen/minmax_diff:0 - global_seqlen/balanced_min:6330 - global_seqlen/balanced_max:6330 - global_seqlen/mean:6330.0 - actor/entropy:0.8059893250465393 - training/rollout_probs_diff_valid:1 - training/rollout_probs_diff_max:0.08105796575546265 - training/rollout_probs_diff_mean:0.004859854932874441 - training/rollout_probs_diff_std:0.008675707504153252 - training/rollout_actor_probs_pearson_corr:0.9996228218078613 - rollout_corr/training_ppl:1.2334067821502686 - rollout_corr/training_log_ppl:0.1452861726284027 - rollout_corr/kl:6.480885349446908e-05 - rollout_corr/k3_kl:0.0006876731058582664 - rollout_corr/rollout_ppl:1.234868049621582 - rollout_corr/rollout_log_ppl:0.14628945291042328 - rollout_corr/log_ppl_diff:-0.0010032599093392491 - rollout_corr/log_ppl_abs_diff:0.0031976131722331047 - rollout_corr/log_ppl_diff_max:0.034523963928222656 - rollout_corr/log_ppl_diff_min:-0.05514732003211975 - rollout_corr/ppl_ratio:0.9990392327308655 - rollout_corr/chi2_token:0.0026254653930664062 - rollout_corr/chi2_seq:0.13495111465454102 - actor/pg_clipfrac:np.float64(0.0) - actor/ppo_kl:np.float64(0.0) - actor/pg_clipfrac_lower:np.float64(0.0) - actor/pg_loss:np.float64(0.1208685040473938) - actor/loss:np.float64(0.1208685040473938) - actor/grad_norm:np.float64(0.21993449330329895) - actor/lr:np.float64(1e-06) - actor/perf/max_memory_allocated_gb:np.float64(18.28457546234131) - actor/perf/max_memory_reserved_gb:np.float64(30.509765625) - actor/perf/cpu_memory_used_gb:np.float64(32.57451629638672) - perf/mfu/actor:np.float64(0.03804771666319056) - training/global_step:116 - training/epoch:0 - critic/score/mean:0.3125 - critic/score/max:1.0 - critic/score/min:0.0 - critic/rewards/mean:0.3125 - critic/rewards/max:1.0 - critic/rewards/min:0.0 - critic/advantages/mean:-0.1208684965968132 - critic/advantages/max:2.4748666286468506 - critic/advantages/min:-0.935412585735321 - critic/returns/mean:-0.1208684965968132 - critic/returns/max:2.4748666286468506 - critic/returns/min:-0.935412585735321 - response_length/mean:87.8125 - response_length/max:512.0 - response_length/min:4.0 - response_length/clip_ratio:0.03125 - response_length_non_aborted/mean:87.8125 - response_length_non_aborted/max:512.0 - response_length_non_aborted/min:4.0 - response_length_non_aborted/clip_ratio:0.03125 - response/aborted_ratio:0.0 - prompt_length/mean:104.0 - prompt_length/max:117.0 - prompt_length/min:81.0 - prompt_length/clip_ratio:0.25 - timing_s/gen:4.4498898690217175 - timing_s/old_log_prob:1.1828748709522188 - timing_s/adv:0.23996010900009423 - timing_s/update_actor:2.1019345310050994 - timing_s/update_weights:1.0787313290056773 - timing_s/step:9.446367527008988 - timing_per_token_ms/adv:0.03790839004740825 - timing_per_token_ms/update_actor:0.33205916761533955 - timing_per_token_ms/gen:1.5312766238890976 - perf/total_num_tokens:6330 - perf/time_per_step:9.446367527008988 - perf/throughput:670.0988482505373 - training/num_turns/mean:np.float64(2.0) - training/num_turns/max:np.int64(2) - training/num_turns/min:np.int64(2) - training/off_policy/trajectory_spans/mean:np.float64(1.0) - training/off_policy/trajectory_spans/max:np.float64(1.0) - training/off_policy/trajectory_spans/min:np.float64(1.0) - training/off_policy/trajectory_staleness/mean:np.float64(0.0) - training/off_policy/trajectory_staleness/max:np.float64(0.0) - training/off_policy/trajectory_staleness/min:np.float64(0.0) - training/off_policy/trajectory_staleness_worst/mean:np.float64(0.0) - training/off_policy/trajectory_staleness_worst/max:np.float64(0.0) - training/off_policy/trajectory_staleness_worst/min:np.float64(0.0)
[36m(TaskRunnerV1 pid=761016)[0m step:117 - global_seqlen/min:6619 - global_seqlen/max:6619 - global_seqlen/minmax_diff:0 - global_seqlen/balanced_min:6619 - global_seqlen/balanced_max:6619 - global_seqlen/mean:6619.0 - actor/entropy:0.5216040015220642 - training/rollout_probs_diff_valid:1 - training/rollout_probs_diff_max:0.062176287174224854 - training/rollout_probs_diff_mean:0.004720489028841257 - training/rollout_probs_diff_std:0.00852843839675188 - training/rollout_actor_probs_pearson_corr:0.9995157718658447 - rollout_corr/training_ppl:1.1082481145858765 - rollout_corr/training_log_ppl:0.08366767317056656 - rollout_corr/kl:0.000885126821231097 - rollout_corr/k3_kl:0.0005099385743960738 - rollout_corr/rollout_ppl:1.1083593368530273 - rollout_corr/rollout_log_ppl:0.08372862637042999 - rollout_corr/log_ppl_diff:-6.0948426835238934e-05 - rollout_corr/log_ppl_abs_diff:0.0020416106563061476 - rollout_corr/log_ppl_diff_max:0.017424702644348145 - rollout_corr/log_ppl_diff_min:-0.04658600687980652 - rollout_corr/ppl_ratio:0.9999580383300781 - rollout_corr/chi2_token:0.00026869773864746094 - rollout_corr/chi2_seq:-0.009641051292419434 - actor/pg_clipfrac:np.float64(0.0) - actor/ppo_kl:np.float64(0.0) - actor/pg_clipfrac_lower:np.float64(0.0) - actor/pg_loss:np.float64(-0.11081158369779587) - actor/loss:np.float64(-0.11081158369779587) - actor/grad_norm:np.float64(0.09959124773740768) - actor/lr:np.float64(1e-06) - actor/perf/max_memory_allocated_gb:np.float64(18.28457546234131) - actor/perf/max_memory_reserved_gb:np.float64(30.509765625) - actor/perf/cpu_memory_used_gb:np.float64(32.57413101196289) - perf/mfu/actor:np.float64(0.03926168701565985) - training/global_step:117 - training/epoch:0 - critic/score/mean:0.4375 - critic/score/max:1.0 - critic/score/min:0.0 - critic/rewards/mean:0.4375 - critic/rewards/max:1.0 - critic/rewards/min:0.0 - critic/advantages/mean:0.11081157624721527 - critic/advantages/max:2.4748666286468506 - critic/advantages/min:-2.4748666286468506 - critic/returns/mean:0.11081157624721527 - critic/returns/max:2.4748666286468506 - critic/returns/min:-2.4748666286468506 - response_length/mean:78.84375 - response_length/max:512.0 - response_length/min:4.0 - response_length/clip_ratio:0.0625 - response_length_non_aborted/mean:78.84375 - response_length_non_aborted/max:512.0 - response_length_non_aborted/min:4.0 - response_length_non_aborted/clip_ratio:0.0625 - response/aborted_ratio:0.0 - prompt_length/mean:122.0 - prompt_length/max:148.0 - prompt_length/min:85.0 - prompt_length/clip_ratio:0.25 - timing_s/gen:4.425867082027253 - timing_s/old_log_prob:1.1769181339768693 - timing_s/adv:0.1809527010191232 - timing_s/update_actor:2.081393474014476 - timing_s/update_weights:1.112978976976592 - timing_s/step:9.371644623985048 - timing_per_token_ms/adv:0.02733837453076344 - timing_per_token_ms/update_actor:0.3144573914510464 - timing_per_token_ms/gen:1.6899072478149113 - perf/total_num_tokens:6619 - perf/time_per_step:9.371644623985048 - perf/throughput:706.2794488664085 - training/num_turns/mean:np.float64(2.0) - training/num_turns/max:np.int64(2) - training/num_turns/min:np.int64(2) - training/off_policy/trajectory_spans/mean:np.float64(1.0) - training/off_policy/trajectory_spans/max:np.float64(1.0) - training/off_policy/trajectory_spans/min:np.float64(1.0) - training/off_policy/trajectory_staleness/mean:np.float64(0.0) - training/off_policy/trajectory_staleness/max:np.float64(0.0) - training/off_policy/trajectory_staleness/min:np.float64(0.0) - training/off_policy/trajectory_staleness_worst/mean:np.float64(0.0) - training/off_policy/trajectory_staleness_worst/max:np.float64(0.0) - training/off_policy/trajectory_staleness_worst/min:np.float64(0.0)
[36m(TaskRunnerV1 pid=761016)[0m step:118 - global_seqlen/min:7915 - global_seqlen/max:7915 - global_seqlen/minmax_diff:0 - global_seqlen/balanced_min:7915 - global_seqlen/balanced_max:7915 - global_seqlen/mean:7915.0 - actor/entropy:0.6335455179214478 - training/rollout_probs_diff_valid:1 - training/rollout_probs_diff_max:0.06165626645088196 - training/rollout_probs_diff_mean:0.00503402529284358 - training/rollout_probs_diff_std:0.008654818870127201 - training/rollout_actor_probs_pearson_corr:0.9995529651641846 - rollout_corr/training_ppl:1.1372159719467163 - rollout_corr/training_log_ppl:0.09726953506469727 - rollout_corr/kl:0.001080324174836278 - rollout_corr/k3_kl:0.00057820207439363 - rollout_corr/rollout_ppl:1.1358439922332764 - rollout_corr/rollout_log_ppl:0.09640426188707352 - rollout_corr/log_ppl_diff:0.0008652760297991335 - rollout_corr/log_ppl_abs_diff:0.001529413741081953 - rollout_corr/log_ppl_diff_max:0.035736024379730225 - rollout_corr/log_ppl_diff_min:-0.020631730556488037 - rollout_corr/ppl_ratio:1.0008769035339355 - rollout_corr/chi2_token:0.00014328956604003906 - rollout_corr/chi2_seq:0.014901876449584961 - actor/pg_clipfrac:np.float64(0.0) - actor/ppo_kl:np.float64(0.0) - actor/pg_clipfrac_lower:np.float64(0.0) - actor/pg_loss:np.float64(-0.14861425757408142) - actor/loss:np.float64(-0.14861425757408142) - actor/grad_norm:np.float64(0.22069062292575836) - actor/lr:np.float64(1e-06) - actor/perf/max_memory_allocated_gb:np.float64(18.28457546234131) - actor/perf/max_memory_reserved_gb:np.float64(30.509765625) - actor/perf/cpu_memory_used_gb:np.float64(32.59357833862305) - perf/mfu/actor:np.float64(0.041423396265399884) - training/global_step:118 - training/epoch:0 - critic/score/mean:0.625 - critic/score/max:1.0 - critic/score/min:0.0 - critic/rewards/mean:0.625 - critic/rewards/max:1.0 - critic/rewards/min:0.0 - critic/advantages/mean:0.14861425757408142 - critic/advantages/max:1.20761239528656 - critic/advantages/min:-2.4748666286468506 - critic/returns/mean:0.14861425757408142 - critic/returns/max:1.20761239528656 - critic/returns/min:-2.4748666286468506 - response_length/mean:112.09375 - response_length/max:488.0 - response_length/min:4.0 - response_length/clip_ratio:0.03125 - response_length_non_aborted/mean:112.09375 - response_length_non_aborted/max:488.0 - response_length_non_aborted/min:4.0 - response_length_non_aborted/clip_ratio:0.03125 - response/aborted_ratio:0.0 - prompt_length/mean:129.25 - prompt_length/max:147.0 - prompt_length/min:109.0 - prompt_length/clip_ratio:0.25 - timing_s/gen:4.418799162027426 - timing_s/old_log_prob:1.2627854979946278 - timing_s/adv:0.237665280001238 - timing_s/update_actor:2.3713762749684975 - timing_s/update_weights:1.1263193810009398 - timing_s/step:9.809892056975514 - timing_per_token_ms/adv:0.030027198989417307 - timing_per_token_ms/update_actor:0.29960534112046716 - timing_per_token_ms/gen:1.1997825582480115 - perf/total_num_tokens:7915 - perf/time_per_step:9.809892056975514 - perf/throughput:806.8386434865903 - training/num_turns/mean:np.float64(2.0) - training/num_turns/max:np.int64(2) - training/num_turns/min:np.int64(2) - training/off_policy/trajectory_spans/mean:np.float64(1.0) - training/off_policy/trajectory_spans/max:np.float64(1.0) - training/off_policy/trajectory_spans/min:np.float64(1.0) - training/off_policy/trajectory_staleness/mean:np.float64(0.0) - training/off_policy/trajectory_staleness/max:np.float64(0.0) - training/off_policy/trajectory_staleness/min:np.float64(0.0) - training/off_policy/trajectory_staleness_worst/mean:np.float64(0.0) - training/off_policy/trajectory_staleness_worst/max:np.float64(0.0) - training/off_policy/trajectory_staleness_worst/min:np.float64(0.0)[36m(WorkerDict pid=762273)[0m INFO:2026-07-05 01:55:34,223:update_weights done, time cost: 0.35s
[36m(TaskRunnerV1 pid=761016)[0m Training Progress:  95%|█████████▌| 119/125 [18:34<00:53,  8.85s/it]
[36m(WorkerDict pid=762273)[0m INFO:2026-07-05 01:55:44,125:update_weights done, time cost: 0.40s
[36m(TaskRunnerV1 pid=761016)[0m Training Progress:  96%|█████████▌| 120/125 [18:44<00:45,  9.18s/it]
[36m(WorkerDict pid=762273)[0m INFO:2026-07-05 01:55:53,725:update_weights done, time cost: 0.37s
[36m(TaskRunnerV1 pid=761016)[0m Training Progress:  97%|█████████▋| 121/125 [18:54<00:37,  9.30s/it]

[36m(TaskRunnerV1 pid=761016)[0m step:119 - global_seqlen/min:5470 - global_seqlen/max:5470 - global_seqlen/minmax_diff:0 - global_seqlen/balanced_min:5470 - global_seqlen/balanced_max:5470 - global_seqlen/mean:5470.0 - actor/entropy:0.6142995357513428 - training/rollout_probs_diff_valid:1 - training/rollout_probs_diff_max:0.06088247895240784 - training/rollout_probs_diff_mean:0.005030580796301365 - training/rollout_probs_diff_std:0.008700811304152012 - training/rollout_actor_probs_pearson_corr:0.9995409250259399 - rollout_corr/training_ppl:1.0935620069503784 - rollout_corr/training_log_ppl:0.07282847166061401 - rollout_corr/kl:0.0008880094974301755 - rollout_corr/k3_kl:0.0005563957965932786 - rollout_corr/rollout_ppl:1.09455144405365 - rollout_corr/rollout_log_ppl:0.07372607290744781 - rollout_corr/log_ppl_diff:-0.0008976127137430012 - rollout_corr/log_ppl_abs_diff:0.0024146432988345623 - rollout_corr/log_ppl_diff_max:0.017110586166381836 - rollout_corr/log_ppl_diff_min:-0.043106794357299805 - rollout_corr/ppl_ratio:0.9991273880004883 - rollout_corr/chi2_token:0.0004469156265258789 - rollout_corr/chi2_seq:0.004612922668457031 - actor/pg_clipfrac:np.float64(0.0) - actor/ppo_kl:np.float64(0.0) - actor/pg_clipfrac_lower:np.float64(0.0) - actor/pg_loss:np.float64(-0.27436813712120056) - actor/loss:np.float64(-0.27436813712120056) - actor/grad_norm:np.float64(0.2686772048473358) - actor/lr:np.float64(1e-06) - actor/perf/max_memory_allocated_gb:np.float64(18.28457546234131) - actor/perf/max_memory_reserved_gb:np.float64(30.509765625) - actor/perf/cpu_memory_used_gb:np.float64(32.57573318481445) - perf/mfu/actor:np.float64(0.034678180622816496) - training/global_step:119 - training/epoch:0 - critic/score/mean:0.46875 - critic/score/max:1.0 - critic/score/min:0.0 - critic/rewards/mean:0.46875 - critic/rewards/max:1.0 - critic/rewards/min:0.0 - critic/advantages/mean:0.2743681073188782 - critic/advantages/max:2.4748666286468506 - critic/advantages/min:-0.7245674133300781 - critic/returns/mean:0.2743681073188782 - critic/returns/max:2.4748666286468506 - critic/returns/min:-0.7245674133300781 - response_length/mean:44.6875 - response_length/max:409.0 - response_length/min:4.0 - response_length/clip_ratio:0.03125 - response_length_non_aborted/mean:44.6875 - response_length_non_aborted/max:409.0 - response_length_non_aborted/min:4.0 - response_length_non_aborted/clip_ratio:0.03125 - response/aborted_ratio:0.0 - prompt_length/mean:120.25 - prompt_length/max:152.0 - prompt_length/min:99.0 - prompt_length/clip_ratio:0.25 - timing_s/gen:2.4033222700236365 - timing_s/old_log_prob:1.1228238550247625 - timing_s/adv:0.23802456900011748 - timing_s/update_actor:2.0005585239850916 - timing_s/update_weights:1.01882023003418 - timing_s/step:7.156090379983652 - timing_per_token_ms/adv:0.04351454643512202 - timing_per_token_ms/update_actor:0.36573281974133304 - timing_per_token_ms/gen:1.5749162975253188 - perf/total_num_tokens:5470 - perf/time_per_step:7.156090379983652 - perf/throughput:764.3838617941681 - training/num_turns/mean:np.float64(2.0) - training/num_turns/max:np.int64(2) - training/num_turns/min:np.int64(2) - training/off_policy/trajectory_spans/mean:np.float64(1.0) - training/off_policy/trajectory_spans/max:np.float64(1.0) - training/off_policy/trajectory_spans/min:np.float64(1.0) - training/off_policy/trajectory_staleness/mean:np.float64(0.0) - training/off_policy/trajectory_staleness/max:np.float64(0.0) - training/off_policy/trajectory_staleness/min:np.float64(0.0) - training/off_policy/trajectory_staleness_worst/mean:np.float64(0.0) - training/off_policy/trajectory_staleness_worst/max:np.float64(0.0) - training/off_policy/trajectory_staleness_worst/min:np.float64(0.0)
[36m(TaskRunnerV1 pid=761016)[0m step:120 - global_seqlen/min:7866 - global_seqlen/max:7866 - global_seqlen/minmax_diff:0 - global_seqlen/balanced_min:7866 - global_seqlen/balanced_max:7866 - global_seqlen/mean:7866.0 - actor/entropy:0.8536352515220642 - training/rollout_probs_diff_valid:1 - training/rollout_probs_diff_max:0.05995875597000122 - training/rollout_probs_diff_mean:0.004526366014033556 - training/rollout_probs_diff_std:0.008297636173665524 - training/rollout_actor_probs_pearson_corr:0.9996669292449951 - rollout_corr/training_ppl:1.3363234996795654 - rollout_corr/training_log_ppl:0.15383832156658173 - rollout_corr/kl:0.0006371127674356103 - rollout_corr/k3_kl:0.0006441594450734556 - rollout_corr/rollout_ppl:1.334922194480896 - rollout_corr/rollout_log_ppl:0.15323396027088165 - rollout_corr/log_ppl_diff:0.000604374217800796 - rollout_corr/log_ppl_abs_diff:0.002153645968064666 - rollout_corr/log_ppl_diff_max:0.04767882823944092 - rollout_corr/log_ppl_diff_min:-0.03275996446609497 - rollout_corr/ppl_ratio:1.0006262063980103 - rollout_corr/chi2_token:0.0012973546981811523 - rollout_corr/chi2_seq:0.047640442848205566 - actor/pg_clipfrac:np.float64(0.0) - actor/ppo_kl:np.float64(0.0) - actor/pg_clipfrac_lower:np.float64(0.0) - actor/pg_loss:np.float64(0.25035232305526733) - actor/loss:np.float64(0.25035232305526733) - actor/grad_norm:np.float64(0.14024394750595093) - actor/lr:np.float64(1e-06) - actor/perf/max_memory_allocated_gb:np.float64(18.28457546234131) - actor/perf/max_memory_reserved_gb:np.float64(30.509765625) - actor/perf/cpu_memory_used_gb:np.float64(32.59288787841797) - perf/mfu/actor:np.float64(0.04129058155802175) - training/global_step:120 - training/epoch:0 - critic/score/mean:0.34375 - critic/score/max:1.0 - critic/score/min:0.0 - critic/rewards/mean:0.34375 - critic/rewards/max:1.0 - critic/rewards/min:0.0 - critic/advantages/mean:-0.2503523528575897 - critic/advantages/max:2.4748666286468506 - critic/advantages/min:-1.6201815605163574 - critic/returns/mean:-0.2503523528575897 - critic/returns/max:2.4748666286468506 - critic/returns/min:-1.6201815605163574 - response_length/mean:115.8125 - response_length/max:512.0 - response_length/min:4.0 - response_length/clip_ratio:0.0625 - response_length_non_aborted/mean:115.8125 - response_length_non_aborted/max:512.0 - response_length_non_aborted/min:4.0 - response_length_non_aborted/clip_ratio:0.0625 - response/aborted_ratio:0.0 - prompt_length/mean:124.0 - prompt_length/max:161.0 - prompt_length/min:93.0 - prompt_length/clip_ratio:0.25 - timing_s/gen:4.4246128119993955 - timing_s/old_log_prob:1.2494381239521317 - timing_s/adv:0.22700164699926972 - timing_s/update_actor:2.358810414967593 - timing_s/update_weights:1.1572957930038683 - timing_s/step:9.813762605015654 - timing_per_token_ms/adv:0.028858587210687736 - timing_per_token_ms/update_actor:0.29987419463101866 - timing_per_token_ms/gen:1.163759287743134 - perf/total_num_tokens:7866 - perf/time_per_step:9.813762605015654 - perf/throughput:801.527438210072 - training/num_turns/mean:np.float64(2.0) - training/num_turns/max:np.int64(2) - training/num_turns/min:np.int64(2) - training/off_policy/trajectory_spans/mean:np.float64(1.0) - training/off_policy/trajectory_spans/max:np.float64(1.0) - training/off_policy/trajectory_spans/min:np.float64(1.0) - training/off_policy/trajectory_staleness/mean:np.float64(0.0) - training/off_policy/trajectory_staleness/max:np.float64(0.0) - training/off_policy/trajectory_staleness/min:np.float64(0.0) - training/off_policy/trajectory_staleness_worst/mean:np.float64(0.0) - training/off_policy/trajectory_staleness_worst/max:np.float64(0.0) - training/off_policy/trajectory_staleness_worst/min:np.float64(0.0)
[36m(TaskRunnerV1 pid=761016)[0m step:121 - global_seqlen/min:6821 - global_seqlen/max:6821 - global_seqlen/minmax_diff:0 - global_seqlen/balanced_min:6821 - global_seqlen/balanced_max:6821 - global_seqlen/mean:6821.0 - actor/entropy:0.7229288816452026 - training/rollout_probs_diff_valid:1 - training/rollout_probs_diff_max:0.06059461832046509 - training/rollout_probs_diff_mean:0.004989809822291136 - training/rollout_probs_diff_std:0.008478233590722084 - training/rollout_actor_probs_pearson_corr:0.999606192111969 - rollout_corr/training_ppl:1.2401982545852661 - rollout_corr/training_log_ppl:0.14581620693206787 - rollout_corr/kl:0.0010112373856827617 - rollout_corr/k3_kl:0.0006480999290943146 - rollout_corr/rollout_ppl:1.2416757345199585 - rollout_corr/rollout_log_ppl:0.14673234522342682 - rollout_corr/log_ppl_diff:-0.0009161278139799833 - rollout_corr/log_ppl_abs_diff:0.0027743924874812365 - rollout_corr/log_ppl_diff_max:0.02801951766014099 - rollout_corr/log_ppl_diff_min:-0.05121588706970215 - rollout_corr/ppl_ratio:0.9991191625595093 - rollout_corr/chi2_token:0.0005708932876586914 - rollout_corr/chi2_seq:-0.017183125019073486 - actor/pg_clipfrac:np.float64(0.0) - actor/ppo_kl:np.float64(0.0) - actor/pg_clipfrac_lower:np.float64(0.0) - actor/pg_loss:np.float64(0.01772248186171055) - actor/loss:np.float64(0.01772248186171055) - actor/grad_norm:np.float64(0.14348089694976807) - actor/lr:np.float64(1e-06) - actor/perf/max_memory_allocated_gb:np.float64(18.28457546234131) - actor/perf/max_memory_reserved_gb:np.float64(30.509765625) - actor/perf/cpu_memory_used_gb:np.float64(32.591060638427734) - perf/mfu/actor:np.float64(0.0404242268330105) - training/global_step:121 - training/epoch:0 - critic/score/mean:0.1875 - critic/score/max:1.0 - critic/score/min:0.0 - critic/rewards/mean:0.1875 - critic/rewards/max:1.0 - critic/rewards/min:0.0 - critic/advantages/mean:-0.01772247441112995 - critic/advantages/max:1.20761239528656 - critic/advantages/min:-0.7245674133300781 - critic/returns/mean:-0.01772247441112995 - critic/returns/max:1.20761239528656 - critic/returns/min:-0.7245674133300781 - response_length/mean:88.15625 - response_length/max:492.0 - response_length/min:4.0 - response_length/clip_ratio:0.03125 - response_length_non_aborted/mean:88.15625 - response_length_non_aborted/max:492.0 - response_length_non_aborted/min:4.0 - response_length_non_aborted/clip_ratio:0.03125 - response/aborted_ratio:0.0 - prompt_length/mean:119.0 - prompt_length/max:160.0 - prompt_length/min:102.0 - prompt_length/clip_ratio:0.25 - timing_s/gen:4.4415521820192225 - timing_s/old_log_prob:1.1750913019641303 - timing_s/adv:0.23712074797367677 - timing_s/update_actor:2.1229159139911644 - timing_s/update_weights:1.0909602739848197 - timing_s/step:9.442430427996442 - timing_per_token_ms/adv:0.03476334085525242 - timing_per_token_ms/update_actor:0.31123235801072635 - timing_per_token_ms/gen:1.522643874535215 - perf/total_num_tokens:6821 - perf/time_per_step:9.442430427996442 - perf/throughput:722.3775755631726 - training/num_turns/mean:np.float64(2.0) - training/num_turns/max:np.int64(2) - training/num_turns/min:np.int64(2) - training/off_policy/trajectory_spans/mean:np.float64(1.0) - training/off_policy/trajectory_spans/max:np.float64(1.0) - training/off_policy/trajectory_spans/min:np.float64(1.0) - training/off_policy/trajectory_staleness/mean:np.float64(0.0) - training/off_policy/trajectory_staleness/max:np.float64(0.0) - training/off_policy/trajectory_staleness/min:np.float64(0.0) - training/off_policy/trajectory_staleness_worst/mean:np.float64(0.0) - training/off_policy/trajectory_staleness_worst/max:np.float64(0.0) - training/off_policy/trajectory_staleness_worst/min:np.float64(0.0)[36m(WorkerDict pid=762273)[0m INFO:2026-07-05 01:56:01,059:update_weights done, time cost: 0.37s
[36m(TaskRunnerV1 pid=761016)[0m Training Progress:  98%|█████████▊| 122/125 [19:01<00:26,  8.71s/it]
[36m(WorkerDict pid=762273)[0m INFO:2026-07-05 01:56:10,959:update_weights done, time cost: 0.37s
[36m(TaskRunnerV1 pid=761016)[0m Training Progress:  98%|█████████▊| 123/125 [19:11<00:18,  9.07s/it]
[36m(WorkerDict pid=762273)[0m INFO:2026-07-05 01:56:18,228:update_weights done, time cost: 0.35s
[36m(TaskRunnerV1 pid=761016)[0m Training Progress:  99%|█████████▉| 124/125 [19:18<00:08,  8.52s/it]

[36m(TaskRunnerV1 pid=761016)[0m step:122 - global_seqlen/min:5553 - global_seqlen/max:5553 - global_seqlen/minmax_diff:0 - global_seqlen/balanced_min:5553 - global_seqlen/balanced_max:5553 - global_seqlen/mean:5553.0 - actor/entropy:0.46520113945007324 - training/rollout_probs_diff_valid:1 - training/rollout_probs_diff_max:0.061440110206604004 - training/rollout_probs_diff_mean:0.004584863781929016 - training/rollout_probs_diff_std:0.009027402848005295 - training/rollout_actor_probs_pearson_corr:0.9994653463363647 - rollout_corr/training_ppl:1.1418739557266235 - rollout_corr/training_log_ppl:0.10623405873775482 - rollout_corr/kl:0.0012688088463619351 - rollout_corr/k3_kl:0.0004969594883732498 - rollout_corr/rollout_ppl:1.1400399208068848 - rollout_corr/rollout_log_ppl:0.10522448271512985 - rollout_corr/log_ppl_diff:0.0010095785837620497 - rollout_corr/log_ppl_abs_diff:0.003294583410024643 - rollout_corr/log_ppl_diff_max:0.04176166653633118 - rollout_corr/log_ppl_diff_min:-0.02779334783554077 - rollout_corr/ppl_ratio:1.0010497570037842 - rollout_corr/chi2_token:-0.0005494356155395508 - rollout_corr/chi2_seq:-0.02207028865814209 - actor/pg_clipfrac:np.float64(0.0) - actor/ppo_kl:np.float64(0.0) - actor/pg_clipfrac_lower:np.float64(0.0) - actor/pg_loss:np.float64(-0.18713928759098053) - actor/loss:np.float64(-0.18713928759098053) - actor/grad_norm:np.float64(0.22344742715358734) - actor/lr:np.float64(1e-06) - actor/perf/max_memory_allocated_gb:np.float64(18.28457546234131) - actor/perf/max_memory_reserved_gb:np.float64(30.509765625) - actor/perf/cpu_memory_used_gb:np.float64(32.58365249633789) - perf/mfu/actor:np.float64(0.03522902825333141) - training/global_step:122 - training/epoch:0 - critic/score/mean:0.375 - critic/score/max:1.0 - critic/score/min:0.0 - critic/rewards/mean:0.375 - critic/rewards/max:1.0 - critic/rewards/min:0.0 - critic/advantages/mean:0.18713927268981934 - critic/advantages/max:1.20761239528656 - critic/advantages/min:-1.20761239528656 - critic/returns/mean:0.18713927268981934 - critic/returns/max:1.20761239528656 - critic/returns/min:-1.20761239528656 - response_length/mean:55.28125 - response_length/max:437.0 - response_length/min:4.0 - response_length/clip_ratio:0.03125 - response_length_non_aborted/mean:55.28125 - response_length_non_aborted/max:437.0 - response_length_non_aborted/min:4.0 - response_length_non_aborted/clip_ratio:0.03125 - response/aborted_ratio:0.0 - prompt_length/mean:112.25 - prompt_length/max:135.0 - prompt_length/min:95.0 - prompt_length/clip_ratio:0.25 - timing_s/gen:2.3965805240441114 - timing_s/old_log_prob:1.1184659769642167 - timing_s/adv:0.23560004302999005 - timing_s/update_actor:1.9996394109912217 - timing_s/update_weights:1.0634157549939118 - timing_s/step:7.2094159569824114 - timing_per_token_ms/adv:0.042427524406625255 - timing_per_token_ms/update_actor:0.3601007403189666 - timing_per_token_ms/gen:1.2850297716054218 - perf/total_num_tokens:5553 - perf/time_per_step:7.2094159569824114 - perf/throughput:770.2426983175868 - training/num_turns/mean:np.float64(2.0) - training/num_turns/max:np.int64(2) - training/num_turns/min:np.int64(2) - training/off_policy/trajectory_spans/mean:np.float64(1.0) - training/off_policy/trajectory_spans/max:np.float64(1.0) - training/off_policy/trajectory_spans/min:np.float64(1.0) - training/off_policy/trajectory_staleness/mean:np.float64(0.0) - training/off_policy/trajectory_staleness/max:np.float64(0.0) - training/off_policy/trajectory_staleness/min:np.float64(0.0) - training/off_policy/trajectory_staleness_worst/mean:np.float64(0.0) - training/off_policy/trajectory_staleness_worst/max:np.float64(0.0) - training/off_policy/trajectory_staleness_worst/min:np.float64(0.0)
[36m(TaskRunnerV1 pid=761016)[0m step:123 - global_seqlen/min:7761 - global_seqlen/max:7761 - global_seqlen/minmax_diff:0 - global_seqlen/balanced_min:7761 - global_seqlen/balanced_max:7761 - global_seqlen/mean:7761.0 - actor/entropy:0.7256466746330261 - training/rollout_probs_diff_valid:1 - training/rollout_probs_diff_max:0.07835346460342407 - training/rollout_probs_diff_mean:0.00553892832249403 - training/rollout_probs_diff_std:0.00932888314127922 - training/rollout_actor_probs_pearson_corr:0.9995070695877075 - rollout_corr/training_ppl:1.1990852355957031 - rollout_corr/training_log_ppl:0.13387885689735413 - rollout_corr/kl:-0.0001545334525872022 - rollout_corr/k3_kl:0.0007645200239494443 - rollout_corr/rollout_ppl:1.203036904335022 - rollout_corr/rollout_log_ppl:0.1364639848470688 - rollout_corr/log_ppl_diff:-0.00258513237349689 - rollout_corr/log_ppl_abs_diff:0.003468733513727784 - rollout_corr/log_ppl_diff_max:0.037217140197753906 - rollout_corr/log_ppl_diff_min:-0.04525625705718994 - rollout_corr/ppl_ratio:0.9974638223648071 - rollout_corr/chi2_token:0.0033740997314453125 - rollout_corr/chi2_seq:0.08138501644134521 - actor/pg_clipfrac:np.float64(0.0) - actor/ppo_kl:np.float64(0.0) - actor/pg_clipfrac_lower:np.float64(0.0) - actor/pg_loss:np.float64(0.5304535031318665) - actor/loss:np.float64(0.5304535031318665) - actor/grad_norm:np.float64(0.21104209125041962) - actor/lr:np.float64(1e-06) - actor/perf/max_memory_allocated_gb:np.float64(18.28457546234131) - actor/perf/max_memory_reserved_gb:np.float64(30.509765625) - actor/perf/cpu_memory_used_gb:np.float64(32.6055908203125) - perf/mfu/actor:np.float64(0.04153870482904884) - training/global_step:123 - training/epoch:0 - critic/score/mean:0.4375 - critic/score/max:1.0 - critic/score/min:0.0 - critic/rewards/mean:0.4375 - critic/rewards/max:1.0 - critic/rewards/min:0.0 - critic/advantages/mean:-0.5304535031318665 - critic/advantages/max:1.6201815605163574 - critic/advantages/min:-1.6201815605163574 - critic/returns/mean:-0.5304535031318665 - critic/returns/max:1.6201815605163574 - critic/returns/min:-1.6201815605163574 - response_length/mean:104.78125 - response_length/max:512.0 - response_length/min:4.0 - response_length/clip_ratio:0.03125 - response_length_non_aborted/mean:104.78125 - response_length_non_aborted/max:512.0 - response_length_non_aborted/min:4.0 - response_length_non_aborted/clip_ratio:0.03125 - response/aborted_ratio:0.0 - prompt_length/mean:131.75 - prompt_length/max:180.0 - prompt_length/min:103.0 - prompt_length/clip_ratio:0.25 - timing_s/gen:4.460428028018214 - timing_s/old_log_prob:1.2470746570033953 - timing_s/adv:0.2394211950013414 - timing_s/update_actor:2.321365495037753 - timing_s/update_weights:1.0979462920222431 - timing_s/step:9.761283200990874 - timing_per_token_ms/adv:0.030849271356956757 - timing_per_token_ms/update_actor:0.29910649336912165 - timing_per_token_ms/gen:1.293252545090813 - perf/total_num_tokens:7761 - perf/time_per_step:9.761283200990874 - perf/throughput:795.0798926940441 - training/num_turns/mean:np.float64(2.0) - training/num_turns/max:np.int64(2) - training/num_turns/min:np.int64(2) - training/off_policy/trajectory_spans/mean:np.float64(1.0) - training/off_policy/trajectory_spans/max:np.float64(1.0) - training/off_policy/trajectory_spans/min:np.float64(1.0) - training/off_policy/trajectory_staleness/mean:np.float64(0.0) - training/off_policy/trajectory_staleness/max:np.float64(0.0) - training/off_policy/trajectory_staleness/min:np.float64(0.0) - training/off_policy/trajectory_staleness_worst/mean:np.float64(0.0) - training/off_policy/trajectory_staleness_worst/max:np.float64(0.0) - training/off_policy/trajectory_staleness_worst/min:np.float64(0.0)
[36m(TaskRunnerV1 pid=761016)[0m step:124 - global_seqlen/min:5092 - global_seqlen/max:5092 - global_seqlen/minmax_diff:0 - global_seqlen/balanced_min:5092 - global_seqlen/balanced_max:5092 - global_seqlen/mean:5092.0 - actor/entropy:0.8868822455406189 - training/rollout_probs_diff_valid:1 - training/rollout_probs_diff_max:0.06227263808250427 - training/rollout_probs_diff_mean:0.0058533623814582825 - training/rollout_probs_diff_std:0.008857324719429016 - training/rollout_actor_probs_pearson_corr:0.9995521903038025 - rollout_corr/training_ppl:1.1610949039459229 - rollout_corr/training_log_ppl:0.10577498376369476 - rollout_corr/kl:-0.0004737807612400502 - rollout_corr/k3_kl:0.0006935616838745773 - rollout_corr/rollout_ppl:1.1608192920684814 - rollout_corr/rollout_log_ppl:0.10559695959091187 - rollout_corr/log_ppl_diff:0.0001780339516699314 - rollout_corr/log_ppl_abs_diff:0.0016038643661886454 - rollout_corr/log_ppl_diff_max:0.033487915992736816 - rollout_corr/log_ppl_diff_min:-0.015789881348609924 - rollout_corr/ppl_ratio:1.0001894235610962 - rollout_corr/chi2_token:0.0037384033203125 - rollout_corr/chi2_seq:0.06434977054595947 - actor/pg_clipfrac:np.float64(0.0) - actor/ppo_kl:np.float64(0.0) - actor/pg_clipfrac_lower:np.float64(0.0) - actor/pg_loss:np.float64(0.3647043704986572) - actor/loss:np.float64(0.3647043704986572) - actor/grad_norm:np.float64(0.27726495265960693) - actor/lr:np.float64(1e-06) - actor/perf/max_memory_allocated_gb:np.float64(18.28457546234131) - actor/perf/max_memory_reserved_gb:np.float64(30.509765625) - actor/perf/cpu_memory_used_gb:np.float64(32.58890151977539) - perf/mfu/actor:np.float64(0.03335467601192922) - training/global_step:124 - training/epoch:0 - critic/score/mean:0.53125 - critic/score/max:1.0 - critic/score/min:0.0 - critic/rewards/mean:0.53125 - critic/rewards/max:1.0 - critic/rewards/min:0.0 - critic/advantages/mean:-0.3647043704986572 - critic/advantages/max:0.7245674133300781 - critic/advantages/min:-1.6201815605163574 - critic/returns/mean:-0.3647043704986572 - critic/returns/max:0.7245674133300781 - critic/returns/min:-1.6201815605163574 - response_length/mean:58.625 - response_length/max:307.0 - response_length/min:4.0 - response_length/clip_ratio:0.03125 - response_length_non_aborted/mean:58.625 - response_length_non_aborted/max:307.0 - response_length_non_aborted/min:4.0 - response_length_non_aborted/clip_ratio:0.03125 - response/aborted_ratio:0.0 - prompt_length/mean:94.5 - prompt_length/max:119.0 - prompt_length/min:83.0 - prompt_length/clip_ratio:0.25 - timing_s/gen:2.4143284190213308 - timing_s/old_log_prob:1.0960703989840113 - timing_s/adv:0.2441119669820182 - timing_s/update_actor:1.9520916520268656 - timing_s/update_weights:1.0042657279991545 - timing_s/step:7.100022421043832 - timing_per_token_ms/adv:0.04794029202317718 - timing_per_token_ms/update_actor:0.3833644249856374 - timing_per_token_ms/gen:1.2243044721203502 - perf/total_num_tokens:5092 - perf/time_per_step:7.100022421043832 - perf/throughput:717.1808338108577 - training/num_turns/mean:np.float64(2.0) - training/num_turns/max:np.int64(2) - training/num_turns/min:np.int64(2) - training/off_policy/trajectory_spans/mean:np.float64(1.0) - training/off_policy/trajectory_spans/max:np.float64(1.0) - training/off_policy/trajectory_spans/min:np.float64(1.0) - training/off_policy/trajectory_staleness/mean:np.float64(0.0) - training/off_policy/trajectory_staleness/max:np.float64(0.0) - training/off_policy/trajectory_staleness/min:np.float64(0.0) - training/off_policy/trajectory_staleness_worst/mean:np.float64(0.0) - training/off_policy/trajectory_staleness_worst/max:np.float64(0.0) - training/off_policy/trajectory_staleness_worst/min:np.float64(0.0)[36m(TaskRunnerV1 pid=761016)[0m INFO:2026-07-05 01:56:27,480:Saving checkpoint to /data2/hjk/checkpoints/verl_qwen3vl/mathverse_text_qwen25_1p5b_grpo_answer_a0_clean_rerun512_seed42/global_step_125
[36m(WorkerDict pid=762273)[0m INFO:2026-07-05 01:56:36,789:[Rank 0] Saved model to /data2/hjk/checkpoints/verl_qwen3vl/mathverse_text_qwen25_1p5b_grpo_answer_a0_clean_rerun512_seed42/global_step_125/actor/model_world_size_1_rank_0.pt
[36m(WorkerDict pid=762273)[0m INFO:2026-07-05 01:56:36,907:[Rank 0] Saved optim to /data2/hjk/checkpoints/verl_qwen3vl/mathverse_text_qwen25_1p5b_grpo_answer_a0_clean_rerun512_seed42/global_step_125/actor/optim_world_size_1_rank_0.pt
[36m(WorkerDict pid=762273)[0m INFO:2026-07-05 01:56:36,907:[Rank 0] Saved extra_state to /data2/hjk/checkpoints/verl_qwen3vl/mathverse_text_qwen25_1p5b_grpo_answer_a0_clean_rerun512_seed42/global_step_125/actor/extra_state_world_size_1_rank_0.pt
[36m(WorkerDict pid=762273)[0m INFO:2026-07-05 01:56:37,057:[Rank 0] Saved model config and tokenizer class to /data2/hjk/checkpoints/verl_qwen3vl/mathverse_text_qwen25_1p5b_grpo_answer_a0_clean_rerun512_seed42/global_step_125/actor/huggingface
[36m(WorkerDict pid=762273)[0m INFO:2026-07-05 01:56:37,057:[Rank 0] Saved LoRA rank/alpha metadata to /data2/hjk/checkpoints/verl_qwen3vl/mathverse_text_qwen25_1p5b_grpo_answer_a0_clean_rerun512_seed42/global_step_125/actor/lora_train_meta.json
[36m(WorkerDict pid=762273)[0m INFO:2026-07-05 01:56:38,048:update_weights done, time cost: 0.46s
[36m(TaskRunnerV1 pid=761016)[0m Training Progress: 100%|██████████| 125/125 [19:43<00:00, 13.27s/it]Training Progress: 100%|██████████| 125/125 [19:43<00:00,  9.47s/it]

[36m(TaskRunnerV1 pid=761016)[0m Dumped generations to /data2/hjk/projects/AI-HiddenState-ER/rl_audit/mathverse_text_qwen25_1p5b_grpo_answer_a0_clean_rerun512_seed42/validation_generations/125.jsonl
[36m(TaskRunnerV1 pid=761016)[0m step:125 - global_seqlen/min:8492 - global_seqlen/max:8492 - global_seqlen/minmax_diff:0 - global_seqlen/balanced_min:8492 - global_seqlen/balanced_max:8492 - global_seqlen/mean:8492.0 - actor/entropy:0.6654629707336426 - training/rollout_probs_diff_valid:1 - training/rollout_probs_diff_max:0.0834188461303711 - training/rollout_probs_diff_mean:0.004364119842648506 - training/rollout_probs_diff_std:0.008054222911596298 - training/rollout_actor_probs_pearson_corr:0.999643087387085 - rollout_corr/training_ppl:1.2106292247772217 - rollout_corr/training_log_ppl:0.1260732263326645 - rollout_corr/kl:0.000778079149313271 - rollout_corr/k3_kl:0.0005690557300113142 - rollout_corr/rollout_ppl:1.2107758522033691 - rollout_corr/rollout_log_ppl:0.12631282210350037 - rollout_corr/log_ppl_diff:-0.000239598099142313 - rollout_corr/log_ppl_abs_diff:0.0014255886198952794 - rollout_corr/log_ppl_diff_max:0.015631139278411865 - rollout_corr/log_ppl_diff_min:-0.03479349613189697 - rollout_corr/ppl_ratio:0.9997704029083252 - rollout_corr/chi2_token:0.0007278919219970703 - rollout_corr/chi2_seq:-0.016358613967895508 - actor/pg_clipfrac:np.float64(0.0) - actor/ppo_kl:np.float64(0.0) - actor/pg_clipfrac_lower:np.float64(0.0) - actor/pg_loss:np.float64(0.380119264125824) - actor/loss:np.float64(0.380119264125824) - actor/grad_norm:np.float64(0.1876325011253357) - actor/lr:np.float64(1e-06) - actor/perf/max_memory_allocated_gb:np.float64(18.28457546234131) - actor/perf/max_memory_reserved_gb:np.float64(30.509765625) - actor/perf/cpu_memory_used_gb:np.float64(32.6208610534668) - perf/mfu/actor:np.float64(0.041133848457554086) - val-aux/MathVerseTextA0Clean/reward/mean@1:np.float64(0.4296875) - val-core/MathVerseTextA0Clean/acc/mean@1:np.float64(0.4296875) - val-aux/num_turns/min:np.int64(2) - val-aux/num_turns/max:np.int64(2) - val-aux/num_turns/mean:np.float64(2.0) - training/global_step:125 - training/epoch:0 - critic/score/mean:0.53125 - critic/score/max:1.0 - critic/score/min:0.0 - critic/rewards/mean:0.53125 - critic/rewards/max:1.0 - critic/rewards/min:0.0 - critic/advantages/mean:-0.3801192343235016 - critic/advantages/max:1.6201815605163574 - critic/advantages/min:-2.4748666286468506 - critic/returns/mean:-0.3801192343235016 - critic/returns/max:1.6201815605163574 - critic/returns/min:-2.4748666286468506 - response_length/mean:138.375 - response_length/max:512.0 - response_length/min:4.0 - response_length/clip_ratio:0.0625 - response_length_non_aborted/mean:138.375 - response_length_non_aborted/max:512.0 - response_length_non_aborted/min:4.0 - response_length_non_aborted/clip_ratio:0.0625 - response/aborted_ratio:0.0 - prompt_length/mean:121.0 - prompt_length/max:142.0 - prompt_length/min:96.0 - prompt_length/clip_ratio:0.25 - timing_s/gen:4.425301197974477 - timing_s/old_log_prob:1.3204910579952411 - timing_s/adv:0.2349659130559303 - timing_s/update_actor:2.535076319996733 - timing_s/save_checkpoint:9.590434063982684 - timing_s/update_weights:1.2230938140419312 - timing_s/step:19.727782619011123 - timing_s/testing:4.473399094014894 - timing_per_token_ms/adv:0.027669090091371914 - timing_per_token_ms/update_actor:0.2985252378705527 - timing_per_token_ms/gen:0.97818328867694 - perf/total_num_tokens:8492 - perf/time_per_step:19.727782619011123 - perf/throughput:430.4589199911648 - training/num_turns/mean:np.float64(2.0) - training/num_turns/max:np.int64(2) - training/num_turns/min:np.int64(2) - training/off_policy/trajectory_spans/mean:np.float64(1.0) - training/off_policy/trajectory_spans/max:np.float64(1.0) - training/off_policy/trajectory_spans/min:np.float64(1.0) - training/off_policy/trajectory_staleness/mean:np.float64(0.0) - training/off_policy/trajectory_staleness/max:np.float64(0.0) - training/off_policy/trajectory_staleness/min:np.float64(0.0) - training/off_policy/trajectory_staleness_worst/mean:np.float64(0.0) - training/off_policy/trajectory_staleness_worst/max:np.float64(0.0) - training/off_policy/trajectory_staleness_worst/min:np.float64(0.0)
[36m(TaskRunnerV1 pid=761016)[0m ("Final validation metrics: {'val-aux/MathVerseTextA0Clean/reward/mean@1': "
[36m(TaskRunnerV1 pid=761016)[0m  "np.float64(0.4296875), 'val-core/MathVerseTextA0Clean/acc/mean@1': "
[36m(TaskRunnerV1 pid=761016)[0m  "np.float64(0.4296875), 'val-aux/num_turns/min': np.int64(2), "
[36m(TaskRunnerV1 pid=761016)[0m  "'val-aux/num_turns/max': np.int64(2), 'val-aux/num_turns/mean': "
[36m(TaskRunnerV1 pid=761016)[0m  'np.float64(2.0)}')
+ status=0
+ echo A0_CLEAN_RERUN512_EXIT_CODE=0
A0_CLEAN_RERUN512_EXIT_CODE=0
+ df -h / /data2
Filesystem      Size  Used Avail Use% Mounted on
/dev/sda3       434G   99G  313G  24% /
/dev/nvme1n1p1  7.0T  136G  6.5T   3% /data2
+ exit 0
